0,0.12000000476837158,0.27250000834465027,0.29474401482459806,2496.3173828125,1.497344732284546,2496.3173828125
1,0.00833333283662796,0.3174999952316284,0.28034065007533154,2501.19873046875,1.5237760543823242,2501.19873046875
2,0.19333332777023315,0.4749999940395355,0.3193167938655686,2493.928466796875,1.5067570209503174,2493.928466796875
3,0.19166666269302368,0.6399999856948853,0.32966800019466186,2492.18798828125,1.5129474401474,2492.18798828125
4,0.26333335041999817,0.7124999761581421,0.3746264023323205,2490.499267578125,1.4927808046340942,2490.499267578125
5,0.3400000035762787,0.9216666221618652,0.42099405461709277,2484.678955078125,1.4891102313995361,2484.678955078125
6,0.5849999785423279,1.1116666793823242,0.4198913445570728,2477.720703125,1.4806410074234009,2477.720703125
7,1.3641666173934937,1.4641666412353516,0.5256747153938764,2439.98779296875,1.4652254581451416,2439.98779296875
8,1.4233332872390747,1.7200000286102295,0.556638567387541,2434.494384765625,1.4559565782546997,2434.494384765625
9,2.2250001430511475,1.9758332967758179,0.6139507982421454,2408.189208984375,1.4858834743499756,2408.189208984375
10,3.498333215713501,2.2383334636688232,0.5613461140984,2367.623291015625,1.4516490697860718,2367.623291015625
11,4.00166654586792,2.49916672706604,0.5785724512818264,2323.806640625,1.4415603876113892,2323.806640625
12,5.982500076293945,2.679999828338623,0.6169455159300381,2286.673828125,1.4163659811019897,2286.673828125
13,7.644166946411133,3.174166679382324,0.6014952780103318,2242.7607421875,1.4148139953613281,2242.7607421875
14,9.359167098999023,3.4691665172576904,0.5996240288695328,2186.200927734375,1.4250776767730713,2186.200927734375
15,11.451666831970215,3.691666603088379,0.5672058987224629,2156.8525390625,1.4225585460662842,2156.8525390625
16,12.86583423614502,3.8508334159851074,0.5932530198224665,2143.422607421875,1.3949863910675049,2143.422607421875
17,14.483332633972168,4.194166660308838,0.5696106629064691,2111.15087890625,1.38434898853302,2111.15087890625
18,16.52166748046875,4.515833377838135,0.514896581185945,2064.490478515625,1.3904438018798828,2064.490478515625
19,20.022499084472656,4.96999979019165,0.47600829053965227,2058.767578125,1.39319908618927,2058.767578125
20,20.039167404174805,5.005833625793457,0.4470034760781724,2002.7130126953125,1.3837425708770752,2002.7130126953125
21,20.962501525878906,5.165833473205566,0.4810370830049815,2047.26953125,1.3570935726165771,2047.26953125
22,23.053333282470703,5.445833683013916,0.49858645430813503,2057.284423828125,1.3592886924743652,2057.284423828125
23,21.843334197998047,5.302499771118164,0.48628143850191724,2021.9400634765625,1.3601363897323608,2021.9400634765625
24,25.864166259765625,5.834166526794434,0.38117615232173735,2073.4375,1.3501005172729492,2073.4375
25,24.564167022705078,5.579999923706055,0.37014475735857566,2025.2147216796875,1.348912239074707,2025.2147216796875
26,28.351667404174805,6.151666641235352,0.41992496434703686,2041.23828125,1.33828604221344,2041.23828125
27,27.15333366394043,6.150000095367432,0.4105358772252602,2062.65185546875,1.3518648147583008,2062.65185546875
28,28.67916488647461,6.295000076293945,0.40696721800054014,2053.313720703125,1.3361883163452148,2053.313720703125
29,28.885000228881836,6.311666965484619,0.37843610454315624,2021.27392578125,1.3339710235595703,2021.27392578125
30,30.74249839782715,6.65500020980835,0.40628967034579466,2078.21240234375,1.3333451747894287,2078.21240234375
31,31.940832138061523,6.925833225250244,0.42630914912871876,2076.20703125,1.326162576675415,2076.20703125
32,34.98249816894531,7.436666488647461,0.3631438334937833,2071.7236328125,1.2927744388580322,2071.7236328125
33,30.217498779296875,6.650000095367432,0.3565569562026592,2033.3858642578125,1.3383245468139648,2033.3858642578125
34,31.774166107177734,6.984166622161865,0.36907060247949935,2061.476318359375,1.3306803703308105,2061.476318359375
35,36.09666442871094,7.755833148956299,0.3674620076334464,2132.588134765625,1.3146772384643555,2132.588134765625
36,32.86083221435547,7.172500133514404,0.40102869281469766,2108.28466796875,1.302283525466919,2108.28466796875
37,33.407501220703125,7.364166736602783,0.3685434515032046,2063.129638671875,1.3004322052001953,2063.129638671875
38,33.9808349609375,7.3299994468688965,0.39096759981338336,2125.98095703125,1.299952507019043,2125.98095703125
39,34.97500228881836,7.5908331871032715,0.362231481737583,2098.573486328125,1.2951849699020386,2098.573486328125
40,32.77083206176758,7.195000171661377,0.39062384327009625,2106.317138671875,1.2962768077850342,2106.317138671875
41,37.128334045410156,7.975000381469727,0.3321082019176728,2109.60986328125,1.2914525270462036,2109.60986328125
42,34.19416427612305,7.4775004386901855,0.394880945143509,2073.323974609375,1.2915878295898438,2073.323974609375
43,34.7974967956543,7.5941667556762695,0.36804166431246255,2170.011474609375,1.2822010517120361,2170.011474609375
44,33.46750259399414,7.200833320617676,0.35928588021324215,2015.06103515625,1.273605465888977,2015.06103515625
45,33.69499969482422,7.37166690826416,0.390123767760192,2052.326416015625,1.2681241035461426,2052.326416015625
46,33.141666412353516,7.0625,0.3788876391524424,2030.746337890625,1.2913885116577148,2030.746337890625
47,34.247501373291016,7.452499866485596,0.3712051855973197,2037.8228759765625,1.288733720779419,2037.8228759765625
48,34.57416534423828,7.727499961853027,0.3733519931740558,2037.0325927734375,1.2701929807662964,2037.0325927734375
49,34.28583526611328,7.485000133514404,0.34853900067152566,2080.522216796875,1.2680875062942505,2080.522216796875
50,33.962501525878906,7.466666221618652,0.3677912360581139,2063.8828125,1.2437188625335693,2063.8828125
51,33.41583251953125,7.454166412353516,0.38873961940392443,2144.340576171875,1.2746422290802002,2144.340576171875
52,34.40583419799805,7.607500076293945,0.38856687245240573,2106.76025390625,1.2662190198898315,2106.76025390625
53,33.51416778564453,7.554999828338623,0.4187453711359275,2049.2861328125,1.2636585235595703,2049.2861328125
54,33.68833541870117,7.422500133514404,0.35595333181913924,2104.127685546875,1.2660938501358032,2104.127685546875
55,36.46999740600586,8.000833511352539,0.35634403354390265,2114.008056640625,1.2197787761688232,2114.008056640625
56,34.25,7.694167137145996,0.38746274765455746,2080.70166015625,1.2616252899169922,2080.70166015625
57,36.50749969482422,7.925000190734863,0.36035333576121403,2119.781982421875,1.2477447986602783,2119.781982421875
58,33.0433349609375,7.4150004386901855,0.37320831835051266,2084.8115234375,1.2697088718414307,2084.8115234375
59,34.06083297729492,7.650833606719971,0.3986935674846984,2071.09765625,1.2467637062072754,2071.09765625
60,34.135833740234375,7.511666297912598,0.3606343886498551,2074.236083984375,1.2536606788635254,2074.236083984375
61,34.24833297729492,7.693333148956299,0.3661722274402249,2031.9915771484375,1.2482376098632812,2031.9915771484375
62,32.98250198364258,7.392500400543213,0.39754530740047067,2014.105712890625,1.2516334056854248,2014.105712890625
63,32.74166488647461,7.480000019073486,0.40341784135723907,2077.85302734375,1.2580060958862305,2077.85302734375
64,35.68083190917969,7.796666622161865,0.3517005108859249,2047.1796875,1.2038207054138184,2047.1796875
65,33.796669006347656,7.675833225250244,0.31557567484252946,2054.88037109375,1.2219915390014648,2054.88037109375
66,34.07416534423828,7.62333345413208,0.38625295158520684,2071.458740234375,1.1945281028747559,2071.458740234375
67,34.82666778564453,7.8458333015441895,0.39688008156355936,2050.16064453125,1.219076156616211,2050.16064453125
68,33.85499954223633,7.452499866485596,0.3746352437023721,2013.3170166015625,1.2286350727081299,2013.3170166015625
69,33.250831604003906,7.44416618347168,0.3886194497176694,2031.844970703125,1.2473889589309692,2031.844970703125
70,34.9375,7.7191667556762695,0.3974602475547182,2075.80517578125,1.2178850173950195,2075.80517578125
71,33.90916442871094,7.657500267028809,0.37920032649557356,2059.04248046875,1.2083266973495483,2059.04248046875
72,35.168331146240234,7.869999885559082,0.398430302767791,2054.6689453125,1.2322769165039062,2054.6689453125
73,33.54083251953125,7.394166946411133,0.37009928969138317,2050.310791015625,1.218382716178894,2050.310791015625
74,33.96416473388672,7.559999942779541,0.384672659709092,2055.93896484375,1.2082974910736084,2055.93896484375
75,34.029998779296875,7.676667213439941,0.36650672576340104,2043.75244140625,1.2024351358413696,2043.75244140625
76,33.84166717529297,7.600833415985107,0.37511243379475356,2051.640625,1.2088836431503296,2051.640625
77,32.34916687011719,7.290833473205566,0.3777509255544359,2025.8729248046875,1.2270708084106445,2025.8729248046875
78,30.405000686645508,6.956666946411133,0.3691914633941643,1966.8836669921875,1.210369348526001,1966.8836669921875
79,33.0341682434082,7.492499828338623,0.38504105766525365,2015.587890625,1.2170487642288208,2015.587890625
80,33.369998931884766,7.573333263397217,0.41292709012750095,2023.0958251953125,1.1675019264221191,2023.0958251953125
81,30.809167861938477,7.048333644866943,0.3995838073508772,1998.5565185546875,1.2039332389831543,1998.5565185546875
82,32.80500030517578,7.53416633605957,0.39465406512023726,2032.1793212890625,1.194321632385254,2032.1793212890625
83,31.99083137512207,7.309166431427002,0.374544313976246,2015.5792236328125,1.213332176208496,2015.5792236328125
84,29.54833221435547,6.930833339691162,0.4560416005893932,1951.2099609375,1.1833081245422363,1951.2099609375
85,32.68333435058594,7.351666450500488,0.40514130755587463,2033.2425537109375,1.2159020900726318,2033.2425537109375
86,32.16583251953125,7.494166374206543,0.4071886593963494,2028.68359375,1.1560966968536377,2028.68359375
87,32.70166778564453,7.44249963760376,0.3896698631601182,1991.387939453125,1.183039903640747,1991.387939453125
88,34.59416580200195,7.741666793823242,0.41320313417030907,2015.787353515625,1.1732643842697144,2015.787353515625
89,32.779998779296875,7.589166641235352,0.40558934497872023,1977.45166015625,1.2033545970916748,1977.45166015625
90,29.748332977294922,6.883333683013916,0.3778383679575926,1991.8470458984375,1.2037628889083862,1991.8470458984375
91,32.54500198364258,7.459166526794434,0.4006660323502396,1993.98486328125,1.176496982574463,1993.98486328125
92,33.36166763305664,7.518333435058594,0.4270165524726785,2009.0003662109375,1.1469966173171997,2009.0003662109375
93,32.25166702270508,7.500833511352539,0.4005780246148963,2050.254638671875,1.1928894519805908,2050.254638671875
94,30.543333053588867,7.161666393280029,0.4814178657495244,1950.955078125,1.206739902496338,1950.955078125
95,31.502500534057617,7.4150004386901855,0.35838569452638036,1954.14306640625,1.2005810737609863,1954.14306640625
96,28.926668167114258,6.776666641235352,0.43978838649332375,1948.0382080078125,1.1715558767318726,1948.0382080078125
97,31.896665573120117,7.31583309173584,0.41103116310922405,1974.87744140625,1.2357401847839355,1974.87744140625
98,29.936664581298828,6.896666526794434,0.38112166136891606,1984.422119140625,1.1671011447906494,1984.422119140625
99,30.95083236694336,7.215000152587891,0.37718222300354387,2013.7593994140625,1.1653367280960083,2013.7593994140625
100,31.225833892822266,7.290833473205566,0.39298351172933826,1933.486328125,1.173829436302185,1933.486328125
101,30.631668090820312,7.195000171661377,0.4008043741907381,1995.6217041015625,1.14003586769104,1995.6217041015625
102,30.448331832885742,7.132499694824219,0.4495416384288673,1932.876708984375,1.1734001636505127,1932.876708984375
103,30.963335037231445,7.2083330154418945,0.39703080989780687,1976.2998046875,1.1830825805664062,1976.2998046875
104,31.469165802001953,7.428333282470703,0.3798953321946287,1968.445556640625,1.1713662147521973,1968.445556640625
105,30.314165115356445,7.269166469573975,0.38903515426163926,1971.042724609375,1.1368024349212646,1971.042724609375
106,30.709999084472656,7.114999771118164,0.4047724541270533,1933.647216796875,1.1422232389450073,1933.647216796875
107,30.677499771118164,7.31583309173584,0.44966110622253597,1948.7015380859375,1.1473262310028076,1948.7015380859375
108,30.42583465576172,7.178333282470703,0.47078504790010844,1958.3245849609375,1.1686919927597046,1958.3245849609375
109,31.02916717529297,7.28249979019165,0.41547221050977573,1943.3970947265625,1.1462955474853516,1943.3970947265625
110,33.477500915527344,7.881666660308838,0.3997445687849564,2009.637939453125,1.1370503902435303,2009.637939453125
111,29.670833587646484,7.103333473205566,0.4395881143235423,1937.2501220703125,1.1409375667572021,1937.2501220703125
112,31.813331604003906,7.4708333015441895,0.4335313310740262,1955.9327392578125,1.1344084739685059,1955.9327392578125
113,30.244165420532227,7.359166622161865,0.4584291813797029,1933.4468994140625,1.1276345252990723,1933.4468994140625
114,31.45833396911621,7.513333320617676,0.4656487273310891,1961.498779296875,1.1621018648147583,1961.498779296875
115,29.82666778564453,7.141666889190674,0.45768094921190283,1913.5709228515625,1.140873670578003,1913.5709228515625
116,29.30249786376953,7.043333530426025,0.46554718640498743,1889.9022216796875,1.133076548576355,1889.9022216796875
117,30.08916664123535,7.110833168029785,0.4824096741532352,1899.4801025390625,1.1542644500732422,1899.4801025390625
118,30.26833152770996,7.566666603088379,0.4773874109814879,1921.27783203125,1.1078121662139893,1921.27783203125
119,30.36083221435547,7.520833492279053,0.46098596238292977,1923.338623046875,1.101050853729248,1923.338623046875
120,31.126667022705078,7.4633331298828125,0.4069483003574924,1933.7816162109375,1.0867280960083008,1933.7816162109375
121,31.09833335876465,7.524167060852051,0.4491000316440402,1936.2337646484375,1.1205394268035889,1936.2337646484375
122,29.69500160217285,7.2941670417785645,0.45718727419864297,1936.2611083984375,1.1744937896728516,1936.2611083984375
123,28.141666412353516,6.93583345413208,0.4510945591148405,1923.81982421875,1.1314964294433594,1923.81982421875
124,28.545833587646484,7.104166507720947,0.43678325777531657,1919.2349853515625,1.135825276374817,1919.2349853515625
125,30.149168014526367,7.352499485015869,0.4328679322559124,1955.281005859375,1.1151646375656128,1955.281005859375
126,28.950834274291992,7.086666584014893,0.4625489580911229,1898.465087890625,1.1225451231002808,1898.465087890625
127,31.370834350585938,7.600833415985107,0.4558672723198005,1925.0709228515625,1.1251020431518555,1925.0709228515625
128,29.66499900817871,7.3491668701171875,0.4360954769931463,1969.3697509765625,1.148024559020996,1969.3697509765625
129,28.57750129699707,6.977499961853027,0.4616425800663924,1909.181396484375,1.138871669769287,1909.181396484375
130,31.181665420532227,7.578333377838135,0.4257923133333836,1939.4161376953125,1.1111092567443848,1939.4161376953125
131,30.554166793823242,7.516666412353516,0.44624338051694745,1959.046630859375,1.1041491031646729,1959.046630859375
132,31.04250144958496,7.731666564941406,0.4973174283408306,1887.5494384765625,1.1151870489120483,1887.5494384765625
133,30.698331832885742,7.619166374206543,0.4866206124997118,1945.7744140625,1.0893750190734863,1945.7744140625
134,32.03583526611328,8.142499923706055,0.46912139101526595,1870.698486328125,1.0908923149108887,1870.698486328125
135,30.82666778564453,7.696666717529297,0.4478889295357694,1908.756103515625,1.1010706424713135,1908.756103515625
136,29.509166717529297,7.447499752044678,0.4479527329873138,1898.1461181640625,1.070313811302185,1898.1461181640625
137,30.20166778564453,7.539166450500488,0.4492582958239721,1907.1419677734375,1.0869253873825073,1907.1419677734375
138,30.587499618530273,7.680833339691162,0.4428640084374054,1867.612060546875,1.0712203979492188,1867.612060546875
139,30.147499084472656,7.701666831970215,0.47330626370921985,1890.185302734375,1.0945020914077759,1890.185302734375
140,29.20333480834961,7.545000076293945,0.4563545140769473,1901.8629150390625,1.0961709022521973,1901.8629150390625
141,29.609167098999023,7.670000076293945,0.4688763144071168,1900.494384765625,1.0701490640640259,1900.494384765625
142,28.03499984741211,7.328333854675293,0.4480172655711588,1894.1727294921875,1.0878080129623413,1894.1727294921875
143,30.024999618530273,7.683332920074463,0.4377333817475715,1908.3236083984375,1.113700032234192,1908.3236083984375
144,29.704999923706055,7.5958333015441895,0.45827948274376823,1871.72998046875,1.0483113527297974,1871.72998046875
145,29.52916717529297,7.561666488647461,0.4602919010203126,1884.7501220703125,1.0675913095474243,1884.7501220703125
146,28.966665267944336,7.34250020980835,0.48578259012989505,1882.1627197265625,1.1210412979125977,1882.1627197265625
147,30.016666412353516,7.6616668701171875,0.5277902709319232,1806.3082275390625,1.1048619747161865,1806.3082275390625
148,30.07499885559082,7.454166412353516,0.452128512961887,1912.4403076171875,1.0652800798416138,1912.4403076171875
149,29.842498779296875,7.9175004959106445,0.4916245092256258,1825.95703125,1.0611882209777832,1825.95703125
150,30.292499542236328,7.766666889190674,0.5007902097544807,1898.49951171875,1.0487091541290283,1898.49951171875
151,30.429166793823242,7.901666164398193,0.46081633884139217,1881.50439453125,1.098450779914856,1881.50439453125
152,29.034168243408203,7.567500114440918,0.4992984841159403,1847.526611328125,1.0941410064697266,1847.526611328125
153,27.667499542236328,7.484166145324707,0.49443567889342044,1871.3387451171875,1.0679010152816772,1871.3387451171875
154,30.316665649414062,8.043333053588867,0.48818696590360944,1876.281005859375,1.0876206159591675,1876.281005859375
155,29.094165802001953,7.772500038146973,0.4516376616602773,1865.761474609375,1.058970332145691,1865.761474609375
156,30.494165420532227,7.924166202545166,0.47409322579696833,1866.403564453125,1.09108567237854,1866.403564453125
157,30.210834503173828,8.004166603088379,0.4921131432943419,1829.409423828125,1.0485388040542603,1829.409423828125
158,29.531665802001953,7.9375,0.48812210727084027,1827.1456298828125,1.1006150245666504,1827.1456298828125
159,29.487499237060547,7.810000419616699,0.4956405949827664,1840.251708984375,1.0492274761199951,1840.251708984375
160,30.919998168945312,8.065000534057617,0.46238842925358675,1867.1805419921875,0.9872269034385681,1867.1805419921875
161,28.47833251953125,7.825833320617676,0.5132749841044147,1833.7733154296875,1.0083280801773071,1833.7733154296875
162,29.219165802001953,7.9716668128967285,0.4607634192215755,1895.232666015625,1.0569151639938354,1895.232666015625
163,28.520000457763672,7.81416654586792,0.4771375161533116,1817.77587890625,1.007568597793579,1817.77587890625
164,30.689998626708984,8.248333930969238,0.4863617854963949,1895.76806640625,1.0230215787887573,1895.76806640625
165,31.025833129882812,8.268333435058594,0.4563838187303877,1860.64599609375,1.018585205078125,1860.64599609375
166,28.165000915527344,7.790832996368408,0.5039940669074102,1847.7340087890625,1.0073213577270508,1847.7340087890625
167,29.414167404174805,8.020833015441895,0.5063302827543115,1809.53515625,1.0176949501037598,1809.53515625
168,29.81916618347168,8.098333358764648,0.49739724468259217,1836.321533203125,0.9922954440116882,1836.321533203125
169,31.630001068115234,8.604999542236328,0.5060492978866622,1869.145751953125,1.040716290473938,1869.145751953125
170,30.655834197998047,8.249166488647461,0.4599091599042042,1831.81591796875,1.0201623439788818,1831.81591796875
171,30.131668090820312,8.217499732971191,0.4947628521330041,1809.1610107421875,1.0192606449127197,1809.1610107421875
172,28.935834884643555,8.09333324432373,0.47665009814362563,1826.44921875,1.0800845623016357,1826.44921875
173,28.579166412353516,7.859166622161865,0.4806058658592649,1831.9493408203125,1.013493299484253,1831.9493408203125
174,28.546667098999023,8.138333320617676,0.453609701670693,1814.5986328125,0.9636682271957397,1814.5986328125
175,28.700000762939453,7.949166774749756,0.5037144371827125,1799.8896484375,0.9913076162338257,1799.8896484375
176,27.959999084472656,8.085833549499512,0.4856647978674179,1800.750244140625,0.9970006346702576,1800.750244140625
177,29.01333236694336,8.15999984741211,0.4942301118564061,1778.327392578125,1.0157679319381714,1778.327392578125
178,29.55499839782715,8.102499961853027,0.4731411692850748,1868.869384765625,0.9627370834350586,1868.869384765625
179,30.533334732055664,8.519999504089355,0.4423569450636376,1835.31787109375,1.0262478590011597,1835.31787109375
180,29.359167098999023,8.420833587646484,0.5200812617731739,1822.4925537109375,1.0016947984695435,1822.4925537109375
181,30.479999542236328,8.545000076293945,0.4497425509606613,1775.6744384765625,0.9845449328422546,1775.6744384765625
182,29.40916633605957,8.227499961853027,0.48764693115082786,1820.8966064453125,0.9708751440048218,1820.8966064453125
183,30.24333381652832,8.772500038146973,0.46646141102033384,1808.3076171875,1.0075958967208862,1808.3076171875
184,29.814165115356445,8.601667404174805,0.47058975760460503,1803.054443359375,0.9952341318130493,1803.054443359375
185,28.664165496826172,8.398333549499512,0.5070682562183895,1785.12353515625,0.9760857820510864,1785.12353515625
186,27.924999237060547,8.265833854675293,0.5031730517611492,1763.38427734375,0.939271092414856,1763.38427734375
187,30.478334426879883,8.84000015258789,0.49637934227298725,1795.4554443359375,1.0187797546386719,1795.4554443359375
188,28.281667709350586,8.269166946411133,0.4521386336280251,1804.7847900390625,1.0048084259033203,1804.7847900390625
189,27.915000915527344,8.271666526794434,0.4699278035135805,1786.645751953125,1.0207476615905762,1786.645751953125
190,30.606666564941406,8.954999923706055,0.47337302560258543,1749.354736328125,0.954659104347229,1749.354736328125
191,28.585832595825195,8.298333168029785,0.47883465851786056,1783.01123046875,1.02035653591156,1783.01123046875
192,27.593332290649414,8.33666706085205,0.515262980484162,1788.501220703125,0.9646376967430115,1788.501220703125
193,28.453332901000977,8.498332977294922,0.48577699980955713,1802.4317626953125,0.9150941371917725,1802.4317626953125
194,29.447498321533203,8.604999542236328,0.45765545758473053,1748.4990234375,0.9915698766708374,1748.4990234375
195,30.489168167114258,8.869166374206543,0.4605165065496062,1781.417236328125,0.9381209015846252,1781.417236328125
196,29.104167938232422,8.829166412353516,0.47070971479999146,1765.796630859375,0.917474091053009,1765.796630859375
197,29.4950008392334,8.680832862854004,0.49679196744561666,1779.9669189453125,1.0102453231811523,1779.9669189453125
198,28.90166664123535,8.838333129882812,0.5007557231318187,1761.7359619140625,0.9526888132095337,1761.7359619140625
199,29.530832290649414,8.947500228881836,0.536409392111526,1762.4222412109375,0.8780699372291565,1762.4222412109375
200,28.741666793823242,8.887500762939453,0.5262357554480585,1729.2734375,0.911742627620697,1729.2734375
201,29.81333351135254,9.125833511352539,0.540160922547444,1749.66650390625,0.9282368421554565,1749.66650390625
202,28.095001220703125,8.6225004196167,0.5234045047612024,1760.0908203125,1.0090999603271484,1760.0908203125
203,30.51166534423828,9.384166717529297,0.49729357203339536,1742.3814697265625,0.9548137187957764,1742.3814697265625
204,29.188331604003906,8.93083381652832,0.5197325160126315,1720.4962158203125,0.8795362710952759,1720.4962158203125
205,28.14583396911621,8.887500762939453,0.5528715384292453,1767.36767578125,0.9301474094390869,1767.36767578125
206,29.614999771118164,9.316666603088379,0.5168837775132635,1738.4500732421875,0.9167430996894836,1738.4500732421875
207,27.728334426879883,8.640832901000977,0.5138959169226651,1746.9117431640625,0.9784525632858276,1746.9117431640625
208,27.352500915527344,8.634166717529297,0.5319905142110068,1751.5634765625,0.9476357698440552,1751.5634765625
209,27.350000381469727,8.90000057220459,0.5497976783450728,1709.167724609375,0.9260337352752686,1709.167724609375
210,28.314998626708984,9.1875,0.5455199268025889,1712.940673828125,0.9406560659408569,1712.940673828125
211,28.30583381652832,9.191666603088379,0.5177225196819708,1741.267822265625,0.915296733379364,1741.267822265625
212,27.991666793823242,9.131667137145996,0.522979935264911,1748.3150634765625,0.9550310969352722,1748.3150634765625
213,29.02916717529297,9.03416633605957,0.5507068913196438,1734.482421875,0.9682126641273499,1734.482421875
214,28.998332977294922,9.087499618530273,0.5330141289394184,1728.9149169921875,0.9448933005332947,1728.9149169921875
215,29.454166412353516,9.279167175292969,0.5725468268495444,1736.10205078125,0.9445290565490723,1736.10205078125
216,30.825000762939453,9.696666717529297,0.5354921321435364,1756.310302734375,0.8703722953796387,1756.310302734375
217,29.594999313354492,9.512499809265137,0.568831547654627,1738.9677734375,0.8994306921958923,1738.9677734375
218,28.13250160217285,9.331666946411133,0.5484374192108123,1679.328857421875,0.9496909976005554,1679.328857421875
219,29.09166717529297,9.697500228881836,0.5436867679044995,1704.5775146484375,0.9308652877807617,1704.5775146484375
220,27.449167251586914,9.12166690826416,0.6046887650833184,1745.6357421875,0.9066493511199951,1745.6357421875
221,28.540834426879883,9.441666603088379,0.5487744392147208,1741.0985107421875,0.8909635543823242,1741.0985107421875
222,29.316667556762695,9.764166831970215,0.5658404050588932,1689.716064453125,0.8544047474861145,1689.716064453125
223,29.350000381469727,9.72249984741211,0.5172427798119386,1687.1744384765625,0.8760458827018738,1687.1744384765625
224,28.800832748413086,9.264999389648438,0.5153758701263291,1724.8084716796875,0.8959492444992065,1724.8084716796875
225,29.296667098999023,9.904999732971191,0.5545204587451278,1692.2862548828125,0.8378350734710693,1692.2862548828125
226,28.48416519165039,9.738333702087402,0.5339409780655527,1703.5230712890625,0.9255708456039429,1703.5230712890625
227,28.34666633605957,9.65250015258789,0.5636529499478352,1679.81494140625,0.8915584087371826,1679.81494140625
228,27.517499923706055,9.636666297912598,0.6297583206543069,1683.2501220703125,0.8809497952461243,1683.2501220703125
229,28.185832977294922,9.614166259765625,0.5498461178375472,1708.2349853515625,0.8641675710678101,1708.2349853515625
230,28.23416519165039,9.860833168029785,0.586037395384686,1666.087646484375,0.906901478767395,1666.087646484375
231,27.981666564941406,10.013333320617676,0.5711253448759354,1672.2760009765625,0.8709368109703064,1672.2760009765625
232,28.880001068115234,10.100000381469727,0.5937363096744493,1652.7000732421875,0.8833757042884827,1652.7000732421875
233,27.571666717529297,9.480000495910645,0.5614040521487077,1691.017578125,0.8776026964187622,1691.017578125
234,27.883333206176758,9.89916706085205,0.585559265133242,1689.5384521484375,0.8951044678688049,1689.5384521484375
235,28.393333435058594,9.936666488647461,0.6035362798101356,1654.930908203125,0.8625795841217041,1654.930908203125
236,28.80500030517578,10.257499694824219,0.5351779990907776,1645.936767578125,0.8467592000961304,1645.936767578125
237,27.809165954589844,9.833333969116211,0.5668660608669474,1681.223876953125,0.8697596788406372,1681.223876953125
238,26.809999465942383,9.875,0.5456167269492289,1672.8238525390625,0.8839570879936218,1672.8238525390625
239,27.463335037231445,10.150833129882812,0.5944670429667734,1639.3927001953125,0.8994592428207397,1639.3927001953125
240,26.760833740234375,9.779999732971191,0.5855787747859568,1666.8756103515625,0.8915150165557861,1666.8756103515625
241,26.56916618347168,9.71833324432373,0.6015603968776785,1678.42431640625,0.8668673038482666,1678.42431640625
242,27.342500686645508,10.029167175292969,0.5995307720681982,1675.3642578125,0.8551036715507507,1675.3642578125
243,27.47916603088379,9.929166793823242,0.5916747148630775,1673.240966796875,0.8783725500106812,1673.240966796875
244,26.51333236694336,10.050000190734863,0.560149618627151,1649.3470458984375,0.7837140560150146,1649.3470458984375
245,28.96500015258789,10.643333435058594,0.6223595819038479,1650.6492919921875,0.8109566569328308,1650.6492919921875
246,28.463333129882812,10.464166641235352,0.5630244717156935,1646.95654296875,0.8214866518974304,1646.95654296875
247,28.771665573120117,10.65333366394043,0.5961829057110084,1609.8658447265625,0.909213662147522,1609.8658447265625
248,28.309165954589844,10.807499885559082,0.5301085681586146,1629.9510498046875,0.7618550062179565,1629.9510498046875
249,29.153331756591797,10.80916690826416,0.5983813434630817,1680.820068359375,0.8483739495277405,1680.820068359375
250,27.070831298828125,10.85083293914795,0.5660858841012629,1604.6044921875,0.7703566551208496,1604.6044921875
251,28.0483341217041,10.745833396911621,0.6143334604679173,1626.0299072265625,0.7665455937385559,1626.0299072265625
252,26.73833465576172,10.104999542236328,0.6033199750936439,1609.55615234375,0.8861465454101562,1609.55615234375
253,26.57666778564453,10.238332748413086,0.6440507389169896,1616.54443359375,0.9577334523200989,1616.54443359375
254,26.711666107177734,10.414166450500488,0.5716166528694896,1601.343017578125,0.8613619804382324,1601.343017578125
255,26.968332290649414,10.537500381469727,0.5958704048658092,1603.8211669921875,0.7895283102989197,1603.8211669921875
256,27.895832061767578,10.642499923706055,0.6240583866106357,1622.1971435546875,0.8162988424301147,1622.1971435546875
257,26.794164657592773,10.510833740234375,0.6158234802540101,1621.524169921875,0.8699418306350708,1621.524169921875
258,26.17999839782715,10.677499771118164,0.6280704364086204,1602.0655517578125,0.8322445154190063,1602.0655517578125
259,26.911666870117188,10.873332977294922,0.5779002345259059,1638.9305419921875,0.820567786693573,1638.9305419921875
260,26.23499870300293,10.640833854675293,0.6211610856548806,1637.2550048828125,0.8249162435531616,1637.2550048828125
261,27.161666870117188,11.052499771118164,0.564999049812638,1572.6424560546875,0.7074558138847351,1572.6424560546875
262,27.112499237060547,10.921667098999023,0.5879516420711604,1629.71484375,0.8690444827079773,1629.71484375
263,27.53499984741211,11.15666675567627,0.5977981638453742,1607.117919921875,0.811317503452301,1607.117919921875
264,26.96000099182129,11.174166679382324,0.6355377788590509,1615.6666259765625,0.7732774615287781,1615.6666259765625
265,26.571666717529297,10.694167137145996,0.6265434312469932,1641.6951904296875,0.8467562794685364,1641.6951904296875
266,26.234167098999023,10.980000495910645,0.6347480300018853,1602.8065185546875,0.8089308738708496,1602.8065185546875
267,25.591665267944336,10.858333587646484,0.6701241722210876,1584.8658447265625,0.7458544969558716,1584.8658447265625
268,26.90333366394043,11.404999732971191,0.6350530761068665,1560.1575927734375,0.744300901889801,1560.1575927734375
269,27.3799991607666,11.396666526794434,0.5959564403411364,1544.7940673828125,0.7707351446151733,1544.7940673828125
270,26.91499900817871,11.089166641235352,0.599436955350938,1633.3128662109375,0.744530439376831,1633.3128662109375
271,26.762500762939453,11.439167022705078,0.621850586467009,1545.671630859375,0.7974904179573059,1545.671630859375
272,25.78499984741211,10.865833282470703,0.6302420634707984,1565.586669921875,0.7883700132369995,1565.586669921875
273,26.274999618530273,11.02416706085205,0.6289938872841312,1609.868408203125,0.7967915534973145,1609.868408203125
274,26.74333381652832,11.469999313354492,0.6054890015588636,1534.3580322265625,0.7563230395317078,1534.3580322265625
275,26.523334503173828,11.147500038146973,0.6072692264169149,1581.6934814453125,0.7801125645637512,1581.6934814453125
276,25.683334350585938,11.228333473205566,0.6419230109756777,1559.4443359375,0.7692928314208984,1559.4443359375
277,25.97833251953125,11.019166946411133,0.6849639087739915,1601.4903564453125,0.8236717581748962,1601.4903564453125
278,26.225831985473633,11.307499885559082,0.6129244526324811,1585.7744140625,0.8185960650444031,1585.7744140625
279,26.199167251586914,11.505000114440918,0.6314217040486999,1540.3885498046875,0.7859987020492554,1540.3885498046875
280,25.344165802001953,11.337499618530273,0.6911695521096661,1584.771240234375,0.7904208302497864,1584.771240234375
281,25.676668167114258,11.487500190734863,0.6770060432428235,1569.5606689453125,0.7407727837562561,1569.5606689453125
282,25.751665115356445,11.58666706085205,0.6365179177757757,1559.702392578125,0.684123158454895,1559.702392578125
283,25.384166717529297,11.608333587646484,0.6105316556847117,1528.0321044921875,0.7628886103630066,1528.0321044921875
284,25.29166603088379,11.717499732971191,0.6848989699076884,1514.606689453125,0.7167274951934814,1514.606689453125
285,25.66083335876465,11.856666564941406,0.6243702065524143,1553.038818359375,0.7947258949279785,1553.038818359375
286,26.36333465576172,12.076666831970215,0.6388072230132685,1598.45947265625,0.7528162598609924,1598.45947265625
287,24.587499618530273,11.63083267211914,0.6523786823214158,1527.4625244140625,0.7067228555679321,1527.4625244140625
288,25.544166564941406,11.947500228881836,0.6428358338697825,1506.4462890625,0.8021770715713501,1506.4462890625
289,25.22083282470703,11.610833168029785,0.6867793626011258,1582.5496826171875,0.8138055205345154,1582.5496826171875
290,26.104999542236328,11.897500038146973,0.6628629878528902,1571.62353515625,0.6885115504264832,1571.62353515625
291,25.81166648864746,11.825833320617676,0.6327727116453219,1573.8480224609375,0.7162960767745972,1573.8480224609375
292,26.392498016357422,11.994166374206543,0.6291717643813876,1503.54345703125,0.7109934687614441,1503.54345703125
293,25.289165496826172,11.75,0.6445407822991179,1567.9765625,0.7124361991882324,1567.9765625
294,26.308334350585938,12.238333702087402,0.6316048242502353,1530.172607421875,0.7442612648010254,1530.172607421875
295,24.78999900817871,11.482500076293945,0.6557261662620952,1545.515869140625,0.7608048319816589,1545.515869140625
296,25.450834274291992,12.217499732971191,0.6538732861569883,1514.4971923828125,0.8046901822090149,1514.4971923828125
297,25.071664810180664,12.005833625793457,0.6849384283316526,1508.373779296875,0.7287899851799011,1508.373779296875
298,25.338333129882812,11.898333549499512,0.6540689756227893,1527.9281005859375,0.7797549962997437,1527.9281005859375
299,24.606666564941406,11.814167022705078,0.6439258624691467,1545.37744140625,0.7656887769699097,1545.37744140625
300,25.330833435058594,12.175833702087402,0.644781463120118,1515.7445068359375,0.7003039717674255,1515.7445068359375
301,24.829999923706055,12.72249984741211,0.6227362492001871,1516.1953125,0.6886534094810486,1516.1953125
302,24.95833396911621,12.217499732971191,0.6814981924130765,1499.1617431640625,0.7383756637573242,1499.1617431640625
303,24.83333396911621,11.976666450500488,0.6690428810979413,1518.5394287109375,0.6610743403434753,1518.5394287109375
304,24.97333335876465,12.866666793823242,0.6376822974551226,1481.7222900390625,0.7472671866416931,1481.7222900390625
305,25.21416473388672,12.608332633972168,0.6389254041683576,1472.4114990234375,0.7522927522659302,1472.4114990234375
306,24.469167709350586,12.612499237060547,0.6454119421012302,1475.128173828125,0.6873794198036194,1475.128173828125
307,24.779998779296875,12.749166488647461,0.583849825097692,1457.8134765625,0.7350669503211975,1457.8134765625
308,25.080001831054688,12.954999923706055,0.6773986413095157,1480.68310546875,0.7331902980804443,1480.68310546875
309,24.27666664123535,12.444999694824219,0.6490352709906106,1469.5828857421875,0.6829177141189575,1469.5828857421875
310,24.209999084472656,12.979166030883789,0.6337985622288147,1480.0009765625,0.6610045433044434,1480.0009765625
311,23.86750030517578,12.525833129882812,0.6467980040473043,1487.603271484375,0.6873490810394287,1487.603271484375
312,24.63749885559082,12.771665573120117,0.6731971067039026,1455.033203125,0.6139786839485168,1455.033203125
313,23.796667098999023,12.611666679382324,0.6475035116514836,1501.241455078125,0.7214285135269165,1501.241455078125
314,23.85416603088379,12.669166564941406,0.6079544048683664,1466.7047119140625,0.6771997213363647,1466.7047119140625
315,22.829166412353516,12.133333206176758,0.6510143845686871,1519.589599609375,0.7054914832115173,1519.589599609375
316,23.366666793823242,12.500832557678223,0.6520707583688328,1498.9573974609375,0.7406709790229797,1498.9573974609375
317,23.404165267944336,12.643332481384277,0.6628029963102888,1488.459716796875,0.7088801860809326,1488.459716796875
318,23.481666564941406,12.929166793823242,0.6295872827184886,1460.58349609375,0.681932806968689,1460.58349609375
319,24.019166946411133,13.059165954589844,0.6204415430052808,1489.7252197265625,0.7060033679008484,1489.7252197265625
320,23.787500381469727,13.023333549499512,0.6211315728606568,1465.7904052734375,0.7161402702331543,1465.7904052734375
321,23.400833129882812,13.03083324432373,0.6667241192422826,1491.9462890625,0.6754407286643982,1491.9462890625
322,22.921667098999023,12.829166412353516,0.6529002884159877,1456.1043701171875,0.7361364960670471,1456.1043701171875
323,23.28499984741211,12.880833625793457,0.6216116755290373,1508.82763671875,0.6659813523292542,1508.82763671875
324,23.46500015258789,13.267500877380371,0.672538606908674,1435.2916259765625,0.7099403738975525,1435.2916259765625
325,23.552499771118164,13.367499351501465,0.6692356458188313,1458.8682861328125,0.7408511638641357,1458.8682861328125
326,22.455833435058594,13.223333358764648,0.6529071040300508,1474.9908447265625,0.6567301750183105,1474.9908447265625
327,23.843332290649414,13.16249942779541,0.6508609183252407,1434.5400390625,0.7083724737167358,1434.5400390625
328,22.969999313354492,13.33416748046875,0.6427908069234773,1472.738037109375,0.6580548882484436,1472.738037109375
329,23.295000076293945,13.066667556762695,0.6903219356820476,1475.1846923828125,0.6929986476898193,1475.1846923828125
330,23.171667098999023,13.625,0.6462749762087322,1450.502685546875,0.6976178884506226,1450.502685546875
331,22.609167098999023,13.362500190734863,0.6624437747095903,1443.735595703125,0.6330764293670654,1443.735595703125
332,22.639999389648438,13.156667709350586,0.6567450436636113,1477.8426513671875,0.6426427960395813,1477.8426513671875
333,23.399999618530273,13.998332977294922,0.6436502092285901,1374.7637939453125,0.6287896633148193,1374.7637939453125
334,22.706666946411133,13.45083236694336,0.687335231983579,1488.19091796875,0.6292837858200073,1488.19091796875
335,23.14583396911621,13.525833129882812,0.6413349482395214,1431.4893798828125,0.6801165342330933,1431.4893798828125
336,23.299999237060547,13.359167098999023,0.6560718686585733,1464.350830078125,0.6891955137252808,1464.350830078125
337,23.104999542236328,13.84083366394043,0.6897936917734425,1443.8206787109375,0.6190251708030701,1443.8206787109375
338,22.996667861938477,13.614167213439941,0.6695606145230877,1451.05419921875,0.6991984844207764,1451.05419921875
339,23.015832901000977,14.129166603088379,0.6173896780665953,1438.34619140625,0.6803224086761475,1438.34619140625
340,23.29666519165039,13.933333396911621,0.6759112292470747,1414.9981689453125,0.6198824644088745,1414.9981689453125
341,23.338333129882812,14.50666618347168,0.6384583239214466,1415.4063720703125,0.5997509360313416,1415.4063720703125
342,22.645832061767578,14.56583309173584,0.6458893980407875,1400.16015625,0.5943369269371033,1400.16015625
343,23.2641658782959,13.999167442321777,0.6562442455670047,1391.4261474609375,0.6103452444076538,1391.4261474609375
344,22.364166259765625,13.853333473205566,0.6865622254990645,1447.4962158203125,0.6819573044776917,1447.4962158203125
345,22.481666564941406,14.188332557678223,0.6570367105018854,1404.8331298828125,0.55478435754776,1404.8331298828125
346,22.93166732788086,14.293334007263184,0.6605927586412669,1399.2000732421875,0.613389253616333,1399.2000732421875
347,22.22833251953125,14.411666870117188,0.6534883506218296,1420.6180419921875,0.5746554136276245,1420.6180419921875
348,22.905834197998047,14.274999618530273,0.6390214853451281,1380.7462158203125,0.6303279995918274,1380.7462158203125
349,22.19333267211914,14.440000534057617,0.6450631033814207,1408.7391357421875,0.6774364709854126,1408.7391357421875
350,23.1733341217041,14.436666488647461,0.6470784645117504,1431.8138427734375,0.6287429332733154,1431.8138427734375
351,22.19416618347168,14.384166717529297,0.6379635233770728,1434.3140869140625,0.6316257119178772,1434.3140869140625
352,21.801666259765625,14.065000534057617,0.5946957405126664,1434.797119140625,0.6704334020614624,1434.797119140625
353,22.760833740234375,14.630000114440918,0.6341941765594304,1401.0948486328125,0.5639307498931885,1401.0948486328125
354,22.183332443237305,15.053333282470703,0.6321888397552773,1371.4075927734375,0.632535994052887,1371.4075927734375
355,22.357500076293945,14.911666870117188,0.6202348408227606,1393.4805908203125,0.5831518173217773,1393.4805908203125
356,22.754167556762695,15.100833892822266,0.6431061663915147,1403.6407470703125,0.6199332475662231,1403.6407470703125
357,22.504167556762695,14.884166717529297,0.633125651770283,1398.7353515625,0.5378674268722534,1398.7353515625
358,21.808334350585938,15.370834350585938,0.6553800081465387,1388.3115234375,0.5165063738822937,1388.3115234375
359,22.368331909179688,15.348333358764648,0.622136284903001,1392.7071533203125,0.5670880675315857,1392.7071533203125
360,22.149999618530273,14.990833282470703,0.6668934424326907,1430.466064453125,0.614414632320404,1430.466064453125
361,21.83916664123535,14.925000190734863,0.6125144149629709,1343.678466796875,0.5926013588905334,1343.678466796875
362,21.783334732055664,15.254166603088379,0.6068313295748852,1378.829833984375,0.696488618850708,1378.829833984375
363,21.68666648864746,15.522499084472656,0.6031640354745439,1394.310791015625,0.530767560005188,1394.310791015625
364,22.314167022705078,14.988332748413086,0.6500301189127465,1400.283447265625,0.5593190789222717,1400.283447265625
365,21.510833740234375,15.02833366394043,0.6466001156558272,1366.701171875,0.5286862254142761,1366.701171875
366,21.135000228881836,14.804999351501465,0.6425616282538456,1424.348876953125,0.6139354109764099,1424.348876953125
367,21.300832748413086,15.174166679382324,0.6441077736405669,1378.7027587890625,0.6585296988487244,1378.7027587890625
368,21.29916763305664,15.12166690826416,0.6556394482336106,1372.6002197265625,0.6476662158966064,1372.6002197265625
369,21.935834884643555,15.85083293914795,0.6349755749260626,1351.244384765625,0.6068857312202454,1351.244384765625
370,21.439998626708984,15.780000686645508,0.6294765093594922,1373.0145263671875,0.6079580187797546,1373.0145263671875
371,21.93666648864746,15.910834312438965,0.623104265500164,1347.1983642578125,0.5700714588165283,1347.1983642578125
372,21.672500610351562,15.411665916442871,0.6643132905767244,1376.0076904296875,0.6134997010231018,1376.0076904296875
373,21.81333351135254,15.559999465942383,0.6434024280283237,1402.4559326171875,0.455888569355011,1402.4559326171875
374,21.584999084472656,16.178333282470703,0.6150735452952283,1333.75341796875,0.5818207263946533,1333.75341796875
375,21.25083351135254,15.291666984558105,0.6036544634928414,1408.4776611328125,0.5584570169448853,1408.4776611328125
376,20.793333053588867,15.302499771118164,0.6481580428751743,1378.268310546875,0.4916432499885559,1378.268310546875
377,21.560832977294922,15.520000457763672,0.628015493136858,1353.507080078125,0.55455482006073,1353.507080078125
378,21.770000457763672,16.53499984741211,0.6342751707451278,1344.5621337890625,0.6155271530151367,1344.5621337890625
379,21.094999313354492,15.646666526794434,0.6163657249630907,1373.306640625,0.5432932376861572,1373.306640625
380,22.018333435058594,16.292499542236328,0.6351911619169727,1327.6217041015625,0.5851422548294067,1327.6217041015625
381,21.52833366394043,15.773333549499512,0.6879597116284644,1342.424560546875,0.5345906615257263,1342.424560546875
382,20.790000915527344,15.613333702087402,0.6509730115240607,1343.52294921875,0.5346715450286865,1343.52294921875
383,20.85333251953125,16.572498321533203,0.6167876347311052,1318.8802490234375,0.5252698659896851,1318.8802490234375
384,21.093332290649414,16.093332290649414,0.6550514918307995,1324.142333984375,0.5774231553077698,1324.142333984375
385,20.384166717529297,16.020832061767578,0.6825387797738117,1386.090576171875,0.6114227175712585,1386.090576171875
386,20.739999771118164,16.121665954589844,0.6430824269202785,1328.638671875,0.4770891070365906,1328.638671875
387,21.06333351135254,15.957500457763672,0.6735514117609922,1360.3721923828125,0.5755543112754822,1360.3721923828125
388,20.90916633605957,16.280000686645508,0.6245016623943584,1327.1270751953125,0.4962576627731323,1327.1270751953125
389,20.27750015258789,16.389999389648438,0.698614017428473,1339.333251953125,0.5324245095252991,1339.333251953125
390,21.036666870117188,16.455833435058594,0.7122134081963648,1325.7142333984375,0.5258385539054871,1325.7142333984375
391,20.5575008392334,16.31333351135254,0.6582583528886472,1314.44482421875,0.5456769466400146,1314.44482421875
392,21.08416748046875,16.696666717529297,0.638740444223813,1362.6572265625,0.5613502264022827,1362.6572265625
393,20.58500099182129,16.886667251586914,0.6430673250628695,1332.3115234375,0.523227334022522,1332.3115234375
394,20.295833587646484,16.118331909179688,0.669185706942785,1318.29345703125,0.5626484155654907,1318.29345703125
395,20.310834884643555,16.490833282470703,0.6419344265142761,1348.15380859375,0.49287647008895874,1348.15380859375
396,20.31999969482422,15.950833320617676,0.6423910883116654,1359.3905029296875,0.5037955045700073,1359.3905029296875
397,20.25083351135254,16.83333396911621,0.6412136748410875,1352.58642578125,0.4254796504974365,1352.58642578125
398,20.31333351135254,16.75749969482422,0.6321049573751434,1328.069580078125,0.4846608638763428,1328.069580078125
399,20.229999542236328,16.44499969482422,0.6427535542735867,1377.7352294921875,0.5319159030914307,1377.7352294921875
400,20.295000076293945,16.37416648864746,0.6573604436865945,1376.3529052734375,0.5279582142829895,1376.3529052734375
401,20.53416633605957,17.053333282470703,0.6583903532168893,1352.2061767578125,0.5019428133964539,1352.2061767578125
402,20.675832748413086,16.838333129882812,0.6777759668153955,1320.00146484375,0.457281231880188,1320.00146484375
403,21.03499984741211,16.316667556762695,0.658056147010101,1342.092041015625,0.47372788190841675,1342.092041015625
404,20.645832061767578,17.246665954589844,0.6670021975324314,1283.4136962890625,0.49782711267471313,1283.4136962890625
405,20.805831909179688,16.503334045410156,0.6545360657670924,1357.3365478515625,0.47396647930145264,1357.3365478515625
406,20.801666259765625,17.00666618347168,0.6616725774325335,1360.6962890625,0.6029186844825745,1360.6962890625
407,20.842500686645508,16.36750030517578,0.6715525350635254,1349.1842041015625,0.6250575184822083,1349.1842041015625
408,20.895832061767578,17.352500915527344,0.6406987285345536,1316.5938720703125,0.45476776361465454,1316.5938720703125
409,19.975000381469727,17.049165725708008,0.6347763192867824,1358.36083984375,0.5391529202461243,1358.36083984375
410,20.24916648864746,17.607500076293945,0.6754319907562523,1306.03173828125,0.44426941871643066,1306.03173828125
411,20.379165649414062,16.872499465942383,0.6757160631998798,1311.508056640625,0.5806201100349426,1311.508056640625
412,20.323333740234375,18.02083396911621,0.670920983500805,1326.9744873046875,0.43443095684051514,1326.9744873046875
413,20.52083396911621,17.1825008392334,0.6358272225612726,1314.0628662109375,0.4953051805496216,1314.0628662109375
414,20.88833236694336,18.08916664123535,0.668120802418233,1284.4443359375,0.5410019159317017,1284.4443359375
415,19.929166793823242,17.41083335876465,0.6418960979360284,1324.308837890625,0.4296708106994629,1324.308837890625
416,20.211666107177734,17.384166717529297,0.6679523769196267,1313.7926025390625,0.4841938614845276,1313.7926025390625
417,20.41666603088379,17.50749969482422,0.6856747341081189,1317.8916015625,0.541573166847229,1317.8916015625
418,20.435832977294922,17.393333435058594,0.665558396286597,1294.1488037109375,0.5362585783004761,1294.1488037109375
419,20.459165573120117,17.422500610351562,0.6749744009821224,1310.75341796875,0.4059141278266907,1310.75341796875
420,20.08416748046875,18.00083351135254,0.7001340528614498,1285.596923828125,0.4610823392868042,1285.596923828125
421,19.939167022705078,18.33333396911621,0.6355979840065099,1280.613525390625,0.539320707321167,1280.613525390625
422,20.13166618347168,17.58916664123535,0.6260647119744613,1291.6673583984375,0.4739627242088318,1291.6673583984375
423,20.54083251953125,17.520832061767578,0.6477237775080268,1330.076171875,0.46032387018203735,1330.076171875
424,20.085834503173828,17.655000686645508,0.6956487395711246,1314.5245361328125,0.43042057752609253,1314.5245361328125
425,20.459165573120117,17.43833351135254,0.6610694324802242,1310.1541748046875,0.3999638557434082,1310.1541748046875
426,20.408334732055664,17.685001373291016,0.6558819687612978,1285.8997802734375,0.5147762894630432,1285.8997802734375
427,19.925832748413086,17.77750015258789,0.6868104601690321,1301.6474609375,0.41493260860443115,1301.6474609375
428,20.068334579467773,17.685832977294922,0.6844230421302352,1275.5196533203125,0.5013940334320068,1275.5196533203125
429,20.815832138061523,17.663331985473633,0.6487552879238742,1339.8116455078125,0.44578707218170166,1339.8116455078125
430,19.810832977294922,18.17999839782715,0.6882618897651849,1290.9912109375,0.4387287497520447,1290.9912109375
431,20.204999923706055,18.018333435058594,0.6569005933048492,1354.3897705078125,0.5031117796897888,1354.3897705078125
432,19.62416648864746,18.36833381652832,0.6503724347096952,1256.41748046875,0.5316234230995178,1256.41748046875
433,19.980833053588867,18.120832443237305,0.7065499130694131,1286.5936279296875,0.3811487555503845,1286.5936279296875
434,20.09000015258789,18.177499771118164,0.669696359431393,1261.47998046875,0.4932557940483093,1261.47998046875
435,20.330833435058594,18.22749900817871,0.6849801865177105,1284.796142578125,0.41533899307250977,1284.796142578125
436,19.740833282470703,19.039165496826172,0.6894412418088809,1280.07470703125,0.3705424666404724,1280.07470703125
437,19.98666763305664,18.00749969482422,0.7083857070706859,1279.903564453125,0.5103142857551575,1279.903564453125
438,20.042499542236328,19.12583351135254,0.6528284806799199,1294.630615234375,0.4414123296737671,1294.630615234375
439,20.90916633605957,18.49416732788086,0.6601779072149976,1290.21923828125,0.45009714365005493,1290.21923828125
440,19.83916664123535,18.300832748413086,0.6735071383527053,1322.215576171875,0.4580969214439392,1322.215576171875
441,19.44333267211914,18.625,0.6581186678495304,1261.7607421875,0.510696530342102,1261.7607421875
442,19.760833740234375,18.690834045410156,0.6815977605792424,1276.3333740234375,0.4492480158805847,1276.3333740234375
443,19.807498931884766,17.72833251953125,0.6939777299465093,1281.0430908203125,0.4238930344581604,1281.0430908203125
444,19.873332977294922,18.57499885559082,0.6972652282662066,1300.2586669921875,0.42531847953796387,1300.2586669921875
445,19.79916763305664,19.531667709350586,0.6679602519923102,1270.5828857421875,0.4121272563934326,1270.5828857421875
446,19.604167938232422,18.475000381469727,0.6788646542763996,1244.7198486328125,0.41058433055877686,1244.7198486328125
447,19.881668090820312,18.86333465576172,0.7073315244719516,1282.2947998046875,0.47145044803619385,1282.2947998046875
448,19.613332748413086,18.315834045410156,0.6862728050041583,1300.8502197265625,0.47353774309158325,1300.8502197265625
449,19.50083351135254,19.452499389648438,0.6688080750816935,1264.8310546875,0.376891553401947,1264.8310546875
450,19.460832595825195,19.70833396911621,0.7190564680775908,1267.1865234375,0.38402676582336426,1267.1865234375
451,19.899168014526367,18.816665649414062,0.6719698946036331,1247.001953125,0.3928561806678772,1247.001953125
452,19.38166618347168,19.873332977294922,0.6798725839948133,1295.284912109375,0.39659667015075684,1295.284912109375
453,20.145000457763672,20.345834732055664,0.6721342717922894,1239.9056396484375,0.36905205249786377,1239.9056396484375
454,19.70749855041504,19.62416648864746,0.70823337261828,1271.1192626953125,0.39015454053878784,1271.1192626953125
455,19.648332595825195,20.164165496826172,0.6906041517976478,1245.668212890625,0.431554913520813,1245.668212890625
456,19.217500686645508,19.547500610351562,0.6834953134864681,1315.0711669921875,0.5153445601463318,1315.0711669921875
457,19.368331909179688,19.29083251953125,0.6730259973951619,1306.780517578125,0.36890625953674316,1306.780517578125
458,19.491666793823242,19.86916732788086,0.6574898681557646,1280.6044921875,0.4145110249519348,1280.6044921875
459,19.18166732788086,19.289167404174805,0.7082527983830532,1288.6781005859375,0.43305885791778564,1288.6781005859375
460,19.208332061767578,20.5625,0.636926275500257,1308.7796630859375,0.3230273127555847,1308.7796630859375
461,19.65250015258789,19.50083351135254,0.6648065458244576,1307.861572265625,0.4090649485588074,1307.861572265625
462,19.41083335876465,19.40250015258789,0.71065543413444,1304.8580322265625,0.4338977336883545,1304.8580322265625
463,19.955833435058594,19.601667404174805,0.6995582261820523,1232.6046142578125,0.4520915150642395,1232.6046142578125
464,19.458332061767578,19.989166259765625,0.6704198202497926,1265.8890380859375,0.34075671434402466,1265.8890380859375
465,20.032499313354492,19.694168090820312,0.7042490777749515,1305.08837890625,0.3108997344970703,1305.08837890625
466,19.620832443237305,20.47249984741211,0.6883227749005404,1294.0235595703125,0.3493421673774719,1294.0235595703125
467,19.610000610351562,21.239999771118164,0.6612967341391611,1248.3504638671875,0.3337246775627136,1248.3504638671875
468,19.579166412353516,19.710832595825195,0.6722141067812173,1266.5177001953125,0.4301878809928894,1266.5177001953125
469,19.906667709350586,20.07499885559082,0.704515124640464,1273.4552001953125,0.40181243419647217,1273.4552001953125
470,19.934167861938477,20.836666107177734,0.6470919371063286,1272.4158935546875,0.37343961000442505,1272.4158935546875
471,19.33916664123535,20.799165725708008,0.7371124660134685,1265.0653076171875,0.3144627809524536,1265.0653076171875
472,19.46583366394043,21.755834579467773,0.6889966303715764,1251.2022705078125,0.35320305824279785,1251.2022705078125
473,19.876667022705078,20.787500381469727,0.6692035430606578,1286.283203125,0.36653339862823486,1286.283203125
474,19.710832595825195,21.040000915527344,0.721127671923851,1246.3665771484375,0.39900362491607666,1246.3665771484375
475,19.814998626708984,21.772499084472656,0.6907300187601835,1223.483154296875,0.2914659380912781,1223.483154296875
476,19.764999389648438,20.429166793823242,0.684217002377839,1256.2601318359375,0.43673062324523926,1256.2601318359375
477,19.65416717529297,21.067501068115234,0.6424732524645004,1248.779052734375,0.39155590534210205,1248.779052734375
478,19.4375,20.997501373291016,0.6795755989706469,1229.353515625,0.32765859365463257,1229.353515625
479,19.974166870117188,20.678333282470703,0.6736442357957803,1289.404052734375,0.3199999928474426,1289.404052734375
480,19.461666107177734,21.024166107177734,0.6988909301811017,1297.7825927734375,0.3809301257133484,1297.7825927734375
481,19.43083381652832,21.668333053588867,0.6753327360055176,1277.2071533203125,0.4630478024482727,1277.2071533203125
482,19.190832138061523,21.887500762939453,0.7089660361918017,1233.1739501953125,0.31642550230026245,1233.1739501953125
483,19.45166778564453,20.640832901000977,0.6688036993034007,1238.77392578125,0.3723606467247009,1238.77392578125
484,19.11083221435547,21.266666412353516,0.6597836817961045,1278.6883544921875,0.4324396252632141,1278.6883544921875
485,19.34583282470703,22.190834045410156,0.6826793674025227,1247.6260986328125,0.33195602893829346,1247.6260986328125
486,19.706666946411133,21.157499313354492,0.6989141808332642,1230.758544921875,0.4201299548149109,1230.758544921875
487,19.439167022705078,21.647499084472656,0.6796599291976225,1305.2972412109375,0.2831224203109741,1305.2972412109375
488,19.51333236694336,21.46666717529297,0.6841829284479426,1272.71875,0.3653377890586853,1272.71875
489,19.539167404174805,22.82583236694336,0.7064221089069879,1253.824951171875,0.31404995918273926,1253.824951171875
490,19.52750015258789,22.709999084472656,0.717986593662015,1282.3756103515625,0.34968870878219604,1282.3756103515625
491,19.93666648864746,22.364999771118164,0.6826486877638042,1283.924560546875,0.4245167374610901,1283.924560546875
492,18.87416648864746,22.203332901000977,0.699532934464488,1250.948486328125,0.3210684061050415,1250.948486328125
493,19.780834197998047,22.78583335876465,0.7252490512939418,1235.328369140625,0.38420426845550537,1235.328369140625
494,19.11083221435547,23.385000228881836,0.717215657618494,1253.0087890625,0.3062450885772705,1253.0087890625
495,19.268333435058594,23.184999465942383,0.6782422790498507,1260.2374267578125,0.3191421627998352,1260.2374267578125
496,19.482500076293945,22.491666793823242,0.6868762285446408,1262.5706787109375,0.4282795786857605,1262.5706787109375
497,19.104999542236328,23.19416618347168,0.7065734076566176,1261.0784912109375,0.3117867112159729,1261.0784912109375
498,19.331666946411133,24.378334045410156,0.7044747054661501,1253.3768310546875,0.2918248176574707,1253.3768310546875
499,19.439167022705078,22.454999923706055,0.6823039241287192,1255.908935546875,0.35314321517944336,1255.908935546875
500,19.15250015258789,23.518333435058594,0.679251051824347,1287.007080078125,0.3012409806251526,1287.007080078125
501,19.475833892822266,23.815832138061523,0.6988314507767389,1212.578857421875,0.3612777590751648,1212.578857421875
502,19.295833587646484,22.77666664123535,0.6568083898926607,1257.3680419921875,0.4472193121910095,1257.3680419921875
503,19.407501220703125,23.8125,0.7010564500427034,1285.340087890625,0.2525343894958496,1285.340087890625
504,19.190832138061523,22.46500015258789,0.6957793878111873,1238.8955078125,0.30469977855682373,1238.8955078125
505,19.566667556762695,23.038333892822266,0.707748743114888,1279.573486328125,0.32682162523269653,1279.573486328125
506,20.10416603088379,23.019166946411133,0.6872775271742732,1330.1241455078125,0.3116632103919983,1330.1241455078125
507,19.02666664123535,24.758333206176758,0.6858831515500399,1251.7042236328125,0.30425095558166504,1251.7042236328125
508,19.579166412353516,25.094165802001953,0.6539998862697143,1236.532958984375,0.2721480131149292,1236.532958984375
509,19.81999969482422,22.773332595825195,0.706367765236801,1289.80859375,0.3452383875846863,1289.80859375
510,19.564167022705078,24.314998626708984,0.6677871938060929,1270.350341796875,0.3244074583053589,1270.350341796875
511,19.71416664123535,24.219999313354492,0.67028023435412,1255.75048828125,0.27137523889541626,1255.75048828125
512,19.729999542236328,24.440834045410156,0.6985537055683475,1270.28125,0.3596336245536804,1270.28125
513,18.887500762939453,26.371665954589844,0.6742392545556861,1249.4061279296875,0.2919318675994873,1249.4061279296875
514,19.351667404174805,25.04749870300293,0.6869355833894589,1237.8369140625,0.2868826985359192,1237.8369140625
515,19.085832595825195,25.604167938232422,0.6715596961643491,1244.0321044921875,0.31463557481765747,1244.0321044921875
516,19.72249984741211,25.447500228881836,0.6520522288640286,1253.6971435546875,0.3030327558517456,1253.6971435546875
517,19.519166946411133,25.532499313354492,0.6855288767969934,1224.895263671875,0.33109092712402344,1224.895263671875
518,19.65250015258789,26.159997940063477,0.6504237320193659,1253.6817626953125,0.27259814739227295,1253.6817626953125
519,19.32583236694336,26.265832901000977,0.7073716201233078,1243.021484375,0.23400163650512695,1243.021484375
520,19.689167022705078,25.732500076293945,0.7047166292425882,1264.18603515625,0.2317865490913391,1264.18603515625
521,19.74416732788086,25.593334197998047,0.6829099311154987,1300.5252685546875,0.31275224685668945,1300.5252685546875
522,19.570833206176758,26.241666793823242,0.6906250596815842,1264.6082763671875,0.1557755470275879,1264.6082763671875
523,19.169166564941406,28.2691650390625,0.6083379938905857,1286.869384765625,0.256786048412323,1286.869384765625
524,19.967498779296875,25.370832443237305,0.677240168697422,1240.7001953125,0.2627561688423157,1240.7001953125
525,19.54833221435547,27.586666107177734,0.7426535612565732,1261.9583740234375,0.28170329332351685,1261.9583740234375
526,19.415000915527344,27.052501678466797,0.6606410980087438,1248.734375,0.3109976649284363,1248.734375
527,19.97083282470703,27.575000762939453,0.7080538947333117,1242.2711181640625,0.300254225730896,1242.2711181640625
528,19.862499237060547,26.781665802001953,0.6786247495559578,1238.5535888671875,0.24435770511627197,1238.5535888671875
529,19.94499969482422,27.36166763305664,0.6628094858157324,1255.9229736328125,0.27131766080856323,1255.9229736328125
530,20.014999389648438,27.082500457763672,0.6868229965287275,1243.8699951171875,0.22830599546432495,1243.8699951171875
531,19.503332138061523,28.252500534057617,0.7042708786088177,1265.4261474609375,0.152876079082489,1265.4261474609375
532,19.42333221435547,29.77833366394043,0.6754602638031317,1222.2020263671875,0.28369617462158203,1222.2020263671875
533,19.9375,27.9325008392334,0.7063016112751098,1282.970703125,0.22485852241516113,1282.970703125
534,19.859167098999023,29.640832901000977,0.7040257201420078,1266.1392822265625,0.28020358085632324,1266.1392822265625
535,19.704166412353516,28.781667709350586,0.7400178975148828,1258.281005859375,0.19693398475646973,1258.281005859375
536,19.440832138061523,30.863332748413086,0.6931145153980066,1241.4068603515625,0.20430618524551392,1241.4068603515625
537,19.251667022705078,29.30666732788086,0.6691794625671447,1244.310546875,0.2739291191101074,1244.310546875
538,19.302499771118164,31.3075008392334,0.7490546065226509,1265.5958251953125,0.19169658422470093,1265.5958251953125
539,19.517499923706055,29.78583335876465,0.7112883510419264,1299.6864013671875,0.21386206150054932,1299.6864013671875
540,19.336666107177734,30.32666778564453,0.7193865481175343,1257.6556396484375,0.17064309120178223,1257.6556396484375
541,18.654165267944336,32.47416687011719,0.6745291375299676,1223.1578369140625,0.19377565383911133,1223.1578369140625
542,19.329999923706055,29.9375,0.7262901940400653,1330.345458984375,0.17043113708496094,1330.345458984375
543,19.322500228881836,32.315834045410156,0.7057842216875053,1257.500732421875,0.2198631763458252,1257.500732421875
544,19.452499389648438,31.892499923706055,0.669461335486494,1296.3787841796875,0.22460651397705078,1296.3787841796875
545,19.115833282470703,31.64166831970215,0.7161641104032953,1268.9642333984375,0.21512138843536377,1268.9642333984375
546,19.552499771118164,30.895832061767578,0.7028447878481279,1261.4493408203125,0.16012710332870483,1261.4493408203125
547,19.28333282470703,31.707500457763672,0.6665236210212648,1273.6763916015625,0.18638873100280762,1273.6763916015625
548,19.175832748413086,32.78333282470703,0.7432638641020701,1269.338134765625,0.18397223949432373,1269.338134765625
549,19.395000457763672,31.726667404174805,0.6842982080339589,1306.8509521484375,0.17089027166366577,1306.8509521484375
550,19.23750114440918,32.22999954223633,0.6934080602265871,1272.7301025390625,0.19587361812591553,1272.7301025390625
551,18.856666564941406,35.51166534423828,0.6818258929675195,1285.8570556640625,0.19045788049697876,1285.8570556640625
552,19.301666259765625,33.34000015258789,0.6839283578703786,1300.04541015625,0.19198250770568848,1300.04541015625
553,18.822500228881836,33.62083435058594,0.6800656928288946,1242.86376953125,0.1846044659614563,1242.86376953125
554,19.691667556762695,32.61166763305664,0.7223439809226512,1317.03271484375,0.15948307514190674,1317.03271484375
555,19.260831832885742,32.997501373291016,0.6878152109763298,1267.3465576171875,0.15403634309768677,1267.3465576171875
556,19.255001068115234,33.602500915527344,0.689591827402184,1271.6827392578125,0.12267506122589111,1271.6827392578125
557,18.858333587646484,35.580833435058594,0.7604183601016627,1273.6783447265625,0.19663065671920776,1273.6783447265625
558,19.622499465942383,34.393333435058594,0.7379561632655416,1280.6658935546875,0.19504940509796143,1280.6658935546875
559,19.38249969482422,33.309165954589844,0.670562191548198,1264.387451171875,0.14660853147506714,1264.387451171875
560,19.1200008392334,36.25166702270508,0.6969844719972631,1266.0870361328125,0.1386975646018982,1266.0870361328125
561,18.691665649414062,37.72083282470703,0.680891645257801,1261.429931640625,0.16315102577209473,1261.429931640625
562,19.551666259765625,36.272499084472656,0.6984366582618668,1281.102783203125,0.1643856167793274,1281.102783203125
563,18.942501068115234,38.15999984741211,0.6922588074064178,1263.92578125,0.1283089518547058,1263.92578125
564,19.295833587646484,36.3216667175293,0.7099901760564611,1320.18994140625,0.1657537817955017,1320.18994140625
565,19.43833351135254,39.17499923706055,0.7173338156729923,1346.037841796875,0.10773378610610962,1346.037841796875
566,19.741666793823242,35.817501068115234,0.7182359330164202,1300.946533203125,0.10490977764129639,1300.946533203125
567,19.350000381469727,37.0191650390625,0.6852279860590959,1298.65771484375,0.17440062761306763,1298.65771484375
568,19.324167251586914,38.044166564941406,0.6942946208027834,1280.5059814453125,0.13340502977371216,1280.5059814453125
569,19.232500076293945,37.9474983215332,0.7184444859845026,1256.593505859375,0.12936043739318848,1256.593505859375
570,19.350000381469727,36.60916519165039,0.7217602295688786,1276.876708984375,0.1349848508834839,1276.876708984375
571,19.34583282470703,38.77000045776367,0.6934709970275972,1293.96044921875,0.10295170545578003,1293.96044921875
572,19.174165725708008,38.82833480834961,0.697637751407949,1276.953369140625,0.12086933851242065,1276.953369140625
573,19.52833366394043,39.14666748046875,0.7382251515701514,1294.39892578125,0.11729460954666138,1294.39892578125
574,19.40916633605957,37.731666564941406,0.7069512025109641,1303.9644775390625,0.12698525190353394,1303.9644775390625
575,19.719999313354492,37.50333023071289,0.7164010124686866,1302.0185546875,0.1069178581237793,1302.0185546875
576,19.635833740234375,38.473331451416016,0.7075914184334358,1299.00244140625,0.1515558362007141,1299.00244140625
577,19.169166564941406,39.86333465576172,0.7114571707812469,1306.18359375,0.14264822006225586,1306.18359375
578,19.27750015258789,41.7591667175293,0.6897781353854077,1283.0880126953125,0.1039208173751831,1283.0880126953125
579,19.55666732788086,42.489166259765625,0.7375471744198174,1301.3150634765625,0.07672995328903198,1301.3150634765625
580,19.47916603088379,39.23666763305664,0.6923381559249961,1245.793212890625,0.08740377426147461,1245.793212890625
581,19.69999885559082,40.866668701171875,0.6802784971915792,1304.5662841796875,0.10629135370254517,1304.5662841796875
582,19.642499923706055,43.268333435058594,0.7648169173518113,1270.9832763671875,0.09588497877120972,1270.9832763671875
583,19.496667861938477,43.02499771118164,0.767457665151321,1319.6126708984375,0.07759344577789307,1319.6126708984375
584,19.376667022705078,44.19166564941406,0.6740075355785066,1310.968994140625,0.10403400659561157,1310.968994140625
585,19.784168243408203,42.06083297729492,0.7489670359249829,1270.0740966796875,0.07819372415542603,1270.0740966796875
586,19.78583335876465,43.128334045410156,0.7030936012437177,1279.13623046875,0.07702380418777466,1279.13623046875
587,19.587499618530273,42.352500915527344,0.7365750350880305,1266.156982421875,0.09951573610305786,1266.156982421875
588,19.65333366394043,42.70750045776367,0.7110570369970359,1295.3699951171875,0.09337234497070312,1295.3699951171875
589,19.64666748046875,45.85916519165039,0.7293240362519724,1288.8726806640625,0.07610398530960083,1288.8726806640625
590,19.488332748413086,44.97083282470703,0.7249168657271079,1284.15283203125,0.0861595869064331,1284.15283203125
591,19.635833740234375,43.313331604003906,0.7327612220784634,1312.5205078125,0.06633025407791138,1312.5205078125
592,20.112499237060547,42.87083435058594,0.6873699464952614,1297.3594970703125,0.09036332368850708,1297.3594970703125
593,19.814998626708984,45.0433349609375,0.7107399362655651,1271.718017578125,0.0564420223236084,1271.718017578125
594,20.252500534057617,43.717498779296875,0.7329439247313019,1317.2403564453125,0.07621455192565918,1317.2403564453125
595,20.084999084472656,45.36166763305664,0.760681588369596,1289.6591796875,0.08925682306289673,1289.6591796875
596,20.191665649414062,43.22416687011719,0.7273769839624522,1269.7218017578125,0.0851321816444397,1269.7218017578125
597,19.994998931884766,45.70166778564453,0.6782705442625929,1307.229736328125,0.09477287530899048,1307.229736328125
598,19.65333366394043,48.57749938964844,0.7512416594543294,1285.821044921875,0.057689011096954346,1285.821044921875
599,19.9233341217041,44.771663665771484,0.710104260632766,1271.793212890625,0.06828486919403076,1271.793212890625
600,19.952499389648438,46.122501373291016,0.7251527097215239,1290.8494873046875,0.09358155727386475,1290.8494873046875
601,20.0674991607666,45.375,0.7089671178821123,1314.4881591796875,0.06069910526275635,1314.4881591796875
602,20.024166107177734,46.57583236694336,0.7147873725895513,1284.1217041015625,0.07752788066864014,1284.1217041015625
603,19.8799991607666,47.15666961669922,0.7273969456738374,1284.833740234375,0.06042855978012085,1284.833740234375
604,19.754167556762695,46.65250015258789,0.7101064125904046,1320.0892333984375,0.051718294620513916,1320.0892333984375
605,19.97333335876465,45.39583206176758,0.7147707139950954,1307.49169921875,0.07005727291107178,1307.49169921875
606,19.72083282470703,48.27333450317383,0.7103253533574101,1319.2730712890625,0.08228182792663574,1319.2730712890625
607,19.704166412353516,47.09166717529297,0.6838507179555442,1314.0404052734375,0.05281859636306763,1314.0404052734375
608,19.454999923706055,46.65583419799805,0.6672024814382053,1290.2069091796875,0.08367151021957397,1290.2069091796875
609,19.9424991607666,46.849998474121094,0.6929193747344875,1310.7706298828125,0.06808364391326904,1310.7706298828125
610,19.39666748046875,51.166664123535156,0.6896951632130981,1284.412353515625,0.05240970849990845,1284.412353515625
611,19.944168090820312,45.38249969482422,0.7211008843117873,1311.0203857421875,0.06952953338623047,1311.0203857421875
612,19.84749984741211,46.46333312988281,0.7218878089579324,1315.26708984375,0.05801546573638916,1315.26708984375
613,19.838333129882812,45.43583297729492,0.6970296666828615,1275.8946533203125,0.042909085750579834,1275.8946533203125
614,19.45083236694336,50.290836334228516,0.6944294133542306,1290.9892578125,0.05675482749938965,1290.9892578125
615,19.6924991607666,45.80500030517578,0.6579326468155671,1276.45849609375,0.07099956274032593,1276.45849609375
616,19.74333381652832,49.27083206176758,0.7094365036759601,1252.3133544921875,0.07005506753921509,1252.3133544921875
617,19.79083251953125,47.24833297729492,0.6874983672242431,1282.15234375,0.0564994215965271,1282.15234375
618,19.955833435058594,48.724998474121094,0.7333106075784783,1302.5025634765625,0.061733365058898926,1302.5025634765625
619,19.383333206176758,50.62083435058594,0.7568993409234394,1249.8009033203125,0.054178476333618164,1249.8009033203125
620,19.644166946411133,48.106666564941406,0.7072575631579012,1282.942626953125,0.05515521764755249,1282.942626953125
621,19.782499313354492,48.18333435058594,0.7283619236603073,1298.7860107421875,0.058467745780944824,1298.7860107421875
622,19.851667404174805,50.1349983215332,0.7282453336393621,1275.12548828125,0.05714988708496094,1275.12548828125
623,20.053333282470703,47.73583221435547,0.7153049591285603,1256.9345703125,0.0528145432472229,1256.9345703125
624,19.565000534057617,51.666664123535156,0.7213150363370361,1277.3719482421875,0.043603718280792236,1277.3719482421875
625,20.13166618347168,46.77916717529297,0.7444846216293654,1272.4346923828125,0.05294996500015259,1272.4346923828125
626,20.013334274291992,49.067501068115234,0.753714679804242,1293.6097412109375,0.04968684911727905,1293.6097412109375
627,19.030000686645508,51.45499801635742,0.7324563823544226,1274.7845458984375,0.04621231555938721,1274.7845458984375
628,19.939167022705078,47.625,0.7292169012916926,1303.7203369140625,0.05289268493652344,1303.7203369140625
629,19.40416717529297,49.64083480834961,0.7309380213925744,1239.7752685546875,0.05778908729553223,1239.7752685546875
630,19.553333282470703,46.436668395996094,0.720529950902033,1278.093505859375,0.07022964954376221,1278.093505859375
631,19.482500076293945,48.82749938964844,0.7155145827900922,1296.384765625,0.05728250741958618,1296.384765625
632,19.510000228881836,49.845001220703125,0.7667078681997119,1273.5196533203125,0.03636634349822998,1273.5196533203125
633,19.70833396911621,47.74166488647461,0.7294036088643907,1309.852294921875,0.04064321517944336,1309.852294921875
634,20.032499313354492,44.614166259765625,0.7156791897098207,1280.8258056640625,0.048386335372924805,1280.8258056640625
635,19.65833282470703,46.21750259399414,0.7258037741757786,1263.177490234375,0.057495951652526855,1263.177490234375
636,19.78583335876465,46.912498474121094,0.7422253584514422,1288.380126953125,0.04428064823150635,1288.380126953125
637,19.495832443237305,46.380001068115234,0.7147062860641523,1249.9110107421875,0.05345422029495239,1249.9110107421875
638,19.89583396911621,43.866668701171875,0.6853634377357409,1263.561279296875,0.06208091974258423,1263.561279296875
639,19.126667022705078,49.813331604003906,0.7228266529207018,1265.51611328125,0.052760541439056396,1265.51611328125
640,19.524999618530273,48.72333526611328,0.6846304543512413,1257.134033203125,0.06240832805633545,1257.134033203125
641,20.068334579467773,46.622501373291016,0.7357890503786082,1277.326416015625,0.051423728466033936,1277.326416015625
642,19.748332977294922,46.69416427612305,0.7085584600055929,1220.4329833984375,0.05621671676635742,1220.4329833984375
643,19.821666717529297,43.7599983215332,0.7574545570357901,1261.59375,0.06217259168624878,1261.59375
644,19.741666793823242,46.90083312988281,0.7005170336977677,1277.2972412109375,0.044004738330841064,1277.2972412109375
645,19.375,49.77083206176758,0.719002135107112,1254.086669921875,0.046590209007263184,1254.086669921875
646,18.96000099182129,49.801666259765625,0.6903936596680817,1238.2684326171875,0.051792681217193604,1238.2684326171875
647,19.59166717529297,49.92916488647461,0.7088745091575749,1250.2869873046875,0.051970720291137695,1250.2869873046875
648,19.810832977294922,50.332496643066406,0.74660641494998,1256.18212890625,0.04295140504837036,1256.18212890625
649,19.766666412353516,47.92333221435547,0.7673251562289787,1281.4490966796875,0.04906153678894043,1281.4490966796875
650,19.49250030517578,49.10750198364258,0.7566206083982081,1253.1827392578125,0.04030078649520874,1253.1827392578125
651,19.47083282470703,49.75250244140625,0.7248805496781034,1261.6307373046875,0.04317861795425415,1261.6307373046875
652,19.565000534057617,48.71666717529297,0.7336875481729161,1288.0869140625,0.0418739914894104,1288.0869140625
653,19.1825008392334,49.57083511352539,0.6919936931038001,1244.7218017578125,0.05258828401565552,1244.7218017578125
654,19.215831756591797,45.9466667175293,0.715718686022701,1227.439208984375,0.04677474498748779,1227.439208984375
655,20.02833366394043,46.013336181640625,0.7328159939270621,1265.1268310546875,0.05189621448516846,1265.1268310546875
656,19.42416763305664,50.350833892822266,0.6729675312543685,1250.8941650390625,0.039979517459869385,1250.8941650390625
657,19.325000762939453,51.68166732788086,0.6920615677357725,1238.0120849609375,0.04046022891998291,1238.0120849609375
658,19.725833892822266,49.619998931884766,0.7323573851364351,1241.80419921875,0.04506707191467285,1241.80419921875
659,19.929166793823242,47.38249969482422,0.7101711549443256,1272.4754638671875,0.04793965816497803,1272.4754638671875
660,19.711668014526367,46.954166412353516,0.7097668075037847,1263.456787109375,0.043406128883361816,1263.456787109375
661,19.170833587646484,50.5716667175293,0.6783242709618579,1262.526123046875,0.05206197500228882,1262.526123046875
662,19.20916748046875,50.66416931152344,0.7041333029836065,1270.927978515625,0.038779497146606445,1270.927978515625
663,19.614166259765625,48.02000045776367,0.7120369001066609,1268.3504638671875,0.04123026132583618,1268.3504638671875
664,18.838333129882812,52.42583084106445,0.6351020182849898,1218.03955078125,0.05451762676239014,1218.03955078125
665,19.761667251586914,48.61166763305664,0.6972799430638594,1237.0516357421875,0.06839299201965332,1237.0516357421875
666,19.509166717529297,51.121665954589844,0.7005796621074616,1252.506103515625,0.03523147106170654,1252.506103515625
667,19.27666664123535,53.850833892822266,0.687368089733915,1274.245361328125,0.04042261838912964,1274.245361328125
668,19.881668090820312,47.464168548583984,0.7093506429287652,1244.40625,0.049538493156433105,1244.40625
669,19.643333435058594,47.68583297729492,0.6938843531626767,1241.3226318359375,0.04099464416503906,1241.3226318359375
670,19.68666648864746,51.1441650390625,0.7035370897269934,1247.166259765625,0.04125481843948364,1247.166259765625
671,19.65416717529297,48.11000061035156,0.6933727016009944,1221.4102783203125,0.042685627937316895,1221.4102783203125
672,19.75749969482422,47.57083511352539,0.7235667332524169,1271.2176513671875,0.04186439514160156,1271.2176513671875
673,19.684167861938477,53.151668548583984,0.697362433244397,1233.8245849609375,0.043756842613220215,1233.8245849609375
674,20.373334884643555,47.760833740234375,0.6960868479711,1250.3184814453125,0.040164053440093994,1250.3184814453125
675,19.81166648864746,50.13666915893555,0.7233921171890454,1275.232421875,0.0357818603515625,1275.232421875
676,20.143333435058594,47.2400016784668,0.7097686906844587,1275.374267578125,0.042617857456207275,1275.374267578125
677,19.647499084472656,52.5433349609375,0.7081150556339983,1265.45068359375,0.034762442111968994,1265.45068359375
678,19.577499389648438,54.42416763305664,0.7095167682685357,1216.6654052734375,0.04951918125152588,1216.6654052734375
679,19.70749855041504,51.285831451416016,0.6949258925632475,1261.55517578125,0.03276187181472778,1261.55517578125
680,19.542499542236328,48.76166534423828,0.6952586501879248,1219.3016357421875,0.0575408935546875,1219.3016357421875
681,19.981666564941406,48.169166564941406,0.7132367449570108,1268.3546142578125,0.037962257862091064,1268.3546142578125
682,19.226667404174805,49.544166564941406,0.7281750668460234,1227.54345703125,0.038427889347076416,1227.54345703125
683,19.801668167114258,49.59749984741211,0.6711380390538189,1234.24609375,0.04447907209396362,1234.24609375
684,19.411666870117188,49.06416702270508,0.7400460305016014,1247.0625,0.03587174415588379,1247.0625
685,20.23833465576172,47.503334045410156,0.6659476046480024,1215.9454345703125,0.05874943733215332,1215.9454345703125
686,19.55666732788086,50.41166687011719,0.6938398985518934,1240.9996337890625,0.04296940565109253,1240.9996337890625
687,19.329166412353516,48.600833892822266,0.6832463001553752,1230.1632080078125,0.04058992862701416,1230.1632080078125
688,19.6733341217041,47.62333297729492,0.7006252680292937,1277.2017822265625,0.03840470314025879,1277.2017822265625
689,19.267499923706055,50.47500228881836,0.6715287603298696,1223.048828125,0.05302095413208008,1223.048828125
690,19.629167556762695,46.628334045410156,0.7278705718748073,1248.099853515625,0.0441058874130249,1248.099853515625
691,19.565832138061523,44.5533332824707,0.7283966591754605,1247.4134521484375,0.04936033487319946,1247.4134521484375
692,19.523332595825195,49.967498779296875,0.7036584206544791,1204.01123046875,0.039598822593688965,1204.01123046875
693,19.547500610351562,52.48249816894531,0.6621950061279575,1205.1661376953125,0.04703545570373535,1205.1661376953125
694,19.419166564941406,52.91416549682617,0.7150585415449916,1234.7838134765625,0.036284685134887695,1234.7838134765625
695,19.61916732788086,48.34333419799805,0.7329138693744285,1225.9027099609375,0.04011404514312744,1225.9027099609375
696,19.479999542236328,52.59416580200195,0.6955437437238556,1225.876708984375,0.04836893081665039,1225.876708984375
697,19.775833129882812,51.18916702270508,0.7098743583269496,1264.635986328125,0.050220489501953125,1264.635986328125
698,19.669166564941406,51.52833557128906,0.7301311948593615,1223.92529296875,0.05768477916717529,1223.92529296875
699,19.66583251953125,49.38333511352539,0.6818843367306241,1233.8565673828125,0.03733950853347778,1233.8565673828125
700,19.175832748413086,56.279998779296875,0.6987878334322215,1221.283203125,0.04737597703933716,1221.283203125
701,19.412500381469727,50.125003814697266,0.7210118660615181,1216.0767822265625,0.04587411880493164,1216.0767822265625
702,19.557498931884766,47.88083267211914,0.7260328527281564,1206.619384765625,0.05190455913543701,1206.619384765625
703,19.647499084472656,48.057498931884766,0.7353945910398927,1227.4234619140625,0.04929959774017334,1227.4234619140625
704,19.46416664123535,50.709999084472656,0.7123082947405166,1228.544677734375,0.04549342393875122,1228.544677734375
705,19.418333053588867,50.022499084472656,0.7178344451531147,1214.07470703125,0.03810393810272217,1214.07470703125
706,19.748332977294922,47.595001220703125,0.704558427653708,1220.9573974609375,0.052335262298583984,1220.9573974609375
707,19.509166717529297,50.5091667175293,0.7044458445601987,1246.1478271484375,0.05030173063278198,1246.1478271484375
708,19.496667861938477,48.7066650390625,0.7215369764657886,1223.7498779296875,0.04827868938446045,1223.7498779296875
709,19.577499389648438,47.435001373291016,0.7440312614069833,1253.396240234375,0.06546294689178467,1253.396240234375
710,19.983333587646484,51.25583267211914,0.6770074120532221,1246.5987548828125,0.03864103555679321,1246.5987548828125
711,19.83916664123535,49.75,0.7358485692271002,1231.4638671875,0.05637460947036743,1231.4638671875
712,19.4950008392334,51.60416793823242,0.6766238753834429,1209.94140625,0.044807493686676025,1209.94140625
713,19.61750030517578,51.723331451416016,0.7456664096245896,1222.3775634765625,0.040086567401885986,1222.3775634765625
714,19.635833740234375,51.64666748046875,0.6965520531590926,1220.7220458984375,0.054553985595703125,1220.7220458984375
715,19.68083381652832,49.64583206176758,0.6789342949441166,1230.41650390625,0.05739468336105347,1230.41650390625
716,19.782499313354492,54.41583251953125,0.6828505786738348,1215.879638671875,0.048789799213409424,1215.879638671875
717,19.125,52.02833557128906,0.6658028958867408,1204.015380859375,0.0536503791809082,1204.015380859375
718,19.696666717529297,53.75749969482422,0.6528639508626266,1210.4168701171875,0.05187106132507324,1210.4168701171875
719,19.90416717529297,51.984169006347656,0.7034100870824856,1252.6839599609375,0.04651844501495361,1252.6839599609375
720,19.54833221435547,51.75166702270508,0.699181325894273,1204.580322265625,0.047039687633514404,1204.580322265625
721,19.694168090820312,52.74333190917969,0.6808433241887096,1228.2044677734375,0.050273597240448,1228.2044677734375
722,19.614999771118164,52.4183349609375,0.6788565441510064,1210.9012451171875,0.0512087345123291,1210.9012451171875
723,19.542499542236328,52.46083068847656,0.6390281807312913,1199.96826171875,0.052371442317962646,1199.96826171875
724,19.83916664123535,52.82583236694336,0.6862762273905518,1213.689453125,0.05698114633560181,1213.689453125
725,19.678333282470703,50.934165954589844,0.6637884600124597,1206.2552490234375,0.05031019449234009,1206.2552490234375
726,20.010833740234375,51.09749984741211,0.7118984666076817,1214.2396240234375,0.05386608839035034,1214.2396240234375
727,19.66083335876465,50.91583251953125,0.6946477522094471,1221.4136962890625,0.04783964157104492,1221.4136962890625
728,19.866666793823242,52.894168853759766,0.6961604152603547,1229.6318359375,0.05849587917327881,1229.6318359375
729,19.656667709350586,50.829166412353516,0.670443328807522,1179.933349609375,0.04829972982406616,1179.933349609375
730,19.251667022705078,51.4275016784668,0.661901541498152,1191.8839111328125,0.057240843772888184,1191.8839111328125
731,19.795000076293945,47.739166259765625,0.6946772097805783,1197.4361572265625,0.0645095705986023,1197.4361572265625
732,19.81833267211914,50.20750045776367,0.7177680788215421,1203.5478515625,0.04961884021759033,1203.5478515625
733,19.77166748046875,48.940834045410156,0.6828607983366688,1233.4405517578125,0.04721784591674805,1233.4405517578125
734,19.945833206176758,47.73749923706055,0.7243034120421967,1208.1085205078125,0.04598432779312134,1208.1085205078125
735,20.024999618530273,48.07833480834961,0.6951127457663997,1242.3099365234375,0.04658585786819458,1242.3099365234375
736,19.426666259765625,51.399166107177734,0.678376032571846,1194.8424072265625,0.05080920457839966,1194.8424072265625
737,19.330833435058594,53.42749786376953,0.6738592480055905,1178.8988037109375,0.056309640407562256,1178.8988037109375
738,19.12583351135254,54.81083297729492,0.6747497896981942,1190.805908203125,0.048462510108947754,1190.805908203125
739,19.641666412353516,53.34333038330078,0.689146889204864,1218.934814453125,0.05149531364440918,1218.934814453125
740,19.733333587646484,49.28916549682617,0.7048930346372675,1247.3280029296875,0.05638730525970459,1247.3280029296875
741,19.79916763305664,47.24833297729492,0.707511046355904,1222.7901611328125,0.049289166927337646,1222.7901611328125
742,19.76249885559082,47.358333587646484,0.7278795278809406,1200.0616455078125,0.07411503791809082,1200.0616455078125
743,19.80666732788086,49.962501525878906,0.6297787286782286,1201.2052001953125,0.04512679576873779,1201.2052001953125
744,19.575000762939453,49.15083312988281,0.6521096937021305,1220.041259765625,0.047973811626434326,1220.041259765625
745,19.047500610351562,56.84916305541992,0.6656805272307138,1179.521728515625,0.07090437412261963,1179.521728515625
746,19.42416763305664,51.18166732788086,0.6885785812302758,1198.642578125,0.05003136396408081,1198.642578125
747,19.230833053588867,49.15916442871094,0.6647556494998534,1182.2325439453125,0.06333589553833008,1182.2325439453125
748,19.259166717529297,50.79916763305664,0.6963111853802408,1214.467041015625,0.04956400394439697,1214.467041015625
749,19.63916778564453,54.105003356933594,0.6956539181293577,1208.8037109375,0.04953044652938843,1208.8037109375
750,19.127500534057617,51.625,0.6758776479487545,1210.3193359375,0.051827967166900635,1210.3193359375
751,19.394166946411133,56.205833435058594,0.6835766886277291,1203.2884521484375,0.06086587905883789,1203.2884521484375
752,19.948333740234375,52.18333435058594,0.6585067794685893,1232.7183837890625,0.07667768001556396,1232.7183837890625
753,20.138334274291992,46.88916778564453,0.7243592035372416,1231.479736328125,0.04970437288284302,1231.479736328125
754,19.57666778564453,48.33000183105469,0.7122345098319715,1190.7413330078125,0.05143064260482788,1190.7413330078125
755,20.28416633605957,48.295833587646484,0.7004805536720387,1249.2239990234375,0.07812875509262085,1249.2239990234375
756,19.894166946411133,56.46083450317383,0.6905613976115051,1230.15869140625,0.05610775947570801,1230.15869140625
757,19.27916717529297,52.0533332824707,0.6917508799216483,1193.4000244140625,0.06248974800109863,1193.4000244140625
758,20.18666648864746,50.89833068847656,0.6880881394076283,1204.02734375,0.05393737554550171,1204.02734375
759,19.71666717529297,44.79666519165039,0.6739693319624025,1236.1187744140625,0.09041279554367065,1236.1187744140625
760,19.02250099182129,56.354164123535156,0.6495436114149584,1172.7603759765625,0.07118421792984009,1172.7603759765625
761,19.519166946411133,51.26499938964844,0.6567715345701053,1180.39501953125,0.0591886043548584,1180.39501953125
762,19.84833335876465,53.56833267211914,0.6698261266110701,1209.8360595703125,0.06101369857788086,1209.8360595703125
763,20.331666946411133,52.961666107177734,0.7261276843849338,1192.6094970703125,0.052861690521240234,1192.6094970703125
764,20.057498931884766,54.35333251953125,0.704541784155611,1193.326416015625,0.05048680305480957,1193.326416015625
765,19.514999389648438,52.93166732788086,0.6692356093431491,1196.200439453125,0.05546468496322632,1196.200439453125
766,19.72833251953125,54.62333679199219,0.6447534142119367,1208.8778076171875,0.06449919939041138,1208.8778076171875
767,19.77750015258789,47.24833297729492,0.651180029428236,1192.8294677734375,0.06863921880722046,1192.8294677734375
768,19.463333129882812,53.5966682434082,0.7039303835394335,1158.580322265625,0.06361931562423706,1158.580322265625
769,19.739999771118164,53.8900032043457,0.7009119736368321,1188.841552734375,0.05656856298446655,1188.841552734375
770,19.60333251953125,50.91749954223633,0.6717761521677702,1200.7586669921875,0.0687592625617981,1200.7586669921875
771,19.704166412353516,50.6824951171875,0.6673052999107733,1213.3038330078125,0.059673845767974854,1213.3038330078125
772,19.525833129882812,50.825836181640625,0.6831387488186837,1162.47265625,0.05845373868942261,1162.47265625
773,19.72249984741211,52.33333206176758,0.6802654832758317,1210.09912109375,0.059967637062072754,1210.09912109375
774,19.864168167114258,48.05833435058594,0.6629670293803007,1202.775390625,0.06289935111999512,1202.775390625
775,19.68083381652832,52.91083526611328,0.7085791513048394,1189.3990478515625,0.05821192264556885,1189.3990478515625
776,19.84583282470703,55.82416534423828,0.6921451318958638,1204.912109375,0.06453180313110352,1204.912109375
777,20.211666107177734,49.578330993652344,0.7139702338756598,1187.163330078125,0.07838809490203857,1187.163330078125
778,20.546667098999023,46.29833221435547,0.6813768064625718,1198.27001953125,0.07163441181182861,1198.27001953125
779,20.02166748046875,51.36083221435547,0.7211378418884358,1183.8804931640625,0.0621529221534729,1183.8804931640625
780,20.45833396911621,45.29750061035156,0.670208351879609,1213.0404052734375,0.06697869300842285,1213.0404052734375
781,19.662498474121094,54.6875,0.6805678532264157,1193.1494140625,0.0652814507484436,1193.1494140625
782,20.279165267944336,45.811668395996094,0.69928050282796,1189.7041015625,0.06667858362197876,1189.7041015625
783,19.823333740234375,49.03999710083008,0.6884245830961621,1167.98974609375,0.09471499919891357,1167.98974609375
784,19.748332977294922,52.29499816894531,0.6896641302196963,1157.665283203125,0.06860369443893433,1157.665283203125
785,19.682498931884766,53.13583755493164,0.699897423760956,1158.501220703125,0.06547600030899048,1158.501220703125
786,19.726667404174805,46.704166412353516,0.683019256512515,1177.02783203125,0.08289331197738647,1177.02783203125
787,20.32833480834961,45.621665954589844,0.6895631070685004,1187.4190673828125,0.0856441855430603,1187.4190673828125
788,19.600833892822266,50.994998931884766,0.713576326141664,1182.8206787109375,0.08151477575302124,1182.8206787109375
789,19.740833282470703,50.08083724975586,0.6653346976069962,1184.7391357421875,0.07161378860473633,1184.7391357421875
790,19.75083351135254,50.85166549682617,0.7340469391031624,1161.9278564453125,0.060276687145233154,1161.9278564453125
791,19.72749900817871,53.80500030517578,0.7134292117886184,1162.69677734375,0.06588661670684814,1162.69677734375
792,19.447500228881836,52.93250274658203,0.6817956559785936,1153.4166259765625,0.06573587656021118,1153.4166259765625
793,20.19499969482422,46.06416702270508,0.6990912446305717,1177.411376953125,0.09476381540298462,1177.411376953125
794,19.83916664123535,49.29249954223633,0.7107273676179244,1173.433349609375,0.057479143142700195,1173.433349609375
795,19.746667861938477,52.567501068115234,0.6692760868015648,1158.097412109375,0.06732946634292603,1158.097412109375
796,19.592498779296875,50.255001068115234,0.6508692669220001,1168.125732421875,0.0665736198425293,1168.125732421875
797,19.288331985473633,50.43000030517578,0.6897147371308171,1158.232177734375,0.06888782978057861,1158.232177734375
798,19.67416763305664,49.25250244140625,0.7020314050305442,1160.1107177734375,0.06155914068222046,1160.1107177734375
799,20.281665802001953,47.4091682434082,0.6449066185348107,1188.957763671875,0.06776374578475952,1188.957763671875
800,19.784168243408203,51.71416473388672,0.6903615012666994,1194.1046142578125,0.06046116352081299,1194.1046142578125
801,19.717498779296875,50.58583450317383,0.6680737770909476,1181.2100830078125,0.06917440891265869,1181.2100830078125
802,20.14583396911621,51.20333480834961,0.7044371638968572,1153.156494140625,0.0806458592414856,1153.156494140625
803,19.846668243408203,52.000831604003906,0.6930510991117678,1185.7518310546875,0.0802229642868042,1185.7518310546875
804,19.809999465942383,49.77916717529297,0.6622064772103757,1166.7425537109375,0.06592792272567749,1166.7425537109375
805,19.8174991607666,53.12166976928711,0.6832652562261552,1164.0833740234375,0.07251685857772827,1164.0833740234375
806,19.27666664123535,52.92166519165039,0.6685580063956116,1132.84765625,0.07936280965805054,1132.84765625
807,20.054166793823242,48.455833435058594,0.6650369474961133,1164.994873046875,0.07573902606964111,1164.994873046875
808,19.662498474121094,50.55999755859375,0.6550029987506487,1144.431884765625,0.06769239902496338,1144.431884765625
809,19.991666793823242,52.98167037963867,0.6747753370477626,1136.752197265625,0.08060580492019653,1136.752197265625
810,19.70166778564453,51.936668395996094,0.6839782943909412,1168.9208984375,0.06095612049102783,1168.9208984375
811,19.979167938232422,48.43000030517578,0.6918811022290776,1169.5081787109375,0.06891709566116333,1169.5081787109375
812,19.865833282470703,49.421669006347656,0.6859309175235946,1172.537841796875,0.07525825500488281,1172.537841796875
813,19.780834197998047,55.08416748046875,0.6480412759655454,1167.9168701171875,0.08107322454452515,1167.9168701171875
814,19.886667251586914,52.94583511352539,0.6737090371290069,1151.5589599609375,0.06902259588241577,1151.5589599609375
815,19.65833282470703,50.73833465576172,0.6251729070140085,1164.403076171875,0.08142316341400146,1164.403076171875
816,19.94999885559082,54.52250289916992,0.6482917363314072,1207.1341552734375,0.0741468071937561,1207.1341552734375
817,19.975833892822266,49.91416549682617,0.6631979093919782,1153.58154296875,0.07069921493530273,1153.58154296875
818,20.05500030517578,46.91083526611328,0.6681134278943622,1184.7373046875,0.06572550535202026,1184.7373046875
819,20.176666259765625,49.47833251953125,0.7005589667305092,1182.0921630859375,0.06879764795303345,1182.0921630859375
820,19.72833251953125,48.355831146240234,0.6739578831637557,1153.9244384765625,0.08949887752532959,1153.9244384765625
821,19.677499771118164,51.96750259399414,0.6819443404983061,1151.3626708984375,0.06844788789749146,1151.3626708984375
822,20.065000534057617,53.394168853759766,0.6958706437439064,1158.3358154296875,0.07248103618621826,1158.3358154296875
823,20.440000534057617,47.143333435058594,0.6510205825653419,1180.058349609375,0.08343172073364258,1180.058349609375
824,20.04166603088379,55.397499084472656,0.6778849187054174,1166.3060302734375,0.07601755857467651,1166.3060302734375
825,20.21583366394043,48.21833419799805,0.6868329762268689,1204.5294189453125,0.07688397169113159,1204.5294189453125
826,20.552499771118164,47.10416793823242,0.6825287908777925,1179.35791015625,0.08198606967926025,1179.35791015625
827,19.90250015258789,54.894168853759766,0.6843684329293405,1166.0562744140625,0.07546418905258179,1166.0562744140625
828,20.13166618347168,47.628334045410156,0.6457246518401651,1207.95361328125,0.09190237522125244,1207.95361328125
829,20.045833587646484,46.205833435058594,0.675264831561752,1141.8096923828125,0.09563428163528442,1141.8096923828125
830,20.212499618530273,48.833335876464844,0.6565612350549336,1201.2763671875,0.062267839908599854,1201.2763671875
831,19.560832977294922,52.26333236694336,0.6418287959202718,1128.698486328125,0.08941078186035156,1128.698486328125
832,19.56833267211914,49.43499755859375,0.6678596677302073,1173.9862060546875,0.08293318748474121,1173.9862060546875
833,19.989166259765625,47.45500183105469,0.6593445250353069,1160.7283935546875,0.07918328046798706,1160.7283935546875
834,20.18083381652832,49.994998931884766,0.65124693443344,1143.593994140625,0.06647950410842896,1143.593994140625
835,19.45916748046875,55.53916549682617,0.647368738463144,1133.4296875,0.0755765438079834,1133.4296875
836,20.115833282470703,51.16583251953125,0.6524629592914176,1141.105224609375,0.0828062891960144,1141.105224609375
837,19.96416664123535,48.5341682434082,0.6812163018011598,1121.803466796875,0.08090490102767944,1121.803466796875
838,20.147499084472656,49.21333312988281,0.6892789780305887,1153.9124755859375,0.08166950941085815,1153.9124755859375
839,20.19416618347168,50.945003509521484,0.676800668314512,1159.3521728515625,0.0830378532409668,1159.3521728515625
840,20.11333465576172,53.3841667175293,0.6641781664460104,1175.9388427734375,0.09050697088241577,1175.9388427734375
841,19.671667098999023,50.64083480834961,0.6989153720478982,1107.8177490234375,0.07947999238967896,1107.8177490234375
842,20.255834579467773,47.92166519165039,0.662627582046219,1152.4453125,0.09119343757629395,1152.4453125
843,19.929166793823242,54.72333526611328,0.6642629285315336,1156.464599609375,0.1037483811378479,1156.464599609375
844,20.5625,43.073333740234375,0.6839213840534402,1170.96337890625,0.08420711755752563,1170.96337890625
845,20.385000228881836,48.936668395996094,0.6889211505018232,1194.508056640625,0.12134122848510742,1194.508056640625
846,20.739999771118164,45.329166412353516,0.690383794419424,1195.136474609375,0.09483778476715088,1195.136474609375
847,20.71000099182129,47.163333892822266,0.6891562843904574,1214.5108642578125,0.08758175373077393,1214.5108642578125
848,20.497499465942383,48.209999084472656,0.6662862646128149,1170.3936767578125,0.07617110013961792,1170.3936767578125
849,20.395000457763672,50.790000915527344,0.6486624488663678,1149.2589111328125,0.10061043500900269,1149.2589111328125
850,20.55000114440918,50.84833526611328,0.6618693780584205,1181.8826904296875,0.10440021753311157,1181.8826904296875
851,20.61750030517578,52.13916778564453,0.6284468266600939,1163.0400390625,0.09076595306396484,1163.0400390625
852,20.65999984741211,52.272499084472656,0.6553694750801448,1138.38916015625,0.08752453327178955,1138.38916015625
853,20.327499389648438,51.36916732788086,0.611198922712185,1143.58642578125,0.09885221719741821,1143.58642578125
854,20.700000762939453,52.841670989990234,0.6680931211396905,1190.4324951171875,0.07756948471069336,1190.4324951171875
855,19.96500015258789,53.81916809082031,0.6648619798021537,1122.909423828125,0.10110741853713989,1122.909423828125
856,20.504165649414062,52.606666564941406,0.6193913916909867,1180.4156494140625,0.08479881286621094,1180.4156494140625
857,20.5625,51.099998474121094,0.657288482610969,1162.6326904296875,0.08525997400283813,1162.6326904296875
858,20.408334732055664,52.224998474121094,0.6821603503780198,1154.16455078125,0.07956469058990479,1154.16455078125
859,20.385000228881836,48.56333541870117,0.6487708835933277,1182.0247802734375,0.09974014759063721,1182.0247802734375
860,20.200834274291992,50.831668853759766,0.6434607761965723,1139.01318359375,0.07565885782241821,1139.01318359375
861,20.554166793823242,50.14332962036133,0.6505548102418878,1179.2022705078125,0.10317343473434448,1179.2022705078125
862,20.461666107177734,49.961666107177734,0.6464441002064509,1157.890869140625,0.09583419561386108,1157.890869140625
863,20.573333740234375,50.0150032043457,0.6774956478100431,1143.6510009765625,0.0793224573135376,1143.6510009765625
864,20.18666648864746,49.75083541870117,0.6771093527984846,1137.9566650390625,0.0833248496055603,1137.9566650390625
865,20.03999900817871,53.8466682434082,0.6576130225693337,1129.5638427734375,0.09549826383590698,1129.5638427734375
866,21.060832977294922,50.054996490478516,0.6640429311022735,1188.8270263671875,0.08785736560821533,1188.8270263671875
867,20.4950008392334,46.83333206176758,0.6012077577902695,1114.1826171875,0.10596275329589844,1114.1826171875
868,20.810832977294922,45.34000015258789,0.6493430339502806,1176.7733154296875,0.09087413549423218,1176.7733154296875
869,20.703332901000977,49.05416488647461,0.6779305983836936,1148.0732421875,0.09656214714050293,1148.0732421875
870,20.174165725708008,51.296669006347656,0.6760362698677146,1128.7308349609375,0.09841400384902954,1128.7308349609375
871,20.422500610351562,54.20500183105469,0.6676000457128691,1138.655029296875,0.0892033576965332,1138.655029296875
872,20.052499771118164,51.01249694824219,0.6703327636955458,1117.6497802734375,0.09231537580490112,1117.6497802734375
873,20.32833480834961,50.852500915527344,0.6312409092029958,1147.2982177734375,0.0898476243019104,1147.2982177734375
874,20.633333206176758,49.14666748046875,0.6868248614226533,1134.0753173828125,0.11031198501586914,1134.0753173828125
875,20.68166732788086,46.57749938964844,0.6631917653383428,1148.5885009765625,0.08679020404815674,1148.5885009765625
876,20.6825008392334,47.01583480834961,0.6642487396963304,1156.296875,0.0910990834236145,1156.296875
877,21.113332748413086,42.919166564941406,0.6662997218980364,1172.1458740234375,0.1275596022605896,1172.1458740234375
878,20.564167022705078,45.02916717529297,0.6328182152504485,1139.929931640625,0.10076189041137695,1139.929931640625
879,20.073333740234375,47.62916564941406,0.6533900979865941,1087.2342529296875,0.12759464979171753,1087.2342529296875
880,20.281665802001953,49.41250228881836,0.6669718161769814,1148.9197998046875,0.10972660779953003,1148.9197998046875
881,20.68666648864746,46.06666564941406,0.6908757810683184,1174.6483154296875,0.11326664686203003,1174.6483154296875
882,20.103334426879883,50.93166732788086,0.6871267225327082,1131.9300537109375,0.1200457215309143,1131.9300537109375
883,20.373334884643555,52.559165954589844,0.66881025730415,1124.6805419921875,0.11391329765319824,1124.6805419921875
884,20.840831756591797,39.39583206176758,0.6446163600742935,1137.2857666015625,0.14835107326507568,1137.2857666015625
885,20.06916618347168,49.55500030517578,0.6890827131522939,1129.27685546875,0.10941076278686523,1129.27685546875
886,20.626667022705078,53.320831298828125,0.6773057992670427,1148.614990234375,0.1032339334487915,1148.614990234375
887,20.469165802001953,48.79499816894531,0.6531887457086345,1128.344482421875,0.09688448905944824,1128.344482421875
888,19.93833351135254,48.63833236694336,0.6722046343891906,1091.8428955078125,0.09961843490600586,1091.8428955078125
889,20.155834197998047,48.279998779296875,0.6718965620120332,1094.9442138671875,0.11170798540115356,1094.9442138671875
890,20.730833053588867,47.10499954223633,0.5707559506492773,1156.75732421875,0.09981727600097656,1156.75732421875
891,20.85333251953125,47.05666732788086,0.6744855394479818,1159.59228515625,0.10058945417404175,1159.59228515625
892,20.434999465942383,55.828330993652344,0.7127147355217471,1169.568115234375,0.10478687286376953,1169.568115234375
893,20.315834045410156,50.72416687011719,0.6469876906214245,1142.9862060546875,0.10206276178359985,1142.9862060546875
894,20.65916633605957,43.497501373291016,0.6301995883966767,1168.6002197265625,0.1777394413948059,1168.6002197265625
895,20.503334045410156,47.88333511352539,0.6549039477713934,1140.2740478515625,0.12407898902893066,1140.2740478515625
896,20.895000457763672,43.61166763305664,0.6687151341564848,1173.11572265625,0.13898038864135742,1173.11572265625
897,20.12583351135254,49.7308349609375,0.6892032465954354,1115.354248046875,0.10836082696914673,1115.354248046875
898,20.372499465942383,49.45166778564453,0.643910390206692,1155.1688232421875,0.11457419395446777,1155.1688232421875
899,20.690832138061523,48.059165954589844,0.6474777118307331,1159.7220458984375,0.10796010494232178,1159.7220458984375
900,20.020000457763672,49.518333435058594,0.6833233836184118,1110.8807373046875,0.10236430168151855,1110.8807373046875
901,20.613332748413086,49.169166564941406,0.6384076702665231,1148.0406494140625,0.1156470775604248,1148.0406494140625
902,21.086666107177734,44.01166915893555,0.6897853022329488,1177.7330322265625,0.08799439668655396,1177.7330322265625
903,20.224166870117188,48.625831604003906,0.6736776714066999,1157.865966796875,0.10007721185684204,1157.865966796875
904,20.145000457763672,53.847496032714844,0.6356497031907372,1117.6053466796875,0.09860312938690186,1117.6053466796875
905,20.542499542236328,52.856666564941406,0.6754462064325184,1122.4515380859375,0.09900128841400146,1122.4515380859375
906,20.461666107177734,48.22166442871094,0.6596852238652751,1116.9893798828125,0.12270933389663696,1116.9893798828125
907,20.3558349609375,48.36249923706055,0.6751931678150295,1075.4315185546875,0.10405075550079346,1075.4315185546875
908,20.66583251953125,50.30500411987305,0.6559932923788698,1145.025390625,0.10624158382415771,1145.025390625
909,21.29083251953125,48.266666412353516,0.6938656613642662,1225.3548583984375,0.08743917942047119,1225.3548583984375
910,19.914167404174805,53.53916931152344,0.6227697209824283,1107.0225830078125,0.12171214818954468,1107.0225830078125
911,20.8700008392334,44.19249725341797,0.6700232015752788,1196.416748046875,0.11174172163009644,1196.416748046875
912,20.408334732055664,49.90999984741211,0.6407946560245222,1172.33154296875,0.09831458330154419,1172.33154296875
913,20.570833206176758,48.404998779296875,0.697192982982311,1133.383544921875,0.10101491212844849,1133.383544921875
914,20.482500076293945,54.79249954223633,0.6883681547463255,1140.2996826171875,0.10042601823806763,1140.2996826171875
915,20.637500762939453,47.420833587646484,0.6706858182183792,1138.9498291015625,0.109011709690094,1138.9498291015625
916,20.96666717529297,44.80083465576172,0.6270000613410488,1119.753173828125,0.10652530193328857,1119.753173828125
917,20.510833740234375,47.01499938964844,0.6544516739275323,1114.906494140625,0.13899028301239014,1114.906494140625
918,20.520000457763672,50.56333541870117,0.671113148950164,1112.99365234375,0.11530202627182007,1112.99365234375
919,20.426666259765625,52.32499694824219,0.6727964281692345,1136.6546630859375,0.10459792613983154,1136.6546630859375
920,20.266666412353516,50.038330078125,0.6660225174446783,1130.30712890625,0.13377803564071655,1130.30712890625
921,20.28416633605957,49.77583312988281,0.6279548350628014,1109.8062744140625,0.11201566457748413,1109.8062744140625
922,20.75583267211914,45.58250045776367,0.6221106558640217,1135.133544921875,0.11604779958724976,1135.133544921875
923,20.91666603088379,47.440834045410156,0.6685695610235998,1180.76708984375,0.14209192991256714,1180.76708984375
924,20.93666648864746,47.14249801635742,0.6728911386909399,1168.234619140625,0.12139827013015747,1168.234619140625
925,20.829999923706055,52.239166259765625,0.6399120780522263,1171.607666015625,0.10261231660842896,1171.607666015625
926,20.78416633605957,45.522499084472656,0.6716352749772556,1137.66455078125,0.1070142388343811,1137.66455078125
927,20.336666107177734,47.836666107177734,0.6714343626920241,1113.80810546875,0.11143249273300171,1113.80810546875
928,20.537500381469727,53.47666931152344,0.6749095475090697,1122.3331298828125,0.12405329942703247,1122.3331298828125
929,20.89750099182129,44.61333465576172,0.6610489044630169,1167.15380859375,0.11787497997283936,1167.15380859375
930,20.565834045410156,53.31916809082031,0.6294003289602019,1120.6201171875,0.11921316385269165,1120.6201171875
931,20.633333206176758,50.67166519165039,0.685506302421165,1138.874755859375,0.10645163059234619,1138.874755859375
932,20.460834503173828,47.49749755859375,0.6878723317214217,1126.9375,0.12503302097320557,1126.9375
933,20.35916519165039,51.317501068115234,0.6377144130452825,1089.88818359375,0.14564186334609985,1089.88818359375
934,19.950834274291992,54.17416763305664,0.6791816294236219,1058.782958984375,0.12206655740737915,1058.782958984375
935,20.79250144958496,47.48500061035156,0.6849882726730983,1136.5780029296875,0.09893739223480225,1136.5780029296875
936,20.787500381469727,47.4900016784668,0.6613404372118719,1109.9351806640625,0.10109448432922363,1109.9351806640625
937,20.907501220703125,47.092498779296875,0.6873521554510252,1124.115478515625,0.11299353837966919,1124.115478515625
938,20.752500534057617,42.461666107177734,0.6612529856026628,1096.8125,0.13674002885818481,1096.8125
939,20.697500228881836,47.415000915527344,0.6770568841615882,1117.7020263671875,0.11792457103729248,1117.7020263671875
940,20.866666793823242,51.13999938964844,0.6327498540705121,1133.3468017578125,0.10676318407058716,1133.3468017578125
941,21.099166870117188,50.125003814697266,0.6317597957498163,1115.052978515625,0.11373364925384521,1115.052978515625
942,20.546667098999023,49.496665954589844,0.6703764016119825,1141.4337158203125,0.11372113227844238,1141.4337158203125
943,20.601665496826172,50.624168395996094,0.6649340744338689,1107.7493896484375,0.1093180775642395,1107.7493896484375
944,20.840831756591797,47.0533332824707,0.6410393460694886,1098.6885986328125,0.12108051776885986,1098.6885986328125
945,20.69499969482422,51.35916519165039,0.6862271435311849,1138.59130859375,0.11960113048553467,1138.59130859375
946,20.84583282470703,48.657501220703125,0.661013896291653,1119.84326171875,0.10409277677536011,1119.84326171875
947,20.97166633605957,42.15083312988281,0.6698610571372298,1099.34814453125,0.15145248174667358,1099.34814453125
948,20.663333892822266,48.150001525878906,0.6339169021106212,1127.0277099609375,0.13105839490890503,1127.0277099609375
949,20.86750030517578,45.49583053588867,0.6622639716982981,1121.8800048828125,0.1324547529220581,1121.8800048828125
950,21.09166717529297,49.59333419799805,0.6630804123895337,1172.1961669921875,0.107837975025177,1172.1961669921875
951,20.799165725708008,53.5283317565918,0.6101517890304972,1119.2218017578125,0.11763083934783936,1119.2218017578125
952,21.41083335876465,44.600833892822266,0.6561984515018182,1156.09423828125,0.13177335262298584,1156.09423828125
953,21.170000076293945,44.79833221435547,0.6440223903703967,1140.7735595703125,0.12696301937103271,1140.7735595703125
954,21.06833267211914,50.044166564941406,0.6762422322312889,1077.5845947265625,0.10131174325942993,1077.5845947265625
955,21.648334503173828,42.06833267211914,0.6596345028494592,1131.766357421875,0.13131028413772583,1131.766357421875
956,20.635833740234375,52.70249938964844,0.650885417772817,1115.3197021484375,0.11717110872268677,1115.3197021484375
957,20.83416748046875,48.309165954589844,0.617708396381885,1067.0736083984375,0.12107139825820923,1067.0736083984375
958,20.949167251586914,45.170833587646484,0.6553545970972792,1118.2257080078125,0.12152141332626343,1118.2257080078125
959,20.733333587646484,47.900001525878906,0.6763542000973294,1079.0594482421875,0.1644243597984314,1079.0594482421875
960,21.12416648864746,46.63249969482422,0.6562117630150562,1131.1937255859375,0.11944770812988281,1131.1937255859375
961,21.392499923706055,47.098331451416016,0.6827567223720271,1123.7537841796875,0.11795216798782349,1123.7537841796875
962,20.90416717529297,47.70833206176758,0.6596390016802998,1086.739013671875,0.11810827255249023,1086.739013671875
963,20.87583351135254,44.704166412353516,0.655585908852698,1124.99755859375,0.1334208846092224,1124.99755859375
964,20.524166107177734,53.6341667175293,0.6512929151956914,1103.4366455078125,0.11239773035049438,1103.4366455078125
965,20.689167022705078,52.32499694824219,0.6584660402049832,1109.2554931640625,0.1180034875869751,1109.2554931640625
966,20.849166870117188,44.11916732788086,0.6564194670237758,1146.8475341796875,0.12503594160079956,1146.8475341796875
967,20.691665649414062,43.31083297729492,0.6624214829796155,1101.505615234375,0.12387746572494507,1101.505615234375
968,21.064167022705078,46.83333206176758,0.6549639973551247,1131.3485107421875,0.10932528972625732,1131.3485107421875
969,20.605833053588867,55.36833572387695,0.6393972207583909,1089.6224365234375,0.11003988981246948,1089.6224365234375
970,20.55583381652832,50.98917007446289,0.6668582335276356,1091.604736328125,0.11561846733093262,1091.604736328125
971,20.615833282470703,46.36750030517578,0.6654482411755698,1125.672607421875,0.1483890414237976,1125.672607421875
972,21.04083251953125,44.61916732788086,0.6772134872671618,1128.6302490234375,0.13434553146362305,1128.6302490234375
973,21.22333335876465,44.88500213623047,0.6665552206399207,1126.8819580078125,0.13872557878494263,1126.8819580078125
974,21.58916664123535,43.24583435058594,0.6719317330768521,1124.2664794921875,0.14066463708877563,1124.2664794921875
975,21.060832977294922,43.489166259765625,0.6391853909662977,1142.1094970703125,0.13195449113845825,1142.1094970703125
976,20.44416618347168,45.076663970947266,0.6382899487298417,1166.077880859375,0.14034759998321533,1166.077880859375
977,21.155832290649414,40.74666976928711,0.6394083623223044,1156.0655517578125,0.1664426326751709,1156.0655517578125
978,20.803333282470703,52.479164123535156,0.626168928081865,1131.7440185546875,0.13733893632888794,1131.7440185546875
979,20.560832977294922,50.315834045410156,0.6624199294857599,1103.8748779296875,0.11403852701187134,1103.8748779296875
980,21.125,45.20916748046875,0.6685958844373842,1150.9244384765625,0.13111978769302368,1150.9244384765625
981,21.025833129882812,41.00583267211914,0.670828578936828,1094.017578125,0.15178930759429932,1094.017578125
982,21.19333267211914,44.61666488647461,0.6811538512090444,1154.43505859375,0.15169352293014526,1154.43505859375
983,20.683332443237305,50.22166442871094,0.6596684554815774,1083.4881591796875,0.1148144006729126,1083.4881591796875
984,20.76333236694336,44.43333435058594,0.6500200957055157,1127.1453857421875,0.12871962785720825,1127.1453857421875
985,21.170833587646484,43.78666687011719,0.6342949932286147,1068.5191650390625,0.12501293420791626,1068.5191650390625
986,20.69499969482422,38.46083450317383,0.6557563773201616,1112.9730224609375,0.14139461517333984,1112.9730224609375
987,20.399166107177734,49.56083297729492,0.6750908795990109,1105.4033203125,0.12739282846450806,1105.4033203125
988,20.740833282470703,43.04499816894531,0.6278087013875231,1140.260009765625,0.1474422812461853,1140.260009765625
989,21.126667022705078,43.260833740234375,0.6436757854595139,1131.8143310546875,0.13595861196517944,1131.8143310546875
990,20.79083251953125,44.19916534423828,0.6635511523881085,1068.0068359375,0.13604146242141724,1068.0068359375
991,21.393333435058594,42.29750061035156,0.6446900935152773,1152.8031005859375,0.1114453673362732,1152.8031005859375
992,21.143333435058594,45.08333206176758,0.6374223707410391,1130.13916015625,0.1559443473815918,1130.13916015625
993,20.954166412353516,46.24333190917969,0.6804500739845389,1135.610595703125,0.108157217502594,1135.610595703125
994,20.613332748413086,42.983333587646484,0.6304454202352113,1084.803466796875,0.1468755006790161,1084.803466796875
995,20.685832977294922,48.510833740234375,0.667617353379744,1086.1727294921875,0.12356913089752197,1086.1727294921875
996,20.32833480834961,44.890830993652344,0.6201010408220844,1064.1578369140625,0.16459965705871582,1064.1578369140625
997,20.657501220703125,48.997501373291016,0.6620424466346005,1093.8211669921875,0.1570204496383667,1093.8211669921875
998,20.90999984741211,45.98833465576172,0.6766256728311223,1132.6063232421875,0.12465834617614746,1132.6063232421875
999,20.73583221435547,44.06833267211914,0.6355162479181513,1087.31689453125,0.134344220161438,1087.31689453125
1000,20.671667098999023,39.044166564941406,0.6122754387912412,1092.4393310546875,0.15265220403671265,1092.4393310546875
1001,20.788331985473633,41.33583450317383,0.6276626981881998,1106.073974609375,0.20898699760437012,1106.073974609375
1002,20.99916648864746,42.53750228881836,0.6792698650189339,1187.2860107421875,0.14356911182403564,1187.2860107421875
1003,20.362499237060547,46.048336029052734,0.6454810228912595,1053.687255859375,0.15305274724960327,1053.687255859375
1004,20.942501068115234,43.706668853759766,0.6724305850772803,1122.0479736328125,0.13206857442855835,1122.0479736328125
1005,21.005001068115234,45.44166564941406,0.6662664518648196,1135.2659912109375,0.14097684621810913,1135.2659912109375
1006,20.640832901000977,45.522499084472656,0.6811310409296443,1069.136962890625,0.12946957349777222,1069.136962890625
1007,20.55583381652832,39.32999801635742,0.6350646989885838,1121.9842529296875,0.14518249034881592,1121.9842529296875
1008,20.663333892822266,44.682498931884766,0.6450930211746788,1110.978759765625,0.13543444871902466,1110.978759765625
1009,20.636667251586914,41.836666107177734,0.6416785924275981,1115.9228515625,0.12121081352233887,1115.9228515625
1010,20.748332977294922,43.21416473388672,0.6758411888034513,1130.2257080078125,0.1057586669921875,1130.2257080078125
1011,21.20166778564453,42.56083297729492,0.6869364671834,1125.507080078125,0.11876171827316284,1125.507080078125
1012,20.801666259765625,48.13166427612305,0.6393626876523743,1103.8314208984375,0.133020281791687,1103.8314208984375
1013,20.715831756591797,44.920833587646484,0.661658378761673,1092.9739990234375,0.10813093185424805,1092.9739990234375
1014,21.20833396911621,42.975833892822266,0.6736986023088747,1139.6138916015625,0.1171836256980896,1139.6138916015625
1015,20.645000457763672,45.765830993652344,0.6691473940631218,1093.5777587890625,0.12786155939102173,1093.5777587890625
1016,20.322500228881836,50.85916519165039,0.6519230515388554,1024.8134765625,0.11594957113265991,1024.8134765625
1017,20.740833282470703,47.68583297729492,0.6524903979420003,1067.451904296875,0.1293424367904663,1067.451904296875
1018,21.092500686645508,40.36083221435547,0.6264851868310195,1084.343994140625,0.1315125823020935,1084.343994140625
1019,20.667499542236328,41.239166259765625,0.6424023379075855,1098.4332275390625,0.1324734091758728,1098.4332275390625
1020,21.119998931884766,40.293331146240234,0.6633833549577713,1142.4395751953125,0.13956397771835327,1142.4395751953125
1021,20.751667022705078,45.981666564941406,0.6594248450754832,1121.379150390625,0.13413238525390625,1121.379150390625
1022,20.04166603088379,47.65583419799805,0.6711099195961802,1074.6063232421875,0.13631808757781982,1074.6063232421875
1023,20.63166618347168,44.88166427612305,0.6711411568338753,1071.5030517578125,0.14630764722824097,1071.5030517578125
1024,21.115833282470703,43.57500076293945,0.6469627010574567,1135.9635009765625,0.1477569341659546,1135.9635009765625
1025,20.440834045410156,47.475833892822266,0.6296591469893559,1079.1466064453125,0.1190868616104126,1079.1466064453125
1026,20.5,47.57666778564453,0.6707834418947783,1097.7049560546875,0.10995364189147949,1097.7049560546875
1027,20.547500610351562,41.39249801635742,0.6326293823689199,1130.7437744140625,0.14622724056243896,1130.7437744140625
1028,20.52916717529297,42.40666580200195,0.6494827432140409,1090.6319580078125,0.16615986824035645,1090.6319580078125
1029,20.190000534057617,45.746665954589844,0.6182062704181195,1122.42041015625,0.12876278162002563,1122.42041015625
1030,20.204166412353516,43.83916473388672,0.6487851209328699,1084.53759765625,0.11837035417556763,1084.53759765625
1031,20.704999923706055,42.95750045776367,0.6633602430190895,1156.3494873046875,0.13284432888031006,1156.3494873046875
1032,20.59166717529297,43.1058349609375,0.6527446663924183,1105.38232421875,0.1306728720664978,1105.38232421875
1033,20.735000610351562,42.725833892822266,0.6346126375070702,1112.85205078125,0.1221163272857666,1112.85205078125
1034,20.67333221435547,42.75749969482422,0.6557129715267738,1125.0068359375,0.14508414268493652,1125.0068359375
1035,20.731666564941406,43.69416427612305,0.6647797116584034,1102.3988037109375,0.10222965478897095,1102.3988037109375
1036,20.440000534057617,42.56083297729492,0.6404493057903748,1107.76904296875,0.14572864770889282,1107.76904296875
1037,20.415000915527344,43.97416687011719,0.651822212206966,1104.6328125,0.14286094903945923,1104.6328125
1038,21.06166648864746,42.79166793823242,0.646062715873358,1132.08642578125,0.11977356672286987,1132.08642578125
1039,20.353334426879883,43.295833587646484,0.6665903515747927,1088.4383544921875,0.17010349035263062,1088.4383544921875
1040,20.4375,45.875831604003906,0.6437576433724482,1114.4293212890625,0.1135033369064331,1114.4293212890625
1041,20.58333396911621,42.63999938964844,0.64427251676637,1137.8614501953125,0.13301968574523926,1137.8614501953125
1042,20.838333129882812,47.55500030517578,0.648047827097002,1144.5921630859375,0.12219810485839844,1144.5921630859375
1043,20.804166793823242,41.65166473388672,0.6381132153142661,1110.2513427734375,0.10888707637786865,1110.2513427734375
1044,20.65916633605957,39.891666412353516,0.6545291977545357,1132.2523193359375,0.1331244707107544,1132.2523193359375
1045,20.933332443237305,46.0908317565918,0.6819632983022317,1131.3914794921875,0.10989612340927124,1131.3914794921875
1046,20.547500610351562,46.32666778564453,0.6643537963428521,1099.650634765625,0.11318576335906982,1099.650634765625
1047,20.24333381652832,45.27083206176758,0.6439039160963689,1031.964111328125,0.11737591028213501,1031.964111328125
1048,20.37583351135254,46.68333053588867,0.6535364106717365,1070.9002685546875,0.12604039907455444,1070.9002685546875
1049,20.754165649414062,48.34000015258789,0.6774322014020443,1104.2984619140625,0.10921216011047363,1104.2984619140625
1050,20.49250030517578,43.00166702270508,0.5980392587733928,1095.7659912109375,0.1268673539161682,1095.7659912109375
1051,20.684165954589844,44.980831146240234,0.6567579906583404,1081.2601318359375,0.11095809936523438,1081.2601318359375
1052,20.671667098999023,42.23833465576172,0.6248471629946114,1076.032470703125,0.11914253234863281,1076.032470703125
1053,21.02666664123535,45.65333557128906,0.6225083929673039,1092.0880126953125,0.1345875859260559,1092.0880126953125
1054,20.289165496826172,40.65583419799805,0.624338128204871,1133.5042724609375,0.1183924674987793,1133.5042724609375
1055,20.475833892822266,43.73583221435547,0.6046866023194728,1076.7923583984375,0.14147865772247314,1076.7923583984375
1056,20.429166793823242,43.47999954223633,0.6483699898846521,1088.4010009765625,0.13012570142745972,1088.4010009765625
1057,20.734167098999023,42.016666412353516,0.6325471528517721,1119.6400146484375,0.1057884693145752,1119.6400146484375
1058,20.821666717529297,35.791664123535156,0.6857109537684177,1112.1026611328125,0.14771288633346558,1112.1026611328125
1059,20.685001373291016,41.635833740234375,0.6510591913477854,1111.081787109375,0.12678736448287964,1111.081787109375
1060,20.356666564941406,45.5716667175293,0.6486687364309911,1101.27734375,0.12905311584472656,1101.27734375
1061,20.63083267211914,44.71500015258789,0.6504673489761879,1075.25,0.12252676486968994,1075.25
1062,20.808332443237305,46.24333190917969,0.6196549872597481,1090.0543212890625,0.1277058720588684,1090.0543212890625
1063,20.52916717529297,45.28166580200195,0.635306814450856,1091.8770751953125,0.12115693092346191,1091.8770751953125
1064,20.512500762939453,46.59250259399414,0.6504915498154379,1093.4283447265625,0.12414222955703735,1093.4283447265625
1065,20.98750114440918,43.01583480834961,0.6198045255164966,1097.0045166015625,0.1053648591041565,1097.0045166015625
1066,20.70250129699707,44.375,0.6748971238351101,1113.2020263671875,0.10621941089630127,1113.2020263671875
1067,21.030000686645508,40.711669921875,0.6441505512184335,1096.85986328125,0.11817634105682373,1096.85986328125
1068,21.140832901000977,45.100830078125,0.6340787305741216,1077.363037109375,0.11214941740036011,1077.363037109375
1069,20.79250144958496,41.92500305175781,0.6513916942635086,1076.036376953125,0.12717372179031372,1076.036376953125
1070,20.789167404174805,46.18250274658203,0.6455847853800882,1139.5008544921875,0.11841845512390137,1139.5008544921875
1071,21.108333587646484,44.246665954589844,0.6246184611247737,1069.6575927734375,0.1175125241279602,1069.6575927734375
1072,21.14583396911621,43.16416549682617,0.6424325877202847,1087.2603759765625,0.14121884107589722,1087.2603759765625
1073,20.86250114440918,44.20750045776367,0.6505296834047194,1100.6829833984375,0.10713046789169312,1100.6829833984375
1074,20.817501068115234,44.42499923706055,0.6267443700423715,1068.1011962890625,0.11539685726165771,1068.1011962890625
1075,21.27666664123535,41.727500915527344,0.6460482517112823,1117.7711181640625,0.14786779880523682,1117.7711181640625
1076,20.775833129882812,42.37083053588867,0.6554843962522341,1076.352294921875,0.12469714879989624,1076.352294921875
1077,21.036666870117188,40.81749725341797,0.6724464868300484,1137.224609375,0.15121954679489136,1137.224609375
1078,20.361665725708008,47.489166259765625,0.6683923472501165,1081.8397216796875,0.10644495487213135,1081.8397216796875
1079,20.815000534057617,38.34333419799805,0.6681443536841728,1108.5447998046875,0.12145650386810303,1108.5447998046875
1080,20.872501373291016,44.21333312988281,0.6358376767837073,1078.9705810546875,0.14309871196746826,1078.9705810546875
1081,20.918333053588867,43.834999084472656,0.639031308929952,1114.6436767578125,0.09528839588165283,1114.6436767578125
1082,21.009166717529297,41.350833892822266,0.6335822203388896,1104.0338134765625,0.16300368309020996,1104.0338134765625
1083,20.77666664123535,42.65999984741211,0.6422370395991444,1086.6904296875,0.12210249900817871,1086.6904296875
1084,20.731666564941406,36.86833190917969,0.6540793583748326,1070.3214111328125,0.1430763602256775,1070.3214111328125
1085,20.623332977294922,46.70916748046875,0.651850799208784,1062.0032958984375,0.12999415397644043,1062.0032958984375
1086,20.398334503173828,52.369998931884766,0.644239556691731,1080.294189453125,0.13756442070007324,1080.294189453125
1087,20.55500030517578,40.671669006347656,0.6685304697745492,1121.8468017578125,0.1451016664505005,1121.8468017578125
1088,20.90333366394043,42.621665954589844,0.6482598712002716,1088.1490478515625,0.10570210218429565,1088.1490478515625
1089,21.3125,45.1974983215332,0.6191114297747949,1149.6044921875,0.09858888387680054,1149.6044921875
1090,20.886667251586914,45.8125,0.6401796672316922,1073.6475830078125,0.13927406072616577,1073.6475830078125
1091,21.25749969482422,46.30666732788086,0.6318613945586957,1092.5203857421875,0.12952971458435059,1092.5203857421875
1092,20.674165725708008,47.804168701171875,0.6315854503753124,1044.8109130859375,0.12341171503067017,1044.8109130859375
1093,21.116666793823242,40.116668701171875,0.6663169276347438,1131.1484375,0.1284659504890442,1131.1484375
1094,21.058332443237305,46.33333206176758,0.6380577865210504,1103.432373046875,0.09571599960327148,1103.432373046875
1095,20.655832290649414,41.614166259765625,0.6940255413773849,1083.8790283203125,0.15146875381469727,1083.8790283203125
1096,20.78333282470703,39.65916442871094,0.6426765518470736,1099.4144287109375,0.13283312320709229,1099.4144287109375
1097,21.070833206176758,42.05583190917969,0.5984094802172366,1105.238037109375,0.1354389786720276,1105.238037109375
1098,21.206666946411133,45.03666687011719,0.6794735004847129,1106.026611328125,0.10501664876937866,1106.026611328125
1099,21.327499389648438,45.875831604003906,0.6747988252366375,1101.9560546875,0.12196499109268188,1101.9560546875
1100,20.968332290649414,43.91166687011719,0.641868863265191,1073.989990234375,0.1217573881149292,1073.989990234375
1101,20.72249984741211,41.30583572387695,0.6809193785050374,1053.3428955078125,0.11379015445709229,1053.3428955078125
1102,21.234167098999023,40.05666732788086,0.6513140977034205,1076.8687744140625,0.1113123893737793,1076.8687744140625
1103,20.955833435058594,43.55666732788086,0.6829025164975842,1081.980224609375,0.12269234657287598,1081.980224609375
1104,21.046667098999023,40.15416717529297,0.6403931518851521,1083.295654296875,0.1223030686378479,1083.295654296875
1105,21.04083251953125,44.17416763305664,0.6796984666560245,1010.5881958007812,0.10572099685668945,1010.5881958007812
1106,21.03333282470703,42.73833465576172,0.655104966232243,1065.81982421875,0.16473835706710815,1065.81982421875
1107,20.89666748046875,42.60750198364258,0.6422176965340467,1072.6107177734375,0.13398325443267822,1072.6107177734375
1108,20.820833206176758,46.12916564941406,0.6802191122708924,1049.6796875,0.10714328289031982,1049.6796875
1109,21.05500030517578,47.02333068847656,0.6648318460332161,1062.0765380859375,0.12312477827072144,1062.0765380859375
1110,20.695833206176758,44.69166564941406,0.6476964629441623,1062.35986328125,0.10403764247894287,1062.35986328125
1111,21.105833053588867,40.996665954589844,0.6290408543333011,1108.0703125,0.11774635314941406,1108.0703125
1112,20.553333282470703,46.595001220703125,0.6404669930103937,1048.4134521484375,0.11835092306137085,1048.4134521484375
1113,21.385000228881836,41.09749984741211,0.6644820483259692,1073.9818115234375,0.12007683515548706,1073.9818115234375
1114,21.314998626708984,38.980831146240234,0.6378204180833178,1111.1754150390625,0.13705676794052124,1111.1754150390625
1115,21.29749870300293,37.483333587646484,0.7116698728789838,1100.8011474609375,0.1569448709487915,1100.8011474609375
1116,21.11750030517578,38.225833892822266,0.6373403734232426,1088.2230224609375,0.13217204809188843,1088.2230224609375
1117,20.9325008392334,39.850833892822266,0.690399016022301,1091.3204345703125,0.12286484241485596,1091.3204345703125
1118,21.557498931884766,39.529998779296875,0.6824498091897927,1066.53955078125,0.15040767192840576,1066.53955078125
1119,21.121667861938477,43.31666564941406,0.6797607287017823,1075.807373046875,0.11574357748031616,1075.807373046875
1120,20.995832443237305,44.34666442871094,0.6744834950591033,1072.3218994140625,0.10273218154907227,1072.3218994140625
1121,21.02666664123535,39.635833740234375,0.6419850977080876,1099.0706787109375,0.1157306432723999,1099.0706787109375
1122,20.911666870117188,36.329166412353516,0.6648339492141998,1103.6409912109375,0.17758232355117798,1103.6409912109375
1123,21.049999237060547,40.23750305175781,0.682780490312452,1089.51318359375,0.15321922302246094,1089.51318359375
1124,20.61833381652832,40.22999954223633,0.6327603451302379,1095.2015380859375,0.13820964097976685,1095.2015380859375
1125,20.879167556762695,41.01416778564453,0.6827273933506791,1101.2664794921875,0.11226344108581543,1101.2664794921875
1126,20.979999542236328,37.26499938964844,0.6938477100502455,1103.76123046875,0.1561945676803589,1103.76123046875
1127,21.314167022705078,41.42499923706055,0.6521835050957614,1048.2047119140625,0.11884677410125732,1048.2047119140625
1128,20.998332977294922,38.88833236694336,0.7215634660462633,1103.838134765625,0.11149406433105469,1103.838134765625
1129,20.84833335876465,46.02083206176758,0.6818255049347948,1080.7967529296875,0.09005647897720337,1080.7967529296875
1130,20.774999618530273,38.464168548583984,0.6989259766236415,1083.7357177734375,0.17913293838500977,1083.7357177734375
1131,20.746665954589844,38.057498931884766,0.7127817608738984,1065.4456787109375,0.1173018217086792,1065.4456787109375
1132,20.843332290649414,41.21583557128906,0.6702304063702496,1100.5296630859375,0.10634100437164307,1100.5296630859375
1133,20.626667022705078,43.25416564941406,0.6824446593150293,1027.4833984375,0.12666469812393188,1027.4833984375
1134,21.607500076293945,43.729164123535156,0.6476201877837237,1113.73876953125,0.12620675563812256,1113.73876953125
1135,20.91750144958496,41.22999954223633,0.684817121778988,1081.2777099609375,0.11183685064315796,1081.2777099609375
1136,20.983333587646484,42.39583206176758,0.7307984649856627,1086.1339111328125,0.12387353181838989,1086.1339111328125
1137,21.15999984741211,39.12916946411133,0.7104982307094134,1075.515869140625,0.1291804313659668,1075.515869140625
1138,20.588333129882812,40.77916717529297,0.6868332387823001,1061.5552978515625,0.10866385698318481,1061.5552978515625
1139,20.75749969482422,37.198333740234375,0.672061098065019,1053.2396240234375,0.1371123194694519,1053.2396240234375
1140,20.679166793823242,44.62083435058594,0.6753902977102099,1051.2711181640625,0.15698489546775818,1051.2711181640625
1141,20.691665649414062,45.22249984741211,0.6735027117673055,1030.756103515625,0.13437047600746155,1030.756103515625
1142,20.657501220703125,36.66749954223633,0.6621339611727621,1091.8638916015625,0.14632254838943481,1091.8638916015625
1143,20.517499923706055,45.68916702270508,0.6562689946425415,1008.8997192382812,0.12216761708259583,1008.8997192382812
1144,20.788331985473633,43.39833068847656,0.6789195469020027,1075.9437255859375,0.11879664659500122,1075.9437255859375
1145,20.774166107177734,40.1966667175293,0.6842609984225717,1070.6363525390625,0.13720035552978516,1070.6363525390625
1146,20.203332901000977,40.07666778564453,0.6794797610653034,1066.0611572265625,0.11275327205657959,1066.0611572265625
1147,20.634166717529297,38.45833206176758,0.7234969015877882,1071.3033447265625,0.14413130283355713,1071.3033447265625
1148,20.258333206176758,40.27250289916992,0.6794854007241911,1033.437744140625,0.12938940525054932,1033.437744140625
1149,20.486665725708008,39.14583206176758,0.7012430094857662,1055.17822265625,0.12154918909072876,1055.17822265625
1150,20.498332977294922,44.95750045776367,0.7260573248106761,1077.0186767578125,0.12691158056259155,1077.0186767578125
1151,20.198333740234375,40.731666564941406,0.6640376840240908,1090.135009765625,0.1300368309020996,1090.135009765625
1152,20.484167098999023,39.84833526611328,0.7158119190898922,1082.6259765625,0.14510565996170044,1082.6259765625
1153,20.96500015258789,41.30249786376953,0.6730718575257831,1063.8173828125,0.105674147605896,1063.8173828125
1154,20.078332901000977,39.47916793823242,0.679063309207103,1041.599609375,0.13465040922164917,1041.599609375
1155,20.59083366394043,41.40083312988281,0.7197462141831844,1054.5377197265625,0.09019601345062256,1054.5377197265625
1156,20.582500457763672,45.60499954223633,0.6931958399964608,1060.6611328125,0.11035704612731934,1060.6611328125
1157,20.41666603088379,46.581668853759766,0.6774462623023205,1059.8377685546875,0.11283212900161743,1059.8377685546875
1158,20.975000381469727,40.69333267211914,0.680215428220743,1066.061279296875,0.1396878957748413,1066.061279296875
1159,20.384166717529297,44.150001525878906,0.6774935748571297,1026.9754638671875,0.11465787887573242,1026.9754638671875
1160,20.434999465942383,42.18333435058594,0.6916101677928005,1070.06103515625,0.11270958185195923,1070.06103515625
1161,20.358333587646484,42.93499755859375,0.6384088877450024,1032.34375,0.12876659631729126,1032.34375
1162,20.65916633605957,41.475833892822266,0.6746230395772794,1045.5135498046875,0.14604973793029785,1045.5135498046875
1163,20.648332595825195,38.809165954589844,0.699188038327276,1070.7294921875,0.13783574104309082,1070.7294921875
1164,20.718332290649414,40.212501525878906,0.6890879772310543,1044.0546875,0.10626864433288574,1044.0546875
1165,20.762500762939453,37.88916778564453,0.7058538901304523,1072.8370361328125,0.1311851143836975,1072.8370361328125
1166,20.679166793823242,38.852500915527344,0.70170450025381,1096.901611328125,0.12920957803726196,1096.901611328125
1167,20.27750015258789,38.51250076293945,0.6871602616533856,1078.9129638671875,0.15055692195892334,1078.9129638671875
1168,20.189167022705078,35.98999786376953,0.7018855426754878,1051.147216796875,0.13305306434631348,1051.147216796875
1169,20.13749885559082,45.766666412353516,0.6188966896727925,1046.01123046875,0.10709792375564575,1046.01123046875
1170,20.513334274291992,44.044166564941406,0.6455667373596073,1046.6044921875,0.11446613073348999,1046.6044921875
1171,20.295833587646484,39.205833435058594,0.6426478154665081,1047.7283935546875,0.1275354027748108,1047.7283935546875
1172,20.52916717529297,38.31500244140625,0.6858491056169255,1079.99560546875,0.11819177865982056,1079.99560546875
1173,20.396665573120117,44.185001373291016,0.6511429753367911,1084.734375,0.11104869842529297,1084.734375
1174,20.29166603088379,41.17499923706055,0.6605064139386569,1032.553955078125,0.12057018280029297,1032.553955078125
1175,20.672500610351562,40.9808349609375,0.7046188538778912,1091.052978515625,0.11374104022979736,1091.052978515625
1176,20.758333206176758,35.545833587646484,0.7135083131376604,1079.958740234375,0.17871218919754028,1079.958740234375
1177,20.485000610351562,42.72333526611328,0.7002155748664471,1056.593994140625,0.11402636766433716,1056.593994140625
1178,20.127500534057617,42.524166107177734,0.6656383313886742,1021.7164306640625,0.11721920967102051,1021.7164306640625
1179,20.489999771118164,40.1683349609375,0.7162503774321117,1075.0751953125,0.09019386768341064,1075.0751953125
1180,20.270000457763672,45.90833282470703,0.665445617013738,1019.3142700195312,0.11925715208053589,1019.3142700195312
1181,20.50749969482422,40.6875,0.731511741120105,1060.9969482421875,0.13781362771987915,1060.9969482421875
1182,20.70083236694336,39.68166732788086,0.6966703373217936,1039.91357421875,0.12103605270385742,1039.91357421875
1183,20.796667098999023,41.61666488647461,0.6695866228402076,1000.3836059570312,0.11358916759490967,1000.3836059570312
1184,20.67333221435547,42.029998779296875,0.6768502821341972,1008.81787109375,0.10618478059768677,1008.81787109375
1185,20.4516658782959,36.09833526611328,0.6504608902118211,1077.3516845703125,0.15174412727355957,1077.3516845703125
1186,20.868331909179688,39.33583068847656,0.6729069541021038,1048.541259765625,0.12459444999694824,1048.541259765625
1187,20.72916603088379,38.54833221435547,0.6890049418823779,1056.7506103515625,0.10138159990310669,1056.7506103515625
1188,20.308334350585938,40.99583435058594,0.6768490870556518,1020.702392578125,0.14736956357955933,1020.702392578125
1189,20.318334579467773,36.2841682434082,0.6600491563987415,1025.4312744140625,0.14969706535339355,1025.4312744140625
1190,20.321666717529297,43.08833312988281,0.719090428422614,1058.7161865234375,0.12449833750724792,1058.7161865234375
1191,20.54166603088379,37.258331298828125,0.700674114437841,1019.8171997070312,0.13219207525253296,1019.8171997070312
1192,20.203332901000977,43.54249954223633,0.6895692537373961,1053.8402099609375,0.13521111011505127,1053.8402099609375
1193,20.342500686645508,43.28416442871094,0.7238662871653809,1024.6563720703125,0.1139180064201355,1024.6563720703125
1194,20.518333435058594,38.75833511352539,0.6683845457338441,1012.7269897460938,0.1219833493232727,1012.7269897460938
1195,20.662500381469727,38.47416687011719,0.6918747344083305,1043.71337890625,0.1391008496284485,1043.71337890625
1196,20.515832901000977,39.76416778564453,0.7243587354947645,1080.24755859375,0.1299472451210022,1080.24755859375
1197,20.31999969482422,38.06999969482422,0.695058869033088,1064.009521484375,0.16782021522521973,1064.009521484375
1198,20.579166412353516,42.858333587646484,0.6949737195026255,996.318603515625,0.10781669616699219,996.318603515625
1199,20.725000381469727,37.41749954223633,0.68838363033724,1081.219482421875,0.10277354717254639,1081.219482421875
1200,20.605833053588867,38.124168395996094,0.7039391257093222,1086.456298828125,0.1370556354522705,1086.456298828125
1201,20.516666412353516,44.505836486816406,0.6668237506887476,1030.467041015625,0.12209102511405945,1030.467041015625
1202,20.19499969482422,37.61833190917969,0.6980782886997975,1030.7662353515625,0.11792445182800293,1030.7662353515625
1203,20.5483341217041,40.38249969482422,0.6730392200784304,1059.408935546875,0.13392877578735352,1059.408935546875
1204,20.45833396911621,41.127498626708984,0.6753889269088138,1006.7147216796875,0.1330590844154358,1006.7147216796875
1205,20.404165267944336,44.576663970947266,0.7041198521395422,1069.7105712890625,0.10801500082015991,1069.7105712890625
1206,20.408334732055664,41.378334045410156,0.6763238378450463,1048.32470703125,0.1130533218383789,1048.32470703125
1207,20.351665496826172,39.6158332824707,0.6446599844271135,1037.436767578125,0.14175570011138916,1037.436767578125
1208,19.99416732788086,47.878334045410156,0.649801020554565,985.1513671875,0.11556562781333923,985.1513671875
1209,20.770000457763672,37.3849983215332,0.6836292615974662,1046.3660888671875,0.1526997685432434,1046.3660888671875
1210,20.218334197998047,41.43083572387695,0.7072845180813576,1053.334716796875,0.10969650745391846,1053.334716796875
1211,20.414165496826172,40.35916519165039,0.6770213379773224,1008.6189575195312,0.09811455011367798,1008.6189575195312
1212,20.193334579467773,37.0775032043457,0.6911724679465139,1021.4755859375,0.15895354747772217,1021.4755859375
1213,20.02166748046875,38.22999954223633,0.687385632434671,1049.0863037109375,0.12465435266494751,1049.0863037109375
1214,20.417499542236328,46.57500076293945,0.6886169653617588,1029.3714599609375,0.1106066107749939,1029.3714599609375
1215,20.162500381469727,35.220001220703125,0.7103073311468727,1075.2613525390625,0.14881956577301025,1075.2613525390625
1216,20.599166870117188,38.20000076293945,0.7270500015150849,1041.2510986328125,0.10360252857208252,1041.2510986328125
1217,20.02833366394043,39.5816650390625,0.6915476491720866,1039.90087890625,0.11756527423858643,1039.90087890625
1218,20.43833351135254,39.47416687011719,0.6840583248118837,1046.162841796875,0.1377965211868286,1046.162841796875
1219,20.149999618530273,44.51000213623047,0.6727592591757318,1048.341064453125,0.08606964349746704,1048.341064453125
1220,19.975000381469727,42.499168395996094,0.6898516340866125,1047.7781982421875,0.08478409051895142,1047.7781982421875
1221,20.32833480834961,41.502498626708984,0.6524163023674657,1033.5445556640625,0.11451524496078491,1033.5445556640625
1222,20.350833892822266,35.374168395996094,0.6681775868638323,1038.2235107421875,0.1660391092300415,1038.2235107421875
1223,20.1733341217041,40.352500915527344,0.694598616834837,1062.6414794921875,0.11821818351745605,1062.6414794921875
1224,20.200834274291992,35.3224983215332,0.6643975167887176,1051.2586669921875,0.1561276912689209,1051.2586669921875
1225,20.4516658782959,37.66416549682617,0.6822821655083031,1053.5576171875,0.144306480884552,1053.5576171875
1226,20.235000610351562,38.86000061035156,0.6794768103335358,1044.857421875,0.11917006969451904,1044.857421875
1227,20.455833435058594,42.958335876464844,0.6958510483619166,1048.26220703125,0.10801583528518677,1048.26220703125
1228,20.17166519165039,38.17749786376953,0.6858504314599955,1044.32177734375,0.13181161880493164,1044.32177734375
1229,20.92500114440918,38.855831146240234,0.6709125681612722,1064.9918212890625,0.12349283695220947,1064.9918212890625
1230,20.63166618347168,35.84666442871094,0.6726174111221747,1062.7646484375,0.13132375478744507,1062.7646484375
1231,20.828332901000977,44.348331451416016,0.7064975286468727,1073.4599609375,0.0967322587966919,1073.4599609375
1232,20.35416603088379,38.97833251953125,0.6913714979378823,1005.7108154296875,0.12500226497650146,1005.7108154296875
1233,20.310834884643555,37.60499954223633,0.6969641651783467,1057.8040771484375,0.12488675117492676,1057.8040771484375
1234,20.770832061767578,40.2308349609375,0.6743685161932491,1035.9384765625,0.14434123039245605,1035.9384765625
1235,20.310834884643555,40.12916564941406,0.6738201873244143,1038.3250732421875,0.10089719295501709,1038.3250732421875
1236,20.15166664123535,39.670833587646484,0.6766923218673031,1032.69775390625,0.1361633539199829,1032.69775390625
1237,20.34000015258789,38.82416915893555,0.7114307665008237,1065.3704833984375,0.15052157640457153,1065.3704833984375
1238,20.197500228881836,42.81999969482422,0.6541849006262865,1060.3695068359375,0.13199836015701294,1060.3695068359375
1239,20.315834045410156,48.96999740600586,0.6775121230244563,1041.7568359375,0.09760922193527222,1041.7568359375
1240,20.185832977294922,34.46833038330078,0.6858383118393091,1078.32763671875,0.13513034582138062,1078.32763671875
1241,20.315000534057617,38.71500015258789,0.6986848942871596,1050.499267578125,0.12421780824661255,1050.499267578125
1242,20.23833465576172,43.00583267211914,0.7119320628826161,1032.6158447265625,0.10909366607666016,1032.6158447265625
1243,20.271665573120117,34.77916717529297,0.6836575471683461,1068.5128173828125,0.1594555377960205,1068.5128173828125
1244,20.678333282470703,44.31999969482422,0.6928945231296437,1054.1812744140625,0.08625829219818115,1054.1812744140625
1245,20.86750030517578,43.1158332824707,0.6720615620641479,1040.5511474609375,0.10362362861633301,1040.5511474609375
1246,20.364999771118164,35.20333480834961,0.6766247555152547,1013.2626342773438,0.15431034564971924,1013.2626342773438
1247,20.73000144958496,42.516666412353516,0.7057465548236913,1044.0389404296875,0.10061764717102051,1044.0389404296875
1248,20.320833206176758,36.647499084472656,0.6635949945030393,1079.2967529296875,0.13258343935012817,1079.2967529296875
1249,20.213333129882812,39.95083236694336,0.7103341857255292,1032.6700439453125,0.11835432052612305,1032.6700439453125
1250,20.53416633605957,37.6158332824707,0.6589307210584339,1035.93701171875,0.12277966737747192,1035.93701171875
1251,20.47333335876465,38.804168701171875,0.6990749937750133,1019.2021484375,0.10384297370910645,1019.2021484375
1252,20.5766658782959,40.314998626708984,0.6938794814262849,1051.6348876953125,0.10826820135116577,1051.6348876953125
1253,20.155834197998047,47.81833267211914,0.697130798916941,981.1035766601562,0.124399334192276,981.1035766601562
1254,20.167499542236328,39.90666580200195,0.6635555064826397,1018.6112060546875,0.13038399815559387,1018.6112060546875
1255,20.017499923706055,41.098331451416016,0.6709715202380048,1012.2293701171875,0.1002190113067627,1012.2293701171875
1256,19.952499389648438,36.88999938964844,0.7205279258453438,1072.6597900390625,0.12390881776809692,1072.6597900390625
1257,19.891666412353516,39.20166778564453,0.7002129783138811,1029.6240234375,0.09743249416351318,1029.6240234375
1258,20.01416778564453,45.04666519165039,0.6814291075954398,1020.2245483398438,0.07536929845809937,1020.2245483398438
1259,19.996665954589844,38.62916564941406,0.6877960913749969,1042.4580078125,0.09796786308288574,1042.4580078125
1260,19.91499900817871,41.470001220703125,0.7047083267104461,1045.494384765625,0.09774988889694214,1045.494384765625
1261,20.3558349609375,36.234169006347656,0.7084114630809599,1059.439697265625,0.09717899560928345,1059.439697265625
1262,20.22166633605957,40.3849983215332,0.6699444458000535,1055.7022705078125,0.11385208368301392,1055.7022705078125
1263,20.55583381652832,39.83583450317383,0.7046291069189667,1009.21044921875,0.1396038830280304,1009.21044921875
1264,20.61750030517578,36.823333740234375,0.7023243529778451,1063.530029296875,0.10758727788925171,1063.530029296875
1265,20.452499389648438,39.3216667175293,0.6859260804583177,1067.5443115234375,0.10011106729507446,1067.5443115234375
1266,20.352500915527344,37.74416732788086,0.7008770643608975,1059.3428955078125,0.10032016038894653,1059.3428955078125
1267,20.641666412353516,39.92333221435547,0.6971216843405483,1015.1791381835938,0.13416314125061035,1015.1791381835938
1268,20.685001373291016,34.0533332824707,0.6695381794437396,1019.3160400390625,0.13607537746429443,1019.3160400390625
1269,20.332500457763672,35.65999984741211,0.7445708070354682,1051.42236328125,0.11821287870407104,1051.42236328125
1270,20.495834350585938,40.50250244140625,0.7019247037357567,1008.493896484375,0.13138112425804138,1008.493896484375
1271,20.334165573120117,36.439998626708984,0.686273715317994,1048.862548828125,0.1300424337387085,1048.862548828125
1272,20.15333366394043,43.13833236694336,0.6673828356069007,987.3075561523438,0.09755682945251465,987.3075561523438
1273,20.252500534057617,37.790000915527344,0.7048207813824163,1056.03271484375,0.12186390161514282,1056.03271484375
1274,20.4375,41.05500030517578,0.7012637670759901,1034.5125732421875,0.12009555101394653,1034.5125732421875
1275,20.61833381652832,45.69916534423828,0.6809168072121049,978.5925903320312,0.09760349988937378,978.5925903320312
1276,20.205833435058594,37.34000015258789,0.6680545410630788,1009.632080078125,0.13625329732894897,1009.632080078125
1277,19.979167938232422,42.03166580200195,0.6841632602454111,994.831298828125,0.10046142339706421,994.831298828125
1278,19.960832595825195,37.834999084472656,0.6649200977578437,1010.2449340820312,0.1340852975845337,1010.2449340820312
1279,18.47916603088379,37.30500030517578,0.6304404977175725,1221.29931640625,0.10009396076202393,1221.29931640625
1280,20.29666519165039,40.893333435058594,0.6835839152508212,1060.6654052734375,0.11709773540496826,1060.6654052734375
1281,20.0625,40.74666976928711,0.6849688718919433,1039.570556640625,0.1263020634651184,1039.570556640625
1282,20.011667251586914,40.19583511352539,0.7159313024671834,1022.5316162109375,0.0916333794593811,1022.5316162109375
1283,19.96666717529297,36.09916687011719,0.6810154086941862,1014.493408203125,0.1250796914100647,1014.493408203125
1284,19.989999771118164,38.400001525878906,0.679362917567303,1078.2449951171875,0.13167303800582886,1078.2449951171875
1285,19.819168090820312,37.50666809082031,0.7119928862667781,1034.333740234375,0.12620246410369873,1034.333740234375
1286,20.27833366394043,38.59333419799805,0.7026730142869593,1025.82177734375,0.11838686466217041,1025.82177734375
1287,19.854167938232422,37.079166412353516,0.6852633876453117,1071.7706298828125,0.15148091316223145,1071.7706298828125
1288,20.085834503173828,38.65083312988281,0.6913500375342647,1044.656982421875,0.1327703595161438,1044.656982421875
1289,20.140832901000977,38.96083068847656,0.730560007198379,1016.9208984375,0.10001033544540405,1016.9208984375
1290,20.1733341217041,42.448333740234375,0.7069886739956563,1034.7359619140625,0.1375965178012848,1034.7359619140625
1291,19.959999084472656,43.46833038330078,0.707764653307442,1032.2791748046875,0.0991295576095581,1032.2791748046875
1292,20.342500686645508,35.00749969482422,0.712349207781721,1038.2545166015625,0.19530382752418518,1038.2545166015625
1293,19.950834274291992,43.18000030517578,0.7196110326815781,1013.1778564453125,0.0937163233757019,1013.1778564453125
1294,19.97083282470703,37.37916564941406,0.6962241347146967,1046.687255859375,0.1530335545539856,1046.687255859375
1295,20.633333206176758,37.27083206176758,0.6855221693065862,1055.73193359375,0.10861325263977051,1055.73193359375
1296,20.605833053588867,38.557498931884766,0.6935561104844967,1038.9951171875,0.10600584745407104,1038.9951171875
1297,20.318334579467773,37.436668395996094,0.6828935631473818,1012.1229858398438,0.0996512770652771,1012.1229858398438
1298,19.979167938232422,37.79166793823242,0.684323477744875,1045.25732421875,0.1098063588142395,1045.25732421875
1299,20.08416748046875,41.35249710083008,0.6823772005125822,1036.2352294921875,0.10283571481704712,1036.2352294921875
1300,20.260833740234375,37.03750228881836,0.691765273396098,1059.4864501953125,0.15233337879180908,1059.4864501953125
1301,20.443334579467773,40.72416687011719,0.677931742305706,1004.00830078125,0.10999435186386108,1004.00830078125
1302,19.929166793823242,37.71833419799805,0.7218483813195715,1043.5635986328125,0.12280213832855225,1043.5635986328125
1303,19.733333587646484,39.2408332824707,0.6916035832914091,1041.8040771484375,0.1457512080669403,1041.8040771484375
1304,19.946666717529297,33.52916717529297,0.6861426401843651,1035.1031494140625,0.12652266025543213,1035.1031494140625
1305,20.1391658782959,38.99833297729492,0.675724481001696,1044.6141357421875,0.1132272481918335,1044.6141357421875
1306,20.184165954589844,39.90999984741211,0.7258533201582138,1098.96484375,0.08066010475158691,1098.96484375
1307,19.995834350585938,35.16166687011719,0.670027764493477,1052.4862060546875,0.1770545244216919,1052.4862060546875
1308,20.0625,40.23750305175781,0.6727558983460351,1020.4293212890625,0.09182226657867432,1020.4293212890625
1309,20.244165420532227,37.3466682434082,0.6592117140313087,1039.71533203125,0.11455529928207397,1039.71533203125
1310,19.610000610351562,38.275001525878906,0.6815939403616502,1044.5543212890625,0.1377354860305786,1044.5543212890625
1311,20.15250015258789,40.22249984741211,0.6846690285938575,1021.2482299804688,0.1090402603149414,1021.2482299804688
1312,20.740833282470703,41.830833435058594,0.7397321009270217,1046.6556396484375,0.10320025682449341,1046.6556396484375
1313,19.774999618530273,37.20916748046875,0.6864479048966066,1004.9365234375,0.14156311750411987,1004.9365234375
1314,19.91083335876465,37.94000244140625,0.7076709002760697,1002.4395141601562,0.12367397546768188,1002.4395141601562
1315,19.482500076293945,37.205833435058594,0.6865626028677161,1022.335205078125,0.1110081672668457,1022.335205078125
1316,19.95916748046875,43.10333251953125,0.6865119297076745,1030.5159912109375,0.10675427317619324,1030.5159912109375
1317,20.050832748413086,41.348331451416016,0.6894721063177512,1012.1116333007812,0.10248661041259766,1012.1116333007812
1318,19.961666107177734,38.461666107177734,0.7021839359243908,1015.450439453125,0.10374075174331665,1015.450439453125
1319,19.88749885559082,39.26250076293945,0.7336423945650048,1022.8617553710938,0.10258692502975464,1022.8617553710938
1320,20.085834503173828,39.565834045410156,0.7069180284386157,1039.2003173828125,0.10955196619033813,1039.2003173828125
1321,20.092498779296875,37.59749984741211,0.7160063695660368,1084.939697265625,0.12223374843597412,1084.939697265625
1322,20.3891658782959,41.37333297729492,0.7012964204432273,1017.534912109375,0.07737493515014648,1017.534912109375
1323,19.795833587646484,37.668331146240234,0.720067602814266,1066.92431640625,0.10687202215194702,1066.92431640625
1324,19.789167404174805,39.580833435058594,0.701473146035067,1001.7401733398438,0.0893593430519104,1001.7401733398438
1325,20.320833206176758,40.227500915527344,0.6796673111526009,1032.7376708984375,0.1134798526763916,1032.7376708984375
1326,19.664167404174805,37.50333023071289,0.6929931554929811,1021.937255859375,0.0930790901184082,1021.937255859375
1327,19.898332595825195,41.628334045410156,0.6864958914208588,1020.3724365234375,0.09237974882125854,1020.3724365234375
1328,19.863332748413086,42.253334045410156,0.694669071828709,999.5762939453125,0.10463786125183105,999.5762939453125
1329,20.259166717529297,37.25749969482422,0.6978273227025245,1051.0516357421875,0.12249505519866943,1051.0516357421875
1330,19.96583366394043,41.223331451416016,0.6895547825066256,1024.962890625,0.11712116003036499,1024.962890625
1331,19.53416633605957,38.39083480834961,0.6754561794065995,1022.7984008789062,0.09759807586669922,1022.7984008789062
1332,19.959999084472656,41.614166259765625,0.7038027844152621,996.257080078125,0.08539193868637085,996.257080078125
1333,19.960832595825195,39.75749969482422,0.6915526074304874,1002.5345458984375,0.11537504196166992,1002.5345458984375
1334,19.745832443237305,45.391666412353516,0.679314886481458,1008.0059814453125,0.08514177799224854,1008.0059814453125
1335,19.968334197998047,38.679168701171875,0.6939994097059781,1018.533447265625,0.1401638388633728,1018.533447265625
1336,19.751667022705078,40.87416458129883,0.6849463784789529,991.3375854492188,0.11263373494148254,991.3375854492188
1337,19.670833587646484,37.04750061035156,0.6903153669476846,1016.2937622070312,0.11293882131576538,1016.2937622070312
1338,19.730833053588867,37.28416442871094,0.6987897429083357,1030.7535400390625,0.12943285703659058,1030.7535400390625
1339,19.626667022705078,33.3216667175293,0.7154463489945703,1089.047607421875,0.13601267337799072,1089.047607421875
1340,19.775833129882812,37.2158317565918,0.6877432784629386,1024.2783203125,0.11918789148330688,1024.2783203125
1341,19.739999771118164,37.23416519165039,0.6750734455728986,964.878173828125,0.13819372653961182,964.878173828125
1342,19.86750030517578,36.47416687011719,0.6623309217262108,1072.3662109375,0.12865585088729858,1072.3662109375
1343,20.060832977294922,40.38999938964844,0.7176810541432931,992.51513671875,0.11097288131713867,992.51513671875
1344,19.929166793823242,36.0099983215332,0.701950842678203,1060.5286865234375,0.1295190453529358,1060.5286865234375
1345,19.753334045410156,34.516666412353516,0.7060625582346077,1008.5828857421875,0.12455439567565918,1008.5828857421875
1346,19.979999542236328,41.170833587646484,0.6932211638054164,1041.6170654296875,0.10537838935852051,1041.6170654296875
1347,20.140832901000977,37.46333312988281,0.6802205408917833,1033.314208984375,0.13346827030181885,1033.314208984375
1348,20.038333892822266,37.72416687011719,0.6951085459612844,1023.3905639648438,0.1322026252746582,1023.3905639648438
1349,21.24916648864746,34.8466682434082,0.6925094334330413,1051.4813232421875,0.14380121231079102,1051.4813232421875
1350,19.842498779296875,35.30249786376953,0.6601248072781236,1018.74267578125,0.13183635473251343,1018.74267578125
1351,19.953332901000977,40.049163818359375,0.6697425377498847,1021.9561767578125,0.10617870092391968,1021.9561767578125
1352,20.003334045410156,37.25666809082031,0.6968936896020141,1048.1905517578125,0.09888350963592529,1048.1905517578125
1353,19.629167556762695,37.16999816894531,0.6913005828198728,971.7523803710938,0.14153927564620972,971.7523803710938
1354,20.12416648864746,34.067501068115234,0.7052526380959532,1073.035400390625,0.0978439450263977,1073.035400390625
1355,19.758333206176758,35.40166473388672,0.66701635238631,1018.7857055664062,0.15405243635177612,1018.7857055664062
1356,20.06916618347168,36.44499969482422,0.6495360746851524,1006.6729736328125,0.14712798595428467,1006.6729736328125
1357,20.059165954589844,37.74416732788086,0.6984102439115685,1035.25,0.10418486595153809,1035.25
1358,19.881668090820312,39.21833419799805,0.6671426241353207,1044.1903076171875,0.10198545455932617,1044.1903076171875
1359,19.758333206176758,33.19333267211914,0.6981642514399724,1032.048095703125,0.15802454948425293,1032.048095703125
1360,19.77833366394043,41.075836181640625,0.6734812906249141,1023.6614379882812,0.0914238691329956,1023.6614379882812
1361,19.46666717529297,41.52333450317383,0.6759928790678376,1004.3251953125,0.1301766037940979,1004.3251953125
1362,20.156665802001953,38.503334045410156,0.6539177091045411,1021.8069458007812,0.1069490909576416,1021.8069458007812
1363,19.644166946411133,41.059165954589844,0.7021123891143897,998.980224609375,0.12937992811203003,998.980224609375
1364,19.65916633605957,38.92250061035156,0.6888255898306407,1035.3367919921875,0.12931597232818604,1035.3367919921875
1365,19.758333206176758,39.580833435058594,0.7219108239911798,1082.02783203125,0.12123286724090576,1082.02783203125
1366,20.12583351135254,38.26583480834961,0.6907668106422277,1049.3175048828125,0.11664563417434692,1049.3175048828125
1367,19.634166717529297,37.29999923706055,0.6832785449881518,1032.4599609375,0.12082356214523315,1032.4599609375
1368,19.85333251953125,35.45249938964844,0.6848876982395203,1023.5885009765625,0.1201486587524414,1023.5885009765625
1369,19.779998779296875,38.96833419799805,0.6860416962179682,1033.773193359375,0.0965232253074646,1033.773193359375
1370,19.383333206176758,36.015830993652344,0.6963964879872067,1003.2250366210938,0.14174532890319824,1003.2250366210938
1371,20.53333282470703,42.119998931884766,0.7107047256073149,1014.473876953125,0.10888397693634033,1014.473876953125
1372,19.28583335876465,36.429168701171875,0.6632909404361127,1030.500732421875,0.15167236328125,1030.500732421875
1373,19.65833282470703,35.68333435058594,0.7182892082683499,1024.201416015625,0.11641502380371094,1024.201416015625
1374,20.685001373291016,37.176666259765625,0.6797232847290228,1063.0302734375,0.091869056224823,1063.0302734375
1375,19.44333267211914,36.06916809082031,0.6872824133998278,1055.613037109375,0.1147506833076477,1055.613037109375
1376,19.844999313354492,33.8033332824707,0.6442526329293192,1055.56005859375,0.13839846849441528,1055.56005859375
1377,19.56999969482422,41.150001525878906,0.6721652492545391,1025.7777099609375,0.15599164366722107,1025.7777099609375
1378,19.508333206176758,41.75666427612305,0.6656100237275551,983.6063232421875,0.09793734550476074,983.6063232421875
1379,19.40833282470703,38.8658332824707,0.6735084652490669,1019.6943969726562,0.11936193704605103,1019.6943969726562
1380,19.789167404174805,38.69916915893555,0.6662771489844067,983.45703125,0.10455995798110962,983.45703125
1381,20.119998931884766,38.537498474121094,0.6715086749545204,1027.267822265625,0.12277644872665405,1027.267822265625
1382,19.84000015258789,41.94416809082031,0.6410038787511545,991.5882568359375,0.12320628762245178,991.5882568359375
1383,19.48666763305664,39.91749954223633,0.6641255434877006,1068.3155517578125,0.11391246318817139,1068.3155517578125
1384,19.518333435058594,43.295833587646484,0.6598049250208481,1012.6580200195312,0.10465383529663086,1012.6580200195312
1385,20.112499237060547,39.39250183105469,0.6719692144098903,1018.4114990234375,0.09062004089355469,1018.4114990234375
1386,19.61166763305664,40.529998779296875,0.656449418827413,1002.5516357421875,0.09832805395126343,1002.5516357421875
1387,19.331666946411133,37.494998931884766,0.6749867934842595,981.1272583007812,0.13892769813537598,981.1272583007812
1388,19.628334045410156,39.689998626708984,0.7223483357293912,1009.8280029296875,0.1313208043575287,1009.8280029296875
1389,19.65166664123535,46.6533317565918,0.6397395371502576,981.3067626953125,0.08846837282180786,981.3067626953125
1390,19.969999313354492,41.27916717529297,0.6640138588740961,973.633544921875,0.09358078241348267,973.633544921875
1391,19.907499313354492,36.96333312988281,0.6875126627175061,1036.8548583984375,0.08067011833190918,1036.8548583984375
1392,20.717500686645508,38.830833435058594,0.7200250973470368,1010.0682983398438,0.0991315245628357,1010.0682983398438
1393,19.829166412353516,43.67916488647461,0.7170660584008848,974.9296875,0.0938422679901123,974.9296875
1394,19.96500015258789,41.92250061035156,0.6609464712455935,1028.530517578125,0.10385441780090332,1028.530517578125
1395,19.905834197998047,38.670833587646484,0.6837566697859399,1008.6124877929688,0.11496281623840332,1008.6124877929688
1396,19.808332443237305,37.48416519165039,0.6902880035967818,992.0570678710938,0.11705869436264038,992.0570678710938
1397,20.45833396911621,39.294166564941406,0.6989452105560894,1019.483154296875,0.0831000804901123,1019.483154296875
1398,19.594999313354492,44.13749694824219,0.6612303530998485,1009.2451171875,0.1101263165473938,1009.2451171875
1399,19.559999465942383,36.78750228881836,0.6590148908372184,986.2408447265625,0.1424875259399414,986.2408447265625
1400,20.25666618347168,40.13083267211914,0.6806051715077821,980.7151489257812,0.1218147873878479,980.7151489257812
1401,19.639999389648438,40.07416534423828,0.6825858742915805,1033.420166015625,0.12687695026397705,1033.420166015625
1402,19.689998626708984,41.086666107177734,0.6515673786213982,983.1446533203125,0.11129885911941528,983.1446533203125
1403,19.710832595825195,41.51000213623047,0.6589996553281628,1010.3763427734375,0.09218764305114746,1010.3763427734375
1404,19.645000457763672,36.369998931884766,0.6903200132293732,1004.8723754882812,0.1540769636631012,1004.8723754882812
1405,19.885833740234375,39.76250076293945,0.6944882747395863,1014.4197998046875,0.152305006980896,1014.4197998046875
1406,19.642499923706055,40.203330993652344,0.7056945801835496,1028.6427001953125,0.10526233911514282,1028.6427001953125
1407,19.814998626708984,39.04083251953125,0.6708995791782806,1022.161865234375,0.0984870195388794,1022.161865234375
1408,19.544166564941406,38.10416793823242,0.6530838312998761,1004.5103149414062,0.10446804761886597,1004.5103149414062
1409,19.928333282470703,38.79249954223633,0.6929663525380766,1037.072021484375,0.09866160154342651,1037.072021484375
1410,19.844167709350586,43.378334045410156,0.6947646193183739,982.9536743164062,0.07955676317214966,982.9536743164062
1411,19.917499542236328,34.37916564941406,0.6883940586917678,1023.28857421875,0.09609609842300415,1023.28857421875
1412,20.09083366394043,36.51499938964844,0.6810072296195018,1038.9754638671875,0.12640178203582764,1038.9754638671875
1413,19.733333587646484,39.621665954589844,0.6529517647845836,1015.1931762695312,0.13320580124855042,1015.1931762695312
1414,19.530000686645508,43.087501525878906,0.6525574144538604,998.0391845703125,0.10083204507827759,998.0391845703125
1415,19.712499618530273,39.31416702270508,0.6846114549992828,995.324462890625,0.14532503485679626,995.324462890625
1416,19.58416748046875,40.87916564941406,0.6910061905653977,957.0288696289062,0.09302663803100586,957.0288696289062
1417,19.54833221435547,39.46500015258789,0.6884537461225643,993.4497680664062,0.08978348970413208,993.4497680664062
1418,20.09000015258789,40.796669006347656,0.7167324823103038,1008.24169921875,0.08336132764816284,1008.24169921875
1419,19.829166412353516,46.313331604003906,0.7090205955463561,983.7642822265625,0.08181318640708923,983.7642822265625
1420,19.537500381469727,38.997501373291016,0.6950935461282339,967.449462890625,0.11027741432189941,967.449462890625
1421,19.52750015258789,41.3841667175293,0.695048978939708,1006.5354614257812,0.10632485151290894,1006.5354614257812
1422,19.47166633605957,44.813331604003906,0.7245417135677155,1000.5595703125,0.07455605268478394,1000.5595703125
1423,19.329999923706055,36.68083190917969,0.6878301964861193,977.4378662109375,0.11123490333557129,977.4378662109375
1424,19.82666778564453,43.61249923706055,0.7153105409658198,981.1005249023438,0.07386535406112671,981.1005249023438
1425,19.843334197998047,34.3125,0.7004639711370673,1019.6566772460938,0.17832493782043457,1019.6566772460938
1426,19.550832748413086,37.125,0.7111093140988965,1026.471923828125,0.09274858236312866,1026.471923828125
1427,19.140832901000977,40.578330993652344,0.6800690661378792,967.9297485351562,0.10890394449234009,967.9297485351562
1428,19.72166633605957,37.96583557128906,0.6756019296255851,1066.3134765625,0.10186409950256348,1066.3134765625
1429,19.37583351135254,36.9275016784668,0.6951336855248496,971.4863891601562,0.12721344828605652,971.4863891601562
1430,19.891666412353516,35.855831146240234,0.6678519566512221,1018.95849609375,0.11015552282333374,1018.95849609375
1431,19.046667098999023,35.236663818359375,0.693401498033791,1014.30712890625,0.13715410232543945,1014.30712890625
1432,19.814167022705078,38.11000061035156,0.7094059872533058,1025.603515625,0.12595432996749878,1025.603515625
1433,19.661666870117188,34.703330993652344,0.7040681765669282,1056.065673828125,0.10724592208862305,1056.065673828125
1434,19.6875,38.84000015258789,0.7052561194457854,1033.442626953125,0.1284618377685547,1033.442626953125
1435,19.11250114440918,39.77000045776367,0.6572506396199012,1009.3922119140625,0.10971939563751221,1009.3922119140625
1436,19.642499923706055,36.6158332824707,0.7210111687396652,1031.5706787109375,0.14824384450912476,1031.5706787109375
1437,19.43000030517578,37.71583557128906,0.7021724995601315,997.1886596679688,0.1169896125793457,997.1886596679688
1438,19.691667556762695,35.431663513183594,0.6837721317081861,1031.9498291015625,0.11989843845367432,1031.9498291015625
1439,19.671667098999023,41.2783317565918,0.6818329661505366,979.4807739257812,0.07571625709533691,979.4807739257812
1440,19.57583236694336,41.36833190917969,0.6651835441838131,994.8228759765625,0.10202914476394653,994.8228759765625
1441,19.726667404174805,39.18666458129883,0.6949340944863609,1039.0706787109375,0.12570613622665405,1039.0706787109375
1442,19.796667098999023,40.4466667175293,0.6804867471761828,980.6188354492188,0.11718720197677612,980.6188354492188
1443,19.550832748413086,34.07083511352539,0.6896803975690531,1030.349609375,0.15214622020721436,1030.349609375
1444,19.961666107177734,38.21083450317383,0.6929751502710894,1033.0897216796875,0.09647732973098755,1033.0897216796875
1445,19.634166717529297,40.61833190917969,0.6949944712791167,987.0484619140625,0.09093970060348511,987.0484619140625
1446,19.483333587646484,44.8033332824707,0.6482367267619488,990.6485595703125,0.08517572283744812,990.6485595703125
1447,19.756668090820312,41.08833312988281,0.6623059016460606,998.76025390625,0.0918959379196167,998.76025390625
1448,19.84749984741211,40.871665954589844,0.6851866911861806,1009.5509033203125,0.12006998062133789,1009.5509033203125
1449,19.914167404174805,40.18583297729492,0.7333595883579989,1016.5902709960938,0.07446002960205078,1016.5902709960938
1450,19.88916778564453,43.59416580200195,0.7050208870965663,1027.67236328125,0.08825421333312988,1027.67236328125
1451,19.862499237060547,37.74916458129883,0.6684709502308303,1016.7910766601562,0.11524105072021484,1016.7910766601562
1452,19.915834426879883,41.22166442871094,0.6832194113107718,1039.608642578125,0.0961838960647583,1039.608642578125
1453,19.601667404174805,39.47666549682617,0.6337442989029863,994.662841796875,0.08617174625396729,994.662841796875
1454,19.393333435058594,35.69916915893555,0.6579730688682722,973.7107543945312,0.09740132093429565,973.7107543945312
1455,19.738332748413086,39.301666259765625,0.6628778392191763,1033.8634033203125,0.11339899897575378,1033.8634033203125
1456,19.974166870117188,45.22333526611328,0.6693501631944632,996.108154296875,0.0873497724533081,996.108154296875
1457,19.725833892822266,38.9474983215332,0.6710568727612036,994.5479125976562,0.09538477659225464,994.5479125976562
1458,19.946666717529297,42.820831298828125,0.6350410213401542,1001.6195678710938,0.08458876609802246,1001.6195678710938
1459,19.834999084472656,40.135833740234375,0.715443944790656,999.419677734375,0.0796782374382019,999.419677734375
1460,20.024999618530273,35.59333419799805,0.6596318902072207,1041.3355712890625,0.14891746640205383,1041.3355712890625
1461,20.10249900817871,38.84666442871094,0.6687776811503428,1024.4461669921875,0.11360639333724976,1024.4461669921875
1462,19.851667404174805,38.60333251953125,0.6507570979348001,1017.6900024414062,0.10330671072006226,1017.6900024414062
1463,19.608333587646484,35.60416793823242,0.7121096680044701,1051.350830078125,0.10417687892913818,1051.350830078125
1464,19.511667251586914,40.37916564941406,0.6973417288396024,951.863525390625,0.10852670669555664,951.863525390625
1465,19.810832977294922,40.83250045776367,0.6898272145448411,978.1944580078125,0.09028792381286621,978.1944580078125
1466,19.65166664123535,40.22666931152344,0.733447123547259,995.95849609375,0.10849803686141968,995.95849609375
1467,19.99333381652832,41.81166458129883,0.6887181494475512,999.0081787109375,0.09151124954223633,999.0081787109375
1468,19.640832901000977,38.32749938964844,0.7070524668003562,1012.510986328125,0.10518717765808105,1012.510986328125
1469,19.9375,38.08333206176758,0.6869120137132773,1019.4236450195312,0.0995032787322998,1019.4236450195312
1470,19.913333892822266,39.35166549682617,0.7018054932223246,992.4957275390625,0.12736427783966064,992.4957275390625
1471,19.39750099182129,40.17333221435547,0.6846035955070453,993.8643798828125,0.10849124193191528,993.8643798828125
1472,19.60249900817871,37.885833740234375,0.6697100120562018,1051.9862060546875,0.12370568513870239,1051.9862060546875
1473,19.86750030517578,44.84583282470703,0.6862211062311436,978.827880859375,0.08704620599746704,978.827880859375
1474,20.157499313354492,39.4183349609375,0.6744243470687786,1018.48876953125,0.12958338856697083,1018.48876953125
1475,19.963333129882812,36.81999969482422,0.7036419261157916,1022.5733032226562,0.08333849906921387,1022.5733032226562
1476,20.164165496826172,37.76000213623047,0.6939482153661429,1056.327880859375,0.11207830905914307,1056.327880859375
1477,20.05500030517578,39.084999084472656,0.6662802349133948,1024.15966796875,0.1045922040939331,1024.15966796875
1478,20.022499084472656,45.46916961669922,0.672173631304497,957.8922729492188,0.11644798517227173,957.8922729492188
1479,19.975000381469727,39.70333480834961,0.6763709975018917,1020.7201538085938,0.09852331876754761,1020.7201538085938
1480,19.804166793823242,37.21833038330078,0.668834501970041,1004.9180908203125,0.12727081775665283,1004.9180908203125
1481,19.809167861938477,38.4183349609375,0.6944584011077514,1003.1768798828125,0.09274041652679443,1003.1768798828125
1482,19.741666793823242,35.294166564941406,0.6980785570227904,1012.0864868164062,0.14484351873397827,1012.0864868164062
1483,19.719999313354492,43.48416519165039,0.6805774282256337,999.6535034179688,0.11015376448631287,999.6535034179688
1484,19.33916664123535,36.70083236694336,0.6988135760126514,1021.8663330078125,0.11719083786010742,1021.8663330078125
1485,21.0,39.977500915527344,0.6674682327834062,1011.5077514648438,0.09774959087371826,1011.5077514648438
1486,19.934167861938477,38.858333587646484,0.7162193334130561,1014.250244140625,0.0810467004776001,1014.250244140625
1487,19.28416633605957,34.9466667175293,0.6590923759998913,1016.6069946289062,0.10947936773300171,1016.6069946289062
1488,19.59000015258789,35.275001525878906,0.6885700834547561,1081.6373291015625,0.16065913438796997,1081.6373291015625
1489,19.20916748046875,38.83833312988281,0.6935536126193437,991.8363647460938,0.11388427019119263,991.8363647460938
1490,19.649999618530273,34.99416732788086,0.7022018998677867,1070.2078857421875,0.11791568994522095,1070.2078857421875
1491,19.689998626708984,32.18083190917969,0.6905113451226481,1034.47216796875,0.15219271183013916,1034.47216796875
1492,17.571666717529297,38.80833435058594,0.62502561132315,1127.2891845703125,0.12914320826530457,1127.2891845703125
1493,19.76333236694336,39.39999771118164,0.6591632354539655,956.8194580078125,0.1360790729522705,956.8194580078125
1494,19.954166412353516,41.79500198364258,0.7016648927681493,999.8656616210938,0.0948483943939209,999.8656616210938
1495,19.59666633605957,35.8650016784668,0.6740421677661953,1044.0380859375,0.11142605543136597,1044.0380859375
1496,19.830833435058594,41.67749786376953,0.7249441657979657,1015.5711059570312,0.11191922426223755,1015.5711059570312
1497,19.709999084472656,43.717498779296875,0.6777921482344187,1036.4608154296875,0.11585459113121033,1036.4608154296875
1498,19.510000228881836,40.6158332824707,0.675676614670384,1017.163330078125,0.10671985149383545,1017.163330078125
1499,19.829999923706055,37.41416549682617,0.6703564878684868,1018.6349487304688,0.12326771020889282,1018.6349487304688
1500,19.620832443237305,46.69583511352539,0.7043607622215893,987.6094360351562,0.0902765691280365,987.6094360351562
1501,19.254167556762695,39.84499740600586,0.7146480784022108,1030.2457275390625,0.1182628870010376,1030.2457275390625
1502,19.54833221435547,40.34333038330078,0.691010187259059,1004.1636962890625,0.09205949306488037,1004.1636962890625
1503,20.802499771118164,37.24416732788086,0.6999335069329904,1024.305908203125,0.10509878396987915,1024.305908203125
1504,19.458332061767578,39.919166564941406,0.6327042007742301,1021.5426635742188,0.09928023815155029,1021.5426635742188
1505,20.9325008392334,36.442501068115234,0.6920413326982107,990.761962890625,0.10614114999771118,990.761962890625
1506,19.417499542236328,36.48999786376953,0.6635289112648146,1017.2377319335938,0.1619257628917694,1017.2377319335938
1507,19.474166870117188,39.817501068115234,0.6466056254072762,1041.1258544921875,0.09173315763473511,1041.1258544921875
1508,19.497499465942383,37.98749923706055,0.6720869031374663,979.699462890625,0.09699541330337524,979.699462890625
1509,19.468332290649414,34.560001373291016,0.6666812345101222,1046.2664794921875,0.1347435712814331,1046.2664794921875
1510,19.59000015258789,41.84916687011719,0.6442716543511484,1033.876708984375,0.11666172742843628,1033.876708984375
1511,19.80500030517578,38.85333251953125,0.7045666254387244,1036.6243896484375,0.09938007593154907,1036.6243896484375
1512,19.462499618530273,39.58416748046875,0.6772740604722094,963.58447265625,0.1336500644683838,963.58447265625
1513,19.572500228881836,40.051666259765625,0.7088491823209226,1012.070068359375,0.08255648612976074,1012.070068359375
1514,19.77166748046875,40.87916564941406,0.6483422983938791,1017.6034545898438,0.1018337607383728,1017.6034545898438
1515,19.440832138061523,35.56166458129883,0.6607777106189879,1044.6527099609375,0.11855161190032959,1044.6527099609375
1516,19.56333351135254,41.977500915527344,0.68385199650652,989.977783203125,0.08774715662002563,989.977783203125
1517,19.739168167114258,36.567501068115234,0.6824927599810405,966.1089477539062,0.1048012375831604,966.1089477539062
1518,19.72166633605957,39.98999786376953,0.6877449402744356,988.1095581054688,0.10117101669311523,988.1095581054688
1519,20.085834503173828,41.310001373291016,0.6781870230910705,1044.3170166015625,0.09122693538665771,1044.3170166015625
1520,19.190000534057617,38.255836486816406,0.6861300395826323,977.7434692382812,0.08842390775680542,977.7434692382812
1521,19.963333129882812,40.79916763305664,0.7178116735462989,1027.87841796875,0.09176105260848999,1027.87841796875
1522,19.683332443237305,36.85916519165039,0.6711976506375817,992.2684326171875,0.128404438495636,992.2684326171875
1523,19.955833435058594,40.02083206176758,0.675689306578234,974.2609252929688,0.09509122371673584,974.2609252929688
1524,19.888334274291992,41.9566650390625,0.7190682600967635,984.0364990234375,0.1181592345237732,984.0364990234375
1525,19.793333053588867,35.5533332824707,0.7015433417454945,987.5307006835938,0.0957213044166565,987.5307006835938
1526,19.691667556762695,37.7400016784668,0.6883105905578568,1035.3780517578125,0.12804120779037476,1035.3780517578125
1527,19.918333053588867,40.116668701171875,0.6658587582112065,1019.5383911132812,0.12343636155128479,1019.5383911132812
1528,20.253334045410156,39.608333587646484,0.6737350972214295,1032.3890380859375,0.10736680030822754,1032.3890380859375
1529,19.545000076293945,40.75583267211914,0.6810736973323259,975.9708251953125,0.09082627296447754,975.9708251953125
1530,19.338333129882812,38.80666732788086,0.6610755408736946,1014.03466796875,0.11631810665130615,1014.03466796875
1531,19.766666412353516,35.78499984741211,0.6766713970143998,1017.6491088867188,0.11079120635986328,1017.6491088867188
1532,19.875,38.435001373291016,0.6886414185466854,999.7753295898438,0.12866860628128052,999.7753295898438
1533,19.87583351135254,37.85749816894531,0.7075883208318381,1030.4041748046875,0.1132628321647644,1030.4041748046875
1534,19.93666648864746,37.18333435058594,0.6583769920680625,1019.6402587890625,0.13362997770309448,1019.6402587890625
1535,19.795833587646484,39.20083236694336,0.698578049395598,1055.3533935546875,0.16917234659194946,1055.3533935546875
1536,19.834999084472656,40.57500076293945,0.6938708304871775,993.4036865234375,0.11533385515213013,993.4036865234375
1537,19.796667098999023,42.682498931884766,0.6746635313444808,973.8394775390625,0.11949986219406128,973.8394775390625
1538,19.395832061767578,41.823333740234375,0.6679914856624545,959.3952026367188,0.09433722496032715,959.3952026367188
1539,19.65166664123535,41.856666564941406,0.6968598785730601,1005.5673828125,0.0924077033996582,1005.5673828125
1540,19.740833282470703,37.30666732788086,0.669576360274369,1030.197265625,0.10318416357040405,1030.197265625
1541,19.796667098999023,35.90833282470703,0.7077439536077825,1015.65625,0.11124712228775024,1015.65625
1542,19.435001373291016,37.25583267211914,0.6849012786327284,1006.279541015625,0.10954082012176514,1006.279541015625
1543,19.645000457763672,39.274169921875,0.6442549592231457,1023.7147827148438,0.09316051006317139,1023.7147827148438
1544,19.76333236694336,37.3216667175293,0.7009233866109782,1014.6557006835938,0.09236711263656616,1014.6557006835938
1545,19.854167938232422,45.29750061035156,0.6881767829445674,969.9873046875,0.08815595507621765,969.9873046875
1546,19.560832977294922,42.18000030517578,0.6608311398914377,1018.2656860351562,0.10150182247161865,1018.2656860351562
1547,19.380001068115234,37.7591667175293,0.640759373070031,991.7054443359375,0.13541248440742493,991.7054443359375
1548,19.8174991607666,37.258331298828125,0.6475933760230701,1031.5950927734375,0.11592930555343628,1031.5950927734375
1549,19.975000381469727,44.064998626708984,0.7320539050221557,986.1342163085938,0.08422338962554932,986.1342163085938
1550,19.43666648864746,39.9466667175293,0.6581687722636773,1031.433837890625,0.10213989019393921,1031.433837890625
1551,19.837499618530273,43.514163970947266,0.6697228224999151,980.9901123046875,0.0876011848449707,980.9901123046875
1552,19.737499237060547,40.766666412353516,0.6532101749373683,1023.5035400390625,0.07937055826187134,1023.5035400390625
1553,19.421667098999023,34.63249969482422,0.659825987275696,1041.0159912109375,0.10270184278488159,1041.0159912109375
1554,19.329999923706055,36.962501525878906,0.7197286563209078,1007.833984375,0.15561512112617493,1007.833984375
1555,19.754167556762695,37.775001525878906,0.6646063805629256,1050.2108154296875,0.14655718207359314,1050.2108154296875
1556,20.094165802001953,43.67583465576172,0.7081935396922538,1024.9052734375,0.09275400638580322,1024.9052734375
1557,19.470001220703125,35.81583023071289,0.6651567799326019,984.5147705078125,0.1297461986541748,984.5147705078125
1558,19.50583267211914,38.890830993652344,0.6675258461177023,1034.8155517578125,0.09476029872894287,1034.8155517578125
1559,19.333332061767578,34.12083435058594,0.6669215540651237,1060.8330078125,0.1897110939025879,1060.8330078125
1560,19.889999389648438,45.80666732788086,0.7076166444043891,976.0758056640625,0.09412503242492676,976.0758056640625
1561,19.482500076293945,38.62083435058594,0.622696738967419,1004.6392211914062,0.12007957696914673,1004.6392211914062
1562,19.676666259765625,39.730831146240234,0.6884821377687331,1027.3992919921875,0.06437641382217407,1027.3992919921875
1563,19.974166870117188,41.451663970947266,0.7022134755049376,1015.683349609375,0.08418145775794983,1015.683349609375
1564,19.69333267211914,44.69000244140625,0.6831872643033619,1008.2428588867188,0.0778956413269043,1008.2428588867188
1565,19.72833251953125,42.06416702270508,0.7016088921680966,1009.110107421875,0.13178816437721252,1009.110107421875
1566,19.64583396911621,44.079166412353516,0.6575378869183475,1020.7721557617188,0.08631336688995361,1020.7721557617188
1567,19.205833435058594,34.83250045776367,0.6665636019872746,1001.7203369140625,0.13619071245193481,1001.7203369140625
1568,19.871667861938477,42.17333221435547,0.6650291712753487,983.0567626953125,0.10675057768821716,983.0567626953125
1569,19.854167938232422,43.41166687011719,0.6695445850171639,982.9876098632812,0.07345354557037354,982.9876098632812
1570,19.405000686645508,38.49500274658203,0.6817522023326703,1021.7058715820312,0.1325913667678833,1021.7058715820312
1571,19.614166259765625,37.61916732788086,0.7034018494378251,1039.8262939453125,0.11713987588882446,1039.8262939453125
1572,19.42416763305664,37.651668548583984,0.6630414879444597,1024.1319580078125,0.10953468084335327,1024.1319580078125
1573,19.90833282470703,43.11166763305664,0.6855140763985129,1017.6254272460938,0.10875508189201355,1017.6254272460938
1574,19.585832595825195,38.24749755859375,0.6590477850961032,1041.1036376953125,0.11455821990966797,1041.1036376953125
1575,20.068334579467773,41.304168701171875,0.7248947795747043,1024.31005859375,0.08161306381225586,1024.31005859375
1576,19.98499870300293,44.16083526611328,0.7072022254777728,1014.9038696289062,0.09888529777526855,1014.9038696289062
1577,19.42333221435547,38.45916748046875,0.6562226469057912,1032.0948486328125,0.14993402361869812,1032.0948486328125
1578,19.725833892822266,34.95500183105469,0.6917959255245548,1050.65478515625,0.1323358416557312,1050.65478515625
1579,19.530832290649414,40.99916458129883,0.6936747543008268,996.1337890625,0.1096406877040863,996.1337890625
1580,19.501667022705078,37.11333465576172,0.6983150159530916,1047.7774658203125,0.08911842107772827,1047.7774658203125
1581,20.073333740234375,43.71833038330078,0.6761074094815696,1023.7326049804688,0.07426014542579651,1023.7326049804688
1582,19.77083396911621,37.22999954223633,0.6869558767144386,1045.9627685546875,0.10861420631408691,1045.9627685546875
1583,19.607500076293945,40.061668395996094,0.6864412744273298,1019.046875,0.1060057282447815,1019.046875
1584,19.77916717529297,40.912498474121094,0.6740468817919562,963.039306640625,0.10681089758872986,963.039306640625
1585,19.915834426879883,42.266666412353516,0.6658378153615794,1004.9480590820312,0.10726916790008545,1004.9480590820312
1586,19.308332443237305,36.162498474121094,0.6771867781007952,1028.012939453125,0.14293521642684937,1028.012939453125
1587,20.253334045410156,37.30750274658203,0.6515846804263494,1048.6448974609375,0.13984602689743042,1048.6448974609375
1588,20.051666259765625,42.529998779296875,0.6992659758428218,1020.8599853515625,0.10496747493743896,1020.8599853515625
1589,20.081666946411133,40.77583312988281,0.6385017853764661,1023.66796875,0.10962527990341187,1023.66796875
1590,20.094999313354492,40.13999938964844,0.6749973987111326,1043.0958251953125,0.1224508285522461,1043.0958251953125
1591,19.815834045410156,45.00833511352539,0.65367819464131,993.3408203125,0.0999581515789032,993.3408203125
1592,19.78583335876465,44.9566650390625,0.6257869929524618,992.1141357421875,0.08328956365585327,992.1141357421875
1593,19.97249984741211,38.14083480834961,0.6508964662724697,1037.34375,0.1229504942893982,1037.34375
1594,19.88249969482422,38.17166519165039,0.657212988434191,1024.46875,0.0912545919418335,1024.46875
1595,20.075834274291992,42.3658332824707,0.6564387902138658,993.7568969726562,0.09940296411514282,993.7568969726562
1596,20.003334045410156,42.18333435058594,0.6922986663779902,1031.7734375,0.10012158751487732,1031.7734375
1597,19.73499870300293,39.59749984741211,0.6558534673408911,1018.6867065429688,0.1217089295387268,1018.6867065429688
1598,19.63749885559082,39.58250045776367,0.6521654242854287,1010.8290405273438,0.09321010112762451,1010.8290405273438
1599,20.101665496826172,39.692501068115234,0.640172857058793,1049.61962890625,0.10787999629974365,1049.61962890625
1600,19.90999984741211,42.84166717529297,0.6703880542064888,1039.901123046875,0.11103123426437378,1039.901123046875
1601,20.129165649414062,43.19166564941406,0.6654804825164183,1025.53466796875,0.09384065866470337,1025.53466796875
1602,20.11833381652832,41.81500244140625,0.6429360251724475,1009.0577392578125,0.12272253632545471,1009.0577392578125
1603,22.11750030517578,42.609169006347656,0.641577712312342,1021.7288208007812,0.08129531145095825,1021.7288208007812
1604,19.809167861938477,40.21416473388672,0.6777556812872462,1011.4884033203125,0.0959138572216034,1011.4884033203125
1605,20.50583267211914,42.307498931884766,0.6530634698158192,1031.3160400390625,0.11685818433761597,1031.3160400390625
1606,19.93000030517578,41.5716667175293,0.6973192134778248,1010.626708984375,0.12507164478302002,1010.626708984375
1607,19.850000381469727,39.12083053588867,0.6554782281972015,1038.2152099609375,0.12182477116584778,1038.2152099609375
1608,19.80500030517578,40.58333206176758,0.6463627012606298,994.4390258789062,0.11402952671051025,994.4390258789062
1609,20.092498779296875,41.15833282470703,0.610545262497175,953.275146484375,0.1176740825176239,953.275146484375
1610,19.68666648864746,43.44499969482422,0.6925079904191918,1035.079833984375,0.11815956234931946,1035.079833984375
1611,19.886667251586914,38.71500015258789,0.6444507485269904,1030.1861572265625,0.11277365684509277,1030.1861572265625
1612,19.906667709350586,38.625,0.6683926826452912,1035.7174072265625,0.12750118970870972,1035.7174072265625
1613,19.924999237060547,45.497501373291016,0.5976945543320514,1011.1812744140625,0.09958517551422119,1011.1812744140625
1614,20.202499389648438,44.78333282470703,0.6412220978459197,983.3075561523438,0.12668350338935852,983.3075561523438
1615,19.955833435058594,39.959999084472656,0.6877811719021365,1013.0226440429688,0.10844570398330688,1013.0226440429688
1616,20.01249885559082,41.47166442871094,0.6531376936267669,1062.8250732421875,0.12082135677337646,1062.8250732421875
1617,20.289165496826172,38.5724983215332,0.6749271123079363,1020.8085327148438,0.13436797261238098,1020.8085327148438
1618,20.07499885559082,34.440834045410156,0.6571290704002937,1048.4444580078125,0.08946824073791504,1048.4444580078125
1619,19.84583282470703,39.833335876464844,0.6675998763128481,1030.2332763671875,0.07411128282546997,1030.2332763671875
1620,19.485000610351562,38.301666259765625,0.6747881394611029,1006.281494140625,0.14146581292152405,1006.281494140625
1621,19.732500076293945,40.69333267211914,0.6505162545991756,1010.9900512695312,0.10589569807052612,1010.9900512695312
1622,20.34666633605957,44.169166564941406,0.6563159954028162,1009.8107299804688,0.11242896318435669,1009.8107299804688
1623,20.164165496826172,37.190834045410156,0.6304617346057316,1027.68798828125,0.1272374987602234,1027.68798828125
1624,20.354999542236328,46.44333267211914,0.6608481244817104,1025.8499755859375,0.11998310685157776,1025.8499755859375
1625,20.225000381469727,41.68583297729492,0.6562211762587565,1072.8018798828125,0.12018531560897827,1072.8018798828125
1626,20.1875,38.044166564941406,0.6295432493658873,1025.2025146484375,0.11338984966278076,1025.2025146484375
1627,20.27083396911621,43.86833190917969,0.6446844105461709,1013.7857666015625,0.08160841464996338,1013.7857666015625
1628,20.06999969482422,39.8849983215332,0.7068928870746405,1064.062255859375,0.102245032787323,1064.062255859375
1629,19.656667709350586,36.442501068115234,0.6081539748781478,1019.1604614257812,0.15546852350234985,1019.1604614257812
1630,20.121665954589844,41.49500274658203,0.6722751981876156,1064.736572265625,0.11982172727584839,1064.736572265625
1631,19.79083251953125,44.97416687011719,0.6412394775753871,985.1727294921875,0.11525538563728333,985.1727294921875
1632,19.662498474121094,39.459999084472656,0.619368165787597,1022.2013549804688,0.11552029848098755,1022.2013549804688
1633,20.126667022705078,37.05500030517578,0.6793832487902718,1032.0419921875,0.11867237091064453,1032.0419921875
1634,20.263334274291992,40.79083251953125,0.6489330452983784,1018.9439086914062,0.14558455348014832,1018.9439086914062
1635,19.884166717529297,44.540000915527344,0.6757999284731586,991.9359741210938,0.07515114545822144,991.9359741210938
1636,20.388334274291992,42.518333435058594,0.6368573283075549,1009.1213989257812,0.0980866551399231,1009.1213989257812
1637,20.02916717529297,38.570831298828125,0.6745533740833785,999.8250122070312,0.09752380847930908,999.8250122070312
1638,20.52916717529297,39.920833587646484,0.678087518048283,1027.150390625,0.10793185234069824,1027.150390625
1639,20.247499465942383,42.04750061035156,0.6785129891843089,1029.333984375,0.10491332411766052,1029.333984375
1640,20.338333129882812,45.11833190917969,0.6381013643463245,1012.1231689453125,0.06984439492225647,1012.1231689453125
1641,20.08916664123535,37.72999954223633,0.6815907102538633,961.2811279296875,0.15028411149978638,961.2811279296875
1642,20.22333335876465,35.86750030517578,0.6322205594606823,1048.0206298828125,0.14064007997512817,1048.0206298828125
1643,20.399999618530273,46.36083221435547,0.6559415196454289,1017.1193237304688,0.09599047899246216,1017.1193237304688
1644,19.888334274291992,33.09833526611328,0.6458453923931929,1073.560302734375,0.2153397500514984,1073.560302734375
1645,20.295000076293945,38.19166564941406,0.6424651974990014,1061.8079833984375,0.14794516563415527,1061.8079833984375
1646,20.060832977294922,36.63916778564453,0.6940779396228769,1064.1995849609375,0.132135808467865,1064.1995849609375
1647,20.050832748413086,37.92333221435547,0.6770320371904216,1090.0966796875,0.12416791915893555,1090.0966796875
1648,19.934999465942383,35.268333435058594,0.6828567688033341,1040.2779541015625,0.12129062414169312,1040.2779541015625
1649,20.523334503173828,41.70333480834961,0.6368971353907436,1024.663818359375,0.12715715169906616,1024.663818359375
1650,20.435832977294922,39.915000915527344,0.648762659660997,1073.6497802734375,0.08894866704940796,1073.6497802734375
1651,20.66583251953125,43.84916687011719,0.6095014052757982,1048.652099609375,0.11620241403579712,1048.652099609375
1652,20.361665725708008,43.25,0.6536167465859618,1025.82177734375,0.09181076288223267,1025.82177734375
1653,20.29666519165039,41.06500244140625,0.6610173071765904,1016.0248413085938,0.12151080369949341,1016.0248413085938
1654,20.564167022705078,40.6533317565918,0.6620348423342612,1054.996337890625,0.07385718822479248,1054.996337890625
1655,20.15916633605957,42.12333297729492,0.6401503376621851,994.0065307617188,0.11237409710884094,994.0065307617188
1656,20.404165267944336,41.038333892822266,0.643852248254174,1038.268798828125,0.09956556558609009,1038.268798828125
1657,19.948333740234375,42.51750183105469,0.6503747052448206,1058.95361328125,0.11196446418762207,1058.95361328125
1658,20.530834197998047,43.29249954223633,0.6419250832719667,1010.219482421875,0.103639155626297,1010.219482421875
1659,20.21583366394043,37.0716667175293,0.7045427118459967,1048.219970703125,0.10243046283721924,1048.219970703125
1660,20.106666564941406,42.100830078125,0.6468697120743663,1016.3759765625,0.09430283308029175,1016.3759765625
1661,19.90333366394043,40.21916580200195,0.638871629686968,1062.5191650390625,0.12409317493438721,1062.5191650390625
1662,20.38166618347168,39.02333450317383,0.668882362993895,1041.5540771484375,0.10568839311599731,1041.5540771484375
1663,20.443334579467773,42.31333541870117,0.6889426427819029,1019.0760498046875,0.12436312437057495,1019.0760498046875
1664,20.09000015258789,37.686668395996094,0.6190744331982828,1028.0966796875,0.14837628602981567,1028.0966796875
1665,20.405834197998047,43.15250015258789,0.674353882649292,987.1271362304688,0.11462277173995972,987.1271362304688
1666,20.501667022705078,43.253334045410156,0.681212095392485,1056.5750732421875,0.0951407253742218,1056.5750732421875
1667,20.009166717529297,38.6591682434082,0.6555106560706749,1004.5369262695312,0.12442272901535034,1004.5369262695312
1668,20.05500030517578,38.266666412353516,0.6435055823955873,1093.765869140625,0.12913894653320312,1093.765869140625
1669,20.184999465942383,40.436668395996094,0.6655391113509667,1038.3343505859375,0.12435880303382874,1038.3343505859375
1670,20.462499618530273,41.80583190917969,0.7171262356990218,1008.2833862304688,0.07758784294128418,1008.2833862304688
1671,20.2450008392334,42.6099967956543,0.6593025434302341,1003.08251953125,0.09254738688468933,1003.08251953125
1672,20.36833381652832,43.099998474121094,0.6725419473506605,1016.1503295898438,0.09700512886047363,1016.1503295898438
1673,20.675832748413086,44.65999984741211,0.6517873885152705,1015.3328857421875,0.0920511782169342,1015.3328857421875
1674,19.98666763305664,41.14833450317383,0.6631913289111789,1031.21826171875,0.11162465810775757,1031.21826171875
1675,20.407499313354492,38.87083053588867,0.6417978292496624,1032.1815185546875,0.11577332019805908,1032.1815185546875
1676,20.239999771118164,39.42499923706055,0.6796279739025638,1029.923828125,0.11715424060821533,1029.923828125
1677,20.310834884643555,37.86750030517578,0.6850338158138664,1076.1781005859375,0.16720536351203918,1076.1781005859375
1678,20.454166412353516,37.65416717529297,0.6586349713388664,1076.2838134765625,0.15467262268066406,1076.2838134765625
1679,20.204166412353516,40.051666259765625,0.6097058654514885,975.2354125976562,0.13620716333389282,975.2354125976562
1680,20.61083221435547,39.82583236694336,0.6832524393260266,1026.857177734375,0.10468953847885132,1026.857177734375
1681,20.226665496826172,38.38166427612305,0.6412227665674523,1063.7821044921875,0.10708510875701904,1063.7821044921875
1682,20.262500762939453,39.94750213623047,0.6731646138345848,1033.7044677734375,0.1086072325706482,1033.7044677734375
1683,20.637500762939453,42.029998779296875,0.7173465147854338,1011.6902465820312,0.08274716138839722,1011.6902465820312
1684,20.02750015258789,31.447500228881836,0.7238887920407131,1035.2889404296875,0.161443829536438,1035.2889404296875
1685,20.204999923706055,41.04833221435547,0.6795747729060391,1006.495849609375,0.12752115726470947,1006.495849609375
1686,20.4375,44.51416778564453,0.7001871522179706,1030.98779296875,0.08196783065795898,1030.98779296875
1687,20.61083221435547,40.522499084472656,0.6140179781559252,1027.45556640625,0.11971798539161682,1027.45556640625
1688,19.831666946411133,41.397499084472656,0.641015235542044,980.9572143554688,0.14056396484375,980.9572143554688
1689,19.814998626708984,38.29999923706055,0.6914759612329516,996.9060668945312,0.13773095607757568,996.9060668945312
1690,20.329166412353516,40.77750015258789,0.6285925385352931,1032.5677490234375,0.09689080715179443,1032.5677490234375
1691,20.039167404174805,38.51250076293945,0.6463566178532882,1081.087158203125,0.1446000039577484,1081.087158203125
1692,20.532501220703125,42.63249969482422,0.6899223074830325,1033.1295166015625,0.08208376169204712,1033.1295166015625
1693,20.415000915527344,42.77916717529297,0.6926460318831015,1021.2916870117188,0.08505105972290039,1021.2916870117188
1694,20.10416603088379,36.0716667175293,0.6569387488262382,1074.01318359375,0.14902067184448242,1074.01318359375
1695,20.25,36.75833511352539,0.6887549046648227,1058.5972900390625,0.1156240701675415,1058.5972900390625
1696,20.053333282470703,37.5099983215332,0.6506695566160953,1082.921630859375,0.08820027112960815,1082.921630859375
1697,20.00749969482422,37.94166564941406,0.6767112190885931,991.71875,0.08961641788482666,991.71875
1698,20.399999618530273,43.029998779296875,0.6936367676791424,1038.7159423828125,0.09259259700775146,1038.7159423828125
1699,20.294166564941406,41.23833465576172,0.6578333812264174,1028.1844482421875,0.0969686508178711,1028.1844482421875
1700,19.881668090820312,37.90999984741211,0.6849867288270935,995.9951782226562,0.16012799739837646,995.9951782226562
1701,20.851667404174805,40.24833297729492,0.663987579734579,1041.1962890625,0.08629250526428223,1041.1962890625
1702,20.2450008392334,34.13083267211914,0.6962636502256183,1064.94091796875,0.1475663185119629,1064.94091796875
1703,22.530000686645508,36.795833587646484,0.6109713654272393,1048.9962158203125,0.10284870862960815,1048.9962158203125
1704,20.441665649414062,43.57583236694336,0.6904730633465018,1016.67822265625,0.11985960602760315,1016.67822265625
1705,20.976667404174805,39.30500030517578,0.6856023613949632,991.9747924804688,0.11309713125228882,991.9747924804688
1706,19.975833892822266,41.731666564941406,0.6851151881866915,994.8517456054688,0.12589922547340393,994.8517456054688
1707,20.37583351135254,38.13666534423828,0.6734277045232242,978.8687133789062,0.10788494348526001,978.8687133789062
1708,20.376667022705078,42.99250030517578,0.6348051801099712,1035.2322998046875,0.10395830869674683,1035.2322998046875
1709,20.644166946411133,37.565834045410156,0.6887040472057657,1104.8223876953125,0.09482282400131226,1104.8223876953125
1710,20.119998931884766,43.920833587646484,0.6547562962848855,992.740478515625,0.11883160471916199,992.740478515625
1711,20.246665954589844,34.151668548583984,0.6770116397176146,1078.876708984375,0.1733889877796173,1078.876708984375
1712,20.135833740234375,40.73666763305664,0.7004971491305885,1024.7640380859375,0.09490782022476196,1024.7640380859375
1713,19.9375,39.20083236694336,0.6851142190922176,1012.6658935546875,0.11003386974334717,1012.6658935546875
1714,20.71000099182129,42.74333572387695,0.6823528162159977,1010.1927490234375,0.09106850624084473,1010.1927490234375
1715,19.980833053588867,38.76166534423828,0.6599825682429706,1006.3966674804688,0.10920959711074829,1006.3966674804688
1716,19.949167251586914,35.83416748046875,0.6675152538370062,1016.247314453125,0.1864774525165558,1016.247314453125
1717,19.96666717529297,39.891666412353516,0.6590618699154608,1005.7588500976562,0.14219486713409424,1005.7588500976562
1718,20.119998931884766,40.171669006347656,0.6753933728282047,1012.7005004882812,0.09214311838150024,1012.7005004882812
1719,20.179166793823242,42.1875,0.6527551063387401,988.0277709960938,0.09191003441810608,988.0277709960938
1720,20.204166412353516,39.47666549682617,0.6626860737939058,1020.666259765625,0.11213868856430054,1020.666259765625
1721,19.93666648864746,41.291664123535156,0.6297474473498784,997.6575317382812,0.10916769504547119,997.6575317382812
1722,20.31916618347168,36.695831298828125,0.6697689217339322,1022.4090576171875,0.09320265054702759,1022.4090576171875
1723,20.65416717529297,38.205833435058594,0.6642761117474127,1077.4251708984375,0.1359466314315796,1077.4251708984375
1724,20.391666412353516,39.000831604003906,0.7254242807560399,1076.8553466796875,0.09035766124725342,1076.8553466796875
1725,20.476665496826172,44.15999984741211,0.6699073250105183,1023.0427856445312,0.09274300932884216,1023.0427856445312
1726,20.094165802001953,35.34749984741211,0.7359064497837549,1020.4111938476562,0.1186838150024414,1020.4111938476562
1727,20.070833206176758,38.595001220703125,0.7393703258300433,984.5059204101562,0.10513150691986084,984.5059204101562
1728,20.641666412353516,46.729164123535156,0.6707693620995516,1018.2557983398438,0.09244561195373535,1018.2557983398438
1729,20.43000030517578,37.119998931884766,0.6911912342155776,1054.138916015625,0.12219265103340149,1054.138916015625
1730,20.804166793823242,39.48749923706055,0.6958961373772096,982.1304931640625,0.1029389500617981,982.1304931640625
1731,20.036666870117188,43.5966682434082,0.6460528815261092,1006.5873413085938,0.11403647065162659,1006.5873413085938
1732,21.571666717529297,35.769168853759766,0.709982134841453,1047.746337890625,0.09468483924865723,1047.746337890625
1733,20.508333206176758,40.79166793823242,0.6673828934889124,978.5286865234375,0.13540512323379517,978.5286865234375
1734,19.77166748046875,40.706668853759766,0.7227897139330579,955.918212890625,0.14156553149223328,955.918212890625
1735,19.939998626708984,39.18583297729492,0.7171637386189003,989.1738891601562,0.12717720866203308,989.1738891601562
1736,19.916667938232422,38.168331146240234,0.7231440682325018,989.3782348632812,0.13490405678749084,989.3782348632812
1737,20.06333351135254,39.333335876464844,0.6990892332146694,992.3754272460938,0.10213446617126465,992.3754272460938
1738,19.779998779296875,34.01166915893555,0.7131888195661726,1016.9182739257812,0.14162379503250122,1016.9182739257812
1739,19.54916763305664,40.565834045410156,0.6952651922517068,1010.6029663085938,0.1171194314956665,1010.6029663085938
1740,20.15166664123535,41.44333267211914,0.6837179362196052,1008.3810424804688,0.09436920285224915,1008.3810424804688
1741,20.334999084472656,37.650001525878906,0.7003000892496851,966.8709716796875,0.10768100619316101,966.8709716796875
1742,20.144166946411133,41.91416931152344,0.7270339959733617,1028.7064208984375,0.10062351822853088,1028.7064208984375
1743,20.17583465576172,39.6783332824707,0.6955328819211659,989.4302978515625,0.08946138620376587,989.4302978515625
1744,19.844167709350586,40.1158332824707,0.6747934452021287,989.13623046875,0.10037922859191895,989.13623046875
1745,20.2016658782959,42.91250228881836,0.7085815372192469,1020.1387329101562,0.10207560658454895,1020.1387329101562
1746,20.228334426879883,40.10750198364258,0.7154923113947751,997.2510375976562,0.13441571593284607,997.2510375976562
1747,19.200000762939453,31.889999389648438,0.6950174122980621,1002.5859985351562,0.1226571798324585,1002.5859985351562
1748,19.927499771118164,44.025001525878906,0.6458525329214981,1023.5690307617188,0.12152150273323059,1023.5690307617188
1749,19.711668014526367,37.186668395996094,0.6796939504939304,1046.9814453125,0.1281021237373352,1046.9814453125
1750,20.361665725708008,40.793331146240234,0.7203954105692356,1053.86376953125,0.09046369791030884,1053.86376953125
1751,21.771665573120117,46.28750228881836,0.6740753670238933,997.797607421875,0.10424590110778809,997.797607421875
1752,20.1924991607666,35.579166412353516,0.6774424182503445,1058.9111328125,0.14371895790100098,1058.9111328125
1753,20.633333206176758,37.55833053588867,0.695905099179372,1032.3636474609375,0.1352507770061493,1032.3636474609375
1754,20.045000076293945,41.51333236694336,0.665196415830322,982.9344482421875,0.14448347687721252,982.9344482421875
1755,19.800832748413086,34.1783332824707,0.704190215946447,1046.243408203125,0.19259294867515564,1046.243408203125
1756,20.254165649414062,41.58333206176758,0.6960541405168355,999.7059936523438,0.11178779602050781,999.7059936523438
1757,20.229999542236328,40.919166564941406,0.6654520213366746,980.7474365234375,0.1257685124874115,980.7474365234375
1758,19.97333335876465,36.09333419799805,0.699600999687821,1044.8880615234375,0.13475096225738525,1044.8880615234375
1759,19.86166763305664,40.744998931884766,0.6723320611124866,981.72998046875,0.10333269834518433,981.72998046875
1760,20.463333129882812,37.85499954223633,0.650476218943767,1020.9161987304688,0.13288697600364685,1020.9161987304688
1761,20.193334579467773,37.24333190917969,0.7149030282708048,1037.6795654296875,0.10791003704071045,1037.6795654296875
1762,20.204999923706055,39.28499984741211,0.6305112415634466,963.74609375,0.1327766478061676,963.74609375
1763,19.657499313354492,37.0625,0.6885020238704913,1027.62158203125,0.11913126707077026,1027.62158203125
1764,20.149999618530273,44.12583541870117,0.6780055815427288,983.3200073242188,0.08000922203063965,983.3200073242188
1765,20.114999771118164,42.92166519165039,0.6824048456684054,997.4329833984375,0.09467929601669312,997.4329833984375
1766,19.95916748046875,38.141666412353516,0.6333972302336024,1023.2099609375,0.0807836651802063,1023.2099609375
1767,19.399166107177734,35.5816650390625,0.6777983223110076,1005.8290405273438,0.08982115983963013,1005.8290405273438
1768,19.974166870117188,39.17333221435547,0.6824795427137254,990.0511474609375,0.10198640823364258,990.0511474609375
1769,20.196666717529297,46.16583251953125,0.6274890899704213,979.3043823242188,0.0943835973739624,979.3043823242188
1770,20.05666732788086,41.66416549682617,0.6691507512661619,961.654052734375,0.13904574513435364,961.654052734375
1771,19.991666793823242,38.83333206176758,0.6864063071234056,1025.2568359375,0.12848740816116333,1025.2568359375
1772,19.788333892822266,39.580833435058594,0.6479131691207729,1013.1924438476562,0.0907629132270813,1013.1924438476562
1773,20.107500076293945,38.28249740600586,0.624545418844728,1014.792724609375,0.11358094215393066,1014.792724609375
1774,20.144166946411133,35.93833541870117,0.6452698347895369,1011.2764892578125,0.11232280731201172,1011.2764892578125
1775,19.988332748413086,37.85499954223633,0.6852920145045038,1038.8291015625,0.1006893515586853,1038.8291015625
1776,19.81166648864746,36.36750030517578,0.6717584223063418,1055.7169189453125,0.09695380926132202,1055.7169189453125
1777,21.80500030517578,34.2691650390625,0.6726326693071736,1068.1114501953125,0.14482539892196655,1068.1114501953125
1778,20.615833282470703,42.28666687011719,0.6531688905639943,1010.053955078125,0.08975893259048462,1010.053955078125
1779,20.299165725708008,41.23749923706055,0.6835861412616457,976.6023559570312,0.10648950934410095,976.6023559570312
1780,20.24333381652832,38.76000213623047,0.6997917589144416,1026.6666259765625,0.08994346857070923,1026.6666259765625
1781,19.322500228881836,34.30500030517578,0.6773006683371092,1014.625244140625,0.1277591586112976,1014.625244140625
1782,19.955833435058594,40.62833023071289,0.6817961026451244,1049.3294677734375,0.09528213739395142,1049.3294677734375
1783,20.03416633605957,42.32666778564453,0.7089225968676791,977.9720458984375,0.0745348334312439,977.9720458984375
1784,20.169166564941406,37.546669006347656,0.6543200003576006,1019.111328125,0.10545456409454346,1019.111328125
1785,20.47083282470703,35.77333450317383,0.6691338807822023,974.2285766601562,0.11935806274414062,974.2285766601562
1786,19.516666412353516,32.290000915527344,0.6500291919444503,1019.2525634765625,0.18091917037963867,1019.2525634765625
1787,19.948333740234375,42.559165954589844,0.6639157232449169,994.5573120117188,0.0756387710571289,994.5573120117188
1788,19.706666946411133,39.70333480834961,0.6346087307265166,1078.796630859375,0.11995148658752441,1078.796630859375
1789,20.140832901000977,38.589168548583984,0.7033309489513151,1021.973388671875,0.10588127374649048,1021.973388671875
1790,19.792499542236328,38.734169006347656,0.6828264672702087,981.2044677734375,0.11365959048271179,981.2044677734375
1791,20.059999465942383,36.959999084472656,0.6573772082743344,1038.49755859375,0.15918460488319397,1038.49755859375
1792,20.190834045410156,40.496665954589844,0.6867842580145205,1025.910888671875,0.12005123496055603,1025.910888671875
1793,20.530834197998047,40.42916488647461,0.7169626663105577,1042.9051513671875,0.10931813716888428,1042.9051513671875
1794,19.52666664123535,36.954166412353516,0.6991967242951136,990.0000610351562,0.13507238030433655,990.0000610351562
1795,19.99916648864746,41.30249786376953,0.7164972503079092,989.5818481445312,0.10603830218315125,989.5818481445312
1796,19.920833587646484,37.772499084472656,0.637376257188922,987.9448852539062,0.109080970287323,987.9448852539062
1797,19.988332748413086,40.40416717529297,0.6711384500227111,987.010009765625,0.1183321475982666,987.010009765625
1798,19.864999771118164,40.8841667175293,0.7308884420915694,1028.7706298828125,0.12065449357032776,1028.7706298828125
1799,19.915834426879883,37.62916564941406,0.690824041889373,977.14208984375,0.12289956212043762,977.14208984375
1800,19.415000915527344,35.15749740600586,0.6799368118863888,997.4844970703125,0.1428397297859192,997.4844970703125
1801,19.941667556762695,36.23833465576172,0.6825294013948333,1001.1525268554688,0.1358647346496582,1001.1525268554688
1802,19.698333740234375,36.84499740600586,0.7006988667434897,1081.547607421875,0.17259764671325684,1081.547607421875
1803,19.741666793823242,38.90083312988281,0.6636676264810433,985.8192749023438,0.11093306541442871,985.8192749023438
1804,19.789167404174805,37.11916732788086,0.6863029703405158,1013.3336181640625,0.1077616810798645,1013.3336181640625
1805,19.84166717529297,41.734169006347656,0.646736548456685,1065.9395751953125,0.09618273377418518,1065.9395751953125
1806,20.04916763305664,41.27583312988281,0.6549562509593725,967.3829345703125,0.11713415384292603,967.3829345703125
1807,19.85999870300293,35.45000076293945,0.6759800689018023,1056.8175048828125,0.13749325275421143,1056.8175048828125
1808,19.606666564941406,41.42583465576172,0.6846784832664532,1006.661376953125,0.12307623028755188,1006.661376953125
1809,19.802499771118164,36.635833740234375,0.6581251434353514,1034.26806640625,0.12716251611709595,1034.26806640625
1810,19.794166564941406,37.40666961669922,0.6884911230945285,1048.496337890625,0.11219519376754761,1048.496337890625
1811,20.252500534057617,35.809165954589844,0.7192899174813854,1030.849609375,0.11878299713134766,1030.849609375
1812,20.407499313354492,40.81916809082031,0.6504248374304326,995.8991088867188,0.096640944480896,995.8991088867188
1813,20.39583396911621,36.62750244140625,0.6308156357908233,981.1034545898438,0.08931577205657959,981.1034545898438
1814,20.050832748413086,37.55416488647461,0.6740331637718844,1022.7268676757812,0.11435645818710327,1022.7268676757812
1815,20.246665954589844,39.29166793823242,0.6812029493313312,974.8350219726562,0.12669724225997925,974.8350219726562
1816,19.779998779296875,43.37083435058594,0.6750651163420243,936.3938598632812,0.12054923176765442,936.3938598632812
1817,20.060832977294922,41.73583221435547,0.6910335742455632,966.3792114257812,0.10669690370559692,966.3792114257812
1818,20.25083351135254,34.1441650390625,0.7153865812742936,1010.324462890625,0.15360599756240845,1010.324462890625
1819,19.752498626708984,34.99333190917969,0.6820111525637185,1015.113525390625,0.09100061655044556,1015.113525390625
1820,19.80583381652832,34.5625,0.7121628611567197,1043.499755859375,0.1538849174976349,1043.499755859375
1821,19.677499771118164,41.56500244140625,0.7245486405199747,997.2374267578125,0.08658707141876221,997.2374267578125
1822,19.932498931884766,41.684165954589844,0.7173014700736802,1008.765869140625,0.10503271222114563,1008.765869140625
1823,19.90166664123535,39.121665954589844,0.7257402318983665,980.39208984375,0.11379674077033997,980.39208984375
1824,20.115833282470703,37.56666946411133,0.6959680230128502,1047.2008056640625,0.11672154068946838,1047.2008056640625
1825,20.018333435058594,38.63833236694336,0.6842801931524325,977.2811889648438,0.11284950375556946,977.2811889648438
1826,20.19416618347168,42.26499938964844,0.7030533889183126,1013.42919921875,0.10671907663345337,1013.42919921875
1827,19.751667022705078,34.71249771118164,0.7086932423288351,1029.735595703125,0.11384934186935425,1029.735595703125
1828,20.177499771118164,34.579166412353516,0.7015921799999545,992.859130859375,0.12996339797973633,992.859130859375
1829,19.77916717529297,38.0533332824707,0.7041354987354809,1026.2601318359375,0.08941501379013062,1026.2601318359375
1830,19.65166664123535,38.02333450317383,0.6860783518048026,968.576416015625,0.1047067642211914,968.576416015625
1831,20.24333381652832,35.39583206176758,0.6895098577074716,1073.2364501953125,0.14806196093559265,1073.2364501953125
1832,19.454999923706055,36.279998779296875,0.6760243756779336,1001.9395751953125,0.1312483549118042,1001.9395751953125
1833,20.031665802001953,38.454166412353516,0.6727480307942131,1004.2650756835938,0.11007612943649292,1004.2650756835938
1834,20.371665954589844,36.07583236694336,0.724497610371263,1024.4464111328125,0.15307775139808655,1024.4464111328125
1835,19.99250030517578,39.51250076293945,0.7201514611842641,981.675537109375,0.11968785524368286,981.675537109375
1836,19.393333435058594,36.68333435058594,0.6757145218880087,1023.6161499023438,0.13118594884872437,1023.6161499023438
1837,19.75083351135254,38.897499084472656,0.6481280394392985,1002.8379516601562,0.12710586190223694,1002.8379516601562
1838,20.36750030517578,36.621665954589844,0.6618474524093193,1027.7998046875,0.08400958776473999,1027.7998046875
1839,19.91499900817871,37.9566650390625,0.6619498464821214,1008.94873046875,0.10204249620437622,1008.94873046875
1840,20.193334579467773,42.38750076293945,0.6503729259009035,1035.4625244140625,0.08927077054977417,1035.4625244140625
1841,20.11833381652832,38.14833450317383,0.6776606964325123,1028.7081298828125,0.12975317239761353,1028.7081298828125
1842,20.143333435058594,42.36750030517578,0.6918637124941751,1026.115966796875,0.08770236372947693,1026.115966796875
1843,19.899168014526367,38.79083251953125,0.6495195473823487,1033.923095703125,0.10227543115615845,1033.923095703125
1844,19.88916778564453,38.162498474121094,0.670926440631127,1055.8004150390625,0.1478990912437439,1055.8004150390625
1845,20.231666564941406,37.479164123535156,0.6711927977666501,1020.189453125,0.11782097816467285,1020.189453125
1846,19.967498779296875,39.65999984741211,0.6909139711947017,1008.19140625,0.09886741638183594,1008.19140625
1847,19.553333282470703,39.24833297729492,0.6770101864232743,948.015625,0.12398770451545715,948.015625
1848,19.5674991607666,43.211666107177734,0.6867371231939379,1016.9827270507812,0.10525095462799072,1016.9827270507812
1849,20.439167022705078,41.47666549682617,0.6615139375887589,1004.2186889648438,0.07450878620147705,1004.2186889648438
1850,19.76999855041504,35.522499084472656,0.674839108453305,1004.3042602539062,0.16598263382911682,1004.3042602539062
1851,19.804166793823242,38.09916687011719,0.6805016618823307,1010.1808471679688,0.09668004512786865,1010.1808471679688
1852,19.440000534057617,36.621665954589844,0.6456049519705852,995.3878173828125,0.12944471836090088,995.3878173828125
1853,20.295833587646484,41.8033332824707,0.6195253545665499,993.2498779296875,0.10572919249534607,993.2498779296875
1854,19.77166748046875,35.39583206176758,0.676306938717542,1041.458740234375,0.1288222074508667,1041.458740234375
1855,19.72749900817871,41.50749969482422,0.6149143237203989,1024.4189453125,0.12474024295806885,1024.4189453125
1856,19.995834350585938,39.27750015258789,0.6333455843265746,1000.9879760742188,0.10382300615310669,1000.9879760742188
1857,20.22249984741211,36.38083267211914,0.6772802890068432,1040.6790771484375,0.11156922578811646,1040.6790771484375
1858,19.415000915527344,32.147499084472656,0.6420244269110352,1016.6622924804688,0.15229684114456177,1016.6622924804688
1859,19.81166648864746,36.26750183105469,0.6629662378863349,1038.75830078125,0.12661969661712646,1038.75830078125
1860,19.961666107177734,41.35333251953125,0.6864713199884578,1020.71533203125,0.09533333778381348,1020.71533203125
1861,19.935832977294922,41.01499938964844,0.6449693611251099,996.1336669921875,0.1161353588104248,996.1336669921875
1862,20.024999618530273,41.09000015258789,0.6725858803008746,1000.6022338867188,0.11056756973266602,1000.6022338867188
1863,20.078332901000977,41.34583282470703,0.691762441486691,1031.14599609375,0.11767423152923584,1031.14599609375
1864,19.891666412353516,42.84250259399414,0.663209046759554,1008.9860229492188,0.1093548834323883,1008.9860229492188
1865,20.27666664123535,41.30249786376953,0.6856575253736108,1018.4557495117188,0.0940772294998169,1018.4557495117188
1866,19.96500015258789,39.52583312988281,0.6832114090027015,1009.298095703125,0.11807620525360107,1009.298095703125
1867,19.878334045410156,37.40916442871094,0.6827674642992917,1012.170166015625,0.10353755950927734,1012.170166015625
1868,20.352500915527344,36.71750259399414,0.7063764072036394,986.8696899414062,0.09389597177505493,986.8696899414062
1869,20.080833435058594,35.6783332824707,0.6895950367056451,1001.457763671875,0.15191814303398132,1001.457763671875
1870,20.229999542236328,41.61083221435547,0.6799855504909182,1070.6292724609375,0.12431871891021729,1070.6292724609375
1871,20.02916717529297,41.11249923706055,0.6914103145695386,983.9099731445312,0.12416911125183105,983.9099731445312
1872,20.09166717529297,41.49416732788086,0.6853263816454596,1012.9820556640625,0.10367640852928162,1012.9820556640625
1873,20.610000610351562,42.42499923706055,0.7079920817044905,1008.2633666992188,0.10830956697463989,1008.2633666992188
1874,19.940834045410156,38.66166687011719,0.7062187856107252,991.7235717773438,0.09270620346069336,991.7235717773438
1875,20.450000762939453,37.40250015258789,0.6357128600922618,1029.10791015625,0.13797035813331604,1029.10791015625
1876,20.143333435058594,37.94416809082031,0.6689067228944923,1007.2569580078125,0.11367261409759521,1007.2569580078125
1877,20.1733341217041,37.73749923706055,0.6906123407324947,1055.464111328125,0.11570823192596436,1055.464111328125
1878,20.235000610351562,44.602500915527344,0.6843081365087205,1008.16162109375,0.0783214271068573,1008.16162109375
1879,19.886667251586914,32.6341667175293,0.7065621941453154,1012.8450317382812,0.13333231210708618,1012.8450317382812
1880,20.40250015258789,40.454166412353516,0.7047454483885411,1005.640625,0.1097860038280487,1005.640625
1881,20.52750015258789,39.27000045776367,0.663377866230266,1021.2506103515625,0.11643671989440918,1021.2506103515625
1882,20.1875,38.19166564941406,0.6893789634141692,1018.8092651367188,0.09844151139259338,1018.8092651367188
1883,20.224166870117188,39.385833740234375,0.6744637972732224,1009.4913330078125,0.09882354736328125,1009.4913330078125
1884,20.232500076293945,32.82416915893555,0.6673026212731836,1016.2000122070312,0.1459011435508728,1016.2000122070312
1885,20.422500610351562,42.27000045776367,0.6371943152832744,1002.0438842773438,0.09799590706825256,1002.0438842773438
1886,20.770000457763672,46.33916473388672,0.6790222469087169,995.0311889648438,0.07951915264129639,995.0311889648438
1887,19.854999542236328,35.442501068115234,0.6369603397289549,1040.3603515625,0.11865156888961792,1040.3603515625
1888,20.431665420532227,38.505001068115234,0.6866151544974285,1004.3755493164062,0.10554653406143188,1004.3755493164062
1889,20.614999771118164,38.58250045776367,0.6214268546046108,1068.2294921875,0.0778815746307373,1068.2294921875
1890,20.594165802001953,41.17749786376953,0.647873261547391,1033.599609375,0.10701000690460205,1033.599609375
1891,20.616666793823242,42.609169006347656,0.6605888228960564,1009.3285522460938,0.10357609391212463,1009.3285522460938
1892,19.984167098999023,42.46833419799805,0.6657927693930206,983.713623046875,0.13945475220680237,983.713623046875
1893,20.25749969482422,34.78499984741211,0.6498836856597681,1061.4625244140625,0.1284012794494629,1061.4625244140625
1894,20.434999465942383,39.108333587646484,0.6671011504275844,994.1304931640625,0.0738568902015686,994.1304931640625
1895,19.39000129699707,37.94000244140625,0.6461060334112088,1022.5608520507812,0.09418314695358276,1022.5608520507812
1896,19.725833892822266,33.374168395996094,0.6624084493416597,1019.8637084960938,0.1479177474975586,1019.8637084960938
1897,20.045833587646484,39.56333541870117,0.6922594168095342,1047.970703125,0.11813908815383911,1047.970703125
1898,20.435832977294922,39.48749923706055,0.670205361514149,1033.2828369140625,0.097054123878479,1033.2828369140625
1899,20.508333206176758,41.9908332824707,0.6840178288002297,1023.094970703125,0.08662146329879761,1023.094970703125
1900,19.948333740234375,41.48583221435547,0.6820359415551183,1019.6651000976562,0.1150955855846405,1019.6651000976562
1901,20.155000686645508,37.336666107177734,0.7043906923371874,977.9771118164062,0.12540248036384583,977.9771118164062
1902,20.345834732055664,35.967498779296875,0.6779050681704057,1001.5677490234375,0.09525543451309204,1001.5677490234375
1903,19.979167938232422,40.57416534423828,0.6402703480645687,1003.5873413085938,0.1064874529838562,1003.5873413085938
1904,20.19499969482422,36.811668395996094,0.7320797839158515,1029.714111328125,0.13569384813308716,1029.714111328125
1905,19.939998626708984,40.99916458129883,0.6638829700684374,949.85302734375,0.1246776282787323,949.85302734375
1906,20.2641658782959,39.689998626708984,0.7033752098841175,1018.0230712890625,0.1455700397491455,1018.0230712890625
1907,20.074167251586914,38.07500076293945,0.6656443535541537,977.8074951171875,0.12166950106620789,977.8074951171875
1908,20.065834045410156,38.845001220703125,0.6970918680296009,986.5840454101562,0.08817678689956665,986.5840454101562
1909,20.325834274291992,42.92166519165039,0.6389945627009297,988.6365966796875,0.0924137532711029,988.6365966796875
1910,20.0483341217041,40.557498931884766,0.6958659021552259,1004.534423828125,0.08113163709640503,1004.534423828125
1911,20.176666259765625,37.79916763305664,0.694993902558715,1074.2760009765625,0.12939095497131348,1074.2760009765625
1912,19.94499969482422,43.72083282470703,0.7048781660999531,970.6328735351562,0.08618524670600891,970.6328735351562
1913,20.332500457763672,39.19166564941406,0.6542092329226861,1019.6220092773438,0.12787464261054993,1019.6220092773438
1914,20.46416664123535,36.64833450317383,0.6670051579475036,1032.3353271484375,0.09614372253417969,1032.3353271484375
1915,19.75583267211914,35.839168548583984,0.6480436660778502,1040.7623291015625,0.10480624437332153,1040.7623291015625
1916,20.024166107177734,38.79083251953125,0.6265227701454946,1026.06591796875,0.10011559724807739,1026.06591796875
1917,19.650833129882812,37.15083312988281,0.6862190237104626,1029.7548828125,0.10574996471405029,1029.7548828125
1918,20.085834503173828,35.90416717529297,0.6816264378220627,999.0499877929688,0.09581571817398071,999.0499877929688
1919,19.98499870300293,39.96333312988281,0.6662417219231281,1005.3709106445312,0.09757506847381592,1005.3709106445312
1920,20.22749900817871,40.29999923706055,0.6935441231428705,1002.038330078125,0.10085976123809814,1002.038330078125
1921,20.053333282470703,37.74833297729492,0.6709830810064609,1025.8819580078125,0.09693771600723267,1025.8819580078125
1922,19.68000030517578,33.55833435058594,0.6805893805298493,1027.1917724609375,0.12511348724365234,1027.1917724609375
1923,20.03416633605957,37.65583419799805,0.6342992844931433,1040.4677734375,0.11527955532073975,1040.4677734375
1924,19.764999389648438,38.78333282470703,0.6986953531786958,1052.316650390625,0.108329176902771,1052.316650390625
1925,19.90166664123535,38.8408317565918,0.672514355460391,1044.1627197265625,0.10270154476165771,1044.1627197265625
1926,20.043333053588867,32.900001525878906,0.6654530030782565,1042.7471923828125,0.09881925582885742,1042.7471923828125
1927,20.142499923706055,38.782501220703125,0.6627313883151114,984.524169921875,0.1083366870880127,984.524169921875
1928,20.009166717529297,35.8408317565918,0.6789020910296252,1067.14013671875,0.14601123332977295,1067.14013671875
1929,20.24250030517578,41.10416793823242,0.6885280290125697,986.0804443359375,0.09797197580337524,986.0804443359375
1930,19.620832443237305,35.84166717529297,0.6513189297372793,1028.42529296875,0.0727202296257019,1028.42529296875
1931,19.960832595825195,35.40083312988281,0.6446688406230128,1011.1882934570312,0.13247066736221313,1011.1882934570312
1932,20.163333892822266,39.252498626708984,0.6836597421673971,1040.4381103515625,0.11477968096733093,1040.4381103515625
1933,19.84833335876465,37.81749725341797,0.7047741129065317,982.7899169921875,0.12658506631851196,982.7899169921875
1934,20.68666648864746,39.52583312988281,0.6576635642621543,1068.7353515625,0.09203553199768066,1068.7353515625
1935,20.06916618347168,36.454166412353516,0.6849353167935386,1027.57373046875,0.11466109752655029,1027.57373046875
1936,20.259166717529297,40.225833892822266,0.6889695242448541,1031.2325439453125,0.10008248686790466,1031.2325439453125
1937,20.070833206176758,36.59916687011719,0.6568262165819164,1026.0020751953125,0.08284437656402588,1026.0020751953125
1938,19.954166412353516,40.104164123535156,0.6360470509515711,1007.1322631835938,0.10307937860488892,1007.1322631835938
1939,19.740833282470703,35.919166564941406,0.6750353798523463,1003.7241821289062,0.11672669649124146,1003.7241821289062
1940,20.190000534057617,42.614166259765625,0.6549834643803032,1008.3510131835938,0.11430379748344421,1008.3510131835938
1941,20.28583335876465,40.11833190917969,0.6791913284679687,998.9669799804688,0.11114463210105896,998.9669799804688
1942,19.78583335876465,32.5533332824707,0.6628771838618517,1044.222900390625,0.158688485622406,1044.222900390625
1943,20.023334503173828,42.04666519165039,0.659281958949813,1001.7151489257812,0.0901532769203186,1001.7151489257812
1944,20.43000030517578,39.90666580200195,0.6674029874028703,1016.94873046875,0.08210539817810059,1016.94873046875
1945,19.84833335876465,36.80999755859375,0.6495373958916131,1018.8515014648438,0.10316002368927002,1018.8515014648438
1946,19.929166793823242,38.12333297729492,0.6873536516772613,1015.544677734375,0.12384036183357239,1015.544677734375
1947,20.01249885559082,35.4183349609375,0.704959790307246,1017.3359985351562,0.08848994970321655,1017.3359985351562
1948,19.6733341217041,39.04666519165039,0.6976108921382045,989.943359375,0.10165524482727051,989.943359375
1949,19.981666564941406,37.30083465576172,0.6828360404620729,1000.033935546875,0.08394676446914673,1000.033935546875
1950,19.933334350585938,43.33583450317383,0.6676558362060292,1048.5238037109375,0.09210705757141113,1048.5238037109375
1951,19.59583282470703,41.03583526611328,0.6513447846458998,1042.72900390625,0.1164940595626831,1042.72900390625
1952,20.05500030517578,38.45750045776367,0.6894117479695785,1025.464599609375,0.10293006896972656,1025.464599609375
1953,20.169166564941406,39.538333892822266,0.6951223945985108,999.1580810546875,0.09892475605010986,999.1580810546875
1954,19.823333740234375,39.369998931884766,0.6912954021062352,998.3978881835938,0.1445518136024475,998.3978881835938
1955,19.884166717529297,39.497501373291016,0.7107450728292994,1005.7674560546875,0.10499733686447144,1005.7674560546875
1956,20.44416618347168,44.74333190917969,0.6568507632054774,999.9755859375,0.10974732041358948,999.9755859375
1957,20.37416648864746,43.5625,0.6815598173935423,1006.7716674804688,0.10083276033401489,1006.7716674804688
1958,20.212499618530273,38.205833435058594,0.6764775910914768,1021.1002807617188,0.09109807014465332,1021.1002807617188
1959,20.2450008392334,41.58833312988281,0.6971717588195618,974.2742309570312,0.08420789241790771,974.2742309570312
1960,19.96416664123535,42.52083206176758,0.6855231369507067,1044.8211669921875,0.11030629277229309,1044.8211669921875
1961,20.042499542236328,40.43250274658203,0.6656026471710323,994.0576171875,0.0934482216835022,994.0576171875
1962,19.79749870300293,40.48500061035156,0.7056815726547014,1006.1304931640625,0.13301533460617065,1006.1304931640625
1963,19.816667556762695,36.27666473388672,0.6245366757275995,1031.2794189453125,0.12278640270233154,1031.2794189453125
1964,19.83333396911621,41.0816650390625,0.6635945676986349,1009.1456298828125,0.09565174579620361,1009.1456298828125
1965,19.814167022705078,36.43000030517578,0.642113343709469,1015.2634887695312,0.09100085496902466,1015.2634887695312
1966,20.09166717529297,36.44750213623047,0.6632756770625499,1024.482666015625,0.13424986600875854,1024.482666015625
1967,19.427499771118164,36.06916809082031,0.6600108647926948,1006.5499877929688,0.10249227285385132,1006.5499877929688
1968,19.40416717529297,36.52916717529297,0.660789247434078,992.9523315429688,0.16649746894836426,992.9523315429688
1969,20.051666259765625,41.961666107177734,0.6554978329593532,983.3641357421875,0.09909090399742126,983.3641357421875
1970,19.950834274291992,41.95083236694336,0.6336819283370551,1010.2369995117188,0.08119040727615356,1010.2369995117188
1971,19.67416763305664,38.073333740234375,0.6493589360772251,1004.2496337890625,0.14542758464813232,1004.2496337890625
1972,20.138334274291992,36.63166809082031,0.6256560796542652,1020.868896484375,0.1238851547241211,1020.868896484375
1973,20.142499923706055,43.7783317565918,0.6508937884490599,1024.180908203125,0.09338673949241638,1024.180908203125
1974,19.564167022705078,38.99333572387695,0.6335089579746933,991.3867797851562,0.09427553415298462,991.3867797851562
1975,19.94999885559082,39.831668853759766,0.6857092397991786,1048.9266357421875,0.08671247959136963,1048.9266357421875
1976,19.588333129882812,35.5341682434082,0.6990120890456275,1037.9144287109375,0.13114237785339355,1037.9144287109375
1977,20.017499923706055,39.95166778564453,0.6518980177688078,968.6651611328125,0.07764643430709839,968.6651611328125
1978,20.045000076293945,38.04999923706055,0.6963411176382833,982.2494506835938,0.11779427528381348,982.2494506835938
1979,19.56916618347168,38.09166717529297,0.7152799454016485,1037.87939453125,0.08356481790542603,1037.87939453125
1980,19.822500228881836,43.27583312988281,0.679914831042879,972.3263549804688,0.07221794128417969,972.3263549804688
1981,19.945833206176758,39.6441650390625,0.707663640312269,1036.3087158203125,0.12288367748260498,1036.3087158203125
1982,19.86833381652832,38.24583435058594,0.6366706678957419,1010.7275390625,0.07750934362411499,1010.7275390625
1983,20.31333351135254,37.92583465576172,0.6500479486995125,945.8167724609375,0.08509314060211182,945.8167724609375
1984,22.551666259765625,40.224998474121094,0.6896086186677487,972.8611450195312,0.08781594038009644,972.8611450195312
1985,19.855833053588867,35.765830993652344,0.6428774070847896,1041.0455322265625,0.10133928060531616,1041.0455322265625
1986,20.018333435058594,35.503334045410156,0.6626595205462285,1024.75439453125,0.11262524127960205,1024.75439453125
1987,19.89499855041504,39.855831146240234,0.6632711654572253,1022.076171875,0.10621541738510132,1022.076171875
1988,19.73666763305664,38.734169006347656,0.6899816595206558,956.6522216796875,0.09384983777999878,956.6522216796875
1989,19.79083251953125,35.12249755859375,0.6377621717563227,1006.2864379882812,0.11056822538375854,1006.2864379882812
1990,19.78999900817871,41.42250061035156,0.6743180951481913,1026.3946533203125,0.0862663984298706,1026.3946533203125
1991,19.344167709350586,36.353336334228516,0.6733963538855453,971.0135498046875,0.08772826194763184,971.0135498046875
1992,19.84583282470703,44.045833587646484,0.6336923838215223,1021.8475952148438,0.09344246983528137,1021.8475952148438
1993,20.010833740234375,42.5525016784668,0.6875681368234514,1012.9758911132812,0.08339536190032959,1012.9758911132812
1994,19.768333435058594,38.86249923706055,0.6028366916890349,998.6534423828125,0.11008268594741821,998.6534423828125
1995,19.86833381652832,39.38333511352539,0.6621641791632362,1037.923095703125,0.1547696888446808,1037.923095703125
1996,19.969167709350586,37.84000015258789,0.7051611312328208,1043.188232421875,0.1024201512336731,1043.188232421875
1997,19.63916778564453,37.82666778564453,0.6747767976848282,1028.38916015625,0.10674470663070679,1028.38916015625
1998,19.71666717529297,40.104164123535156,0.6538387226161186,982.1340942382812,0.10576453804969788,982.1340942382812
1999,20.27083396911621,36.47916793823242,0.7131071149201137,1028.563720703125,0.104622483253479,1028.563720703125
2000,20.09749984741211,37.32083511352539,0.6970681590629799,1037.1351318359375,0.08770674467086792,1037.1351318359375
2001,20.19916534423828,43.9033317565918,0.6637808099587452,967.31787109375,0.07202714681625366,967.31787109375
2002,19.485000610351562,38.3841667175293,0.7064339048012598,995.8172607421875,0.11060607433319092,995.8172607421875
2003,20.15250015258789,40.645835876464844,0.6841953453722409,1014.4820556640625,0.12788110971450806,1014.4820556640625
2004,19.623332977294922,38.145835876464844,0.685479954770102,973.9698486328125,0.10988825559616089,973.9698486328125
2005,20.245834350585938,44.720001220703125,0.6795628760953801,1020.6283569335938,0.0858774185180664,1020.6283569335938
2006,20.22333335876465,40.779998779296875,0.6646733549365463,1027.17919921875,0.10085463523864746,1027.17919921875
2007,19.593332290649414,42.217498779296875,0.7055166623388726,1015.2577514648438,0.1011044979095459,1015.2577514648438
2008,19.859167098999023,46.55416488647461,0.6617727561220552,959.75341796875,0.09593024849891663,959.75341796875
2009,19.8799991607666,36.65083312988281,0.6945500008532337,1034.281982421875,0.1119275689125061,1034.281982421875
2010,19.61916732788086,40.241668701171875,0.673139529347657,1008.3983764648438,0.12083405256271362,1008.3983764648438
2011,19.77666664123535,41.60749816894531,0.6832355318629455,963.959716796875,0.08309042453765869,963.959716796875
2012,19.69999885559082,38.31083297729492,0.6371594109793911,1020.3251953125,0.12852174043655396,1020.3251953125
2013,19.71583366394043,38.2408332824707,0.6955540817452506,992.6214599609375,0.1123080849647522,992.6214599609375
2014,20.310834884643555,43.139163970947266,0.6984728813278263,995.1029663085938,0.09216204285621643,995.1029663085938
2015,19.72333335876465,34.41166687011719,0.6944681459320912,1032.0872802734375,0.10883814096450806,1032.0872802734375
2016,19.542499542236328,38.02916717529297,0.7021927445603781,1016.8236694335938,0.12284445762634277,1016.8236694335938
2017,19.836668014526367,39.53750228881836,0.6720339152155212,1013.8993530273438,0.07436537742614746,1013.8993530273438
2018,19.863332748413086,35.81666564941406,0.6656165270830254,998.5911254882812,0.15109670162200928,998.5911254882812
2019,19.835832595825195,43.546669006347656,0.6826327243337325,978.3550415039062,0.11420115828514099,978.3550415039062
2020,19.204166412353516,38.621665954589844,0.6635879419214907,992.7901611328125,0.09927919507026672,992.7901611328125
2021,19.61166763305664,38.40999984741211,0.6513422906450215,981.015380859375,0.09205800294876099,981.015380859375
2022,19.520832061767578,36.24250030517578,0.6561173401755545,989.6285400390625,0.12605977058410645,989.6285400390625
2023,19.8799991607666,39.799163818359375,0.7056744308517714,1027.793212890625,0.1081438660621643,1027.793212890625
2024,19.413331985473633,36.38916778564453,0.6875070566725143,1007.6170043945312,0.143670916557312,1007.6170043945312
2025,19.616666793823242,38.06083297729492,0.6749569902829122,1023.006591796875,0.09827566146850586,1023.006591796875
2026,19.489166259765625,39.16416931152344,0.6630879465665612,1000.1943969726562,0.08019119501113892,1000.1943969726562
2027,19.698333740234375,41.81833267211914,0.650267450581174,1019.7420043945312,0.07530784606933594,1019.7420043945312
2028,19.49916648864746,37.735836029052734,0.7122087824594376,997.9979858398438,0.11049297451972961,997.9979858398438
2029,20.332500457763672,41.01333236694336,0.6738529812526309,1030.524169921875,0.08833354711532593,1030.524169921875
2030,19.90250015258789,35.18666458129883,0.6665565991079416,1007.40625,0.09208405017852783,1007.40625
2031,20.435832977294922,44.97166442871094,0.6388162296152771,1040.610595703125,0.09818145632743835,1040.610595703125
2032,19.788333892822266,39.20249938964844,0.6655476282354328,950.4014892578125,0.10482728481292725,950.4014892578125
2033,19.639999389648438,37.23750305175781,0.687617765133832,1022.7536010742188,0.10859867930412292,1022.7536010742188
2034,19.96500015258789,38.94499969482422,0.6567878392522943,998.0536499023438,0.1252915859222412,998.0536499023438
2035,19.9858341217041,41.18000030517578,0.7012318313201624,982.4603271484375,0.09786233305931091,982.4603271484375
2036,19.753334045410156,39.29083251953125,0.6872868548726498,1009.3912963867188,0.11795943975448608,1009.3912963867188
2037,19.906667709350586,39.22083282470703,0.6856402725169144,1031.3387451171875,0.12039023637771606,1031.3387451171875
2038,19.809167861938477,40.404998779296875,0.6682919265161775,1002.6014404296875,0.08725905418395996,1002.6014404296875
2039,20.209165573120117,45.54249954223633,0.6484993280113673,1002.2711791992188,0.09699773788452148,1002.2711791992188
2040,19.572500228881836,36.48416519165039,0.6655389917999115,1031.637451171875,0.12002545595169067,1031.637451171875
2041,19.316667556762695,37.65250015258789,0.703034517210787,1012.8814697265625,0.10813963413238525,1012.8814697265625
2042,19.952499389648438,42.32749938964844,0.637846913997163,1000.5906982421875,0.09821850061416626,1000.5906982421875
2043,19.53499984741211,34.69583511352539,0.675478061731465,1010.41162109375,0.14657747745513916,1010.41162109375
2044,20.239166259765625,43.086666107177734,0.6770347064235,1001.9043579101562,0.08683806657791138,1001.9043579101562
2045,20.283334732055664,40.133331298828125,0.6560414401378334,1008.8953857421875,0.09704694151878357,1008.8953857421875
2046,19.366666793823242,34.64249801635742,0.6788172929355083,980.545166015625,0.1418406367301941,980.545166015625
2047,19.981666564941406,40.68916702270508,0.672722353835463,1023.175048828125,0.11169594526290894,1023.175048828125
2048,19.592498779296875,36.9275016784668,0.6820418324186528,1029.589111328125,0.13991254568099976,1029.589111328125
2049,19.56833267211914,38.36000061035156,0.6885327937572272,1009.709716796875,0.08308732509613037,1009.709716796875
2050,19.80666732788086,35.608333587646484,0.7120008173228234,987.4414672851562,0.15151700377464294,987.4414672851562
2051,19.734167098999023,37.98500061035156,0.6195497475010158,984.8232421875,0.13910514116287231,984.8232421875
2052,19.559999465942383,37.33833312988281,0.6690541217783024,1016.0603637695312,0.09036475419998169,1016.0603637695312
2053,19.554166793823242,45.475833892822266,0.6330637186545142,952.2813110351562,0.09884557127952576,952.2813110351562
2054,19.363332748413086,38.39500045776367,0.6521158193832803,995.2379760742188,0.1129780113697052,995.2379760742188
2055,19.317501068115234,40.78416442871094,0.6509541748299617,985.002197265625,0.11968642473220825,985.002197265625
2056,19.333332061767578,35.72166442871094,0.6843300914555495,1034.8399658203125,0.0967186689376831,1034.8399658203125
2057,19.45916748046875,40.813331604003906,0.6664052950689858,1011.0304565429688,0.09632420539855957,1011.0304565429688
2058,19.587499618530273,45.36833572387695,0.6751681474794187,961.2088623046875,0.10303664207458496,961.2088623046875
2059,19.20083236694336,37.96833419799805,0.6790322109225122,1009.5197143554688,0.11055147647857666,1009.5197143554688
2060,19.541667938232422,39.92166519165039,0.6562500015611854,1037.2296142578125,0.10788089036941528,1037.2296142578125
2061,19.328332901000977,35.27583312988281,0.6935423923705926,1014.8209838867188,0.12762954831123352,1014.8209838867188
2062,19.489166259765625,42.323333740234375,0.6528145325195867,1034.0194091796875,0.12850600481033325,1034.0194091796875
2063,19.710832595825195,38.64500045776367,0.701656505067705,978.3326416015625,0.1518062949180603,978.3326416015625
2064,19.338333129882812,36.3941650390625,0.6549378977957286,1058.0140380859375,0.10902994871139526,1058.0140380859375
2065,19.329999923706055,40.22249984741211,0.6726320830839507,1026.6923828125,0.0757407546043396,1026.6923828125
2066,19.37416648864746,36.15583419799805,0.6942199242400962,1018.440185546875,0.10268574953079224,1018.440185546875
2067,19.93166732788086,39.57583236694336,0.7017969749614641,984.4867553710938,0.09345120191574097,984.4867553710938
2068,19.428333282470703,31.86333465576172,0.6378377251800224,995.3131103515625,0.1180981993675232,995.3131103515625
2069,19.128332138061523,36.73416519165039,0.6859855892132218,1044.9866943359375,0.12169945240020752,1044.9866943359375
2070,19.689998626708984,39.899166107177734,0.7430046805636848,979.8258056640625,0.10412529110908508,979.8258056640625
2071,19.083332061767578,37.25,0.7171727367902382,1001.9798583984375,0.09818315505981445,1001.9798583984375
2072,19.395000457763672,41.0341682434082,0.6636791325329998,967.2586669921875,0.10197138786315918,967.2586669921875
2073,19.231666564941406,36.95166778564453,0.6657921906384291,1006.7813720703125,0.1147150993347168,1006.7813720703125
2074,19.458332061767578,37.950836181640625,0.671856541021678,1004.9513549804688,0.1513495147228241,1004.9513549804688
2075,20.05583381652832,43.100833892822266,0.6772470624195615,951.4591674804688,0.07666689157485962,951.4591674804688
2076,19.196666717529297,37.42333221435547,0.6474874514100066,1013.97509765625,0.13675323128700256,1013.97509765625
2077,19.25749969482422,40.77916717529297,0.6817743651972974,988.9500732421875,0.08920589089393616,988.9500732421875
2078,19.038333892822266,39.217498779296875,0.65470905834385,992.4462890625,0.08292877674102783,992.4462890625
2079,19.834999084472656,39.035831451416016,0.678624544986082,1028.33447265625,0.10448682308197021,1028.33447265625
2080,19.445833206176758,41.871665954589844,0.6632593926887558,1037.751953125,0.08774244785308838,1037.751953125
2081,19.323331832885742,39.901668548583984,0.6832186010786334,1001.4047241210938,0.09976112842559814,1001.4047241210938
2082,19.22833251953125,38.42250061035156,0.7001017419456033,997.09375,0.10541945695877075,997.09375
2083,19.134166717529297,38.92333221435547,0.6489747548897424,986.3399658203125,0.10915261507034302,986.3399658203125
2084,19.40916633605957,37.662498474121094,0.6868617975845867,1073.5589599609375,0.10476559400558472,1073.5589599609375
2085,19.066665649414062,35.929168701171875,0.6894339353730323,1013.5542602539062,0.11763590574264526,1013.5542602539062
2086,19.192501068115234,39.17583084106445,0.7053497669675746,1006.6908569335938,0.09336161613464355,1006.6908569335938
2087,19.207500457763672,37.913333892822266,0.6987132222859727,1038.4697265625,0.12220567464828491,1038.4697265625
2088,19.175832748413086,40.80500030517578,0.6594664943288833,1026.6273193359375,0.09638166427612305,1026.6273193359375
2089,19.536666870117188,38.420833587646484,0.6389814111295874,994.4080200195312,0.08639055490493774,994.4080200195312
2090,19.612499237060547,42.1158332824707,0.6672596446283874,1018.650634765625,0.09816223382949829,1018.650634765625
2091,19.58416748046875,43.65833282470703,0.694324554822104,993.1784057617188,0.09422114491462708,993.1784057617188
2092,18.919166564941406,34.018333435058594,0.6885672858408483,1019.6266479492188,0.11917036771774292,1019.6266479492188
2093,19.54916763305664,43.13166809082031,0.692801128923907,987.4740600585938,0.09820032119750977,987.4740600585938
2094,19.33416748046875,36.57999801635742,0.7040535829286052,1011.7344360351562,0.11359608173370361,1011.7344360351562
2095,19.280000686645508,37.546669006347656,0.6948432729165072,1029.29150390625,0.1432393491268158,1029.29150390625
2096,19.072500228881836,39.121665954589844,0.6819513440173777,1030.626953125,0.08276790380477905,1030.626953125
2097,19.51333236694336,35.36750030517578,0.6682707240152209,1011.6986083984375,0.10030180215835571,1011.6986083984375
2098,19.47833251953125,35.70000076293945,0.660053594017987,986.4269409179688,0.07525765895843506,986.4269409179688
2099,19.559167861938477,40.627498626708984,0.672488932739457,1008.0693359375,0.09186536073684692,1008.0693359375
2100,19.52666664123535,36.02833557128906,0.7203137968567673,1018.08251953125,0.08920049667358398,1018.08251953125
2101,19.982500076293945,40.189998626708984,0.6905803765929254,967.5404663085938,0.11133551597595215,967.5404663085938
2102,19.2450008392334,38.945831298828125,0.6994673761745471,1025.5927734375,0.1010623574256897,1025.5927734375
2103,19.267499923706055,39.44999694824219,0.696192203080038,1004.0108032226562,0.08662348985671997,1004.0108032226562
2104,19.302499771118164,36.538333892822266,0.6612632585440271,994.1475830078125,0.098377525806427,994.1475830078125
2105,19.41666603088379,39.34333419799805,0.6645806825294667,1020.89599609375,0.08933162689208984,1020.89599609375
2106,19.44416618347168,40.34333038330078,0.7313649972768912,1053.97412109375,0.06992954015731812,1053.97412109375
2107,19.02916717529297,33.619163513183594,0.6895310972390479,1046.9896240234375,0.10223233699798584,1046.9896240234375
2108,19.80500030517578,37.73249816894531,0.6812144380214973,968.00439453125,0.07939141988754272,968.00439453125
2109,19.635000228881836,40.456668853759766,0.6724319279918516,1040.9256591796875,0.09226268529891968,1040.9256591796875
2110,19.165000915527344,38.59333419799805,0.7130208303676548,1015.711181640625,0.12285676598548889,1015.711181640625
2111,19.539167404174805,41.00583267211914,0.6802132545720296,1024.060302734375,0.10615357756614685,1024.060302734375
2112,19.756668090820312,43.65916442871094,0.6742425116978978,1016.1799926757812,0.08993875980377197,1016.1799926757812
2113,19.235000610351562,36.369998931884766,0.6762520436645179,989.6288452148438,0.09385484457015991,989.6288452148438
2114,19.16750144958496,38.20249938964844,0.7057827596463264,976.826904296875,0.10105651617050171,976.826904296875
2115,18.969165802001953,35.82833480834961,0.6920053820457677,968.0360717773438,0.09856367111206055,968.0360717773438
2116,19.453332901000977,41.96666717529297,0.6821386932505926,982.3370971679688,0.07708793878555298,982.3370971679688
2117,19.594999313354492,39.122501373291016,0.6712530453813372,985.2569580078125,0.09364712238311768,985.2569580078125
2118,19.305831909179688,38.169166564941406,0.6811316065682569,964.1072387695312,0.10137838125228882,964.1072387695312
2119,19.643333435058594,38.72416687011719,0.6951774975073061,976.2452392578125,0.08526521921157837,976.2452392578125
2120,19.65166664123535,38.07416534423828,0.6807861291981017,1005.541015625,0.0793309211730957,1005.541015625
2121,19.724166870117188,38.95500183105469,0.6564929707041923,1045.6627197265625,0.11855247616767883,1045.6627197265625
2122,19.828332901000977,41.008331298828125,0.6624007212348312,985.9013061523438,0.07799029350280762,985.9013061523438
2123,19.269166946411133,35.8025016784668,0.6893618763314209,1014.680419921875,0.09626263380050659,1014.680419921875
2124,19.455833435058594,43.30083465576172,0.6490955144264868,973.2388305664062,0.08963429927825928,973.2388305664062
2125,19.83249855041504,38.705833435058594,0.699675569570934,1012.0598754882812,0.09402722120285034,1012.0598754882812
2126,19.359167098999023,37.046669006347656,0.6790259783594317,980.185546875,0.08309310674667358,980.185546875
2127,19.718332290649414,43.31416702270508,0.6510727550925073,980.420654296875,0.10567617416381836,980.420654296875
2128,21.774166107177734,44.25083541870117,0.6199376068315039,987.7136840820312,0.07118755578994751,987.7136840820312
2129,19.748332977294922,39.01499938964844,0.7044580034200902,1012.9624633789062,0.07082808017730713,1012.9624633789062
2130,19.435832977294922,41.54750061035156,0.6736293104875226,996.4950561523438,0.08585292100906372,996.4950561523438
2131,19.274166107177734,42.24833297729492,0.6624384725568907,997.294677734375,0.10383731126785278,997.294677734375
2132,19.559999465942383,41.58749771118164,0.7011701395763212,987.8880615234375,0.06972169876098633,987.8880615234375
2133,19.538333892822266,39.90916442871094,0.669253958175011,986.0581665039062,0.10313034057617188,986.0581665039062
2134,19.54083251953125,44.311668395996094,0.6404096365360786,1001.50390625,0.09645333886146545,1001.50390625
2135,19.332500457763672,40.0908317565918,0.6877604931539469,988.4296875,0.11718523502349854,988.4296875
2136,19.501667022705078,39.76750183105469,0.6857483520346777,974.7530517578125,0.08635234832763672,974.7530517578125
2137,18.93000030517578,39.06999969482422,0.6685062515368589,1033.625732421875,0.11570072174072266,1033.625732421875
2138,19.281665802001953,37.407501220703125,0.6988539639948532,1022.5934448242188,0.12510135769844055,1022.5934448242188
2139,18.83500099182129,34.00749969482422,0.6665652295739264,1069.0072021484375,0.14215874671936035,1069.0072021484375
2140,19.210832595825195,37.88916778564453,0.6754847002916525,1013.6655883789062,0.1464223563671112,1013.6655883789062
2141,19.00666618347168,35.705833435058594,0.6925592851924942,974.8922729492188,0.12226983904838562,974.8922729492188
2142,19.241666793823242,37.54083251953125,0.6552883943397172,1042.3206787109375,0.11068344116210938,1042.3206787109375
2143,19.66583251953125,39.9658317565918,0.6665195449831736,992.0741577148438,0.08493858575820923,992.0741577148438
2144,19.28333282470703,37.41166687011719,0.7058066438514486,1042.583251953125,0.09830260276794434,1042.583251953125
2145,18.939167022705078,36.69916534423828,0.693781840017949,1004.9312133789062,0.09204655885696411,1004.9312133789062
2146,19.4950008392334,43.084163665771484,0.6595412240564285,1032.1544189453125,0.0943543016910553,1032.1544189453125
2147,19.41666603088379,37.567501068115234,0.6710675068456938,1021.7083129882812,0.1149742603302002,1021.7083129882812
2148,19.34083366394043,37.602500915527344,0.6995800871734323,1010.2471923828125,0.0797002911567688,1010.2471923828125
2149,19.295833587646484,35.06166458129883,0.6877944498867061,1025.57763671875,0.12686395645141602,1025.57763671875
2150,19.33416748046875,36.766666412353516,0.6469759053205014,977.410400390625,0.10292267799377441,977.410400390625
2151,19.445833206176758,39.459999084472656,0.6831354683680043,978.4456787109375,0.12651413679122925,978.4456787109375
2152,19.030000686645508,36.705833435058594,0.7115461517457689,1036.6077880859375,0.10444968938827515,1036.6077880859375
2153,19.016666412353516,39.38333511352539,0.6598446350818854,958.4906616210938,0.10728919506072998,958.4906616210938
2154,19.260831832885742,35.804168701171875,0.6934577067411891,1057.0089111328125,0.1247098445892334,1057.0089111328125
2155,19.191665649414062,36.50250244140625,0.6396579714072015,1003.73681640625,0.10678154230117798,1003.73681640625
2156,19.34583282470703,38.7408332824707,0.611513118660616,1000.9078369140625,0.12198546528816223,1000.9078369140625
2157,19.40999984741211,35.510833740234375,0.7162093053187014,1006.2977294921875,0.15940487384796143,1006.2977294921875
2158,19.441667556762695,40.94916534423828,0.662184375674,1006.1641235351562,0.0991273820400238,1006.1641235351562
2159,19.059165954589844,33.82250213623047,0.6823966355308191,1026.3541259765625,0.1349492073059082,1026.3541259765625
2160,19.37416648864746,42.81416702270508,0.6557909120366441,1023.0762939453125,0.07043445110321045,1023.0762939453125
2161,19.22916603088379,41.791664123535156,0.707173900995091,979.8605346679688,0.11802282929420471,979.8605346679688
2162,19.84833335876465,39.19166564941406,0.6723332484887183,996.22509765625,0.07006233930587769,996.22509765625
2163,19.387500762939453,39.70166778564453,0.6982758085050578,991.4173583984375,0.10985875129699707,991.4173583984375
2164,19.452499389648438,38.71083068847656,0.6797033992348706,1038.2625732421875,0.10013967752456665,1038.2625732421875
2165,19.564167022705078,38.61000061035156,0.6899735110847275,1053.877197265625,0.10808706283569336,1053.877197265625
2166,19.905834197998047,37.913333892822266,0.6787609067829843,1005.4142456054688,0.0834384560585022,1005.4142456054688
2167,19.61166763305664,39.15083312988281,0.6716473330809439,989.8931884765625,0.08982795476913452,989.8931884765625
2168,19.412500381469727,37.48583221435547,0.6706115802862842,1000.267578125,0.1117294430732727,1000.267578125
2169,19.545833587646484,39.10749816894531,0.691681515745442,1011.3023071289062,0.07648199796676636,1011.3023071289062
2170,19.288331985473633,36.4283332824707,0.6550547808863673,984.8748168945312,0.10812938213348389,984.8748168945312
2171,19.56166648864746,41.27583312988281,0.6703582155315446,1006.5961303710938,0.08113467693328857,1006.5961303710938
2172,19.101667404174805,37.10750198364258,0.661639541274136,995.410888671875,0.11752504110336304,995.410888671875
2173,19.24416732788086,38.80000305175781,0.6746304717785528,1014.8252563476562,0.10444045066833496,1014.8252563476562
2174,19.487499237060547,38.99833297729492,0.6610826211720295,1031.9879150390625,0.1321367621421814,1031.9879150390625
2175,19.27750015258789,36.68583297729492,0.6610254341024299,1015.400634765625,0.11645084619522095,1015.400634765625
2176,19.170000076293945,34.342498779296875,0.6493663818546265,1009.5827026367188,0.10602706670761108,1009.5827026367188
2177,19.22333335876465,40.90083312988281,0.6216448611981988,1019.9239501953125,0.11059117317199707,1019.9239501953125
2178,19.36750030517578,40.48250198364258,0.6991740258304859,979.1702880859375,0.10280242562294006,979.1702880859375
2179,19.06333351135254,38.704166412353516,0.6819495247648728,1004.0651245117188,0.10681819915771484,1004.0651245117188
2180,19.48583221435547,38.4908332824707,0.6308667903723069,954.8857421875,0.07488769292831421,954.8857421875
2181,19.77833366394043,38.874168395996094,0.6705473008105988,1011.291748046875,0.09007132053375244,1011.291748046875
2182,19.518333435058594,41.541664123535156,0.6488733938112117,972.3255615234375,0.08390355110168457,972.3255615234375
2183,19.34833335876465,39.872501373291016,0.6664603657590796,1022.0764770507812,0.09151482582092285,1022.0764770507812
2184,19.190832138061523,43.717498779296875,0.6858292116952106,1028.51318359375,0.10731619596481323,1028.51318359375
2185,19.63916778564453,40.91416549682617,0.6680026252741291,987.9616088867188,0.09574756026268005,987.9616088867188
2186,19.366666793823242,43.00250244140625,0.65906813355626,975.4161376953125,0.09281998872756958,975.4161376953125
2187,18.790834426879883,39.36083221435547,0.6778372712824096,961.2401123046875,0.1359044313430786,961.2401123046875
2188,19.12583351135254,40.100833892822266,0.6841655890900233,1022.3472900390625,0.08647733926773071,1022.3472900390625
2189,19.608333587646484,47.184165954589844,0.676911590875264,969.0414428710938,0.0764116644859314,969.0414428710938
2190,19.510000228881836,41.46000289916992,0.6457346085690947,990.2564086914062,0.11638286709785461,990.2564086914062
2191,19.236665725708008,38.56166458129883,0.6929859555469107,1034.366455078125,0.08988869190216064,1034.366455078125
2192,19.425832748413086,38.88916778564453,0.6967589477596701,988.7352294921875,0.12104666233062744,988.7352294921875
2193,19.336666107177734,41.94166564941406,0.6779490032167211,990.7130737304688,0.08969363570213318,990.7130737304688
2194,19.664167404174805,43.40916442871094,0.7020477232522884,1013.4802856445312,0.08945021033287048,1013.4802856445312
2195,19.433332443237305,39.18833541870117,0.7189802963144978,994.1834716796875,0.10183584690093994,994.1834716796875
2196,19.321666717529297,39.05666732788086,0.6989944428347519,983.7947998046875,0.0764923095703125,983.7947998046875
2197,19.877498626708984,39.983333587646484,0.7095392128278531,1004.2366943359375,0.11587324738502502,1004.2366943359375
2198,19.564167022705078,41.5625,0.684415727034583,999.8336181640625,0.1377635896205902,999.8336181640625
2199,19.260000228881836,37.950836181640625,0.6928206540784729,976.9468383789062,0.10188102722167969,976.9468383789062
2200,19.857500076293945,39.4566650390625,0.6918315589104802,971.0703125,0.10276472568511963,971.0703125
2201,19.28416633605957,42.5908317565918,0.6733392578351078,1008.3203735351562,0.08953925967216492,1008.3203735351562
2202,19.269166946411133,41.688331604003906,0.6793545857677914,968.41796875,0.09045630693435669,968.41796875
2203,21.823333740234375,41.0966682434082,0.6620450794074638,1014.2110595703125,0.08270430564880371,1014.2110595703125
2204,19.270000457763672,36.29666519165039,0.7022477887383715,993.8073120117188,0.10231852531433105,993.8073120117188
2205,19.541667938232422,41.40166473388672,0.6566060527103584,1027.3909912109375,0.07433301210403442,1027.3909912109375
2206,19.289167404174805,40.227500915527344,0.6727044684240182,1002.22509765625,0.10262471437454224,1002.22509765625
2207,19.552499771118164,39.25666809082031,0.6736500269594159,1011.1746215820312,0.12376517057418823,1011.1746215820312
2208,19.14750099182129,39.24333572387695,0.6357485445624272,988.1519775390625,0.08784914016723633,988.1519775390625
2209,19.44416618347168,39.584999084472656,0.6832160191606061,1011.5211181640625,0.13031485676765442,1011.5211181640625
2210,19.924999237060547,42.05833435058594,0.6988696402904948,959.3507080078125,0.07740741968154907,959.3507080078125
2211,19.30000114440918,36.09333419799805,0.6878448693293019,1013.8178100585938,0.09446471929550171,1013.8178100585938
2212,19.208332061767578,35.98833465576172,0.6850294417898563,1038.7244873046875,0.1127462089061737,1038.7244873046875
2213,19.365001678466797,40.59416580200195,0.651418267862508,1017.7216186523438,0.08826547861099243,1017.7216186523438
2214,19.46416664123535,43.301666259765625,0.6667170683747312,982.966064453125,0.12852507829666138,982.966064453125
2215,19.429166793823242,41.646663665771484,0.6835352775310412,993.5979614257812,0.10047945380210876,993.5979614257812
2216,19.47833251953125,40.3216667175293,0.6790310985589683,940.3942260742188,0.08420819044113159,940.3942260742188
2217,19.394166946411133,40.11166763305664,0.7017153816159465,979.2905883789062,0.11472520232200623,979.2905883789062
2218,19.86833381652832,39.95000076293945,0.6749564209096549,1000.466552734375,0.06154453754425049,1000.466552734375
2219,19.68166732788086,48.231666564941406,0.6720076746073445,952.0670776367188,0.0937764048576355,952.0670776367188
2220,19.11916732788086,38.499168395996094,0.687393540789019,967.9939575195312,0.09313255548477173,967.9939575195312
2221,19.47083282470703,42.8849983215332,0.6744007261238758,1008.3992309570312,0.06343024969100952,1008.3992309570312
2222,19.791667938232422,46.022499084472656,0.6785447045853468,976.8106689453125,0.09067797660827637,976.8106689453125
2223,19.101667404174805,37.005001068115234,0.6733089208276212,949.8904418945312,0.08873075246810913,949.8904418945312
2224,19.72833251953125,42.801666259765625,0.690555722425495,985.8010864257812,0.06441634893417358,985.8010864257812
2225,19.380001068115234,35.67416763305664,0.7001509296852109,1007.3052978515625,0.15864652395248413,1007.3052978515625
2226,19.427499771118164,38.7591667175293,0.7075042869409581,984.9579467773438,0.08710610866546631,984.9579467773438
2227,19.254167556762695,39.6775016784668,0.6585017844406537,968.2232055664062,0.119036465883255,968.2232055664062
2228,19.441667556762695,38.061668395996094,0.6594114209426577,1035.028076171875,0.10806518793106079,1035.028076171875
2229,19.321666717529297,38.9375,0.6679258043635534,945.1235961914062,0.11356097459793091,945.1235961914062
2230,19.452499389648438,36.165000915527344,0.6963173395577833,1002.63720703125,0.08306437730789185,1002.63720703125
2231,18.821666717529297,35.81583023071289,0.6783447279988857,1013.7879028320312,0.09289366006851196,1013.7879028320312
2232,19.342500686645508,38.454166412353516,0.7282146676777035,1000.5133056640625,0.1024588942527771,1000.5133056640625
2233,19.040000915527344,34.29916763305664,0.6786135251038393,1045.11279296875,0.10110056400299072,1045.11279296875
2234,19.518333435058594,40.479164123535156,0.6554697763774058,1018.7772216796875,0.09055745601654053,1018.7772216796875
2235,19.10416603088379,43.30083465576172,0.6792649679404196,992.8261108398438,0.09525656700134277,992.8261108398438
2236,19.143333435058594,36.4466667175293,0.6924748941546967,1027.9122314453125,0.07221221923828125,1027.9122314453125
2237,19.044166564941406,37.75416564941406,0.6847383521087965,999.1361694335938,0.09369206428527832,999.1361694335938
2238,19.075000762939453,38.236663818359375,0.6968772240362838,1011.3978271484375,0.1044851541519165,1011.3978271484375
2239,19.44333267211914,40.823333740234375,0.6696580929561825,979.1177368164062,0.09944283962249756,979.1177368164062
2240,19.04166603088379,41.76333236694336,0.6710631635974542,993.032470703125,0.10747432708740234,993.032470703125
2241,19.512500762939453,40.01499938964844,0.6955997968373329,1021.9824829101562,0.07163363695144653,1021.9824829101562
2242,19.255001068115234,40.52000045776367,0.6295533104110196,991.234375,0.1043500304222107,991.234375
2243,18.707500457763672,35.045833587646484,0.6892660181051804,1027.222900390625,0.10034948587417603,1027.222900390625
2244,19.289167404174805,36.5099983215332,0.6984602153033352,1001.5663452148438,0.10380619764328003,1001.5663452148438
2245,19.171667098999023,40.65416717529297,0.6840615057459656,983.7828979492188,0.12623628973960876,983.7828979492188
2246,19.329999923706055,44.77750015258789,0.6514613040694497,974.4089965820312,0.08734637498855591,974.4089965820312
2247,19.120832443237305,39.50833511352539,0.6778089822650792,986.1204223632812,0.07458138465881348,986.1204223632812
2248,19.241666793823242,40.06083297729492,0.7037822290232091,980.764404296875,0.07938158512115479,980.764404296875
2249,19.379167556762695,39.477500915527344,0.7093752593638469,998.6489868164062,0.09312883019447327,998.6489868164062
2250,19.470001220703125,44.47416687011719,0.7240057683328467,987.0242309570312,0.11428418755531311,987.0242309570312
2251,19.304166793823242,35.73833465576172,0.7067647268544275,993.0473022460938,0.10480672121047974,993.0473022460938
2252,19.419166564941406,40.78416442871094,0.6991458483508516,1006.9623413085938,0.11649441719055176,1006.9623413085938
2253,18.96500015258789,38.76166534423828,0.6691375035584356,996.0910034179688,0.09434705972671509,996.0910034179688
2254,18.65999984741211,34.9466667175293,0.6740291217468326,984.2045288085938,0.12953802943229675,984.2045288085938
2255,19.371665954589844,40.67416763305664,0.6658727030856094,997.3256225585938,0.07725006341934204,997.3256225585938
2256,19.67249870300293,44.18333435058594,0.6074417991183243,986.434814453125,0.09730365872383118,986.434814453125
2257,19.16666603088379,37.32416534423828,0.7151942009211275,975.6213989257812,0.08808392286300659,975.6213989257812
2258,19.649168014526367,41.415000915527344,0.6781620438659989,986.3309326171875,0.09010154008865356,986.3309326171875
2259,19.37416648864746,38.08833312988281,0.622716143779648,991.2850341796875,0.07920724153518677,991.2850341796875
2260,19.19333267211914,35.42333221435547,0.6825481282960961,1012.3104858398438,0.08878183364868164,1012.3104858398438
2261,19.09749984741211,36.46999740600586,0.7305803615862484,1011.385498046875,0.08467727899551392,1011.385498046875
2262,19.236665725708008,37.02916717529297,0.6928163643627357,976.6802368164062,0.0902135968208313,976.6802368164062
2263,18.809999465942383,34.79999923706055,0.6933985481465749,1020.5343627929688,0.1110273003578186,1020.5343627929688
2264,18.91083335876465,39.27166748046875,0.7111724542280037,959.732177734375,0.10133549571037292,959.732177734375
2265,19.203332901000977,40.85416793823242,0.6695515358632238,984.4440307617188,0.10236087441444397,984.4440307617188
2266,19.2641658782959,39.07416915893555,0.7009064032875034,975.399169921875,0.08330494165420532,975.399169921875
2267,19.502500534057617,40.50749969482422,0.7013622106972701,988.8733520507812,0.07584291696548462,988.8733520507812
2268,19.110000610351562,36.602500915527344,0.6758859464516733,988.5575561523438,0.10091543197631836,988.5575561523438
2269,19.258333206176758,38.80500030517578,0.6557551781874473,1024.712890625,0.1078748106956482,1024.712890625
2270,19.440832138061523,38.502498626708984,0.6607003936848774,986.8557739257812,0.08493494987487793,986.8557739257812
2271,18.950000762939453,39.5191650390625,0.678272033291127,978.4462280273438,0.10788962244987488,978.4462280273438
2272,18.904165267944336,38.3033332824707,0.6855220763764476,1024.6971435546875,0.08299171924591064,1024.6971435546875
2273,19.559167861938477,41.35416793823242,0.672649843818182,968.7660522460938,0.09185341000556946,968.7660522460938
2274,19.586666107177734,38.499168395996094,0.6548248778124819,1017.8855590820312,0.08885753154754639,1017.8855590820312
2275,19.385000228881836,36.43000030517578,0.6810487050086013,1019.1343383789062,0.12430000305175781,1019.1343383789062
2276,19.45916748046875,37.4466667175293,0.6746005213321482,1012.5304565429688,0.09794503450393677,1012.5304565429688
2277,19.350831985473633,38.065834045410156,0.6646893540894072,999.9296264648438,0.082131028175354,999.9296264648438
2278,19.56833267211914,43.05833435058594,0.6955632936120745,952.7474365234375,0.06907856464385986,952.7474365234375
2279,19.452499389648438,39.432498931884766,0.6901488515719969,994.8419189453125,0.06936889886856079,994.8419189453125
2280,18.892499923706055,36.010833740234375,0.7035711701326042,990.3330078125,0.10052824020385742,990.3330078125
2281,19.25,39.080833435058594,0.6786972013778064,992.0533447265625,0.06836539506912231,992.0533447265625
2282,18.911666870117188,34.358333587646484,0.7084115337800763,1014.2639770507812,0.09562557935714722,1014.2639770507812
2283,19.308332443237305,44.41083526611328,0.6282896700199156,1006.6400146484375,0.09165441989898682,1006.6400146484375
2284,18.809165954589844,36.59250259399414,0.6577499800046365,1004.4555053710938,0.10634040832519531,1004.4555053710938
2285,19.252500534057617,41.65250015258789,0.6790466616498143,983.929931640625,0.1007797122001648,983.929931640625
2286,19.439167022705078,39.035831451416016,0.6959339391418304,1003.0772094726562,0.09139591455459595,1003.0772094726562
2287,18.922500610351562,35.36750030517578,0.6813181562307471,992.8711547851562,0.11865222454071045,992.8711547851562
2288,18.927499771118164,35.236663818359375,0.6958210227821802,1043.1224365234375,0.11326336860656738,1043.1224365234375
2289,19.065834045410156,37.516666412353516,0.6524154312621349,990.8289184570312,0.1080714762210846,990.8289184570312
2290,19.05500030517578,35.12083435058594,0.7081960462928236,1034.9365234375,0.08817684650421143,1034.9365234375
2291,18.725833892822266,31.48750114440918,0.7068633067460491,1019.4951782226562,0.10768008232116699,1019.4951782226562
2292,19.010833740234375,38.95333480834961,0.6575603412516757,975.3228149414062,0.12202635407447815,975.3228149414062
2293,19.02250099182129,37.125,0.682052438599323,952.45166015625,0.10245966911315918,952.45166015625
2294,19.46666717529297,40.3408317565918,0.6830132846288848,993.0491333007812,0.102501779794693,993.0491333007812
2295,19.012500762939453,36.0099983215332,0.7049084530150491,994.3592529296875,0.0834205150604248,994.3592529296875
2296,19.27916717529297,41.84416580200195,0.6862968121337735,987.367431640625,0.07997936010360718,987.367431640625
2297,19.4950008392334,43.845001220703125,0.6945172009553418,1002.0352172851562,0.08017623424530029,1002.0352172851562
2298,19.053333282470703,40.71083450317383,0.7126865224004227,998.3846435546875,0.06629687547683716,998.3846435546875
2299,19.13166618347168,35.94166564941406,0.7256003600768972,997.4133911132812,0.10502171516418457,997.4133911132812
2300,19.385833740234375,44.311668395996094,0.6814181140026687,977.2337646484375,0.07294312119483948,977.2337646484375
2301,18.989999771118164,41.380836486816406,0.7028001531834663,1016.162109375,0.09709915518760681,1016.162109375
2302,19.06833267211914,40.54916763305664,0.7030320999589872,979.5406494140625,0.08732223510742188,979.5406494140625
2303,18.917499542236328,36.40416717529297,0.7101132208773063,980.6026000976562,0.09181267023086548,980.6026000976562
2304,18.934999465942383,39.561668395996094,0.7251230765026179,1001.4254760742188,0.07716375589370728,1001.4254760742188
2305,19.016666412353516,36.03166580200195,0.7033530082222135,968.7842407226562,0.09923851490020752,968.7842407226562
2306,18.913333892822266,37.38750076293945,0.7105565956946394,994.9662475585938,0.1162518560886383,994.9662475585938
2307,19.261667251586914,40.50749969482422,0.6348115091401718,998.9253540039062,0.06867754459381104,998.9253540039062
2308,19.085832595825195,37.92583465576172,0.7053210562016741,970.4141845703125,0.08002811670303345,970.4141845703125
2309,19.004165649414062,35.50666427612305,0.6883533003545927,1031.199462890625,0.10531467199325562,1031.199462890625
2310,19.33916664123535,43.5283317565918,0.635301955263753,1024.251708984375,0.07747134566307068,1024.251708984375
2311,19.296667098999023,39.32499694824219,0.7366492011299705,1012.134521484375,0.0728946328163147,1012.134521484375
2312,18.942501068115234,39.144168853759766,0.6862771173149949,966.7989501953125,0.09478491544723511,966.7989501953125
2313,19.12416648864746,40.88249969482422,0.6856412441302646,1006.8353271484375,0.10611262917518616,1006.8353271484375
2314,19.260000228881836,42.25416946411133,0.6630929439365975,992.1221313476562,0.10713204741477966,992.1221313476562
2315,18.9516658782959,36.28666687011719,0.687284952416187,986.7850952148438,0.08179038763046265,986.7850952148438
2316,19.25666618347168,41.19416809082031,0.6846633807481063,973.5166015625,0.07995912432670593,973.5166015625
2317,18.997499465942383,35.90583038330078,0.72430661488094,961.4163208007812,0.12713506817817688,961.4163208007812
2318,19.161666870117188,39.89583206176758,0.6955102598298459,986.8474731445312,0.10583251714706421,986.8474731445312
2319,19.458332061767578,41.82833480834961,0.7214297906820686,1005.0808715820312,0.059204161167144775,1005.0808715820312
2320,18.73416519165039,38.21666717529297,0.7218019296113283,971.38330078125,0.09747767448425293,971.38330078125
2321,19.40916633605957,41.78083419799805,0.7274313296625279,1013.0250244140625,0.07253789901733398,1013.0250244140625
2322,18.780834197998047,35.75,0.6856893286337951,1009.9284057617188,0.12594255805015564,1009.9284057617188
2323,19.27666664123535,39.74333572387695,0.6886778895960651,960.0269165039062,0.08357322216033936,960.0269165039062
2324,19.20250129699707,41.695831298828125,0.6953608407721708,994.1774291992188,0.07661241292953491,994.1774291992188
2325,19.031665802001953,34.54833221435547,0.6999215978776506,975.2163696289062,0.1563938856124878,975.2163696289062
2326,19.05666732788086,38.059165954589844,0.6894266968869228,1022.2188110351562,0.06876271963119507,1022.2188110351562
2327,19.08916664123535,41.486663818359375,0.7040337841376642,992.2947998046875,0.09727954864501953,992.2947998046875
2328,19.24416732788086,38.095001220703125,0.6911767231482008,1015.74267578125,0.08019393682479858,1015.74267578125
2329,19.008333206176758,41.26166534423828,0.6512653726030014,981.614013671875,0.08571165800094604,981.614013671875
2330,18.905834197998047,39.52750015258789,0.6904977833136066,977.5321044921875,0.08621513843536377,977.5321044921875
2331,19.07583236694336,37.54916763305664,0.6817367210701226,987.118896484375,0.10976427793502808,987.118896484375
2332,19.191665649414062,39.44333267211914,0.6771029299292399,996.0185546875,0.0852351188659668,996.0185546875
2333,18.974166870117188,38.56999969482422,0.7216716514982243,1017.13427734375,0.09845906496047974,1017.13427734375
2334,19.001667022705078,36.79999923706055,0.7068639334811255,1013.3079833984375,0.09131932258605957,1013.3079833984375
2335,19.107500076293945,39.95083236694336,0.6965264056186816,1033.950439453125,0.09131520986557007,1033.950439453125
2336,19.220001220703125,41.255836486816406,0.7022279941792412,977.7987670898438,0.0720982551574707,977.7987670898438
2337,19.259166717529297,42.43666458129883,0.7256256012641569,960.22412109375,0.10495814681053162,960.22412109375
2338,19.049165725708008,40.80500030517578,0.7019266059949356,957.9425048828125,0.08668088912963867,957.9425048828125
2339,19.265832901000977,41.03249740600586,0.6725955460667936,1013.5103149414062,0.102815181016922,1013.5103149414062
2340,19.024166107177734,36.198333740234375,0.6952118058695866,1016.6864624023438,0.09893405437469482,1016.6864624023438
2341,18.83333396911621,35.40999984741211,0.6904673778842694,1009.8388061523438,0.1287752389907837,1009.8388061523438
2342,18.77083396911621,37.56999969482422,0.6850260031378858,1002.7797241210938,0.10555845499038696,1002.7797241210938
2343,19.07750129699707,38.309165954589844,0.6536666562525507,994.8949584960938,0.07911151647567749,994.8949584960938
2344,18.927499771118164,37.310001373291016,0.6755264854143052,1023.1392211914062,0.07339370250701904,1023.1392211914062
2345,19.037500381469727,44.186668395996094,0.6832315569623745,961.8031616210938,0.07232868671417236,961.8031616210938
2346,19.024166107177734,42.1591682434082,0.6710349940666505,1001.353271484375,0.07244527339935303,1001.353271484375
2347,18.489999771118164,37.454166412353516,0.6788279042002694,986.559814453125,0.10147953033447266,986.559814453125
2348,18.829166412353516,36.75250244140625,0.6981260547180972,996.2864990234375,0.07731872797012329,996.2864990234375
2349,19.19333267211914,43.268333435058594,0.7177223275739368,978.3933715820312,0.08334890007972717,978.3933715820312
2350,18.72249984741211,40.45499801635742,0.6567594561798799,1033.20751953125,0.07668447494506836,1033.20751953125
2351,19.34583282470703,42.179168701171875,0.6728123556158552,956.0430297851562,0.06385141611099243,956.0430297851562
2352,19.142499923706055,39.022499084472656,0.6892225798386638,1004.2855224609375,0.09803789854049683,1004.2855224609375
2353,18.700000762939453,34.65250015258789,0.7247220385368552,1027.1875,0.0840756893157959,1027.1875
2354,18.68833351135254,38.0625,0.6928618458980338,1011.7452392578125,0.07527899742126465,1011.7452392578125
2355,18.91666603088379,38.17000198364258,0.7164871962254874,1030.9952392578125,0.06363493204116821,1030.9952392578125
2356,19.220001220703125,41.975830078125,0.7254837601797999,1000.256103515625,0.07274791598320007,1000.256103515625
2357,18.568334579467773,34.4466667175293,0.7234220325842876,965.7064208984375,0.12814202904701233,965.7064208984375
2358,18.97833251953125,40.044166564941406,0.7022526751502312,1003.7323608398438,0.08071422576904297,1003.7323608398438
2359,18.469999313354492,35.08333206176758,0.7305892105907742,1055.0107421875,0.13743910193443298,1055.0107421875
2360,19.219165802001953,45.727500915527344,0.7161555711646441,957.5507202148438,0.08988320827484131,957.5507202148438
2361,19.001667022705078,40.00833511352539,0.6279781276002188,979.0125732421875,0.09089332818984985,979.0125732421875
2362,18.90333366394043,39.81416702270508,0.6894592353965225,1000.4609985351562,0.06268757581710815,1000.4609985351562
2363,19.605833053588867,40.77750015258789,0.669623727716319,977.8945922851562,0.08709880709648132,977.8945922851562
2364,19.288331985473633,44.33333206176758,0.669876677248013,988.25048828125,0.07046645879745483,988.25048828125
2365,19.15833282470703,42.24416732788086,0.703181516186592,986.0847778320312,0.0980997383594513,986.0847778320312
2366,19.219165802001953,43.63833236694336,0.6808582252271762,1004.3212280273438,0.07537400722503662,1004.3212280273438
2367,18.546667098999023,35.110836029052734,0.6791656706599015,1002.9578857421875,0.09620696306228638,1002.9578857421875
2368,19.301666259765625,42.149166107177734,0.6910971084944026,972.4850463867188,0.08000767230987549,972.4850463867188
2369,19.262500762939453,43.358333587646484,0.7127663674329963,960.3770141601562,0.08120578527450562,960.3770141601562
2370,18.856666564941406,38.88166427612305,0.689202207135568,994.8980102539062,0.0713462233543396,994.8980102539062
2371,19.00583267211914,36.43166732788086,0.68108242197458,1014.4717407226562,0.09086382389068604,1014.4717407226562
2372,18.841665267944336,38.38500213623047,0.6858290838771355,986.6553344726562,0.13701865077018738,986.6553344726562
2373,19.289167404174805,43.880001068115234,0.6908029340103401,995.6986083984375,0.07277271151542664,995.6986083984375
2374,18.858333587646484,39.61499786376953,0.708035453767692,1001.287109375,0.10047000646591187,1001.287109375
2375,19.35416603088379,40.74250030517578,0.7055573027335895,998.0826416015625,0.12010380625724792,998.0826416015625
2376,19.544166564941406,44.13749694824219,0.6637295800673877,1010.3020629882812,0.061189234256744385,1010.3020629882812
2377,19.018333435058594,38.85166549682617,0.6741134380923074,1003.97119140625,0.09955179691314697,1003.97119140625
2378,19.05000114440918,35.68583297729492,0.7151816990312758,1017.545654296875,0.09734642505645752,1017.545654296875
2379,18.917499542236328,40.0525016784668,0.6932268130218828,980.5826416015625,0.0718374252319336,980.5826416015625
2380,18.91083335876465,38.10166549682617,0.6980992839044837,1023.8903198242188,0.10111379623413086,1023.8903198242188
2381,19.365001678466797,43.26499938964844,0.7304864928590944,1006.5194091796875,0.10269275307655334,1006.5194091796875
2382,18.810834884643555,36.73583221435547,0.7021698068448083,1036.010498046875,0.09134501218795776,1036.010498046875
2383,18.969165802001953,40.44499969482422,0.6989932719558314,1017.1112060546875,0.09539377689361572,1017.1112060546875
2384,18.844999313354492,40.189998626708984,0.6849991035043141,954.3851318359375,0.09681648015975952,954.3851318359375
2385,19.10333251953125,40.48666763305664,0.7032044170737145,986.3138427734375,0.06885206699371338,986.3138427734375
2386,18.580833435058594,35.448333740234375,0.6469639618176053,1025.8609619140625,0.10009121894836426,1025.8609619140625
2387,19.114166259765625,37.850833892822266,0.6590631835779602,1037.361328125,0.10885563492774963,1037.361328125
2388,18.850000381469727,42.377498626708984,0.7163602987384123,1010.5799560546875,0.10327774286270142,1010.5799560546875
2389,18.72166633605957,40.369998931884766,0.6687598916275747,1006.9600219726562,0.09670621156692505,1006.9600219726562
2390,19.064167022705078,39.464168548583984,0.702354193550325,1013.7813110351562,0.0738038420677185,1013.7813110351562
2391,18.918333053588867,43.27750015258789,0.6919540658297888,975.2363891601562,0.08474510908126831,975.2363891601562
2392,19.008333206176758,43.309165954589844,0.6518389641860557,972.275634765625,0.08562403917312622,972.275634765625
2393,18.801666259765625,36.92916488647461,0.6533683931990677,1018.9762573242188,0.08460503816604614,1018.9762573242188
2394,18.763334274291992,36.36750030517578,0.692423443050083,1006.1091918945312,0.10919559001922607,1006.1091918945312
2395,18.915000915527344,39.747501373291016,0.6841142758647625,970.7510986328125,0.06445080041885376,970.7510986328125
2396,18.764999389648438,42.429168701171875,0.6689663502900195,1008.92919921875,0.09086304903030396,1008.92919921875
2397,18.73416519165039,38.59166717529297,0.6600049817583267,990.8373413085938,0.07652944326400757,990.8373413085938
2398,18.725000381469727,38.34083557128906,0.678623645223402,983.5023803710938,0.07567858695983887,983.5023803710938
2399,18.94416618347168,39.84000015258789,0.6538429882899695,1030.80615234375,0.07708680629730225,1030.80615234375
2400,18.59000015258789,41.525001525878906,0.6803740865232779,1020.1109008789062,0.10088127851486206,1020.1109008789062
2401,21.59583282470703,42.035831451416016,0.6812468919592107,994.5467529296875,0.09758907556533813,994.5467529296875
2402,19.248332977294922,39.16666793823242,0.6898529482663086,976.9987182617188,0.10703375935554504,976.9987182617188
2403,19.41083335876465,40.705833435058594,0.6516214964729554,987.792724609375,0.10023283958435059,987.792724609375
2404,18.856666564941406,38.124168395996094,0.6826636424830771,995.655029296875,0.12007176876068115,995.655029296875
2405,19.239999771118164,40.483333587646484,0.7043256367944346,995.174072265625,0.08241677284240723,995.174072265625
2406,18.829999923706055,42.015830993652344,0.6877134629326486,994.0233764648438,0.08335953950881958,994.0233764648438
2407,18.945833206176758,38.77916717529297,0.641831491095762,1022.29150390625,0.09066930413246155,1022.29150390625
2408,18.96500015258789,39.729164123535156,0.7003140630798086,979.8217163085938,0.09337440133094788,979.8217163085938
2409,19.21416664123535,38.24749755859375,0.6423972658633774,952.2862548828125,0.07708805799484253,952.2862548828125
2410,19.080833435058594,43.17250061035156,0.6787907844512104,1014.8296508789062,0.0938151478767395,1014.8296508789062
2411,18.9858341217041,37.59916687011719,0.689838217584608,984.0906372070312,0.09648400545120239,984.0906372070312
2412,19.039165496826172,38.62249755859375,0.6900298074656239,1001.080322265625,0.13619914650917053,1001.080322265625
2413,19.427499771118164,44.25416564941406,0.6630092943314749,978.2437744140625,0.07955995202064514,978.2437744140625
2414,19.238332748413086,43.948333740234375,0.6880057089888293,961.122314453125,0.08399569988250732,961.122314453125
2415,19.113332748413086,40.03166580200195,0.6889557131256836,1010.2393188476562,0.0859723687171936,1010.2393188476562
2416,19.225000381469727,39.71333312988281,0.6746386576276608,1039.622314453125,0.07892853021621704,1039.622314453125
2417,19.356666564941406,38.701663970947266,0.6854583174033526,976.373046875,0.09138369560241699,976.373046875
2418,22.02666664123535,34.45249938964844,0.6512319624904348,1047.632080078125,0.10199660062789917,1047.632080078125
2419,19.02916717529297,39.122501373291016,0.6822719252605657,1006.9963989257812,0.08390635251998901,1006.9963989257812
2420,18.906665802001953,38.49583435058594,0.6872446668785444,976.2473754882812,0.09068495035171509,976.2473754882812
2421,18.9516658782959,40.0525016784668,0.6725224930348999,997.6845092773438,0.10449659824371338,997.6845092773438
2422,19.47833251953125,43.489166259765625,0.6758278161479725,979.1171875,0.11051005125045776,979.1171875
2423,19.135833740234375,36.375,0.6686105683336193,1007.0105590820312,0.09470337629318237,1007.0105590820312
2424,19.572500228881836,45.749168395996094,0.6805630034264054,1014.2166748046875,0.08419021964073181,1014.2166748046875
2425,19.32583236694336,42.43499755859375,0.670115914395051,1050.1669921875,0.10615235567092896,1050.1669921875
2426,19.224166870117188,38.07500076293945,0.6648748007191141,999.5545654296875,0.10041967034339905,999.5545654296875
2427,19.34749984741211,42.464168548583984,0.7221944951459421,984.0562744140625,0.06541091203689575,984.0562744140625
2428,19.21500015258789,40.45166778564453,0.6939588652080688,1037.219482421875,0.08624109625816345,1037.219482421875
2429,18.89750099182129,36.09416961669922,0.6627917252715995,1004.482666015625,0.11350905895233154,1004.482666015625
2430,19.245832443237305,41.371665954589844,0.6534382694669392,997.8399047851562,0.09579038619995117,997.8399047851562
2431,19.002500534057617,43.82416534423828,0.6409186823737377,990.9991455078125,0.09169569611549377,990.9991455078125
2432,18.681665420532227,38.96833419799805,0.670194404490418,1014.381103515625,0.07444494962692261,1014.381103515625
2433,19.009166717529297,37.16666793823242,0.6812439568354707,1022.1331787109375,0.10071277618408203,1022.1331787109375
2434,19.20916748046875,40.557498931884766,0.6423318389184065,1004.1445922851562,0.08376723527908325,1004.1445922851562
2435,18.984167098999023,43.09000015258789,0.6959649051957808,978.1161499023438,0.08198636770248413,978.1161499023438
2436,19.267499923706055,42.220001220703125,0.6486088374183077,977.6837768554688,0.0962652862071991,977.6837768554688
2437,18.84833335876465,38.79916763305664,0.6747750420311178,993.4171752929688,0.1021432876586914,993.4171752929688
2438,19.252500534057617,39.61000061035156,0.6705960168137475,1001.9385986328125,0.07274311780929565,1001.9385986328125
2439,19.108333587646484,41.13999938964844,0.676415463660605,991.2183227539062,0.06667447090148926,991.2183227539062
2440,19.170833587646484,44.1591682434082,0.6833973294775679,968.2526245117188,0.06674811244010925,968.2526245117188
2441,18.57499885559082,36.764163970947266,0.6892371730372175,962.3043823242188,0.12276580929756165,962.3043823242188
2442,18.887500762939453,35.84000015258789,0.6780626900012312,1001.1412353515625,0.08877044916152954,1001.1412353515625
2443,19.360000610351562,46.026668548583984,0.6787665478225817,982.2544555664062,0.061097919940948486,982.2544555664062
2444,18.7641658782959,33.01416778564453,0.6525037495254766,1027.76123046875,0.13206809759140015,1027.76123046875
2445,18.79666519165039,36.529998779296875,0.7005900828406527,1017.2874755859375,0.1308249831199646,1017.2874755859375
2446,18.849166870117188,36.467498779296875,0.67878374517207,1034.765869140625,0.11000669002532959,1034.765869140625
2447,18.667499542236328,37.59416580200195,0.7102171648545288,1051.74072265625,0.09824776649475098,1051.74072265625
2448,18.649166107177734,34.51583480834961,0.7034129068702533,1004.6567993164062,0.1209685206413269,1004.6567993164062
2449,19.113332748413086,40.45000076293945,0.6917536913868224,1007.702880859375,0.09292057156562805,1007.702880859375
2450,18.843334197998047,38.977500915527344,0.7072177966866626,1037.3834228515625,0.08835792541503906,1037.3834228515625
2451,19.121665954589844,43.85749816894531,0.6866312566489694,1011.7192993164062,0.09428200125694275,1011.7192993164062
2452,19.088333129882812,42.17333221435547,0.694736543344323,977.6199340820312,0.08659663796424866,977.6199340820312
2453,18.71416664123535,41.27916717529297,0.6891080884808886,996.9802856445312,0.0744829773902893,996.9802856445312
2454,19.09083366394043,39.68166732788086,0.691984994776753,999.6372680664062,0.07811260223388672,999.6372680664062
2455,18.689165115356445,40.79750061035156,0.6723855606398034,968.1182250976562,0.08573031425476074,968.1182250976562
2456,19.200000762939453,40.87333297729492,0.6512356081574726,1021.2478637695312,0.10954895615577698,1021.2478637695312
2457,18.790000915527344,43.040000915527344,0.6841434120683856,1029.1832275390625,0.08152008056640625,1029.1832275390625
2458,19.162500381469727,42.74416732788086,0.659404774758535,973.179931640625,0.1007910668849945,973.179931640625
2459,18.825000762939453,37.21833038330078,0.7021036518630583,1022.2996826171875,0.09966832399368286,1022.2996826171875
2460,18.94499969482422,41.86083221435547,0.6768304179528182,1008.5997924804688,0.09813427925109863,1008.5997924804688
2461,18.672500610351562,40.627498626708984,0.6855774967378596,1042.9373779296875,0.06983447074890137,1042.9373779296875
2462,18.96583366394043,38.942501068115234,0.6999148101361102,1003.5909423828125,0.10007908940315247,1003.5909423828125
2463,19.145832061767578,42.119998931884766,0.6902694646176173,990.9950561523438,0.08923718333244324,990.9950561523438
2464,18.69416618347168,37.276668548583984,0.6432857765660278,1004.8590087890625,0.08486449718475342,1004.8590087890625
2465,19.024166107177734,41.85416793823242,0.6864621261812611,974.3023681640625,0.10323143005371094,974.3023681640625
2466,18.97833251953125,42.936668395996094,0.6805887218688002,1017.57958984375,0.08958885073661804,1017.57958984375
2467,18.510000228881836,39.2066650390625,0.6758308661246304,984.705322265625,0.10201060771942139,984.705322265625
2468,18.700000762939453,38.9658317565918,0.6747274073981506,1053.490234375,0.10026970505714417,1053.490234375
2469,18.851665496826172,40.54833221435547,0.7074940791291906,1026.0804443359375,0.10208728909492493,1026.0804443359375
2470,19.020000457763672,41.28666687011719,0.7102056090375721,982.5869750976562,0.11362791061401367,982.5869750976562
2471,18.91666603088379,40.57416534423828,0.7176592940736215,987.8370971679688,0.08545076847076416,987.8370971679688
2472,19.11750030517578,43.630001068115234,0.6446659330777212,1006.21484375,0.08734709024429321,1006.21484375
2473,19.15999984741211,44.775001525878906,0.6685475810928515,990.91943359375,0.08775466680526733,990.91943359375
2474,18.775833129882812,39.532501220703125,0.6977094909293934,1000.7904052734375,0.0978938639163971,1000.7904052734375
2475,18.84000015258789,38.60000228881836,0.6602311343610969,1005.4513549804688,0.08302515745162964,1005.4513549804688
2476,18.90250015258789,39.673336029052734,0.706253153111404,1022.2750244140625,0.08249294757843018,1022.2750244140625
2477,18.8700008392334,38.84916687011719,0.6971339317737375,1035.879638671875,0.09454888105392456,1035.879638671875
2478,18.898334503173828,38.39833450317383,0.6711246811461005,1049.8388671875,0.08710706233978271,1049.8388671875
2479,18.72249984741211,39.68333435058594,0.6621193672837754,966.82470703125,0.0972287654876709,966.82470703125
2480,18.77083396911621,38.97083282470703,0.7136952988646783,1003.6177368164062,0.10359707474708557,1003.6177368164062
2481,18.89083480834961,37.901668548583984,0.6834623992495484,1044.7559814453125,0.11354780197143555,1044.7559814453125
2482,18.869165420532227,39.91583251953125,0.6810376954509686,1024.513916015625,0.08977890014648438,1024.513916015625
2483,18.96666717529297,40.184165954589844,0.699309919058499,996.8615112304688,0.09319663047790527,996.8615112304688
2484,18.515832901000977,31.877500534057617,0.6870924120083872,1017.5119018554688,0.11606967449188232,1017.5119018554688
2485,18.835834503173828,39.92250061035156,0.7052781281605627,976.7115478515625,0.06573492288589478,976.7115478515625
2486,18.989166259765625,42.90083312988281,0.693777564914687,993.2930908203125,0.09060260653495789,993.2930908203125
2487,18.783334732055664,39.73416519165039,0.6993282919030673,1002.7452392578125,0.08024096488952637,1002.7452392578125
2488,18.5,41.17250061035156,0.6733538645936652,963.192138671875,0.09380418062210083,963.192138671875
2489,18.266666412353516,37.83333206176758,0.6709602899154401,976.7421875,0.10719865560531616,976.7421875
2490,19.003334045410156,41.36833190917969,0.6616968669689656,999.7853393554688,0.06367212533950806,999.7853393554688
2491,18.905834197998047,38.23833465576172,0.6950560117911949,1050.624267578125,0.07681488990783691,1050.624267578125
2492,19.09000015258789,40.8224983215332,0.7130358113589106,1012.170166015625,0.09851047396659851,1012.170166015625
2493,19.002500534057617,42.943336486816406,0.6941784575319374,1011.049560546875,0.09206870198249817,1011.049560546875
2494,18.552499771118164,37.404998779296875,0.6896968445832108,1051.6209716796875,0.07015770673751831,1051.6209716796875
2495,18.677499771118164,37.393333435058594,0.7079802421206347,1040.9974365234375,0.07321310043334961,1040.9974365234375
2496,18.829999923706055,37.81999969482422,0.6761645612826666,1058.191650390625,0.0982256531715393,1058.191650390625
2497,18.68083381652832,37.67499923706055,0.6924961094316553,986.7745971679688,0.08873200416564941,986.7745971679688
2498,19.05583381652832,43.55500030517578,0.725763917617076,1018.63720703125,0.07470673322677612,1018.63720703125
2499,19.101667404174805,42.21916961669922,0.6969980787781656,1004.4298706054688,0.056546151638031006,1004.4298706054688
2500,18.614166259765625,37.948333740234375,0.6565681382336088,1010.337646484375,0.0768442153930664,1010.337646484375
2501,19.217500686645508,40.43333053588867,0.6633305933106529,1019.0354614257812,0.05963259935379028,1019.0354614257812
2502,18.690834045410156,35.18000030517578,0.7174638206684851,1030.596435546875,0.10052895545959473,1030.596435546875
2503,18.969165802001953,36.91250228881836,0.6519351451186254,1016.0208129882812,0.07330197095870972,1016.0208129882812
2504,18.797500610351562,43.544166564941406,0.7071904121028674,995.9435424804688,0.08271092176437378,995.9435424804688
2505,19.09666633605957,38.86750030517578,0.7135962321743169,966.995361328125,0.07369756698608398,966.995361328125
2506,18.774999618530273,42.46833419799805,0.6606643201570928,987.7957763671875,0.08746770024299622,987.7957763671875
2507,18.851665496826172,38.19333267211914,0.6848010540371684,959.8257446289062,0.11745929718017578,959.8257446289062
2508,19.153331756591797,44.36249923706055,0.6801396533509692,1018.885009765625,0.06497722864151001,1018.885009765625
2509,19.170833587646484,38.75,0.6886205438889739,1044.359619140625,0.11210840940475464,1044.359619140625
2510,18.829166412353516,44.608333587646484,0.6677006579930884,1001.1365356445312,0.08407062292098999,1001.1365356445312
2511,18.825834274291992,34.3033332824707,0.6496873946783194,1059.6888427734375,0.0880591869354248,1059.6888427734375
2512,18.83333396911621,41.57583236694336,0.6772970192050362,1026.0819091796875,0.05682539939880371,1026.0819091796875
2513,18.677499771118164,39.10166549682617,0.6933553555454338,995.27392578125,0.09808459877967834,995.27392578125
2514,19.280000686645508,43.53750228881836,0.6922259793299199,968.8258666992188,0.06923329830169678,968.8258666992188
2515,18.818334579467773,39.16583251953125,0.6630579010105746,982.9180297851562,0.08134031295776367,982.9180297851562
2516,18.822500228881836,36.96416473388672,0.6595074485280636,991.7733154296875,0.08748459815979004,991.7733154296875
2517,18.90333366394043,41.02166748046875,0.6193288686188299,978.5638427734375,0.09386667609214783,978.5638427734375
2518,18.725000381469727,40.296669006347656,0.6953122075341561,988.52001953125,0.10166805982589722,988.52001953125
2519,18.892499923706055,42.63666534423828,0.718114120730199,997.0073852539062,0.08156183362007141,997.0073852539062
2520,18.6733341217041,39.875831604003906,0.6778309484264291,996.864990234375,0.07999348640441895,996.864990234375
2521,18.570833206176758,41.714168548583984,0.6667147311800827,998.0726928710938,0.11518797278404236,998.0726928710938
2522,18.854999542236328,36.489166259765625,0.6869562684596914,991.9855346679688,0.10550105571746826,991.9855346679688
2523,18.942501068115234,38.790000915527344,0.7102063879390367,1033.8809814453125,0.08020985126495361,1033.8809814453125
2524,18.98750114440918,40.038333892822266,0.7208607689441178,1047.38232421875,0.09815636277198792,1047.38232421875
2525,19.145832061767578,44.4466667175293,0.6686338039214773,986.8026733398438,0.07016649842262268,986.8026733398438
2526,18.81166648864746,35.82749938964844,0.7113170888930338,1011.5939331054688,0.09058541059494019,1011.5939331054688
2527,18.633333206176758,38.845001220703125,0.698147922039517,995.2046508789062,0.08628019690513611,995.2046508789062
2528,19.40916633605957,46.77916717529297,0.6753205201328691,990.7777099609375,0.09021925926208496,990.7777099609375
2529,19.170000076293945,38.35916519165039,0.6941874771752736,1020.9088745117188,0.04554706811904907,1020.9088745117188
2530,19.32750129699707,37.95916748046875,0.7074085299310495,953.6674194335938,0.06159120798110962,953.6674194335938
2531,18.990833282470703,43.059165954589844,0.6702164311505516,986.4014282226562,0.08392161130905151,986.4014282226562
2532,21.244998931884766,35.625831604003906,0.6950956150070714,1029.3173828125,0.06911212205886841,1029.3173828125
2533,19.140832901000977,41.38249969482422,0.6934379382306315,970.511962890625,0.08112287521362305,970.511962890625
2534,18.510833740234375,39.81999969482422,0.7041404919033106,956.37890625,0.0980897843837738,956.37890625
2535,18.584165573120117,39.458335876464844,0.6850205137306025,961.904052734375,0.08322075009346008,961.904052734375
2536,18.911666870117188,39.09000015258789,0.713846582971568,977.333251953125,0.08993411064147949,977.333251953125
2537,18.864999771118164,39.61750030517578,0.7272837990236565,962.373046875,0.0897168219089508,962.373046875
2538,18.607500076293945,34.68583297729492,0.6845831347122675,1009.123046875,0.1239263117313385,1009.123046875
2539,18.619998931884766,42.35499954223633,0.6983894066761396,1012.2805786132812,0.07557982206344604,1012.2805786132812
2540,19.259166717529297,42.27916717529297,0.6779382566771647,1016.3737182617188,0.061207979917526245,1016.3737182617188
2541,19.23750114440918,37.85499954223633,0.6893066823010081,959.3983154296875,0.06414711475372314,959.3983154296875
2542,19.19333267211914,42.782501220703125,0.6956320254939735,1013.8935546875,0.07022824883460999,1013.8935546875
2543,18.914165496826172,40.11833190917969,0.7141735571873031,983.6846923828125,0.08550465106964111,983.6846923828125
2544,18.870834350585938,41.23249816894531,0.6954489634522608,987.8075561523438,0.07837167382240295,987.8075561523438
2545,19.210832595825195,42.975833892822266,0.6884210058396826,1016.1766967773438,0.06922301650047302,1016.1766967773438
2546,19.100833892822266,41.348331451416016,0.7067226075301523,984.6376953125,0.0585598349571228,984.6376953125
2547,18.553333282470703,33.119998931884766,0.6902018084090322,1011.804931640625,0.10325205326080322,1011.804931640625
2548,19.044166564941406,44.78083419799805,0.65046078160958,1012.4141235351562,0.06331372261047363,1012.4141235351562
2549,18.80083465576172,38.68083190917969,0.6777558215838638,1024.634521484375,0.07028400897979736,1024.634521484375
2550,19.213333129882812,41.84166717529297,0.6797947782849527,1027.1632080078125,0.07481184601783752,1027.1632080078125
2551,19.258333206176758,46.105831146240234,0.6597054005860632,1004.5308227539062,0.0808001160621643,1004.5308227539062
2552,19.156665802001953,36.93499755859375,0.6507209449037836,1032.7508544921875,0.10425025224685669,1032.7508544921875
2553,19.422500610351562,38.70833206176758,0.6954275416762856,1009.4967651367188,0.0825657844543457,1009.4967651367188
2554,19.100000381469727,42.98749923706055,0.6902520184869846,958.56494140625,0.09498852491378784,958.56494140625
2555,18.593334197998047,36.239166259765625,0.7107060213461962,1037.1763916015625,0.10301601886749268,1037.1763916015625
2556,18.89583396911621,42.686668395996094,0.7122743524029999,971.173583984375,0.08440080285072327,971.173583984375
2557,19.145832061767578,42.18666458129883,0.6542726315640154,971.066650390625,0.08246710896492004,971.066650390625
2558,18.989166259765625,37.51166915893555,0.7151724670156856,1015.0077514648438,0.10190486907958984,1015.0077514648438
2559,19.092500686645508,42.494998931884766,0.6635272251037586,970.1885986328125,0.05945545434951782,970.1885986328125
2560,19.100000381469727,38.904998779296875,0.6806167366611054,1009.5631103515625,0.07477372884750366,1009.5631103515625
2561,19.11916732788086,38.095001220703125,0.7077567962503613,1019.5045776367188,0.07046329975128174,1019.5045776367188
2562,19.002500534057617,39.823333740234375,0.6891831338344395,968.0867919921875,0.08426830172538757,968.0867919921875
2563,21.47333335876465,38.93166732788086,0.6424315444718135,1003.726318359375,0.07297360897064209,1003.726318359375
2564,19.190000534057617,45.03499984741211,0.7095869879151795,979.4422607421875,0.07228252291679382,979.4422607421875
2565,19.270000457763672,44.47749710083008,0.6882987142740407,978.49267578125,0.0560569167137146,978.49267578125
2566,18.934165954589844,40.11333465576172,0.6898017566729346,1017.3453369140625,0.07615906000137329,1017.3453369140625
2567,18.620834350585938,37.41583251953125,0.6637407889759912,1023.2532958984375,0.11915776133537292,1023.2532958984375
2568,18.977500915527344,40.921669006347656,0.6536659793808133,978.65869140625,0.07953092455863953,978.65869140625
2569,19.18000030517578,47.440834045410156,0.6676251038534401,970.9986572265625,0.058659911155700684,970.9986572265625
2570,18.65916633605957,42.057498931884766,0.6440945975170559,948.943359375,0.10252714157104492,948.943359375
2571,18.904165267944336,40.62166976928711,0.6821062479943041,1015.9663696289062,0.08724930882453918,1015.9663696289062
2572,18.9375,41.56833267211914,0.6788728951072531,994.447265625,0.08142441511154175,994.447265625
2573,18.866666793823242,39.455833435058594,0.6732106750861496,1031.4901123046875,0.09843683242797852,1031.4901123046875
2574,18.853334426879883,36.83916473388672,0.6919984450406578,997.469482421875,0.09447979927062988,997.469482421875
2575,18.982500076293945,40.5533332824707,0.6683389424192059,1037.5850830078125,0.07420951128005981,1037.5850830078125
2576,19.003334045410156,38.768333435058594,0.6625399872742965,1061.6112060546875,0.11624810099601746,1061.6112060546875
2577,18.553333282470703,35.874168395996094,0.6876955485107672,1041.392333984375,0.11236488819122314,1041.392333984375
2578,22.110000610351562,44.52000045776367,0.6649528495883885,1023.0095825195312,0.05626183748245239,1023.0095825195312
2579,19.236665725708008,43.010833740234375,0.7027815982631991,979.420166015625,0.06517785787582397,979.420166015625
2580,19.219165802001953,39.57833480834961,0.6862527687225604,997.6979370117188,0.06878608465194702,997.6979370117188
2581,18.384166717529297,36.33250045776367,0.6984567565867668,1008.0614013671875,0.10723841190338135,1008.0614013671875
2582,19.190000534057617,42.102500915527344,0.6857579765710419,1025.0946044921875,0.09134098887443542,1025.0946044921875
2583,18.950000762939453,44.33000183105469,0.7195376764266188,977.961181640625,0.07953119277954102,977.961181640625
2584,19.09666633605957,38.93916702270508,0.6872100733898403,1006.119384765625,0.07437270879745483,1006.119384765625
2585,19.265832901000977,37.08333206176758,0.7050409700726736,972.0247802734375,0.07399749755859375,972.0247802734375
2586,18.47749900817871,34.703330993652344,0.7088883073120311,1034.837646484375,0.0917959213256836,1034.837646484375
2587,18.99250030517578,43.6158332824707,0.7098312752421905,973.4210815429688,0.07692021131515503,973.4210815429688
2588,18.86833381652832,42.09000015258789,0.6762332532393112,1064.7001953125,0.08692425489425659,1064.7001953125
2589,18.929166793823242,40.6158332824707,0.6957024043576097,996.6632690429688,0.07407921552658081,996.6632690429688
2590,18.876667022705078,40.53166961669922,0.6880509871430233,970.1404418945312,0.08047237992286682,970.1404418945312
2591,18.959165573120117,39.11750030517578,0.6875254824181334,1037.7105712890625,0.06472760438919067,1037.7105712890625
2592,21.864166259765625,41.8841667175293,0.6545313173093177,1006.30859375,0.08942940831184387,1006.30859375
2593,18.98750114440918,42.856666564941406,0.6872962539647667,1016.5870971679688,0.07127812504768372,1016.5870971679688
2594,18.44999885559082,39.22083282470703,0.6932935196451933,1003.575439453125,0.083798348903656,1003.575439453125
2595,18.907499313354492,42.73250198364258,0.6903808625015877,979.9320068359375,0.06617864966392517,979.9320068359375
2596,18.585834503173828,40.11833190917969,0.6809747763990575,1013.9287719726562,0.0679326057434082,1013.9287719726562
2597,18.89083480834961,42.46916961669922,0.6873241165393774,995.2166137695312,0.07243490219116211,995.2166137695312
2598,18.794166564941406,42.78666687011719,0.7271949438997233,1006.2859497070312,0.06348896026611328,1006.2859497070312
2599,18.940834045410156,39.9466667175293,0.6984379349803653,979.0399169921875,0.08239799737930298,979.0399169921875
2600,18.354167938232422,36.880001068115234,0.6763019213472355,997.354248046875,0.11502835154533386,997.354248046875
2601,18.809165954589844,37.83916473388672,0.6807147155856869,1004.1047973632812,0.11066204309463501,1004.1047973632812
2602,18.7933349609375,39.080833435058594,0.6989698040037852,1072.9566650390625,0.1382654905319214,1072.9566650390625
2603,18.772499084472656,41.00416564941406,0.6951483410141941,988.2201538085938,0.11095517873764038,988.2201538085938
2604,18.934999465942383,38.04666519165039,0.6770096744647899,1004.479248046875,0.11090123653411865,1004.479248046875
2605,18.93666648864746,43.53750228881836,0.6447870278755754,1060.402099609375,0.06377220153808594,1060.402099609375
2606,18.97083282470703,42.497501373291016,0.6551608662830197,970.8331298828125,0.09393134713172913,970.8331298828125
2607,18.97166633605957,38.07416534423828,0.6778705120313293,1051.6937255859375,0.0770464539527893,1051.6937255859375
2608,18.928333282470703,43.34166717529297,0.6894154248892546,1003.2703247070312,0.062002360820770264,1003.2703247070312
2609,18.804166793823242,38.98749923706055,0.7044445794375143,1021.3262329101562,0.083720862865448,1021.3262329101562
2610,18.950834274291992,39.128334045410156,0.72700324658132,1040.6373291015625,0.11988556385040283,1040.6373291015625
2611,18.900833129882812,37.412498474121094,0.6995650882112594,1014.8163452148438,0.06885135173797607,1014.8163452148438
2612,19.189167022705078,42.66666793823242,0.6817736755160181,976.57763671875,0.07350179553031921,976.57763671875
2613,18.931665420532227,38.29916763305664,0.6499329465185866,985.2864990234375,0.07983505725860596,985.2864990234375
2614,19.11250114440918,39.497501373291016,0.6511491782877161,1005.8273315429688,0.07983887195587158,1005.8273315429688
2615,19.38249969482422,40.94916534423828,0.6792778812327911,984.6336059570312,0.07777130603790283,984.6336059570312
2616,19.070833206176758,44.684165954589844,0.706673225176857,944.7898559570312,0.08566832542419434,944.7898559570312
2617,19.18166732788086,43.514163970947266,0.6987364304515129,963.962890625,0.06955549120903015,963.962890625
2618,19.08500099182129,36.5966682434082,0.674519752284086,994.1945190429688,0.08781152963638306,994.1945190429688
2619,18.90833282470703,37.419166564941406,0.6951654289923945,994.3284301757812,0.08505326509475708,994.3284301757812
2620,18.887500762939453,37.70166778564453,0.7163233629232452,1035.0216064453125,0.06405556201934814,1035.0216064453125
2621,18.9858341217041,43.98749923706055,0.6724420302975394,997.4072265625,0.06304007768630981,997.4072265625
2622,18.89750099182129,43.686668395996094,0.7217366083309936,1007.530029296875,0.06583437323570251,1007.530029296875
2623,19.247501373291016,40.30666732788086,0.7169389108131843,990.188232421875,0.0757247805595398,990.188232421875
2624,18.865833282470703,40.349998474121094,0.7172606387155662,1033.7479248046875,0.0805051326751709,1033.7479248046875
2625,19.163331985473633,41.1058349609375,0.6467800720998356,983.2421264648438,0.0737677812576294,983.2421264648438
2626,19.174165725708008,44.643333435058594,0.6650752004480904,1014.9385375976562,0.07270410656929016,1014.9385375976562
2627,18.860000610351562,37.36249923706055,0.7044011775616841,1031.663330078125,0.07160598039627075,1031.663330078125
2628,18.684999465942383,37.40083312988281,0.6708296059394248,984.5576782226562,0.08768194913864136,984.5576782226562
2629,18.9233341217041,40.50583267211914,0.6906490629906357,1017.9474487304688,0.10410180687904358,1017.9474487304688
2630,18.71500015258789,40.061668395996094,0.7252406420768318,957.1328125,0.08447757363319397,957.1328125
2631,18.97166633605957,37.34166717529297,0.7149700964739698,1048.9578857421875,0.07955032587051392,1048.9578857421875
2632,18.60249900817871,38.079166412353516,0.691569652965659,1004.585205078125,0.07441973686218262,1004.585205078125
2633,18.78499984741211,40.07583236694336,0.653361277500065,993.3377685546875,0.10444408655166626,993.3377685546875
2634,19.094165802001953,37.893333435058594,0.742598063821353,1010.8192138671875,0.07173699140548706,1010.8192138671875
2635,18.69499969482422,41.44416809082031,0.7172660219176239,985.6944580078125,0.06607702374458313,985.6944580078125
2636,18.510000228881836,38.842498779296875,0.66494875842776,1010.4269409179688,0.07699567079544067,1010.4269409179688
2637,19.021665573120117,40.86249923706055,0.6872604671193522,989.1795654296875,0.0878821611404419,989.1795654296875
2638,19.13249969482422,38.9474983215332,0.663822115577024,998.6979370117188,0.09707829356193542,998.6979370117188
2639,18.698333740234375,40.28083419799805,0.7003600193880682,1000.3128051757812,0.10615560412406921,1000.3128051757812
2640,19.143333435058594,44.86000061035156,0.661095868218792,1004.2937622070312,0.07870954275131226,1004.2937622070312
2641,18.93666648864746,40.88749694824219,0.6703131087977351,1043.65625,0.06283700466156006,1043.65625
2642,19.155832290649414,44.22083282470703,0.6669946381684075,1022.7464599609375,0.08064445853233337,1022.7464599609375
2643,19.142499923706055,41.046669006347656,0.6496867647603977,1034.267333984375,0.07314267754554749,1034.267333984375
2644,18.974166870117188,40.3025016784668,0.6698853485432495,1051.3013916015625,0.07381504774093628,1051.3013916015625
2645,19.28416633605957,39.1974983215332,0.7116908593020292,1007.5018310546875,0.0776534378528595,1007.5018310546875
2646,19.17333221435547,41.80666732788086,0.652012049993501,992.3325805664062,0.05924275517463684,992.3325805664062
2647,18.850000381469727,41.336666107177734,0.6718279695347369,968.7114868164062,0.08147239685058594,968.7114868164062
2648,19.03333282470703,45.18333435058594,0.6582587154757111,1013.5470581054688,0.08371660113334656,1013.5470581054688
2649,19.48666763305664,43.462501525878906,0.6684526973438416,984.7282104492188,0.07653793692588806,984.7282104492188
2650,18.878334045410156,37.18250274658203,0.6596430997024908,999.6608276367188,0.08753073215484619,999.6608276367188
2651,19.025833129882812,40.03499984741211,0.6633733614181926,1015.6083984375,0.07922002673149109,1015.6083984375
2652,18.87583351135254,39.010833740234375,0.6240192177595537,1008.5320434570312,0.08451974391937256,1008.5320434570312
2653,19.399166107177734,43.68083572387695,0.6169796386156381,1000.005126953125,0.07099378108978271,1000.005126953125
2654,18.96666717529297,37.393333435058594,0.6552541828225121,1018.7366943359375,0.06499677896499634,1018.7366943359375
2655,19.085832595825195,43.314998626708984,0.5983899114293303,1017.8662719726562,0.08545038104057312,1017.8662719726562
2656,19.053333282470703,41.51749801635742,0.6380418486955801,1011.365966796875,0.0876365602016449,1011.365966796875
2657,19.15999984741211,38.4466667175293,0.6751679634136392,1030.8729248046875,0.08292657136917114,1030.8729248046875
2658,18.68833351135254,34.848331451416016,0.6607628786954094,1006.64794921875,0.09128689765930176,1006.64794921875
2659,21.663333892822266,39.334999084472656,0.628656211109885,1046.048828125,0.06051492691040039,1046.048828125
2660,19.0,44.04833221435547,0.6702218888027665,1018.3522338867188,0.05392211675643921,1018.3522338867188
2661,19.190832138061523,42.8033332824707,0.6270554925086752,1000.474365234375,0.09684538841247559,1000.474365234375
2662,21.43083381652832,42.70916748046875,0.6831526908726155,989.874755859375,0.0722455382347107,989.874755859375
2663,19.1200008392334,43.6966667175293,0.644371195895892,1042.63232421875,0.07401686906814575,1042.63232421875
2664,18.950000762939453,45.12083053588867,0.7144809488630948,998.6162109375,0.0779111385345459,998.6162109375
2665,19.032501220703125,44.28499984741211,0.7164283390777337,1008.9420776367188,0.09288930892944336,1008.9420776367188
2666,18.843334197998047,42.40083312988281,0.6680614101044087,1009.6785278320312,0.09183523058891296,1009.6785278320312
2667,18.907499313354492,39.35499954223633,0.6654203323128204,1011.847412109375,0.07824146747589111,1011.847412109375
2668,19.070833206176758,38.038333892822266,0.6848111157641132,982.3311157226562,0.11691644787788391,982.3311157226562
2669,18.74916648864746,37.456668853759766,0.6746643487083317,1002.807373046875,0.08154338598251343,1002.807373046875
2670,18.954166412353516,43.369998931884766,0.6794099643039415,1057.496826171875,0.07768523693084717,1057.496826171875
2671,19.016666412353516,42.7599983215332,0.6875840934505779,993.7041625976562,0.09079012274742126,993.7041625976562
2672,18.887500762939453,42.872501373291016,0.6693116271695458,1006.5794677734375,0.08862271904945374,1006.5794677734375
2673,19.282501220703125,44.63999938964844,0.668727769525843,1000.7108154296875,0.07164397835731506,1000.7108154296875
2674,18.810834884643555,40.128334045410156,0.6751173655779321,976.5470581054688,0.09125322103500366,976.5470581054688
2675,19.170833587646484,39.14833450317383,0.6657956703076937,1024.614501953125,0.06871384382247925,1024.614501953125
2676,18.84833335876465,39.52083206176758,0.671581847908161,1006.1094360351562,0.08614271879196167,1006.1094360351562
2677,18.946666717529297,39.89083480834961,0.7167163167779562,1032.073974609375,0.09894406795501709,1032.073974609375
2678,19.3125,46.00416564941406,0.680556741123798,999.3516235351562,0.06413900852203369,999.3516235351562
2679,18.779165267944336,34.77333068847656,0.6828861538572587,1007.5153198242188,0.10115355253219604,1007.5153198242188
2680,19.22249984741211,42.27750015258789,0.6578672970764166,1003.1937866210938,0.08798101544380188,1003.1937866210938
2681,19.125,41.31083297729492,0.7154440815378276,1000.4066162109375,0.06330543756484985,1000.4066162109375
2682,19.031665802001953,40.436668395996094,0.6958248019009091,1006.6467895507812,0.06513845920562744,1006.6467895507812
2683,21.709999084472656,41.18000030517578,0.6667532933537206,993.1360473632812,0.07603144645690918,993.1360473632812
2684,18.899999618530273,35.02333450317383,0.6646779480964936,990.5499877929688,0.10167533159255981,990.5499877929688
2685,19.196666717529297,43.23416519165039,0.660186714041893,1008.9898071289062,0.08148714900016785,1008.9898071289062
2686,19.190000534057617,47.88333511352539,0.6613988725375761,989.16552734375,0.06057366728782654,989.16552734375
2687,18.751665115356445,37.03499984741211,0.6797947552738417,1011.8701782226562,0.08182632923126221,1011.8701782226562
2688,18.94499969482422,39.942501068115234,0.6907171573037499,994.1084594726562,0.08345186710357666,994.1084594726562
2689,18.87583351135254,41.130001068115234,0.6478086961955963,1039.3382568359375,0.08079048991203308,1039.3382568359375
2690,19.010833740234375,42.233333587646484,0.6585812331494303,1001.6546020507812,0.07880434393882751,1001.6546020507812
2691,19.331666946411133,44.538333892822266,0.7000735770860211,994.1492919921875,0.0692792534828186,994.1492919921875
2692,18.780000686645508,44.10749816894531,0.673902000733981,983.0576171875,0.07595646381378174,983.0576171875
2693,18.780000686645508,36.77166748046875,0.6755006447680021,1028.34912109375,0.09913003444671631,1028.34912109375
2694,19.047500610351562,40.82583236694336,0.710819839085209,987.43994140625,0.0907500684261322,987.43994140625
2695,18.65916633605957,39.994998931884766,0.6669062103206715,1039.4906005859375,0.07315057516098022,1039.4906005859375
2696,18.62416648864746,35.0,0.702746581869309,1001.7451782226562,0.07936692237854004,1001.7451782226562
2697,21.494998931884766,41.24166488647461,0.6849309878314451,993.79833984375,0.12837722897529602,993.79833984375
2698,19.275001525878906,41.52583312988281,0.666669182536145,1033.0533447265625,0.08162301778793335,1033.0533447265625
2699,19.30000114440918,44.043331146240234,0.6697874349679082,1008.2861328125,0.07780894637107849,1008.2861328125
2700,18.90166664123535,43.578330993652344,0.6657793025912169,1013.75537109375,0.09706288576126099,1013.75537109375
2701,18.906665802001953,38.962501525878906,0.7163668975429378,977.6707153320312,0.06574183702468872,977.6707153320312
2702,18.998332977294922,37.435001373291016,0.661843354991295,999.0110473632812,0.0943518877029419,999.0110473632812
2703,18.77750015258789,42.108333587646484,0.6587986549245262,1009.8504638671875,0.09131351113319397,1009.8504638671875
2704,18.594999313354492,38.72166442871094,0.7143219429753519,1014.692626953125,0.10261157155036926,1014.692626953125
2705,18.783334732055664,42.038333892822266,0.7003658586532845,954.3927001953125,0.056053876876831055,954.3927001953125
2706,18.804166793823242,41.41083526611328,0.706134081578132,1007.6936645507812,0.07779854536056519,1007.6936645507812
2707,18.741666793823242,39.108333587646484,0.696166636642099,975.44970703125,0.10303452610969543,975.44970703125
2708,18.735000610351562,40.30666732788086,0.6606939254310393,990.7115478515625,0.07988396286964417,990.7115478515625
2709,19.13249969482422,43.983333587646484,0.6545414061988164,985.5994262695312,0.055218636989593506,985.5994262695312
2710,18.945833206176758,42.27750015258789,0.6946020976099067,1004.0888671875,0.06637030839920044,1004.0888671875
2711,18.94416618347168,39.36916732788086,0.6814129688372069,1054.8428955078125,0.07042926549911499,1054.8428955078125
2712,18.612499237060547,44.75583267211914,0.7055904017705877,983.88330078125,0.06914696097373962,983.88330078125
2713,19.1825008392334,40.32500076293945,0.6661317427011068,1001.245361328125,0.06623631715774536,1001.245361328125
2714,18.955833435058594,38.249168395996094,0.6813556015535185,1027.757568359375,0.07834070920944214,1027.757568359375
2715,18.62583351135254,37.19750213623047,0.6754875370168949,1027.17431640625,0.08852970600128174,1027.17431640625
2716,18.962499618530273,40.323333740234375,0.6517462812525938,1012.4769897460938,0.09281429648399353,1012.4769897460938
2717,18.601665496826172,38.621665954589844,0.701510006650522,1019.7578735351562,0.08289951086044312,1019.7578735351562
2718,18.689165115356445,38.16166687011719,0.7006120270444234,998.2627563476562,0.10859531164169312,998.2627563476562
2719,18.81333351135254,41.67583465576172,0.7031701548606086,993.195068359375,0.07842424511909485,993.195068359375
2720,18.90333366394043,42.96833419799805,0.7131176561409223,1019.4489135742188,0.09394556283950806,1019.4489135742188
2721,19.02250099182129,39.68000030517578,0.7034677001296663,1000.34423828125,0.09676116704940796,1000.34423828125
2722,18.52666664123535,35.36750030517578,0.6891177468324664,1021.1627807617188,0.12782299518585205,1021.1627807617188
2723,18.795833587646484,39.301666259765625,0.6644061295020027,1024.418212890625,0.08574753999710083,1024.418212890625
2724,18.58916664123535,40.1341667175293,0.6911593204941707,1049.1363525390625,0.06884610652923584,1049.1363525390625
2725,18.845834732055664,40.66083526611328,0.6795470116789097,1033.5107421875,0.07649067044258118,1033.5107421875
2726,18.865833282470703,34.83583450317383,0.7161467779263404,1018.2702026367188,0.09936857223510742,1018.2702026367188
2727,18.918333053588867,40.45166778564453,0.6435210404820916,972.6587524414062,0.08875879645347595,972.6587524414062
2728,18.853334426879883,37.80833053588867,0.7030885504170958,1043.0767822265625,0.07674199342727661,1043.0767822265625
2729,19.010833740234375,43.09333419799805,0.6521953632715973,972.4838256835938,0.06301429867744446,972.4838256835938
2730,18.854999542236328,38.078330993652344,0.6737861652333015,1010.0372314453125,0.0988922119140625,1010.0372314453125
2731,18.827499389648438,36.71916580200195,0.6860022227235468,1002.6762084960938,0.09706279635429382,1002.6762084960938
2732,19.146665573120117,41.37083435058594,0.6697592369745431,1027.3603515625,0.07198941707611084,1027.3603515625
2733,18.63249969482422,39.587501525878906,0.6972803376022434,996.0089721679688,0.059792935848236084,996.0089721679688
2734,19.104999542236328,41.788333892822266,0.6517577097577613,1036.6822509765625,0.07398131489753723,1036.6822509765625
2735,18.94416618347168,38.09666442871094,0.681067964431441,998.5684204101562,0.0942239761352539,998.5684204101562
2736,19.11083221435547,42.496665954589844,0.6962495007143887,1011.43701171875,0.057881057262420654,1011.43701171875
2737,19.135000228881836,38.6400032043457,0.6863547158022981,1011.9508056640625,0.06580609083175659,1011.9508056640625
2738,18.96500015258789,42.53916931152344,0.6618994003740473,1001.096923828125,0.09189212322235107,1001.096923828125
2739,18.821666717529297,36.85499954223633,0.6802997450581563,1000.1588745117188,0.11719918251037598,1000.1588745117188
2740,19.180831909179688,45.55083084106445,0.6669971979832627,996.6262817382812,0.07045277953147888,996.6262817382812
2741,19.137500762939453,41.586666107177734,0.6892376377125393,973.1103515625,0.09120973944664001,973.1103515625
2742,18.843334197998047,34.66416549682617,0.6713357007842751,1029.832275390625,0.07898855209350586,1029.832275390625
2743,19.100833892822266,43.595001220703125,0.6703293342525268,997.5361938476562,0.055385470390319824,997.5361938476562
2744,19.245832443237305,41.73833465576172,0.6737383053658388,1015.4576416015625,0.08680891990661621,1015.4576416015625
2745,18.836666107177734,38.58749771118164,0.65268237199594,1008.9052124023438,0.07188251614570618,1008.9052124023438
2746,19.045000076293945,41.02916717529297,0.6883785833526022,1017.1830444335938,0.07634642720222473,1017.1830444335938
2747,19.047500610351562,37.36249923706055,0.6608714981604127,1007.6536254882812,0.08449059724807739,1007.6536254882812
2748,18.933334350585938,41.829166412353516,0.6886902595901172,1001.1559448242188,0.0893079936504364,1001.1559448242188
2749,18.919166564941406,39.2158317565918,0.7062534863957037,990.4767456054688,0.06255030632019043,990.4767456054688
2750,19.352500915527344,44.989166259765625,0.6653978021498159,1035.7672119140625,0.07143393158912659,1035.7672119140625
2751,18.78583335876465,43.2591667175293,0.6811224445574591,1038.63671875,0.07425829768180847,1038.63671875
2752,19.039165496826172,41.2308349609375,0.676723079984189,1026.392578125,0.06500983238220215,1026.392578125
2753,19.092500686645508,41.606666564941406,0.671293624049939,986.935302734375,0.08448794484138489,986.935302734375
2754,18.63166618347168,41.69166564941406,0.6685297538318347,1017.1390991210938,0.085752934217453,1017.1390991210938
2755,18.906665802001953,42.02166748046875,0.6945921506584016,1010.8450927734375,0.07507437467575073,1010.8450927734375
2756,19.350831985473633,46.48750305175781,0.6706450837613183,992.221923828125,0.08277127146720886,992.221923828125
2757,19.34166717529297,45.390830993652344,0.6942026187226608,1005.5730590820312,0.07644540071487427,1005.5730590820312
2758,19.175832748413086,39.8216667175293,0.6826062909428445,998.5272827148438,0.10806480050086975,998.5272827148438
2759,19.126667022705078,43.633331298828125,0.6531567374296511,986.4031372070312,0.06810203194618225,986.4031372070312
2760,18.977500915527344,45.11083221435547,0.6900945563815911,1049.6656494140625,0.08644270896911621,1049.6656494140625
2761,18.84666633605957,42.165000915527344,0.6493275536659308,1000.267822265625,0.06618392467498779,1000.267822265625
2762,18.956666946411133,42.09749984741211,0.7011437506770661,991.705078125,0.06178092956542969,991.705078125
2763,18.74333381652832,37.88500213623047,0.7093335489659899,1014.3486328125,0.08696848154067993,1014.3486328125
2764,18.83333396911621,42.76750183105469,0.6721887433501572,1013.7803344726562,0.08368226885795593,1013.7803344726562
2765,18.77750015258789,38.41583251953125,0.6593584538064753,997.0423583984375,0.08484908938407898,997.0423583984375
2766,18.741666793823242,38.65250015258789,0.6811635874031738,1022.9234008789062,0.08507061004638672,1022.9234008789062
2767,18.404998779296875,37.58416748046875,0.6562148686031558,1010.2675170898438,0.08419433236122131,1010.2675170898438
2768,18.684165954589844,38.288333892822266,0.6733463477894979,1010.6650390625,0.09415754675865173,1010.6650390625
2769,18.89083480834961,43.8849983215332,0.6471900916894195,997.4343872070312,0.0752183198928833,997.4343872070312
2770,19.435001373291016,42.956668853759766,0.6425080112959303,1006.2396850585938,0.08303260803222656,1006.2396850585938
2771,18.741666793823242,39.50416564941406,0.6793274120606283,990.2738647460938,0.10554012656211853,990.2738647460938
2772,18.94916534423828,38.397499084472656,0.6650555389294962,1018.6272583007812,0.1080840528011322,1018.6272583007812
2773,18.879165649414062,45.54750061035156,0.6601742997405832,1015.3311767578125,0.08366727828979492,1015.3311767578125
2774,18.674999237060547,40.00749969482422,0.707923365511187,981.2708740234375,0.079196035861969,981.2708740234375
2775,19.03583335876465,41.734169006347656,0.6612999506109626,1040.1712646484375,0.06046992540359497,1040.1712646484375
2776,18.810834884643555,36.977500915527344,0.6984280880100447,1011.1661987304688,0.0754009485244751,1011.1661987304688
2777,18.996665954589844,41.932498931884766,0.6998189432869024,971.1669921875,0.07868096232414246,971.1669921875
2778,18.775833129882812,39.38916778564453,0.7287678159668047,994.6590576171875,0.07326751947402954,994.6590576171875
2779,18.74333381652832,39.96999740600586,0.7217020309987905,1026.4970703125,0.073770672082901,1026.4970703125
2780,19.105833053588867,44.65416717529297,0.686067641510169,974.9661865234375,0.062004536390304565,974.9661865234375
2781,18.90999984741211,41.329166412353516,0.6993131898488494,1024.138427734375,0.056738853454589844,1024.138427734375
2782,18.9375,40.301666259765625,0.6736526117742478,1011.0894775390625,0.09533196687698364,1011.0894775390625
2783,19.031665802001953,39.298336029052734,0.6983208684414823,940.804443359375,0.08613273501396179,940.804443359375
2784,19.169166564941406,41.45916748046875,0.7113613077903362,956.5208740234375,0.06836012005805969,956.5208740234375
2785,18.933334350585938,37.69166946411133,0.669569339435669,1035.489013671875,0.07066464424133301,1035.489013671875
2786,18.970001220703125,37.19583511352539,0.7217803947963749,1014.779296875,0.12262889742851257,1014.779296875
2787,19.1200008392334,41.980831146240234,0.6386394830438997,1002.6964721679688,0.08313372731208801,1002.6964721679688
2788,18.97249984741211,40.229164123535156,0.7051785098414791,964.2276000976562,0.07681205868721008,964.2276000976562
2789,19.134166717529297,37.06833267211914,0.668082200356395,1008.4920654296875,0.08951342105865479,1008.4920654296875
2790,18.884166717529297,43.15666580200195,0.6800528488151356,1027.61865234375,0.05108743906021118,1027.61865234375
2791,18.718334197998047,37.36750030517578,0.7211509419450491,965.7277221679688,0.08943372964859009,965.7277221679688
2792,19.0766658782959,45.48583221435547,0.6871937026654054,1017.0098266601562,0.06316909193992615,1017.0098266601562
2793,19.04083251953125,43.95916748046875,0.6839498558008268,1020.9475708007812,0.0750436782836914,1020.9475708007812
2794,18.68000030517578,40.299163818359375,0.6507778492853522,991.2446899414062,0.1563624143600464,991.2446899414062
2795,18.962499618530273,41.15083312988281,0.6956780562151554,1042.9158935546875,0.08669611811637878,1042.9158935546875
2796,19.105833053588867,39.334999084472656,0.6860198828433567,1037.25048828125,0.09806457161903381,1037.25048828125
2797,18.780834197998047,39.5908317565918,0.6439411041959621,1034.53125,0.06374716758728027,1034.53125
2798,18.900833129882812,41.086666107177734,0.6690987775539157,977.8494873046875,0.07366755604743958,977.8494873046875
2799,18.94333267211914,38.149166107177734,0.6845020155498057,1010.1483764648438,0.08503782749176025,1010.1483764648438
2800,19.13249969482422,38.635833740234375,0.6782587813168117,1013.162109375,0.07959789037704468,1013.162109375
2801,19.13833236694336,45.10333251953125,0.668786420979236,972.0247192382812,0.06303393840789795,972.0247192382812
2802,18.689165115356445,40.204166412353516,0.6711069548856545,994.9796752929688,0.09879332780838013,994.9796752929688
2803,19.27750015258789,42.17250061035156,0.6797115466256254,1023.5208129882812,0.08168470859527588,1023.5208129882812
2804,18.955833435058594,40.05500030517578,0.695953669693515,980.1697998046875,0.09894275665283203,980.1697998046875
2805,19.392499923706055,46.212501525878906,0.6879209455221088,1015.8203735351562,0.06621581315994263,1015.8203735351562
2806,19.53416633605957,42.48666763305664,0.6480891920283587,1034.8701171875,0.07762730121612549,1034.8701171875
2807,19.073333740234375,44.27583312988281,0.7072965862174956,1029.811279296875,0.08135125041007996,1029.811279296875
2808,19.29833221435547,48.11083221435547,0.6737237626524353,978.4881591796875,0.09651452302932739,978.4881591796875
2809,19.052499771118164,37.99583435058594,0.6762074929104975,1019.4959106445312,0.09511655569076538,1019.4959106445312
2810,19.196666717529297,42.106666564941406,0.6856905491551402,1005.156005859375,0.06766706705093384,1005.156005859375
2811,19.204166412353516,43.354164123535156,0.6861780115402971,967.4699096679688,0.05905994772911072,967.4699096679688
2812,19.18666648864746,39.78666687011719,0.6608407591985488,1030.8544921875,0.07121533155441284,1030.8544921875
2813,19.043333053588867,39.91999816894531,0.7116632300060955,991.5953369140625,0.08365190029144287,991.5953369140625
2814,19.531667709350586,44.628334045410156,0.69454509783141,999.4661865234375,0.08120059967041016,999.4661865234375
2815,18.996665954589844,36.23583221435547,0.7056692799858274,1043.6043701171875,0.10110217332839966,1043.6043701171875
2816,21.586666107177734,39.62750244140625,0.647975760898734,1002.5401000976562,0.09844645857810974,1002.5401000976562
2817,21.815000534057617,41.325836181640625,0.6667192540584808,1031.4256591796875,0.07723444700241089,1031.4256591796875
2818,19.25666618347168,38.567501068115234,0.6817621795627735,1015.5966796875,0.10503536462783813,1015.5966796875
2819,19.21666717529297,45.17250061035156,0.6620616702825135,984.658447265625,0.06011420488357544,984.658447265625
2820,18.821666717529297,40.3558349609375,0.7250533179790764,993.347412109375,0.08240687847137451,993.347412109375
2821,19.19333267211914,39.994163513183594,0.6868073450939489,997.8952026367188,0.0785355269908905,997.8952026367188
2822,19.110000610351562,37.60333251953125,0.6554249641329293,985.260498046875,0.09883671998977661,985.260498046875
2823,19.2016658782959,41.60166549682617,0.686246698660839,1033.7542724609375,0.0625683069229126,1033.7542724609375
2824,18.684165954589844,37.698333740234375,0.6688567016081526,1007.7642822265625,0.0934704840183258,1007.7642822265625
2825,19.093332290649414,40.1775016784668,0.6890950117707431,1025.66845703125,0.06350827217102051,1025.66845703125
2826,19.27666664123535,40.88083267211914,0.6761815140258958,1009.9136962890625,0.06373238563537598,1009.9136962890625
2827,19.384166717529297,43.266666412353516,0.6695072494898632,1023.3150634765625,0.09426546096801758,1023.3150634765625
2828,19.15250015258789,39.836666107177734,0.6793998364588929,1000.4011840820312,0.05370795726776123,1000.4011840820312
2829,19.417499542236328,42.570831298828125,0.6558982486465119,1025.154296875,0.07181739807128906,1025.154296875
2830,19.34666633605957,36.83833312988281,0.6934422293590707,1008.1735229492188,0.08348187804222107,1008.1735229492188
2831,19.66583251953125,46.369163513183594,0.6494210529479871,1030.7279052734375,0.06200650334358215,1030.7279052734375
2832,19.162500381469727,40.143333435058594,0.6827477273606398,950.0399780273438,0.07413575053215027,950.0399780273438
2833,19.15250015258789,38.7783317565918,0.6671513635329915,1034.4091796875,0.07836344838142395,1034.4091796875
2834,19.295000076293945,40.03916549682617,0.681384349012188,1001.1849365234375,0.08826878666877747,1001.1849365234375
2835,19.085832595825195,41.919166564941406,0.7082048007291235,983.7050170898438,0.09416502714157104,983.7050170898438
2836,19.20916748046875,40.12916564941406,0.6830995714867869,1029.3931884765625,0.065670907497406,1029.3931884765625
2837,18.997499465942383,40.14999771118164,0.6661643937521562,1027.5203857421875,0.12787842750549316,1027.5203857421875
2838,19.115833282470703,41.339168548583984,0.6879710399900147,983.4841918945312,0.08166539669036865,983.4841918945312
2839,19.635833740234375,46.688331604003906,0.6541393090577751,1004.2322387695312,0.0647881031036377,1004.2322387695312
2840,19.019166946411133,38.31666564941406,0.68352122095105,1026.9215087890625,0.09895575046539307,1026.9215087890625
2841,18.79166603088379,39.31333541870117,0.7253020640148404,995.0617065429688,0.09176403284072876,995.0617065429688
2842,19.375,43.45833206176758,0.6594899797648288,995.0498657226562,0.07488188147544861,995.0498657226562
2843,19.111665725708008,36.27083206176758,0.6457698038639267,1018.6519165039062,0.06526440382003784,1018.6519165039062
2844,19.58416748046875,44.633331298828125,0.6689486505495151,984.6349487304688,0.06745004653930664,984.6349487304688
2845,19.56333351135254,41.92000198364258,0.6621615146617432,1001.6278076171875,0.06444051861763,1001.6278076171875
2846,18.900833129882812,36.29916763305664,0.6659810236570841,971.1382446289062,0.09576761722564697,971.1382446289062
2847,19.40833282470703,42.35333251953125,0.7265081344461222,1008.102783203125,0.054437994956970215,1008.102783203125
2848,19.093332290649414,39.70000076293945,0.6859627237626227,1027.525146484375,0.0901269018650055,1027.525146484375
2849,19.072500228881836,40.49250030517578,0.730396527411453,1013.6298828125,0.06904467940330505,1013.6298828125
2850,19.343332290649414,37.30833053588867,0.6861827764987478,989.4693603515625,0.08768245577812195,989.4693603515625
2851,19.149166107177734,40.30833435058594,0.641086204328374,973.081787109375,0.09595251083374023,973.081787109375
2852,19.303333282470703,38.88833236694336,0.629182186352993,1015.8388671875,0.09719902276992798,1015.8388671875
2853,19.343332290649414,47.35333251953125,0.6529740868788214,953.1793823242188,0.07101994752883911,953.1793823242188
2854,18.986665725708008,39.9283332824707,0.6552101981697015,992.1119995117188,0.08369094133377075,992.1119995117188
2855,19.082500457763672,42.98833465576172,0.667051031793805,993.8383178710938,0.06077778339385986,993.8383178710938
2856,19.03499984741211,38.17000198364258,0.70521933005555,1040.689453125,0.07617104053497314,1040.689453125
2857,19.253332138061523,43.087501525878906,0.6592016637656917,1013.7400512695312,0.07171642780303955,1013.7400512695312
2858,19.308332443237305,47.018333435058594,0.6578851967541013,972.6854858398438,0.08048984408378601,972.6854858398438
2859,18.815834045410156,39.85916519165039,0.6732183123306689,1017.1804809570312,0.06631109118461609,1017.1804809570312
2860,19.024999618530273,41.90583038330078,0.6595862656718725,1028.8656005859375,0.09886452555656433,1028.8656005859375
2861,18.942501068115234,37.44499969482422,0.6994954839732421,1015.9097290039062,0.08391299843788147,1015.9097290039062
2862,18.970001220703125,44.051666259765625,0.670840910206782,1026.55712890625,0.053859055042266846,1026.55712890625
2863,19.219165802001953,40.88083267211914,0.720203808813231,981.5778198242188,0.0686694085597992,981.5778198242188
2864,18.822500228881836,38.106666564941406,0.7046726703082915,1052.150634765625,0.07483261823654175,1052.150634765625
2865,19.04083251953125,42.920833587646484,0.6672467164179812,1023.7972412109375,0.05972689390182495,1023.7972412109375
2866,19.161666870117188,38.21833419799805,0.7060303134805823,1012.7503662109375,0.06702631711959839,1012.7503662109375
2867,19.275001525878906,41.51000213623047,0.6844077258456296,983.4194946289062,0.08447551727294922,983.4194946289062
2868,19.010833740234375,33.87750244140625,0.6447583765226482,989.6903686523438,0.09618967771530151,989.6903686523438
2869,18.919166564941406,39.320831298828125,0.6858315992543367,1042.5279541015625,0.07039743661880493,1042.5279541015625
2870,19.22249984741211,41.98583221435547,0.7204356606740363,975.7973022460938,0.08313104510307312,975.7973022460938
2871,18.858333587646484,39.608333587646484,0.6869824158201753,1008.31201171875,0.07037138938903809,1008.31201171875
2872,19.1825008392334,42.59499740600586,0.6641921866553503,990.0592041015625,0.061730802059173584,990.0592041015625
2873,19.08500099182129,38.842498779296875,0.6456814305614498,1006.3511962890625,0.06952643394470215,1006.3511962890625
2874,19.104999542236328,39.80416488647461,0.6641629644414306,1002.6259765625,0.07925507426261902,1002.6259765625
2875,19.33500099182129,45.407501220703125,0.7038589791210554,959.6474609375,0.06080210208892822,959.6474609375
2876,19.079166412353516,40.02000045776367,0.6603921377589705,1034.4017333984375,0.08921122550964355,1034.4017333984375
2877,19.06999969482422,42.90416717529297,0.6918727218592857,984.13623046875,0.09124013781547546,984.13623046875
2878,18.85416603088379,41.38166427612305,0.6619075359358355,997.896240234375,0.08875781297683716,997.896240234375
2879,19.531667709350586,41.592498779296875,0.6702213662457321,1026.31201171875,0.06872186064720154,1026.31201171875
2880,19.100000381469727,43.939998626708984,0.6824326974693138,1027.1044921875,0.05613464117050171,1027.1044921875
2881,19.086666107177734,41.755001068115234,0.6972612911712832,999.4806518554688,0.06730020046234131,999.4806518554688
2882,19.150833129882812,40.877498626708984,0.6955143859610194,1012.9954223632812,0.06791013479232788,1012.9954223632812
2883,19.010000228881836,41.56833267211914,0.6492995798054856,1002.4454956054688,0.09549283981323242,1002.4454956054688
2884,18.98750114440918,40.622501373291016,0.6781129655311686,1086.8184814453125,0.08095654845237732,1086.8184814453125
2885,18.872499465942383,38.295833587646484,0.7131879743021916,1024.0098876953125,0.07406830787658691,1024.0098876953125
2886,19.07583236694336,41.05583572387695,0.6993508717037316,993.5867309570312,0.10425108671188354,993.5867309570312
2887,19.108333587646484,39.8466682434082,0.6779512102769634,1052.38134765625,0.07468408346176147,1052.38134765625
2888,19.005001068115234,42.61666488647461,0.696184467149374,1016.6966552734375,0.05997258424758911,1016.6966552734375
2889,19.29833221435547,40.779998779296875,0.6896114822341408,992.9766235351562,0.07495063543319702,992.9766235351562
2890,19.502500534057617,44.081668853759766,0.6605038260018969,1027.9208984375,0.08835887908935547,1027.9208984375
2891,19.31333351135254,45.586666107177734,0.6873922877461367,1006.4981079101562,0.054767876863479614,1006.4981079101562
2892,18.670833587646484,36.28166580200195,0.6969992599472887,1017.1328125,0.09532156586647034,1017.1328125
2893,19.28499984741211,44.85000228881836,0.6702097786641175,1001.439697265625,0.06968677043914795,1001.439697265625
2894,18.832500457763672,38.18083572387695,0.7246077050799816,1017.6824340820312,0.0832335352897644,1017.6824340820312
2895,18.90999984741211,39.80583190917969,0.7313524123861095,1034.986083984375,0.07106739282608032,1034.986083984375
2896,18.90999984741211,41.26583480834961,0.6885723453001809,1035.611328125,0.07627642154693604,1035.611328125
2897,19.09833335876465,37.899166107177734,0.6737370977184018,1024.825927734375,0.06764674186706543,1024.825927734375
2898,19.078332901000977,37.58000183105469,0.6754232423882109,991.1578369140625,0.10120630264282227,991.1578369140625
2899,19.083332061767578,43.11333465576172,0.676053672905353,1016.5784301757812,0.06844496726989746,1016.5784301757812
2900,19.0,38.33333206176758,0.7045170458494213,1014.8633422851562,0.07336455583572388,1014.8633422851562
2901,19.226667404174805,42.54166793823242,0.690893680500829,972.8865966796875,0.059921056032180786,972.8865966796875
2902,19.040000915527344,41.49500274658203,0.6837394400834222,1025.7569580078125,0.055350542068481445,1025.7569580078125
2903,18.827499389648438,41.28000259399414,0.6906821255688556,1009.2991333007812,0.06491228938102722,1009.2991333007812
2904,18.961666107177734,38.307498931884766,0.6673974208908213,1005.0599365234375,0.07497051358222961,1005.0599365234375
2905,19.004165649414062,41.127498626708984,0.6778178412519203,1027.724853515625,0.06233090162277222,1027.724853515625
2906,19.021665573120117,42.708335876464844,0.7201706171199097,1033.6024169921875,0.06574127078056335,1033.6024169921875
2907,18.81999969482422,36.494998931884766,0.6966456991894248,1062.03662109375,0.11497879028320312,1062.03662109375
2908,19.133333206176758,39.47333526611328,0.7166204769677553,981.9197998046875,0.10312619805335999,981.9197998046875
2909,19.259166717529297,42.23583221435547,0.673203205577708,1043.517578125,0.06832277774810791,1043.517578125
2910,18.97083282470703,40.75,0.7102835553088274,1023.3585205078125,0.08102229237556458,1023.3585205078125
2911,19.15916633605957,43.83583450317383,0.6634517750412596,1042.8023681640625,0.07988488674163818,1042.8023681640625
2912,19.323331832885742,45.61499786376953,0.6758494419208348,1033.7193603515625,0.07279366254806519,1033.7193603515625
2913,18.76166534423828,38.185001373291016,0.7124996792866718,1006.246826171875,0.07682663202285767,1006.246826171875
2914,18.709165573120117,40.02000045776367,0.6721800098133699,1000.3989868164062,0.07812270522117615,1000.3989868164062
2915,18.736665725708008,37.9908332824707,0.6963963713213815,990.9276733398438,0.06270748376846313,990.9276733398438
2916,19.155832290649414,44.09000015258789,0.7124000086352084,990.5496826171875,0.08383923768997192,990.5496826171875
2917,19.03583335876465,41.31083297729492,0.6838582293703492,1005.5465087890625,0.055687010288238525,1005.5465087890625
2918,18.81166648864746,40.456668853759766,0.6961292453453938,980.5325317382812,0.07252398133277893,980.5325317382812
2919,18.900833129882812,41.130836486816406,0.7186495562617312,993.1900024414062,0.06750619411468506,993.1900024414062
2920,18.968334197998047,40.27250289916992,0.7137960859286673,1011.7268676757812,0.0685437023639679,1011.7268676757812
2921,19.215831756591797,40.81916809082031,0.6820596859945061,1041.6181640625,0.09727796912193298,1041.6181640625
2922,19.324167251586914,42.54499816894531,0.6703708047925794,978.2308959960938,0.06506162881851196,978.2308959960938
2923,18.718334197998047,37.724998474121094,0.6831443107379876,1040.428955078125,0.11061683297157288,1040.428955078125
2924,18.991666793823242,45.169166564941406,0.6767321671926366,984.1798095703125,0.054789841175079346,984.1798095703125
2925,18.93666648864746,40.46583557128906,0.6880886874236463,1018.5740356445312,0.10233202576637268,1018.5740356445312
2926,18.612499237060547,39.4716682434082,0.6818671053659924,998.6710815429688,0.08855366706848145,998.6710815429688
2927,19.059999465942383,45.51333236694336,0.6556004991218339,991.7979736328125,0.0612521767616272,991.7979736328125
2928,19.079166412353516,45.891666412353516,0.6146829225921013,990.3093872070312,0.06524547934532166,990.3093872070312
2929,19.04083251953125,40.537498474121094,0.669619596482882,1029.198486328125,0.0710178017616272,1029.198486328125
2930,19.065834045410156,43.46833038330078,0.671487765444786,999.8238525390625,0.07971194386482239,999.8238525390625
2931,21.2549991607666,43.97999954223633,0.6203435487387343,994.5,0.06338122487068176,994.5
2932,18.934165954589844,43.29750061035156,0.7106274528572677,1004.2578735351562,0.07202059030532837,1004.2578735351562
2933,18.884166717529297,41.08749771118164,0.6773126456508376,988.5275268554688,0.07001486420631409,988.5275268554688
2934,19.240833282470703,45.69333267211914,0.6565071705130078,1008.2361450195312,0.06865417957305908,1008.2361450195312
2935,18.76166534423828,41.6591682434082,0.7015671569916089,1007.8506469726562,0.06396138668060303,1007.8506469726562
2936,18.876667022705078,41.54666519165039,0.6825032291630483,997.4115600585938,0.08493039011955261,997.4115600585938
2937,18.741666793823242,41.0716667175293,0.6681619349026837,1046.749267578125,0.052569031715393066,1046.749267578125
2938,19.066665649414062,39.11750030517578,0.7114455109825228,1022.1668701171875,0.0718831717967987,1022.1668701171875
2939,18.57416534423828,36.38916778564453,0.6633535490650044,1069.5667724609375,0.08093017339706421,1069.5667724609375
2940,18.873332977294922,39.09666442871094,0.6880332728545886,1020.9185791015625,0.0935768187046051,1020.9185791015625
2941,18.768333435058594,37.35333251953125,0.7003417535863283,990.2960815429688,0.08943420648574829,990.2960815429688
2942,19.019166946411133,38.95000076293945,0.6953876972529087,1044.241455078125,0.06397360563278198,1044.241455078125
2943,19.015832901000977,41.76416778564453,0.6837232252277976,999.3414916992188,0.09065821766853333,999.3414916992188
2944,18.594999313354492,39.07666778564453,0.6800175873187262,1043.5679931640625,0.07634580135345459,1043.5679931640625
2945,18.645000457763672,38.47916793823242,0.6839022006550579,1013.1085205078125,0.07517355680465698,1013.1085205078125
2946,19.310001373291016,44.86000061035156,0.6760603088999573,1038.643798828125,0.06716927886009216,1038.643798828125
2947,19.060832977294922,39.46333312988281,0.6725829640027562,1020.6881103515625,0.0756242573261261,1020.6881103515625
2948,19.07750129699707,38.961666107177734,0.7280357796042919,1013.1234741210938,0.047654688358306885,1013.1234741210938
2949,19.06833267211914,37.121665954589844,0.6964034620384036,1025.9410400390625,0.07106900215148926,1025.9410400390625
2950,18.915000915527344,38.05083465576172,0.6385891541270584,984.1174926757812,0.057482779026031494,984.1174926757812
2951,18.960834503173828,41.17499923706055,0.6892837241982128,980.38623046875,0.06537836790084839,980.38623046875
2952,18.814167022705078,38.78083038330078,0.713861989707327,1035.7696533203125,0.07891583442687988,1035.7696533203125
2953,18.891666412353516,40.94166564941406,0.6527957478571769,979.7847290039062,0.10309311747550964,979.7847290039062
2954,18.877500534057617,37.532501220703125,0.687318412976506,1042.523193359375,0.10401815176010132,1042.523193359375
2955,18.90999984741211,38.31666564941406,0.6461917401277459,1018.2296752929688,0.07966774702072144,1018.2296752929688
2956,19.22249984741211,40.4283332824707,0.6493242566381221,994.2714233398438,0.06725296378135681,994.2714233398438
2957,19.044166564941406,37.4908332824707,0.7216757159710747,1018.240966796875,0.05013221502304077,1018.240966796875
2958,19.086666107177734,42.686668395996094,0.6726204255086979,1014.9363403320312,0.08137273788452148,1014.9363403320312
2959,18.77833366394043,35.77833557128906,0.6850207529500181,1030.267822265625,0.07947170734405518,1030.267822265625
2960,19.146665573120117,44.380001068115234,0.6635761089560874,1010.542724609375,0.05272364616394043,1010.542724609375
2961,18.88166618347168,43.731666564941406,0.6646241972303166,1004.2782592773438,0.06991872191429138,1004.2782592773438
2962,19.224166870117188,40.375,0.6821066404362269,1007.6293334960938,0.07185065746307373,1007.6293334960938
2963,18.995834350585938,41.842498779296875,0.6849262528391249,1013.1862182617188,0.06539437174797058,1013.1862182617188
2964,18.963333129882812,40.36250305175781,0.6677645884447365,1060.0433349609375,0.07171469926834106,1060.0433349609375
2965,19.01333236694336,40.690834045410156,0.6821808585227872,1056.05224609375,0.09233987331390381,1056.05224609375
2966,19.375,39.75749969482422,0.6842648322628024,1018.2521362304688,0.05714821815490723,1018.2521362304688
2967,19.017499923706055,40.33250045776367,0.675910504078256,1013.0829467773438,0.06714123487472534,1013.0829467773438
2968,18.980833053588867,38.856666564941406,0.6941573998621254,1008.2275390625,0.07339045405387878,1008.2275390625
2969,19.200000762939453,41.00583267211914,0.6846072308816127,1023.4524536132812,0.08080366253852844,1023.4524536132812
2970,19.049165725708008,38.086666107177734,0.657575179094537,1000.3533325195312,0.08753359317779541,1000.3533325195312
2971,19.190000534057617,42.836666107177734,0.6814410117664951,1009.37548828125,0.07215020060539246,1009.37548828125
2972,18.5483341217041,38.80583190917969,0.6628678563103334,999.5182495117188,0.0782635509967804,999.5182495117188
2973,18.678333282470703,40.2783317565918,0.6540794615772103,1018.555419921875,0.0837329626083374,1018.555419921875
2974,19.15166664123535,40.47083282470703,0.6438799842355347,1045.48291015625,0.05780917406082153,1045.48291015625
2975,19.15833282470703,38.84166717529297,0.697986654118998,1021.0582275390625,0.059886813163757324,1021.0582275390625
2976,18.9325008392334,37.03416442871094,0.664160239990788,1025.358154296875,0.06399708986282349,1025.358154296875
2977,19.078332901000977,43.1341667175293,0.6394054369650802,1035.063720703125,0.08535197377204895,1035.063720703125
2978,18.975833892822266,42.70249938964844,0.6870298791820568,990.943359375,0.0692148208618164,990.943359375
2979,18.919166564941406,40.42916488647461,0.6630863743136913,1009.1121215820312,0.06964051723480225,1009.1121215820312
2980,19.210832595825195,40.71083450317383,0.5965397769498973,982.4050903320312,0.08923360705375671,982.4050903320312
2981,19.454999923706055,41.371665954589844,0.6724118019872539,1022.6819458007812,0.07859277725219727,1022.6819458007812
2982,19.377500534057617,43.12333297729492,0.7051841211351106,989.7857666015625,0.10493448376655579,989.7857666015625
2983,19.358333587646484,41.84666442871094,0.6813539894474905,1038.3388671875,0.060526251792907715,1038.3388671875
2984,18.980833053588867,46.206668853759766,0.6680967885828032,1040.8450927734375,0.06419000029563904,1040.8450927734375
2985,19.030000686645508,43.12666702270508,0.6714068571937015,999.6987915039062,0.06542930006980896,999.6987915039062
2986,18.93666648864746,44.99166488647461,0.716159492482028,997.5313720703125,0.06301915645599365,997.5313720703125
2987,18.710834503173828,41.383331298828125,0.6892424900864813,966.7833862304688,0.054216861724853516,966.7833862304688
2988,19.009166717529297,42.11249923706055,0.6870159138028299,1033.8553466796875,0.06619346141815186,1033.8553466796875
2989,19.15166664123535,48.91416549682617,0.683860552692216,972.9061279296875,0.06945404410362244,972.9061279296875
2990,19.126667022705078,43.31916427612305,0.6742635024319229,996.9569702148438,0.06695446372032166,996.9569702148438
2991,21.634166717529297,40.60916519165039,0.6844000490238176,1041.38134765625,0.05884939432144165,1041.38134765625
2992,19.126667022705078,40.64083480834961,0.6860720723295448,1003.6671142578125,0.06542828679084778,1003.6671142578125
2993,18.96416664123535,44.084999084472656,0.6708725645186012,1008.7420043945312,0.08454087376594543,1008.7420043945312
2994,19.136667251586914,45.166664123535156,0.6900663692952139,1025.9083251953125,0.045016199350357056,1025.9083251953125
2995,19.044166564941406,40.645835876464844,0.6807907365146719,1003.9905395507812,0.06632888317108154,1003.9905395507812
2996,19.095001220703125,41.0091667175293,0.695672731800353,1008.4451904296875,0.061851561069488525,1008.4451904296875
2997,19.35416603088379,42.032501220703125,0.6683053800870934,1028.664794921875,0.06732112169265747,1028.664794921875
2998,19.200000762939453,43.21916580200195,0.7052087301742294,1018.9826049804688,0.060915231704711914,1018.9826049804688
2999,18.869165420532227,39.114166259765625,0.6683123504278894,991.9254760742188,0.06300616264343262,991.9254760742188
3000,19.092500686645508,41.40166473388672,0.672609541666741,1002.3749389648438,0.06082117557525635,1002.3749389648438
3001,19.072500228881836,43.770835876464844,0.6635352080986782,1036.199462890625,0.07028180360794067,1036.199462890625
3002,18.59833335876465,43.30833435058594,0.6535906251315193,975.7339477539062,0.08394446969032288,975.7339477539062
3003,19.10416603088379,42.79750061035156,0.6578773282911825,1011.0465698242188,0.05909743905067444,1011.0465698242188
3004,18.82416534423828,37.688331604003906,0.6585890778473018,1012.4556274414062,0.06643736362457275,1012.4556274414062
3005,19.31333351135254,43.331668853759766,0.6504726839581687,1038.5604248046875,0.07039830088615417,1038.5604248046875
3006,18.7933349609375,41.795833587646484,0.6964058789912912,1002.371826171875,0.053473830223083496,1002.371826171875
3007,19.118331909179688,41.10499954223633,0.6727414776049636,1017.494140625,0.06579837203025818,1017.494140625
3008,18.94499969482422,41.4033317565918,0.6568560008887983,1001.6629638671875,0.05965062975883484,1001.6629638671875
3009,19.126667022705078,41.431663513183594,0.692121358370284,1020.5215454101562,0.06485545635223389,1020.5215454101562
3010,19.34083366394043,43.801666259765625,0.6936923789339753,961.8953857421875,0.05787009000778198,961.8953857421875
3011,18.934999465942383,37.481666564941406,0.6815690828819652,1021.5346069335938,0.04626798629760742,1021.5346069335938
3012,18.831666946411133,38.24749755859375,0.6833854535930339,1057.6680908203125,0.06646221876144409,1057.6680908203125
3013,19.13083267211914,42.67416763305664,0.6642278569782821,1037.697998046875,0.07886430621147156,1037.697998046875
3014,19.0766658782959,44.94916915893555,0.6504260061408784,985.8764038085938,0.06303071975708008,985.8764038085938
3015,19.11250114440918,43.39250183105469,0.6538816252884857,1007.594970703125,0.09249299764633179,1007.594970703125
3016,19.134166717529297,42.4658317565918,0.6819991701850401,949.2362670898438,0.06879124045372009,949.2362670898438
3017,21.303333282470703,42.40250015258789,0.6581859757190774,999.3829956054688,0.05971944332122803,999.3829956054688
3018,19.36083221435547,41.25166702270508,0.6809686821198937,1002.4090576171875,0.0682191550731659,1002.4090576171875
3019,19.40916633605957,49.65916442871094,0.6705160232381548,952.56787109375,0.07039141654968262,952.56787109375
3020,18.898334503173828,40.915000915527344,0.6766462647847953,982.7918701171875,0.06018224358558655,982.7918701171875
3021,18.995834350585938,44.56916809082031,0.6828266366400146,1011.412109375,0.06128224730491638,1011.412109375
3022,19.37416648864746,47.685001373291016,0.6668430518244299,983.1898803710938,0.06900829076766968,983.1898803710938
3023,21.41083335876465,39.11333465576172,0.6884020808648859,962.0984497070312,0.08762314915657043,962.0984497070312
3024,19.269166946411133,45.352500915527344,0.6823011888629986,1022.2675170898438,0.0699833333492279,1022.2675170898438
3025,18.844999313354492,37.67250061035156,0.6889822495332107,1022.3057861328125,0.11415532231330872,1022.3057861328125
3026,19.050832748413086,40.51416778564453,0.693936903856502,1000.193603515625,0.06773611903190613,1000.193603515625
3027,18.56999969482422,41.253334045410156,0.6854127293595205,973.7335815429688,0.07189285755157471,973.7335815429688
3028,18.76583480834961,40.174163818359375,0.6434010148385139,1048.1934814453125,0.06603044271469116,1048.1934814453125
3029,18.594165802001953,40.76250076293945,0.6969472025829027,965.9140625,0.07155182957649231,965.9140625
3030,18.78583335876465,38.42416763305664,0.6785253794434596,1013.647705078125,0.09518769383430481,1013.647705078125
3031,18.446666717529297,38.260833740234375,0.6516134942191381,1027.82958984375,0.07633709907531738,1027.82958984375
3032,18.81999969482422,40.796669006347656,0.6738478646848549,1020.7677001953125,0.05102497339248657,1020.7677001953125
3033,18.69499969482422,37.186668395996094,0.6784600086875332,1050.8966064453125,0.07164180278778076,1050.8966064453125
3034,19.37583351135254,42.75583267211914,0.6771857285042013,1039.251220703125,0.08041110634803772,1039.251220703125
3035,18.967500686645508,45.579166412353516,0.6822830716774089,995.4346923828125,0.08553311228752136,995.4346923828125
3036,18.88249969482422,39.75583267211914,0.7075724062957112,1042.3818359375,0.08436703681945801,1042.3818359375
3037,18.850000381469727,41.21583557128906,0.6575713514173946,1019.4107666015625,0.08407974243164062,1019.4107666015625
3038,18.96000099182129,40.87583541870117,0.6806659708290885,1010.2216796875,0.08668851852416992,1010.2216796875
3039,19.19499969482422,43.16999816894531,0.6889979339941364,995.8456420898438,0.06899788975715637,995.8456420898438
3040,19.010833740234375,44.665000915527344,0.6862109016491584,993.5269165039062,0.0677402913570404,993.5269165039062
3041,19.065834045410156,42.8849983215332,0.6788378301077438,1029.5858154296875,0.0733214020729065,1029.5858154296875
3042,19.036666870117188,43.18333435058594,0.6782363914271432,993.873291015625,0.10161006450653076,993.873291015625
3043,18.795833587646484,37.90833282470703,0.7191690470412737,1023.9208984375,0.14338335394859314,1023.9208984375
3044,19.053333282470703,39.94916534423828,0.7141375983667679,1019.406005859375,0.08434808254241943,1019.406005859375
3045,19.17500114440918,43.68583297729492,0.6913585427782342,1010.50048828125,0.06382542848587036,1010.50048828125
3046,19.287500381469727,47.87916564941406,0.6634861856961075,998.8838500976562,0.07300931215286255,998.8838500976562
3047,19.28583335876465,42.89250183105469,0.6846035428141639,1008.3072509765625,0.06975528597831726,1008.3072509765625
3048,18.968334197998047,43.880001068115234,0.6460138246026187,986.1039428710938,0.047326743602752686,986.1039428710938
3049,19.135833740234375,43.81666946411133,0.68489765240781,1025.6165771484375,0.07235163450241089,1025.6165771484375
3050,19.350831985473633,47.79666519165039,0.722988325007462,1010.3384399414062,0.04922914505004883,1010.3384399414062
3051,18.845834732055664,39.635833740234375,0.6668594690235924,1026.38720703125,0.07137447595596313,1026.38720703125
3052,19.074167251586914,43.788333892822266,0.6939630236487888,1024.113525390625,0.07264381647109985,1024.113525390625
3053,18.818334579467773,41.877498626708984,0.678577133022382,1019.381103515625,0.08111834526062012,1019.381103515625
3054,18.871665954589844,38.56166458129883,0.6336067187674166,999.673095703125,0.07142913341522217,999.673095703125
3055,19.259166717529297,43.82083511352539,0.6955436282458238,1004.6229858398438,0.07377544045448303,1004.6229858398438
3056,21.783334732055664,47.063331604003906,0.6248032016294908,997.3475952148438,0.06092122197151184,997.3475952148438
3057,18.935832977294922,40.82416534423828,0.7289344312109957,992.92236328125,0.06490498781204224,992.92236328125
3058,19.43000030517578,44.58333206176758,0.6974408900524469,1000.0269165039062,0.07359632849693298,1000.0269165039062
3059,19.29916763305664,41.30083465576172,0.6437041884131713,1011.9323120117188,0.07314792275428772,1011.9323120117188
3060,18.858333587646484,37.663333892822266,0.6791091903375037,1006.9338989257812,0.07391166687011719,1006.9338989257812
3061,18.7933349609375,39.763336181640625,0.704293315951784,1016.0416870117188,0.04669523239135742,1016.0416870117188
3062,18.927499771118164,39.150001525878906,0.6966745231195425,990.193359375,0.05587047338485718,990.193359375
3063,18.795833587646484,38.4375,0.7166686376553686,1023.2462158203125,0.05207514762878418,1023.2462158203125
3064,18.480833053588867,42.44916915893555,0.6758604808895767,976.0859985351562,0.06685921549797058,976.0859985351562
3065,19.081666946411133,43.48500061035156,0.6791220060161816,987.6217041015625,0.06672000885009766,987.6217041015625
3066,18.926666259765625,42.28666687011719,0.7078589775384816,1006.2098999023438,0.07326507568359375,1006.2098999023438
3067,21.517499923706055,42.975833892822266,0.6607995029746205,1000.2958374023438,0.07166033983230591,1000.2958374023438
3068,19.045833587646484,39.19166564941406,0.6690473263160934,994.8334350585938,0.0659174919128418,994.8334350585938
3069,19.21416664123535,41.885833740234375,0.6903205421826114,1036.7354736328125,0.07303199172019958,1036.7354736328125
3070,19.087499618530273,40.18916702270508,0.6959550800084393,999.7943115234375,0.05680251121520996,999.7943115234375
3071,18.825000762939453,42.81999969482422,0.691252022323964,1007.1370849609375,0.05707558989524841,1007.1370849609375
3072,18.760000228881836,40.69916534423828,0.6829457138618413,1032.6700439453125,0.0551111102104187,1032.6700439453125
3073,19.435001373291016,45.157501220703125,0.6880895171656267,993.5711669921875,0.057866692543029785,993.5711669921875
3074,19.113332748413086,40.497501373291016,0.6378615135881247,1022.6104736328125,0.08382239937782288,1022.6104736328125
3075,18.926666259765625,38.875,0.6880887175767039,1028.3404541015625,0.07211765646934509,1028.3404541015625
3076,19.391666412353516,40.526668548583984,0.6894149021833604,1007.9196166992188,0.09298145771026611,1007.9196166992188
3077,19.053333282470703,40.9900016784668,0.7015833695166969,1001.7030639648438,0.06140419840812683,1001.7030639648438
3078,19.364166259765625,46.26333236694336,0.6500976156450634,965.1972045898438,0.04467618465423584,965.1972045898438
3079,19.196666717529297,41.78166580200195,0.6853916974997081,1008.9500732421875,0.0717465877532959,1008.9500732421875
3080,18.546667098999023,39.209999084472656,0.708361716477667,1004.9486694335938,0.08200281858444214,1004.9486694335938
3081,19.155000686645508,41.74166488647461,0.6822504032607566,1005.2301635742188,0.05846142768859863,1005.2301635742188
3082,18.78583335876465,39.0091667175293,0.7059101967160809,1031.1641845703125,0.10163211822509766,1031.1641845703125
3083,19.433332443237305,47.65166473388672,0.6330179991531697,1028.0849609375,0.08821406960487366,1028.0849609375
3084,18.77750015258789,39.2599983215332,0.6771915480653157,1011.5811157226562,0.07527285814285278,1011.5811157226562
3085,19.02750015258789,44.75583267211914,0.6994071006797276,992.7382202148438,0.07401961088180542,992.7382202148438
3086,19.14000129699707,42.15666580200195,0.7184415234424915,1026.0706787109375,0.06237226724624634,1026.0706787109375
3087,18.654165267944336,38.124168395996094,0.6321904296471675,1000.2127685546875,0.06022799015045166,1000.2127685546875
3088,18.670833587646484,38.419166564941406,0.6564945628193637,1043.054443359375,0.07530426979064941,1043.054443359375
3089,19.13833236694336,41.345001220703125,0.6826038262838215,1022.2177734375,0.06276470422744751,1022.2177734375
3090,18.99250030517578,39.462501525878906,0.703292573286986,1044.154296875,0.07513007521629333,1044.154296875
3091,18.831666946411133,35.17000198364258,0.6932534137831131,1029.8175048828125,0.06581157445907593,1029.8175048828125
3092,19.025833129882812,41.94000244140625,0.6412640673154161,991.4987182617188,0.08786192536354065,991.4987182617188
3093,18.862499237060547,40.954166412353516,0.7067297748416266,972.6450805664062,0.07094079256057739,972.6450805664062
3094,19.303333282470703,44.19916534423828,0.6883029047790831,1009.9107666015625,0.05743640661239624,1009.9107666015625
3095,18.975833892822266,38.791664123535156,0.6849741874295145,996.846923828125,0.08276799321174622,996.846923828125
3096,19.240833282470703,45.13166427612305,0.6748141873748027,983.7186889648438,0.08954927325248718,983.7186889648438
3097,19.454166412353516,46.420833587646484,0.6790020662991304,1022.5083618164062,0.050842344760894775,1022.5083618164062
3098,18.994165420532227,43.83250045776367,0.708565116456992,996.341552734375,0.06074488162994385,996.341552734375
3099,19.149166107177734,39.448333740234375,0.687012935262322,1007.703369140625,0.08751663565635681,1007.703369140625
3100,19.406667709350586,48.47416687011719,0.6982931481257213,989.366455078125,0.0697547197341919,989.366455078125
3101,19.019166946411133,44.233333587646484,0.6591346000269956,1021.9035034179688,0.07601773738861084,1021.9035034179688
3102,19.29250144958496,43.83000183105469,0.663934075811241,979.2070922851562,0.06129652261734009,979.2070922851562
3103,18.974166870117188,39.55666732788086,0.6741991101190838,992.0908813476562,0.08340200781822205,992.0908813476562
3104,18.859167098999023,42.93166732788086,0.6947640457347473,1008.98095703125,0.0667542815208435,1008.98095703125
3105,18.712499618530273,38.842498779296875,0.7034198743697625,972.11767578125,0.07517972588539124,972.11767578125
3106,18.87416648864746,40.01750183105469,0.6846152587033615,1012.9622802734375,0.0714786946773529,1012.9622802734375
3107,19.070833206176758,42.66749954223633,0.6574546831107904,1016.5226440429688,0.07184275984764099,1016.5226440429688
3108,19.064167022705078,41.272499084472656,0.682707782202078,996.009033203125,0.04984450340270996,996.009033203125
3109,18.844999313354492,37.564998626708984,0.688366648966197,1043.843505859375,0.0868331789970398,1043.843505859375
3110,19.376667022705078,46.15083312988281,0.6318819898269644,1046.5343017578125,0.07433927059173584,1046.5343017578125
3111,19.015832901000977,41.451663970947266,0.6841768220216656,1021.2482299804688,0.0691206157207489,1021.2482299804688
3112,19.02666664123535,41.88500213623047,0.7056914559864519,976.6591186523438,0.08245092630386353,976.6591186523438
3113,18.90999984741211,43.57999801635742,0.6854134354371605,1031.364990234375,0.05838650465011597,1031.364990234375
3114,19.020000457763672,43.92333221435547,0.6851355870577871,1010.4806518554688,0.06064462661743164,1010.4806518554688
3115,18.862499237060547,38.9466667175293,0.6357590331726262,1001.176025390625,0.05351835489273071,1001.176025390625
3116,19.150833129882812,43.68000030517578,0.6942186768733787,991.7266845703125,0.07914751768112183,991.7266845703125
3117,18.829166412353516,39.227500915527344,0.6778201159760209,973.673583984375,0.07940638065338135,973.673583984375
3118,19.081666946411133,43.211666107177734,0.6862527374420175,1020.3705444335938,0.06054943799972534,1020.3705444335938
3119,19.295833587646484,44.608333587646484,0.6597082086947517,1013.4535522460938,0.0610518753528595,1013.4535522460938
3120,18.895000457763672,40.46500015258789,0.6858244250858886,999.486572265625,0.06488224864006042,999.486572265625
3121,19.126667022705078,43.90999984741211,0.7081586982450774,1024.74365234375,0.05856397747993469,1024.74365234375
3122,19.05583381652832,39.41166687011719,0.6864596437655816,1027.30029296875,0.09952843189239502,1027.30029296875
3123,19.145832061767578,42.94416427612305,0.6716852093052226,972.7138061523438,0.07131704688072205,972.7138061523438
3124,18.844999313354492,44.62666702270508,0.6942260102487315,997.389892578125,0.051582932472229004,997.389892578125
3125,18.816665649414062,37.97999954223633,0.6613915913918146,995.7752075195312,0.08020272850990295,995.7752075195312
3126,18.94416618347168,40.967498779296875,0.6905148750311654,1017.639892578125,0.10239952802658081,1017.639892578125
3127,18.779165267944336,44.0,0.6929803139308776,1012.1865234375,0.06567549705505371,1012.1865234375
3128,18.838333129882812,41.41083526611328,0.6959477171174482,1024.301025390625,0.06601965427398682,1024.301025390625
3129,19.101667404174805,43.9808349609375,0.6758436356664612,989.3355102539062,0.07714065909385681,989.3355102539062
3130,18.584165573120117,41.63083267211914,0.6635326049554261,1000.3947143554688,0.08723708987236023,1000.3947143554688
3131,18.888334274291992,39.96333312988281,0.6607906648769923,982.0263061523438,0.07802775502204895,982.0263061523438
3132,19.172500610351562,41.839168548583984,0.6628485599425911,1015.6841430664062,0.08832505345344543,1015.6841430664062
3133,19.100000381469727,41.30083465576172,0.6693456596441278,1020.6180419921875,0.061406731605529785,1020.6180419921875
3134,19.042499542236328,40.77750015258789,0.6722544082514076,1026.26416015625,0.09333920478820801,1026.26416015625
3135,19.39666748046875,42.88916778564453,0.6471786512760305,1056.2962646484375,0.06629529595375061,1056.2962646484375
3136,19.02750015258789,43.58583450317383,0.6906885397800673,985.4901733398438,0.07268595695495605,985.4901733398438
3137,19.18000030517578,45.059165954589844,0.684252285550325,971.4623413085938,0.08071750402450562,971.4623413085938
3138,19.004165649414062,44.082496643066406,0.6612318215456475,981.08203125,0.042827725410461426,981.08203125
3139,19.40833282470703,44.69583511352539,0.661748066093645,1017.763916015625,0.0822688639163971,1017.763916015625
3140,19.185832977294922,38.50833511352539,0.6448779243165557,1024.1536865234375,0.07443657517433167,1024.1536865234375
3141,18.960834503173828,38.90333557128906,0.667627219525506,1016.9414672851562,0.06895121932029724,1016.9414672851562
3142,18.724166870117188,41.003334045410156,0.6482907068520288,1018.3101196289062,0.06260180473327637,1018.3101196289062
3143,19.141666412353516,41.62083435058594,0.6327297084940862,1009.2132568359375,0.07492762804031372,1009.2132568359375
3144,18.885833740234375,40.114166259765625,0.6703875670490178,1039.9429931640625,0.07381141185760498,1039.9429931640625
3145,19.042499542236328,47.54999923706055,0.6650665033540561,980.2030029296875,0.0472072958946228,980.2030029296875
3146,19.1391658782959,45.30833435058594,0.6827560177686336,1021.8165283203125,0.06069856882095337,1021.8165283203125
3147,18.55083465576172,40.04999923706055,0.6468526071093634,1004.470458984375,0.06298956274986267,1004.470458984375
3148,18.884166717529297,39.3025016784668,0.6720193876860833,1015.0010375976562,0.08519738912582397,1015.0010375976562
3149,19.155832290649414,47.8125,0.6969996947682001,994.4352416992188,0.05940362811088562,994.4352416992188
3150,18.764999389648438,42.87333297729492,0.6769007317076141,1046.1790771484375,0.06735298037528992,1046.1790771484375
3151,19.170833587646484,44.83749771118164,0.6676197991146928,980.5518188476562,0.06095707416534424,980.5518188476562
3152,19.287500381469727,44.18166732788086,0.6985951385000408,1032.4586181640625,0.07776522636413574,1032.4586181640625
3153,18.831666946411133,37.128334045410156,0.6772784158415153,1038.2862548828125,0.04129117727279663,1038.2862548828125
3154,18.921667098999023,40.59916687011719,0.6716695782596513,1031.0533447265625,0.053303539752960205,1031.0533447265625
3155,19.07750129699707,41.025001525878906,0.6995081927560682,1045.8646240234375,0.06880533695220947,1045.8646240234375
3156,19.310832977294922,45.641666412353516,0.694677384813235,1011.6553955078125,0.049539536237716675,1011.6553955078125
3157,18.835834503173828,37.399166107177734,0.6974102905070526,985.9285278320312,0.09435129165649414,985.9285278320312
3158,18.869165420532227,42.40583419799805,0.6177309286013387,1023.4701538085938,0.07764190435409546,1023.4701538085938
3159,18.799165725708008,36.53916549682617,0.6630311072740491,1068.5909423828125,0.0850415825843811,1068.5909423828125
3160,19.225000381469727,47.99333190917969,0.7078770655464239,973.5242919921875,0.054316937923431396,973.5242919921875
3161,18.975000381469727,41.60000228881836,0.6199258140440342,988.9212646484375,0.06457579135894775,988.9212646484375
3162,19.144166946411133,41.26583480834961,0.6390552030383323,1025.1531982421875,0.06071081757545471,1025.1531982421875
3163,19.774168014526367,44.0,0.6700521617715594,1008.1395263671875,0.05198854207992554,1008.1395263671875
3164,19.50583267211914,47.108333587646484,0.7036438946942783,1010.0599975585938,0.06750178337097168,1010.0599975585938
3165,19.440000534057617,44.981666564941406,0.6818669636015203,1009.8477172851562,0.051032423973083496,1009.8477172851562
3166,19.380001068115234,46.79166793823242,0.65580448369757,1030.9451904296875,0.07854408025741577,1030.9451904296875
3167,18.601665496826172,37.529998779296875,0.6688012707548261,1013.9835205078125,0.06683820486068726,1013.9835205078125
3168,19.300832748413086,44.63083267211914,0.6749893490605295,994.4680786132812,0.052226901054382324,994.4680786132812
3169,19.412500381469727,46.54999923706055,0.7005533812902978,984.462890625,0.07038304209709167,984.462890625
3170,18.91083335876465,41.176666259765625,0.6774396744166107,1012.654296875,0.06512892246246338,1012.654296875
3171,19.10333251953125,40.018333435058594,0.644409883687119,1031.9910888671875,0.0710638165473938,1031.9910888671875
3172,18.766666412353516,40.17333221435547,0.6439029419866267,1013.6115112304688,0.06151258945465088,1013.6115112304688
3173,19.21666717529297,44.900001525878906,0.6695993744506313,1018.4215087890625,0.05650809407234192,1018.4215087890625
3174,19.05583381652832,41.01249694824219,0.6421279192734041,1012.9820556640625,0.061202824115753174,1012.9820556640625
3175,19.275833129882812,43.06833267211914,0.6871851887047903,1015.230712890625,0.05489391088485718,1015.230712890625
3176,19.767499923706055,45.90666580200195,0.6641567966636124,1026.9814453125,0.0507161021232605,1026.9814453125
3177,19.25,41.13166809082031,0.6393618936794818,1033.7703857421875,0.09374925494194031,1033.7703857421875
3178,19.05583381652832,36.817501068115234,0.7002479831778703,1032.6431884765625,0.06736120581626892,1032.6431884765625
3179,19.153331756591797,42.38750076293945,0.6842451174561893,1010.29345703125,0.06179365515708923,1010.29345703125
3180,19.140832901000977,40.29166793823242,0.6450100511573104,1041.59521484375,0.07770189642906189,1041.59521484375
3181,19.489999771118164,45.05583190917969,0.6964585189470935,1040.29248046875,0.04917743802070618,1040.29248046875
3182,18.974166870117188,38.18333435058594,0.6829241865444682,1045.6153564453125,0.06953004002571106,1045.6153564453125
3183,19.266666412353516,41.64249801635742,0.6781152569925708,1046.044189453125,0.06091809272766113,1046.044189453125
3184,19.06999969482422,43.02250289916992,0.6732556139802558,969.4449462890625,0.0649186372756958,969.4449462890625
3185,19.286666870117188,42.837501525878906,0.6611978670406176,1018.0015869140625,0.07661232352256775,1018.0015869140625
3186,18.84083366394043,37.84083557128906,0.6362425008717816,1038.1187744140625,0.06303209066390991,1038.1187744140625
3187,19.35333251953125,39.4849967956543,0.6840124985335975,1019.7242431640625,0.05924016237258911,1019.7242431640625
3188,19.14750099182129,44.10499954223633,0.6627263232761431,1025.6995849609375,0.06036388874053955,1025.6995849609375
3189,19.149999618530273,42.855831146240234,0.6597265554239343,1014.065185546875,0.06516292691230774,1014.065185546875
3190,19.34666633605957,42.0716667175293,0.683097576034084,1026.314453125,0.05440846085548401,1026.314453125
3191,19.407501220703125,46.50583267211914,0.6682473447215648,986.3549194335938,0.05744260549545288,986.3549194335938
3192,19.54916763305664,45.619998931884766,0.6252429634461513,992.999755859375,0.06563562154769897,992.999755859375
3193,19.574167251586914,40.16166687011719,0.6467548042716248,1026.0634765625,0.10438928008079529,1026.0634765625
3194,19.23583221435547,38.8033332824707,0.6473752090336061,1015.1578369140625,0.050375163555145264,1015.1578369140625
3195,19.42333221435547,43.391666412353516,0.6635977711453881,991.5125122070312,0.08581215143203735,991.5125122070312
3196,19.039165496826172,44.53666687011719,0.6803004019354678,1015.1840209960938,0.06984126567840576,1015.1840209960938
3197,19.106666564941406,40.557498931884766,0.630649529308479,1007.2610473632812,0.08432498574256897,1007.2610473632812
3198,19.350831985473633,41.644168853759766,0.6123467858325613,1008.7979736328125,0.08214840292930603,1008.7979736328125
3199,19.489999771118164,42.35166549682617,0.662412504301208,1014.5807495117188,0.07074308395385742,1014.5807495117188
3200,19.233333587646484,45.154998779296875,0.6553399833457052,1036.5159912109375,0.05263671278953552,1036.5159912109375
3201,19.532499313354492,45.61916732788086,0.6563332792239671,1014.2564697265625,0.08063015341758728,1014.2564697265625
3202,19.859167098999023,42.84916687011719,0.6614533416872808,1004.4629516601562,0.06378111243247986,1004.4629516601562
3203,19.84749984741211,44.329166412353516,0.6253515993448224,1009.5889892578125,0.05480387806892395,1009.5889892578125
3204,19.422500610351562,41.34333419799805,0.6690911449152297,1008.275390625,0.06786710023880005,1008.275390625
3205,19.22166633605957,43.53416442871094,0.6857832321821278,1029.308349609375,0.07842686772346497,1029.308349609375
3206,19.208332061767578,45.102500915527344,0.6818615357251119,1017.1986083984375,0.06526851654052734,1017.1986083984375
3207,19.218332290649414,41.670833587646484,0.5941045687661836,1036.74365234375,0.07365146279335022,1036.74365234375
3208,19.23583221435547,42.44333267211914,0.6933722188748301,989.2958374023438,0.056657105684280396,989.2958374023438
3209,19.61083221435547,42.14250183105469,0.6295366226842241,979.997802734375,0.07861369848251343,979.997802734375
3210,19.289167404174805,46.044166564941406,0.6665037385240598,1037.105712890625,0.05150729417800903,1037.105712890625
3211,19.34166717529297,41.045833587646484,0.6372943995281806,1012.1975708007812,0.057558298110961914,1012.1975708007812
3212,19.240833282470703,41.12083435058594,0.6699112771352465,1019.3935546875,0.0793936550617218,1019.3935546875
3213,19.801668167114258,47.0966682434082,0.6760055168474691,1006.3296508789062,0.05460980534553528,1006.3296508789062
3214,19.662498474121094,47.78249740600586,0.6482197590731513,976.7562866210938,0.052097976207733154,976.7562866210938
3215,19.185832977294922,43.17333221435547,0.7003105333692745,1017.2520751953125,0.08124041557312012,1017.2520751953125
3216,19.345001220703125,42.88083267211914,0.6812490482965573,1057.3255615234375,0.06727731227874756,1057.3255615234375
3217,19.44499969482422,40.311668395996094,0.6416334425293395,994.6373291015625,0.07396405935287476,994.6373291015625
3218,19.169166564941406,37.099998474121094,0.6691341338683979,1033.9730224609375,0.09711867570877075,1033.9730224609375
3219,19.38249969482422,42.62916564941406,0.6618417980558184,1023.3193969726562,0.06191346049308777,1023.3193969726562
3220,19.094165802001953,39.58833312988281,0.6336596439505833,1000.093994140625,0.08646082878112793,1000.093994140625
3221,19.420833587646484,42.23666763305664,0.6647181813065428,1015.5958251953125,0.05333182215690613,1015.5958251953125
3222,19.679166793823242,45.856666564941406,0.6720675909698917,992.48193359375,0.05946063995361328,992.48193359375
3223,19.5674991607666,40.27499771118164,0.6497767465290423,1023.2699584960938,0.08083787560462952,1023.2699584960938
3224,19.85999870300293,48.78166580200195,0.6635292367715412,1039.88671875,0.06837430596351624,1039.88671875
3225,19.578332901000977,45.05249786376953,0.6528937446921975,1059.4827880859375,0.05946508049964905,1059.4827880859375
3226,19.928333282470703,42.157501220703125,0.6466786369454971,1016.6080322265625,0.05141279101371765,1016.6080322265625
3227,19.667499542236328,44.871665954589844,0.6925748914640855,1013.5227661132812,0.07194703817367554,1013.5227661132812
3228,19.640832901000977,43.477500915527344,0.6223012065901552,1046.8248291015625,0.0756477415561676,1046.8248291015625
3229,19.26500129699707,40.04999923706055,0.611024418647314,1028.615234375,0.06013458967208862,1028.615234375
3230,19.61833381652832,44.89500045776367,0.6429065181083289,1020.7445678710938,0.0579221248626709,1020.7445678710938
3231,19.907499313354492,47.399166107177734,0.6241519197938946,1012.3930053710938,0.07215246558189392,1012.3930053710938
3232,19.49250030517578,43.348331451416016,0.6444390726038112,1024.8675537109375,0.061715781688690186,1024.8675537109375
3233,19.434165954589844,39.68583297729492,0.6635899668192958,1032.685546875,0.07471606135368347,1032.685546875
3234,19.53499984741211,44.11833190917969,0.6424612013868026,1008.6131591796875,0.0747998058795929,1008.6131591796875
3235,19.711668014526367,47.71500015258789,0.6876709599173643,1003.303955078125,0.05393734574317932,1003.303955078125
3236,19.74249839782715,45.29249954223633,0.641392785464035,1001.47314453125,0.09062442183494568,1001.47314453125
3237,19.557498931884766,41.62333297729492,0.6439498553636818,1010.4794921875,0.06367188692092896,1010.4794921875
3238,19.807498931884766,43.125,0.6552131842986353,1033.0302734375,0.056166112422943115,1033.0302734375
3239,19.56833267211914,44.182498931884766,0.6513944325366875,1016.5440673828125,0.06575903296470642,1016.5440673828125
3240,19.828332901000977,47.44333267211914,0.6551682781612751,995.9863891601562,0.06305348873138428,995.9863891601562
3241,19.129165649414062,41.1058349609375,0.6578305475447187,974.808349609375,0.10921913385391235,974.808349609375
3242,19.34666633605957,38.78666687011719,0.6435831149152164,1025.080810546875,0.07251328229904175,1025.080810546875
3243,19.71583366394043,48.8025016784668,0.6598659828056238,1021.3627319335938,0.05526268482208252,1021.3627319335938
3244,19.380001068115234,35.47666549682617,0.6113382014621385,1053.426025390625,0.07437014579772949,1053.426025390625
3245,19.65166664123535,41.130836486816406,0.6836982301801865,1045.54345703125,0.08849582076072693,1045.54345703125
3246,19.61833381652832,39.0724983215332,0.6217777795381968,1035.04931640625,0.09267944097518921,1035.04931640625
3247,19.489999771118164,41.46583557128906,0.6585144105436431,1064.45751953125,0.0675477385520935,1064.45751953125
3248,19.328332901000977,38.431663513183594,0.6302924851867419,1033.8580322265625,0.054676592350006104,1033.8580322265625
3249,22.190834045410156,43.23250198364258,0.674145823350532,1045.0958251953125,0.05338650941848755,1045.0958251953125
3250,19.29916763305664,44.62583541870117,0.6530244279100078,1054.9244384765625,0.07363155484199524,1054.9244384765625
3251,19.73499870300293,46.7691650390625,0.6801503261567419,1038.954345703125,0.06932476162910461,1038.954345703125
3252,19.76333236694336,45.96500015258789,0.7185175347467706,1014.559326171875,0.05931258201599121,1014.559326171875
3253,19.309165954589844,43.380001068115234,0.7196305884506847,1008.9031982421875,0.052351415157318115,1008.9031982421875
3254,19.978334426879883,44.8216667175293,0.6615830439814334,1032.2353515625,0.05199512839317322,1032.2353515625
3255,19.434165954589844,44.24333190917969,0.6732335479392769,989.4129028320312,0.05873823165893555,989.4129028320312
3256,19.795833587646484,42.86333465576172,0.6502325452091309,1050.6435546875,0.10108816623687744,1050.6435546875
3257,19.593332290649414,45.10000228881836,0.6647164023116533,1036.112060546875,0.06373739242553711,1036.112060546875
3258,20.00666618347168,46.65999984741211,0.6517763523645042,993.2579345703125,0.07961156964302063,993.2579345703125
3259,19.510000228881836,42.11083221435547,0.6680265107926565,1052.219970703125,0.07494005560874939,1052.219970703125
3260,19.690834045410156,44.21416473388672,0.6524922329460605,1028.37451171875,0.0653592050075531,1028.37451171875
3261,19.094165802001953,42.41583251953125,0.6658133099131045,1064.21533203125,0.08286726474761963,1064.21533203125
3262,19.44333267211914,42.47333526611328,0.6727424574287731,1033.5384521484375,0.06177687644958496,1033.5384521484375
3263,19.65416717529297,45.00749969482422,0.6719959578089942,1016.9857788085938,0.04995447397232056,1016.9857788085938
3264,19.56333351135254,40.59916687011719,0.6495551088610538,1037.6583251953125,0.05661439895629883,1037.6583251953125
3265,19.76333236694336,45.62666702270508,0.6634392226381362,1009.3863525390625,0.07636931538581848,1009.3863525390625
3266,19.67416763305664,47.328330993652344,0.6515764383482593,1039.826904296875,0.06779348850250244,1039.826904296875
3267,19.100000381469727,41.258331298828125,0.6631193918614796,1005.3973999023438,0.06908398866653442,1005.3973999023438
3268,19.232500076293945,41.83000183105469,0.6533386576549864,1075.853759765625,0.09458988904953003,1075.853759765625
3269,19.83249855041504,45.5,0.6768541558592094,1061.4775390625,0.08172151446342468,1061.4775390625
3270,19.69499969482422,45.40416717529297,0.6777329213586107,1012.0542602539062,0.0742959976196289,1012.0542602539062
3271,19.65916633605957,46.508331298828125,0.7013123081351169,1018.3759155273438,0.06679695844650269,1018.3759155273438
3272,19.496667861938477,45.744998931884766,0.647816442405871,1020.0824584960938,0.05579206347465515,1020.0824584960938
3273,19.831666946411133,47.12666702270508,0.6563651025807176,1024.40234375,0.06240168213844299,1024.40234375
3274,19.683332443237305,45.22833251953125,0.656098162755704,1033.2318115234375,0.06020912528038025,1033.2318115234375
3275,19.63749885559082,41.0283317565918,0.650912713830534,1013.5919799804688,0.09282949566841125,1013.5919799804688
3276,19.748332977294922,42.926666259765625,0.7098058163443643,1048.3111572265625,0.05783843994140625,1048.3111572265625
3277,19.647499084472656,40.78499984741211,0.6491042376262779,1052.83642578125,0.07225248217582703,1052.83642578125
3278,19.642499923706055,41.53583526611328,0.6570161510835008,1057.2498779296875,0.07065734267234802,1057.2498779296875
3279,19.161666870117188,41.59749984741211,0.6551015349671563,986.9954833984375,0.09881365299224854,986.9954833984375
3280,19.53416633605957,42.4283332824707,0.6846207941166658,1037.2957763671875,0.07495474815368652,1037.2957763671875
3281,19.48666763305664,41.438331604003906,0.6256918395337203,1074.0303955078125,0.06867429614067078,1074.0303955078125
3282,19.509166717529297,43.0091667175293,0.6427733823025202,1044.4451904296875,0.06268709897994995,1044.4451904296875
3283,20.08333396911621,46.727500915527344,0.6841400916322541,1045.2864990234375,0.05316948890686035,1045.2864990234375
3284,19.174165725708008,33.89083480834961,0.6614151937756221,1038.7254638671875,0.07634329795837402,1038.7254638671875
3285,19.420000076293945,43.864166259765625,0.6743041102143077,1011.2760009765625,0.059341609477996826,1011.2760009765625
3286,19.871667861938477,48.90666580200195,0.6884675416724887,1054.5133056640625,0.051676034927368164,1054.5133056640625
3287,19.477500915527344,43.442501068115234,0.6789437253370637,1025.5982666015625,0.07904666662216187,1025.5982666015625
3288,19.234167098999023,44.23416519165039,0.661807896774853,993.6865844726562,0.07737451791763306,993.6865844726562
3289,19.079999923706055,40.96416473388672,0.6350120364412023,996.1347045898438,0.0730830729007721,996.1347045898438
3290,19.63833236694336,43.95916748046875,0.6559309869820805,1028.4920654296875,0.07203254103660583,1028.4920654296875
3291,19.4325008392334,42.54083251953125,0.6797733178133974,1075.3143310546875,0.06194448471069336,1075.3143310546875
3292,20.001667022705078,45.163333892822266,0.6853421424835497,1034.404296875,0.052578628063201904,1034.404296875
3293,19.48583221435547,44.874168395996094,0.6264304937836067,1008.9457397460938,0.06489697098731995,1008.9457397460938
3294,19.289167404174805,38.6400032043457,0.6623087463434285,1068.6702880859375,0.10778218507766724,1068.6702880859375
3295,19.302499771118164,41.20166778564453,0.6740322844895935,1048.5699462890625,0.0807923972606659,1048.5699462890625
3296,19.162500381469727,39.57416534423828,0.6426617171309089,1088.14208984375,0.08131805062294006,1088.14208984375
3297,19.710832595825195,42.23583221435547,0.6471466639738398,1014.2522583007812,0.06973740458488464,1014.2522583007812
3298,19.904998779296875,46.4716682434082,0.6696960672873644,1050.8675537109375,0.08087471127510071,1050.8675537109375
3299,19.546667098999023,46.026668548583984,0.6261043541106304,1043.7576904296875,0.0659903883934021,1043.7576904296875
3300,19.65999984741211,40.53083419799805,0.6696410829138171,1032.615234375,0.0635862946510315,1032.615234375
3301,19.864168167114258,44.24416732788086,0.6613400946114314,1047.718994140625,0.06979489326477051,1047.718994140625
3302,19.5,38.669166564941406,0.6308028422330783,1063.853515625,0.05185955762863159,1063.853515625
3303,19.643333435058594,41.518333435058594,0.6412986584042245,1042.91259765625,0.08590090274810791,1042.91259765625
3304,19.64583396911621,47.28166580200195,0.6886473489582292,1023.5919189453125,0.05446481704711914,1023.5919189453125
3305,19.766666412353516,43.337501525878906,0.6729216226235715,995.3846435546875,0.0712880790233612,995.3846435546875
3306,19.666667938232422,44.815834045410156,0.6360036551252436,1026.0413818359375,0.058118194341659546,1026.0413818359375
3307,19.7358341217041,41.74416732788086,0.6390763939654713,1004.1433715820312,0.07585659623146057,1004.1433715820312
3308,19.679166793823242,46.85499954223633,0.6593782856905919,1040.4051513671875,0.055983662605285645,1040.4051513671875
3309,19.795000076293945,42.87750244140625,0.6431984564212204,1078.8802490234375,0.07193875312805176,1078.8802490234375
3310,19.517499923706055,46.94583511352539,0.6456947673480654,1029.04345703125,0.06597346067428589,1029.04345703125
3311,22.41083335876465,38.09416580200195,0.6094647503528118,1104.8056640625,0.11314746737480164,1104.8056640625
3312,19.59000015258789,44.485836029052734,0.6735687841918023,1045.8070068359375,0.058776021003723145,1045.8070068359375
3313,19.580833435058594,42.00583267211914,0.6695949804771308,1031.9942626953125,0.07183215022087097,1031.9942626953125
3314,20.0674991607666,46.72249984741211,0.67161319005331,1001.9183959960938,0.06918543577194214,1001.9183959960938
3315,19.752498626708984,43.065834045410156,0.639984672878277,1016.3184814453125,0.0609855055809021,1016.3184814453125
3316,19.474166870117188,37.39833068847656,0.635055192922524,1026.455322265625,0.09615319967269897,1026.455322265625
3317,19.678333282470703,42.51499938964844,0.6278292588782614,995.9789428710938,0.06060582399368286,995.9789428710938
3318,19.7983341217041,44.97916793823242,0.6604820086144186,1018.2280883789062,0.06978976726531982,1018.2280883789062
3319,19.915834426879883,46.72083282470703,0.7075897639334897,1027.574951171875,0.05247035622596741,1027.574951171875
3320,19.065000534057617,42.83416748046875,0.6260867592809523,1028.5867919921875,0.07175502181053162,1028.5867919921875
3321,19.233333587646484,42.9183349609375,0.6626062415540964,1009.1682739257812,0.049929797649383545,1009.1682739257812
3322,19.68000030517578,41.21583557128906,0.6533238052307291,1029.05908203125,0.07084691524505615,1029.05908203125
3323,19.551666259765625,41.01249694824219,0.686058555869193,1063.4678955078125,0.07453843951225281,1063.4678955078125
3324,19.873332977294922,43.684165954589844,0.6865902694987178,1076.6380615234375,0.06307664513587952,1076.6380615234375
3325,19.920833587646484,47.31999969482422,0.6537200796137448,1016.8153686523438,0.0545441210269928,1016.8153686523438
3326,19.45916748046875,37.883331298828125,0.6769644144704277,1039.981689453125,0.09929114580154419,1039.981689453125
3327,19.475833892822266,41.508331298828125,0.6617129249489291,1017.507568359375,0.0883496105670929,1017.507568359375
3328,20.112499237060547,50.054168701171875,0.6412232604191387,1027.94091796875,0.05678907036781311,1027.94091796875
3329,19.28333282470703,40.288333892822266,0.6338366155634216,1058.2806396484375,0.10062450170516968,1058.2806396484375
3330,20.182498931884766,45.018333435058594,0.6748077457139993,1003.7040405273438,0.06651449203491211,1003.7040405273438
3331,19.609167098999023,46.727500915527344,0.6462988539293497,1016.0535278320312,0.07105463743209839,1016.0535278320312
3332,19.655832290649414,41.628334045410156,0.6333816738912833,1062.9505615234375,0.06313219666481018,1062.9505615234375
3333,19.600833892822266,43.23750305175781,0.6834922368582741,995.4736938476562,0.07953423261642456,995.4736938476562
3334,19.275001525878906,44.858333587646484,0.6503336999232562,982.8585205078125,0.07184857130050659,982.8585205078125
3335,19.510833740234375,42.96750259399414,0.650207094911589,999.9312744140625,0.06216111779212952,999.9312744140625
3336,19.213333129882812,41.794166564941406,0.6879922972213379,1002.2222900390625,0.05562323331832886,1002.2222900390625
3337,19.44499969482422,41.364166259765625,0.6716513383009115,994.2913208007812,0.05296093225479126,994.2913208007812
3338,19.34833335876465,37.79833221435547,0.6198506201417691,1041.424560546875,0.07956898212432861,1041.424560546875
3339,19.20250129699707,44.46249771118164,0.6756851211303456,1015.4421997070312,0.07133683562278748,1015.4421997070312
3340,19.648332595825195,45.641666412353516,0.6477933639039565,1042.189697265625,0.06137838959693909,1042.189697265625
3341,19.42416763305664,42.705833435058594,0.6809473009937143,985.3836059570312,0.05108332633972168,985.3836059570312
3342,19.72083282470703,46.0,0.684251653963057,1062.82275390625,0.06533697247505188,1062.82275390625
3343,19.46500015258789,43.70916748046875,0.6823373978428331,1004.192138671875,0.07051700353622437,1004.192138671875
3344,19.21500015258789,43.36833190917969,0.6456235408658129,999.1755981445312,0.053947895765304565,999.1755981445312
3345,19.78999900817871,47.078330993652344,0.6957162841814437,1044.2840576171875,0.059127867221832275,1044.2840576171875
3346,19.421667098999023,43.50250244140625,0.6896452098227519,1017.1544189453125,0.08109194040298462,1017.1544189453125
3347,19.360000610351562,36.747501373291016,0.6633444661825089,1044.8416748046875,0.05829334259033203,1044.8416748046875
3348,19.61166763305664,46.579166412353516,0.6258293580017494,1044.285888671875,0.05586692690849304,1044.285888671875
3349,19.350831985473633,41.59083557128906,0.6350788860844314,1036.822265625,0.061449408531188965,1036.822265625
3350,19.724166870117188,45.96500015258789,0.6781975246084533,1051.6168212890625,0.055985450744628906,1051.6168212890625
3351,19.828332901000977,51.8033332824707,0.652513339236216,1037.8564453125,0.05978304147720337,1037.8564453125
3352,19.55666732788086,38.6875,0.6348727788058138,1055.5572509765625,0.08056813478469849,1055.5572509765625
3353,19.7549991607666,40.73833084106445,0.6570276829431234,1035.8240966796875,0.09078112244606018,1035.8240966796875
3354,19.21000099182129,45.089168548583984,0.6672573882880282,975.1522216796875,0.05554208159446716,975.1522216796875
3355,19.19416618347168,39.62750244140625,0.6839177538793655,1052.227294921875,0.048109471797943115,1052.227294921875
3356,19.29166603088379,46.688331604003906,0.6583281097058024,1020.9318237304688,0.06682825088500977,1020.9318237304688
3357,19.607500076293945,43.63999938964844,0.6339431686305511,993.9111328125,0.06694847345352173,993.9111328125
3358,19.217500686645508,38.90416717529297,0.7128927308604116,1036.6915283203125,0.06896615028381348,1036.6915283203125
3359,19.52666664123535,44.09583282470703,0.6340495318153164,995.5700073242188,0.059987396001815796,995.5700073242188
3360,19.429166793823242,40.337501525878906,0.6405551692103548,1034.198486328125,0.06766912341117859,1034.198486328125
3361,19.594167709350586,41.47916793823242,0.6868217789412757,1053.96826171875,0.08083638548851013,1053.96826171875
3362,19.621667861938477,43.95916748046875,0.641994498599978,1000.0791015625,0.05909949541091919,1000.0791015625
3363,19.82499885559082,42.82666778564453,0.633816226066685,1040.4892578125,0.07768180966377258,1040.4892578125
3364,19.63916778564453,49.34166717529297,0.6783125663083498,1001.571044921875,0.06355571746826172,1001.571044921875
3365,19.823333740234375,48.38750076293945,0.6674960530107101,1010.7330322265625,0.04305872321128845,1010.7330322265625
3366,19.411666870117188,41.90166473388672,0.635899295774347,1038.927490234375,0.05576270818710327,1038.927490234375
3367,19.44416618347168,39.8658332824707,0.6583341282910188,1030.6522216796875,0.0630611777305603,1030.6522216796875
3368,19.531667709350586,44.79500198364258,0.6592987564150935,1015.765869140625,0.06588727235794067,1015.765869140625
3369,20.03999900817871,53.249168395996094,0.681119896316974,1011.76904296875,0.062371253967285156,1011.76904296875
3370,19.685832977294922,46.50749969482422,0.6495912089722382,969.1993408203125,0.06018450856208801,969.1993408203125
3371,19.702499389648438,43.03083419799805,0.6610800552118206,1034.5340576171875,0.06155228614807129,1034.5340576171875
3372,19.70916748046875,43.62916564941406,0.6612189795323433,1024.8074951171875,0.06671032309532166,1024.8074951171875
3373,19.50749969482422,41.16666793823242,0.678128263021345,1049.040283203125,0.0777808427810669,1049.040283203125
3374,19.344167709350586,40.52583312988281,0.6864466325572199,1011.1218872070312,0.08440139889717102,1011.1218872070312
3375,19.58416748046875,41.6533317565918,0.64950477362321,1058.54150390625,0.08072784543037415,1058.54150390625
3376,19.64583396911621,43.491668701171875,0.6368192063791769,1077.669677734375,0.07559609413146973,1077.669677734375
3377,19.329999923706055,41.10166549682617,0.6086555567050224,1081.173828125,0.06884759664535522,1081.173828125
3378,19.330833435058594,46.16666793823242,0.685130956523293,1025.153076171875,0.065603107213974,1025.153076171875
3379,19.656667709350586,44.75666427612305,0.6375862302600103,1018.1349487304688,0.05991333723068237,1018.1349487304688
3380,19.935832977294922,42.6775016784668,0.6296876581203305,1021.455322265625,0.056153833866119385,1021.455322265625
3381,18.885000228881836,37.75583267211914,0.6498154787997001,1018.5335083007812,0.07020032405853271,1018.5335083007812
3382,19.575000762939453,44.88333511352539,0.6715949521620506,1036.52197265625,0.05523800849914551,1036.52197265625
3383,19.390832901000977,46.91583251953125,0.6867520585166231,998.3760375976562,0.04524269700050354,998.3760375976562
3384,19.350831985473633,39.92333221435547,0.6593404112352101,1021.4000854492188,0.06424099206924438,1021.4000854492188
3385,19.491666793823242,39.086666107177734,0.6559699336425118,1000.3988037109375,0.07880914211273193,1000.3988037109375
3386,18.926666259765625,35.96083068847656,0.6643771516898077,1060.592529296875,0.06923341751098633,1060.592529296875
3387,19.380001068115234,44.83250045776367,0.6330774051941982,1005.263916015625,0.07053780555725098,1005.263916015625
3388,19.300832748413086,43.5533332824707,0.6641381678350226,1072.0587158203125,0.07288956642150879,1072.0587158203125
3389,19.328332901000977,41.621665954589844,0.6587087232482567,1003.714599609375,0.07126307487487793,1003.714599609375
3390,19.016666412353516,41.83500289916992,0.6388809006901178,989.5230102539062,0.06300723552703857,989.5230102539062
3391,19.36916732788086,40.22416687011719,0.6321149603705966,1046.0791015625,0.09151187539100647,1046.0791015625
3392,20.013334274291992,45.614166259765625,0.6446816176451304,1053.2381591796875,0.044847309589385986,1053.2381591796875
3393,19.476667404174805,44.85499954223633,0.7243843887531145,1029.8414306640625,0.06484928727149963,1029.8414306640625
3394,19.18000030517578,41.5,0.6637425346171099,1036.4365234375,0.05817365646362305,1036.4365234375
3395,19.647499084472656,47.231666564941406,0.6678531426172444,997.1952514648438,0.05444693565368652,997.1952514648438
3396,19.02750015258789,42.90583419799805,0.6725677584546543,1026.6739501953125,0.07143047451972961,1026.6739501953125
3397,19.470001220703125,45.62333297729492,0.6849008349822032,1006.767822265625,0.08115249872207642,1006.767822265625
3398,19.225831985473633,44.81416702270508,0.6959879179240529,1043.97705078125,0.07612013816833496,1043.97705078125
3399,19.405000686645508,42.28499984741211,0.6516006474409388,998.862548828125,0.05089786648750305,998.862548828125
3400,18.928333282470703,38.563331604003906,0.6367228613843345,1006.9277954101562,0.06779199838638306,1006.9277954101562
3401,19.136667251586914,41.37000274658203,0.6524551809188872,1019.7803344726562,0.08200114965438843,1019.7803344726562
3402,19.43000030517578,41.16749954223633,0.6389874000790713,1073.4166259765625,0.05160379409790039,1073.4166259765625
3403,19.252500534057617,45.079166412353516,0.6573014536951961,1009.1094970703125,0.05866178870201111,1009.1094970703125
3404,19.59000015258789,43.895835876464844,0.6696937552633451,1032.691650390625,0.05833372473716736,1032.691650390625
3405,19.47166633605957,47.356666564941406,0.6534564186975457,1086.0001220703125,0.058461993932724,1086.0001220703125
3406,19.621667861938477,44.41416549682617,0.6461112596568674,997.44921875,0.08085036277770996,997.44921875
3407,19.247501373291016,38.80083084106445,0.6292538841056315,1056.3511962890625,0.08373424410820007,1056.3511962890625
3408,19.52916717529297,45.86166763305664,0.679161753158972,1031.25830078125,0.05082964897155762,1031.25830078125
3409,19.470001220703125,41.08833312988281,0.6393075604912891,1033.879150390625,0.07074624300003052,1033.879150390625
3410,19.774168014526367,41.752498626708984,0.6666481150301985,1073.1087646484375,0.044528961181640625,1073.1087646484375
3411,19.719167709350586,40.6150016784668,0.6734379451520263,1037.8973388671875,0.0697861909866333,1037.8973388671875
3412,19.504167556762695,46.18499755859375,0.6712570573746017,1011.180908203125,0.07004961371421814,1011.180908203125
3413,22.184999465942383,43.78499984741211,0.6560731381994713,1018.2681274414062,0.06813228130340576,1018.2681274414062
3414,19.70833396911621,41.505001068115234,0.6324235218274289,1024.9505615234375,0.06889626383781433,1024.9505615234375
3415,19.863332748413086,43.66083526611328,0.6478129036193522,1017.5336303710938,0.06695792078971863,1017.5336303710938
3416,19.457500457763672,47.60916519165039,0.6701437629478254,981.569091796875,0.0665697455406189,981.569091796875
3417,19.628334045410156,47.76749801635742,0.6723701970712336,991.9432373046875,0.05989283323287964,991.9432373046875
3418,19.575000762939453,38.68666458129883,0.686166975794078,1028.4805908203125,0.07059556245803833,1028.4805908203125
3419,19.439167022705078,38.37916564941406,0.6326567614864315,1005.2344360351562,0.0585746169090271,1005.2344360351562
3420,19.490833282470703,39.58916473388672,0.6840501227200906,1077.8448486328125,0.05068361759185791,1077.8448486328125
3421,19.68166732788086,47.600833892822266,0.6620763713963796,1037.8865966796875,0.0599362850189209,1037.8865966796875
3422,19.670833587646484,45.532501220703125,0.680155086487733,1013.3839721679688,0.056453824043273926,1013.3839721679688
3423,20.00083351135254,45.266666412353516,0.6800322332048757,1039.0364990234375,0.06897637248039246,1039.0364990234375
3424,19.64666748046875,44.20500183105469,0.6671548702933405,1055.76220703125,0.05722016096115112,1055.76220703125
3425,19.780834197998047,45.8408317565918,0.6180036871778989,1024.3485107421875,0.06266322731971741,1024.3485107421875
3426,19.690834045410156,48.11083221435547,0.660105460149746,1031.326416015625,0.07391461730003357,1031.326416015625
3427,19.43666648864746,39.0625,0.6779359695083107,1068.873779296875,0.05884349346160889,1068.873779296875
3428,18.954999923706055,39.50749969482422,0.6552395084028876,1010.0116577148438,0.10000228881835938,1010.0116577148438
3429,19.196666717529297,43.13750076293945,0.6513599392413172,1032.0382080078125,0.07152289152145386,1032.0382080078125
3430,19.50083351135254,41.669166564941406,0.6642300645001722,983.3367309570312,0.07593679428100586,983.3367309570312
3431,19.585832595825195,40.961666107177734,0.6497239205514207,1085.3037109375,0.0828925371170044,1085.3037109375
3432,19.58333396911621,42.768333435058594,0.613952141453204,1056.820068359375,0.060048580169677734,1056.820068359375
3433,19.450000762939453,44.39083480834961,0.6204785312358401,1035.8170166015625,0.08028784394264221,1035.8170166015625
3434,19.501667022705078,40.60749816894531,0.6626177407208221,1048.859130859375,0.06405478715896606,1048.859130859375
3435,19.395000457763672,44.080833435058594,0.6848736913082261,1017.335205078125,0.07517218589782715,1017.335205078125
3436,19.604999542236328,44.1533317565918,0.6262295332016657,1055.8294677734375,0.08946108818054199,1055.8294677734375
3437,19.269166946411133,42.34333419799805,0.6233681408327968,1018.01708984375,0.05628389120101929,1018.01708984375
3438,19.17333221435547,41.10916519165039,0.6557712778272847,1030.6187744140625,0.05717819929122925,1030.6187744140625
3439,19.415000915527344,43.53083419799805,0.6482915980872024,1025.998291015625,0.06163591146469116,1025.998291015625
3440,19.702499389648438,47.6533317565918,0.6268073488330028,1048.690185546875,0.05927121639251709,1048.690185546875
3441,19.63833236694336,42.127498626708984,0.6228853175320159,1062.5863037109375,0.053018033504486084,1062.5863037109375
3442,20.164165496826172,49.44499969482422,0.6287364579823562,1067.8819580078125,0.07113027572631836,1067.8819580078125
3443,19.893333435058594,44.11333084106445,0.6444958719372671,1085.438232421875,0.06821584701538086,1085.438232421875
3444,19.927499771118164,42.09333419799805,0.628784972387088,1069.13916015625,0.05510377883911133,1069.13916015625
3445,20.195833206176758,45.224998474121094,0.677530199363604,1038.8028564453125,0.07030430436134338,1038.8028564453125
3446,19.851667404174805,44.82749938964844,0.6717583540585589,1023.1956176757812,0.06061282753944397,1023.1956176757812
3447,19.559999465942383,44.63666534423828,0.6491822646047092,988.6737670898438,0.06208384037017822,988.6737670898438
3448,19.704166412353516,49.45333480834961,0.6277743598435243,1024.86474609375,0.06729245185852051,1024.86474609375
3449,19.945833206176758,46.733333587646484,0.679804644996,1013.82666015625,0.05749160051345825,1013.82666015625
3450,19.829999923706055,41.22416687011719,0.6427043793106344,1028.4383544921875,0.0666547417640686,1028.4383544921875
3451,19.949167251586914,45.6875,0.6428585074748631,1040.3101806640625,0.06431835889816284,1040.3101806640625
3452,19.484167098999023,42.458335876464844,0.61015883919632,1030.0411376953125,0.0902877151966095,1030.0411376953125
3453,20.126667022705078,46.424163818359375,0.6169946003363368,1022.5048828125,0.06821644306182861,1022.5048828125
3454,22.10333251953125,39.88750076293945,0.5968287757659126,1034.05615234375,0.0827232301235199,1034.05615234375
3455,19.774999618530273,45.154998779296875,0.5821016500648704,1035.5101318359375,0.07347550988197327,1035.5101318359375
3456,19.913333892822266,44.810001373291016,0.6236539643321197,1043.8714599609375,0.07813906669616699,1043.8714599609375
3457,19.871667861938477,42.41749954223633,0.6351835262518859,1047.46533203125,0.06369471549987793,1047.46533203125
3458,19.386667251586914,35.852500915527344,0.6033350985784283,1023.7413940429688,0.08144515752792358,1023.7413940429688
3459,19.559167861938477,42.16416931152344,0.6671239751699337,1044.3388671875,0.07470658421516418,1044.3388671875
3460,19.524999618530273,46.59250259399414,0.6489462737187449,1033.0655517578125,0.05556032061576843,1033.0655517578125
3461,19.88749885559082,46.00666809082031,0.6279855067812072,1021.73291015625,0.05541098117828369,1021.73291015625
3462,19.88916778564453,47.99583435058594,0.6596766162842075,1015.6444091796875,0.06690981984138489,1015.6444091796875
3463,20.00666618347168,46.28750228881836,0.6696287641929126,1075.162353515625,0.05893668532371521,1075.162353515625
3464,19.729999542236328,49.02499771118164,0.7000993800194819,1030.3929443359375,0.05295881628990173,1030.3929443359375
3465,19.671667098999023,45.663333892822266,0.6555888406337719,1030.334228515625,0.08594685792922974,1030.334228515625
3466,19.731666564941406,44.864166259765625,0.6316259064853382,1037.587158203125,0.055562108755111694,1037.587158203125
3467,19.642499923706055,41.8408317565918,0.6860561695626045,1030.7103271484375,0.05788591504096985,1030.7103271484375
3468,20.099166870117188,43.53083419799805,0.6707369011187528,1001.625732421875,0.06322211027145386,1001.625732421875
3469,19.640832901000977,41.165836334228516,0.6644601421927407,1021.909423828125,0.07361447811126709,1021.909423828125
3470,19.909168243408203,46.619998931884766,0.6448615676379817,1067.5877685546875,0.05853927135467529,1067.5877685546875
3471,19.784168243408203,43.8849983215332,0.6765810480928101,1020.0540161132812,0.0815567672252655,1020.0540161132812
3472,19.766666412353516,45.400001525878906,0.6467459784301836,1035.617431640625,0.07078778743743896,1035.617431640625
3473,19.975000381469727,45.02166748046875,0.6716677340152986,1029.0732421875,0.058251798152923584,1029.0732421875
3474,19.547500610351562,44.54249954223633,0.6892986599361679,1016.8942260742188,0.05167010426521301,1016.8942260742188
3475,19.698333740234375,41.03249740600586,0.6711584471786889,1045.1156005859375,0.07732293009757996,1045.1156005859375
3476,19.453332901000977,43.80833053588867,0.6220075484270919,1036.2237548828125,0.09374400973320007,1036.2237548828125
3477,19.59666633605957,43.27000045776367,0.6488900645375478,1058.4202880859375,0.09362384676933289,1058.4202880859375
3478,19.78583335876465,49.448333740234375,0.6741329073922686,1034.8717041015625,0.08080407977104187,1034.8717041015625
3479,19.25666618347168,37.788333892822266,0.676531049903202,1027.7630615234375,0.06639963388442993,1027.7630615234375
3480,19.802499771118164,44.49749755859375,0.6381386008973304,1038.6136474609375,0.06784719228744507,1038.6136474609375
3481,19.855833053588867,44.11249923706055,0.6417666711476653,1022.4967651367188,0.05088922381401062,1022.4967651367188
3482,19.765832901000977,43.87333297729492,0.6545989663299295,1027.6312255859375,0.07369324564933777,1027.6312255859375
3483,19.84000015258789,43.26333236694336,0.5957043164669545,1030.5445556640625,0.07113853096961975,1030.5445556640625
3484,19.48583221435547,36.182498931884766,0.6189440284813236,1017.51220703125,0.09134179353713989,1017.51220703125
3485,20.016666412353516,47.99749755859375,0.6138438443129315,1035.38916015625,0.07246211171150208,1035.38916015625
3486,22.17333221435547,49.34416580200195,0.650727790888205,1011.665771484375,0.06408628821372986,1011.665771484375
3487,19.37583351135254,40.310001373291016,0.6191951922192471,1038.421875,0.06769531965255737,1038.421875
3488,19.481666564941406,43.508331298828125,0.64938463455423,1022.7149047851562,0.06826671957969666,1022.7149047851562
3489,19.53499984741211,47.01583480834961,0.6595052940489174,1072.692626953125,0.0692802369594574,1072.692626953125
3490,19.468332290649414,45.926666259765625,0.6457894443472452,1034.80126953125,0.08962869644165039,1034.80126953125
3491,22.366666793823242,45.815834045410156,0.6566190824017184,1052.80029296875,0.07859805226325989,1052.80029296875
3492,19.38166618347168,47.209999084472656,0.6427282527262704,1010.2362060546875,0.06286847591400146,1010.2362060546875
3493,19.54833221435547,40.43166732788086,0.6416693961283723,1049.353759765625,0.055443406105041504,1049.353759765625
3494,19.571666717529297,45.00666427612305,0.6573928595222853,1017.1937255859375,0.07710501551628113,1017.1937255859375
3495,19.38166618347168,41.97249984741211,0.6335755718568604,1046.8604736328125,0.072165846824646,1046.8604736328125
3496,19.177499771118164,37.24916458129883,0.6583068251367905,1022.014892578125,0.0857725739479065,1022.014892578125
3497,19.352500915527344,43.58916473388672,0.6521710222599085,1044.9888916015625,0.06475472450256348,1044.9888916015625
3498,19.676666259765625,45.09749984741211,0.6653501579114063,1065.3160400390625,0.07435613870620728,1065.3160400390625
3499,19.744998931884766,45.359169006347656,0.6534186143898162,1046.7978515625,0.0595879852771759,1046.7978515625
3500,19.33500099182129,46.31666564941406,0.659984078559817,1037.020751953125,0.05412191152572632,1037.020751953125
3501,19.39666748046875,39.24833297729492,0.6727282086543155,1017.012451171875,0.07580047845840454,1017.012451171875
3502,19.685832977294922,41.12333297729492,0.6474763989193382,1043.1783447265625,0.07421475648880005,1043.1783447265625
3503,19.628334045410156,45.32583236694336,0.6000618388301233,1042.8299560546875,0.07170066237449646,1042.8299560546875
3504,19.455833435058594,41.89666748046875,0.7224641347014975,1038.5479736328125,0.04712098836898804,1038.5479736328125
3505,19.69499969482422,47.04833221435547,0.649907598350207,1003.4552612304688,0.06022137403488159,1003.4552612304688
3506,19.485000610351562,43.650001525878906,0.6574196906551242,1040.304931640625,0.07648661732673645,1040.304931640625
3507,19.684167861938477,42.91749954223633,0.6393470380852427,1024.455810546875,0.05337810516357422,1024.455810546875
3508,19.554166793823242,44.705833435058594,0.6433014934074923,1017.0267333984375,0.0525398850440979,1017.0267333984375
3509,20.337499618530273,47.606666564941406,0.6377155451531382,1009.5517578125,0.07255661487579346,1009.5517578125
3510,19.724166870117188,44.3650016784668,0.6772743667112309,1022.6492919921875,0.05675220489501953,1022.6492919921875
3511,19.875,42.73500061035156,0.6460806913368817,1069.9476318359375,0.07592904567718506,1069.9476318359375
3512,19.78499984741211,49.87416458129883,0.6329397879191179,1016.3728637695312,0.06954348087310791,1016.3728637695312
3513,19.79916763305664,41.8216667175293,0.6338955792551362,1042.601318359375,0.05883222818374634,1042.601318359375
3514,19.989999771118164,40.996665954589844,0.6245189779117624,1064.2869873046875,0.0736379623413086,1064.2869873046875
3515,19.741666793823242,41.57749938964844,0.6218661581076418,1060.4322509765625,0.07391411066055298,1060.4322509765625
3516,20.017499923706055,43.85749816894531,0.6145079025419842,1049.07470703125,0.0955539345741272,1049.07470703125
3517,19.704999923706055,43.40416717529297,0.6410446886688945,1048.138671875,0.07201731204986572,1048.138671875
3518,19.60249900817871,41.02916717529297,0.6468144671763141,1024.3984375,0.06766664981842041,1024.3984375
3519,19.628334045410156,43.9375,0.6386421726335892,1025.7396240234375,0.05622187256813049,1025.7396240234375
3520,19.520000457763672,46.91583251953125,0.6451946184247261,1060.3612060546875,0.06786534190177917,1060.3612060546875
3521,19.803333282470703,41.505001068115234,0.6213125673076378,1036.83935546875,0.052765607833862305,1036.83935546875
3522,19.251667022705078,37.671669006347656,0.6138459116265654,1056.3939208984375,0.07902950048446655,1056.3939208984375
3523,19.57583236694336,40.913333892822266,0.662148860515706,1062.0262451171875,0.055477142333984375,1062.0262451171875
3524,19.520000457763672,43.78166961669922,0.6445140267192645,1067.3834228515625,0.05503496527671814,1067.3834228515625
3525,19.398332595825195,42.385833740234375,0.6646555113386208,1061.07958984375,0.07635197043418884,1061.07958984375
3526,19.203332901000977,36.4658317565918,0.6387637933305522,1040.2325439453125,0.09583911299705505,1040.2325439453125
3527,19.764999389648438,45.55666732788086,0.5983941999329161,1009.7882080078125,0.07317978143692017,1009.7882080078125
3528,19.518333435058594,40.01499938964844,0.6865725576909902,1067.826171875,0.0912308394908905,1067.826171875
3529,19.760000228881836,47.68000030517578,0.646401690967508,1010.01953125,0.05619889497756958,1010.01953125
3530,19.504167556762695,40.63916778564453,0.6534838903779288,1052.6361083984375,0.05858999490737915,1052.6361083984375
3531,19.449167251586914,38.47833251953125,0.6326551965427576,1047.818115234375,0.05892819166183472,1047.818115234375
3532,19.842498779296875,42.11166763305664,0.6541058616193036,1058.2430419921875,0.07058003544807434,1058.2430419921875
3533,19.425832748413086,44.28583526611328,0.6737263437894307,1039.259765625,0.08398032188415527,1039.259765625
3534,19.6299991607666,44.39833450317383,0.6448973800354056,1068.17578125,0.0590289831161499,1068.17578125
3535,19.69499969482422,41.06833267211914,0.6512214321645047,1037.11083984375,0.04243588447570801,1037.11083984375
3536,19.482500076293945,45.852500915527344,0.6537830367887582,1050.9288330078125,0.044636428356170654,1050.9288330078125
3537,19.872499465942383,41.29999923706055,0.6568467733379371,1053.44287109375,0.05371809005737305,1053.44287109375
3538,19.61916732788086,44.41416549682617,0.6010224728598712,1032.0230712890625,0.06889751553535461,1032.0230712890625
3539,19.625,38.65500259399414,0.6404174168272512,1036.58935546875,0.09104472398757935,1036.58935546875
3540,19.584999084472656,47.39083480834961,0.6301246097084483,1028.766357421875,0.05467161536216736,1028.766357421875
3541,19.682498931884766,45.981666564941406,0.6474015504573717,1011.124755859375,0.057238757610321045,1011.124755859375
3542,19.829166412353516,38.35333251953125,0.6448964396820986,1077.4537353515625,0.07124894857406616,1077.4537353515625
3543,19.801668167114258,48.10000228881836,0.6552584919383689,1027.0634765625,0.06674045324325562,1027.0634765625
3544,20.085834503173828,44.28333282470703,0.6543362780164671,1047.3603515625,0.07943493127822876,1047.3603515625
3545,19.8174991607666,42.48833465576172,0.6453453325864215,1053.8017578125,0.0691567063331604,1053.8017578125
3546,19.739168167114258,43.70000076293945,0.678788460015363,1032.25390625,0.06312239170074463,1032.25390625
3547,19.969999313354492,41.01749801635742,0.6408160819046511,1048.9632568359375,0.06168323755264282,1048.9632568359375
3548,19.70833396911621,45.43000030517578,0.6618984803447889,1027.991943359375,0.05860769748687744,1027.991943359375
3549,19.498332977294922,42.109169006347656,0.685656318978994,1015.732421875,0.06409808993339539,1015.732421875
3550,19.982500076293945,47.71583557128906,0.6659295574218,1059.84765625,0.061760783195495605,1059.84765625
3551,19.600000381469727,45.179168701171875,0.615824446110462,1061.6229248046875,0.0562174916267395,1061.6229248046875
3552,19.74333381652832,42.91250228881836,0.6964109196251373,1056.2642822265625,0.05257225036621094,1056.2642822265625
3553,19.76999855041504,44.830833435058594,0.6562092881860753,1014.5463256835938,0.06962209939956665,1014.5463256835938
3554,19.32583236694336,43.099998474121094,0.6599574613421693,1036.7362060546875,0.04696500301361084,1036.7362060546875
3555,19.63916778564453,45.92166519165039,0.6954730820480178,1042.2476806640625,0.05350193381309509,1042.2476806640625
3556,20.174999237060547,49.21083450317383,0.6769765863662844,1036.252685546875,0.06766673922538757,1036.252685546875
3557,19.979999542236328,48.63833236694336,0.6634824310001053,1031.284423828125,0.05114561319351196,1031.284423828125
3558,19.884166717529297,41.143333435058594,0.6730699058224738,1045.4591064453125,0.06488317251205444,1045.4591064453125
3559,19.925832748413086,45.9466667175293,0.6460096716549221,1024.3170166015625,0.07441586256027222,1024.3170166015625
3560,19.470001220703125,46.9808349609375,0.6872382697150998,1051.8359375,0.06917202472686768,1051.8359375
3561,19.587499618530273,45.747501373291016,0.6499660036788479,1024.99560546875,0.08636915683746338,1024.99560546875
3562,19.758333206176758,43.96333312988281,0.6872114019735718,1024.8082275390625,0.07497477531433105,1024.8082275390625
3563,19.56833267211914,40.8033332824707,0.697100526325182,1029.5150146484375,0.06837016344070435,1029.5150146484375
3564,19.51416778564453,44.295833587646484,0.659913218289999,1030.30029296875,0.06443506479263306,1030.30029296875
3565,19.824167251586914,41.46666717529297,0.6753180109318939,1024.634765625,0.05395627021789551,1024.634765625
3566,19.625,39.87750244140625,0.6595805849858879,1040.398681640625,0.05694657564163208,1040.398681640625
3567,19.53333282470703,41.58333206176758,0.6513220415572438,1017.4909057617188,0.09921878576278687,1017.4909057617188
3568,19.582500457763672,39.779998779296875,0.661903999279885,1037.290771484375,0.07665717601776123,1037.290771484375
3569,19.978334426879883,48.94916534423828,0.6365273604217148,1024.4775390625,0.05751997232437134,1024.4775390625
3570,19.877498626708984,44.52666473388672,0.646127274041693,1026.4769287109375,0.07441094517707825,1026.4769287109375
3571,19.77166748046875,44.22249984741211,0.6487523860801132,1039.7999267578125,0.11657002568244934,1039.7999267578125
3572,19.897499084472656,40.622501373291016,0.6106443644755624,1046.9482421875,0.050840795040130615,1046.9482421875
3573,19.517499923706055,47.27583312988281,0.6392406286618985,1048.9127197265625,0.06354346871376038,1048.9127197265625
3574,19.45083236694336,44.211666107177734,0.7057338054237827,1022.6973876953125,0.06489935517311096,1022.6973876953125
3575,19.82666778564453,43.1158332824707,0.6530701724822795,1051.2701416015625,0.05847650766372681,1051.2701416015625
3576,19.65833282470703,38.79500198364258,0.6933874691025906,1042.4310302734375,0.07933953404426575,1042.4310302734375
3577,19.83416748046875,45.36166763305664,0.6623561800283403,1025.05712890625,0.051253288984298706,1025.05712890625
3578,19.394166946411133,42.287498474121094,0.6955667228932387,1014.4784545898438,0.0642814040184021,1014.4784545898438
3579,19.888334274291992,43.070831298828125,0.6715537172542454,1056.0020751953125,0.04373210668563843,1056.0020751953125
3580,20.15250015258789,47.01166915893555,0.6532286442954972,1006.04345703125,0.06260901689529419,1006.04345703125
3581,19.689167022705078,44.916664123535156,0.6709868677735337,1050.710205078125,0.06277328729629517,1050.710205078125
3582,19.792499542236328,43.43083190917969,0.6416271937791257,1043.69873046875,0.07784554362297058,1043.69873046875
3583,19.491666793823242,42.06666564941406,0.6856699925891669,975.9966430664062,0.06002494692802429,975.9966430664062
3584,19.814167022705078,44.233333587646484,0.6646788615428232,1005.6852416992188,0.05439990758895874,1005.6852416992188
3585,19.40250015258789,38.48833465576172,0.6441581747423606,1052.00244140625,0.06666547060012817,1052.00244140625
3586,19.74249839782715,40.39833068847656,0.6750366606952822,1036.752685546875,0.0868319571018219,1036.752685546875
3587,19.53333282470703,41.467498779296875,0.6264882381215349,1038.947265625,0.0472678542137146,1038.947265625
3588,19.63916778564453,43.878334045410156,0.6738860777581805,994.05224609375,0.06473925709724426,994.05224609375
3589,19.485000610351562,37.14750289916992,0.6248456038503405,1029.180908203125,0.08917403221130371,1029.180908203125
3590,19.696666717529297,45.99583435058594,0.6664147245107137,1038.4205322265625,0.05225801467895508,1038.4205322265625
3591,19.51333236694336,41.989166259765625,0.6705938424095021,995.1491088867188,0.06745517253875732,995.1491088867188
3592,19.719167709350586,46.244163513183594,0.6957761023905638,1029.1082763671875,0.0641239583492279,1029.1082763671875
3593,19.615833282470703,47.60000228881836,0.6641858243772862,1035.6661376953125,0.05697911977767944,1035.6661376953125
3594,19.40916633605957,42.62916564941406,0.6523601237133936,1010.3534545898438,0.07764074206352234,1010.3534545898438
3595,19.65333366394043,43.05666732788086,0.6709684085636115,1068.70556640625,0.0722721517086029,1068.70556640625
3596,19.933334350585938,43.981666564941406,0.6453792632123904,1062.0906982421875,0.06405216455459595,1062.0906982421875
3597,19.55666732788086,42.369998931884766,0.6606383842870247,1060.454833984375,0.06813135743141174,1060.454833984375
3598,19.509166717529297,44.97500228881836,0.6648116457962818,1006.104736328125,0.08393797278404236,1006.104736328125
3599,19.559167861938477,40.63083267211914,0.6960073598475461,1028.2691650390625,0.06839987635612488,1028.2691650390625
3600,19.75083351135254,40.665000915527344,0.6713412831886076,1027.10986328125,0.052418053150177,1027.10986328125
3601,20.05666732788086,49.39083480834961,0.6436890207931204,994.2098999023438,0.059846311807632446,994.2098999023438
3602,19.51333236694336,40.5091667175293,0.6744072349653681,1009.33251953125,0.05923128128051758,1009.33251953125
3603,22.109167098999023,45.135833740234375,0.6606573043475042,1068.2301025390625,0.06095883250236511,1068.2301025390625
3604,19.518333435058594,44.01499938964844,0.6698243604581197,1002.4139404296875,0.06898999214172363,1002.4139404296875
3605,20.196666717529297,49.51499938964844,0.682508609141686,1028.0511474609375,0.05449828505516052,1028.0511474609375
3606,19.927499771118164,43.22083282470703,0.6562203948944085,1053.9971923828125,0.06634575128555298,1053.9971923828125
3607,19.537500381469727,46.27166748046875,0.6351776732120339,1063.089111328125,0.0699167549610138,1063.089111328125
3608,19.814167022705078,49.78083419799805,0.6112021249890728,986.373291015625,0.05414515733718872,986.373291015625
3609,19.453332901000977,39.56916809082031,0.6637541261900902,1056.8319091796875,0.07193648815155029,1056.8319091796875
3610,19.816667556762695,46.87083435058594,0.6799280973042872,1038.9007568359375,0.062429219484329224,1038.9007568359375
3611,19.794166564941406,44.44416809082031,0.6568005468892629,1002.5115356445312,0.05899733304977417,1002.5115356445312
3612,19.756668090820312,42.50583267211914,0.6573245908733096,1061.7237548828125,0.06539756059646606,1061.7237548828125
3613,19.654998779296875,41.51749801635742,0.645010980455395,1015.247314453125,0.05730581283569336,1015.247314453125
3614,20.34083366394043,49.95166778564453,0.642210632448045,1033.8214111328125,0.06399080157279968,1033.8214111328125
3615,19.542499542236328,39.690834045410156,0.6367445666266804,1088.1802978515625,0.08949026465415955,1088.1802978515625
3616,19.525833129882812,41.94333267211914,0.7157223363156933,1039.6795654296875,0.058657288551330566,1039.6795654296875
3617,19.52750015258789,42.974998474121094,0.6667555268623857,1039.6134033203125,0.05423939228057861,1039.6134033203125
3618,19.77916717529297,42.122501373291016,0.6649915750865838,1031.390625,0.05987083911895752,1031.390625
3619,20.078332901000977,49.369998931884766,0.6623987870277929,1015.2947387695312,0.05475616455078125,1015.2947387695312
3620,19.649168014526367,47.79500198364258,0.6652874508935767,1033.7203369140625,0.06616324186325073,1033.7203369140625
3621,19.872499465942383,45.17000198364258,0.6785660715385979,1029.8203125,0.06621244549751282,1029.8203125
3622,19.50666618347168,39.17333221435547,0.6435897864190896,1018.4054565429688,0.062114179134368896,1018.4054565429688
3623,19.70749855041504,43.459999084472656,0.6751857275514715,1051.8193359375,0.04682829976081848,1051.8193359375
3624,19.07583236694336,37.71666717529297,0.662788402208141,1029.3045654296875,0.07370582222938538,1029.3045654296875
3625,19.450000762939453,42.02833557128906,0.6759032583136653,1046.6456298828125,0.07731389999389648,1046.6456298828125
3626,19.883333206176758,43.703330993652344,0.657281116953472,1041.4102783203125,0.05528220534324646,1041.4102783203125
3627,19.77166748046875,45.57416915893555,0.6870696114701426,1035.8995361328125,0.05452212691307068,1035.8995361328125
3628,19.53416633605957,42.31083297729492,0.6761046123749301,1031.2164306640625,0.07402840256690979,1031.2164306640625
3629,19.671667098999023,42.983333587646484,0.6346921376657083,1052.680419921875,0.08541145920753479,1052.680419921875
3630,19.55666732788086,38.79249954223633,0.6738549257984914,1042.4102783203125,0.07195758819580078,1042.4102783203125
3631,20.052499771118164,48.17166519165039,0.6570657090977325,1052.4586181640625,0.06777900457382202,1052.4586181640625
3632,19.380001068115234,40.95249938964844,0.6366326542312659,967.603271484375,0.061559051275253296,967.603271484375
3633,19.827499389648438,42.282501220703125,0.6532874157435683,1057.7374267578125,0.07658019661903381,1057.7374267578125
3634,19.395000457763672,42.855831146240234,0.6768987916002343,1016.1338500976562,0.07050052285194397,1016.1338500976562
3635,19.577499389648438,43.37750244140625,0.6697623737217799,1017.2659301757812,0.07341688871383667,1017.2659301757812
3636,19.558332443237305,42.282501220703125,0.6648303374304038,1057.4007568359375,0.07908168435096741,1057.4007568359375
3637,19.511667251586914,42.07666778564453,0.6649352330981492,1051.558349609375,0.061630040407180786,1051.558349609375
3638,19.524166107177734,45.61333465576172,0.6568575024095186,1006.8384399414062,0.057595014572143555,1006.8384399414062
3639,19.872499465942383,46.31999969482422,0.6330468202132937,1011.7669067382812,0.04939240217208862,1011.7669067382812
3640,19.344167709350586,38.80000305175781,0.6340177109035536,1061.5347900390625,0.0839349627494812,1061.5347900390625
3641,19.18000030517578,42.345001220703125,0.6714138872745392,1016.7244262695312,0.05110687017440796,1016.7244262695312
3642,19.890832901000977,45.90250015258789,0.6611671724273365,1026.645263671875,0.052749961614608765,1026.645263671875
3643,19.634166717529297,36.76250076293945,0.6224260431780128,1050.400390625,0.09616091847419739,1050.400390625
3644,19.907499313354492,45.73999786376953,0.642659600122443,1022.2164916992188,0.04399716854095459,1022.2164916992188
3645,19.944168090820312,46.936668395996094,0.6787693375481627,1039.8896484375,0.05884939432144165,1039.8896484375
3646,19.113332748413086,36.250831604003906,0.665947729341901,993.8496704101562,0.10132008790969849,993.8496704101562
3647,19.850833892822266,44.56916809082031,0.6794673861835437,1033.8701171875,0.06428274512290955,1033.8701171875
3648,19.585832595825195,41.606666564941406,0.6556684515948548,1063.96728515625,0.05310773849487305,1063.96728515625
3649,19.730833053588867,43.61249923706055,0.6849210306721913,1033.096923828125,0.05940428376197815,1033.096923828125
3650,20.015832901000977,38.11916732788086,0.6539375830877588,1026.4910888671875,0.08858925104141235,1026.4910888671875
3651,19.71416664123535,40.98500061035156,0.604413852092452,995.2634887695312,0.06760996580123901,995.2634887695312
3652,20.032499313354492,42.86249923706055,0.6084372425958355,1057.4298095703125,0.07226356863975525,1057.4298095703125
3653,20.0049991607666,51.852500915527344,0.6609478927981031,976.708740234375,0.06873059272766113,976.708740234375
3654,19.819168090820312,41.5283317565918,0.6485278177423535,1012.4927978515625,0.06033200025558472,1012.4927978515625
3655,20.0,45.09583282470703,0.655780534804411,1011.8829345703125,0.06627112627029419,1011.8829345703125
3656,19.77666664123535,39.85166549682617,0.6507664373813512,1072.7677001953125,0.06770610809326172,1072.7677001953125
3657,20.043333053588867,43.12333297729492,0.6327419169660509,1028.26318359375,0.05981647968292236,1028.26318359375
3658,20.086666107177734,50.46416473388672,0.6370140371778906,1005.041015625,0.05267202854156494,1005.041015625
3659,19.47916603088379,42.56083297729492,0.6231625389499749,1030.53515625,0.057588785886764526,1030.53515625
3660,19.696666717529297,42.4716682434082,0.683179644648169,1031.49267578125,0.05759426951408386,1031.49267578125
3661,19.795000076293945,38.752498626708984,0.6651771296255085,1032.4237060546875,0.06704959273338318,1032.4237060546875
3662,19.829166412353516,43.93333053588867,0.6459255835028668,1043.744873046875,0.04237443208694458,1043.744873046875
3663,19.68666648864746,41.88166427612305,0.6399939397443146,1021.2387084960938,0.05870950222015381,1021.2387084960938
3664,19.49333381652832,40.7591667175293,0.6624459683986497,1076.049560546875,0.06632387638092041,1076.049560546875
3665,20.036666870117188,44.62249755859375,0.6316726891089026,1064.2052001953125,0.055156826972961426,1064.2052001953125
3666,19.829999923706055,40.56083297729492,0.6821945150960798,1034.4493408203125,0.0575789213180542,1034.4493408203125
3667,19.849166870117188,44.147499084472656,0.6648518225092848,1004.3010864257812,0.051956355571746826,1004.3010864257812
3668,19.729999542236328,36.41499710083008,0.627110457099586,1009.7039794921875,0.06897002458572388,1009.7039794921875
3669,19.803333282470703,41.86333465576172,0.6327691230415344,1066.045654296875,0.06895378232002258,1066.045654296875
3670,19.711668014526367,43.34916687011719,0.6364618425578645,1019.1846923828125,0.05132657289505005,1019.1846923828125
3671,19.74249839782715,40.9091682434082,0.6579743676920966,1039.5860595703125,0.0636352002620697,1039.5860595703125
3672,19.600833892822266,44.003334045410156,0.6547990531588661,1023.7349243164062,0.07407379150390625,1023.7349243164062
3673,20.11916732788086,41.361663818359375,0.6204482837832588,1026.6976318359375,0.06348675489425659,1026.6976318359375
3674,19.906667709350586,43.14833450317383,0.6528312834516632,1022.9560546875,0.04610252380371094,1022.9560546875
3675,19.980833053588867,46.290000915527344,0.679449397911845,988.1216430664062,0.06917497515678406,988.1216430664062
3676,19.807498931884766,42.57416534423828,0.6522387296520049,1044.426513671875,0.07401791214942932,1044.426513671875
3677,19.644166946411133,44.0716667175293,0.6730955396527416,996.0828857421875,0.052080750465393066,996.0828857421875
3678,19.57583236694336,41.97166442871094,0.6382036941204443,1012.5419311523438,0.05108529329299927,1012.5419311523438
3679,20.084999084472656,41.188331604003906,0.6598207761464683,1056.2239990234375,0.09224486351013184,1056.2239990234375
3680,19.587499618530273,44.9466667175293,0.6546628263789732,1055.971435546875,0.05724304914474487,1055.971435546875
3681,19.80500030517578,44.611663818359375,0.6452996578297774,1037.5328369140625,0.052880823612213135,1037.5328369140625
3682,19.819168090820312,44.4900016784668,0.6899363633446651,1027.08056640625,0.05313083529472351,1027.08056640625
3683,19.647499084472656,42.4275016784668,0.613758967011037,1034.4395751953125,0.0787230134010315,1034.4395751953125
3684,19.511667251586914,43.56666946411133,0.6479437492128025,1101.21533203125,0.06525477766990662,1101.21533203125
3685,19.549999237060547,40.13999938964844,0.6719351910262019,1042.4443359375,0.06256908178329468,1042.4443359375
3686,19.572500228881836,41.556663513183594,0.6551354415192794,1023.9341430664062,0.061627477407455444,1023.9341430664062
3687,19.585832595825195,40.467498779296875,0.6480632430832567,1068.417724609375,0.05014890432357788,1068.417724609375
3688,19.656667709350586,43.04833221435547,0.6474505365993108,1035.1417236328125,0.05829748511314392,1035.1417236328125
3689,20.207500457763672,43.26499938964844,0.6457442987122545,1027.20751953125,0.08004587888717651,1027.20751953125
3690,20.388334274291992,47.330833435058594,0.6384876212402099,1073.6337890625,0.07367482781410217,1073.6337890625
3691,20.00583267211914,45.44416809082031,0.6621365897158586,1034.7623291015625,0.04154539108276367,1034.7623291015625
3692,19.511667251586914,38.57833480834961,0.674169588333374,1031.0806884765625,0.06741541624069214,1031.0806884765625
3693,20.06166648864746,46.70916748046875,0.6515482409758104,1019.3804321289062,0.05713149905204773,1019.3804321289062
3694,19.475000381469727,40.11166763305664,0.6615299169827902,1045.324462890625,0.0461045503616333,1045.324462890625
3695,19.73666763305664,41.725833892822266,0.6674482573688307,1043.8125,0.07080844044685364,1043.8125
3696,20.003334045410156,44.29500198364258,0.6352914567085512,1060.19287109375,0.07464006543159485,1060.19287109375
3697,20.038333892822266,41.108333587646484,0.6367492229784473,1042.557861328125,0.059589654207229614,1042.557861328125
3698,19.780834197998047,38.61916732788086,0.6316209129333596,1019.7891235351562,0.10325238108634949,1019.7891235351562
3699,20.232500076293945,47.22833251953125,0.6281724925197895,1030.1702880859375,0.06775447726249695,1030.1702880859375
3700,19.709999084472656,39.833335876464844,0.6579386631653683,1049.63330078125,0.05329340696334839,1049.63330078125
3701,19.879167556762695,44.29750061035156,0.6574647380822747,1018.0220947265625,0.06958049535751343,1018.0220947265625
3702,19.782499313354492,42.621665954589844,0.6465088893516919,1046.9398193359375,0.06561627984046936,1046.9398193359375
3703,19.83416748046875,42.90416717529297,0.6589467651503181,1028.2801513671875,0.04598480463027954,1028.2801513671875
3704,19.831666946411133,38.80000305175781,0.6240136193675414,1016.9677734375,0.09115356206893921,1016.9677734375
3705,19.677499771118164,42.272499084472656,0.6470780923420865,1039.8916015625,0.07736518979072571,1039.8916015625
3706,19.987499237060547,45.5433349609375,0.6844397211167588,1067.27783203125,0.06029599905014038,1067.27783203125
3707,19.577499389648438,39.20916748046875,0.641557369474063,1079.4307861328125,0.12152248620986938,1079.4307861328125
3708,19.871667861938477,42.37916946411133,0.6359488034137318,1000.7360229492188,0.05265897512435913,1000.7360229492188
3709,19.941667556762695,42.3224983215332,0.6327608808033952,1055.5625,0.06745657324790955,1055.5625
3710,19.587499618530273,42.09333419799805,0.6297353873724726,1051.1513671875,0.06721094250679016,1051.1513671875
3711,19.668333053588867,43.59416580200195,0.6382161011516185,1058.755615234375,0.04897022247314453,1058.755615234375
3712,20.02833366394043,46.285831451416016,0.6349758809074226,1059.4990234375,0.04230111837387085,1059.4990234375
3713,19.240833282470703,38.95833206176758,0.6677834277449965,1010.7100830078125,0.06427043676376343,1010.7100830078125
3714,19.571666717529297,41.576663970947266,0.6330772782598257,1022.636962890625,0.07030594348907471,1022.636962890625
3715,19.894166946411133,42.58833312988281,0.6239403803803869,1011.7996215820312,0.0621131956577301,1011.7996215820312
3716,19.866666793823242,47.499168395996094,0.6337604676970043,1002.44287109375,0.05119243264198303,1002.44287109375
3717,19.690834045410156,43.58583450317383,0.6416858114978066,1024.8004150390625,0.06790417432785034,1024.8004150390625
3718,19.691667556762695,41.91166687011719,0.6678325202261051,1005.3787231445312,0.060345590114593506,1005.3787231445312
3719,19.748332977294922,43.15416717529297,0.6748363206240302,1008.5280151367188,0.059679388999938965,1008.5280151367188
3720,20.081666946411133,43.26750183105469,0.6788048475651798,1050.6751708984375,0.05689138174057007,1050.6751708984375
3721,20.369165420532227,43.45750045776367,0.652429505789702,1065.1214599609375,0.06392252445220947,1065.1214599609375
3722,20.17583465576172,43.66166687011719,0.6540964337438304,1018.0426635742188,0.04854768514633179,1018.0426635742188
3723,19.93000030517578,42.350833892822266,0.6276782745375731,1069.5618896484375,0.07863986492156982,1069.5618896484375
3724,20.05583381652832,47.951663970947266,0.6112759388575963,1012.2061767578125,0.06038951873779297,1012.2061767578125
3725,19.917499542236328,43.813331604003906,0.6620328437569487,1038.9932861328125,0.06405434012413025,1038.9932861328125
3726,19.606666564941406,42.489166259765625,0.6414377528809697,1018.5020751953125,0.06208106875419617,1018.5020751953125
3727,19.84083366394043,47.374168395996094,0.6622920800943417,1018.7664184570312,0.042230844497680664,1018.7664184570312
3728,20.497499465942383,49.56916427612305,0.5984765461627656,1023.2044067382812,0.048580020666122437,1023.2044067382812
3729,20.02666664123535,42.67416763305664,0.6585602050571415,1058.32275390625,0.04275614023208618,1058.32275390625
3730,20.141666412353516,47.35333251953125,0.6153239867281428,1029.6990966796875,0.06581366062164307,1029.6990966796875
3731,19.704166412353516,46.4466667175293,0.6312010303683311,1025.92236328125,0.08659625053405762,1025.92236328125
3732,19.662498474121094,45.426666259765625,0.6687541603321462,1022.7970581054688,0.06460300087928772,1022.7970581054688
3733,19.924999237060547,42.49833297729492,0.6277589823232659,1012.6029663085938,0.05628335475921631,1012.6029663085938
3734,20.183334350585938,50.33000183105469,0.6219536114776648,1031.967529296875,0.08585023880004883,1031.967529296875
3735,19.670833587646484,44.627498626708984,0.6479312302363412,1046.7801513671875,0.05433309078216553,1046.7801513671875
3736,19.668333053588867,45.86833572387695,0.6562918873205239,1014.61669921875,0.0750175416469574,1014.61669921875
3737,19.68000030517578,43.399166107177734,0.6490906508416983,1056.629638671875,0.07955151796340942,1056.629638671875
3738,19.558332443237305,41.56999969482422,0.6610181582868423,1055.6474609375,0.05081677436828613,1055.6474609375
3739,19.21666717529297,38.77583312988281,0.6220200125478125,1075.370361328125,0.05377167463302612,1075.370361328125
3740,19.48666763305664,41.00416564941406,0.6648330215690808,1033.834228515625,0.06755861639976501,1033.834228515625
3741,19.35333251953125,39.9658317565918,0.6722977366240563,1015.231689453125,0.08166766166687012,1015.231689453125
3742,19.69333267211914,41.80666732788086,0.661980518367441,1055.6251220703125,0.05341225862503052,1055.6251220703125
3743,19.691667556762695,42.98833465576172,0.7007005955164948,1016.7744750976562,0.06779566407203674,1016.7744750976562
3744,19.24250030517578,39.364166259765625,0.6782213104750685,1035.1707763671875,0.053278207778930664,1035.1707763671875
3745,19.321666717529297,39.68499755859375,0.6499083811484205,1037.14013671875,0.053429752588272095,1037.14013671875
3746,19.875,45.49583053588867,0.6375801689874068,1060.7904052734375,0.04710295796394348,1060.7904052734375
3747,19.364166259765625,40.63083267211914,0.6384998813095097,1045.9169921875,0.0679299533367157,1045.9169921875
3748,19.579166412353516,41.4091682434082,0.6985800008561893,1045.2283935546875,0.05092024803161621,1045.2283935546875
3749,19.64583396911621,39.11666488647461,0.6478244284686157,1053.52880859375,0.05794459581375122,1053.52880859375
3750,19.518333435058594,40.87333297729492,0.6276841126027068,1015.29248046875,0.062493324279785156,1015.29248046875
3751,19.26333236694336,43.66666793823242,0.6626730328286312,999.0728759765625,0.057877928018569946,999.0728759765625
3752,19.24416732788086,39.64666748046875,0.6849954556623863,1043.274169921875,0.06992805004119873,1043.274169921875
3753,19.40833282470703,41.200836181640625,0.65594579515785,988.4744262695312,0.0677432119846344,988.4744262695312
3754,19.368331909179688,38.736663818359375,0.6614259088873672,1046.574462890625,0.07447594404220581,1046.574462890625
3755,19.737499237060547,39.15666580200195,0.6622885208564055,1038.9051513671875,0.07258367538452148,1038.9051513671875
3756,19.82666778564453,41.313331604003906,0.6290163996578475,1007.7178955078125,0.056226640939712524,1007.7178955078125
3757,19.773332595825195,42.603336334228516,0.6646064755400206,1050.16357421875,0.05363011360168457,1050.16357421875
3758,19.834999084472656,44.913333892822266,0.6335605948298746,1035.5394287109375,0.08777207136154175,1035.5394287109375
3759,19.297500610351562,38.73833465576172,0.6414157527129302,1053.14794921875,0.09544703364372253,1053.14794921875
3760,19.829166412353516,44.826663970947266,0.6535877559572676,1028.1414794921875,0.06222549080848694,1028.1414794921875
3761,21.81166648864746,46.543331146240234,0.6582155229516611,1014.72119140625,0.06454116106033325,1014.72119140625
3762,19.969167709350586,40.7599983215332,0.6697365991399481,1023.7745971679688,0.0871134102344513,1023.7745971679688
3763,19.517499923706055,46.18583297729492,0.6388585568514731,1029.7371826171875,0.06969338655471802,1029.7371826171875
3764,19.825834274291992,41.59749984741211,0.6545447186922011,1066.056640625,0.04751640558242798,1066.056640625
3765,19.75083351135254,44.13166809082031,0.6889760945738106,1068.0870361328125,0.04961851239204407,1068.0870361328125
3766,20.03416633605957,41.8216667175293,0.6372252595823537,1042.460693359375,0.06827542185783386,1042.460693359375
3767,19.900833129882812,42.249168395996094,0.6578214752632585,1036.09326171875,0.08580726385116577,1036.09326171875
3768,19.610000610351562,38.52583312988281,0.6678187319681708,1027.3392333984375,0.08746874332427979,1027.3392333984375
3769,19.95166778564453,43.59166717529297,0.6921089024985718,1048.4442138671875,0.05095791816711426,1048.4442138671875
3770,19.732500076293945,39.18166732788086,0.66292132373446,1020.4395141601562,0.06367865204811096,1020.4395141601562
3771,19.92416763305664,46.80083465576172,0.6522196799355328,1035.9185791015625,0.04947587847709656,1035.9185791015625
3772,19.295000076293945,41.38750076293945,0.6631083843479058,1022.4746704101562,0.08801180124282837,1022.4746704101562
3773,19.280832290649414,40.532501220703125,0.6680773695546175,1035.1834716796875,0.05435973405838013,1035.1834716796875
3774,19.510000228881836,41.13666534423828,0.6456238561190358,1073.7042236328125,0.07597169280052185,1073.7042236328125
3775,19.904998779296875,39.570831298828125,0.6695514583503983,1053.5635986328125,0.06688505411148071,1053.5635986328125
3776,19.505001068115234,38.31999969482422,0.6525957361730879,1043.305908203125,0.10593581199645996,1043.305908203125
3777,19.512500762939453,44.27583312988281,0.6317463887660116,1053.4725341796875,0.06330907344818115,1053.4725341796875
3778,19.889999389648438,45.676666259765625,0.6778897046571796,1008.3449096679688,0.05320364236831665,1008.3449096679688
3779,19.333332061767578,42.467498779296875,0.6186780853257519,1029.55322265625,0.06993591785430908,1029.55322265625
3780,19.667499542236328,43.26583480834961,0.6166838714864293,1004.7772216796875,0.06641194224357605,1004.7772216796875
3781,19.80666732788086,41.25666809082031,0.6595208614268738,1038.3193359375,0.052659690380096436,1038.3193359375
3782,19.99916648864746,44.540000915527344,0.6389047868821789,1011.6685180664062,0.08101785182952881,1011.6685180664062
3783,20.06166648864746,44.33250045776367,0.6661717158465074,1056.235107421875,0.06347855925559998,1056.235107421875
3784,19.411666870117188,48.6875,0.6443196113729,1048.8916015625,0.07822662591934204,1048.8916015625
3785,17.824167251586914,45.35166549682617,0.5828031257429287,1204.9852294921875,0.04602313041687012,1204.9852294921875
3786,19.667499542236328,46.7408332824707,0.6554748414678758,1018.58837890625,0.0641939640045166,1018.58837890625
3787,19.56166648864746,43.61166763305664,0.616600988210362,1002.65478515625,0.05311545729637146,1002.65478515625
3788,19.90416717529297,44.981666564941406,0.6857328222082706,1037.24267578125,0.07678186893463135,1037.24267578125
3789,19.87416648864746,51.82416534423828,0.6435944314402096,1003.2108154296875,0.058317750692367554,1003.2108154296875
3790,19.670000076293945,44.40416717529297,0.656577991149625,1010.8837890625,0.05549857020378113,1010.8837890625
3791,19.59833335876465,42.37333297729492,0.6878128064747853,1059.6781005859375,0.054811060428619385,1059.6781005859375
3792,19.94333267211914,43.704166412353516,0.6670162609293595,1033.0235595703125,0.0552157461643219,1033.0235595703125
3793,19.69333267211914,48.53499984741211,0.6545787629958657,1020.2366333007812,0.063265860080719,1020.2366333007812
3794,20.212499618530273,50.83500289916992,0.6747981751323471,1057.6558837890625,0.06005978584289551,1057.6558837890625
3795,19.88083267211914,43.45083236694336,0.7281055826565532,1038.58447265625,0.05360165238380432,1038.58447265625
3796,20.260833740234375,44.29750061035156,0.6738157146115571,1030.197021484375,0.06783699989318848,1030.197021484375
3797,19.97333335876465,46.913333892822266,0.6809225700912807,1051.48583984375,0.05580025911331177,1051.48583984375
3798,20.271665573120117,50.25166702270508,0.6550279617666923,1045.9151611328125,0.061787188053131104,1045.9151611328125
3799,20.050832748413086,42.7158317565918,0.6831429816421632,1035.522705078125,0.06014925241470337,1035.522705078125
3800,19.626667022705078,43.211666107177734,0.6634554185845857,1023.2798461914062,0.054885268211364746,1023.2798461914062
3801,19.900833129882812,46.37916564941406,0.657822924425293,1063.854736328125,0.062258780002593994,1063.854736328125
3802,19.519166946411133,44.90833282470703,0.6168103639664121,996.5955200195312,0.0679631233215332,996.5955200195312
3803,20.248332977294922,48.05083465576172,0.6781656462365004,1050.80029296875,0.08033546805381775,1050.80029296875
3804,19.63916778564453,40.239166259765625,0.647028599964133,1048.53662109375,0.06408679485321045,1048.53662109375
3805,20.164165496826172,46.17166519165039,0.6571658345735565,1071.450439453125,0.051262080669403076,1071.450439453125
3806,19.837499618530273,46.768333435058594,0.7047415498791328,1035.8885498046875,0.0660378634929657,1035.8885498046875
3807,19.739168167114258,44.46916580200195,0.694443691593176,1032.111328125,0.06379476189613342,1032.111328125
3808,19.668333053588867,44.57500076293945,0.6512715692165778,1037.385986328125,0.08432769775390625,1037.385986328125
3809,19.78583335876465,45.27166748046875,0.6885061474444754,1053.5771484375,0.08627307415008545,1053.5771484375
3810,20.204999923706055,47.806663513183594,0.7078821763264918,1002.9415893554688,0.04994875192642212,1002.9415893554688
3811,19.670833587646484,39.89999771118164,0.6669720216198436,1068.087646484375,0.06352636218070984,1068.087646484375
3812,19.58416748046875,41.61666488647461,0.6744410127484886,1081.3431396484375,0.06226074695587158,1081.3431396484375
3813,19.57583236694336,44.294166564941406,0.634127271253369,1049.90966796875,0.05885311961174011,1049.90966796875
3814,19.610000610351562,46.41250228881836,0.6289028920739036,1003.5775756835938,0.057540178298950195,1003.5775756835938
3815,19.95833396911621,45.21500015258789,0.6100454840485586,1044.3309326171875,0.08420294523239136,1044.3309326171875
3816,20.00583267211914,45.22083282470703,0.6570554400386069,986.4940795898438,0.051563560962677,986.4940795898438
3817,19.711668014526367,44.057498931884766,0.6508322851284376,1017.410400390625,0.04869231581687927,1017.410400390625
3818,20.11916732788086,41.87083435058594,0.6554147655495398,1017.3396606445312,0.0621337890625,1017.3396606445312
3819,20.032499313354492,53.24333190917969,0.6287233751311948,1001.4873046875,0.06808537244796753,1001.4873046875
3820,19.80666732788086,44.29249954223633,0.6411966244282054,1012.8871459960938,0.0487978458404541,1012.8871459960938
3821,19.786666870117188,46.189998626708984,0.6576598223987308,1045.0548095703125,0.058081209659576416,1045.0548095703125
3822,20.12416648864746,49.14500045776367,0.6424716614566218,1007.1400146484375,0.040819406509399414,1007.1400146484375
3823,19.6299991607666,41.649166107177734,0.6304282341260112,994.4054565429688,0.06211256980895996,994.4054565429688
3824,20.327499389648438,49.81416702270508,0.6829097954316676,1050.9466552734375,0.045816630125045776,1050.9466552734375
3825,19.891666412353516,39.27583312988281,0.6342780644939318,1074.0440673828125,0.10905113816261292,1074.0440673828125
3826,19.909168243408203,42.43083190917969,0.645677138948769,1044.1773681640625,0.0648362934589386,1044.1773681640625
3827,19.445833206176758,42.32999801635742,0.6414038634999525,1000.8410034179688,0.060200512409210205,1000.8410034179688
3828,19.71583366394043,43.3658332824707,0.606418809032693,1070.8885498046875,0.06099247932434082,1070.8885498046875
3829,19.829999923706055,43.25666809082031,0.6354215127305092,993.0316162109375,0.07329022884368896,993.0316162109375
3830,19.779998779296875,40.8224983215332,0.6454880120787532,1031.615478515625,0.0721578598022461,1031.615478515625
3831,19.39666748046875,39.02333450317383,0.6510008524898339,1036.4683837890625,0.06329500675201416,1036.4683837890625
3832,19.683332443237305,40.65416717529297,0.6521864293410464,1030.76025390625,0.07695090770721436,1030.76025390625
3833,19.682498931884766,37.7783317565918,0.6510498195339718,1067.432373046875,0.10983818769454956,1067.432373046875
3834,20.32416534423828,44.1341667175293,0.6060749366152859,1068.635009765625,0.05417853593826294,1068.635009765625
3835,19.975000381469727,46.54166793823242,0.6154830682676986,1026.16015625,0.06348744034767151,1026.16015625
3836,19.92416763305664,42.22333526611328,0.640405905071473,1065.686767578125,0.07258370518684387,1065.686767578125
3837,19.816667556762695,43.149166107177734,0.6467720211439765,1036.7852783203125,0.07357862591743469,1036.7852783203125
3838,20.148334503173828,40.5966682434082,0.6444181641480832,1050.211181640625,0.061121463775634766,1050.211181640625
3839,19.816667556762695,44.35416793823242,0.6401549392943295,1019.16552734375,0.04053109884262085,1019.16552734375
3840,19.789167404174805,46.29499816894531,0.660145289638886,1011.3217163085938,0.05255812406539917,1011.3217163085938
3841,20.12416648864746,45.391666412353516,0.6379210134447202,1068.789794921875,0.05722850561141968,1068.789794921875
3842,19.980833053588867,45.48666763305664,0.6209559407717632,1012.4326171875,0.0734337568283081,1012.4326171875
3843,19.74916648864746,38.24833297729492,0.6537129450204962,1055.4429931640625,0.057149648666381836,1055.4429931640625
3844,20.108333587646484,44.19916534423828,0.6791205275734038,1056.9296875,0.06637415289878845,1056.9296875
3845,19.869998931884766,45.837501525878906,0.6247244837660848,1046.7562255859375,0.08961060643196106,1046.7562255859375
3846,20.038333892822266,49.67250061035156,0.6519554458955633,1020.6608276367188,0.057516634464263916,1020.6608276367188
3847,20.043333053588867,44.91166687011719,0.6277197057969821,1031.4266357421875,0.06161084771156311,1031.4266357421875
3848,19.65916633605957,44.45750045776367,0.6415589118234216,1015.3499145507812,0.059103190898895264,1015.3499145507812
3849,20.301666259765625,45.39250183105469,0.6757987522643889,1057.6011962890625,0.06962165236473083,1057.6011962890625
3850,19.979167938232422,48.41583251953125,0.6825874190706458,1044.497314453125,0.06653979420661926,1044.497314453125
3851,19.703332901000977,40.36499786376953,0.6522928218471764,1046.9200439453125,0.0665937066078186,1046.9200439453125
3852,19.858333587646484,43.43250274658203,0.6562189252965498,1040.8670654296875,0.05037260055541992,1040.8670654296875
3853,19.726667404174805,44.505836486816406,0.6393430441524834,1035.8165283203125,0.0748174786567688,1035.8165283203125
3854,19.64583396911621,39.3025016784668,0.6187729899994476,1016.5454711914062,0.08131638169288635,1016.5454711914062
3855,20.23833465576172,46.779998779296875,0.6429038154252196,1046.8212890625,0.056326717138290405,1046.8212890625
3856,22.553333282470703,48.051666259765625,0.6082684032863057,1038.2420654296875,0.05538582801818848,1038.2420654296875
3857,19.79083251953125,42.57416534423828,0.6731129433306638,1017.985107421875,0.050936609506607056,1017.985107421875
3858,20.489166259765625,44.46333312988281,0.6631524896927985,1034.7847900390625,0.0905696451663971,1034.7847900390625
3859,20.454166412353516,42.91499710083008,0.5941026601746114,1040.544921875,0.06908196210861206,1040.544921875
3860,19.998332977294922,37.35750198364258,0.6527693197977237,1046.7576904296875,0.0543709397315979,1046.7576904296875
3861,19.85333251953125,42.14500045776367,0.66659353994611,1052.876953125,0.05858248472213745,1052.876953125
3862,20.139999389648438,40.48416519165039,0.6375398002781961,1030.5347900390625,0.06811490654945374,1030.5347900390625
3863,19.90250015258789,40.6966667175293,0.6934212824300919,1051.80322265625,0.06237995624542236,1051.80322265625
3864,19.50583267211914,44.04999923706055,0.6458963382938107,1012.5595703125,0.07874742150306702,1012.5595703125
3865,20.068334579467773,44.36333465576172,0.6315821346570728,1035.4136962890625,0.057033658027648926,1035.4136962890625
3866,19.932498931884766,44.720001220703125,0.6498797942458867,1041.56640625,0.05048733949661255,1041.56640625
3867,20.068334579467773,44.62083435058594,0.6905382226836505,1034.94775390625,0.06280037760734558,1034.94775390625
3868,20.15166664123535,41.17416763305664,0.6358630896432033,1014.6033935546875,0.05507475137710571,1014.6033935546875
3869,20.295000076293945,42.811668395996094,0.6602225359115627,1066.698974609375,0.05567288398742676,1066.698974609375
3870,20.06999969482422,39.84749984741211,0.6492530358342642,1031.1668701171875,0.0819145143032074,1031.1668701171875
3871,20.16083335876465,45.41583251953125,0.6338296758440576,1032.4573974609375,0.07155907154083252,1032.4573974609375
3872,19.77750015258789,41.37916564941406,0.6450225619172232,1048.579833984375,0.05390292406082153,1048.579833984375
3873,20.459165573120117,47.44416809082031,0.6491354961361027,1019.3356323242188,0.04644101858139038,1019.3356323242188
3874,20.09166717529297,39.079166412353516,0.6351520614874709,1032.310791015625,0.05254703760147095,1032.310791015625
3875,19.879167556762695,38.525001525878906,0.6718008090896439,1048.908203125,0.05064427852630615,1048.908203125
3876,20.073333740234375,41.733333587646484,0.6310950640342283,1054.2418212890625,0.060226619243621826,1054.2418212890625
3877,19.746667861938477,41.17583465576172,0.6582759273788774,1021.9012451171875,0.07795003056526184,1021.9012451171875
3878,20.28583335876465,48.16416931152344,0.6352557735753077,990.401123046875,0.056924402713775635,990.401123046875
3879,20.003334045410156,42.52750015258789,0.6468701901037404,1030.410400390625,0.0437370240688324,1030.410400390625
3880,19.643333435058594,41.209999084472656,0.6364587410493339,1036.894775390625,0.07642939686775208,1036.894775390625
3881,20.321666717529297,41.16666793823242,0.6632552232719253,1035.0146484375,0.057932138442993164,1035.0146484375
3882,19.784168243408203,40.399166107177734,0.6520121508787364,1046.5279541015625,0.04711335897445679,1046.5279541015625
3883,20.450000762939453,48.602500915527344,0.64528875174877,1044.669921875,0.05669534206390381,1044.669921875
3884,19.8608341217041,39.71750259399414,0.6400424353650429,1046.0240478515625,0.06495964527130127,1046.0240478515625
3885,20.01249885559082,44.62333297729492,0.6436426935103022,1023.1281127929688,0.062267005443573,1023.1281127929688
3886,20.23833465576172,42.93333435058594,0.6730228062436674,1046.9688720703125,0.052186429500579834,1046.9688720703125
3887,19.66083335876465,37.92499923706055,0.6521935840853492,1030.9176025390625,0.08676731586456299,1030.9176025390625
3888,19.661666870117188,38.46000289916992,0.6573687966608452,1076.028076171875,0.1065015196800232,1076.028076171875
3889,19.84583282470703,42.962501525878906,0.6569349824694788,1049.959716796875,0.062230706214904785,1049.959716796875
3890,19.76249885559082,39.24250030517578,0.646319475697722,1084.0609130859375,0.0567435622215271,1084.0609130859375
3891,19.671667098999023,33.61083221435547,0.6649399956476474,1057.00634765625,0.06966984272003174,1057.00634765625
3892,19.875,41.68916702270508,0.6200005769260722,1015.7472534179688,0.09057724475860596,1015.7472534179688
3893,19.75749969482422,41.554168701171875,0.6648778098470461,1003.7045288085938,0.0770542323589325,1003.7045288085938
3894,19.950834274291992,43.45499801635742,0.6666653408636156,1037.7037353515625,0.036225318908691406,1037.7037353515625
3895,19.754167556762695,38.21583557128906,0.6595122228415534,1030.220947265625,0.07511565089225769,1030.220947265625
3896,19.881668090820312,44.704166412353516,0.6594516485227844,1032.3544921875,0.05940943956375122,1032.3544921875
3897,20.087499618530273,45.499168395996094,0.6819699978257944,1043.6580810546875,0.052232563495635986,1043.6580810546875
3898,19.90333366394043,43.99916458129883,0.670529834060402,1026.43701171875,0.0502794086933136,1026.43701171875
3899,19.784168243408203,40.59166717529297,0.663544563854549,1035.8131103515625,0.06720307469367981,1035.8131103515625
3900,20.05500030517578,49.24833297729492,0.6983648134478597,1004.7813720703125,0.07135578989982605,1004.7813720703125
3901,19.72083282470703,45.195831298828125,0.6398155784830399,1049.17041015625,0.03951147198677063,1049.17041015625
3902,19.944168090820312,44.00166702270508,0.6477777827230596,1010.6898803710938,0.049069732427597046,1010.6898803710938
3903,19.664167404174805,40.78416442871094,0.6383664578486986,1025.2625732421875,0.03506821393966675,1025.2625732421875
3904,19.823333740234375,44.486663818359375,0.6379953489386075,1050.6060791015625,0.0460243821144104,1050.6060791015625
3905,19.49416732788086,38.69916915893555,0.6577740378374786,1004.9375610351562,0.08840003609657288,1004.9375610351562
3906,19.671667098999023,41.57583236694336,0.6500575422003504,1051.108154296875,0.04324007034301758,1051.108154296875
3907,19.84000015258789,43.79750061035156,0.6517940067606287,1051.6217041015625,0.04679292440414429,1051.6217041015625
3908,19.76249885559082,42.78333282470703,0.6624706543125691,1026.1497802734375,0.05393815040588379,1026.1497802734375
3909,19.57583236694336,37.75,0.6440190865797111,1069.4520263671875,0.054625093936920166,1069.4520263671875
3910,20.09166717529297,47.58833312988281,0.6189114421130479,1082.3343505859375,0.05601570010185242,1082.3343505859375
3911,19.96500015258789,42.47916793823242,0.6475450839573685,1038.25439453125,0.06447681784629822,1038.25439453125
3912,19.635000228881836,42.66999816894531,0.6424941647791949,1003.5012817382812,0.05792364478111267,1003.5012817382812
3913,19.829999923706055,44.69333267211914,0.6609494639431843,1065.1383056640625,0.04339241981506348,1065.1383056640625
3914,19.74249839782715,44.8650016784668,0.63563282255039,1044.890869140625,0.04329901933670044,1044.890869140625
3915,19.759166717529297,41.07500076293945,0.6367013222776452,1043.5430908203125,0.09553441405296326,1043.5430908203125
3916,19.950834274291992,44.86833190917969,0.664697442883041,1023.6270751953125,0.05292120575904846,1023.6270751953125
3917,19.427499771118164,40.955833435058594,0.6544735948883769,993.7147216796875,0.09888520836830139,993.7147216796875
3918,19.734167098999023,43.56416702270508,0.6887784937785184,1051.3546142578125,0.06374835968017578,1051.3546142578125
3919,20.052499771118164,45.56999969482422,0.6510077562683245,1046.6986083984375,0.06615602970123291,1046.6986083984375
3920,19.782499313354492,42.170833587646484,0.6468030007851451,1016.4244995117188,0.05532914400100708,1016.4244995117188
3921,19.807498931884766,44.65749740600586,0.6937171604307595,1046.153564453125,0.0627601146697998,1046.153564453125
3922,19.70083236694336,40.34250259399414,0.6580219181141675,1048.1868896484375,0.09777379035949707,1048.1868896484375
3923,19.857500076293945,45.02916717529297,0.6268452269946867,988.0977172851562,0.07020795345306396,988.0977172851562
3924,19.725833892822266,45.788333892822266,0.6589532568576668,1018.662841796875,0.04865694046020508,1018.662841796875
3925,19.46500015258789,38.86000061035156,0.6660468142562285,1019.04833984375,0.05166655778884888,1019.04833984375
3926,19.557498931884766,41.29750061035156,0.6752503250447994,1049.9188232421875,0.07123321294784546,1049.9188232421875
3927,19.774168014526367,46.18583297729492,0.6739731411669094,1034.91455078125,0.056966572999954224,1034.91455078125
3928,19.969999313354492,44.211666107177734,0.6204572644216744,1052.036376953125,0.05474761128425598,1052.036376953125
3929,19.911666870117188,45.375,0.6561184572077563,1003.477294921875,0.07726472616195679,1003.477294921875
3930,19.40916633605957,41.61083221435547,0.6369281341452449,1007.6160278320312,0.07181236147880554,1007.6160278320312
3931,19.898332595825195,40.2691650390625,0.6387345712023137,1018.8489990234375,0.0723358690738678,1018.8489990234375
3932,20.094165802001953,42.01000213623047,0.6559202517655751,1041.1939697265625,0.06811901926994324,1041.1939697265625
3933,19.92416763305664,42.63166809082031,0.6781009985873231,1047.0743408203125,0.05346885323524475,1047.0743408203125
3934,19.963333129882812,41.871665954589844,0.6596301144827457,1044.8177490234375,0.07773163914680481,1044.8177490234375
3935,20.38166618347168,44.38500213623047,0.6193870226552821,1086.292724609375,0.07103291153907776,1086.292724609375
3936,19.79749870300293,44.003334045410156,0.661579618047262,1019.4370727539062,0.05126321315765381,1019.4370727539062
3937,19.894166946411133,46.89250183105469,0.6568559996492744,1005.459228515625,0.05174580216407776,1005.459228515625
3938,19.725833892822266,44.78166580200195,0.629758939698569,1003.317138671875,0.05963459610939026,1003.317138671875
3939,20.04166603088379,45.69499969482422,0.6402952775295854,1042.2581787109375,0.051461875438690186,1042.2581787109375
3940,20.22249984741211,38.731666564941406,0.615092890479071,1055.333740234375,0.08461612462997437,1055.333740234375
3941,19.89583396911621,39.63166809082031,0.6290781821812592,1041.3831787109375,0.06569644808769226,1041.3831787109375
3942,19.81999969482422,42.24250030517578,0.6155925494594522,1045.855712890625,0.07407796382904053,1045.855712890625
3943,19.892499923706055,43.538330078125,0.6148084506885264,1025.24267578125,0.06843686103820801,1025.24267578125
3944,19.625,40.426666259765625,0.6393608352209029,1059.9185791015625,0.043628573417663574,1059.9185791015625
3945,19.814998626708984,49.53083419799805,0.6391907343762804,1016.341064453125,0.0610235333442688,1016.341064453125
3946,19.838333129882812,46.68000030517578,0.6329062798449664,1044.606201171875,0.07464218139648438,1044.606201171875
3947,19.363332748413086,41.97500228881836,0.6253119756948535,1030.0872802734375,0.05571967363357544,1030.0872802734375
3948,19.68083381652832,40.64500045776367,0.6481732702421844,1043.365234375,0.08439093828201294,1043.365234375
3949,20.03499984741211,49.459999084472656,0.6569867557805966,1024.728759765625,0.05714026093482971,1024.728759765625
3950,19.434165954589844,43.51333236694336,0.660446440713597,1050.945068359375,0.08249029517173767,1050.945068359375
3951,19.647499084472656,44.727500915527344,0.6468382375241233,992.1104125976562,0.05791229009628296,992.1104125976562
3952,20.016666412353516,46.42916488647461,0.6184967809825541,1035.7713623046875,0.051379382610321045,1035.7713623046875
3953,19.68083381652832,37.13166809082031,0.6624225502005803,1051.3896484375,0.08043608069419861,1051.3896484375
3954,19.55500030517578,41.130836486816406,0.6511424079719719,1030.80419921875,0.07249560952186584,1030.80419921875
3955,19.878334045410156,40.255001068115234,0.6686314285846948,1052.77978515625,0.05644100904464722,1052.77978515625
3956,20.17583465576172,46.29499816894531,0.6574867677650938,1028.80517578125,0.05930072069168091,1028.80517578125
3957,19.329999923706055,37.90250015258789,0.645934209367944,1013.6387939453125,0.06876713037490845,1013.6387939453125
3958,19.434165954589844,42.9466667175293,0.6071376766623782,1040.4166259765625,0.05911514163017273,1040.4166259765625
3959,19.338333129882812,35.394168853759766,0.6217219882882445,1080.295654296875,0.06392037868499756,1080.295654296875
3960,19.69333267211914,48.15833282470703,0.6710015638419939,980.3969116210938,0.0636059045791626,980.3969116210938
3961,19.544166564941406,40.87583541870117,0.6148905894536122,1011.0100708007812,0.0709124505519867,1011.0100708007812
3962,19.68083381652832,41.75583267211914,0.6236459585730205,1030.16064453125,0.05977317690849304,1030.16064453125
3963,20.3174991607666,45.272499084472656,0.6391748127521459,1038.8492431640625,0.05005091428756714,1038.8492431640625
3964,20.109167098999023,48.739166259765625,0.6484433894956095,1024.5306396484375,0.046550601720809937,1024.5306396484375
3965,20.156665802001953,45.29833221435547,0.6619603521732382,1027.7320556640625,0.04696333408355713,1027.7320556640625
3966,19.7549991607666,48.31833267211914,0.6053117389938294,1044.5130615234375,0.05470627546310425,1044.5130615234375
3967,19.170833587646484,37.543331146240234,0.6508689109683217,1012.708984375,0.06148940324783325,1012.708984375
3968,19.932498931884766,45.29916763305664,0.6482285040207663,1021.918701171875,0.06789031624794006,1021.918701171875
3969,20.11333465576172,47.88249969482422,0.6773320844625483,1000.2771606445312,0.058862000703811646,1000.2771606445312
3970,19.578332901000977,42.391666412353516,0.6724470359872201,1026.9066162109375,0.06493538618087769,1026.9066162109375
3971,19.782499313354492,43.229164123535156,0.6180097040395929,1032.6507568359375,0.06992128491401672,1032.6507568359375
3972,19.482500076293945,41.84333419799805,0.6325597008540591,1023.111572265625,0.06573900580406189,1023.111572265625
3973,19.850000381469727,44.70333480834961,0.6264622200487322,1029.2789306640625,0.057271331548690796,1029.2789306640625
3974,19.496667861938477,41.051666259765625,0.6441493515559055,1032.5618896484375,0.06690514087677002,1032.5618896484375
3975,19.79749870300293,44.18916702270508,0.6489591477988866,1027.6751708984375,0.051051944494247437,1027.6751708984375
3976,20.216665267944336,46.61083221435547,0.6775775465354985,1065.740966796875,0.059337466955184937,1065.740966796875
3977,20.1391658782959,41.431663513183594,0.6011307023920476,1070.11083984375,0.06336301565170288,1070.11083984375
3978,19.60249900817871,35.96333312988281,0.6647651592983793,1046.5628662109375,0.04702353477478027,1046.5628662109375
3979,19.809999465942383,45.079166412353516,0.6538496422591338,1027.5341796875,0.057526588439941406,1027.5341796875
3980,19.84749984741211,41.116668701171875,0.6345870665468879,1069.1083984375,0.08094576001167297,1069.1083984375
3981,19.889999389648438,46.426666259765625,0.6518111188911953,1050.680419921875,0.05545687675476074,1050.680419921875
3982,19.70833396911621,39.54499816894531,0.6845514744773153,1070.7059326171875,0.0609128475189209,1070.7059326171875
3983,19.976667404174805,41.291664123535156,0.6494929292270455,1063.79443359375,0.07771807909011841,1063.79443359375
3984,19.461666107177734,43.508331298828125,0.6331562130548675,985.267822265625,0.0527881383895874,985.267822265625
3985,19.753334045410156,44.45333480834961,0.6845555544329962,1035.2969970703125,0.05372178554534912,1035.2969970703125
3986,19.489999771118164,39.641666412353516,0.6626060871529835,1055.677734375,0.08274152874946594,1055.677734375
3987,19.773332595825195,39.46916580200195,0.6843826596303646,1042.9154052734375,0.058689236640930176,1042.9154052734375
3988,19.37583351135254,43.84916687011719,0.6594234953484633,1043.4166259765625,0.06250694394111633,1043.4166259765625
3989,19.545833587646484,44.61083221435547,0.6728940980054388,1047.9031982421875,0.0673297643661499,1047.9031982421875
3990,19.869998931884766,42.81916809082031,0.684669194783614,1043.426025390625,0.04606449604034424,1043.426025390625
3991,19.827499389648438,47.893333435058594,0.6582210541111244,1017.109619140625,0.07216018438339233,1017.109619140625
3992,19.84583282470703,45.89583206176758,0.6525599884961049,1012.22998046875,0.05414023995399475,1012.22998046875
3993,20.28499984741211,41.79500198364258,0.6276428570139956,1069.625,0.06662631034851074,1069.625
3994,19.65250015258789,39.66166687011719,0.6346751504678794,1031.638916015625,0.0847507119178772,1031.638916015625
3995,19.83249855041504,45.53499984741211,0.6723438227704193,1005.1806030273438,0.06148207187652588,1005.1806030273438
3996,19.57666778564453,44.38166809082031,0.6532564347303695,1038.4873046875,0.04889830946922302,1038.4873046875
3997,19.62583351135254,40.89666748046875,0.6510345418243997,1013.4676513671875,0.09181952476501465,1013.4676513671875
3998,19.859167098999023,42.336666107177734,0.6257965918451401,1029.527099609375,0.0530015230178833,1029.527099609375
3999,19.940834045410156,43.744998931884766,0.6571211774023996,1012.20947265625,0.06698539853096008,1012.20947265625
4000,20.001667022705078,47.54249954223633,0.6601130195070252,1050.7294921875,0.06942659616470337,1050.7294921875
4001,19.920833587646484,46.89666748046875,0.6503423925463974,1040.514404296875,0.06020843982696533,1040.514404296875
4002,20.294166564941406,44.65749740600586,0.631142160788783,1028.5140380859375,0.07328298687934875,1028.5140380859375
4003,20.08416748046875,45.17250061035156,0.6399956108440817,1016.3175659179688,0.07343935966491699,1016.3175659179688
4004,19.80500030517578,42.234169006347656,0.6355069515541995,1023.2022705078125,0.053949832916259766,1023.2022705078125
4005,19.719167709350586,45.27833557128906,0.6677064930312778,1057.0767822265625,0.05932074785232544,1057.0767822265625
4006,19.5674991607666,46.39666748046875,0.646338686636456,1039.244384765625,0.05853363871574402,1039.244384765625
4007,19.724998474121094,42.77166748046875,0.6316262981326652,1038.2373046875,0.04735437035560608,1038.2373046875
4008,19.904998779296875,44.09583282470703,0.6542760592952805,1028.387939453125,0.05627995729446411,1028.387939453125
4009,20.082500457763672,44.576663970947266,0.6421796899421602,993.8623657226562,0.059871673583984375,993.8623657226562
4010,20.288333892822266,48.057498931884766,0.6463052305050296,1066.623046875,0.059721291065216064,1066.623046875
4011,19.662498474121094,41.897499084472656,0.6449576581510459,1037.789306640625,0.051757752895355225,1037.789306640625
4012,19.925832748413086,41.40749740600586,0.628204579490055,1052.118408203125,0.050890326499938965,1052.118408203125
4013,20.230833053588867,49.92416763305664,0.6359512180820567,1033.38916015625,0.045064061880111694,1033.38916015625
4014,20.253334045410156,48.84749984741211,0.6623292169292812,1012.84765625,0.05598065257072449,1012.84765625
4015,19.542499542236328,44.14666748046875,0.6409394538281525,1033.7772216796875,0.05966228246688843,1033.7772216796875
4016,19.650833129882812,44.55833435058594,0.6654168400545173,1075.7930908203125,0.06559258699417114,1075.7930908203125
4017,19.594167709350586,39.23833465576172,0.6343890531479671,1028.53759765625,0.06346070766448975,1028.53759765625
4018,19.35416603088379,37.587501525878906,0.6403923234947804,1054.130615234375,0.06308096647262573,1054.130615234375
4019,19.87416648864746,45.0816650390625,0.6536252927091253,1043.5042724609375,0.046720266342163086,1043.5042724609375
4020,19.39666748046875,39.09666442871094,0.6237597046831317,1031.21337890625,0.07163611054420471,1031.21337890625
4021,19.65416717529297,42.61750030517578,0.6433179320857774,1036.927490234375,0.06992921233177185,1036.927490234375
4022,19.898332595825195,45.225830078125,0.676569120212609,1030.592529296875,0.060945361852645874,1030.592529296875
4023,19.99416732788086,41.149166107177734,0.6511376910985694,1051.277587890625,0.06675159931182861,1051.277587890625
4024,20.13749885559082,49.78583526611328,0.68172878134865,1045.2376708984375,0.05689463019371033,1045.2376708984375
4025,19.932498931884766,45.150001525878906,0.6369981315785533,1080.738037109375,0.07381027936935425,1080.738037109375
4026,19.99916648864746,41.87333297729492,0.6292956945894341,1044.2509765625,0.07681170105934143,1044.2509765625
4027,19.696666717529297,44.154998779296875,0.6507830518352359,1046.1822509765625,0.07225209474563599,1046.1822509765625
4028,19.929166793823242,43.768333435058594,0.6270978582958951,1074.513671875,0.061135560274124146,1074.513671875
4029,19.627498626708984,39.57416534423828,0.591958692902407,1035.885986328125,0.07181715965270996,1035.885986328125
4030,19.991666793823242,45.61166763305664,0.6271381749167777,1040.324462890625,0.05110248923301697,1040.324462890625
4031,20.212499618530273,48.11666488647461,0.609983935667954,1020.408935546875,0.054720401763916016,1020.408935546875
4032,19.77166748046875,44.70000076293945,0.6380536016305327,1037.7327880859375,0.07952144742012024,1037.7327880859375
4033,19.967498779296875,38.7841682434082,0.6441715759741159,1044.982421875,0.07990026473999023,1044.982421875
4034,19.892499923706055,43.44416427612305,0.6327325232088603,1026.3878173828125,0.043760716915130615,1026.3878173828125
4035,20.037500381469727,49.49916458129883,0.6460749345737191,1011.2820434570312,0.07123446464538574,1011.2820434570312
4036,20.00083351135254,44.65583419799805,0.6332444002549149,1024.5087890625,0.06132221221923828,1024.5087890625
4037,19.774168014526367,41.473331451416016,0.6314933571845227,1019.2874755859375,0.07833266258239746,1019.2874755859375
4038,19.939998626708984,42.788333892822266,0.6154067750722539,1047.2823486328125,0.060699909925460815,1047.2823486328125
4039,19.974166870117188,43.7308349609375,0.6280842320923062,1024.392822265625,0.08202135562896729,1024.392822265625
4040,20.264999389648438,49.268333435058594,0.6424114881445908,1026.3463134765625,0.06463643908500671,1026.3463134765625
4041,19.280000686645508,41.356666564941406,0.6318845675495661,983.94140625,0.0880817174911499,983.94140625
4042,19.801668167114258,39.25,0.6220000477017087,1052.3826904296875,0.06428360939025879,1052.3826904296875
4043,20.065834045410156,49.58333206176758,0.6341087626378542,1038.978271484375,0.04573863744735718,1038.978271484375
4044,19.86916732788086,35.07833480834961,0.6200464135141164,1077.988525390625,0.05768638849258423,1077.988525390625
4045,19.968334197998047,42.28166580200195,0.6280051288989612,1075.094970703125,0.071624755859375,1075.094970703125
4046,20.042499542236328,39.1974983215332,0.6045037734231868,1053.2293701171875,0.09025794267654419,1053.2293701171875
4047,20.03499984741211,41.08833312988281,0.6216889236401324,1070.287841796875,0.051177382469177246,1070.287841796875
4048,19.814167022705078,39.03083038330078,0.6122858349259075,1046.5301513671875,0.0593646764755249,1046.5301513671875
4049,19.82666778564453,43.415000915527344,0.6579545861050153,1036.226318359375,0.06469786167144775,1036.226318359375
4050,19.79916763305664,46.84916687011719,0.6130616640305158,1064.1065673828125,0.07415404915809631,1064.1065673828125
4051,19.827499389648438,47.02750015258789,0.6106275803181883,1057.130859375,0.0683833658695221,1057.130859375
4052,20.127500534057617,46.59250259399414,0.664039306117409,1036.6427001953125,0.056936413049697876,1036.6427001953125
4053,19.577499389648438,43.27083206176758,0.6585217130482315,1029.9080810546875,0.053982436656951904,1029.9080810546875
4054,20.226665496826172,46.90416717529297,0.6295905383189483,1050.428955078125,0.06398344039916992,1050.428955078125
4055,19.70749855041504,44.53249740600586,0.6896122602778324,993.4801635742188,0.05766907334327698,993.4801635742188
4056,19.843334197998047,42.279998779296875,0.6324256147559837,1046.1470947265625,0.07876676321029663,1046.1470947265625
4057,19.78333282470703,45.29666519165039,0.6571665408489691,1053.2425537109375,0.049225687980651855,1053.2425537109375
4058,20.196666717529297,46.72416687011719,0.6103745806612078,999.6566772460938,0.06169545650482178,999.6566772460938
4059,19.79916763305664,42.88333511352539,0.6201201669660157,1056.313720703125,0.049591392278671265,1056.313720703125
4060,19.955833435058594,44.059165954589844,0.621007698478268,1029.941162109375,0.04701283574104309,1029.941162109375
4061,19.373332977294922,42.04083251953125,0.6193621471597501,1060.103271484375,0.08328279852867126,1060.103271484375
4062,19.413331985473633,42.23749923706055,0.6382604950129961,1035.3638916015625,0.07730633020401001,1035.3638916015625
4063,19.810832977294922,44.621665954589844,0.6553772723053333,1021.473388671875,0.05258047580718994,1021.473388671875
4064,19.5625,40.85749816894531,0.6261610876698951,1041.3128662109375,0.06702566146850586,1041.3128662109375
4065,19.939167022705078,45.500831604003906,0.6764631227637244,1004.8358154296875,0.054975301027297974,1004.8358154296875
4066,19.909168243408203,47.43916702270508,0.6107458205494098,1049.1400146484375,0.05421590805053711,1049.1400146484375
4067,19.217500686645508,40.41166687011719,0.6510213056322397,990.33203125,0.06121206283569336,990.33203125
4068,19.463333129882812,41.45916748046875,0.640778234672261,1063.3602294921875,0.07194644212722778,1063.3602294921875
4069,19.983333587646484,45.61833572387695,0.6337550404825536,1056.7022705078125,0.0740099549293518,1056.7022705078125
4070,19.581666946411133,45.38166427612305,0.660124812879613,1002.1936645507812,0.060290753841400146,1002.1936645507812
4071,19.744998931884766,47.0724983215332,0.6818529309999053,1008.6368408203125,0.05854159593582153,1008.6368408203125
4072,19.384166717529297,44.505001068115234,0.6325970929145371,1014.1456298828125,0.04144519567489624,1014.1456298828125
4073,19.97749900817871,45.43000030517578,0.639466382552533,1022.74658203125,0.06246080994606018,1022.74658203125
4074,20.030834197998047,45.05500030517578,0.6472657283639102,1024.885498046875,0.064642995595932,1024.885498046875
4075,19.740833282470703,40.244998931884766,0.6316259404997531,1006.6681518554688,0.05732506513595581,1006.6681518554688
4076,19.878334045410156,42.440834045410156,0.6850038309320339,1041.10107421875,0.056035250425338745,1041.10107421875
4077,19.891666412353516,39.59583282470703,0.636830023829844,1047.5926513671875,0.0575944185256958,1047.5926513671875
4078,19.710832595825195,40.89833068847656,0.6311966138098619,1054.6162109375,0.058690011501312256,1054.6162109375
4079,19.28583335876465,40.711669921875,0.6596104806608262,984.6751708984375,0.0626787543296814,984.6751708984375
4080,19.766666412353516,42.461666107177734,0.6410145381299556,1040.37353515625,0.0418892502784729,1040.37353515625
4081,19.674999237060547,41.0966682434082,0.6298495373144197,1064.302734375,0.07608821988105774,1064.302734375
4082,19.745832443237305,42.606666564941406,0.6125508074980126,1037.2265625,0.050792396068573,1037.2265625
4083,20.064167022705078,47.51416778564453,0.654960020201647,1024.96728515625,0.06635844707489014,1024.96728515625
4084,19.440000534057617,33.25749969482422,0.633996234530011,1043.8187255859375,0.07372593879699707,1043.8187255859375
4085,19.869998931884766,43.74250030517578,0.6622930339014954,1008.7391967773438,0.04919993877410889,1008.7391967773438
4086,20.16666603088379,49.849998474121094,0.6583189628381687,1053.2177734375,0.056210339069366455,1053.2177734375
4087,19.662498474121094,43.0433349609375,0.6657583034196712,1025.9169921875,0.054435014724731445,1025.9169921875
4088,19.45916748046875,43.63666915893555,0.6352167008637388,1005.8564453125,0.0772840678691864,1005.8564453125
4089,18.99916648864746,40.04083251953125,0.6304539272973619,996.4642944335938,0.09842929244041443,996.4642944335938
4090,20.032499313354492,43.21916580200195,0.645468545974407,1017.725830078125,0.06834399700164795,1017.725830078125
4091,19.713333129882812,42.28666687011719,0.6520057992667825,1074.6978759765625,0.0846402645111084,1074.6978759765625
4092,19.932498931884766,44.397499084472656,0.669731923643472,1019.0252075195312,0.051054447889328,1019.0252075195312
4093,19.512500762939453,43.84583282470703,0.6227119112827592,1013.609619140625,0.04710513353347778,1013.609619140625
4094,19.453332901000977,37.5191650390625,0.6766384146867309,1062.02734375,0.07566884160041809,1062.02734375
4095,19.333332061767578,40.57749938964844,0.6628344660407969,1053.638916015625,0.06722056865692139,1053.638916015625
4096,19.60333251953125,38.73749923706055,0.6225987774650814,1081.8480224609375,0.06303125619888306,1081.8480224609375
4097,19.537500381469727,41.769168853759766,0.6345724891727864,1016.6363525390625,0.04220002889633179,1016.6363525390625
4098,19.885000228881836,45.77166748046875,0.6913185361340104,1044.128662109375,0.06030866503715515,1044.128662109375
4099,19.78499984741211,45.24833297729492,0.6359857982140967,1034.656982421875,0.05360448360443115,1034.656982421875
4100,19.42500114440918,39.17166519165039,0.636629171427957,1034.2197265625,0.05135542154312134,1034.2197265625
4101,19.635833740234375,43.621665954589844,0.6423366304694995,1039.0125732421875,0.06334707140922546,1039.0125732421875
4102,19.510833740234375,37.772499084472656,0.6496651807724416,1048.6046142578125,0.05546027421951294,1048.6046142578125
4103,19.76249885559082,41.315834045410156,0.6270954254565702,1044.61572265625,0.07156801223754883,1044.61572265625
4104,19.454999923706055,46.52750015258789,0.6818052155251166,1011.5550537109375,0.0516740083694458,1011.5550537109375
4105,19.594999313354492,42.57833480834961,0.6814752596948048,990.53466796875,0.04135066270828247,990.53466796875
4106,19.579166412353516,43.961669921875,0.6389899862548511,1020.9110717773438,0.0518612265586853,1020.9110717773438
4107,19.72249984741211,40.76583480834961,0.6395631796155083,1017.9183959960938,0.05091041326522827,1017.9183959960938
4108,19.84000015258789,46.09250259399414,0.629111512939749,1034.2379150390625,0.06633901596069336,1034.2379150390625
4109,22.414167404174805,41.852500915527344,0.6467438618946748,1072.1827392578125,0.04857975244522095,1072.1827392578125
4110,19.207500457763672,46.369163513183594,0.6484015123962277,1010.1512451171875,0.04704844951629639,1010.1512451171875
4111,19.525833129882812,37.50749969482422,0.6151694138460755,1078.4049072265625,0.07741862535476685,1078.4049072265625
4112,19.814998626708984,43.67916488647461,0.6728264795671226,1046.368408203125,0.056782424449920654,1046.368408203125
4113,19.81833267211914,40.76250076293945,0.6819212213012871,1031.64453125,0.052913933992385864,1031.64453125
4114,20.022499084472656,45.57250213623047,0.6628048227871248,997.1040649414062,0.06324219703674316,997.1040649414062
4115,19.918333053588867,42.43000030517578,0.624678620361434,1017.1832275390625,0.06323716044425964,1017.1832275390625
4116,19.574167251586914,35.93333435058594,0.6233166700060193,1021.0428466796875,0.05866450071334839,1021.0428466796875
4117,19.914167404174805,41.455833435058594,0.6259722649017829,987.9072875976562,0.07650008797645569,987.9072875976562
4118,19.796667098999023,45.22083282470703,0.655754578666661,1011.4397583007812,0.059736818075180054,1011.4397583007812
4119,19.948333740234375,46.73749923706055,0.6794496154942851,1029.52490234375,0.04162585735321045,1029.52490234375
4120,19.241666793823242,42.38249969482422,0.6195542122547425,1005.1567993164062,0.06348255276679993,1005.1567993164062
4121,19.470001220703125,42.11166763305664,0.6597582427983808,1004.178955078125,0.06562134623527527,1004.178955078125
4122,19.604999542236328,41.525001525878906,0.6278083657084281,1021.3888549804688,0.055521488189697266,1021.3888549804688
4123,19.808332443237305,40.53583526611328,0.6662767631300575,1077.677001953125,0.051968395709991455,1077.677001953125
4124,20.03499984741211,44.27583312988281,0.6249092459152039,1086.954345703125,0.059282004833221436,1086.954345703125
4125,20.149999618530273,47.0099983215332,0.6342472398302237,1011.4830932617188,0.04973405599594116,1011.4830932617188
4126,19.84166717529297,37.295833587646484,0.6353438187841158,1046.627197265625,0.09382402896881104,1046.627197265625
4127,19.468332290649414,41.17250061035156,0.6756974751387735,1018.7540283203125,0.06401380896568298,1018.7540283203125
4128,20.263334274291992,50.15416717529297,0.6445016954667561,1022.1030883789062,0.06141984462738037,1022.1030883789062
4129,19.77750015258789,39.82999801635742,0.6206213880663167,1057.400634765625,0.0763842761516571,1057.400634765625
4130,20.2016658782959,45.51166534423828,0.6518625705879855,1008.7535400390625,0.050219446420669556,1008.7535400390625
4131,19.93083381652832,46.45499801635742,0.6605714601284557,1010.2929077148438,0.04538160562515259,1010.2929077148438
4132,19.66083335876465,41.89666748046875,0.6464055423859199,1052.358154296875,0.045616745948791504,1052.358154296875
4133,19.765832901000977,42.05666732788086,0.6747824570440656,1002.6138305664062,0.053007274866104126,1002.6138305664062
4134,19.310832977294922,44.82749938964844,0.6672703105013371,968.2461547851562,0.04865187406539917,968.2461547851562
4135,19.52833366394043,42.022499084472656,0.624780854288845,1004.105224609375,0.055232107639312744,1004.105224609375
4136,19.545833587646484,40.84000015258789,0.6832466218084834,989.3355712890625,0.051373183727264404,989.3355712890625
4137,19.554166793823242,40.206668853759766,0.6498460933081506,997.2769165039062,0.04946225881576538,997.2769165039062
4138,19.24916648864746,37.12416458129883,0.6503745079558652,1036.4410400390625,0.0751960277557373,1036.4410400390625
4139,19.310001373291016,43.65083312988281,0.6771266802480271,1020.194580078125,0.05457198619842529,1020.194580078125
4140,19.855833053588867,44.736663818359375,0.6570602193227449,1030.2525634765625,0.041804105043411255,1030.2525634765625
4141,19.780834197998047,42.08333206176758,0.6746651060417089,984.9097900390625,0.05893787741661072,984.9097900390625
4142,19.8799991607666,45.20750045776367,0.6460324118778923,1066.50146484375,0.06634816527366638,1066.50146484375
4143,19.50583267211914,42.89250183105469,0.6831288085032622,1000.906494140625,0.0590457022190094,1000.906494140625
4144,19.41666603088379,42.320831298828125,0.6444596798760587,998.2332763671875,0.04492560029029846,998.2332763671875
4145,19.606666564941406,46.454166412353516,0.6827873242711325,1030.514404296875,0.03439861536026001,1030.514404296875
4146,19.489166259765625,42.72249984741211,0.6524826538899049,1016.89501953125,0.04584389925003052,1016.89501953125
4147,19.614166259765625,36.36083221435547,0.6291992221813016,1063.73681640625,0.08260196447372437,1063.73681640625
4148,19.625,45.470001220703125,0.6392866154611754,1035.6575927734375,0.07264214754104614,1035.6575927734375
4149,19.065834045410156,40.95249938964844,0.6235788270350807,1047.437744140625,0.05529433488845825,1047.437744140625
4150,19.72083282470703,45.44333267211914,0.6573965189091125,1041.0484619140625,0.05435669422149658,1041.0484619140625
4151,19.89499855041504,51.76666259765625,0.6388874196861494,1037.155517578125,0.05056500434875488,1037.155517578125
4152,19.737499237060547,37.671669006347656,0.6214846528424067,1059.28662109375,0.07252180576324463,1059.28662109375
4153,19.71666717529297,39.79249954223633,0.6375480247717433,1032.200927734375,0.06257927417755127,1032.200927734375
4154,19.33500099182129,43.878334045410156,0.6426533387172921,977.0511474609375,0.051123350858688354,977.0511474609375
4155,19.210832595825195,39.1875,0.6581176070177537,1064.123779296875,0.07801550626754761,1064.123779296875
4156,19.16583251953125,46.38999938964844,0.6613722723126624,1020.9200439453125,0.05587291717529297,1020.9200439453125
4157,19.559167861938477,42.46500015258789,0.6706080154965055,997.6743774414062,0.04688680171966553,997.6743774414062
4158,19.18833351135254,37.733333587646484,0.6679683833882062,1033.20703125,0.0719764232635498,1033.20703125
4159,19.552499771118164,42.68083190917969,0.6421867484581503,988.1109619140625,0.04681366682052612,988.1109619140625
4160,19.29166603088379,39.350833892822266,0.6481577251754391,1031.6060791015625,0.04437851905822754,1031.6060791015625
4161,19.417499542236328,40.823333740234375,0.6878959271351284,1053.95751953125,0.03827160596847534,1053.95751953125
4162,19.442501068115234,43.21666717529297,0.6319670400360989,993.49462890625,0.04879570007324219,993.49462890625
4163,19.6924991607666,42.14250183105469,0.6179361471984093,1049.41064453125,0.061514079570770264,1049.41064453125
4164,19.55500030517578,48.375831604003906,0.6694134341206075,997.8302001953125,0.05017772316932678,997.8302001953125
4165,19.56833267211914,47.3316650390625,0.6514952705946899,996.705322265625,0.040353626012802124,996.705322265625
4166,19.344167709350586,40.5099983215332,0.6403615909438558,1042.6412353515625,0.04044705629348755,1042.6412353515625
4167,19.337501525878906,38.44166564941406,0.6539839682035848,1026.8992919921875,0.045195162296295166,1026.8992919921875
4168,19.738332748413086,43.67250061035156,0.6577840671752786,1002.1398315429688,0.058144599199295044,1002.1398315429688
4169,19.795833587646484,52.3458366394043,0.6501983704948324,1007.4521484375,0.057967692613601685,1007.4521484375
4170,19.37416648864746,45.63666534423828,0.6570866374961704,966.4279174804688,0.05374932289123535,966.4279174804688
4171,19.418333053588867,41.80583190917969,0.6284213075599132,1035.6734619140625,0.05847629904747009,1035.6734619140625
4172,19.509166717529297,42.26416778564453,0.6484913724024799,1021.7285766601562,0.054374098777770996,1021.7285766601562
4173,19.524166107177734,40.108333587646484,0.6540536802131807,1044.1671142578125,0.04802656173706055,1044.1671142578125
4174,19.37583351135254,39.94750213623047,0.6727730854210717,1013.6511840820312,0.0937184989452362,1013.6511840820312
4175,19.54833221435547,40.68916702270508,0.6551626305983033,1042.8770751953125,0.06210428476333618,1042.8770751953125
4176,19.671667098999023,42.619998931884766,0.6708087585162033,1060.031982421875,0.050320833921432495,1060.031982421875
4177,19.373332977294922,40.51416778564453,0.6159072427317233,1079.306884765625,0.050129234790802,1079.306884765625
4178,19.614999771118164,45.43499755859375,0.6725043448585122,1019.2083740234375,0.048376619815826416,1019.2083740234375
4179,19.663333892822266,44.31749725341797,0.6407489460203337,1015.4317626953125,0.058389872312545776,1015.4317626953125
4180,19.950834274291992,41.739166259765625,0.6332363511139132,1021.4811401367188,0.07365086674690247,1021.4811401367188
4181,19.02833366394043,36.89666748046875,0.6670885043190401,1028.863525390625,0.048555076122283936,1028.863525390625
4182,19.929166793823242,44.69583511352539,0.6693669899235921,1034.9010009765625,0.053407132625579834,1034.9010009765625
4183,19.517499923706055,46.350833892822266,0.6638465401423925,991.32666015625,0.06086650490760803,991.32666015625
4184,19.68833351135254,39.334999084472656,0.6412277980421485,1019.0220336914062,0.0503503680229187,1019.0220336914062
4185,19.524999618530273,38.3658332824707,0.6352166266890898,999.3311767578125,0.052841365337371826,999.3311767578125
4186,19.162500381469727,35.486663818359375,0.6535339724480029,1054.7132568359375,0.060734450817108154,1054.7132568359375
4187,19.551666259765625,44.35416793823242,0.6441087418101069,1001.9951171875,0.05011051893234253,1001.9951171875
4188,19.19333267211914,43.02333450317383,0.6488320550745735,1073.577880859375,0.05785670876502991,1073.577880859375
4189,19.545000076293945,40.85416793823242,0.6559075222535767,1009.333251953125,0.04490625858306885,1009.333251953125
4190,19.06166648864746,41.29833221435547,0.657598616722118,989.73876953125,0.07708525657653809,989.73876953125
4191,19.47833251953125,39.52083206176758,0.6511874085257696,1056.8736572265625,0.0735715925693512,1056.8736572265625
4192,19.989999771118164,45.59916687011719,0.6135056451473863,1058.676513671875,0.06319168210029602,1058.676513671875
4193,19.514999389648438,44.092498779296875,0.6723750830337685,1025.2930908203125,0.058142274618148804,1025.2930908203125
4194,19.258333206176758,40.84749984741211,0.6310221301975311,1042.4932861328125,0.05822932720184326,1042.4932861328125
4195,19.774999618530273,46.977500915527344,0.6741786914387816,989.25830078125,0.05501088500022888,989.25830078125
4196,18.981666564941406,42.22833251953125,0.6526977104932881,1030.1304931640625,0.05715680122375488,1030.1304931640625
4197,19.56833267211914,44.894168853759766,0.6694225571097134,997.7518920898438,0.05186542868614197,997.7518920898438
4198,19.68083381652832,44.27666473388672,0.6786010110438792,1042.7620849609375,0.05300167202949524,1042.7620849609375
4199,19.42333221435547,41.266666412353516,0.6809678806826496,990.0065307617188,0.0465087890625,990.0065307617188
4200,19.0575008392334,37.24833297729492,0.6219672606446565,1004.7001953125,0.06270229816436768,1004.7001953125
4201,19.15916633605957,40.565834045410156,0.6611122634440278,1016.1732177734375,0.06739425659179688,1016.1732177734375
4202,19.644166946411133,39.794166564941406,0.6571900467436472,1072.4871826171875,0.056365370750427246,1072.4871826171875
4203,19.36083221435547,44.33250045776367,0.6406413161043474,1005.2782592773438,0.05575636029243469,1005.2782592773438
4204,19.6299991607666,43.35750198364258,0.6691402988618164,1031.4306640625,0.05891144275665283,1031.4306640625
4205,19.584999084472656,46.26333236694336,0.6382537208440376,1079.82275390625,0.06108000874519348,1079.82275390625
4206,19.363332748413086,42.934165954589844,0.6569139229348386,988.8202514648438,0.05357760190963745,988.8202514648438
4207,19.365001678466797,37.09583282470703,0.6326477311664904,1052.207275390625,0.06896832585334778,1052.207275390625
4208,19.627498626708984,44.57416534423828,0.6673486181566404,1013.1062622070312,0.05213773250579834,1013.1062622070312
4209,19.420833587646484,39.852500915527344,0.6330445832881282,1030.258544921875,0.04099249839782715,1030.258544921875
4210,19.810832977294922,40.50083541870117,0.6883767543011441,1061.2821044921875,0.06628227233886719,1061.2821044921875
4211,19.7549991607666,39.74333572387695,0.6561107998470792,1033.5126953125,0.07101941108703613,1033.5126953125
4212,19.772499084472656,45.11166763305664,0.668991519081458,1018.4666748046875,0.04918360710144043,1018.4666748046875
4213,20.013334274291992,43.45499801635742,0.6416151782702474,1003.21875,0.057084888219833374,1003.21875
4214,19.9858341217041,40.139163970947266,0.6319836261329275,1021.92626953125,0.06375423073768616,1021.92626953125
4215,19.934999465942383,42.44999694824219,0.6320421687932114,991.2636108398438,0.048599064350128174,991.2636108398438
4216,19.399166107177734,46.47666931152344,0.6782519671562767,974.9942016601562,0.06669995188713074,974.9942016601562
4217,19.751667022705078,47.20000076293945,0.6764866512537195,977.2328491210938,0.05953723192214966,977.2328491210938
4218,19.766666412353516,37.8558349609375,0.6404450859552441,1029.2930908203125,0.04134416580200195,1029.2930908203125
4219,19.458332061767578,37.372501373291016,0.6417846866813788,1003.5975341796875,0.05922335386276245,1003.5975341796875
4220,19.698333740234375,38.49333190917969,0.6737212817240352,1074.153564453125,0.06522500514984131,1074.153564453125
4221,20.00083351135254,47.079166412353516,0.6646101548155039,1035.2005615234375,0.0581355094909668,1035.2005615234375
4222,19.677499771118164,44.72083282470703,0.6744739637532208,1005.8916625976562,0.039195507764816284,1005.8916625976562
4223,20.181665420532227,45.079166412353516,0.6813778640579276,1041.3709716796875,0.052651435136795044,1041.3709716796875
4224,19.932498931884766,44.141666412353516,0.6602550903313118,1062.3284912109375,0.059284359216690063,1062.3284912109375
4225,19.88249969482422,45.52000045776367,0.6362179771264715,1007.9591674804688,0.05501508712768555,1007.9591674804688
4226,19.84749984741211,47.42916488647461,0.665442008868439,1011.07861328125,0.05441930890083313,1011.07861328125
4227,19.517499923706055,38.17416763305664,0.6589001030124916,1062.151611328125,0.052450716495513916,1062.151611328125
4228,18.729999542236328,38.56500244140625,0.650504206457734,987.5322265625,0.06892722845077515,987.5322265625
4229,19.16583251953125,42.38083267211914,0.6123663594448715,1021.8233032226562,0.06249621510505676,1021.8233032226562
4230,19.364166259765625,40.96333312988281,0.6539558922999943,979.0359497070312,0.07012560963630676,979.0359497070312
4231,19.54083251953125,40.704166412353516,0.6595617739721924,1072.7489013671875,0.04303032159805298,1072.7489013671875
4232,19.885833740234375,42.70166778564453,0.6538361877189589,1046.0831298828125,0.05893129110336304,1046.0831298828125
4233,19.765832901000977,44.22666549682617,0.6325858674434062,1025.528564453125,0.06605148315429688,1025.528564453125
4234,19.58333396911621,39.7933349609375,0.6952848844845714,1027.0301513671875,0.07179653644561768,1027.0301513671875
4235,19.60333251953125,43.88750076293945,0.6593670419366944,1014.4200439453125,0.045037299394607544,1014.4200439453125
4236,19.52833366394043,44.554168701171875,0.6400308990551877,1046.093017578125,0.06798037886619568,1046.093017578125
4237,19.262500762939453,41.69000244140625,0.6346086484204156,988.4140014648438,0.048168957233428955,988.4140014648438
4238,19.582500457763672,40.809165954589844,0.6462045971837693,1025.0220947265625,0.09462347626686096,1025.0220947265625
4239,19.441667556762695,43.15666580200195,0.6444446097996439,1010.6640014648438,0.045682817697525024,1010.6640014648438
4240,19.656667709350586,47.06416702270508,0.653000799889011,1042.19677734375,0.06001576781272888,1042.19677734375
4241,19.544166564941406,41.496665954589844,0.6462462932289624,1037.2850341796875,0.05245673656463623,1037.2850341796875
4242,20.107500076293945,49.40583419799805,0.6677184610254047,1048.38623046875,0.04706883430480957,1048.38623046875
4243,19.835832595825195,43.72249984741211,0.6371954669435775,1072.16943359375,0.043530404567718506,1072.16943359375
4244,19.68666648864746,41.663333892822266,0.6403541436339119,1053.7667236328125,0.04170334339141846,1053.7667236328125
4245,19.987499237060547,45.28666687011719,0.6860130126973839,1023.935546875,0.048017412424087524,1023.935546875
4246,19.87583351135254,44.51416778564453,0.6873495487248629,1012.3740234375,0.05314698815345764,1012.3740234375
4247,19.43000030517578,44.502498626708984,0.6676507179223172,983.662109375,0.05880618095397949,983.662109375
4248,19.862499237060547,49.38666534423828,0.6407243616810419,1016.0328979492188,0.06371256709098816,1016.0328979492188
4249,20.064167022705078,46.081668853759766,0.6679340766994083,1006.7015380859375,0.048997461795806885,1006.7015380859375
4250,19.64666748046875,41.255836486816406,0.6498178629874775,1013.713134765625,0.06146872043609619,1013.713134765625
4251,19.960832595825195,45.93833541870117,0.673297525809996,1030.467041015625,0.049514591693878174,1030.467041015625
4252,19.753334045410156,42.34166717529297,0.6454539561359991,1023.9259643554688,0.05259591341018677,1023.9259643554688
4253,20.073333740234375,45.72916793823242,0.6201778450297114,1008.6349487304688,0.049923717975616455,1008.6349487304688
4254,19.796667098999023,39.43000030517578,0.609251317969318,1032.40087890625,0.04584300518035889,1032.40087890625
4255,19.58333396911621,44.74500274658203,0.6231891932885048,1032.9266357421875,0.06341060996055603,1032.9266357421875
4256,20.02166748046875,44.360836029052734,0.6179742073623601,1029.746337890625,0.05643188953399658,1029.746337890625
4257,19.864168167114258,41.880001068115234,0.644902663686279,1041.3531494140625,0.04893994331359863,1041.3531494140625
4258,19.512500762939453,35.092498779296875,0.622138520407508,1015.7291870117188,0.06670844554901123,1015.7291870117188
4259,19.679166793823242,41.78083419799805,0.6458735134165613,1037.01806640625,0.05401510000228882,1037.01806640625
4260,19.547500610351562,46.24916458129883,0.6624304526812995,1028.795654296875,0.05813455581665039,1028.795654296875
4261,20.053333282470703,45.5716667175293,0.6350869263285155,1011.299560546875,0.05955040454864502,1011.299560546875
4262,19.899168014526367,48.13166427612305,0.6673136870955276,1013.3837280273438,0.05790546536445618,1013.3837280273438
4263,20.018333435058594,45.95916748046875,0.6652363940572685,1068.854248046875,0.050879210233688354,1068.854248046875
4264,19.864168167114258,48.99166488647461,0.6869828013783523,1022.6128540039062,0.05197232961654663,1022.6128540039062
4265,19.657499313354492,45.1341667175293,0.6531898100093911,1026.4801025390625,0.05933496356010437,1026.4801025390625
4266,19.712499618530273,44.861663818359375,0.6404992902092508,1032.5457763671875,0.04820927977561951,1032.5457763671875
4267,19.57666778564453,41.829166412353516,0.6524821640543407,1027.9720458984375,0.05366376042366028,1027.9720458984375
4268,19.85999870300293,43.60916519165039,0.6516151988524446,1003.1533813476562,0.06671467423439026,1003.1533813476562
4269,19.761667251586914,41.3224983215332,0.6346720960991357,1015.781982421875,0.05532193183898926,1015.781982421875
4270,20.03999900817871,46.62416458129883,0.6618798426401167,1051.1004638671875,0.047150224447250366,1051.1004638671875
4271,19.9375,43.68000030517578,0.6487402097141504,1015.1293334960938,0.05014127492904663,1015.1293334960938
4272,19.953332901000977,45.49833297729492,0.645290953955135,1025.30322265625,0.06829768419265747,1025.30322265625
4273,19.800832748413086,44.133331298828125,0.6462859410825045,1022.4602661132812,0.04780784249305725,1022.4602661132812
4274,19.588333129882812,44.46916580200195,0.6568822441958257,1011.0916748046875,0.07003116607666016,1011.0916748046875
4275,19.746667861938477,40.94583511352539,0.6600296654342672,1042.34423828125,0.06425058841705322,1042.34423828125
4276,19.453332901000977,43.94583511352539,0.6520090662701099,1048.2464599609375,0.07136976718902588,1048.2464599609375
4277,19.809999465942383,43.05583190917969,0.6653157512479592,1077.4287109375,0.047021716833114624,1077.4287109375
4278,19.884166717529297,49.54750061035156,0.646221251945651,1028.80712890625,0.04298928380012512,1028.80712890625
4279,19.224166870117188,37.59749984741211,0.643866038711529,1023.2017211914062,0.0542140007019043,1023.2017211914062
4280,19.808332443237305,43.94333267211914,0.6557750699419654,1017.8898315429688,0.059821516275405884,1017.8898315429688
4281,19.699167251586914,43.55416488647461,0.6371232677714332,1023.1240234375,0.04319298267364502,1023.1240234375
4282,19.830833435058594,43.268333435058594,0.6356616921017231,1023.7622680664062,0.05146506428718567,1023.7622680664062
4283,19.5674991607666,42.746665954589844,0.6271212320705184,1031.954833984375,0.05733412504196167,1031.954833984375
4284,19.44416618347168,35.43333435058594,0.6395383012036691,1018.232421875,0.0682530403137207,1018.232421875
4285,19.93833351135254,47.59583282470703,0.6305333682861823,1023.1295776367188,0.0628998875617981,1023.1295776367188
4286,19.78333282470703,48.82999801635742,0.6358440610587044,1009.24609375,0.06939300894737244,1009.24609375
4287,19.419166564941406,39.7933349609375,0.6496638484314887,1031.069091796875,0.04320424795150757,1031.069091796875
4288,19.530000686645508,43.20083236694336,0.6624247082007024,1004.292724609375,0.06106087565422058,1004.292724609375
4289,19.69999885559082,47.44499969482422,0.664318784592067,1059.8529052734375,0.06456372141838074,1059.8529052734375
4290,19.30000114440918,46.100833892822266,0.653223994934016,1019.1318359375,0.06845337152481079,1019.1318359375
4291,19.911666870117188,45.170833587646484,0.64622950470504,1031.757568359375,0.04090160131454468,1031.757568359375
4292,19.352500915527344,47.524166107177734,0.6596224924861842,998.8247680664062,0.04561111330986023,998.8247680664062
4293,19.47249984741211,40.55833053588867,0.6426901855656995,1042.2601318359375,0.06757718324661255,1042.2601318359375
4294,19.87416648864746,45.3316650390625,0.6599534291527113,1006.738037109375,0.050514400005340576,1006.738037109375
4295,19.731666564941406,42.41416931152344,0.6417123151894185,1041.1646728515625,0.044677555561065674,1041.1646728515625
4296,19.545000076293945,37.372501373291016,0.6391429732005073,1008.9423828125,0.05406844615936279,1008.9423828125
4297,19.49916648864746,43.29166793823242,0.6777537494016643,1029.9571533203125,0.07475543022155762,1029.9571533203125
4298,19.83249855041504,45.51250076293945,0.640113113751563,1044.4962158203125,0.0587444007396698,1044.4962158203125
4299,19.91499900817871,45.355831146240234,0.6570006068742893,1021.5416259765625,0.05166339874267578,1021.5416259765625
4300,19.4325008392334,46.5625,0.6639049700043476,1018.1178588867188,0.05536201596260071,1018.1178588867188
4301,19.433332443237305,38.64583206176758,0.6887521961403241,1011.071044921875,0.042728543281555176,1011.071044921875
4302,19.870834350585938,41.34166717529297,0.6722307304110373,1029.5665283203125,0.059067606925964355,1029.5665283203125
4303,19.63249969482422,44.97916793823242,0.6267220886187105,1030.949462890625,0.06528759002685547,1030.949462890625
4304,19.61833381652832,41.874168395996094,0.7136349129927577,1024.87451171875,0.04957467317581177,1024.87451171875
4305,19.926666259765625,47.22249984741211,0.638150139497119,988.5944213867188,0.04770386219024658,988.5944213867188
4306,19.532499313354492,43.369998931884766,0.660978879604106,1022.9603271484375,0.04949447512626648,1022.9603271484375
4307,19.577499389648438,42.350833892822266,0.643594917055904,1025.8663330078125,0.05882138013839722,1025.8663330078125
4308,19.699167251586914,44.44333267211914,0.6627678718980423,1008.5396118164062,0.05375403165817261,1008.5396118164062
4309,20.303333282470703,46.86083221435547,0.6270717241144828,996.5390625,0.07072499394416809,996.5390625
4310,19.782499313354492,43.59749984741211,0.6846285933138188,1024.1031494140625,0.05894291400909424,1024.1031494140625
4311,19.850833892822266,42.0625,0.6546194593205765,1059.6422119140625,0.05815333127975464,1059.6422119140625
4312,19.803333282470703,49.630001068115234,0.6561308648113279,1002.1111450195312,0.04949823021888733,1002.1111450195312
4313,19.893333435058594,40.6058349609375,0.6327623895989178,1041.15234375,0.07736706733703613,1041.15234375
4314,19.775833129882812,39.95166778564453,0.6356031876352698,1069.0343017578125,0.0684557855129242,1069.0343017578125
4315,19.88916778564453,40.89666748046875,0.6404048293436717,1060.8232421875,0.10072115063667297,1060.8232421875
4316,19.68833351135254,43.03916549682617,0.5972290175487474,1034.5157470703125,0.06404444575309753,1034.5157470703125
4317,19.60249900817871,43.065834045410156,0.6640778195791343,1025.18017578125,0.06258833408355713,1025.18017578125
4318,19.484167098999023,40.44583511352539,0.6833497717498556,1017.1007690429688,0.05491948127746582,1017.1007690429688
4319,19.704166412353516,43.01750183105469,0.6541377358817351,1009.1325073242188,0.04668360948562622,1009.1325073242188
4320,21.747499465942383,45.97999954223633,0.6646613159414905,1049.9105224609375,0.053013622760772705,1049.9105224609375
4321,19.685832977294922,40.41416549682617,0.6342651020161165,1030.7193603515625,0.03682434558868408,1030.7193603515625
4322,19.449167251586914,36.790000915527344,0.5941055917636455,1028.6904296875,0.06128859519958496,1028.6904296875
4323,19.558332443237305,39.90833282470703,0.6660489574099357,1068.8709716796875,0.04764741659164429,1068.8709716796875
4324,19.613332748413086,43.25250244140625,0.657694401095551,1066.0911865234375,0.04612833261489868,1066.0911865234375
4325,19.837499618530273,41.565834045410156,0.6758680163477382,1047.5887451171875,0.04456186294555664,1047.5887451171875
4326,19.61083221435547,35.712501525878906,0.6205926462599387,1027.9827880859375,0.08195257186889648,1027.9827880859375
4327,19.983333587646484,45.24833297729492,0.644388447508314,1003.7528686523438,0.04782944917678833,1003.7528686523438
4328,19.816667556762695,38.97416687011719,0.6812544681669366,1058.3558349609375,0.05083495378494263,1058.3558349609375
4329,19.79916763305664,46.97999954223633,0.6588883947013036,1007.8400268554688,0.04586556553840637,1007.8400268554688
4330,19.746667861938477,39.467498779296875,0.6457398647707245,1036.4072265625,0.05388808250427246,1036.4072265625
4331,19.795000076293945,37.52000045776367,0.6688657018269446,1032.1484375,0.09681171178817749,1032.1484375
4332,19.83333396911621,40.63249969482422,0.6494030608162633,1040.208251953125,0.06170538067817688,1040.208251953125
4333,19.549999237060547,43.77750015258789,0.6847340968017087,1029.875244140625,0.06857946515083313,1029.875244140625
4334,19.671667098999023,43.299163818359375,0.6696479337823331,1044.6727294921875,0.04104936122894287,1044.6727294921875
4335,19.795000076293945,40.09583282470703,0.6661007125526669,1037.8277587890625,0.06105828285217285,1037.8277587890625
4336,19.705833435058594,44.87333297729492,0.6639713612474679,1030.8326416015625,0.0734928548336029,1030.8326416015625
4337,19.830833435058594,40.15416717529297,0.6508906077540786,1035.6583251953125,0.054156988859176636,1035.6583251953125
4338,19.72083282470703,43.61333084106445,0.6164745914828345,998.147705078125,0.05025777220726013,998.147705078125
4339,19.888334274291992,37.999168395996094,0.6448455409011482,1039.1248779296875,0.08319544792175293,1039.1248779296875
4340,19.63249969482422,46.565834045410156,0.6557959696712756,1015.7188110351562,0.04959899187088013,1015.7188110351562
4341,19.884166717529297,45.49416732788086,0.6733454391961285,995.3010864257812,0.058607399463653564,995.3010864257812
4342,19.670833587646484,37.831668853759766,0.6490709556216009,1067.773193359375,0.07736754417419434,1067.773193359375
4343,19.906667709350586,48.000831604003906,0.6362613663530177,1016.8035888671875,0.043577998876571655,1016.8035888671875
4344,19.894166946411133,43.996665954589844,0.6553980275164317,1031.3282470703125,0.05577138066291809,1031.3282470703125
4345,19.96500015258789,42.09416961669922,0.6566266073284894,1049.585205078125,0.04017961025238037,1049.585205078125
4346,19.85333251953125,42.8849983215332,0.662731878850549,1021.8092041015625,0.05585759878158569,1021.8092041015625
4347,20.053333282470703,40.692501068115234,0.6466711996228667,1030.8121337890625,0.04378557205200195,1030.8121337890625
4348,19.61750030517578,44.861663818359375,0.6338550021033733,1021.1704711914062,0.06301087141036987,1021.1704711914062
4349,19.69999885559082,41.86333465576172,0.6564244626169585,1005.3944702148438,0.04776403307914734,1005.3944702148438
4350,20.197500228881836,47.364166259765625,0.6555658463280928,1064.246337890625,0.05885756015777588,1064.246337890625
4351,19.61916732788086,44.795833587646484,0.6120161673426794,1057.6422119140625,0.04637044668197632,1057.6422119140625
4352,19.916667938232422,42.13833236694336,0.6441710762230268,1052.2120361328125,0.05870532989501953,1052.2120361328125
4353,20.009166717529297,44.60000228881836,0.6391227981790888,1007.0200805664062,0.042585670948028564,1007.0200805664062
4354,19.47333335876465,42.814998626708984,0.6443492251654057,1037.0008544921875,0.06920939683914185,1037.0008544921875
4355,19.858333587646484,45.91166687011719,0.6393640540748242,1034.9197998046875,0.04148679971694946,1034.9197998046875
4356,20.299999237060547,48.77916717529297,0.6382478473867699,1016.160400390625,0.04539969563484192,1016.160400390625
4357,20.109167098999023,48.21083068847656,0.6755950009263393,1030.1927490234375,0.05032947659492493,1030.1927490234375
4358,20.02750015258789,40.36916732788086,0.6591332795516016,1042.8499755859375,0.06405165791511536,1042.8499755859375
4359,22.119165420532227,45.23583221435547,0.6580784933213839,1009.935546875,0.05141732096672058,1009.935546875
4360,19.724998474121094,46.551666259765625,0.6538687463476661,1050.909423828125,0.05948558449745178,1050.909423828125
4361,19.664167404174805,45.64250183105469,0.6392308379743501,1020.3035888671875,0.06939166784286499,1020.3035888671875
4362,20.008333206176758,43.706668853759766,0.6618141304401188,1025.5067138671875,0.0517442524433136,1025.5067138671875
4363,19.73666763305664,40.89500045776367,0.6480955072766027,1030.40966796875,0.04974246025085449,1030.40966796875
4364,19.814167022705078,44.1150016784668,0.6415436317298635,1027.96630859375,0.045497357845306396,1027.96630859375
4365,20.16083335876465,41.220001220703125,0.6387890586773053,1021.5208129882812,0.056647658348083496,1021.5208129882812
4366,19.821666717529297,39.124168395996094,0.6272919433684895,1048.092041015625,0.05698460340499878,1048.092041015625
4367,19.752498626708984,41.26166534423828,0.6260362708120639,1025.7901611328125,0.037692129611968994,1025.7901611328125
4368,19.952499389648438,39.165000915527344,0.6242948702238875,1037.8641357421875,0.0616452693939209,1037.8641357421875
4369,20.065834045410156,48.850833892822266,0.6210312014793145,1021.9808959960938,0.05176079273223877,1021.9808959960938
4370,20.13749885559082,43.54083251953125,0.631008943443523,1032.051513671875,0.04908192157745361,1032.051513671875
4371,20.082500457763672,44.00166702270508,0.6374042551430803,1031.246337890625,0.05550098419189453,1031.246337890625
4372,20.02666664123535,39.77583312988281,0.6011460936775459,1047.1094970703125,0.047798216342926025,1047.1094970703125
4373,19.769166946411133,46.86333084106445,0.6418229801145879,1026.941162109375,0.04871004819869995,1026.941162109375
4374,20.003334045410156,44.04833221435547,0.6123357309525913,1024.9658203125,0.05749630928039551,1024.9658203125
4375,20.22749900817871,42.6341667175293,0.6693451120413777,1044.84912109375,0.05499252676963806,1044.84912109375
4376,20.02833366394043,38.0191650390625,0.6371139767535507,1041.9490966796875,0.06581753492355347,1041.9490966796875
4377,20.093334197998047,44.669166564941406,0.6526907679749778,1011.8786010742188,0.0369110107421875,1011.8786010742188
4378,19.4950008392334,41.65833282470703,0.6593851310923411,1001.6370849609375,0.045421719551086426,1001.6370849609375
4379,20.18833351135254,42.45249938964844,0.6724354283823606,1060.941650390625,0.04003417491912842,1060.941650390625
4380,20.15333366394043,46.260833740234375,0.6410868599160325,1005.7613525390625,0.049672335386276245,1005.7613525390625
4381,20.015832901000977,44.41166687011719,0.6827267052943138,1038.95458984375,0.05210387706756592,1038.95458984375
4382,19.969999313354492,42.858333587646484,0.6665990303575631,1037.913818359375,0.04711037874221802,1037.913818359375
4383,19.748332977294922,41.35499954223633,0.6490519377871599,974.5623168945312,0.05393105745315552,974.5623168945312
4384,20.06916618347168,43.866668701171875,0.6718484157006208,993.5364379882812,0.05559036135673523,993.5364379882812
4385,19.594167709350586,37.994998931884766,0.6718408132302134,1040.0260009765625,0.04842686653137207,1040.0260009765625
4386,19.522499084472656,40.24583435058594,0.6645829830252579,1039.87353515625,0.059337884187698364,1039.87353515625
4387,19.511667251586914,40.82500076293945,0.6213240785771869,1032.1820068359375,0.04703351855278015,1032.1820068359375
4388,19.78999900817871,43.52000045776367,0.6542166105643686,997.447509765625,0.04920142889022827,997.447509765625
4389,19.578332901000977,36.43583297729492,0.6200541831462805,1022.545166015625,0.06518679857254028,1022.545166015625
4390,19.84000015258789,45.75833511352539,0.6793035974998964,1036.886474609375,0.04814636707305908,1036.886474609375
4391,19.815834045410156,41.940834045410156,0.6660572783293749,1001.7516479492188,0.0491294264793396,1001.7516479492188
4392,21.799165725708008,45.65333557128906,0.6551827332739921,1061.979248046875,0.05853003263473511,1061.979248046875
4393,19.836668014526367,47.70000076293945,0.6639624442511614,1035.91015625,0.05015134811401367,1035.91015625
4394,19.544166564941406,43.114166259765625,0.6451482558074377,1006.1416625976562,0.06749236583709717,1006.1416625976562
4395,19.718332290649414,42.65333557128906,0.6573248281602528,1061.581298828125,0.05631127953529358,1061.581298828125
4396,20.03499984741211,43.834999084472656,0.6424019403837745,1063.5555419921875,0.05553889274597168,1063.5555419921875
4397,19.574167251586914,42.195831298828125,0.651523715594932,1056.885986328125,0.04841598868370056,1056.885986328125
4398,19.557498931884766,44.93666458129883,0.6301479300257351,1014.3778686523438,0.062011003494262695,1014.3778686523438
4399,19.838333129882812,39.974998474121094,0.6385567352726151,1035.840087890625,0.05181199312210083,1035.840087890625
4400,20.100833892822266,40.11000061035156,0.6313008079130348,1030.7227783203125,0.06359130144119263,1030.7227783203125
4401,20.014999389648438,48.837501525878906,0.6540664051691363,992.19580078125,0.042456746101379395,992.19580078125
4402,19.519166946411133,39.81666564941406,0.6579999519354836,1014.921875,0.04935753345489502,1014.921875
4403,19.76249885559082,44.27333450317383,0.6380965352765204,1052.96484375,0.05889934301376343,1052.96484375
4404,19.604999542236328,43.483333587646484,0.6704739238026671,1000.8963012695312,0.06462636590003967,1000.8963012695312
4405,20.18666648864746,48.858333587646484,0.6792223547845827,1029.9647216796875,0.044727593660354614,1029.9647216796875
4406,20.202499389648438,41.9183349609375,0.671227545305569,1051.522216796875,0.0513606071472168,1051.522216796875
4407,19.614166259765625,45.815834045410156,0.6617789815427493,1051.81201171875,0.05461046099662781,1051.81201171875
4408,19.745832443237305,48.6349983215332,0.6321771814764421,989.7295532226562,0.047082364559173584,989.7295532226562
4409,19.677499771118164,38.56083297729492,0.6703547491621445,1049.240234375,0.05441826581954956,1049.240234375
4410,19.850000381469727,46.62666702270508,0.6636132886677729,1035.0946044921875,0.05295205116271973,1035.0946044921875
4411,19.83916664123535,43.56999969482422,0.6683831596251681,994.4407958984375,0.06494364142417908,994.4407958984375
4412,19.780834197998047,41.76749801635742,0.6652891885493268,1043.8590087890625,0.07308414578437805,1043.8590087890625
4413,19.475000381469727,40.83583450317383,0.6499320316521056,994.9847412109375,0.05641022324562073,994.9847412109375
4414,20.316665649414062,49.64833068847656,0.6806512163845118,1024.97509765625,0.05504128336906433,1024.97509765625
4415,19.65166664123535,39.440834045410156,0.6373656757888033,1074.7010498046875,0.05107760429382324,1074.7010498046875
4416,19.850000381469727,41.38666534423828,0.6719771425952472,1036.9539794921875,0.03889763355255127,1036.9539794921875
4417,19.86750030517578,42.45750045776367,0.6727672138518326,1034.43505859375,0.035892367362976074,1034.43505859375
4418,19.953332901000977,41.856666564941406,0.6628951271999057,1019.3397827148438,0.044780850410461426,1019.3397827148438
4419,20.272499084472656,49.22999954223633,0.6547429698740811,1003.3333740234375,0.044167399406433105,1003.3333740234375
4420,19.856666564941406,47.88249969482422,0.6541471103010672,1023.91943359375,0.05611410737037659,1023.91943359375
4421,20.176666259765625,45.100830078125,0.6321446152366628,1021.052490234375,0.05249902606010437,1021.052490234375
4422,19.87583351135254,38.826663970947266,0.6418390632648411,1018.54541015625,0.05791282653808594,1018.54541015625
4423,20.05500030517578,43.47416687011719,0.6549052779608416,1048.1263427734375,0.05296096205711365,1048.1263427734375
4424,19.454166412353516,37.561668395996094,0.6473848471038034,1024.72412109375,0.049872517585754395,1024.72412109375
4425,19.70833396911621,41.8408317565918,0.6403692491003259,1029.5174560546875,0.06754785776138306,1029.5174560546875
4426,20.174165725708008,43.768333435058594,0.6499328407934508,1031.196533203125,0.04235875606536865,1031.196533203125
4427,20.074167251586914,45.676666259765625,0.6670969945474974,1040.53759765625,0.04175308346748352,1040.53759765625
4428,19.766666412353516,42.086666107177734,0.653475240251504,1014.3936157226562,0.04864099621772766,1014.3936157226562
4429,19.875,43.21833419799805,0.6357722301980453,1031.993896484375,0.04720103740692139,1031.993896484375
4430,19.734167098999023,38.630001068115234,0.6423232634217603,1023.5306396484375,0.06146585941314697,1023.5306396484375
4431,20.077499389648438,48.20833206176758,0.6626331953897402,1061.2576904296875,0.051823943853378296,1061.2576904296875
4432,19.48666763305664,40.60166931152344,0.6437089501996325,972.2578735351562,0.057839393615722656,972.2578735351562
4433,19.816667556762695,42.48999786376953,0.6358195957761802,1052.8780517578125,0.0463331937789917,1052.8780517578125
4434,19.518333435058594,42.94166564941406,0.6566980118678272,1026.4322509765625,0.06224694848060608,1026.4322509765625
4435,19.729167938232422,43.37916564941406,0.6623677752093114,1007.2249755859375,0.049104124307632446,1007.2249755859375
4436,19.70749855041504,42.410831451416016,0.6574803450405755,1040.2652587890625,0.056183457374572754,1040.2652587890625
4437,19.524166107177734,42.11833572387695,0.6430942338537873,1038.688720703125,0.06286421418190002,1038.688720703125
4438,19.843334197998047,45.8316650390625,0.6554997548193193,998.8018188476562,0.048465222120285034,998.8018188476562
4439,19.90166664123535,45.239166259765625,0.6224957498229439,1010.4141235351562,0.042487531900405884,1010.4141235351562
4440,19.609167098999023,38.614166259765625,0.6283300823845979,1047.972412109375,0.043182432651519775,1047.972412109375
4441,19.39750099182129,42.073333740234375,0.6421233958761096,1014.9959716796875,0.053446948528289795,1014.9959716796875
4442,19.994998931884766,45.794166564941406,0.6661312502604662,1010.1163330078125,0.051346272230148315,1010.1163330078125
4443,19.594167709350586,36.41416549682617,0.6131546789907336,1045.721435546875,0.08893153071403503,1045.721435546875
4444,20.06166648864746,45.49416732788086,0.6408773576018847,1024.2850341796875,0.053345173597335815,1024.2850341796875
4445,20.114166259765625,46.766666412353516,0.6476754063842223,1018.74951171875,0.05034458637237549,1018.74951171875
4446,19.235000610351562,36.086666107177734,0.6417867927461107,989.9077758789062,0.05782431364059448,989.9077758789062
4447,19.97333335876465,44.08416748046875,0.6747908451485733,1029.784912109375,0.049952030181884766,1029.784912109375
4448,19.70166778564453,41.046669006347656,0.6579009661210857,1045.8514404296875,0.05643826723098755,1045.8514404296875
4449,19.83333396911621,43.38083267211914,0.6779048973588531,1019.0907592773438,0.06242603063583374,1019.0907592773438
4450,20.01249885559082,37.37416458129883,0.6468165127236586,1016.2100830078125,0.06257760524749756,1016.2100830078125
4451,19.76333236694336,40.23250198364258,0.6260406684323847,984.9978637695312,0.054508596658706665,984.9978637695312
4452,19.989166259765625,42.589168548583984,0.6226922479868517,1045.23583984375,0.0733482837677002,1045.23583984375
4453,19.90999984741211,51.39833068847656,0.6411674076759248,968.538818359375,0.05044996738433838,968.538818359375
4454,19.925832748413086,40.606666564941406,0.6575456928751064,992.0614624023438,0.05231499671936035,992.0614624023438
4455,19.871667861938477,44.522499084472656,0.6679969747957037,1006.6211547851562,0.05449724197387695,1006.6211547851562
4456,19.83249855041504,39.43083190917969,0.653048732395956,1062.1842041015625,0.048378705978393555,1062.1842041015625
4457,20.2358341217041,42.19166564941406,0.6222856951799056,1011.1571655273438,0.04294833540916443,1011.1571655273438
4458,20.128334045410156,49.563331604003906,0.659227957925435,976.1607055664062,0.04902458190917969,976.1607055664062
4459,19.831666946411133,41.99833297729492,0.6411532596911689,1023.2039794921875,0.04728248715400696,1023.2039794921875
4460,19.61750030517578,42.217498779296875,0.6598789391563646,1020.0252075195312,0.06440204381942749,1020.0252075195312
4461,19.877498626708984,37.95166778564453,0.657091582769203,1020.4227294921875,0.04523277282714844,1020.4227294921875
4462,19.870834350585938,42.93583297729492,0.6304660355925434,1029.8773193359375,0.04324939846992493,1029.8773193359375
4463,19.8174991607666,41.00166702270508,0.6370226955890734,1001.7105712890625,0.04972711205482483,1001.7105712890625
4464,19.649168014526367,40.518333435058594,0.6791714695159821,1061.43896484375,0.041467249393463135,1061.43896484375
4465,20.229999542236328,44.018333435058594,0.6498405722652865,1039.0264892578125,0.0548284649848938,1039.0264892578125
4466,20.036666870117188,40.198333740234375,0.6533898450857489,1021.0953369140625,0.05868259072303772,1021.0953369140625
4467,19.851667404174805,43.49833297729492,0.6555344491967232,994.3613891601562,0.04806491732597351,994.3613891601562
4468,20.050832748413086,35.84833526611328,0.6103179394020231,998.56494140625,0.07077348232269287,998.56494140625
4469,19.96666717529297,41.53666687011719,0.6316159684016355,1050.54443359375,0.04774773120880127,1050.54443359375
4470,20.022499084472656,43.02833557128906,0.6619423243123135,1007.072021484375,0.05787566304206848,1007.072021484375
4471,19.703332901000977,40.893333435058594,0.6585861097033407,1017.5199584960938,0.053313881158828735,1017.5199584960938
4472,19.84083366394043,43.65916442871094,0.6728268532840379,989.748046875,0.05220949649810791,989.748046875
4473,20.093334197998047,40.87333297729492,0.6033890202825967,1008.96044921875,0.07708129286766052,1008.96044921875
4474,19.81333351135254,43.15333557128906,0.6325492948918963,1016.0390014648438,0.04567909240722656,1016.0390014648438
4475,19.890832901000977,45.67499923706055,0.6759420385960277,978.7202758789062,0.051064133644104004,978.7202758789062
4476,19.739999771118164,42.554168701171875,0.6272660222743814,1028.8145751953125,0.05961430072784424,1028.8145751953125
4477,19.72166633605957,43.39750289916992,0.6377353485481597,1000.4729614257812,0.05800396203994751,1000.4729614257812
4478,19.577499389648438,41.8316650390625,0.6115378618232934,1001.5175170898438,0.061703652143478394,1001.5175170898438
4479,20.161666870117188,40.518333435058594,0.6518769470636516,1046.1771240234375,0.062108129262924194,1046.1771240234375
4480,19.551666259765625,44.8900032043457,0.6614115080396928,1046.905029296875,0.038310885429382324,1046.905029296875
4481,19.640832901000977,44.75416564941406,0.6498039137103695,1018.2578735351562,0.043726831674575806,1018.2578735351562
4482,19.924999237060547,44.27166748046875,0.6798030475412684,1021.55908203125,0.04405459761619568,1021.55908203125
4483,19.580833435058594,41.750831604003906,0.6275676507629006,1008.073974609375,0.07982009649276733,1008.073974609375
4484,19.429166793823242,43.51750183105469,0.6709814869469906,1087.4365234375,0.04562646150588989,1087.4365234375
4485,19.39666748046875,39.40999984741211,0.6351152669181999,1034.447021484375,0.040371060371398926,1034.447021484375
4486,19.42416763305664,41.36833190917969,0.6620267423923145,1015.78369140625,0.051216453313827515,1015.78369140625
4487,19.457500457763672,39.83833312988281,0.6437034888223243,1053.9609375,0.04349476099014282,1053.9609375
4488,19.712499618530273,42.68083190917969,0.6292305930024482,1028.745361328125,0.03957849740982056,1028.745361328125
4489,20.31166648864746,42.856666564941406,0.6371298669013967,1020.3880615234375,0.05140000581741333,1020.3880615234375
4490,20.288333892822266,47.051666259765625,0.6604988555310263,1059.0242919921875,0.04765230417251587,1059.0242919921875
4491,20.018333435058594,44.46500015258789,0.651452553305099,1016.5684204101562,0.04009699821472168,1016.5684204101562
4492,19.3075008392334,38.293331146240234,0.6567448594243761,1030.8319091796875,0.04443025588989258,1030.8319091796875
4493,19.82666778564453,45.79249954223633,0.6364619774032435,1010.6705932617188,0.04221820831298828,1010.6705932617188
4494,19.360000610351562,39.61666488647461,0.6484832656171265,1038.5797119140625,0.058070242404937744,1038.5797119140625
4495,19.614166259765625,41.55833435058594,0.6585661945132997,1031.3031005859375,0.06225210428237915,1031.3031005859375
4496,20.08916664123535,43.616668701171875,0.6327710484267008,1038.35693359375,0.04268068075180054,1038.35693359375
4497,20.016666412353516,40.3941650390625,0.6565734989745795,1021.6739501953125,0.05560240149497986,1021.6739501953125
4498,20.02666664123535,37.489166259765625,0.6270072821649754,995.2567749023438,0.06676506996154785,995.2567749023438
4499,20.02833366394043,46.329166412353516,0.6131479968702119,1018.2416381835938,0.063301682472229,1018.2416381835938
4500,19.913333892822266,38.750831604003906,0.6639162063601118,1032.0081787109375,0.04654115438461304,1032.0081787109375
4501,19.79083251953125,43.40666580200195,0.6513777237077408,1001.8120727539062,0.05793595314025879,1001.8120727539062
4502,19.870834350585938,41.67416763305664,0.6550753766974426,1036.7645263671875,0.05544731020927429,1036.7645263671875
4503,20.009166717529297,41.945831298828125,0.6274292329265976,1013.015869140625,0.04836001992225647,1013.015869140625
4504,19.939167022705078,38.20500183105469,0.6288651145132639,1003.6103515625,0.0661582350730896,1003.6103515625
4505,19.76249885559082,41.419166564941406,0.6513139776590139,1019.520263671875,0.037779152393341064,1019.520263671875
4506,20.09166717529297,44.89249801635742,0.6386963050763771,1059.1971435546875,0.04211604595184326,1059.1971435546875
4507,19.53416633605957,38.540000915527344,0.6137464631468825,1060.7183837890625,0.06915527582168579,1060.7183837890625
4508,19.877498626708984,41.36750030517578,0.6611414926519905,987.0825805664062,0.04676520824432373,987.0825805664062
4509,20.260833740234375,41.34416580200195,0.6110323357403573,1046.222412109375,0.05490612983703613,1046.222412109375
4510,19.83249855041504,41.293331146240234,0.6299789068179956,1025.9715576171875,0.06239253282546997,1025.9715576171875
4511,19.83416748046875,42.673336029052734,0.6410987900591352,1037.76708984375,0.046222984790802,1037.76708984375
4512,20.065834045410156,45.25583267211914,0.6222281572476258,1045.639892578125,0.0441184937953949,1045.639892578125
4513,19.729167938232422,37.75416564941406,0.6697951644194895,996.93701171875,0.0644896924495697,996.93701171875
4514,19.703332901000977,40.7408332824707,0.6537255549007571,1016.838134765625,0.053173840045928955,1016.838134765625
4515,20.099166870117188,41.920833587646484,0.6355965161352541,1006.9713745117188,0.07057800889015198,1006.9713745117188
4516,20.110000610351562,46.47833251953125,0.6492053992728317,992.116455078125,0.05645191669464111,992.116455078125
4517,19.944168090820312,42.73500061035156,0.6453077155695796,1009.7006225585938,0.05979147553443909,1009.7006225585938
4518,19.789167404174805,40.901668548583984,0.6503653095610166,996.978759765625,0.04788517951965332,996.978759765625
4519,19.921667098999023,42.459999084472656,0.6916200539540862,1013.60595703125,0.04928860068321228,1013.60595703125
4520,20.178333282470703,42.72416687011719,0.6746880185345964,1049.8411865234375,0.05285099148750305,1049.8411865234375
4521,20.28499984741211,42.854164123535156,0.6548840385257748,1056.1263427734375,0.056396663188934326,1056.1263427734375
4522,20.28583335876465,42.75833511352539,0.6558532919405933,1010.9609375,0.050120264291763306,1010.9609375
4523,20.010000228881836,42.07500076293945,0.6408510525882831,1060.8560791015625,0.05276772379875183,1060.8560791015625
4524,19.979999542236328,47.516666412353516,0.6031205034528602,1003.2718505859375,0.06017377972602844,1003.2718505859375
4525,19.787498474121094,43.59083557128906,0.6630691965000873,1028.05712890625,0.04297506809234619,1028.05712890625
4526,19.691667556762695,41.75749969482422,0.6624143484805167,1002.1921997070312,0.05217158794403076,1002.1921997070312
4527,19.869998931884766,46.524166107177734,0.6511416641704273,998.8170166015625,0.045366764068603516,998.8170166015625
4528,20.428333282470703,49.035831451416016,0.640044497431755,1008.5153198242188,0.05030161142349243,1008.5153198242188
4529,20.105833053588867,42.04083251953125,0.6745727179779897,1041.7808837890625,0.050098568201065063,1041.7808837890625
4530,19.93083381652832,46.50416564941406,0.6547374600409634,1012.0452880859375,0.044456034898757935,1012.0452880859375
4531,19.990833282470703,45.65166473388672,0.6457816372467577,1014.5375366210938,0.05502969026565552,1014.5375366210938
4532,19.80500030517578,44.9466667175293,0.6743570352570765,1017.6463623046875,0.058070093393325806,1017.6463623046875
4533,19.819168090820312,41.383331298828125,0.64738854382169,993.3414916992188,0.05229339003562927,993.3414916992188
4534,20.197500228881836,49.61499786376953,0.6323538447791855,1018.3521118164062,0.05790475010871887,1018.3521118164062
4535,19.86166763305664,43.97916793823242,0.6720260026415565,1033.4527587890625,0.05118480324745178,1033.4527587890625
4536,19.82666778564453,45.31999969482422,0.6770689022917612,995.4630126953125,0.044676274061203,995.4630126953125
4537,19.961666107177734,43.07500076293945,0.6671347330911916,1053.3115234375,0.06482002139091492,1053.3115234375
4538,19.80500030517578,41.19499969482422,0.6928621298246596,1043.3626708984375,0.05935877561569214,1043.3626708984375
4539,19.744998931884766,38.40833282470703,0.6393366180318544,1063.5877685546875,0.06121283769607544,1063.5877685546875
4540,19.974166870117188,40.14083480834961,0.6575458564003366,1020.03955078125,0.05533260107040405,1020.03955078125
4541,19.824167251586914,39.89583206176758,0.6671885842199725,998.2467041015625,0.059176623821258545,998.2467041015625
4542,20.128334045410156,41.87083435058594,0.6372031890242065,1044.0645751953125,0.06283828616142273,1044.0645751953125
4543,20.057498931884766,42.61333465576172,0.6791701141981099,1000.5494995117188,0.04361623525619507,1000.5494995117188
4544,19.612499237060547,39.33583068847656,0.6905985568403549,1016.232177734375,0.05465838313102722,1016.232177734375
4545,19.77916717529297,39.47666549682617,0.6662139584335025,1017.8284301757812,0.06590196490287781,1017.8284301757812
4546,20.163333892822266,45.25749969482422,0.6124577677033501,1048.138671875,0.052046120166778564,1048.138671875
4547,19.82499885559082,40.44583511352539,0.6562060784960142,1026.9290771484375,0.07074299454689026,1026.9290771484375
4548,20.18000030517578,41.36000061035156,0.64887863035088,1047.587158203125,0.047067105770111084,1047.587158203125
4549,20.00583267211914,38.71000289916992,0.6427243106589882,1049.357421875,0.04159575700759888,1049.357421875
4550,20.001667022705078,40.81083297729492,0.6286787714234212,996.1002197265625,0.04186886548995972,996.1002197265625
4551,21.580833435058594,43.543331146240234,0.6590057993314301,991.6048583984375,0.047369807958602905,991.6048583984375
4552,19.619998931884766,38.96333312988281,0.6849321756756375,1051.505859375,0.05085039138793945,1051.505859375
4553,19.64666748046875,40.627498626708984,0.6461613127230132,981.2711791992188,0.05949193239212036,981.2711791992188
4554,19.76999855041504,38.18333435058594,0.6405467902429286,1051.0924072265625,0.057388633489608765,1051.0924072265625
4555,19.85999870300293,38.68833541870117,0.6391196779883964,1028.1551513671875,0.08515962958335876,1028.1551513671875
4556,19.86750030517578,40.74666976928711,0.6154057040440022,999.4016723632812,0.04418569803237915,999.4016723632812
4557,19.920833587646484,42.14583206176758,0.6768183543045462,1050.6370849609375,0.06281071901321411,1050.6370849609375
4558,19.96416664123535,44.35749816894531,0.6330546521603018,1034.86083984375,0.05334541201591492,1034.86083984375
4559,19.689998626708984,38.21583557128906,0.633098782553472,1040.739990234375,0.050040245056152344,1040.739990234375
4560,19.989166259765625,44.39666748046875,0.6490042996942511,1027.996337890625,0.04215821623802185,1027.996337890625
4561,19.52916717529297,45.95333480834961,0.6665453010129685,1003.6104736328125,0.06299704313278198,1003.6104736328125
4562,20.20833396911621,40.21833419799805,0.6215577320797379,1013.8331909179688,0.07154020667076111,1013.8331909179688
4563,19.645000457763672,45.54750061035156,0.6564837283630255,1030.4649658203125,0.04490944743156433,1030.4649658203125
4564,20.100833892822266,41.42749786376953,0.645420691035355,1063.289794921875,0.03734999895095825,1063.289794921875
4565,21.986665725708008,44.20916748046875,0.6542111187411501,1096.7794189453125,0.054409295320510864,1096.7794189453125
4566,20.248332977294922,41.817501068115234,0.6525516880437228,1031.6300048828125,0.058341532945632935,1031.6300048828125
4567,20.085834503173828,41.95916748046875,0.6324316751336005,1029.640869140625,0.0733170211315155,1029.640869140625
4568,19.823333740234375,38.378334045410156,0.6476706795280995,1030.7840576171875,0.05910027027130127,1030.7840576171875
4569,20.105833053588867,43.38166809082031,0.6478994041211212,1044.3087158203125,0.04961174726486206,1044.3087158203125
4570,19.939167022705078,39.080833435058594,0.6324213643578294,1015.0980834960938,0.06059157848358154,1015.0980834960938
4571,20.064167022705078,46.67916488647461,0.6682204521114623,1034.8399658203125,0.042511820793151855,1034.8399658203125
4572,19.61916732788086,41.519168853759766,0.6511372673468405,1021.2255859375,0.03807872533798218,1021.2255859375
4573,19.780834197998047,40.69583511352539,0.6623957495882675,1036.3470458984375,0.05959385633468628,1036.3470458984375
4574,19.886667251586914,41.19416809082031,0.642120140477304,1069.6683349609375,0.05660155415534973,1069.6683349609375
4575,19.921667098999023,39.67583465576172,0.66444818559455,1040.2509765625,0.07431569695472717,1040.2509765625
4576,19.74333381652832,38.5433349609375,0.6488604058059484,1030.0191650390625,0.07079273462295532,1030.0191650390625
4577,19.649999618530273,44.20750045776367,0.6489672016881053,1039.4014892578125,0.05655971169471741,1039.4014892578125
4578,20.074167251586914,45.43416976928711,0.6635127018690983,999.1889038085938,0.04473981261253357,999.1889038085938
4579,19.525833129882812,42.22416687011719,0.6237326648191319,1016.009521484375,0.053693681955337524,1016.009521484375
4580,19.97083282470703,42.98250198364258,0.6453750117986949,982.3112182617188,0.052046358585357666,982.3112182617188
4581,19.99416732788086,41.31500244140625,0.6487169076531953,1027.8626708984375,0.0552346408367157,1027.8626708984375
4582,19.99916648864746,44.454166412353516,0.6605344113409091,994.6458740234375,0.05007338523864746,994.6458740234375
4583,20.272499084472656,44.42166519165039,0.6544351621266347,1057.4508056640625,0.04667949676513672,1057.4508056640625
4584,19.380001068115234,48.80500030517578,0.656128827292688,1036.6761474609375,0.05943378806114197,1036.6761474609375
4585,19.662498474121094,45.22249984741211,0.6460091149302695,1004.6011352539062,0.04529872536659241,1004.6011352539062
4586,19.695833206176758,46.227500915527344,0.6867518273901242,995.372802734375,0.04862767457962036,995.372802734375
4587,19.511667251586914,42.63916778564453,0.6781079451627741,982.9982299804688,0.04491433501243591,982.9982299804688
4588,20.042499542236328,43.936668395996094,0.6496056518214078,1029.719482421875,0.06363603472709656,1029.719482421875
4589,19.747499465942383,50.937496185302734,0.6635456476564368,979.9605102539062,0.04805395007133484,979.9605102539062
4590,19.645000457763672,42.730831146240234,0.6673419886615513,993.1609497070312,0.045978695154190063,993.1609497070312
4591,19.47916603088379,40.61166763305664,0.6626333479592623,1043.095458984375,0.06121894717216492,1043.095458984375
4592,17.88249969482422,41.35000228881836,0.5833804060111208,1205.3179931640625,0.04553574323654175,1205.3179931640625
4593,19.740833282470703,46.85166931152344,0.6512352425416279,998.6098022460938,0.0706433355808258,998.6098022460938
4594,19.996665954589844,49.044166564941406,0.6509014454067663,1043.854736328125,0.04310855269432068,1043.854736328125
4595,19.90833282470703,41.81999969482422,0.6753027920364258,1026.5223388671875,0.04391935467720032,1026.5223388671875
4596,19.850000381469727,42.38666534423828,0.661415861859293,1011.4202270507812,0.051856040954589844,1011.4202270507812
4597,20.108333587646484,45.15999984741211,0.6641399623585349,1026.5111083984375,0.05771806836128235,1026.5111083984375
4598,20.31999969482422,49.14250183105469,0.6762473162117926,1027.2752685546875,0.06531807780265808,1027.2752685546875
4599,20.053333282470703,41.51416778564453,0.665271772791287,1020.7061767578125,0.03785109519958496,1020.7061767578125
4600,19.93833351135254,41.81666564941406,0.6555254268775178,999.0758056640625,0.0575106143951416,999.0758056640625
4601,20.04166603088379,45.016666412353516,0.6358202073734366,1031.478271484375,0.04986977577209473,1031.478271484375
4602,19.586666107177734,43.72666931152344,0.6390537173806635,987.5134887695312,0.045194387435913086,987.5134887695312
4603,20.209165573120117,46.85916519165039,0.6706124850141133,1038.054931640625,0.045769840478897095,1038.054931640625
4604,19.684999465942383,39.04999923706055,0.6494810274673376,1025.918212890625,0.04320681095123291,1025.918212890625
4605,20.15250015258789,45.041664123535156,0.6592377967853119,1034.424560546875,0.05867284536361694,1034.424560546875
4606,19.781667709350586,45.55999755859375,0.6864166357807868,1014.0419921875,0.050334274768829346,1014.0419921875
4607,21.68083381652832,43.4658317565918,0.6891939704610476,1029.404541015625,0.06202283501625061,1029.404541015625
4608,19.628334045410156,43.48416519165039,0.6525248071104988,1019.8238525390625,0.05381903052330017,1019.8238525390625
4609,19.696666717529297,44.25666809082031,0.681902153714221,1031.4139404296875,0.03722062706947327,1031.4139404296875
4610,20.101665496826172,46.647499084472656,0.6708680650971167,983.2343139648438,0.052687227725982666,983.2343139648438
4611,19.579999923706055,38.6400032043457,0.6460782818903787,1047.978271484375,0.04318732023239136,1047.978271484375
4612,19.627498626708984,40.90833282470703,0.6896632164273132,1068.28515625,0.04756215214729309,1068.28515625
4613,19.65999984741211,43.6349983215332,0.6423618419115098,1022.42578125,0.05240952968597412,1022.42578125
4614,19.5,45.30083084106445,0.6500527879461677,985.126708984375,0.05002400279045105,985.126708984375
4615,19.69499969482422,44.682498931884766,0.7012268368073387,1025.4302978515625,0.055282145738601685,1025.4302978515625
4616,19.949167251586914,44.188331604003906,0.6933936157880443,972.6956176757812,0.04643532633781433,972.6956176757812
4617,19.8174991607666,42.888336181640625,0.6686460889817842,994.4031372070312,0.055660516023635864,994.4031372070312
4618,20.314165115356445,41.165836334228516,0.6775548166786083,1005.176025390625,0.056872010231018066,1005.176025390625
4619,19.98499870300293,52.633331298828125,0.6823389714455992,981.4397583007812,0.06139889359474182,981.4397583007812
4620,19.690834045410156,44.19000244140625,0.6765347856700912,1012.73193359375,0.06607615947723389,1012.73193359375
4621,19.873332977294922,45.84333419799805,0.6726627471083468,1037.818603515625,0.04524970054626465,1037.818603515625
4622,20.255834579467773,48.33583068847656,0.6847801416310038,991.9747314453125,0.045600295066833496,991.9747314453125
4623,19.828332901000977,41.43666458129883,0.6776440550307202,985.4761962890625,0.05283495783805847,985.4761962890625
4624,20.502500534057617,49.643333435058594,0.7162542305771633,1033.4110107421875,0.04342573881149292,1033.4110107421875
4625,19.99916648864746,39.38166809082031,0.6770875153328256,1055.5107421875,0.04497885704040527,1055.5107421875
4626,20.08916664123535,42.06333541870117,0.6521500047517531,1029.033447265625,0.04934319853782654,1029.033447265625
4627,19.61916732788086,42.13500213623047,0.6732442162801894,984.9039916992188,0.048131853342056274,984.9039916992188
4628,19.869998931884766,43.18499755859375,0.6470532674128505,1056.3466796875,0.036564409732818604,1056.3466796875
4629,19.889999389648438,42.768333435058594,0.6445781909996365,984.344970703125,0.06492140889167786,984.344970703125
4630,19.95833396911621,40.84166717529297,0.6898451132113208,1019.3826293945312,0.05434119701385498,1019.3826293945312
4631,19.685832977294922,38.5533332824707,0.667464751383227,1033.0364990234375,0.050658226013183594,1033.0364990234375
4632,19.699167251586914,40.595001220703125,0.6911058152174805,1012.45068359375,0.056515395641326904,1012.45068359375
4633,19.773332595825195,37.313331604003906,0.7010861668688979,1071.4447021484375,0.04971104860305786,1071.4447021484375
4634,20.126667022705078,43.731666564941406,0.6275266715560462,1055.798828125,0.06381997466087341,1055.798828125
4635,19.72249984741211,46.13083267211914,0.6392818100821275,1011.8248291015625,0.04400166869163513,1011.8248291015625
4636,19.88083267211914,42.377498626708984,0.6744671811530771,1050.2679443359375,0.047074079513549805,1050.2679443359375
4637,19.79749870300293,42.746665954589844,0.6708423131709371,1014.1914672851562,0.040631771087646484,1014.1914672851562
4638,20.03583335876465,40.255001068115234,0.693531446985997,1030.9393310546875,0.06352519989013672,1030.9393310546875
4639,19.968334197998047,43.63999938964844,0.6481131364430981,1012.5064697265625,0.041446685791015625,1012.5064697265625
4640,19.70833396911621,45.6783332824707,0.7129510479498636,1008.7554931640625,0.0538405179977417,1008.7554931640625
4641,20.112499237060547,45.413333892822266,0.6639835675166181,1048.1092529296875,0.051703184843063354,1048.1092529296875
4642,20.125,45.63750076293945,0.6445803852046765,996.9075317382812,0.06922420859336853,996.9075317382812
4643,19.91083335876465,38.28499984741211,0.680458590024593,1038.66796875,0.052154541015625,1038.66796875
4644,20.172500610351562,44.231666564941406,0.704287444731925,1055.5947265625,0.06883782148361206,1055.5947265625
4645,20.245834350585938,45.974998474121094,0.6471328871235251,1033.126953125,0.042857348918914795,1033.126953125
4646,20.2450008392334,49.44916534423828,0.6552251569702888,998.68701171875,0.05199858546257019,998.68701171875
4647,20.122499465942383,44.83416748046875,0.6316183345283076,1023.1993408203125,0.04186233878135681,1023.1993408203125
4648,20.025833129882812,44.20916748046875,0.6753555139015446,995.1949462890625,0.03910231590270996,995.1949462890625
4649,20.279165267944336,45.165000915527344,0.6791851825270918,1040.060546875,0.04641774296760559,1040.060546875
4650,20.059165954589844,47.97833251953125,0.6549339186429266,1033.8153076171875,0.04613986611366272,1033.8153076171875
4651,19.88083267211914,40.33916473388672,0.6720432145493827,1047.649658203125,0.05217444896697998,1047.649658203125
4652,20.053333282470703,42.670833587646484,0.6505214137895052,1033.086669921875,0.045095860958099365,1033.086669921875
4653,20.008333206176758,44.78916549682617,0.6729795367033116,1036.3011474609375,0.052899450063705444,1036.3011474609375
4654,19.814998626708984,38.7158317565918,0.6333966509719181,991.3897705078125,0.0530867874622345,991.3897705078125
4655,20.5483341217041,46.776668548583984,0.6732451568444807,1030.8653564453125,0.04366183280944824,1030.8653564453125
4656,20.690000534057617,47.260833740234375,0.6547435304455926,1013.1318359375,0.05853116512298584,1013.1318359375
4657,20.2358341217041,42.288333892822266,0.6939513695720612,1006.5689697265625,0.054792165756225586,1006.5689697265625
4658,20.51166534423828,43.96500015258789,0.6575754051161262,1023.0437622070312,0.05706983804702759,1023.0437622070312
4659,20.219165802001953,42.519168853759766,0.6288896117952205,1026.954345703125,0.05693632364273071,1026.954345703125
4660,19.99416732788086,37.231666564941406,0.6609756763149455,1031.3193359375,0.07172897458076477,1031.3193359375
4661,20.03999900817871,41.97416687011719,0.6872162609196811,1023.795654296875,0.055661410093307495,1023.795654296875
4662,20.051666259765625,39.89250183105469,0.6638235748600664,1024.758544921875,0.0401422381401062,1024.758544921875
4663,20.0674991607666,39.926666259765625,0.6851904359460271,1037.1728515625,0.03867149353027344,1037.1728515625
4664,19.85333251953125,43.567501068115234,0.6658608443823203,993.9473876953125,0.06240639090538025,993.9473876953125
4665,20.325000762939453,43.41166687011719,0.6418201764668463,1003.7846069335938,0.05290558934211731,1003.7846069335938
4666,20.148334503173828,44.0724983215332,0.6746347960479815,1024.2435302734375,0.04518526792526245,1024.2435302734375
4667,20.389999389648438,43.7691650390625,0.6877332252687077,1013.48486328125,0.044855475425720215,1013.48486328125
4668,20.429166793823242,40.63999938964844,0.6339797613500587,1008.2548217773438,0.05063831806182861,1008.2548217773438
4669,20.55583381652832,42.40083312988281,0.64357684549192,1033.8690185546875,0.04654890298843384,1033.8690185546875
4670,20.44499969482422,39.75666809082031,0.6585304625311528,1021.4030151367188,0.05468541383743286,1021.4030151367188
4671,20.345834732055664,44.890830993652344,0.6273637225299102,1018.1378784179688,0.040380775928497314,1018.1378784179688
4672,20.104999542236328,40.74416732788086,0.6602114858206634,1024.297119140625,0.04213285446166992,1024.297119140625
4673,20.643333435058594,47.19166564941406,0.662431927426177,1005.4456787109375,0.04237595200538635,1005.4456787109375
4674,20.155000686645508,38.44166564941406,0.6341560128246345,1023.9177856445312,0.04615020751953125,1023.9177856445312
4675,20.174999237060547,37.932498931884766,0.6751657030902992,1028.6888427734375,0.03882312774658203,1028.6888427734375
4676,20.411666870117188,41.10749816894531,0.647999817501772,1041.1435546875,0.050152719020843506,1041.1435546875
4677,20.281665802001953,40.89833068847656,0.6827437355071435,1007.4392700195312,0.052640706300735474,1007.4392700195312
4678,20.239999771118164,47.63500213623047,0.6733825638921398,969.5950317382812,0.05169472098350525,969.5950317382812
4679,20.218334197998047,42.11000061035156,0.663732051206464,1012.3258666992188,0.05084905028343201,1012.3258666992188
4680,19.822500228881836,41.08833312988281,0.6546896940956602,1012.305419921875,0.06454500555992126,1012.305419921875
4681,20.421667098999023,40.956668853759766,0.6511265041917561,1004.3712768554688,0.06795665621757507,1004.3712768554688
4682,19.875,40.354164123535156,0.6623856706111064,1024.7396240234375,0.052948057651519775,1024.7396240234375
4683,20.77666664123535,48.529998779296875,0.6277429256818131,1021.8629150390625,0.04628261923789978,1021.8629150390625
4684,20.280000686645508,39.70000076293945,0.6389134033315467,1019.5029296875,0.04289931058883667,1019.5029296875
4685,20.217500686645508,44.543331146240234,0.6425740022726193,1001.09716796875,0.054710328578948975,1001.09716796875
4686,20.32833480834961,42.89666748046875,0.6814462862023438,1019.0775756835938,0.04427233338356018,1019.0775756835938
4687,20.084999084472656,38.01000213623047,0.6472999603116515,999.57861328125,0.06529954075813293,999.57861328125
4688,19.916667938232422,38.420833587646484,0.6659087300717226,1052.8765869140625,0.0665537416934967,1052.8765869140625
4689,20.12583351135254,43.03083419799805,0.6591601050088409,1016.9013671875,0.05885300040245056,1016.9013671875
4690,20.148334503173828,39.33416748046875,0.666240886305055,1048.44677734375,0.04844927787780762,1048.44677734375
4691,19.691667556762695,33.57666778564453,0.6513659011864597,1038.1739501953125,0.07225251197814941,1038.1739501953125
4692,20.024166107177734,41.72999954223633,0.6387177999509465,993.783935546875,0.041440486907958984,993.783935546875
4693,20.01416778564453,41.75749969482422,0.65454165285551,988.714111328125,0.056660473346710205,988.714111328125
4694,20.205833435058594,43.52000045776367,0.6784902146592504,1022.7486572265625,0.05450436472892761,1022.7486572265625
4695,19.872499465942383,38.31916809082031,0.6572009080793519,995.171875,0.05770614743232727,995.171875
4696,20.299165725708008,44.688331604003906,0.6744046182373493,1000.9030151367188,0.037194669246673584,1000.9030151367188
4697,20.130834579467773,45.08416748046875,0.6651804899868781,1010.466064453125,0.043589383363723755,1010.466064453125
4698,19.982500076293945,43.97083282470703,0.6966577455776192,991.0505981445312,0.06473001837730408,991.0505981445312
4699,20.224166870117188,40.955833435058594,0.6771186539082498,1014.65966796875,0.06546589732170105,1014.65966796875
4700,20.1391658782959,49.05583190917969,0.6692387848432845,993.2677001953125,0.0535433292388916,993.2677001953125
4701,19.913333892822266,45.127498626708984,0.6710485309569746,1018.9638671875,0.03714561462402344,1018.9638671875
4702,20.1391658782959,43.38999938964844,0.6838002918396056,980.3244018554688,0.04022526741027832,980.3244018554688
4703,19.803333282470703,40.27250289916992,0.6881712014418928,1006.5728149414062,0.06444492936134338,1006.5728149414062
4704,19.780834197998047,43.842498779296875,0.6606826164128239,1025.16796875,0.030565261840820312,1025.16796875
4705,19.78499984741211,38.20166778564453,0.6297748730538206,983.2755126953125,0.07719650864601135,983.2755126953125
4706,19.90833282470703,41.364166259765625,0.6488084230901078,1024.6016845703125,0.04508858919143677,1024.6016845703125
4707,20.013334274291992,43.17583465576172,0.6442075428086003,1027.7833251953125,0.043349504470825195,1027.7833251953125
4708,20.126667022705078,42.11333465576172,0.6592624438080579,1004.702392578125,0.040723979473114014,1004.702392578125
4709,19.876667022705078,37.14666748046875,0.6380016028217319,1049.1346435546875,0.05628505349159241,1049.1346435546875
4710,20.167499542236328,46.92749786376953,0.6332673240014419,1050.2286376953125,0.04441669583320618,1050.2286376953125
4711,20.09749984741211,41.96333312988281,0.6650765126113309,1009.8956909179688,0.05650189518928528,1009.8956909179688
4712,19.83333396911621,41.78000259399414,0.6917447589562766,985.0682373046875,0.0432073175907135,985.0682373046875
4713,19.955833435058594,44.03083419799805,0.6610962849140332,1038.2962646484375,0.057110756635665894,1038.2962646484375
4714,19.876667022705078,43.790000915527344,0.6460480510886204,1030.4468994140625,0.04186639189720154,1030.4468994140625
4715,19.824167251586914,39.991668701171875,0.6468354352640108,1018.509521484375,0.04037383198738098,1018.509521484375
4716,20.202499389648438,43.7216682434082,0.6788233076116951,1001.6057739257812,0.051659464836120605,1001.6057739257812
4717,19.72749900817871,39.58833312988281,0.6542341779209977,983.4843139648438,0.046812355518341064,983.4843139648438
4718,19.934167861938477,42.5908317565918,0.7270516744663581,1021.481689453125,0.06085777282714844,1021.481689453125
4719,20.080833435058594,44.83250045776367,0.6511084546909525,1036.227294921875,0.04644915461540222,1036.227294921875
4720,19.767499923706055,41.47249984741211,0.6494022090072256,1003.0098876953125,0.050699591636657715,1003.0098876953125
4721,19.871667861938477,44.02583312988281,0.7069047178858133,1033.3917236328125,0.04838147759437561,1033.3917236328125
4722,19.779998779296875,39.5908317565918,0.6485978626766684,1034.2010498046875,0.05441996455192566,1034.2010498046875
4723,19.93000030517578,43.5,0.6564129014266107,983.0023193359375,0.060659319162368774,983.0023193359375
4724,19.802499771118164,45.09833526611328,0.6665484060224602,1006.8119506835938,0.04782027006149292,1006.8119506835938
4725,19.600000381469727,38.01416778564453,0.6614350378933574,1006.0635375976562,0.05518719553947449,1006.0635375976562
4726,19.779998779296875,40.5099983215332,0.6673380481726467,1033.4652099609375,0.04515653848648071,1033.4652099609375
4727,19.64583396911621,45.20000076293945,0.6829123790312936,1025.7120361328125,0.04789477586746216,1025.7120361328125
4728,19.864999771118164,43.21500015258789,0.6791126728730397,1032.0621337890625,0.06385070085525513,1032.0621337890625
4729,19.90333366394043,44.60000228881836,0.6499797055551781,997.61767578125,0.03766503930091858,997.61767578125
4730,19.366666793823242,40.62333297729492,0.6263129270614933,985.176025390625,0.06604081392288208,985.176025390625
4731,19.80666732788086,39.621665954589844,0.6621951159517057,998.53662109375,0.05164465308189392,998.53662109375
4732,20.101665496826172,41.58583450317383,0.6556043491288588,1030.8896484375,0.046315908432006836,1030.8896484375
4733,19.821666717529297,42.2066650390625,0.6742051651078237,1033.057373046875,0.06411576271057129,1033.057373046875
4734,20.25083351135254,41.14833450317383,0.7111160271038305,1040.932373046875,0.04648962616920471,1040.932373046875
4735,20.433334350585938,44.13666534423828,0.6721821201317466,1062.62353515625,0.07521164417266846,1062.62353515625
4736,20.100833892822266,43.87249755859375,0.6725760506379468,1007.417724609375,0.05687791109085083,1007.417724609375
4737,19.95916748046875,46.48833465576172,0.6995362755740141,990.9795532226562,0.04204961657524109,990.9795532226562
4738,20.015832901000977,44.839168548583984,0.6286952964058458,989.6798095703125,0.04567435383796692,989.6798095703125
4739,20.11750030517578,45.6158332824707,0.6621305104426236,1026.002685546875,0.05019530653953552,1026.002685546875
4740,20.48833465576172,38.589168548583984,0.6699512039487384,1040.764892578125,0.04825824499130249,1040.764892578125
4741,20.2450008392334,39.70249938964844,0.6588134524626548,1033.391845703125,0.04840362071990967,1033.391845703125
4742,20.139999389648438,42.20750045776367,0.6686606566337041,1032.1275634765625,0.0526086688041687,1032.1275634765625
4743,20.315834045410156,43.741668701171875,0.6717757868824289,1020.381103515625,0.046948403120040894,1020.381103515625
4744,20.13249969482422,40.65916442871094,0.6658231974835955,1050.551513671875,0.053908318281173706,1050.551513671875
4745,20.09083366394043,49.282501220703125,0.681175314420787,997.0087280273438,0.04290226101875305,997.0087280273438
4746,20.218334197998047,46.57666778564453,0.6477396909920825,1028.9290771484375,0.044060587882995605,1028.9290771484375
4747,19.50666618347168,42.07833480834961,0.6206148306878193,1012.5802612304688,0.035250186920166016,1012.5802612304688
4748,20.0,40.87583541870117,0.6601792199406715,1026.5396728515625,0.047933995723724365,1026.5396728515625
4749,20.052499771118164,49.77000045776367,0.6624482008663672,1007.2476806640625,0.04689261317253113,1007.2476806640625
4750,19.884166717529297,43.294166564941406,0.6557353992213796,1028.739501953125,0.04368892312049866,1028.739501953125
4751,19.952499389648438,44.47833251953125,0.6723167785857134,976.8899536132812,0.04078972339630127,976.8899536132812
4752,19.954166412353516,46.253334045410156,0.6794397992566317,1026.3953857421875,0.04779425263404846,1026.3953857421875
4753,19.814998626708984,36.891666412353516,0.6608777319211889,1039.89306640625,0.041413068771362305,1039.89306640625
4754,19.703332901000977,40.53916549682617,0.6708178162380919,1011.9381713867188,0.051539719104766846,1011.9381713867188
4755,19.92249870300293,39.89750289916992,0.6868749583684188,1032.0050048828125,0.04092204570770264,1032.0050048828125
4756,20.219165802001953,46.02583312988281,0.6843055824489201,1026.6226806640625,0.04182824492454529,1026.6226806640625
4757,19.508333206176758,37.348331451416016,0.6885536144159375,995.0884399414062,0.050114572048187256,995.0884399414062
4758,19.795833587646484,42.81999969482422,0.6176355718453453,1026.3372802734375,0.03303217887878418,1026.3372802734375
4759,19.412500381469727,34.89833450317383,0.6475049521539928,1067.702392578125,0.06647664308547974,1067.702392578125
4760,19.724998474121094,47.33250045776367,0.6743036577439323,971.46923828125,0.06258118152618408,971.46923828125
4761,19.878334045410156,39.961666107177734,0.6198023057328705,990.8236083984375,0.05531001091003418,990.8236083984375
4762,19.854999542236328,40.92416763305664,0.6591988886098247,1027.0245361328125,0.04782882332801819,1027.0245361328125
4763,20.400833129882812,44.82416915893555,0.6441099521689986,1028.0303955078125,0.04131120443344116,1028.0303955078125
4764,20.084999084472656,48.11083221435547,0.6769883379144028,1014.156494140625,0.041486382484436035,1014.156494140625
4765,19.982500076293945,44.595001220703125,0.6739803658765638,1021.3578491210938,0.04536193609237671,1021.3578491210938
4766,19.983333587646484,47.2591667175293,0.6809853885788821,1038.1239013671875,0.04226914048194885,1038.1239013671875
4767,19.286666870117188,36.82416534423828,0.6502209944828125,1006.5184936523438,0.06518718600273132,1006.5184936523438
4768,20.029998779296875,44.54916763305664,0.6824286835115049,1009.0222778320312,0.04227030277252197,1009.0222778320312
4769,20.25083351135254,47.415836334228516,0.6901750397484057,987.9966430664062,0.055792152881622314,987.9966430664062
4770,19.66083335876465,42.06999969482422,0.6724291589698109,1028.7181396484375,0.04732832312583923,1028.7181396484375
4771,21.86833381652832,42.807498931884766,0.6450773705286644,1038.7557373046875,0.04738861322402954,1038.7557373046875
4772,19.795000076293945,41.393333435058594,0.6675160984034418,1019.1547241210938,0.04974937438964844,1019.1547241210938
4773,20.02916717529297,43.85916519165039,0.6456273015615474,1023.8602294921875,0.03442251682281494,1023.8602294921875
4774,19.690834045410156,40.49583435058594,0.660523049342876,1015.833740234375,0.08457431197166443,1015.833740234375
4775,20.06166648864746,43.560001373291016,0.6750947058399541,1022.8812255859375,0.036253154277801514,1022.8812255859375
4776,20.306665420532227,45.71500015258789,0.6758265276980165,1042.0328369140625,0.04450109601020813,1042.0328369140625
4777,20.09166717529297,40.953330993652344,0.6343152066243725,1040.8739013671875,0.06725636124610901,1040.8739013671875
4778,19.959999084472656,35.521663665771484,0.6482884750640677,1050.16943359375,0.049422264099121094,1050.16943359375
4779,19.954166412353516,44.360836029052734,0.6708249684697517,1018.8995971679688,0.06377410888671875,1018.8995971679688
4780,19.871667861938477,40.130001068115234,0.6175557828763479,1052.00390625,0.060581713914871216,1052.00390625
4781,19.97749900817871,45.570831298828125,0.6511730935715663,1054.9190673828125,0.04496851563453674,1054.9190673828125
4782,19.698333740234375,38.8224983215332,0.6585884371422224,1051.0877685546875,0.07777601480484009,1051.0877685546875
4783,19.92416763305664,40.44499969482422,0.6651720600795784,1051.6923828125,0.0649673342704773,1051.6923828125
4784,19.72333335876465,42.282501220703125,0.6960101591543792,972.1229858398438,0.04296910762786865,972.1229858398438
4785,19.953332901000977,43.38833236694336,0.6956060856496384,1003.8598022460938,0.04144218564033508,1003.8598022460938
4786,19.731666564941406,39.09583282470703,0.6401803361553453,1041.8194580078125,0.0777861475944519,1041.8194580078125
4787,19.989999771118164,38.685001373291016,0.6473910222522488,1031.0823974609375,0.0823540985584259,1031.0823974609375
4788,19.502500534057617,42.942501068115234,0.6645343094375156,1020.7449951171875,0.04915386438369751,1020.7449951171875
4789,19.703332901000977,43.766666412353516,0.7152302501831969,1029.4227294921875,0.03441554307937622,1029.4227294921875
4790,19.88749885559082,41.934165954589844,0.6770142395919531,1025.693359375,0.04245707392692566,1025.693359375
4791,19.997499465942383,47.022499084472656,0.6673471364000247,996.4717407226562,0.05256280303001404,996.4717407226562
4792,19.877498626708984,44.92416763305664,0.6582379134865594,992.6289672851562,0.044829756021499634,992.6289672851562
4793,20.385833740234375,41.52666473388672,0.6525866776611147,1044.6417236328125,0.06750065088272095,1044.6417236328125
4794,19.784168243408203,38.25,0.6453768313117751,1020.2823486328125,0.05488741397857666,1020.2823486328125
4795,19.9424991607666,44.330833435058594,0.6876513526826785,997.4205322265625,0.041394561529159546,997.4205322265625
4796,19.80666732788086,43.551666259765625,0.6637211138807799,1029.0452880859375,0.047018975019454956,1029.0452880859375
4797,19.879167556762695,39.95166778564453,0.6392567197781494,997.1483154296875,0.03913360834121704,997.1483154296875
4798,19.83416748046875,40.75583267211914,0.6715550338428592,1009.5487670898438,0.07460072636604309,1009.5487670898438
4799,20.020000457763672,42.77166748046875,0.6470335516449406,992.5588989257812,0.05723348259925842,992.5588989257812
4800,20.08416748046875,46.44499969482422,0.6627367732507887,1039.3839111328125,0.04480287432670593,1039.3839111328125
4801,20.184999465942383,45.809165954589844,0.6566172136554523,1011.0452880859375,0.04864022135734558,1011.0452880859375
4802,20.0674991607666,43.34333419799805,0.644057939970244,1004.0784301757812,0.04923909902572632,1004.0784301757812
4803,20.060832977294922,44.20166778564453,0.6819172021329831,1007.4552001953125,0.04774793982505798,1007.4552001953125
4804,19.916667938232422,40.7308349609375,0.6673342392005288,1007.9866943359375,0.04667365550994873,1007.9866943359375
4805,19.948333740234375,44.813331604003906,0.6860680950130008,1041.388916015625,0.06050407886505127,1041.388916015625
4806,19.7358341217041,45.61000061035156,0.667291411798228,1018.71240234375,0.05320572853088379,1018.71240234375
4807,19.878334045410156,41.81083297729492,0.6501531726173376,1017.2815551757812,0.04659035801887512,1017.2815551757812
4808,19.877498626708984,43.22083282470703,0.6677843597362036,1005.0603637695312,0.03621360659599304,1005.0603637695312
4809,20.204166412353516,42.9283332824707,0.6723857549331178,978.880126953125,0.04431194067001343,978.880126953125
4810,20.246665954589844,47.016666412353516,0.6743054067008294,1037.647705078125,0.044292956590652466,1037.647705078125
4811,19.95916748046875,41.04999923706055,0.6969103982635939,1023.8861083984375,0.046943098306655884,1023.8861083984375
4812,20.00083351135254,40.36250305175781,0.6364750080476008,1020.6732788085938,0.04076176881790161,1020.6732788085938
4813,20.287500381469727,49.6158332824707,0.6357984302693611,1017.5100708007812,0.04751750826835632,1017.5100708007812
4814,20.219999313354492,48.3224983215332,0.6698005892363542,996.131103515625,0.05279803276062012,996.131103515625
4815,19.90333366394043,43.57416534423828,0.6671591848910703,994.4845581054688,0.03952932357788086,994.4845581054688
4816,20.2066650390625,43.600833892822266,0.6697881922638554,1047.6085205078125,0.04850175976753235,1047.6085205078125
4817,20.09749984741211,38.42333221435547,0.667647837797128,1000.0465087890625,0.03898775577545166,1000.0465087890625
4818,19.824167251586914,36.54083251953125,0.6857952437886832,1040.693603515625,0.0661630928516388,1040.693603515625
4819,20.2016658782959,44.121665954589844,0.6802827719795501,1017.61572265625,0.04570990800857544,1017.61572265625
4820,19.995834350585938,37.522499084472656,0.6517305172481165,995.1104736328125,0.041313111782073975,995.1104736328125
4821,19.850833892822266,41.52333450317383,0.6500853887249578,1015.708740234375,0.04288983345031738,1015.708740234375
4822,20.127500534057617,44.36833190917969,0.6774751248153368,1005.4637451171875,0.037914395332336426,1005.4637451171875
4823,20.174999237060547,40.37333297729492,0.6614137858168968,1026.6361083984375,0.051124006509780884,1026.6361083984375
4824,20.26583480834961,48.829166412353516,0.6895544063802415,1016.7114868164062,0.049038320779800415,1016.7114868164062
4825,20.2641658782959,44.051666259765625,0.6597662400002665,1039.05615234375,0.035316526889801025,1039.05615234375
4826,20.213333129882812,40.39666748046875,0.65249562550049,1026.021484375,0.054857492446899414,1026.021484375
4827,19.78583335876465,42.5816650390625,0.7178292030361423,1020.8974609375,0.059933632612228394,1020.8974609375
4828,19.90250015258789,42.102500915527344,0.6818242386859747,1054.596923828125,0.04773327708244324,1054.596923828125
4829,19.77833366394043,38.41166687011719,0.6503411686290386,1002.1972045898438,0.0622217059135437,1002.1972045898438
4830,19.89499855041504,44.330833435058594,0.669440496896109,1023.8882446289062,0.04824510216712952,1023.8882446289062
4831,20.092498779296875,46.891666412353516,0.6082857027273605,990.2404174804688,0.04793292284011841,990.2404174804688
4832,19.67416763305664,43.6349983215332,0.658933377970426,1014.1085815429688,0.07940119504928589,1014.1085815429688
4833,19.75749969482422,37.832496643066406,0.6808003533697935,1026.600830078125,0.050059348344802856,1026.600830078125
4834,19.944168090820312,42.32583236694336,0.6588067081846685,989.8101806640625,0.04099610447883606,989.8101806640625
4835,20.074167251586914,48.185001373291016,0.684026272355306,987.5892333984375,0.06507259607315063,987.5892333984375
4836,19.90166664123535,43.89833068847656,0.6486022850925692,999.1787719726562,0.05880352854728699,999.1787719726562
4837,19.64666748046875,40.67416763305664,0.6660668511328236,988.2284545898438,0.04182767868041992,988.2284545898438
4838,19.955833435058594,41.451663970947266,0.6636339033839547,1024.974365234375,0.05193418264389038,1024.974365234375
4839,20.00749969482422,42.68499755859375,0.6644414824132923,1020.7899169921875,0.044044822454452515,1020.7899169921875
4840,21.747499465942383,48.58833312988281,0.6562036301048642,1022.182373046875,0.04989403486251831,1022.182373046875
4841,19.77083396911621,40.27250289916992,0.6614606423563717,977.0355834960938,0.04476886987686157,977.0355834960938
4842,19.866666793823242,38.371665954589844,0.6522652726325763,1033.85888671875,0.0389975905418396,1033.85888671875
4843,19.90250015258789,48.61833572387695,0.6442348965545228,1016.59033203125,0.04283741116523743,1016.59033203125
4844,19.914167404174805,34.44333267211914,0.6426500083378098,1058.3251953125,0.0643535852432251,1058.3251953125
4845,20.05500030517578,41.522499084472656,0.6324040827267052,1068.064453125,0.06940144300460815,1068.064453125
4846,20.09666633605957,38.48249816894531,0.6363167715982496,1040.107177734375,0.04877114295959473,1040.107177734375
4847,20.15416717529297,41.08000183105469,0.6600660239411966,1055.6728515625,0.03366589546203613,1055.6728515625
4848,19.88749885559082,38.31749725341797,0.6565995181666893,1032.2598876953125,0.03735780715942383,1032.2598876953125
4849,21.635000228881836,42.913333892822266,0.6595116965606194,1024.96240234375,0.05078178644180298,1024.96240234375
4850,19.774999618530273,45.954166412353516,0.6590734015950176,1031.8223876953125,0.04903694987297058,1031.8223876953125
4851,19.8174991607666,45.76416778564453,0.6749992009627324,1032.1495361328125,0.05037790536880493,1032.1495361328125
4852,20.09583282470703,45.5341682434082,0.6850148706567818,999.5913696289062,0.06220585107803345,999.5913696289062
4853,19.856666564941406,42.920833587646484,0.6753478778110631,1012.6754760742188,0.05381697416305542,1012.6754760742188
4854,21.985000610351562,45.54666519165039,0.6329392216740461,1033.386474609375,0.054807066917419434,1033.386474609375
4855,19.991666793823242,43.85416793823242,0.6753257183066224,985.2785034179688,0.04855307936668396,985.2785034179688
4856,20.070833206176758,41.220001220703125,0.6533112410115092,1039.2484130859375,0.04920083284378052,1039.2484130859375
4857,19.9233341217041,44.57749938964844,0.6911827823026356,1024.304931640625,0.03334251046180725,1024.304931640625
4858,20.13166618347168,45.94499969482422,0.6622736444332429,985.9968872070312,0.041895151138305664,985.9968872070312
4859,20.13249969482422,41.628334045410156,0.6855997104517162,1038.2564697265625,0.0522579550743103,1038.2564697265625
4860,20.082500457763672,43.07500076293945,0.6637713901885058,1019.661865234375,0.05102342367172241,1019.661865234375
4861,19.524166107177734,41.39833450317383,0.6730490504189686,1049.2724609375,0.05339154601097107,1049.2724609375
4862,19.702499389648438,40.967498779296875,0.6508251454160722,1019.8239135742188,0.05310326814651489,1019.8239135742188
4863,19.77833366394043,43.657501220703125,0.6716829438500018,1026.9600830078125,0.03174328804016113,1026.9600830078125
4864,19.78583335876465,40.358333587646484,0.6807945447352919,1039.91162109375,0.052531659603118896,1039.91162109375
4865,19.97333335876465,44.96083068847656,0.6979415544375175,997.793701171875,0.06198206543922424,997.793701171875
4866,20.019166946411133,46.91666793823242,0.673895347406457,1039.9630126953125,0.05549558997154236,1039.9630126953125
4867,19.511667251586914,40.15250015258789,0.6241608596700796,986.6348876953125,0.058252036571502686,986.6348876953125
4868,19.540000915527344,41.24749755859375,0.6365070658102288,1061.0380859375,0.07144609093666077,1061.0380859375
4869,20.225000381469727,45.355831146240234,0.6623260991710699,1040.1112060546875,0.04286035895347595,1040.1112060546875
4870,19.831666946411133,44.97416687011719,0.6795298459244214,986.299560546875,0.04117506742477417,986.299560546875
4871,19.877498626708984,46.654998779296875,0.6863307536060854,1005.7000732421875,0.04753163456916809,1005.7000732421875
4872,19.79916763305664,43.79499816894531,0.6436736464730354,1012.1058349609375,0.05331474542617798,1012.1058349609375
4873,20.36750030517578,45.09583282470703,0.643907599434109,1014.4751586914062,0.04265737533569336,1014.4751586914062
4874,20.274999618530273,44.63999938964844,0.7174147212464463,1014.0255126953125,0.038830697536468506,1014.0255126953125
4875,19.998332977294922,41.04916763305664,0.6595878107688817,1005.9470825195312,0.04543882608413696,1005.9470825195312
4876,20.13249969482422,41.76166534423828,0.7015909846327362,1040.607666015625,0.041914165019989014,1040.607666015625
4877,20.109167098999023,39.22249984741211,0.6630472986012563,1049.251708984375,0.05749034881591797,1049.251708984375
4878,20.08416748046875,40.864166259765625,0.6519618130377969,1037.1568603515625,0.034289419651031494,1037.1568603515625
4879,19.524999618530273,40.19166564941406,0.6498507263839074,985.41845703125,0.06848177313804626,985.41845703125
4880,19.93000030517578,42.108333587646484,0.6739289774772548,1039.47998046875,0.040045857429504395,1039.47998046875
4881,20.065834045410156,40.91166687011719,0.6402130796181849,1052.109375,0.053529828786849976,1052.109375
4882,20.24250030517578,41.205833435058594,0.6215609207364388,1035.19775390625,0.05692651867866516,1035.19775390625
4883,20.399999618530273,46.424163818359375,0.6889947601621145,1009.1654052734375,0.057058095932006836,1009.1654052734375
4884,19.78333282470703,33.2841682434082,0.634563838523835,1024.6094970703125,0.07786592841148376,1024.6094970703125
4885,19.927499771118164,42.68833541870117,0.6882299145416956,998.2769775390625,0.05277132987976074,998.2769775390625
4886,20.13166618347168,49.51499938964844,0.6634299773097728,1039.68603515625,0.05935525894165039,1039.68603515625
4887,19.668333053588867,43.11166763305664,0.7037984155917586,1004.3533935546875,0.05170121788978577,1004.3533935546875
4888,19.822500228881836,43.165000915527344,0.6888283073662191,976.8706665039062,0.043141335248947144,976.8706665039062
4889,19.615833282470703,39.80083465576172,0.6539782438996828,987.9924926757812,0.059987932443618774,987.9924926757812
4890,20.059999465942383,42.12666702270508,0.6759703933164583,1001.5294799804688,0.054524749517440796,1001.5294799804688
4891,19.98499870300293,41.91166687011719,0.6929375914479526,1053.3951416015625,0.03842979669570923,1053.3951416015625
4892,20.19499969482422,43.834999084472656,0.723219116960524,1024.1527099609375,0.04268708825111389,1024.1527099609375
4893,19.948333740234375,43.514163970947266,0.6881370448417068,1010.3053588867188,0.05198848247528076,1010.3053588867188
4894,19.764999389648438,37.295833587646484,0.6738165770636841,1062.8038330078125,0.037122488021850586,1062.8038330078125
4895,19.753334045410156,39.97333526611328,0.6983711925406765,1038.900634765625,0.05061119794845581,1038.900634765625
4896,19.667499542236328,38.42333221435547,0.6494166941075107,1068.8272705078125,0.06314831972122192,1068.8272705078125
4897,19.93666648864746,40.47249984741211,0.6605694251298339,997.73876953125,0.0654350221157074,997.73876953125
4898,19.878334045410156,44.891666412353516,0.6901222098353028,1025.6256103515625,0.04225161671638489,1025.6256103515625
4899,19.954166412353516,44.356666564941406,0.6804666699092027,1015.2092895507812,0.0484464168548584,1015.2092895507812
4900,19.97083282470703,38.47916793823242,0.6892391124290749,1028.205810546875,0.044902533292770386,1028.205810546875
4901,20.02750015258789,43.336666107177734,0.6685126031152643,1031.8873291015625,0.05477586388587952,1031.8873291015625
4902,20.15999984741211,37.80500030517578,0.6833093331172604,1035.532470703125,0.050727635622024536,1035.532470703125
4903,20.149166107177734,40.86249923706055,0.6549896460706714,1029.2056884765625,0.05826985836029053,1029.2056884765625
4904,20.290000915527344,46.775001525878906,0.7094698086061215,1006.9125366210938,0.05757907032966614,1006.9125366210938
4905,20.330833435058594,42.51499938964844,0.6809215017778545,978.1437377929688,0.054589927196502686,978.1437377929688
4906,20.094165802001953,44.22083282470703,0.6267001316383594,1011.1229248046875,0.04379129409790039,1011.1229248046875
4907,20.338333129882812,40.793331146240234,0.6952814318489214,1019.18408203125,0.04744851589202881,1019.18408203125
4908,20.050832748413086,45.79083251953125,0.700914039902805,1016.6796264648438,0.04710802435874939,1016.6796264648438
4909,20.48750114440918,41.93083190917969,0.6595152147139036,1058.3658447265625,0.04667922854423523,1058.3658447265625
4910,20.019166946411133,46.4183349609375,0.6472767267813078,1009.650146484375,0.06431901454925537,1009.650146484375
4911,20.004167556762695,37.72999954223633,0.6775251750451079,1052.6331787109375,0.06398683786392212,1052.6331787109375
4912,20.32416534423828,43.9033317565918,0.692532135228895,1031.07470703125,0.0488448441028595,1031.07470703125
4913,20.193334579467773,40.93083572387695,0.6828203032945739,1030.4417724609375,0.04346871376037598,1030.4417724609375
4914,20.39083480834961,45.60333251953125,0.679633021266911,993.3787231445312,0.046184808015823364,993.3787231445312
4915,20.371665954589844,42.55083084106445,0.6562494751282081,997.6080322265625,0.04805004596710205,997.6080322265625
4916,20.365833282470703,36.43833541870117,0.6735392200878048,1014.4249267578125,0.052432745695114136,1014.4249267578125
4917,20.521665573120117,41.37583541870117,0.6437048050715501,970.6863403320312,0.048023730516433716,970.6863403320312
4918,20.371665954589844,45.70249938964844,0.6710121081619289,1004.5449829101562,0.055014073848724365,1004.5449829101562
4919,20.566665649414062,46.91999816894531,0.7052307272711111,1029.645751953125,0.04073658585548401,1029.645751953125
4920,20.103334426879883,42.31916809082031,0.6523204872479824,1009.1461181640625,0.05113387107849121,1009.1461181640625
4921,20.164165496826172,41.89249801635742,0.6827864652848759,992.0844116210938,0.05023163557052612,992.0844116210938
4922,19.78999900817871,41.162498474121094,0.6565011033790684,1003.6094360351562,0.04780024290084839,1003.6094360351562
4923,20.167499542236328,40.649166107177734,0.7423474191006452,1062.205322265625,0.04108327627182007,1062.205322265625
4924,20.353334426879883,44.176666259765625,0.6936147963227033,1068.5157470703125,0.03572875261306763,1068.5157470703125
4925,20.268333435058594,46.94333267211914,0.6516988161957492,1002.53369140625,0.04034295678138733,1002.53369140625
4926,20.239999771118164,37.23416519165039,0.6759140254955502,1028.8997802734375,0.06813472509384155,1028.8997802734375
4927,19.91499900817871,41.08333206176758,0.657947120138417,1003.8798828125,0.05821147561073303,1003.8798828125
4928,20.42583465576172,50.22833251953125,0.6598089018712436,1010.1876220703125,0.046817898750305176,1010.1876220703125
4929,20.275833129882812,39.58833312988281,0.6559840535217636,1034.2384033203125,0.05418780446052551,1034.2384033203125
4930,20.34666633605957,45.6683349609375,0.6692171640936762,998.434326171875,0.05431362986564636,998.434326171875
4931,20.122499465942383,47.01333236694336,0.6889520763310386,1009.9725341796875,0.05168712139129639,1009.9725341796875
4932,20.2983341217041,42.0091667175293,0.6840406043474124,1038.9718017578125,0.05519920587539673,1038.9718017578125
4933,20.294166564941406,41.90666580200195,0.6797252630000528,997.2388916015625,0.05139961838722229,997.2388916015625
4934,20.025833129882812,45.600833892822266,0.6716055829875759,974.2708129882812,0.07001084089279175,974.2708129882812
4935,20.123332977294922,42.59000015258789,0.6478509114375637,997.4705810546875,0.042238086462020874,997.4705810546875
4936,19.980833053588867,41.02000045776367,0.7093158803440074,984.5928344726562,0.04033222794532776,984.5928344726562
4937,20.04166603088379,40.711669921875,0.6616921285486824,999.1001586914062,0.03849652409553528,999.1001586914062
4938,19.876667022705078,37.647499084472656,0.6428368016350727,1018.5574340820312,0.06076246500015259,1018.5574340820312
4939,20.025833129882812,43.69416427612305,0.6706497650557071,991.5183715820312,0.037544310092926025,991.5183715820312
4940,20.572500228881836,44.63249969482422,0.6667382311351362,1022.5181274414062,0.04229244589805603,1022.5181274414062
4941,20.475000381469727,41.94416809082031,0.7090065604230782,994.1480712890625,0.053070276975631714,994.1480712890625
4942,20.3608341217041,44.89833450317383,0.6940315570091042,1036.06689453125,0.05775287747383118,1036.06689453125
4943,20.350000381469727,42.46083068847656,0.6655055574204809,996.228271484375,0.039943039417266846,996.228271484375
4944,21.920000076293945,41.90999984741211,0.6392230124318505,985.3024291992188,0.04905363917350769,985.3024291992188
4945,20.407499313354492,46.33333206176758,0.6900956181403872,1024.62158203125,0.0490705668926239,1024.62158203125
4946,20.236665725708008,41.96083068847656,0.6576529834073123,998.0628662109375,0.05620145797729492,998.0628662109375
4947,20.539165496826172,36.14500045776367,0.6650327056134229,1034.1949462890625,0.057504236698150635,1034.1949462890625
4948,20.216665267944336,45.34916687011719,0.6481566606464372,1023.3450317382812,0.046685993671417236,1023.3450317382812
4949,20.149999618530273,41.0341682434082,0.6769866453264091,1026.4810791015625,0.05597451329231262,1026.4810791015625
4950,20.3075008392334,44.643333435058594,0.7094902810551134,1038.0672607421875,0.043057382106781006,1038.0672607421875
4951,20.421667098999023,51.76499938964844,0.6770971774901795,1015.6890869140625,0.04403871297836304,1015.6890869140625
4952,20.24333381652832,37.415000915527344,0.6601692968798718,1048.945068359375,0.05340275168418884,1048.945068359375
4953,20.11833381652832,39.045833587646484,0.6565957449109828,1014.4385375976562,0.0402224063873291,1014.4385375976562
4954,20.06999969482422,43.26333236694336,0.6944576083988486,983.3482055664062,0.04485362768173218,983.3482055664062
4955,19.944168090820312,38.93583297729492,0.7160278704465965,1044.232666015625,0.04191747307777405,1044.232666015625
4956,19.921667098999023,45.65583419799805,0.7047377613812408,1009.2180786132812,0.04638439416885376,1009.2180786132812
4957,20.1875,41.935001373291016,0.6911621555126163,994.9189453125,0.05309855937957764,994.9189453125
4958,20.11916732788086,37.34916687011719,0.7153897889150963,1027.745849609375,0.05660542845726013,1027.745849609375
4959,20.349166870117188,42.041664123535156,0.6632430579959103,977.708984375,0.041511982679367065,977.708984375
4960,20.183334350585938,38.63333511352539,0.6583449488127957,1022.91455078125,0.05955955386161804,1022.91455078125
4961,20.509166717529297,40.81749725341797,0.7010722611002188,1059.4388427734375,0.05968993902206421,1059.4388427734375
4962,20.189167022705078,42.717498779296875,0.6807891433500495,968.8515014648438,0.04566943645477295,968.8515014648438
4963,20.394166946411133,41.79916763305664,0.656651329940263,1027.894775390625,0.04570436477661133,1027.894775390625
4964,20.3266658782959,47.829166412353516,0.6700211926837699,992.7470092773438,0.04698571562767029,992.7470092773438
4965,20.38249969482422,46.747501373291016,0.7013624681179793,998.0386962890625,0.037823766469955444,998.0386962890625
4966,20.120834350585938,39.87999725341797,0.667605740246878,1025.7119140625,0.04439800977706909,1025.7119140625
4967,20.440834045410156,38.1875,0.6635465911213045,1021.9820556640625,0.04622986912727356,1021.9820556640625
4968,20.53333282470703,43.11750030517578,0.667077314714831,1013.952392578125,0.04072868824005127,1013.952392578125
4969,20.515832901000977,52.02833557128906,0.682317873617918,993.216552734375,0.05739074945449829,993.216552734375
4970,20.107500076293945,45.1683349609375,0.6753257058871581,977.653076171875,0.03887045383453369,977.653076171875
4971,20.407499313354492,41.59083557128906,0.6337232006056411,1031.513916015625,0.04639095067977905,1031.513916015625
4972,20.082500457763672,42.079166412353516,0.680168921866752,1016.3203125,0.04114672541618347,1016.3203125
4973,20.140832901000977,40.24250030517578,0.647232819181586,1062.7396240234375,0.055435240268707275,1062.7396240234375
4974,20.121665954589844,40.42250061035156,0.6730271176884217,1039.5269775390625,0.0602838397026062,1039.5269775390625
4975,20.30500030517578,39.93333435058594,0.6554697387552413,1046.0262451171875,0.04951435327529907,1046.0262451171875
4976,20.524166107177734,42.49333572387695,0.6445922958532895,1044.107421875,0.043188124895095825,1044.107421875
4977,20.200000762939453,40.436668395996094,0.6462326162226839,1070.8681640625,0.05150407552719116,1070.8681640625
4978,20.264999389648438,43.79833221435547,0.6404810664304292,1031.0440673828125,0.04405441880226135,1031.0440673828125
4979,20.34833335876465,43.21416473388672,0.6598964163893786,1020.0541381835938,0.05075487494468689,1020.0541381835938
4980,20.774999618530273,41.21333312988281,0.6519557722994209,1028.5517578125,0.04670819640159607,1028.5517578125
4981,19.989166259765625,37.024166107177734,0.649182060891312,1027.07275390625,0.05184575915336609,1027.07275390625
4982,20.622499465942383,44.26333236694336,0.6493909641838533,1033.237548828125,0.05333128571510315,1033.237548828125
4983,20.606666564941406,45.711666107177734,0.6674630951412098,1007.9746704101562,0.03802528977394104,1007.9746704101562
4984,20.633333206176758,38.92250061035156,0.6650209046083735,1028.3031005859375,0.04804706573486328,1028.3031005859375
4985,20.685832977294922,37.649166107177734,0.6605333054881715,995.9907836914062,0.04989898204803467,995.9907836914062
4986,20.25,34.73666763305664,0.6413848793131613,1047.32373046875,0.06202340126037598,1047.32373046875
4987,20.417499542236328,43.729164123535156,0.6935444855362158,987.088623046875,0.04280805587768555,987.088623046875
4988,20.060832977294922,42.57583236694336,0.6436878647102076,1049.91552734375,0.04962757229804993,1049.91552734375
4989,20.26583480834961,40.53499984741211,0.695485340521675,997.220947265625,0.03342866897583008,997.220947265625
4990,21.69999885559082,41.17166519165039,0.6646788229034628,979.1043701171875,0.042752355337142944,979.1043701171875
4991,20.445833206176758,38.670833587646484,0.6608311020795691,1044.0382080078125,0.04411017894744873,1044.0382080078125
4992,20.65416717529297,45.5716667175293,0.6455255330597724,1041.589599609375,0.04873564839363098,1041.589599609375
4993,20.38249969482422,43.45166778564453,0.7068716178553237,1018.0905151367188,0.04305827617645264,1018.0905151367188
4994,19.9858341217041,40.33250045776367,0.654776254583761,1009.4255981445312,0.04309311509132385,1009.4255981445312
4995,20.294166564941406,46.9375,0.6814231803585844,969.7836303710938,0.047772496938705444,969.7836303710938
4996,19.829166412353516,41.38249969482422,0.6684848936089884,994.65966796875,0.04717963933944702,994.65966796875
4997,20.299999237060547,43.651668548583984,0.6899736493838085,996.1568603515625,0.043536990880966187,996.1568603515625
4998,20.28583335876465,43.87166976928711,0.6990851859950635,1037.2640380859375,0.03495857119560242,1037.2640380859375
4999,20.230833053588867,40.448333740234375,0.6647004404601415,988.614501953125,0.033710360527038574,988.614501953125
5000,19.815834045410156,36.81666564941406,0.6287886601937747,990.5791625976562,0.05999654531478882,990.5791625976562
5001,19.759166717529297,40.63249969482422,0.6887243324684276,994.0862426757812,0.048745959997177124,994.0862426757812
5002,20.429166793823242,40.09166717529297,0.659830285755072,1078.80859375,0.0477336049079895,1078.80859375
5003,20.09833335876465,43.869998931884766,0.6667443105312748,997.6201171875,0.04513409733772278,997.6201171875
5004,20.190000534057617,43.77166748046875,0.6821002824268205,1018.262451171875,0.06744685769081116,1018.262451171875
5005,20.139999389648438,46.58833312988281,0.6769770266081362,1068.7652587890625,0.050347357988357544,1068.7652587890625
5006,19.9858341217041,43.331668853759766,0.676781710519117,990.7347412109375,0.05057653784751892,990.7347412109375
5007,19.997499465942383,36.6349983215332,0.6652791182219815,1039.810791015625,0.05487224459648132,1039.810791015625
5008,20.02916717529297,44.21500015258789,0.6857158308438365,1007.5429077148438,0.04706847667694092,1007.5429077148438
5009,19.88916778564453,39.27833557128906,0.6418201190788171,1029.001220703125,0.05199795961380005,1029.001220703125
5010,20.272499084472656,40.59749984741211,0.672398145601258,1068.58984375,0.037320852279663086,1068.58984375
5011,19.962499618530273,39.76583480834961,0.6758733152373632,1038.3135986328125,0.047755420207977295,1038.3135986328125
5012,20.09749984741211,44.600833892822266,0.706501076813741,1004.328369140625,0.04588732123374939,1004.328369140625
5013,20.27750015258789,42.34333419799805,0.637539711552624,1003.720458984375,0.05297994613647461,1003.720458984375
5014,20.01416778564453,39.4908332824707,0.6669733789795923,1024.3665771484375,0.040821582078933716,1024.3665771484375
5015,20.101665496826172,41.21916580200195,0.6438257200006768,995.9862670898438,0.05124858021736145,995.9862670898438
5016,19.909168243408203,45.82666778564453,0.7393468867875115,973.0567626953125,0.054233938455581665,973.0567626953125
5017,20.376667022705078,46.57999801635742,0.6553436464000564,974.2726440429688,0.0543457567691803,974.2726440429688
5018,20.00583267211914,37.453330993652344,0.6868845373569598,1040.3878173828125,0.05200767517089844,1040.3878173828125
5019,19.801668167114258,36.91999816894531,0.6751928016827422,1005.1616821289062,0.07165023684501648,1005.1616821289062
5020,19.827499389648438,37.37666702270508,0.7003504958828923,1064.1885986328125,0.06270730495452881,1064.1885986328125
5021,20.086666107177734,46.013336181640625,0.6902321320925655,1013.3605346679688,0.04390189051628113,1013.3605346679688
5022,19.989999771118164,44.46916580200195,0.7013879062928674,1007.6644287109375,0.04610413312911987,1007.6644287109375
5023,20.216665267944336,44.839168548583984,0.6837961650912012,1015.7946166992188,0.054616451263427734,1015.7946166992188
5024,20.072500228881836,42.625,0.6923379772915589,1045.8446044921875,0.04538282752037048,1045.8446044921875
5025,20.11750030517578,44.7400016784668,0.6993115169572789,994.6329345703125,0.04542356729507446,994.6329345703125
5026,20.001667022705078,47.06916809082031,0.7120015953574768,1012.8842163085938,0.04922029376029968,1012.8842163085938
5027,20.040834426879883,37.14999771118164,0.6828699898933144,1048.681640625,0.03916943073272705,1048.681640625
5028,19.458332061767578,37.38916778564453,0.6893357492157028,978.1135864257812,0.05356273055076599,978.1135864257812
5029,19.74416732788086,40.967498779296875,0.6797144454521388,1026.6302490234375,0.04119527339935303,1026.6302490234375
5030,19.86916732788086,39.84000015258789,0.6609038720926591,990.326416015625,0.04556930065155029,990.326416015625
5031,20.15916633605957,40.364166259765625,0.6893585791272123,1075.3533935546875,0.04093736410140991,1075.3533935546875
5032,20.148334503173828,41.57833480834961,0.6810215265493351,1041.1220703125,0.0371132493019104,1041.1220703125
5033,20.00666618347168,43.2308349609375,0.659665987397268,1018.4451293945312,0.0384407639503479,1018.4451293945312
5034,19.83416748046875,38.4183349609375,0.6943844608835066,1026.205322265625,0.04949057102203369,1026.205322265625
5035,20.09749984741211,42.95249938964844,0.6743544922327624,1008.6324462890625,0.0615997314453125,1008.6324462890625
5036,20.126667022705078,44.02166748046875,0.6944177364314756,1030.07275390625,0.05772480368614197,1030.07275390625
5037,19.775833129882812,40.07583236694336,0.6579447527580281,984.6488037109375,0.04632118344306946,984.6488037109375
5038,20.071666717529297,38.945831298828125,0.6703010654570077,1026.0399169921875,0.043232113122940063,1026.0399169921875
5039,19.97249984741211,42.63166809082031,0.688648079244697,999.8140258789062,0.053195565938949585,999.8140258789062
5040,19.87416648864746,45.74583435058594,0.6779621866336382,1029.044677734375,0.04887288808822632,1029.044677734375
5041,19.88083267211914,40.10166549682617,0.6432807291465381,1036.6055908203125,0.038095682859420776,1036.6055908203125
5042,20.315834045410156,48.330833435058594,0.6608785863789421,1047.646728515625,0.04266154766082764,1047.646728515625
5043,20.17583465576172,42.61249923706055,0.67159070766874,1054.0594482421875,0.05202576518058777,1054.0594482421875
5044,20.088333129882812,40.950836181640625,0.6615417903051249,1058.2607421875,0.04902264475822449,1058.2607421875
5045,20.18000030517578,44.31500244140625,0.6819694552357948,1026.8936767578125,0.04193192720413208,1026.8936767578125
5046,20.315834045410156,43.46916580200195,0.6961411095910648,1027.127197265625,0.0479758083820343,1027.127197265625
5047,20.123332977294922,43.48666763305664,0.6833290014814635,983.5408325195312,0.05412173271179199,983.5408325195312
5048,20.334999084472656,49.772499084472656,0.6907265484445411,1007.5584106445312,0.06007349491119385,1007.5584106445312
5049,20.150833129882812,44.633331298828125,0.6878040005578797,1010.5560913085938,0.043568819761276245,1010.5560913085938
5050,20.143333435058594,40.67749786376953,0.6399108046706076,1007.7890625,0.0523468554019928,1007.7890625
5051,20.230833053588867,45.205833435058594,0.6707395204624989,1055.0718994140625,0.042738914489746094,1055.0718994140625
5052,20.024166107177734,40.901668548583984,0.6475038668105384,1013.8223876953125,0.041559308767318726,1013.8223876953125
5053,20.268333435058594,44.59166717529297,0.6072476172544593,1015.769287109375,0.05095711350440979,1015.769287109375
5054,19.63249969482422,38.1341667175293,0.6441631992783976,1040.875732421875,0.04654911160469055,1040.875732421875
5055,19.962499618530273,44.0533332824707,0.606708770005472,1015.8240966796875,0.043301552534103394,1015.8240966796875
5056,19.9858341217041,42.84333419799805,0.6683535063146142,1004.1106567382812,0.04151454567909241,1004.1106567382812
5057,20.17166519165039,40.96416473388672,0.6741501397777134,1037.62353515625,0.04522359371185303,1037.62353515625
5058,19.685832977294922,33.52000045776367,0.6485581407280974,1003.6838989257812,0.04975283145904541,1003.6838989257812
5059,19.88916778564453,40.39833068847656,0.6999307077598931,1026.7857666015625,0.04822152853012085,1026.7857666015625
5060,20.074167251586914,44.53333282470703,0.6993859740987685,1009.8101806640625,0.05433335900306702,1009.8101806640625
5061,20.364166259765625,45.067501068115234,0.6373970181583873,1000.6524047851562,0.044929057359695435,1000.6524047851562
5062,20.079166412353516,47.44583511352539,0.6864610970985003,997.4627685546875,0.05029326677322388,997.4627685546875
5063,20.486665725708008,45.01333236694336,0.6675207269333431,1062.129150390625,0.039157092571258545,1062.129150390625
5064,20.18083381652832,47.97249984741211,0.7019945012135254,1025.535888671875,0.051812320947647095,1025.535888671875
5065,20.022499084472656,43.69750213623047,0.6678757788544685,1012.2459716796875,0.05184921622276306,1012.2459716796875
5066,20.001667022705078,43.3941650390625,0.6877378953014507,1010.8292236328125,0.05256009101867676,1010.8292236328125
5067,19.821666717529297,41.15999984741211,0.6820746900012938,1021.530517578125,0.04555514454841614,1021.530517578125
5068,20.058334350585938,42.77000045776367,0.7174320671398772,989.0479125976562,0.04623609781265259,989.0479125976562
5069,20.02166748046875,40.529998779296875,0.6794870451550632,1025.5084228515625,0.06171116232872009,1025.5084228515625
5070,20.2691650390625,45.73250198364258,0.7032142486026312,1036.96435546875,0.051860541105270386,1036.96435546875
5071,20.060832977294922,43.08250045776367,0.6672864477614158,1004.5769653320312,0.042810142040252686,1004.5769653320312
5072,20.209999084472656,44.6683349609375,0.6963303595521813,1004.1304931640625,0.05048832297325134,1004.1304931640625
5073,20.020000457763672,42.89999771118164,0.7184229787871427,1013.0441284179688,0.04074501991271973,1013.0441284179688
5074,19.761667251586914,43.45916748046875,0.7242069282406913,1005.6598510742188,0.03986048698425293,1005.6598510742188
5075,19.939167022705078,39.48999786376953,0.6871518312035334,1034.7716064453125,0.04746377468109131,1034.7716064453125
5076,19.996665954589844,43.02499771118164,0.6782441808226336,1019.5502319335938,0.06026354432106018,1019.5502319335938
5077,19.945833206176758,41.32083511352539,0.7295000439264563,1058.9986572265625,0.03278833627700806,1058.9986572265625
5078,20.190000534057617,48.807498931884766,0.6864913208621395,1021.963134765625,0.041462332010269165,1021.963134765625
5079,19.69999885559082,35.823333740234375,0.6932119023529559,1019.5857543945312,0.05077707767486572,1019.5857543945312
5080,20.100833892822266,43.43083190917969,0.6792042016813745,1011.0806884765625,0.041491419076919556,1011.0806884765625
5081,20.148334503173828,42.12916946411133,0.6954480384724331,1014.2044067382812,0.04108503460884094,1014.2044067382812
5082,20.03333282470703,42.994163513183594,0.7005529733443614,1006.8038940429688,0.03558725118637085,1006.8038940429688
5083,19.699167251586914,42.15666580200195,0.6738927096028675,1020.238525390625,0.03435516357421875,1020.238525390625
5084,19.877498626708984,34.72416687011719,0.6829696575963382,1006.3814697265625,0.04730832576751709,1006.3814697265625
5085,20.352500915527344,47.36833190917969,0.670365985417571,1015.6444702148438,0.04698196053504944,1015.6444702148438
5086,20.13666534423828,47.806663513183594,0.6615948267767551,1021.7876586914062,0.047650277614593506,1021.7876586914062
5087,19.835832595825195,38.90250015258789,0.7062870894589294,1028.2974853515625,0.039999306201934814,1028.2974853515625
5088,20.16666603088379,42.40166473388672,0.6914770752544102,1001.8585815429688,0.05022478103637695,1001.8585815429688
5089,20.203332901000977,46.393333435058594,0.7245400305045839,1050.6593017578125,0.039266347885131836,1050.6593017578125
5090,20.093334197998047,45.85750198364258,0.6417275631952949,1033.9010009765625,0.05601087212562561,1033.9010009765625
5091,20.34083366394043,44.17000198364258,0.6850599834106121,1034.9681396484375,0.047360748052597046,1034.9681396484375
5092,19.997499465942383,46.829166412353516,0.683015747504508,997.2393798828125,0.04686051607131958,997.2393798828125
5093,20.103334426879883,39.54750061035156,0.6972313746880057,1036.322021484375,0.04199099540710449,1036.322021484375
5094,20.30083465576172,43.33333206176758,0.7002134255268126,1018.6679077148438,0.05541396141052246,1018.6679077148438
5095,19.990833282470703,41.2691650390625,0.6521591799611977,1028.40234375,0.05150976777076721,1028.40234375
5096,20.233333587646484,35.810001373291016,0.6861562561153736,1014.6212158203125,0.04622972011566162,1014.6212158203125
5097,21.669166564941406,42.64500045776367,0.6826599723777809,1020.4490966796875,0.03828272223472595,1020.4490966796875
5098,20.384166717529297,43.352500915527344,0.6691950722455193,1043.8907470703125,0.04162532091140747,1043.8907470703125
5099,20.219165802001953,44.010833740234375,0.6775662711238211,1016.222412109375,0.039927899837493896,1016.222412109375
5100,19.884166717529297,45.461666107177734,0.7015896010283249,1012.7470703125,0.05120256543159485,1012.7470703125
5101,20.216665267944336,37.25749969482422,0.6933244097379492,1009.5001220703125,0.05845457315444946,1009.5001220703125
5102,20.36333465576172,40.02166748046875,0.6775077098190871,1024.43359375,0.055356115102767944,1024.43359375
5103,19.911666870117188,43.80583572387695,0.6647236056887996,1025.672607421875,0.04589033126831055,1025.672607421875
5104,20.104999542236328,41.679168701171875,0.7236202145849584,1021.8335571289062,0.05020526051521301,1021.8335571289062
5105,20.292499542236328,46.88666915893555,0.6802736168096468,970.7056884765625,0.053155213594436646,970.7056884765625
5106,20.0049991607666,42.82583236694336,0.7506346691747146,1011.1956787109375,0.04398530721664429,1011.1956787109375
5107,19.97333335876465,41.58833312988281,0.6891628709711791,1026.283935546875,0.053974926471710205,1026.283935546875
5108,20.13249969482422,43.165000915527344,0.680556255249996,1003.54736328125,0.04323044419288635,1003.54736328125
5109,20.273334503173828,46.169166564941406,0.6770482646115492,989.9354248046875,0.04211914539337158,989.9354248046875
5110,20.225833892822266,42.818336486816406,0.7306803829028624,1003.9987182617188,0.057858675718307495,1003.9987182617188
5111,20.282499313354492,41.50749969482422,0.7021121526014761,1048.5458984375,0.07182499766349792,1048.5458984375
5112,20.073333740234375,49.000831604003906,0.6889782799515589,988.5223388671875,0.052352696657180786,988.5223388671875
5113,20.200834274291992,40.309165954589844,0.6867009327908331,1021.4071655273438,0.042952269315719604,1021.4071655273438
5114,20.18833351135254,38.93083190917969,0.6561674888853403,1075.694091796875,0.04400750994682312,1075.694091796875
5115,20.02166748046875,40.157501220703125,0.6900370564259473,1039.1414794921875,0.0447918176651001,1039.1414794921875
5116,20.190834045410156,42.314998626708984,0.6743259258243071,1017.7713012695312,0.05215048789978027,1017.7713012695312
5117,19.939998626708984,42.88083267211914,0.7162367319081623,1018.0464477539062,0.04142925143241882,1018.0464477539062
5118,20.02083396911621,40.21750259399414,0.6990953615927821,1011.4478149414062,0.04865416884422302,1011.4478149414062
5119,19.997499465942383,42.46999740600586,0.6906844105505356,995.9900512695312,0.050909340381622314,995.9900512695312
5120,19.960832595825195,44.85166549682617,0.6789160102214029,1024.92626953125,0.05372118949890137,1024.92626953125
5121,20.02833366394043,39.67166519165039,0.6690055593541677,1014.3820190429688,0.0387226939201355,1014.3820190429688
5122,20.0,36.21083068847656,0.6735371485941111,1011.9927978515625,0.0728413462638855,1011.9927978515625
5123,20.109167098999023,38.929168701171875,0.6954946320595323,1068.7916259765625,0.05903947353363037,1068.7916259765625
5124,20.00666618347168,42.70916748046875,0.6885199439774152,1063.3095703125,0.06453511118888855,1063.3095703125
5125,20.114999771118164,41.145835876464844,0.7217623151245669,1047.4713134765625,0.0396515429019928,1047.4713134765625
5126,20.176666259765625,35.21583557128906,0.6569688114090673,1022.656982421875,0.07363903522491455,1022.656982421875
5127,19.809999465942383,44.643333435058594,0.661528521034115,981.3553466796875,0.06033480167388916,981.3553466796875
5128,20.017499923706055,37.94000244140625,0.7372574892233488,1046.55126953125,0.07376575469970703,1046.55126953125
5129,20.1733341217041,45.25666427612305,0.6874961239599369,986.799560546875,0.04458475112915039,986.799560546875
5130,20.143333435058594,38.76333236694336,0.6701534313729619,1030.013427734375,0.04844266176223755,1030.013427734375
5131,20.022499084472656,36.66666793823242,0.6700443371896274,1027.010498046875,0.054652124643325806,1027.010498046875
5132,21.523332595825195,39.2591667175293,0.673289836945685,1048.0064697265625,0.05482509732246399,1048.0064697265625
5133,20.031665802001953,43.17333221435547,0.7050860920426733,1020.4296264648438,0.0579686164855957,1020.4296264648438
5134,20.003334045410156,42.211666107177734,0.6834955689195151,1036.08251953125,0.04753673076629639,1036.08251953125
5135,20.00583267211914,38.4908332824707,0.6875236349862839,1031.10986328125,0.03734928369522095,1031.10986328125
5136,20.087499618530273,43.698333740234375,0.6890180511985292,1030.279052734375,0.041525840759277344,1030.279052734375
5137,20.181665420532227,39.364166259765625,0.6666619673692791,1043.57080078125,0.06405657529830933,1043.57080078125
5138,20.017499923706055,42.37916946411133,0.6432718557111174,1013.622802734375,0.05028444528579712,1013.622802734375
5139,19.96583366394043,37.470001220703125,0.6609630975122598,1033.2220458984375,0.039560914039611816,1033.2220458984375
5140,19.829999923706055,45.20083236694336,0.6346839755733977,1011.2227172851562,0.041066765785217285,1011.2227172851562
5141,19.982500076293945,45.010833740234375,0.696043548532779,984.479736328125,0.04388275742530823,984.479736328125
5142,19.82666778564453,36.93166732788086,0.6723566538454646,1061.1048583984375,0.06155779957771301,1061.1048583984375
5143,19.816667556762695,47.34166717529297,0.6963371682224757,1006.0370483398438,0.037035584449768066,1006.0370483398438
5144,20.162500381469727,42.95333480834961,0.663306359728187,1023.4840698242188,0.05491331219673157,1023.4840698242188
5145,20.287500381469727,41.489166259765625,0.7072971296638514,1028.2579345703125,0.04707452654838562,1028.2579345703125
5146,20.16083335876465,41.87333297729492,0.680101777246561,998.0516967773438,0.057566434144973755,998.0516967773438
5147,20.322500228881836,39.89666748046875,0.6586771232792404,1026.53515625,0.037636637687683105,1026.53515625
5148,19.949167251586914,44.14833068847656,0.7044429968929232,1001.42138671875,0.05716782808303833,1001.42138671875
5149,19.987499237060547,41.54999923706055,0.6880833369071598,1005.8614501953125,0.04732108116149902,1005.8614501953125
5150,20.23833465576172,46.875,0.6846718185858324,1052.959228515625,0.06924644112586975,1052.959228515625
5151,19.934167861938477,43.766666412353516,0.6847741261571677,1029.870849609375,0.04168665409088135,1029.870849609375
5152,20.229999542236328,40.614166259765625,0.69588453148931,1027.2574462890625,0.05073446035385132,1027.2574462890625
5153,19.93166732788086,43.956668853759766,0.6689254235510663,991.6361694335938,0.041190505027770996,991.6361694335938
5154,19.912500381469727,42.20249938964844,0.7096964766515109,1015.9441528320312,0.039951860904693604,1015.9441528320312
5155,20.032499313354492,44.8125,0.7114998050706949,1035.8349609375,0.04405587911605835,1035.8349609375
5156,20.334165573120117,48.08416748046875,0.6685547364855011,1011.3377685546875,0.051913321018218994,1011.3377685546875
5157,21.558334350585938,46.86750030517578,0.6757040819245882,1024.509765625,0.04307323694229126,1024.509765625
5158,20.05500030517578,39.878334045410156,0.6829798782200377,1044.4993896484375,0.03446382284164429,1044.4993896484375
5159,20.219999313354492,44.55500030517578,0.6639273259475647,1010.7093505859375,0.04936736822128296,1010.7093505859375
5160,19.897499084472656,45.65416717529297,0.7023101408550491,1035.162841796875,0.0402601957321167,1035.162841796875
5161,19.946666717529297,44.99583435058594,0.6946710192833558,1003.123046875,0.04141032695770264,1003.123046875
5162,20.03999900817871,43.475833892822266,0.7127784305221161,1011.1663818359375,0.04636770486831665,1011.1663818359375
5163,19.93666648864746,40.52750015258789,0.690843822102407,1024.0035400390625,0.040206313133239746,1024.0035400390625
5164,19.828332901000977,42.98833465576172,0.6569091322207563,1026.688232421875,0.05652594566345215,1026.688232421875
5165,20.165834426879883,40.849998474121094,0.6419349942726237,1024.28515625,0.059289366006851196,1024.28515625
5166,19.90416717529297,37.96500015258789,0.6442424074147526,1036.987060546875,0.049587637186050415,1036.987060546875
5167,19.713333129882812,40.814998626708984,0.6693619622584356,1018.9916381835938,0.044968217611312866,1018.9916381835938
5168,19.949167251586914,38.4091682434082,0.6875006347461192,1011.4445190429688,0.04037445783615112,1011.4445190429688
5169,20.08333396911621,48.51166534423828,0.6325366335432698,1012.0919189453125,0.050202518701553345,1012.0919189453125
5170,20.27750015258789,43.334163665771484,0.6595403547993728,1025.8973388671875,0.04149386286735535,1025.8973388671875
5171,20.050832748413086,43.741668701171875,0.6656021477414955,1006.2889404296875,0.043069034814834595,1006.2889404296875
5172,20.030834197998047,38.5533332824707,0.6756111447128752,1036.782958984375,0.03877580165863037,1036.782958984375
5173,19.898332595825195,46.01750183105469,0.6791994429762097,1035.265869140625,0.039216816425323486,1035.265869140625
5174,19.969167709350586,43.970001220703125,0.6946388845471368,1020.3358154296875,0.039957255125045776,1020.3358154296875
5175,20.156665802001953,42.25166702270508,0.6852640215715251,1047.51806640625,0.036376506090164185,1047.51806640625
5176,19.75583267211914,37.55500030517578,0.6931981618860404,1043.6844482421875,0.03860759735107422,1043.6844482421875
5177,20.123332977294922,43.163333892822266,0.678789661860059,984.5211791992188,0.04950389266014099,984.5211791992188
5178,19.84166717529297,41.342498779296875,0.6915160036310438,999.26513671875,0.060146719217300415,999.26513671875
5179,20.125,41.98749923706055,0.7010400515718335,1051.816162109375,0.06287181377410889,1051.816162109375
5180,20.024999618530273,46.05750274658203,0.6935679992270551,989.0912475585938,0.04457569122314453,989.0912475585938
5181,19.91499900817871,44.0341682434082,0.7050880160791062,1023.6926879882812,0.044390350580215454,1023.6926879882812
5182,20.135000228881836,42.130001068115234,0.6815053779134588,1024.5084228515625,0.051758527755737305,1024.5084228515625
5183,19.858333587646484,40.77916717529297,0.6895654750986291,971.6884155273438,0.05012953281402588,971.6884155273438
5184,20.111665725708008,43.38083267211914,0.6894414251641293,991.5394287109375,0.04607725143432617,991.5394287109375
5185,19.827499389648438,37.616668701171875,0.6607098179453109,1024.3927001953125,0.04362797737121582,1024.3927001953125
5186,19.96416664123535,40.087501525878906,0.6878165643355338,1031.8160400390625,0.05193716287612915,1031.8160400390625
5187,19.799999237060547,40.39250183105469,0.6615032559231544,1013.2046508789062,0.04799240827560425,1013.2046508789062
5188,20.100833892822266,43.20750045776367,0.6747306226345806,1003.9650268554688,0.03418987989425659,1003.9650268554688
5189,19.795000076293945,35.72166442871094,0.6273156205134987,1005.8759765625,0.04098224639892578,1005.8759765625
5190,20.161666870117188,45.04249954223633,0.6953491368319362,1038.3843994140625,0.04098409414291382,1038.3843994140625
5191,19.983333587646484,41.81500244140625,0.6939921016237962,993.3927001953125,0.05268549919128418,993.3927001953125
5192,19.81166648864746,45.00833511352539,0.6797393829256773,1028.237060546875,0.03369733691215515,1028.237060546875
5193,20.12416648864746,47.502498626708984,0.6888040722350233,1037.052001953125,0.0378359854221344,1037.052001953125
5194,19.63833236694336,42.87750244140625,0.617708737031067,1004.661865234375,0.055194735527038574,1004.661865234375
5195,19.800832748413086,42.48749923706055,0.6642253781092282,1053.949951171875,0.049016356468200684,1053.949951171875
5196,19.96416664123535,43.328330993652344,0.6742842478461252,1060.62158203125,0.04078704118728638,1060.62158203125
5197,19.7358341217041,41.47833251953125,0.6650427645539871,1065.311767578125,0.04083791375160217,1065.311767578125
5198,19.636667251586914,44.87916564941406,0.6763679083636146,1004.0350341796875,0.05503687262535095,1004.0350341796875
5199,19.877498626708984,38.97916793823242,0.6904727713138354,1039.470947265625,0.03846597671508789,1039.470947265625
5200,20.036666870117188,39.426666259765625,0.6886280998087606,1027.190673828125,0.04407668113708496,1027.190673828125
5201,19.981666564941406,48.830833435058594,0.6465130324772037,982.787109375,0.04710456728935242,982.787109375
5202,19.48666763305664,39.70166778564453,0.6741179203861285,1009.599365234375,0.04600834846496582,1009.599365234375
5203,19.66083335876465,43.186668395996094,0.6667860304615005,1052.2261962890625,0.04036587476730347,1052.2261962890625
5204,19.363332748413086,42.80083465576172,0.692719933161183,997.0379638671875,0.044629305601119995,997.0379638671875
5205,20.259166717529297,48.52750015258789,0.6858903043154343,1055.174072265625,0.044862568378448486,1055.174072265625
5206,20.127500534057617,40.6966667175293,0.6846728986498374,1040.7579345703125,0.03545266389846802,1040.7579345703125
5207,19.794166564941406,45.08250045776367,0.6968986694196291,1045.5477294921875,0.051884621381759644,1045.5477294921875
5208,20.077499389648438,48.04666519165039,0.6385421902839209,983.9273681640625,0.05489236116409302,983.9273681640625
5209,19.648332595825195,37.93166732788086,0.6950297243151342,1061.332275390625,0.05071154236793518,1061.332275390625
5210,19.9233341217041,46.364166259765625,0.7193350534311777,1024.7694091796875,0.04266807436943054,1024.7694091796875
5211,19.66083335876465,42.84583282470703,0.7068699940539716,986.6404418945312,0.07291501760482788,986.6404418945312
5212,20.043333053588867,41.67000198364258,0.6710833875253789,1037.9005126953125,0.048883646726608276,1037.9005126953125
5213,19.554166793823242,40.279998779296875,0.6901065544275813,988.6962890625,0.05375462770462036,988.6962890625
5214,20.178333282470703,49.491668701171875,0.684590518893248,1023.0504760742188,0.043818384408950806,1023.0504760742188
5215,19.594167709350586,38.396663665771484,0.6860172470598627,1074.2901611328125,0.029287993907928467,1074.2901611328125
5216,19.862499237060547,40.89083480834961,0.7090668454877739,1033.7886962890625,0.03953665494918823,1033.7886962890625
5217,19.689998626708984,41.538333892822266,0.6722079108811085,1035.8062744140625,0.036289483308792114,1035.8062744140625
5218,20.06999969482422,39.65833282470703,0.6975210295169365,1014.3662719726562,0.061268121004104614,1014.3662719726562
5219,19.948333740234375,48.170833587646484,0.6774309194760784,1004.3729858398438,0.044656217098236084,1004.3729858398438
5220,19.807498931884766,47.48249816894531,0.6799981239795663,1016.1159057617188,0.050053298473358154,1016.1159057617188
5221,20.119998931884766,45.149166107177734,0.6388743400323498,1024.9210205078125,0.04766976833343506,1024.9210205078125
5222,19.6924991607666,37.99333190917969,0.6650882674886506,1016.537841796875,0.03696572780609131,1016.537841796875
5223,19.884166717529297,42.88999938964844,0.6789057698029568,1053.458740234375,0.024559497833251953,1053.458740234375
5224,19.550832748413086,37.05750274658203,0.6414781581171328,1023.37060546875,0.058105021715164185,1023.37060546875
5225,19.582500457763672,40.741668701171875,0.675953789180098,1023.1302490234375,0.039433836936950684,1023.1302490234375
5226,20.196666717529297,43.05500030517578,0.6585069185546915,1033.9365234375,0.058266133069992065,1033.9365234375
5227,19.862499237060547,45.169166564941406,0.6798493312719602,1037.3995361328125,0.055367082357406616,1037.3995361328125
5228,19.87416648864746,41.1341667175293,0.6760913929501031,1020.4434814453125,0.03929653763771057,1020.4434814453125
5229,19.80583381652832,42.3125,0.650611243499138,1032.767333984375,0.056496262550354004,1032.767333984375
5230,19.729167938232422,38.11916732788086,0.6699533850610382,1030.23828125,0.06583389639854431,1030.23828125
5231,20.200000762939453,47.09083557128906,0.6620770413644927,1067.6640625,0.03902140259742737,1067.6640625
5232,19.420833587646484,40.56999969482422,0.647082526549103,981.8206787109375,0.05316483974456787,981.8206787109375
5233,19.954166412353516,41.99333190917969,0.6743271267748253,1043.4835205078125,0.05107492208480835,1043.4835205078125
5234,19.635000228881836,42.49416732788086,0.6741520997643803,1038.6375732421875,0.04584008455276489,1038.6375732421875
5235,19.75749969482422,43.16999816894531,0.6627150514204279,1015.9927368164062,0.05185884237289429,1015.9927368164062
5236,19.804166793823242,42.40833282470703,0.6680406608386535,1037.7877197265625,0.04521584510803223,1037.7877197265625
5237,19.649168014526367,41.45916748046875,0.6691945053889693,1038.7764892578125,0.05731850862503052,1038.7764892578125
5238,19.90416717529297,45.88999938964844,0.663509375690391,1012.9696044921875,0.0471310019493103,1012.9696044921875
5239,21.363332748413086,44.711666107177734,0.6510467105508428,1031.770263671875,0.05360633134841919,1031.770263671875
5240,19.829999923706055,37.32999801635742,0.6530932184202423,1043.9332275390625,0.05818772315979004,1043.9332275390625
5241,19.49250030517578,41.45500183105469,0.717712057536972,1004.2807006835938,0.05153059959411621,1004.2807006835938
5242,20.074167251586914,45.643333435058594,0.7031860052433491,1010.3244018554688,0.05856838822364807,1010.3244018554688
5243,19.704999923706055,35.33833312988281,0.6341976581639318,1048.5325927734375,0.05423235893249512,1048.5325927734375
5244,21.274999618530273,44.510833740234375,0.6571714787162517,1026.47802734375,0.03973087668418884,1026.47802734375
5245,20.10249900817871,46.05083465576172,0.6595628183314173,1021.3636474609375,0.0628155767917633,1021.3636474609375
5246,19.40416717529297,35.14833450317383,0.6993837146423381,999.7756958007812,0.059856802225112915,999.7756958007812
5247,20.099166870117188,43.358333587646484,0.7026638742196025,1022.771728515625,0.03591611981391907,1022.771728515625
5248,19.90250015258789,39.41749954223633,0.683320143513404,1039.697509765625,0.04335644841194153,1039.697509765625
5249,19.913333892822266,43.51583480834961,0.7130632411309604,1009.5279541015625,0.05463254451751709,1009.5279541015625
5250,20.28499984741211,37.14083480834961,0.6944059234925278,1027.548583984375,0.0569271445274353,1027.548583984375
5251,20.046667098999023,38.74250030517578,0.6179801114639776,990.8717041015625,0.04169279336929321,990.8717041015625
5252,20.22333335876465,42.88333511352539,0.6517544395505006,1036.978271484375,0.0482478141784668,1036.978271484375
5253,19.969999313354492,51.18583297729492,0.6614337705222321,969.3074340820312,0.0474376380443573,969.3074340820312
5254,19.808332443237305,39.920833587646484,0.6800070559244773,984.7216796875,0.03831055760383606,984.7216796875
5255,19.94333267211914,43.74416732788086,0.6598385485541991,1018.4168090820312,0.04343217611312866,1018.4168090820312
5256,20.16499900817871,39.140830993652344,0.6700356597469082,1048.03271484375,0.039379119873046875,1048.03271484375
5257,20.075834274291992,41.49333190917969,0.6482771874284994,1005.1257934570312,0.048274725675582886,1005.1257934570312
5258,20.1108341217041,49.16749954223633,0.6720333888789043,979.0711059570312,0.041937291622161865,979.0711059570312
5259,19.915834426879883,41.74583435058594,0.6730113862239178,1031.3348388671875,0.0473196804523468,1031.3348388671875
5260,19.925832748413086,41.77750015258789,0.6758099652119427,1044.9854736328125,0.04473316669464111,1044.9854736328125
5261,19.969999313354492,37.06916427612305,0.6813804097103341,1010.5381469726562,0.05147755146026611,1010.5381469726562
5262,19.8125,42.50166702270508,0.6564163787650812,1033.2152099609375,0.05278167128562927,1033.2152099609375
5263,19.836668014526367,40.139163970947266,0.6678971000005648,987.9955444335938,0.04385659098625183,987.9955444335938
5264,19.815834045410156,40.633331298828125,0.7015219816451268,1068.416015625,0.040209054946899414,1068.416015625
5265,20.178333282470703,43.364166259765625,0.6632262514657022,1019.9117431640625,0.04508841037750244,1019.9117431640625
5266,20.268333435058594,39.856666564941406,0.6899541377375829,1019.7628173828125,0.046169430017471313,1019.7628173828125
5267,19.836668014526367,42.86249923706055,0.6731728649571171,1001.1408081054688,0.045860737562179565,1001.1408081054688
5268,20.01249885559082,35.223331451416016,0.6125686542240548,1008.8333740234375,0.05255618691444397,1008.8333740234375
5269,19.88083267211914,40.96249771118164,0.6586619549649778,1055.9600830078125,0.04421734809875488,1055.9600830078125
5270,19.916667938232422,42.73250198364258,0.6665195110550713,1025.78125,0.05458220839500427,1025.78125
5271,19.76249885559082,40.663333892822266,0.6962333554173906,1021.0005493164062,0.031382739543914795,1021.0005493164062
5272,19.952499389648438,43.59083557128906,0.6810360721509154,997.6581420898438,0.05068439245223999,997.6581420898438
5273,20.073333740234375,40.49583435058594,0.6477227551740162,1003.4837036132812,0.03539919853210449,1003.4837036132812
5274,19.987499237060547,42.3224983215332,0.6573603418338683,1021.3763427734375,0.05053207278251648,1021.3763427734375
5275,20.078332901000977,44.635833740234375,0.7010965142075287,987.6864624023438,0.05647096037864685,987.6864624023438
5276,19.950834274291992,41.04500198364258,0.635137014501972,1024.60107421875,0.0535755455493927,1024.60107421875
5277,20.03416633605957,42.69916534423828,0.6911377657340032,1013.8628540039062,0.05370289087295532,1013.8628540039062
5278,19.915834426879883,41.46583557128906,0.6383338523317811,1000.8285522460938,0.04775363206863403,1000.8285522460938
5279,20.016666412353516,39.56416702270508,0.6867542846275908,1030.0020751953125,0.06370416283607483,1030.0020751953125
5280,19.793333053588867,44.51416778564453,0.6647262847422382,1042.2760009765625,0.049304455518722534,1042.2760009765625
5281,19.781667709350586,44.69000244140625,0.6815489566583052,1022.5784301757812,0.04678177833557129,1022.5784301757812
5282,20.220834732055664,43.54499816894531,0.6812352861660864,1019.1302490234375,0.04946106672286987,1019.1302490234375
5283,19.739999771118164,40.885833740234375,0.6349753329646817,1004.9154663085938,0.06047210097312927,1004.9154663085938
5284,19.621667861938477,42.2599983215332,0.6803116551880719,1071.6466064453125,0.034861207008361816,1071.6466064453125
5285,19.47916603088379,38.99166488647461,0.6779802231455574,1030.6942138671875,0.04670339822769165,1030.6942138671875
5286,19.741666793823242,40.919166564941406,0.6912121260464215,1015.8275756835938,0.050888270139694214,1015.8275756835938
5287,19.68083381652832,39.19499969482422,0.6818255768324861,1031.169189453125,0.040066301822662354,1031.169189453125
5288,19.801668167114258,42.733333587646484,0.6637554383951114,1030.265380859375,0.03869163990020752,1030.265380859375
5289,20.37583351135254,42.679168701171875,0.6689487261379495,1029.8975830078125,0.03998440504074097,1029.8975830078125
5290,20.126667022705078,47.04999923706055,0.676852529423916,1057.5960693359375,0.051038146018981934,1057.5960693359375
5291,19.952499389648438,43.97249984741211,0.6941766262952156,1032.0076904296875,0.03189653158187866,1032.0076904296875
5292,19.503332138061523,38.37916564941406,0.6792446393182254,1017.861572265625,0.044943004846572876,1017.861572265625
5293,20.045000076293945,45.27833557128906,0.6927439467142364,1015.3496704101562,0.05969440937042236,1015.3496704101562
5294,19.476667404174805,39.71083450317383,0.7046629080331909,1055.9842529296875,0.037574976682662964,1055.9842529296875
5295,19.52916717529297,41.650001525878906,0.7106492882998757,1048.0496826171875,0.052152663469314575,1048.0496826171875
5296,19.84833335876465,43.53166580200195,0.6853096363531359,1041.202880859375,0.03949055075645447,1041.202880859375
5297,19.883333206176758,40.244998931884766,0.6806440957408002,1019.0570678710938,0.05041345953941345,1019.0570678710938
5298,19.893333435058594,37.47833251953125,0.6828803043760678,1006.0772705078125,0.048936277627944946,1006.0772705078125
5299,20.040834426879883,45.907501220703125,0.660486095569137,1009.6010131835938,0.03512704372406006,1009.6010131835938
5300,19.83333396911621,38.6783332824707,0.7085951951003674,1040.6273193359375,0.057419925928115845,1040.6273193359375
5301,19.676666259765625,42.75666809082031,0.6833158263885762,1007.8124389648438,0.05577448010444641,1007.8124389648438
5302,19.627498626708984,41.64083480834961,0.6974257780838343,1035.1859130859375,0.03840512037277222,1035.1859130859375
5303,19.851667404174805,41.84166717529297,0.6946763268242877,1013.5070190429688,0.037051379680633545,1013.5070190429688
5304,19.85999870300293,38.269168853759766,0.6677108648947037,1008.7815551757812,0.04987072944641113,1008.7815551757812
5305,19.862499237060547,40.81833267211914,0.6689334227965329,1018.927001953125,0.041225701570510864,1018.927001953125
5306,19.929166793823242,44.65500259399414,0.7160439926861946,1059.7672119140625,0.051405102014541626,1059.7672119140625
5307,19.65333366394043,38.39083480834961,0.6598521075646988,1055.4578857421875,0.051272064447402954,1055.4578857421875
5308,19.400833129882812,40.71833038330078,0.6818077617000509,997.5850830078125,0.07255735993385315,997.5850830078125
5309,19.918333053588867,40.934165954589844,0.6694507418462972,1045.591796875,0.043493449687957764,1045.591796875
5310,19.36916732788086,40.45083236694336,0.6817466238269188,1027.4141845703125,0.03504785895347595,1027.4141845703125
5311,19.609167098999023,42.16583251953125,0.6689533619792596,1028.3997802734375,0.0472966730594635,1028.3997802734375
5312,19.90166664123535,44.65583419799805,0.6733918461449853,1035.1490478515625,0.042322784662246704,1035.1490478515625
5313,19.566667556762695,37.45750045776367,0.6804321537665754,1007.4603881835938,0.06536215543746948,1007.4603881835938
5314,19.588333129882812,41.13666534423828,0.6960672143021969,1021.5980224609375,0.04970911145210266,1021.5980224609375
5315,20.029998779296875,41.627498626708984,0.6781604943880932,996.9869995117188,0.05533069372177124,996.9869995117188
5316,20.00083351135254,45.913333892822266,0.6948023115623554,990.3898315429688,0.03565910458564758,990.3898315429688
5317,19.84749984741211,41.54916763305664,0.6851882089237797,1026.86962890625,0.05216515064239502,1026.86962890625
5318,19.835832595825195,39.87666702270508,0.7189010160016328,991.5646362304688,0.03712812066078186,991.5646362304688
5319,19.800832748413086,41.794166564941406,0.7212546112973192,1017.8850708007812,0.047535449266433716,1017.8850708007812
5320,19.90416717529297,42.49583053588867,0.7199800164632875,1039.520751953125,0.031579434871673584,1039.520751953125
5321,20.045000076293945,41.874168395996094,0.6971423039634315,1055.4168701171875,0.0486331582069397,1055.4168701171875
5322,20.18833351135254,42.31833267211914,0.6694941013259577,1026.2154541015625,0.03707301616668701,1026.2154541015625
5323,20.09000015258789,41.93833541870117,0.6791576358607745,1060.4898681640625,0.04496663808822632,1060.4898681640625
5324,19.934167861938477,46.71833038330078,0.6643155606325415,1001.104248046875,0.04512032866477966,1001.104248046875
5325,19.775833129882812,43.45166778564453,0.6958865955601533,1033.3673095703125,0.051452815532684326,1033.3673095703125
5326,19.59083366394043,40.7783317565918,0.7023477967583258,1003.0031127929688,0.04727479815483093,1003.0031127929688
5327,19.956666946411133,45.31999969482422,0.7019550289745796,988.8932495117188,0.044936925172805786,988.8932495117188
5328,19.823333740234375,48.695831298828125,0.6531131998422781,998.2067260742188,0.04176482558250427,998.2067260742188
5329,20.02833366394043,41.08583450317383,0.6853784575176174,1045.30419921875,0.045913636684417725,1045.30419921875
5330,19.739168167114258,45.834999084472656,0.6768925789445748,1011.8702392578125,0.0493750274181366,1011.8702392578125
5331,19.79749870300293,45.61249923706055,0.6745303595163302,1010.2066040039062,0.049121737480163574,1010.2066040039062
5332,19.96500015258789,44.625,0.7180243002333075,1017.2987060546875,0.04208114743232727,1017.2987060546875
5333,19.894166946411133,40.877498626708984,0.6831787998767637,995.08740234375,0.04489564895629883,995.08740234375
5334,20.08333396911621,49.77583312988281,0.6688091575058595,1008.4035034179688,0.041826099157333374,1008.4035034179688
5335,19.991666793823242,42.98749923706055,0.6966437410028162,1018.2220458984375,0.04371756315231323,1018.2220458984375
5336,19.859167098999023,44.60416793823242,0.6693662806898418,994.9707641601562,0.04492315649986267,994.9707641601562
5337,19.73666763305664,42.45916748046875,0.6864747169941641,1047.359130859375,0.03574147820472717,1047.359130859375
5338,19.68166732788086,41.360836029052734,0.7070207437084455,1043.18408203125,0.04238647222518921,1043.18408203125
5339,19.752498626708984,37.96583557128906,0.696023132662027,1059.5611572265625,0.05026507377624512,1059.5611572265625
5340,19.946666717529297,39.8408317565918,0.675615521074466,1022.77734375,0.03898507356643677,1022.77734375
5341,19.855833053588867,39.74333572387695,0.7120670232085693,1010.2161865234375,0.0453399121761322,1010.2161865234375
5342,21.471668243408203,41.393333435058594,0.6244193636026074,1060.1519775390625,0.03367578983306885,1060.1519775390625
5343,19.955833435058594,42.02083206176758,0.7076538697145115,1014.1702270507812,0.06272220611572266,1014.1702270507812
5344,19.487499237060547,39.2158317565918,0.7083935123852383,1021.1840209960938,0.038184404373168945,1021.1840209960938
5345,19.633333206176758,39.28499984741211,0.6990344951268174,1027.026611328125,0.04827195405960083,1027.026611328125
5346,19.781667709350586,44.9033317565918,0.6730099773069422,1053.6727294921875,0.03598421812057495,1053.6727294921875
5347,19.927499771118164,40.36916732788086,0.6577388171524392,1036.1561279296875,0.04700750112533569,1036.1561279296875
5348,20.009166717529297,41.30583572387695,0.699396042951332,1055.522705078125,0.04188162088394165,1055.522705078125
5349,19.782499313354492,38.24583435058594,0.7128926806068013,1047.048095703125,0.06549352407455444,1047.048095703125
5350,19.782499313354492,40.184165954589844,0.6798069775831033,992.0349731445312,0.05077090859413147,992.0349731445312
5351,19.738332748413086,43.116668701171875,0.6718493516317107,995.947509765625,0.047484785318374634,995.947509765625
5352,19.46666717529297,38.19333267211914,0.7148835401304336,1044.604248046875,0.05087938904762268,1044.604248046875
5353,19.769166946411133,40.11750030517578,0.6940213952646064,980.480224609375,0.042703330516815186,980.480224609375
5354,19.639999389648438,37.25583267211914,0.6794769585131997,1030.6953125,0.06534463167190552,1030.6953125
5355,19.664167404174805,38.19249725341797,0.678179723491001,1013.883056640625,0.04391235113143921,1013.883056640625
5356,19.862499237060547,40.698333740234375,0.6723898098778954,1002.8372802734375,0.05808603763580322,1002.8372802734375
5357,19.978334426879883,42.220001220703125,0.707683017957047,1038.7977294921875,0.04276740550994873,1038.7977294921875
5358,19.705833435058594,44.14500045776367,0.6759594761256544,1030.6475830078125,0.0384545624256134,1030.6475830078125
5359,19.37583351135254,37.586669921875,0.7079136433486586,1016.3294677734375,0.040295958518981934,1016.3294677734375
5360,19.717498779296875,44.52166748046875,0.6862882708036594,1005.0816040039062,0.04742583632469177,1005.0816040039062
5361,19.43000030517578,45.1875,0.6907932303192748,1000.8422241210938,0.04726734757423401,1000.8422241210938
5362,20.164165496826172,39.28166580200195,0.6718991901784361,1017.4405517578125,0.043006569147109985,1017.4405517578125
5363,19.84749984741211,44.44333267211914,0.7079897841658307,1027.0806884765625,0.05479240417480469,1027.0806884765625
5364,19.792499542236328,40.6349983215332,0.7138436765905767,1049.4931640625,0.03410252928733826,1049.4931640625
5365,19.843334197998047,43.747501373291016,0.707207398559475,1065.092041015625,0.05045795440673828,1065.092041015625
5366,20.03583335876465,40.62416458129883,0.7076959165358881,1013.163330078125,0.05414053797721863,1013.163330078125
5367,20.00666618347168,40.83250045776367,0.6948965663141835,1031.118408203125,0.05009731650352478,1031.118408203125
5368,19.601667404174805,37.71500015258789,0.7102287117487519,1013.178466796875,0.046796053647994995,1013.178466796875
5369,19.883333206176758,42.22999954223633,0.7103561860692598,1043.1409912109375,0.031038224697113037,1043.1409912109375
5370,19.855833053588867,37.77333068847656,0.672610126700409,986.2279052734375,0.04205641150474548,986.2279052734375
5371,20.066665649414062,45.682498931884766,0.6910303163003311,1033.625732421875,0.040766239166259766,1033.625732421875
5372,19.59583282470703,40.474998474121094,0.6970865946643567,1010.44140625,0.04222497344017029,1010.44140625
5373,19.605833053588867,39.744998931884766,0.6814534361417117,1041.1458740234375,0.05328637361526489,1041.1458740234375
5374,19.731666564941406,40.33916473388672,0.6697151533133581,1056.7708740234375,0.03763610124588013,1056.7708740234375
5375,20.101665496826172,39.214168548583984,0.6808303548290136,1031.71826171875,0.059880733489990234,1031.71826171875
5376,19.858333587646484,37.192501068115234,0.6694833097385218,1026.3431396484375,0.056501805782318115,1026.3431396484375
5377,19.68666648864746,43.60750198364258,0.655033438146344,1032.73974609375,0.048093050718307495,1032.73974609375
5378,20.230833053588867,44.165836334228516,0.7018649111937665,995.6041259765625,0.03662720322608948,995.6041259765625
5379,19.733333587646484,42.06916809082031,0.6567322500800423,1010.1951904296875,0.04685395956039429,1010.1951904296875
5380,20.05666732788086,41.525001525878906,0.6477342859798423,999.716796875,0.04678639769554138,999.716796875
5381,19.975833892822266,40.114166259765625,0.684537800052292,1034.21484375,0.04895740747451782,1034.21484375
5382,19.99250030517578,44.23500061035156,0.7244995202939115,1000.7030029296875,0.04883843660354614,1000.7030029296875
5383,20.074167251586914,44.06666564941406,0.6988263697045769,1046.941162109375,0.046951472759246826,1046.941162109375
5384,19.585832595825195,48.59166717529297,0.6782193886387899,1033.376220703125,0.042075544595718384,1033.376220703125
5385,19.739168167114258,44.669166564941406,0.6561182022448239,1010.9647216796875,0.038881897926330566,1010.9647216796875
5386,19.724166870117188,45.690834045410156,0.7017266153899812,989.6236572265625,0.0395129919052124,989.6236572265625
5387,19.580833435058594,42.40083312988281,0.7053601844192331,974.5065307617188,0.03737857937812805,974.5065307617188
5388,19.952499389648438,44.12583541870117,0.6951264964885808,1034.0399169921875,0.042387545108795166,1034.0399169921875
5389,19.753334045410156,51.127498626708984,0.653609681471856,1005.1029052734375,0.047904372215270996,1005.1029052734375
5390,19.65999984741211,42.337501525878906,0.6894279716567813,1015.3646240234375,0.05965238809585571,1015.3646240234375
5391,19.70749855041504,39.91999816894531,0.6971442274917936,1049.19873046875,0.05280327796936035,1049.19873046875
5392,19.884166717529297,40.292503356933594,0.7116178498374018,1010.7553100585938,0.041165947914123535,1010.7553100585938
5393,19.729999542236328,46.350833892822266,0.6868975569783858,1017.3211669921875,0.05285769701004028,1017.3211669921875
5394,19.975833892822266,48.21916580200195,0.6871685301922001,1034.475341796875,0.03950217366218567,1034.475341796875
5395,19.8608341217041,41.313331604003906,0.7078005393951631,1036.627685546875,0.035124123096466064,1036.627685546875
5396,19.869998931884766,41.61000061035156,0.6896325072571916,1005.2037353515625,0.043786317110061646,1005.2037353515625
5397,19.821666717529297,44.03666687011719,0.695222631600598,1045.1329345703125,0.04796040058135986,1045.1329345703125
5398,20.21500015258789,48.809165954589844,0.6988774061092737,1037.506591796875,0.04658377170562744,1037.506591796875
5399,19.91083335876465,40.8216667175293,0.6637370472258265,1010.0882568359375,0.04576602578163147,1010.0882568359375
5400,19.77166748046875,40.05666732788086,0.6979880419315356,991.3052368164062,0.05358317494392395,991.3052368164062
5401,19.81833267211914,44.30500030517578,0.6699417227974103,1022.396728515625,0.04176485538482666,1022.396728515625
5402,19.695833206176758,43.04833221435547,0.6750526997379063,995.3333740234375,0.05254736542701721,995.3333740234375
5403,19.98499870300293,46.529998779296875,0.7109065054928942,1029.2078857421875,0.032865047454833984,1029.2078857421875
5404,19.664167404174805,38.6400032043457,0.6644577994904055,1025.6812744140625,0.040437161922454834,1025.6812744140625
5405,19.906667709350586,44.1158332824707,0.6708453846492849,1037.3712158203125,0.037853747606277466,1037.3712158203125
5406,19.761667251586914,44.98249816894531,0.7170617163991596,1016.2494506835938,0.04779091477394104,1016.2494506835938
5407,19.775833129882812,43.13083267211914,0.6873491424486715,1028.1165771484375,0.047410428524017334,1028.1165771484375
5408,19.573333740234375,42.893333435058594,0.6948503525174359,1026.410888671875,0.037596940994262695,1026.410888671875
5409,19.786666870117188,44.04916763305664,0.6820463199022413,1038.712890625,0.039592355489730835,1038.712890625
5410,20.287500381469727,46.364166259765625,0.6958546370468448,993.0020141601562,0.05286082625389099,993.0020141601562
5411,19.814998626708984,37.76249694824219,0.7203747597537634,1056.6729736328125,0.056312769651412964,1056.6729736328125
5412,19.667499542236328,40.919166564941406,0.6976480091076581,1053.6146240234375,0.0471462607383728,1053.6146240234375
5413,19.559167861938477,43.83333206176758,0.688912885010724,1021.0081787109375,0.05234387516975403,1021.0081787109375
5414,19.799999237060547,44.65083312988281,0.6776352639025585,996.367431640625,0.04412311315536499,996.367431640625
5415,19.59666633605957,44.313331604003906,0.6979005881702982,1023.8602905273438,0.04027670621871948,1023.8602905273438
5416,19.800832748413086,43.87166976928711,0.7007328274892025,979.1898193359375,0.05569121241569519,979.1898193359375
5417,19.699167251586914,41.875,0.6940511815826904,996.5746459960938,0.04045608639717102,996.5746459960938
5418,21.384166717529297,40.3941650390625,0.686368058591752,1025.34130859375,0.06037309765815735,1025.34130859375
5419,19.97166633605957,52.38999557495117,0.6807594203934946,992.7364501953125,0.05643853545188904,992.7364501953125
5420,19.405000686645508,43.584999084472656,0.7216325596355911,999.3234252929688,0.041761428117752075,999.3234252929688
5421,19.760000228881836,45.234169006347656,0.6913836758773257,1030.913330078125,0.038355499505996704,1030.913330078125
5422,20.122499465942383,47.50166702270508,0.6772680634097552,1003.7468872070312,0.041046977043151855,1003.7468872070312
5423,19.635833740234375,40.94499969482422,0.713992805745797,956.2181396484375,0.055675774812698364,956.2181396484375
5424,19.934999465942383,49.08250045776367,0.724848731949422,1027.5684814453125,0.04692715406417847,1027.5684814453125
5425,19.482500076293945,39.44999694824219,0.6943463844921576,1057.62109375,0.03853493928909302,1057.62109375
5426,19.98499870300293,42.01499938964844,0.709738689602033,1022.118896484375,0.04224801063537598,1022.118896484375
5427,19.453332901000977,42.65250015258789,0.6885174595940653,1005.7625122070312,0.052519410848617554,1005.7625122070312
5428,19.737499237060547,42.739166259765625,0.7142300814376346,1053.3646240234375,0.04546612501144409,1053.3646240234375
5429,19.552499771118164,42.7408332824707,0.661790639921819,972.3074340820312,0.06660297513008118,972.3074340820312
5430,19.768333435058594,39.85750198364258,0.706595006760279,1019.7982177734375,0.03821331262588501,1019.7982177734375
5431,19.639999389648438,38.16749954223633,0.6985130660545544,1025.3165283203125,0.04647326469421387,1025.3165283203125
5432,19.629167556762695,40.086666107177734,0.7065966973981456,1010.5042114257812,0.05833730101585388,1010.5042114257812
5433,21.16083335876465,37.07416534423828,0.6899124046215314,1071.3221435546875,0.0529341995716095,1071.3221435546875
5434,20.045000076293945,42.89999771118164,0.6784289438136775,1040.5010986328125,0.051125168800354004,1040.5010986328125
5435,19.634166717529297,46.43166732788086,0.6900865140094654,1000.7864379882812,0.03560706973075867,1000.7864379882812
5436,19.656667709350586,42.09749984741211,0.7107857403335544,1028.4766845703125,0.04838809370994568,1028.4766845703125
5437,19.522499084472656,41.73500061035156,0.7125055912875387,1008.0298461914062,0.0506553053855896,1008.0298461914062
5438,19.90166664123535,39.625,0.7191927291534497,1026.3553466796875,0.04529455304145813,1026.3553466796875
5439,20.16499900817871,43.22999954223633,0.6720792226676114,1031.46533203125,0.04528021812438965,1031.46533203125
5440,19.66083335876465,44.9900016784668,0.7021762510000894,1004.372314453125,0.04650682210922241,1004.372314453125
5441,19.84000015258789,45.07583236694336,0.6884047040350063,1046.079833984375,0.03980931639671326,1046.079833984375
5442,19.649999618530273,44.559165954589844,0.6695750485163245,1008.1417236328125,0.055068254470825195,1008.1417236328125
5443,19.510833740234375,38.05416488647461,0.7083717659866813,1036.415771484375,0.03331416845321655,1036.415771484375
5444,19.809167861938477,43.9466667175293,0.7011304958005942,1042.440185546875,0.04268041253089905,1042.440185546875
5445,19.803333282470703,46.241668701171875,0.6761977878710403,1025.9495849609375,0.049617618322372437,1025.9495849609375
5446,19.670833587646484,49.09250259399414,0.6804090473191943,999.9193115234375,0.05514258146286011,999.9193115234375
5447,19.883333206176758,44.51333236694336,0.6770570361195299,1005.3167114257812,0.043374329805374146,1005.3167114257812
5448,19.74916648864746,43.564998626708984,0.7152121742311682,986.81396484375,0.04645010828971863,986.81396484375
5449,20.04166603088379,44.977500915527344,0.6914779023492519,1036.098388671875,0.040086448192596436,1036.098388671875
5450,19.764999389648438,47.95500183105469,0.7308877007257806,1021.5075073242188,0.05085650086402893,1021.5075073242188
5451,19.42416763305664,39.90666580200195,0.7110804495771454,1046.9996337890625,0.05037987232208252,1046.9996337890625
5452,19.77166748046875,42.06083297729492,0.7197677187360945,1021.8128051757812,0.04116034507751465,1021.8128051757812
5453,19.645000457763672,45.0724983215332,0.6973852646155434,1034.692138671875,0.048827916383743286,1034.692138671875
5454,19.52916717529297,37.793331146240234,0.683341370784968,985.1229858398438,0.06716907024383545,985.1229858398438
5455,19.939167022705078,46.331668853759766,0.702525791492242,1020.1441040039062,0.03323560953140259,1020.1441040039062
5456,20.03499984741211,46.494998931884766,0.6540723927679942,1018.0867919921875,0.04680436849594116,1018.0867919921875
5457,19.866666793823242,42.114166259765625,0.7090638857279578,1007.65869140625,0.05201226472854614,1007.65869140625
5458,19.899168014526367,44.07416534423828,0.7123586324652833,998.2762451171875,0.035376548767089844,998.2762451171875
5459,19.730833053588867,42.038333892822266,0.6888436716773783,1029.2457275390625,0.05147698521614075,1029.2457275390625
5460,19.53499984741211,36.568336486816406,0.6943860452397674,1022.4324951171875,0.03748154640197754,1022.4324951171875
5461,19.46583366394043,41.40083312988281,0.7149123910206853,1028.536376953125,0.05383649468421936,1028.536376953125
5462,19.74249839782715,39.47916793823242,0.6708107553516202,1032.4913330078125,0.04054376482963562,1032.4913330078125
5463,19.636667251586914,39.693336486816406,0.7075603307757319,1030.626708984375,0.04328468441963196,1030.626708984375
5464,19.577499389648438,43.38750076293945,0.7034373727413935,1004.8972778320312,0.05645141005516052,1004.8972778320312
5465,19.914167404174805,42.28666687011719,0.6415791490025081,1018.3318481445312,0.044346749782562256,1018.3318481445312
5466,19.81999969482422,43.706668853759766,0.7168787608862757,1015.7693481445312,0.06265762448310852,1015.7693481445312
5467,20.094999313354492,43.11333465576172,0.7040406963272828,1017.7816162109375,0.04327881336212158,1017.7816162109375
5468,19.978334426879883,39.60416793823242,0.6831820996280007,994.0584106445312,0.050075381994247437,994.0584106445312
5469,19.975833892822266,41.58833312988281,0.6633435770753118,1033.9678955078125,0.038668274879455566,1033.9678955078125
5470,19.975000381469727,39.05500030517578,0.6675965891058067,1030.169677734375,0.031382977962493896,1030.169677734375
5471,19.796667098999023,44.74416732788086,0.6745952621236385,1006.69873046875,0.040376871824264526,1006.69873046875
5472,19.856666564941406,39.70916748046875,0.6885818934748039,1032.403076171875,0.04135608673095703,1032.403076171875
5473,20.345834732055664,46.85333251953125,0.6855670696202154,1003.4998168945312,0.04401242733001709,1003.4998168945312
5474,19.88083267211914,37.561668395996094,0.6487731354135462,1032.3082275390625,0.045826882123947144,1032.3082275390625
5475,19.836668014526367,36.7408332824707,0.708823041949894,1045.150390625,0.03716367483139038,1045.150390625
5476,20.22916603088379,40.421669006347656,0.7057555117297405,1032.5657958984375,0.0366540253162384,1032.5657958984375
5477,19.98666763305664,40.69583511352539,0.6851914634425365,1024.7437744140625,0.04385864734649658,1024.7437744140625
5478,20.09083366394043,46.866668701171875,0.7047245391993768,980.185791015625,0.03998589515686035,980.185791015625
5479,20.045833587646484,41.520835876464844,0.6677122390550065,1023.015380859375,0.04620900750160217,1023.015380859375
5480,19.734167098999023,40.354164123535156,0.6932546612832109,1008.0100708007812,0.04924565553665161,1008.0100708007812
5481,20.010833740234375,40.30833435058594,0.6691450147390042,1000.3065795898438,0.062446802854537964,1000.3065795898438
5482,19.822500228881836,39.496665954589844,0.6498436071757536,1012.14697265625,0.0377732515335083,1012.14697265625
5483,20.337499618530273,48.40333557128906,0.6447142541815858,1011.5730590820312,0.05051371455192566,1011.5730590820312
5484,20.06916618347168,39.61499786376953,0.659956992172349,1019.2324829101562,0.04997539520263672,1019.2324829101562
5485,19.932498931884766,43.794166564941406,0.689818660365437,996.6483764648438,0.0558396577835083,996.6483764648438
5486,20.074167251586914,42.53083419799805,0.6842806767987544,1030.91357421875,0.03765994310379028,1030.91357421875
5487,20.09083366394043,37.62083435058594,0.6742499434622171,1012.205322265625,0.049501508474349976,1012.205322265625
5488,20.010000228881836,37.94249725341797,0.711454738837678,1047.22607421875,0.046078890562057495,1047.22607421875
5489,19.90166664123535,42.97083282470703,0.6791985757365246,1019.7625122070312,0.04251796007156372,1019.7625122070312
5490,20.15999984741211,38.12083435058594,0.6548389943296858,1059.2679443359375,0.044596076011657715,1059.2679443359375
5491,18.49250030517578,32.80916976928711,0.6292000118768191,1143.9906005859375,0.05807828903198242,1143.9906005859375
5492,20.13749885559082,41.32666778564453,0.6615729923607379,1013.2229614257812,0.06379896402359009,1013.2229614257812
5493,19.897499084472656,41.649166107177734,0.6599649334055054,1009.4937133789062,0.06286808848381042,1009.4937133789062
5494,20.092498779296875,42.948333740234375,0.7041969228128931,1044.35546875,0.039678603410720825,1044.35546875
5495,19.84583282470703,37.93333435058594,0.7055333631375144,1009.330322265625,0.04611784219741821,1009.330322265625
5496,20.017499923706055,44.182498931884766,0.7090636913080101,1012.2566528320312,0.044124096632003784,1012.2566528320312
5497,20.182498931884766,44.325836181640625,0.6608465963012453,1031.5084228515625,0.050903648138046265,1031.5084228515625
5498,19.962499618530273,43.793331146240234,0.7032695704323251,1015.3231811523438,0.03899392485618591,1015.3231811523438
5499,20.10416603088379,39.99333190917969,0.6671278177241218,1038.828125,0.04221460223197937,1038.828125
5500,20.162500381469727,49.329166412353516,0.6754280958704975,1008.9912719726562,0.04711395502090454,1008.9912719726562
5501,19.83916664123535,44.39083480834961,0.6955038285676871,1023.966552734375,0.03241395950317383,1023.966552734375
5502,20.170833587646484,42.54999923706055,0.6814602261201106,988.6674194335938,0.043275028467178345,988.6674194335938
5503,20.00749969482422,39.27333450317383,0.6715307004555202,1022.900390625,0.03621247410774231,1022.900390625
5504,19.808332443237305,42.87416458129883,0.69962732686193,1040.9110107421875,0.04267415404319763,1040.9110107421875
5505,19.81999969482422,37.608333587646484,0.6718744203662812,994.7015380859375,0.04321280121803284,994.7015380859375
5506,19.830833435058594,40.88166809082031,0.6557331815619711,1027.8023681640625,0.04317599534988403,1027.8023681640625
5507,20.092498779296875,42.355831146240234,0.6353591929209008,1042.758544921875,0.04599907994270325,1042.758544921875
5508,19.90999984741211,41.48249816894531,0.6789931128364978,1019.840576171875,0.04060196876525879,1019.840576171875
5509,19.702499389648438,36.46666717529297,0.6845779180601953,1049.8990478515625,0.031537532806396484,1049.8990478515625
5510,19.78999900817871,46.6158332824707,0.6501677166104499,1046.430908203125,0.04765602946281433,1046.430908203125
5511,19.827499389648438,41.67749786376953,0.6725822708811469,1032.3221435546875,0.04296383261680603,1032.3221435546875
5512,20.025833129882812,41.27666473388672,0.6836890593881786,992.6773071289062,0.04645302891731262,992.6773071289062
5513,19.90333366394043,43.63750076293945,0.674750138594115,1044.634765625,0.036413729190826416,1044.634765625
5514,19.698333740234375,43.52166748046875,0.6976216206051985,1046.164794921875,0.038035303354263306,1046.164794921875
5515,19.987499237060547,39.355831146240234,0.6837081999379306,1029.947509765625,0.05158579349517822,1029.947509765625
5516,19.89499855041504,43.46500015258789,0.6993591353371369,1011.990478515625,0.042181968688964844,1011.990478515625
5517,20.082500457763672,38.483333587646484,0.6862968109375216,1003.4872436523438,0.07478353381156921,1003.4872436523438
5518,19.886667251586914,42.21333312988281,0.7098912874014336,1049.3819580078125,0.03857588768005371,1049.3819580078125
5519,20.073333740234375,44.53083419799805,0.6999177624587982,1049.189208984375,0.042661458253860474,1049.189208984375
5520,19.79749870300293,41.785831451416016,0.6775440896812943,1026.806396484375,0.04893702268600464,1026.806396484375
5521,19.90333366394043,43.5533332824707,0.694544269120561,1039.8369140625,0.03860783576965332,1039.8369140625
5522,19.7983341217041,39.52666473388672,0.6765940422183706,1039.3133544921875,0.045006364583969116,1039.3133544921875
5523,20.053333282470703,41.95083236694336,0.658882121439502,998.4785766601562,0.04520612955093384,998.4785766601562
5524,19.963333129882812,44.70833206176758,0.7196646307519058,1004.5182495117188,0.048284828662872314,1004.5182495117188
5525,19.640832901000977,37.293331146240234,0.7153683459081581,1010.9996337890625,0.0538000762462616,1010.9996337890625
5526,20.001667022705078,40.71083450317383,0.700224516638104,1023.0110473632812,0.04272034764289856,1023.0110473632812
5527,19.821666717529297,44.52166748046875,0.6800431927796399,1029.30322265625,0.03485271334648132,1029.30322265625
5528,20.079999923706055,41.78666687011719,0.6715801421829366,1025.5621337890625,0.060387760400772095,1025.5621337890625
5529,19.955833435058594,44.782501220703125,0.6883914429184517,985.0078125,0.04697117209434509,985.0078125
5530,19.72749900817871,40.05083465576172,0.6619278880268287,987.00146484375,0.05230063199996948,987.00146484375
5531,19.81833267211914,39.11666488647461,0.6699493579969573,997.142822265625,0.04446771740913391,997.142822265625
5532,20.11750030517578,41.760833740234375,0.6726452246627244,1035.7176513671875,0.036824196577072144,1035.7176513671875
5533,19.989166259765625,41.78499984741211,0.6755008061712354,1035.7958984375,0.04340192675590515,1035.7958984375
5534,20.050832748413086,40.48583221435547,0.6871842972297861,1025.8896484375,0.03877696394920349,1025.8896484375
5535,20.18000030517578,44.0091667175293,0.6748540481605225,1068.33251953125,0.04086416959762573,1068.33251953125
5536,19.969167709350586,42.68583297729492,0.6700533978234899,1012.4072875976562,0.03641805052757263,1012.4072875976562
5537,19.91499900817871,45.983333587646484,0.708947989741271,984.447265625,0.038925111293792725,984.447265625
5538,19.96416664123535,44.70500183105469,0.6533429961783529,1002.940673828125,0.05652803182601929,1002.940673828125
5539,20.100833892822266,45.00416946411133,0.6790542414360902,1027.984375,0.03857463598251343,1027.984375
5540,20.011667251586914,37.63916778564453,0.6961557379946628,1039.9539794921875,0.053895026445388794,1039.9539794921875
5541,20.06166648864746,38.40583419799805,0.6736625117058237,1028.7061767578125,0.04115980863571167,1028.7061767578125
5542,19.90333366394043,41.40500259399414,0.6773773992894868,1038.644775390625,0.05807852745056152,1038.644775390625
5543,20.149166107177734,43.099998474121094,0.630653398499647,1015.08740234375,0.043183207511901855,1015.08740234375
5544,19.918333053588867,39.9908332824707,0.6896149721107223,1056.2476806640625,0.042773276567459106,1056.2476806640625
5545,20.001667022705078,48.690834045410156,0.673598543690987,1013.946533203125,0.049846261739730835,1013.946533203125
5546,20.11333465576172,46.38166809082031,0.6614936436630994,1024.241455078125,0.034826576709747314,1024.241455078125
5547,19.690834045410156,42.1783332824707,0.6614268263837596,1010.2134399414062,0.04262363910675049,1010.2134399414062
5548,19.864999771118164,41.08916473388672,0.6670263162744037,1040.1951904296875,0.038592010736465454,1040.1951904296875
5549,19.98499870300293,49.5525016784668,0.6702394358362199,1023.2366943359375,0.035062193870544434,1023.2366943359375
5550,19.99916648864746,43.371665954589844,0.6736430763879043,1032.4974365234375,0.04998764395713806,1032.4974365234375
5551,20.11750030517578,44.17499923706055,0.67871307633033,999.7883911132812,0.050907135009765625,999.7883911132812
5552,20.074167251586914,45.68833541870117,0.6816366030325725,1024.3138427734375,0.04471498727798462,1024.3138427734375
5553,20.065834045410156,37.029998779296875,0.6948368248018912,1041.9439697265625,0.04312467575073242,1041.9439697265625
5554,20.024166107177734,40.56916427612305,0.6646051157919672,1010.6151733398438,0.040991753339767456,1010.6151733398438
5555,19.93000030517578,40.03916549682617,0.6903395226402085,1051.1173095703125,0.043942928314208984,1051.1173095703125
5556,20.168333053588867,46.57666778564453,0.7036641543212117,1043.965576171875,0.035572588443756104,1043.965576171875
5557,19.63166618347168,38.04166793823242,0.7124893839866862,998.5568237304688,0.04015973210334778,998.5568237304688
5558,19.84083366394043,43.729164123535156,0.6603365694237138,1052.3223876953125,0.05321499705314636,1052.3223876953125
5559,19.46416664123535,35.926666259765625,0.6764357206333264,1071.2596435546875,0.04717564582824707,1071.2596435546875
5560,19.914167404174805,47.701663970947266,0.704602372740329,995.770751953125,0.03824043273925781,995.770751953125
5561,19.829999923706055,40.15250015258789,0.6465517929580404,1014.0479125976562,0.042888909578323364,1014.0479125976562
5562,19.815834045410156,41.48583221435547,0.6599429393970935,1051.94482421875,0.037379056215286255,1051.94482421875
5563,20.219999313354492,45.33583068847656,0.6825585185135405,1038.5364990234375,0.03985258936882019,1038.5364990234375
5564,20.024166107177734,48.39666748046875,0.6904535624954609,1003.80126953125,0.04376566410064697,1003.80126953125
5565,20.04916763305664,44.83833312988281,0.7028497213179299,1026.3466796875,0.04093962907791138,1026.3466796875
5566,19.933334350585938,47.25666809082031,0.6840576330034793,1029.830322265625,0.03865960240364075,1029.830322265625
5567,19.45083236694336,36.62416458129883,0.6727109136502791,1012.2758178710938,0.05331909656524658,1012.2758178710938
5568,19.91499900817871,44.54083251953125,0.6844561883918321,1035.4210205078125,0.04775616526603699,1035.4210205078125
5569,19.898332595825195,47.62583541870117,0.7212424693595917,996.0131225585938,0.04479038715362549,996.0131225585938
5570,19.498332977294922,42.378334045410156,0.6913234154214254,1023.40966796875,0.04134485125541687,1023.40966796875
5571,19.54833221435547,42.37916946411133,0.6857403035231218,1034.8204345703125,0.04206928610801697,1034.8204345703125
5572,19.55666732788086,41.49583435058594,0.6533227732416188,1025.0533447265625,0.04167059063911438,1025.0533447265625
5573,19.940834045410156,43.772499084472656,0.6595588212076684,1034.0064697265625,0.035624146461486816,1034.0064697265625
5574,19.6299991607666,40.128334045410156,0.6682641179545047,1017.2125244140625,0.037558913230895996,1017.2125244140625
5575,19.622499465942383,43.1349983215332,0.700787778918147,1033.8917236328125,0.03760489821434021,1033.8917236328125
5576,20.071666717529297,45.13500213623047,0.6862810537793284,1047.4073486328125,0.034096091985702515,1047.4073486328125
5577,19.838333129882812,40.93083572387695,0.6969406686724873,1032.1131591796875,0.05484101176261902,1032.1131591796875
5578,19.74916648864746,35.725830078125,0.685653218598616,1044.69482421875,0.05060696601867676,1044.69482421875
5579,19.89666748046875,43.93000030517578,0.6854398026989583,1012.9700927734375,0.04338526725769043,1012.9700927734375
5580,19.706666946411133,39.484169006347656,0.6514147017286276,1057.728759765625,0.052149683237075806,1057.728759765625
5581,19.954999923706055,45.16416931152344,0.689279149231002,1059.24169921875,0.03677985072135925,1059.24169921875
5582,19.220001220703125,38.614166259765625,0.6817431122172178,1058.5595703125,0.057891786098480225,1058.5595703125
5583,19.76249885559082,40.72916793823242,0.6807637042722263,1061.9698486328125,0.04566851258277893,1061.9698486328125
5584,19.82666778564453,41.47666549682617,0.729518180202563,984.540283203125,0.035254836082458496,984.540283203125
5585,19.794166564941406,43.244998931884766,0.6810017890342674,1011.1141967773438,0.03501233458518982,1011.1141967773438
5586,19.65916633605957,38.97083282470703,0.6396675194097472,1044.35009765625,0.04593402147293091,1044.35009765625
5587,19.791667938232422,38.393333435058594,0.6731865766083163,1045.35107421875,0.029376506805419922,1045.35107421875
5588,19.482500076293945,42.43499755859375,0.6900250715978159,1034.191650390625,0.04415684938430786,1034.191650390625
5589,19.878334045410156,43.29249954223633,0.6839739873931836,1045.565673828125,0.042385488748550415,1045.565673828125
5590,19.835832595825195,41.69000244140625,0.689937295654603,1045.12939453125,0.036902159452438354,1045.12939453125
5591,19.914167404174805,46.703330993652344,0.6901699158438757,998.615234375,0.03774109482765198,998.615234375
5592,19.983333587646484,45.20333480834961,0.6712539300508751,994.2618408203125,0.04187622666358948,994.2618408203125
5593,20.120834350585938,41.72249984741211,0.6562025724236806,1058.928955078125,0.05309167504310608,1058.928955078125
5594,19.89499855041504,37.94499969482422,0.6869194510209589,1027.6988525390625,0.05225950479507446,1027.6988525390625
5595,20.07499885559082,44.1875,0.6870351004937825,1007.6784057617188,0.038414567708969116,1007.6784057617188
5596,19.988332748413086,43.75416564941406,0.6863664138925225,1048.379150390625,0.050842225551605225,1048.379150390625
5597,19.904998779296875,40.203330993652344,0.6472013116224268,1016.45263671875,0.04094052314758301,1016.45263671875
5598,19.975833892822266,40.97916793823242,0.6640031155685734,1018.5792236328125,0.035018712282180786,1018.5792236328125
5599,20.258333206176758,42.79499816894531,0.6515068445985317,1003.88330078125,0.03662818670272827,1003.88330078125
5600,20.254165649414062,46.47666931152344,0.6728113693991513,1036.040771484375,0.03662997484207153,1036.040771484375
5601,20.40166664123535,45.940834045410156,0.6760847257828783,1018.6781616210938,0.03982597589492798,1018.6781616210938
5602,20.38249969482422,43.50083541870117,0.6810139449377747,1020.2481689453125,0.03562915325164795,1020.2481689453125
5603,20.212499618530273,44.182498931884766,0.7117787933704458,1015.0172119140625,0.0413680374622345,1015.0172119140625
5604,20.15250015258789,41.19583511352539,0.676179450597773,1007.8612670898438,0.052138566970825195,1007.8612670898438
5605,20.107500076293945,45.27833557128906,0.6804858738930984,1063.0087890625,0.04292422533035278,1063.0087890625
5606,19.862499237060547,45.548336029052734,0.6791033329756055,1020.7492065429688,0.05835476517677307,1020.7492065429688
5607,19.90416717529297,41.89500045776367,0.6462221441762559,1025.7781982421875,0.04064854979515076,1025.7781982421875
5608,19.995834350585938,43.72666931152344,0.6749539941459779,1021.5248413085938,0.03233852982521057,1021.5248413085938
5609,20.419166564941406,42.65833282470703,0.6766313685071569,989.5411987304688,0.062038689851760864,989.5411987304688
5610,20.399166107177734,47.393333435058594,0.7059930745557601,1040.0416259765625,0.05075448751449585,1040.0416259765625
5611,19.807498931884766,40.690834045410156,0.6754970283102728,1037.720703125,0.041526198387145996,1037.720703125
5612,19.854167938232422,39.86166763305664,0.6915953281369542,1023.6285400390625,0.03771781921386719,1023.6285400390625
5613,20.38166618347168,49.997501373291016,0.6678773792960553,1019.6931762695312,0.04150471091270447,1019.6931762695312
5614,20.03333282470703,47.96249771118164,0.684107787871794,1005.68798828125,0.039687514305114746,1005.68798828125
5615,19.77666664123535,43.684165954589844,0.6828581409848149,1001.6161499023438,0.03949674963951111,1001.6161499023438
5616,20.182498931884766,44.420833587646484,0.6851796587166668,1056.90380859375,0.03628420829772949,1056.90380859375
5617,19.926666259765625,38.74166488647461,0.6611541640001257,1020.8054809570312,0.04380360245704651,1020.8054809570312
5618,20.16666603088379,36.20083236694336,0.6825066821442549,1068.4478759765625,0.0395960807800293,1068.4478759765625
5619,20.080833435058594,44.12666702270508,0.671158330505556,1034.232666015625,0.03350594639778137,1034.232666015625
5620,19.906667709350586,37.55583572387695,0.6555150157826677,1014.2357177734375,0.04405006766319275,1014.2357177734375
5621,19.864168167114258,42.27333450317383,0.688245307625079,1027.53076171875,0.038201600313186646,1027.53076171875
5622,19.955833435058594,45.02666473388672,0.6963182848666922,1033.636474609375,0.033992886543273926,1033.636474609375
5623,20.22249984741211,40.83250045776367,0.683703962520104,1039.636962890625,0.0644192099571228,1039.636962890625
5624,20.40250015258789,49.801666259765625,0.6660686575926806,1037.0911865234375,0.05024319887161255,1037.0911865234375
5625,20.040834426879883,44.510833740234375,0.6731325463014952,1041.4031982421875,0.04235219955444336,1041.4031982421875
5626,20.141666412353516,40.706668853759766,0.680503497642027,1031.347900390625,0.04287534952163696,1031.347900390625
5627,19.941667556762695,43.383331298828125,0.7061720245721226,1028.9495849609375,0.041248440742492676,1028.9495849609375
5628,20.05500030517578,42.878334045410156,0.6948662560423353,1048.0235595703125,0.04356291890144348,1048.0235595703125
5629,19.87583351135254,38.739166259765625,0.6429701002357263,1023.780517578125,0.036368757486343384,1023.780517578125
5630,20.025833129882812,45.22333526611328,0.6547950709849776,1041.1966552734375,0.04416775703430176,1041.1966552734375
5631,21.142499923706055,47.438331604003906,0.6312303177166495,1001.8533935546875,0.04589226841926575,1001.8533935546875
5632,19.88249969482422,44.606666564941406,0.6731327490452562,1025.3299560546875,0.04572516679763794,1025.3299560546875
5633,19.713333129882812,38.293331146240234,0.6738193884485552,1044.579345703125,0.03928026556968689,1044.579345703125
5634,20.038333892822266,42.420833587646484,0.6745572753550986,1010.1226196289062,0.04934689402580261,1010.1226196289062
5635,20.110000610351562,49.045833587646484,0.7095657479115254,1004.0162353515625,0.05291387438774109,1004.0162353515625
5636,19.77916717529297,44.586666107177734,0.6652835818207561,1016.5820922851562,0.04625159502029419,1016.5820922851562
5637,19.365833282470703,41.075836181640625,0.6614921444050474,999.7807006835938,0.031578779220581055,999.7807006835938
5638,19.726667404174805,41.11000061035156,0.6727506727480799,1032.63671875,0.058393776416778564,1032.63671875
5639,19.89499855041504,43.21083450317383,0.6810008242735115,1027.869384765625,0.03941488265991211,1027.869384765625
5640,19.975833892822266,48.875831604003906,0.7181750538103833,1008.4187622070312,0.04626050591468811,1008.4187622070312
5641,19.55500030517578,40.2216682434082,0.6855023410577255,983.785400390625,0.0570511519908905,983.785400390625
5642,19.865833282470703,38.435001373291016,0.6636070131130374,1050.8114013671875,0.04400622844696045,1050.8114013671875
5643,19.72333335876465,48.36333465576172,0.6677899531238867,1029.5477294921875,0.03267177939414978,1029.5477294921875
5644,19.674999237060547,34.83583450317383,0.6646491892566658,1056.512939453125,0.06802669167518616,1056.512939453125
5645,19.84166717529297,41.753334045410156,0.6503126767557901,1089.1053466796875,0.043644845485687256,1089.1053466796875
5646,20.051666259765625,38.84333419799805,0.6281321300053058,1040.5185546875,0.04859253764152527,1040.5185546875
5647,19.863332748413086,41.293331146240234,0.6711513438283253,1055.537109375,0.030425667762756348,1055.537109375
5648,19.869998931884766,38.29083251953125,0.6723183388534447,1045.36083984375,0.04745596647262573,1045.36083984375
5649,19.724998474121094,43.03333282470703,0.710065174904017,1035.2783203125,0.03832370042800903,1035.2783203125
5650,19.625,45.27333450317383,0.6537346623048739,1048.5443115234375,0.05100131034851074,1048.5443115234375
5651,19.83333396911621,44.86916732788086,0.6698049827636696,1039.1807861328125,0.044113606214523315,1039.1807861328125
5652,19.871667861938477,45.165000915527344,0.7013314135086411,1026.9888916015625,0.04224732518196106,1026.9888916015625
5653,19.670000076293945,42.3849983215332,0.684698878460829,1025.0498046875,0.039768368005752563,1025.0498046875
5654,20.029998779296875,44.51333236694336,0.6421758088555314,1037.1004638671875,0.03712815046310425,1037.1004638671875
5655,19.705833435058594,43.32083511352539,0.7023609408542122,1000.2335205078125,0.05769848823547363,1000.2335205078125
5656,19.800832748413086,40.48749923706055,0.674883690953102,1050.8084716796875,0.06433746218681335,1050.8084716796875
5657,19.764999389648438,44.14249801635742,0.7017441630855793,1024.408935546875,0.03888627886772156,1024.408935546875
5658,20.165834426879883,45.50583267211914,0.6668552861151854,1003.787109375,0.05127492547035217,1003.787109375
5659,19.8799991607666,40.57583236694336,0.6737916846543559,1049.845947265625,0.029236674308776855,1049.845947265625
5660,20.022499084472656,42.30500030517578,0.6831101221729643,1038.488037109375,0.04049873352050781,1038.488037109375
5661,19.516666412353516,41.15416717529297,0.6631662102899425,1069.2423095703125,0.05564165115356445,1069.2423095703125
5662,19.76416778564453,39.96333312988281,0.6792751181887056,1031.4913330078125,0.03706490993499756,1031.4913330078125
5663,20.11333465576172,43.13666534423828,0.7060220700689299,1027.5257568359375,0.03900289535522461,1027.5257568359375
5664,19.859167098999023,40.13999938964844,0.6718122924896393,1036.0946044921875,0.04387462139129639,1036.0946044921875
5665,19.905834197998047,44.790000915527344,0.7226352055445752,998.83056640625,0.04141032695770264,998.83056640625
5666,20.281665802001953,46.92333221435547,0.6747348010487686,1046.949462890625,0.039452195167541504,1046.949462890625
5667,19.371665954589844,39.52166748046875,0.661688845864969,998.7806396484375,0.043921470642089844,998.7806396484375
5668,19.626667022705078,40.51416778564453,0.6671606417829365,1058.2239990234375,0.04736533761024475,1058.2239990234375
5669,20.144166946411133,45.253334045410156,0.6928955156706478,1029.617919921875,0.04541677236557007,1029.617919921875
5670,19.739999771118164,44.771663665771484,0.6983855401585497,992.9105224609375,0.0472068190574646,992.9105224609375
5671,19.979167938232422,46.02333450317383,0.6929524407413634,1003.6099853515625,0.03910955786705017,1003.6099853515625
5672,19.953332901000977,43.30999755859375,0.6495373096488815,1020.00390625,0.038851916790008545,1020.00390625
5673,20.213333129882812,44.711666107177734,0.6408700063590451,1016.5719604492188,0.053672194480895996,1016.5719604492188
5674,20.142499923706055,44.290836334228516,0.70378672975302,1016.3983154296875,0.03910467028617859,1016.3983154296875
5675,19.68083381652832,40.66166687011719,0.6663554505887513,1014.403076171875,0.042222678661346436,1014.403076171875
5676,20.002500534057617,41.255836486816406,0.7011932572474204,1043.165771484375,0.033293843269348145,1043.165771484375
5677,19.944168090820312,38.78333282470703,0.6882243996461539,1042.3284912109375,0.039294302463531494,1042.3284912109375
5678,19.744998931884766,39.695831298828125,0.664352798500766,1034.3629150390625,0.044603973627090454,1034.3629150390625
5679,20.613332748413086,39.27000045776367,0.6866522644810267,992.60205078125,0.05034506320953369,992.60205078125
5680,19.75083351135254,41.58833312988281,0.7173030451456914,1050.667724609375,0.03180578351020813,1050.667724609375
5681,19.685832977294922,40.45166778564453,0.6632870378154021,1050.3104248046875,0.0579909086227417,1050.3104248046875
5682,19.97083282470703,40.4808349609375,0.672956155357205,1036.857177734375,0.039682745933532715,1036.857177734375
5683,20.001667022705078,45.977500915527344,0.7058333935926442,1016.3290405273438,0.049021005630493164,1016.3290405273438
5684,19.31166648864746,33.003334045410156,0.6831569043969115,1036.168212890625,0.07148534059524536,1036.168212890625
5685,19.532499313354492,42.337501525878906,0.6818054194178388,1008.8005981445312,0.03478133678436279,1008.8005981445312
5686,19.752498626708984,49.25499725341797,0.7155284933808949,1048.12451171875,0.03697305917739868,1048.12451171875
5687,19.480833053588867,43.06416702270508,0.7311356567145412,1017.6138305664062,0.042986512184143066,1017.6138305664062
5688,19.379167556762695,42.99583435058594,0.6944370480136439,989.1594848632812,0.038665711879730225,989.1594848632812
5689,19.5674991607666,40.051666259765625,0.7160970239867388,998.7339477539062,0.04980659484863281,998.7339477539062
5690,19.799999237060547,41.961666107177734,0.691673992773718,1007.4548950195312,0.06485119462013245,1007.4548950195312
5691,19.90250015258789,41.5341682434082,0.7068594533777229,1041.801025390625,0.028605878353118896,1041.801025390625
5692,20.009166717529297,44.17333221435547,0.7079604789221585,1038.18896484375,0.0415172278881073,1038.18896484375
5693,19.61833381652832,43.88249969482422,0.6944920311435153,1028.1512451171875,0.04123157262802124,1028.1512451171875
5694,19.338333129882812,37.71083450317383,0.693416886482372,1070.346923828125,0.04024568200111389,1070.346923828125
5695,19.50666618347168,39.711666107177734,0.7182069003045536,1044.4991455078125,0.039216309785842896,1044.4991455078125
5696,19.3700008392334,38.04999923706055,0.7001693267512293,1059.9471435546875,0.03383469581604004,1059.9471435546875
5697,19.858333587646484,40.73416519165039,0.6931695739541656,1008.9418334960938,0.05519875884056091,1008.9418334960938
5698,19.616666793823242,45.09749984741211,0.6797831767107997,1036.0205078125,0.03558257222175598,1036.0205078125
5699,19.816667556762695,43.75749969482422,0.6832486913127367,1014.3319702148438,0.04531112313270569,1014.3319702148438
5700,19.84000015258789,38.63833236694336,0.7265905159292119,1034.7249755859375,0.04836580157279968,1034.7249755859375
5701,19.649999618530273,42.62666702270508,0.6890356892059097,1035.9146728515625,0.04301813244819641,1035.9146728515625
5702,19.59083366394043,37.32416534423828,0.7298535152450674,1046.11474609375,0.04722243547439575,1046.11474609375
5703,19.97333335876465,39.8125,0.6439951597527191,1032.5908203125,0.040825605392456055,1032.5908203125
5704,19.683332443237305,46.885833740234375,0.698352549725413,1009.0797119140625,0.054675936698913574,1009.0797119140625
5705,19.844167709350586,42.06333541870117,0.7159334537540445,986.6307983398438,0.049970775842666626,986.6307983398438
5706,19.819168090820312,43.663330078125,0.652117906348019,1002.7177124023438,0.043498456478118896,1002.7177124023438
5707,19.789167404174805,40.76166915893555,0.6966649765753616,1033.95703125,0.03957751393318176,1033.95703125
5708,19.801668167114258,45.34583282470703,0.697934419588359,1017.1858520507812,0.034193187952041626,1017.1858520507812
5709,20.100000381469727,41.579166412353516,0.6633471798337602,1066.4244384765625,0.03776872158050537,1066.4244384765625
5710,19.497499465942383,45.871665954589844,0.6761357503404135,1016.8923950195312,0.048198401927948,1016.8923950195312
5711,19.570833206176758,36.57583236694336,0.7052525025533454,1061.848876953125,0.08138561248779297,1061.848876953125
5712,19.802499771118164,43.41666793823242,0.7211183217953812,1041.2969970703125,0.04289117455482483,1041.2969970703125
5713,20.898332595825195,40.70916748046875,0.6862180131096649,1041.337890625,0.047909051179885864,1041.337890625
5714,20.032499313354492,44.6058349609375,0.6881261426518901,1002.8865356445312,0.045690834522247314,1002.8865356445312
5715,19.995834350585938,42.320831298828125,0.6726457794394707,1002.6337280273438,0.05956083536148071,1002.6337280273438
5716,19.60249900817871,35.97249984741211,0.6539182775115553,1022.921630859375,0.05075851082801819,1022.921630859375
5717,19.66583251953125,40.9033317565918,0.6622532020074345,995.049560546875,0.03875574469566345,995.049560546875
5718,19.828332901000977,45.856666564941406,0.6766236981701794,1015.501953125,0.05196699500083923,1015.501953125
5719,20.09833335876465,46.48416519165039,0.7186092544002987,1037.206298828125,0.042933255434036255,1037.206298828125
5720,19.59083366394043,41.50166702270508,0.6738110228888651,1017.0742797851562,0.045093536376953125,1017.0742797851562
5721,19.629167556762695,41.5433349609375,0.7034793504649527,1007.0692749023438,0.03510868549346924,1007.0692749023438
5722,19.50083351135254,40.50166702270508,0.6549003039692158,1018.4625244140625,0.04669433832168579,1018.4625244140625
5723,19.741666793823242,40.782501220703125,0.7227735416648575,1083.7037353515625,0.028650403022766113,1083.7037353515625
5724,20.10249900817871,43.94916534423828,0.6916409464425232,1078.822021484375,0.03616127371788025,1078.822021484375
5725,20.079999923706055,47.03416442871094,0.6580141686967238,1026.522216796875,0.03227388858795166,1026.522216796875
5726,19.88749885559082,37.10750198364258,0.6899586457483641,1029.626953125,0.02939218282699585,1029.626953125
5727,19.690834045410156,40.28083419799805,0.6829347634459577,1011.364501953125,0.050373196601867676,1011.364501953125
5728,20.225000381469727,50.375831604003906,0.6599246009436338,1026.412353515625,0.045707494020462036,1026.412353515625
5729,19.669166564941406,39.005001068115234,0.6808354943629967,1052.37255859375,0.04337787628173828,1052.37255859375
5730,20.260833740234375,45.26000213623047,0.6706851802681932,1000.5516967773438,0.04252240061759949,1000.5516967773438
5731,19.956666946411133,47.00749969482422,0.6924233796989917,1013.3912963867188,0.049594759941101074,1013.3912963867188
5732,19.99416732788086,41.41166687011719,0.6759223345183667,1039.1552734375,0.047752439975738525,1039.1552734375
5733,20.105833053588867,41.576663970947266,0.7488720410858791,1023.2807006835938,0.05649757385253906,1023.2807006835938
5734,19.929166793823242,45.692501068115234,0.7117724489770478,973.0586547851562,0.05617797374725342,973.0586547851562
5735,19.615833282470703,42.46083068847656,0.6924317136389244,998.3217163085938,0.037516653537750244,998.3217163085938
5736,19.84000015258789,40.8224983215332,0.7050329903207028,1001.1461181640625,0.042772382497787476,1001.1461181640625
5737,19.829999923706055,41.073333740234375,0.691876116635789,1007.6156616210938,0.0406191349029541,1007.6156616210938
5738,19.53583335876465,37.17499923706055,0.666032635733588,1026.0877685546875,0.045343607664108276,1026.0877685546875
5739,19.61083221435547,43.774166107177734,0.6757588437383588,1002.3909301757812,0.03506597876548767,1002.3909301757812
5740,20.1733341217041,44.279998779296875,0.6679781808970706,1026.6463623046875,0.04302021861076355,1026.6463623046875
5741,19.89666748046875,41.46916580200195,0.6740502773830624,1011.018310546875,0.038354694843292236,1011.018310546875
5742,20.05583381652832,44.44249725341797,0.7309203906960651,1039.23681640625,0.036022037267684937,1039.23681640625
5743,19.77833366394043,42.18166732788086,0.6849146955332783,1007.6735229492188,0.04184642434120178,1007.6735229492188
5744,19.773332595825195,41.855831146240234,0.6785900719604008,999.1056518554688,0.04063132405281067,999.1056518554688
5745,19.961666107177734,45.875,0.6855482453014176,1025.989501953125,0.03950703144073486,1025.989501953125
5746,19.74333381652832,41.77916717529297,0.6862511718358745,1018.5975341796875,0.050841689109802246,1018.5975341796875
5747,19.80666732788086,36.205833435058594,0.6857391311080641,1044.1920166015625,0.038658738136291504,1044.1920166015625
5748,19.82499885559082,45.41749954223633,0.6630668738132938,1033.839111328125,0.059126198291778564,1033.839111328125
5749,19.73666763305664,41.395835876464844,0.675277948964746,1036.259765625,0.056408196687698364,1036.259765625
5750,19.84749984741211,44.17000198364258,0.6746228850477962,1053.513671875,0.04612523317337036,1053.513671875
5751,20.15999984741211,51.70000076293945,0.6692836209375193,1013.7003784179688,0.0470697283744812,1013.7003784179688
5752,19.94999885559082,37.45916748046875,0.6679225031804439,1067.9151611328125,0.04522421956062317,1067.9151611328125
5753,19.920000076293945,39.07666778564453,0.7147175589937633,1017.9644775390625,0.06445303559303284,1017.9644775390625
5754,19.584999084472656,43.50250244140625,0.6864923341518752,1004.4072265625,0.04722830653190613,1004.4072265625
5755,19.59583282470703,38.56500244140625,0.7085030127712739,1070.3946533203125,0.03716263175010681,1070.3946533203125
5756,19.496667861938477,45.65416717529297,0.6886643415322493,1039.2396240234375,0.04294338822364807,1039.2396240234375
5757,19.932498931884766,42.054168701171875,0.698280270894043,1011.8717651367188,0.037579506635665894,1011.8717651367188
5758,19.594167709350586,37.3216667175293,0.7032512436166288,1041.0029296875,0.047124505043029785,1041.0029296875
5759,19.9424991607666,42.43666458129883,0.6813618849105119,990.0755004882812,0.0396668016910553,990.0755004882812
5760,19.649999618530273,38.75749969482422,0.686090104484421,1036.44970703125,0.05641677975654602,1036.44970703125
5761,19.84083366394043,40.93916702270508,0.711474181965239,1068.8631591796875,0.03567466139793396,1068.8631591796875
5762,19.703332901000977,42.30583190917969,0.6789091266138976,982.4546508789062,0.03965651988983154,982.4546508789062
5763,19.809999465942383,41.787498474121094,0.6940270257070911,1046.60546875,0.032051682472229004,1046.60546875
5764,19.68666648864746,47.95833206176758,0.7050676819204147,1001.2669677734375,0.04526877403259277,1001.2669677734375
5765,19.829999923706055,46.71333312988281,0.6924476388640626,1004.1358642578125,0.032520800828933716,1004.1358642578125
5766,19.737499237060547,39.78750228881836,0.7003364815740637,1023.60498046875,0.03912898898124695,1023.60498046875
5767,19.801668167114258,37.99416732788086,0.6833975718872648,1032.485595703125,0.042211711406707764,1032.485595703125
5768,19.804166793823242,42.7933349609375,0.6779398150793368,1008.7701416015625,0.03597244620323181,1008.7701416015625
5769,19.97333335876465,52.20249938964844,0.7284582165016948,993.3002319335938,0.04359793663024902,993.3002319335938
5770,19.399166107177734,44.782501220703125,0.7076142072524164,984.6262817382812,0.047149479389190674,984.6262817382812
5771,19.454166412353516,41.3841667175293,0.655876514532195,1036.9090576171875,0.04823005199432373,1036.9090576171875
5772,19.628334045410156,41.78666687011719,0.7153771885163465,1002.8416137695312,0.038296669721603394,1002.8416137695312
5773,19.6299991607666,39.660831451416016,0.6744761094019168,1051.6265869140625,0.04821896553039551,1051.6265869140625
5774,19.594999313354492,39.5816650390625,0.715389015180425,1023.875244140625,0.05857115983963013,1023.875244140625
5775,19.86166763305664,39.42250061035156,0.6520668009924155,1040.991943359375,0.05360710620880127,1040.991943359375
5776,19.854999542236328,42.176666259765625,0.686944316002771,1042.84521484375,0.04690825939178467,1042.84521484375
5777,19.65916633605957,40.06833267211914,0.6772680977297731,1057.150390625,0.059547364711761475,1057.150390625
5778,19.615833282470703,42.503334045410156,0.6752893019625944,1029.6923828125,0.04826939105987549,1029.6923828125
5779,19.915834426879883,43.2599983215332,0.6996268113124662,1006.3651733398438,0.047674715518951416,1006.3651733398438
5780,20.066665649414062,41.10333251953125,0.6722977294241788,1021.8703002929688,0.03200915455818176,1021.8703002929688
5781,19.441667556762695,36.991668701171875,0.671450312382755,1041.29638671875,0.04807776212692261,1041.29638671875
5782,19.869998931884766,43.93166732788086,0.7027526156242447,1031.26708984375,0.045393794775009155,1031.26708984375
5783,19.837499618530273,45.3125,0.66807861459276,1011.7549438476562,0.044121116399765015,1011.7549438476562
5784,19.850000381469727,38.20333480834961,0.654499668302359,1031.58447265625,0.042885541915893555,1031.58447265625
5785,19.935832977294922,36.71416473388672,0.669441100640698,1007.6902465820312,0.04273641109466553,1007.6902465820312
5786,19.551666259765625,34.04499816894531,0.6638242212392913,1053.6357421875,0.03229093551635742,1053.6357421875
5787,19.8608341217041,43.80083465576172,0.6612665776865599,1000.5516357421875,0.04081788659095764,1000.5516357421875
5788,19.609167098999023,42.43083190917969,0.6578018019265015,1049.4322509765625,0.04478812217712402,1049.4322509765625
5789,19.71500015258789,39.94916534423828,0.6834089479574286,1001.3822021484375,0.03549453616142273,1001.3822021484375
5790,19.581666946411133,41.02166748046875,0.6731342780852778,981.918212890625,0.041589975357055664,981.918212890625
5791,20.075834274291992,37.959999084472656,0.6606601130182903,1059.3472900390625,0.04974547028541565,1059.3472900390625
5792,20.15166664123535,45.0533332824707,0.6609685700031154,1038.6702880859375,0.042042672634124756,1038.6702880859375
5793,19.859167098999023,43.17583465576172,0.6697360218251972,1039.590087890625,0.035840779542922974,1039.590087890625
5794,19.710832595825195,39.86833572387695,0.6765927725249794,1015.90673828125,0.044240355491638184,1015.90673828125
5795,19.898332595825195,46.62416458129883,0.6512571905363189,983.5816040039062,0.03662744164466858,983.5816040039062
5796,19.543333053588867,40.64833068847656,0.6741867582274298,1016.4923095703125,0.05728256702423096,1016.4923095703125
5797,20.022499084472656,42.86499786376953,0.6806096495238784,998.085693359375,0.04147854447364807,998.085693359375
5798,20.001667022705078,43.71083450317383,0.7018588376658433,1044.230712890625,0.04234221577644348,1044.230712890625
5799,19.899168014526367,40.09416580200195,0.6595404769213133,989.5735473632812,0.04774096608161926,989.5735473632812
5800,19.559999465942383,36.86166763305664,0.6274793051925374,1004.0574951171875,0.04915449023246765,1004.0574951171875
5801,19.516666412353516,40.067501068115234,0.6761148951461278,1001.5769653320312,0.05029439926147461,1001.5769653320312
5802,20.200834274291992,39.66499710083008,0.7012794700334117,1073.9930419921875,0.055573970079422,1073.9930419921875
5803,20.047500610351562,43.67250061035156,0.6674491017971624,1001.0264282226562,0.053935229778289795,1001.0264282226562
5804,20.019166946411133,43.883331298828125,0.7034101223723449,1026.9991455078125,0.04839354753494263,1026.9991455078125
5805,19.97249984741211,46.69499969482422,0.6536812894968697,1074.81640625,0.03221854567527771,1074.81640625
5806,19.844999313354492,43.30999755859375,0.6635921769686439,1006.1135864257812,0.041902124881744385,1006.1135864257812
5807,19.70749855041504,36.28750228881836,0.6438636243100524,1063.0875244140625,0.03827223181724548,1063.0875244140625
5808,19.854167938232422,44.15250015258789,0.6831125368812803,1016.4408569335938,0.050023406744003296,1016.4408569335938
5809,19.844999313354492,40.02166748046875,0.6734994320404379,1030.9683837890625,0.03675982356071472,1030.9683837890625
5810,20.011667251586914,41.34416580200195,0.7037372714719846,1070.0028076171875,0.03778156638145447,1070.0028076171875
5811,19.899999618530273,40.4033317565918,0.6712738066318413,1049.37841796875,0.0317632257938385,1049.37841796875
5812,19.920833587646484,44.56833267211914,0.6695564357358166,1023.57568359375,0.03820636868476868,1023.57568359375
5813,20.262500762939453,42.34916687011719,0.657216884718525,998.6566772460938,0.04917725920677185,998.6566772460938
5814,20.086666107177734,40.02583312988281,0.6625014414169836,1044.3209228515625,0.05260235071182251,1044.3209228515625
5815,20.176666259765625,41.48583221435547,0.6538119527878294,1003.4735107421875,0.04517081379890442,1003.4735107421875
5816,19.835832595825195,46.53416442871094,0.6766921094425782,999.9721069335938,0.046263277530670166,999.9721069335938
5817,19.889999389648438,46.76166915893555,0.6460207356441179,980.8592529296875,0.04259210824966431,980.8592529296875
5818,19.836668014526367,37.551666259765625,0.6516516989862224,1047.90966796875,0.04133540391921997,1047.90966796875
5819,19.796667098999023,37.40416717529297,0.6502148012207164,1018.6229248046875,0.046248286962509155,1018.6229248046875
5820,19.857500076293945,37.35916519165039,0.6873046862767899,1078.376220703125,0.04873177409172058,1078.376220703125
5821,19.967498779296875,46.331668853759766,0.6565683053486817,1031.4573974609375,0.046510010957717896,1031.4573974609375
5822,19.855833053588867,45.26166534423828,0.6895434666872154,1018.0469360351562,0.044436901807785034,1018.0469360351562
5823,20.182498931884766,45.04916763305664,0.671075554273157,1024.4873046875,0.0415458083152771,1024.4873046875
5824,19.97749900817871,42.71416473388672,0.6363926668495206,1059.4190673828125,0.03662651777267456,1059.4190673828125
5825,20.001667022705078,45.03333282470703,0.6450230797250467,1012.5128784179688,0.034544408321380615,1012.5128784179688
5826,19.786666870117188,47.13916778564453,0.6676364923419718,1020.588623046875,0.041910409927368164,1020.588623046875
5827,19.81166648864746,37.09916687011719,0.6753367067646953,1065.2822265625,0.04721778631210327,1065.2822265625
5828,19.439167022705078,36.801666259765625,0.6642302607953121,997.9525146484375,0.0916939377784729,997.9525146484375
5829,19.76249885559082,40.55583572387695,0.660503574562535,1036.491943359375,0.03766503930091858,1036.491943359375
5830,19.689998626708984,40.12083435058594,0.6708327671340466,1002.1637573242188,0.043742597103118896,1002.1637573242188
5831,19.939167022705078,40.40833282470703,0.6599419583771131,1097.218017578125,0.03884926438331604,1097.218017578125
5832,20.09666633605957,41.598331451416016,0.6636368219037045,1036.656494140625,0.03823345899581909,1036.656494140625
5833,19.779998779296875,42.90583419799805,0.6453073722122147,1022.3736572265625,0.0486626923084259,1022.3736572265625
5834,19.540000915527344,38.391666412353516,0.6685298749509949,1031.0460205078125,0.040996402502059937,1031.0460205078125
5835,19.889999389648438,43.41583251953125,0.6775433794021597,1027.9078369140625,0.04784777760505676,1027.9078369140625
5836,19.789167404174805,44.47500228881836,0.6673834150889504,1047.91015625,0.036005496978759766,1047.91015625
5837,19.545833587646484,40.22249984741211,0.6544689200361185,991.837158203125,0.04467156529426575,991.837158203125
5838,19.642499923706055,39.10416793823242,0.6680579817483128,1067.7528076171875,0.04854387044906616,1067.7528076171875
5839,19.815834045410156,42.79916763305664,0.668106482874268,1017.4759521484375,0.03845122456550598,1017.4759521484375
5840,19.741666793823242,45.34749984741211,0.659329377150268,1045.190673828125,0.04742303490638733,1045.190673828125
5841,19.890832901000977,40.407501220703125,0.6344177749010715,1042.99267578125,0.05342835187911987,1042.99267578125
5842,20.29666519165039,48.605831146240234,0.6656693100255862,1055.47314453125,0.04152265191078186,1055.47314453125
5843,19.987499237060547,42.663333892822266,0.6290028191676522,1065.6978759765625,0.05875802040100098,1065.6978759765625
5844,20.08333396911621,41.3033332824707,0.6342589226128212,1068.9193115234375,0.034256935119628906,1068.9193115234375
5845,20.198333740234375,44.885833740234375,0.6674727400315092,1048.921142578125,0.04619598388671875,1048.921142578125
5846,20.168333053588867,43.99416732788086,0.6817955046545738,1029.2550048828125,0.04004174470901489,1029.2550048828125
5847,20.038333892822266,43.89500045776367,0.6475239603496887,1000.0614013671875,0.04636627435684204,1000.0614013671875
5848,20.31999969482422,50.5816650390625,0.6595186343085284,1024.75244140625,0.06248044967651367,1024.75244140625
5849,20.32833480834961,45.14583206176758,0.6785067389574615,1036.8172607421875,0.03388276696205139,1036.8172607421875
5850,20.463333129882812,41.394168853759766,0.6039586181699744,1018.4104614257812,0.03381890058517456,1018.4104614257812
5851,20.27666664123535,46.02833557128906,0.6441609091209826,1048.7991943359375,0.0458550751209259,1048.7991943359375
5852,20.05666732788086,41.34749984741211,0.6385878316945086,1013.5699462890625,0.031595438718795776,1013.5699462890625
5853,20.329999923706055,45.15416717529297,0.6446403084659342,1025.83740234375,0.047332584857940674,1025.83740234375
5854,20.1875,39.11249923706055,0.6367569950453507,1025.817138671875,0.03800135850906372,1025.817138671875
5855,20.14583396911621,44.1533317565918,0.5979036832479783,1024.0467529296875,0.04922407865524292,1024.0467529296875
5856,20.24916648864746,43.28583526611328,0.6275488291572631,1019.9430541992188,0.04385468363761902,1019.9430541992188
5857,20.275833129882812,41.244998931884766,0.6617304196300862,1043.193359375,0.04590758681297302,1043.193359375
5858,20.09000015258789,34.21583557128906,0.6116847695284942,1013.343505859375,0.056838393211364746,1013.343505859375
5859,20.02750015258789,41.47166442871094,0.6667119286368436,1040.47900390625,0.03979647159576416,1040.47900390625
5860,20.19499969482422,44.920833587646484,0.6896684310361327,1019.4574584960938,0.04415014386177063,1019.4574584960938
5861,20.454999923706055,45.83833312988281,0.6212361137641931,1019.3900146484375,0.04005524516105652,1019.3900146484375
5862,19.99916648864746,48.230831146240234,0.6672881825454062,1014.1395263671875,0.04370388388633728,1014.1395263671875
5863,20.149999618530273,45.86666488647461,0.6300688532932248,1078.835693359375,0.04568222165107727,1078.835693359375
5864,20.010833740234375,49.059165954589844,0.6697494626087839,1023.9629516601562,0.062140822410583496,1023.9629516601562
5865,19.75583267211914,44.04500198364258,0.6369284493850664,1023.8442993164062,0.04015186429023743,1023.8442993164062
5866,19.94499969482422,44.0533332824707,0.6514916317397932,1034.092529296875,0.035891979932785034,1034.092529296875
5867,19.871667861938477,42.0533332824707,0.6474443968569891,1033.11181640625,0.04339921474456787,1033.11181640625
5868,19.98666763305664,43.34583282470703,0.6611232767303636,1014.916015625,0.052650779485702515,1014.916015625
5869,20.045000076293945,41.44000244140625,0.6432055335826891,1043.0169677734375,0.05028226971626282,1043.0169677734375
5870,20.146665573120117,46.595001220703125,0.6761141758741025,1051.059814453125,0.05981588363647461,1051.059814453125
5871,20.05666732788086,43.69333267211914,0.6350564963420455,1034.03466796875,0.04638040065765381,1034.03466796875
5872,20.094165802001953,45.260833740234375,0.6530804368880435,1022.535400390625,0.03455224633216858,1022.535400390625
5873,20.106666564941406,43.54750061035156,0.6501029364789443,1029.98095703125,0.037555962800979614,1029.98095703125
5874,19.91499900817871,44.1591682434082,0.6587726392376365,1018.1068725585938,0.04183971881866455,1018.1068725585938
5875,19.787498474121094,40.1533317565918,0.6413436226482132,1053.4595947265625,0.035415858030319214,1053.4595947265625
5876,19.820833206176758,43.70833206176758,0.6488575667934224,1046.3902587890625,0.044437259435653687,1046.3902587890625
5877,19.988332748413086,42.247501373291016,0.6646812806699893,1060.90234375,0.03236442804336548,1060.90234375
5878,20.02750015258789,49.34916687011719,0.6916070954653885,1023.8278198242188,0.05029040575027466,1023.8278198242188
5879,19.93833351135254,36.669166564941406,0.6514886211787526,1021.1173706054688,0.05070599913597107,1021.1173706054688
5880,19.759166717529297,43.875,0.6672706540805866,1029.09619140625,0.04200315475463867,1029.09619140625
5881,19.71666717529297,42.673336029052734,0.675037590157882,1030.3468017578125,0.043441057205200195,1030.3468017578125
5882,20.0,43.814998626708984,0.6900066460317653,1010.6058349609375,0.04247838258743286,1010.6058349609375
5883,19.804166793823242,42.934165954589844,0.647825304678846,1027.7152099609375,0.0326729416847229,1027.7152099609375
5884,19.72749900817871,35.108333587646484,0.6647920962837911,1024.404052734375,0.044928789138793945,1024.404052734375
5885,20.075834274291992,47.983333587646484,0.6351751166031349,1014.0997924804688,0.04728767275810242,1014.0997924804688
5886,19.988332748413086,48.625831604003906,0.6514514767876372,1041.8504638671875,0.05043110251426697,1041.8504638671875
5887,19.86750030517578,40.13249969482422,0.6849342421897419,1031.0587158203125,0.044589996337890625,1031.0587158203125
5888,19.87416648864746,42.875831604003906,0.6541770427522589,1013.5701293945312,0.04597878456115723,1013.5701293945312
5889,19.87583351135254,46.66666793823242,0.6675199901196041,1065.0216064453125,0.03906211256980896,1065.0216064453125
5890,19.920000076293945,46.17166519165039,0.63972924924577,1039.8746337890625,0.0446380078792572,1039.8746337890625
5891,20.093334197998047,44.58749771118164,0.6927575324475539,1061.740478515625,0.04554563760757446,1061.740478515625
5892,19.739168167114258,47.28333282470703,0.6654200082442441,1009.3092041015625,0.043367207050323486,1009.3092041015625
5893,19.76249885559082,40.32749938964844,0.6599957250270887,1031.27392578125,0.03982016444206238,1031.27392578125
5894,20.065834045410156,43.82749938964844,0.684519343729117,1008.674560546875,0.04206430912017822,1008.674560546875
5895,19.627498626708984,42.1591682434082,0.639141095183211,1033.639892578125,0.03406432271003723,1033.639892578125
5896,19.824167251586914,36.86333465576172,0.663286074243246,1026.9742431640625,0.033438801765441895,1026.9742431640625
5897,19.769166946411133,43.538330078125,0.6928485881140942,1025.79736328125,0.058239877223968506,1025.79736328125
5898,20.037500381469727,44.0341682434082,0.6298210459887121,1032.503662109375,0.03953659534454346,1032.503662109375
5899,19.959999084472656,44.377498626708984,0.6589048415662153,1033.9971923828125,0.03551393747329712,1033.9971923828125
5900,19.7549991607666,46.45000076293945,0.656269843699681,1022.17626953125,0.041265010833740234,1022.17626953125
5901,19.969999313354492,38.53000259399414,0.6530804572722213,1017.6288452148438,0.05385619401931763,1017.6288452148438
5902,20.024166107177734,40.856666564941406,0.6437265609521122,1024.6514892578125,0.04233521223068237,1024.6514892578125
5903,19.72833251953125,44.57833480834961,0.6427201744414194,1037.4088134765625,0.035542309284210205,1037.4088134765625
5904,19.68000030517578,42.432498931884766,0.647330685164843,1028.81884765625,0.037172406911849976,1028.81884765625
5905,19.978334426879883,47.679168701171875,0.6432572892365924,995.5521240234375,0.03881219029426575,995.5521240234375
5906,19.78333282470703,43.53583526611328,0.6632435745328804,1035.781982421875,0.03866243362426758,1035.781982421875
5907,19.90250015258789,42.711666107177734,0.6201728898943202,1022.3710327148438,0.035198867321014404,1022.3710327148438
5908,19.717498779296875,43.85749816894531,0.6754723254479384,1001.585693359375,0.04321056604385376,1001.585693359375
5909,20.1299991607666,46.758331298828125,0.6502211464597616,994.7105102539062,0.03379988670349121,994.7105102539062
5910,20.064167022705078,43.61083221435547,0.6875752743611063,1009.7991943359375,0.04006490111351013,1009.7991943359375
5911,20.058334350585938,42.095001220703125,0.6739311042662219,1051.828125,0.059868067502975464,1051.828125
5912,19.950834274291992,49.334999084472656,0.6561485218413907,1001.2798461914062,0.043976545333862305,1001.2798461914062
5913,20.02666664123535,40.915000915527344,0.6432309953588601,1047.43212890625,0.04380163550376892,1047.43212890625
5914,20.155834197998047,39.00749969482422,0.6542632210247865,1077.6904296875,0.03622126579284668,1077.6904296875
5915,19.99250030517578,40.77583312988281,0.6666728312582672,1048.2369384765625,0.042783260345458984,1048.2369384765625
5916,20.162500381469727,42.82999801635742,0.6299443207586388,1017.7899780273438,0.04411312937736511,1017.7899780273438
5917,19.774999618530273,43.421669006347656,0.6650246232847203,1041.2303466796875,0.052035748958587646,1041.2303466796875
5918,19.745832443237305,40.24583435058594,0.661708030449092,1027.9951171875,0.042658060789108276,1027.9951171875
5919,19.753334045410156,42.709999084472656,0.6551227305824457,1022.9505615234375,0.043878376483917236,1022.9505615234375
5920,20.02166748046875,44.98749923706055,0.6591948396189078,1020.9284057617188,0.04837316274642944,1020.9284057617188
5921,20.0674991607666,39.98999786376953,0.6155080849711019,1025.05126953125,0.030400186777114868,1025.05126953125
5922,19.704166412353516,36.66416549682617,0.6195451983236664,1006.8448486328125,0.04069429636001587,1006.8448486328125
5923,19.983333587646484,39.337501525878906,0.6587572244523539,1078.978759765625,0.04216918349266052,1078.978759765625
5924,19.821666717529297,43.404998779296875,0.6477585939168049,1063.26025390625,0.05534636974334717,1063.26025390625
5925,19.885833740234375,41.83583068847656,0.6570137413055102,1068.7681884765625,0.042373090982437134,1068.7681884765625
5926,19.980833053588867,35.75416946411133,0.6164586867830474,1035.946044921875,0.04689958691596985,1035.946044921875
5927,19.779998779296875,45.040000915527344,0.6145029212368441,1005.3399047851562,0.04491892457008362,1005.3399047851562
5928,20.191665649414062,38.559165954589844,0.6404255517783883,1050.3841552734375,0.03749004006385803,1050.3841552734375
5929,20.130834579467773,45.56916809082031,0.6284644167257916,1011.8982543945312,0.039063453674316406,1011.8982543945312
5930,19.96500015258789,39.359169006347656,0.6216730816572583,1048.3834228515625,0.055010855197906494,1048.3834228515625
5931,20.104999542236328,37.28666687011719,0.6240914868054392,1036.960693359375,0.055706143379211426,1036.960693359375
5932,19.907499313354492,39.7599983215332,0.6497057547977372,1046.510986328125,0.028397947549819946,1046.510986328125
5933,19.921667098999023,43.84166717529297,0.6473600843864297,1039.1856689453125,0.04894864559173584,1039.1856689453125
5934,21.052499771118164,42.34416961669922,0.6035133148914246,1069.7969970703125,0.03618612885475159,1069.7969970703125
5935,19.884166717529297,38.95249938964844,0.6434403641201378,1048.8046875,0.04055866599082947,1048.8046875
5936,19.976667404174805,44.0191650390625,0.6361395491460358,1044.8671875,0.03377601504325867,1044.8671875
5937,19.979999542236328,39.779998779296875,0.6389422366484871,1066.1116943359375,0.043387770652770996,1066.1116943359375
5938,19.68083381652832,42.97249984741211,0.6165698476088215,1012.8662719726562,0.04047191143035889,1012.8662719726562
5939,19.795000076293945,38.38083267211914,0.6413442328876631,1048.75146484375,0.07808169722557068,1048.75146484375
5940,19.751667022705078,45.1966667175293,0.6381120514019181,1022.9578247070312,0.03613060712814331,1022.9578247070312
5941,19.75583267211914,45.750831604003906,0.6551660904224405,1019.5653686523438,0.04287037253379822,1019.5653686523438
5942,19.772499084472656,37.455833435058594,0.6511486683724352,1074.436279296875,0.053849369287490845,1074.436279296875
5943,19.814167022705078,47.76583480834961,0.6424406960723654,1037.8955078125,0.03468292951583862,1037.8955078125
5944,19.954166412353516,43.34250259399414,0.6565983977319418,1039.4957275390625,0.06490921974182129,1039.4957275390625
5945,20.054166793823242,41.984169006347656,0.6226208845068728,1061.62255859375,0.041789889335632324,1061.62255859375
5946,19.99250030517578,42.25416946411133,0.6618823958358676,1006.28515625,0.049313366413116455,1006.28515625
5947,20.204166412353516,40.479164123535156,0.6724527155389791,1046.86083984375,0.045010536909103394,1046.86083984375
5948,20.03999900817871,44.538333892822266,0.6747079737709533,1014.8189086914062,0.04560789465904236,1014.8189086914062
5949,19.883333206176758,42.150001525878906,0.6464022584651052,1040.0921630859375,0.043882787227630615,1040.0921630859375
5950,19.949167251586914,47.44249725341797,0.6580921273278313,1061.5831298828125,0.05899593234062195,1061.5831298828125
5951,19.934167861938477,44.3316650390625,0.6432999157585206,1038.381591796875,0.04250055551528931,1038.381591796875
5952,20.105833053588867,40.83749771118164,0.6273705051026226,1046.21044921875,0.05121931433677673,1046.21044921875
5953,19.991666793823242,44.364166259765625,0.6155604250522898,1017.5310668945312,0.041086435317993164,1017.5310668945312
5954,19.765832901000977,43.09250259399414,0.6343241351250106,1044.9603271484375,0.04619491100311279,1044.9603271484375
5955,19.96666717529297,45.49166488647461,0.6394931857934384,1058.337158203125,0.04888582229614258,1058.337158203125
5956,20.13249969482422,48.55833435058594,0.6518398438769522,1041.85009765625,0.04932960867881775,1041.85009765625
5957,20.189167022705078,47.44333267211914,0.6910023699929223,1043.42724609375,0.038113951683044434,1043.42724609375
5958,19.808332443237305,40.74916458129883,0.6375548392770508,1068.0614013671875,0.04306018352508545,1068.0614013671875
5959,20.073333740234375,45.334999084472656,0.6099520802324547,1021.0825805664062,0.039241135120391846,1021.0825805664062
5960,19.871667861938477,46.29833221435547,0.6537820330839322,1054.48779296875,0.05269503593444824,1054.48779296875
5961,19.86833381652832,45.08333206176758,0.6241453363567663,1007.3163452148438,0.046341776847839355,1007.3163452148438
5962,19.88749885559082,44.44916534423828,0.6798337220335011,1039.7392578125,0.04680320620536804,1039.7392578125
5963,19.694168090820312,41.69166564941406,0.66489483105706,1052.7799072265625,0.0440635085105896,1052.7799072265625
5964,19.543333053588867,43.55583190917969,0.6155679112150791,1030.4788818359375,0.032283246517181396,1030.4788818359375
5965,20.109167098999023,41.65999984741211,0.6106320395059165,1042.364013671875,0.044753074645996094,1042.364013671875
5966,20.109167098999023,38.72916793823242,0.6456198883323924,1044.183837890625,0.04302141070365906,1044.183837890625
5967,19.671667098999023,41.725833892822266,0.6217281250251594,1029.431640625,0.038304269313812256,1029.431640625
5968,19.875,38.98749923706055,0.6585663232002175,1036.8009033203125,0.037564605474472046,1036.8009033203125
5969,20.107500076293945,49.66583251953125,0.5914713284706793,1032.501708984375,0.042628079652786255,1032.501708984375
5970,20.303333282470703,44.412498474121094,0.6425389507832531,1054.664306640625,0.03926929831504822,1054.664306640625
5971,19.95166778564453,45.000831604003906,0.657469348344984,1030.88427734375,0.03764718770980835,1030.88427734375
5972,20.126667022705078,39.3849983215332,0.6161898325530549,1057.973876953125,0.043807148933410645,1057.973876953125
5973,19.8799991607666,46.7308349609375,0.6222780786608955,1051.5767822265625,0.05020967125892639,1051.5767822265625
5974,19.87583351135254,45.36166763305664,0.6495308867375542,1045.7979736328125,0.0371532142162323,1045.7979736328125
5975,20.133333206176758,43.081668853759766,0.6273895712094119,1071.8792724609375,0.04426071047782898,1071.8792724609375
5976,19.94333267211914,38.74333190917969,0.6643709914219901,1068.423095703125,0.05304330587387085,1068.423095703125
5977,20.104999542236328,43.41416549682617,0.6431259385115251,1003.7644653320312,0.03776174783706665,1003.7644653320312
5978,20.974166870117188,41.84916687011719,0.6780703487611919,1015.722412109375,0.048239827156066895,1015.722412109375
5979,20.106666564941406,42.55583190917969,0.6472126099280929,1071.268310546875,0.029994070529937744,1071.268310546875
5980,21.114166259765625,46.82500076293945,0.636613720901744,1010.1870727539062,0.03453138470649719,1010.1870727539062
5981,21.065000534057617,44.356666564941406,0.6402251377830288,1066.5413818359375,0.03140339255332947,1066.5413818359375
5982,20.018333435058594,42.21666717529297,0.6784483982137468,1033.4466552734375,0.03155890107154846,1033.4466552734375
5983,19.935832977294922,40.78166961669922,0.6358333384571233,994.0892333984375,0.05343565344810486,994.0892333984375
5984,19.935832977294922,43.30083465576172,0.6611388849726498,1021.8211059570312,0.040297120809555054,1021.8211059570312
5985,19.821666717529297,37.92583465576172,0.6389215791510533,1043.5198974609375,0.051519036293029785,1043.5198974609375
5986,19.772499084472656,40.14750289916992,0.6467872925095385,1066.8514404296875,0.04067355394363403,1066.8514404296875
5987,19.70833396911621,40.63249969482422,0.6179086423338395,1046.5169677734375,0.03697437047958374,1046.5169677734375
5988,19.884166717529297,43.358333587646484,0.6373991802698717,1012.170166015625,0.032650142908096313,1012.170166015625
5989,19.77833366394043,35.95500183105469,0.6046513128021485,1019.662841796875,0.03784674406051636,1019.662841796875
5990,20.204999923706055,45.26000213623047,0.6448248042931755,1051.212646484375,0.03761342167854309,1051.212646484375
5991,19.9233341217041,42.13666534423828,0.6455380045424437,1007.8837890625,0.037119388580322266,1007.8837890625
5992,19.93833351135254,45.1341667175293,0.6531500765415983,1056.450927734375,0.034304141998291016,1056.450927734375
5993,20.06333351135254,47.823333740234375,0.6695891731188603,1053.125732421875,0.04412427544593811,1053.125732421875
5994,19.516666412353516,42.904998779296875,0.5882892911596856,1025.9715576171875,0.04324007034301758,1025.9715576171875
5995,19.78333282470703,42.57250213623047,0.6117442287021733,1077.0328369140625,0.044524818658828735,1077.0328369140625
5996,19.962499618530273,43.352500915527344,0.6447851637826889,1064.8458251953125,0.03666764497756958,1064.8458251953125
5997,19.869998931884766,41.75833511352539,0.6216926222191694,1064.1842041015625,0.03417408466339111,1064.1842041015625
5998,19.59833335876465,45.02000045776367,0.6502458746324316,1013.9995727539062,0.05621457099914551,1013.9995727539062
5999,19.941667556762695,39.26416778564453,0.6579741807262727,1039.50048828125,0.053853362798690796,1039.50048828125
6000,20.200834274291992,39.59000015258789,0.6218538555223687,1041.80517578125,0.050995707511901855,1041.80517578125
6001,20.02166748046875,48.910831451416016,0.6299512976854656,1005.9365844726562,0.04155793786048889,1005.9365844726562
6002,19.63916778564453,39.698333740234375,0.6407844779449334,1025.700927734375,0.03844153881072998,1025.700927734375
6003,19.825834274291992,43.02166748046875,0.6317058634366641,1060.2303466796875,0.051121413707733154,1060.2303466796875
6004,19.741666793823242,42.92250061035156,0.6537897644600609,1008.8945922851562,0.04793006181716919,1008.8945922851562
6005,20.157499313354492,48.807498931884766,0.6284695066377788,1066.4534912109375,0.039342015981674194,1066.4534912109375
6006,20.1875,40.698333740234375,0.6329153797242041,1065.2042236328125,0.041714757680892944,1065.2042236328125
6007,19.795000076293945,45.176666259765625,0.6297216342346277,1057.649658203125,0.04295623302459717,1057.649658203125
6008,19.995834350585938,48.364166259765625,0.6023832147872407,1005.873291015625,0.04914218187332153,1005.873291015625
6009,19.828332901000977,38.28666687011719,0.6645789689004394,1079.28662109375,0.05668807029724121,1079.28662109375
6010,19.916667938232422,46.95916748046875,0.6565808870738318,1042.13134765625,0.04135340452194214,1042.13134765625
6011,19.935832977294922,43.016666412353516,0.6339577394475322,1003.4280395507812,0.03553801774978638,1003.4280395507812
6012,19.745832443237305,42.211666107177734,0.660223619379545,1062.1513671875,0.045496612787246704,1062.1513671875
6013,19.836668014526367,40.741668701171875,0.6503521144575178,1000.9444580078125,0.04281574487686157,1000.9444580078125
6014,20.178333282470703,49.92333221435547,0.6227577387976425,1041.725341796875,0.04532903432846069,1041.725341796875
6015,19.97333335876465,39.015830993652344,0.6329177103661303,1077.1556396484375,0.0406460165977478,1077.1556396484375
6016,19.803333282470703,41.026668548583984,0.6371509086146667,1053.7308349609375,0.03752470016479492,1053.7308349609375
6017,19.96416664123535,41.817501068115234,0.6504373676691159,1046.26806640625,0.037201762199401855,1046.26806640625
6018,20.079166412353516,39.71916580200195,0.6625137858244782,1038.075927734375,0.040046244859695435,1038.075927734375
6019,20.09833335876465,48.79666519165039,0.6270888153923071,1016.1033935546875,0.040031641721725464,1016.1033935546875
6020,19.94333267211914,48.044166564941406,0.6525028527752482,1018.1453247070312,0.04865798354148865,1018.1453247070312
6021,20.04166603088379,46.16999816894531,0.6350614420142728,1036.5986328125,0.04863592982292175,1036.5986328125
6022,19.920000076293945,38.3033332824707,0.6192137082567494,1019.2327880859375,0.03613156080245972,1019.2327880859375
6023,20.029998779296875,43.40666580200195,0.6656723757129859,1055.0469970703125,0.031935930252075195,1055.0469970703125
6024,19.56916618347168,37.247501373291016,0.6148282111063945,1031.21875,0.051314979791641235,1031.21875
6025,19.76999855041504,40.75583267211914,0.6333158406564232,1025.746826171875,0.03509745001792908,1025.746826171875
6026,19.983333587646484,43.372501373291016,0.6140945982543696,1043.778076171875,0.04474422335624695,1043.778076171875
6027,19.955833435058594,45.34749984741211,0.6647364811703385,1047.750732421875,0.03489482402801514,1047.750732421875
6028,19.95916748046875,41.270835876464844,0.661916714829826,1020.5764770507812,0.045634448528289795,1020.5764770507812
6029,19.92416763305664,42.23833465576172,0.6292640339385376,1047.07421875,0.051758140325546265,1047.07421875
6030,19.661666870117188,38.14083480834961,0.638537329052135,1030.86865234375,0.05526304244995117,1030.86865234375
6031,20.12583351135254,47.32416534423828,0.6374237359321849,1082.5306396484375,0.04306444525718689,1082.5306396484375
6032,19.635000228881836,40.50583267211914,0.6448803210728189,986.375,0.04000231623649597,986.375
6033,19.905834197998047,41.926666259765625,0.6312215836041175,1060.737060546875,0.037802308797836304,1060.737060546875
6034,19.65333366394043,42.58833312988281,0.624691074338482,1045.619140625,0.040827542543411255,1045.619140625
6035,19.864999771118164,43.27916717529297,0.6450328590756212,1015.8417358398438,0.050077348947525024,1015.8417358398438
6036,19.734167098999023,42.52166748046875,0.6163482799739819,1049.436279296875,0.043857306241989136,1049.436279296875
6037,19.69999885559082,41.21500015258789,0.6322153838784313,1052.9825439453125,0.03594675660133362,1052.9825439453125
6038,19.779998779296875,45.99250030517578,0.6524229566719622,1025.69677734375,0.0351526141166687,1025.69677734375
6039,20.079166412353516,44.38666534423828,0.6150749840539593,1040.7955322265625,0.0513477623462677,1040.7955322265625
6040,19.891666412353516,37.434165954589844,0.6316291227715192,1050.1944580078125,0.041166216135025024,1050.1944580078125
6041,19.544166564941406,41.378334045410156,0.6793828597404306,1012.356201171875,0.04535388946533203,1012.356201171875
6042,19.9375,45.68833541870117,0.6571792194670008,1028.94775390625,0.04027998447418213,1028.94775390625
6043,19.66583251953125,35.04249954223633,0.6291264436119497,1049.8939208984375,0.039831697940826416,1049.8939208984375
6044,20.129165649414062,44.36249923706055,0.6468411172220372,1050.2454833984375,0.03464096784591675,1050.2454833984375
6045,19.96666717529297,46.22833251953125,0.6211528828666877,1052.430419921875,0.04216188192367554,1052.430419921875
6046,19.395000457763672,35.111663818359375,0.6330793438338322,1023.3543090820312,0.04097256064414978,1023.3543090820312
6047,20.1108341217041,43.45499801635742,0.6613041156714003,1038.77294921875,0.0453510582447052,1038.77294921875
6048,20.146665573120117,39.43499755859375,0.6462368980948343,1056.0511474609375,0.052796512842178345,1056.0511474609375
6049,19.935832977294922,43.69583511352539,0.6516777908048956,1039.47216796875,0.03790286183357239,1039.47216796875
6050,20.21583366394043,37.434165954589844,0.6288967691494094,1042.67431640625,0.04518693685531616,1042.67431640625
6051,20.125,38.86666488647461,0.5612626676493765,1009.1016235351562,0.03829014301300049,1009.1016235351562
6052,19.990833282470703,43.38833236694336,0.6344039692201366,1067.1129150390625,0.03875607252120972,1067.1129150390625
6053,20.0049991607666,51.602500915527344,0.6392183658864996,989.0621337890625,0.05374881625175476,989.0621337890625
6054,19.934999465942383,40.06666564941406,0.6316221054779787,1016.263427734375,0.03671708703041077,1016.263427734375
6055,19.886667251586914,44.717498779296875,0.6491796110835204,1024.8468017578125,0.040156006813049316,1024.8468017578125
6056,20.003334045410156,39.83833312988281,0.6445626757545898,1072.92919921875,0.03745505213737488,1072.92919921875
6057,20.024166107177734,42.00833511352539,0.6196504679734682,1040.597412109375,0.04325851798057556,1040.597412109375
6058,20.101665496826172,49.8033332824707,0.6730626519657543,996.3812255859375,0.047894567251205444,996.3812255859375
6059,19.83333396911621,42.429168701171875,0.6433332195510854,1057.194091796875,0.04405418038368225,1057.194091796875
6060,19.684999465942383,42.329166412353516,0.660098605770626,1059.2918701171875,0.05015072226524353,1059.2918701171875
6061,19.954999923706055,37.59166717529297,0.6667998955176113,1043.740478515625,0.052149683237075806,1043.740478515625
6062,20.020000457763672,43.33916473388672,0.6395871268877631,1067.3074951171875,0.037482619285583496,1067.3074951171875
6063,19.89499855041504,40.09250259399414,0.6605252757380757,1036.881591796875,0.04489248991012573,1036.881591796875
6064,19.788333892822266,41.06999969482422,0.6582113318796798,1080.8741455078125,0.03577607870101929,1080.8741455078125
6065,20.05500030517578,43.8658332824707,0.6195680101687402,1051.4765625,0.043170154094696045,1051.4765625
6066,19.920833587646484,40.5091667175293,0.6413573899416481,1043.86962890625,0.048887014389038086,1043.86962890625
6067,20.044166564941406,43.48666763305664,0.6505023257116068,1022.3776245117188,0.03844374418258667,1022.3776245117188
6068,20.015832901000977,35.55000305175781,0.6124439264619996,1020.6746826171875,0.05219167470932007,1020.6746826171875
6069,20.09000015258789,41.524166107177734,0.6328639174780168,1045.3642578125,0.03424373269081116,1045.3642578125
6070,19.780834197998047,43.11499786376953,0.6246373095110012,1047.095458984375,0.041295379400253296,1047.095458984375
6071,19.77166748046875,41.0625,0.6363150230039633,1039.0445556640625,0.026189178228378296,1039.0445556640625
6072,19.835832595825195,44.06999969482422,0.6156864086937353,1031.0777587890625,0.04189911484718323,1031.0777587890625
6073,19.946666717529297,41.114166259765625,0.6245209068893678,1031.274169921875,0.03590434789657593,1031.274169921875
6074,19.876667022705078,42.49333572387695,0.6129830006017638,1047.5849609375,0.036656469106674194,1047.5849609375
6075,19.950834274291992,44.96083068847656,0.6433868187644323,1015.8216552734375,0.057485759258270264,1015.8216552734375
6076,19.879167556762695,41.21833419799805,0.6445887382407183,1042.59326171875,0.04906502366065979,1042.59326171875
6077,20.114166259765625,43.04999923706055,0.67067876416613,1031.1129150390625,0.05371779203414917,1031.1129150390625
6078,19.696666717529297,41.839168548583984,0.6166764437622505,1029.958740234375,0.0404297411441803,1029.958740234375
6079,20.02666664123535,39.766666412353516,0.6504895848434425,1054.6873779296875,0.045656442642211914,1054.6873779296875
6080,19.814167022705078,44.74416732788086,0.6645608028014068,1072.543701171875,0.037859946489334106,1072.543701171875
6081,19.55666732788086,44.97083282470703,0.6280790031626133,1038.44580078125,0.03241276741027832,1038.44580078125
6082,20.02083396911621,43.57583236694336,0.6602783154893125,1047.8309326171875,0.03675183653831482,1047.8309326171875
6083,19.52833366394043,41.03916549682617,0.6101179058665479,1015.4008178710938,0.05587315559387207,1015.4008178710938
6084,19.641666412353516,42.39833450317383,0.643245619802481,1081.51025390625,0.04691228270530701,1081.51025390625
6085,19.538333892822266,39.03916931152344,0.655066538285095,1044.3323974609375,0.04076400399208069,1044.3323974609375
6086,19.682498931884766,40.62666702270508,0.6532592886983444,1041.5562744140625,0.042091935873031616,1041.5562744140625
6087,19.41666603088379,39.09583282470703,0.6448716160539981,1057.3870849609375,0.04541933536529541,1057.3870849609375
6088,19.666667938232422,42.980831146240234,0.6278517676303024,1036.194091796875,0.03245583176612854,1036.194091796875
6089,20.2641658782959,43.03750228881836,0.6403953524937088,1048.354736328125,0.045582115650177,1048.354736328125
6090,20.110000610351562,47.42749786376953,0.6468152211085807,1072.3253173828125,0.04198679327964783,1072.3253173828125
6091,20.074167251586914,44.03583526611328,0.649839753021159,1057.7186279296875,0.03279605507850647,1057.7186279296875
6092,19.483333587646484,38.36666488647461,0.658162455461094,1050.0677490234375,0.047726333141326904,1050.0677490234375
6093,20.080833435058594,45.375831604003906,0.6592014206750625,1032.1810302734375,0.04190772771835327,1032.1810302734375
6094,19.74416732788086,39.875,0.6583711381699078,1067.32470703125,0.03221029043197632,1067.32470703125
6095,19.674999237060547,41.63083267211914,0.6576351460545149,1062.0755615234375,0.045572757720947266,1062.0755615234375
6096,19.983333587646484,43.51333236694336,0.6409814431189307,1056.3206787109375,0.037359029054641724,1056.3206787109375
6097,19.854167938232422,40.28583526611328,0.615381380817944,1056.520263671875,0.04108944535255432,1056.520263671875
6098,19.859167098999023,37.67333221435547,0.6057806519186864,1042.4703369140625,0.03452828526496887,1042.4703369140625
6099,20.042499542236328,45.939998626708984,0.5953612131706786,1034.33984375,0.044044047594070435,1034.33984375
6100,19.79083251953125,38.935001373291016,0.6342736036273495,1069.6556396484375,0.03474685549736023,1069.6556396484375
6101,19.753334045410156,42.35416793823242,0.6370898497163342,1037.5177001953125,0.04775798320770264,1037.5177001953125
6102,19.724998474121094,41.67166519165039,0.6667338689251783,1053.4986572265625,0.045256078243255615,1053.4986572265625
6103,19.913333892822266,41.98500061035156,0.6481702062886345,1026.611083984375,0.03114330768585205,1026.611083984375
6104,19.799999237060547,38.21249771118164,0.613306318421585,1012.1383666992188,0.04171571135520935,1012.1383666992188
6105,19.88249969482422,40.8650016784668,0.6472492708002301,1036.5440673828125,0.03319770097732544,1036.5440673828125
6106,19.909168243408203,44.5283317565918,0.6323192313960205,1072.656005859375,0.04186135530471802,1072.656005859375
6107,19.636667251586914,38.28916549682617,0.6452539935638641,1063.1961669921875,0.03950008749961853,1063.1961669921875
6108,19.939998626708984,40.54499816894531,0.6493376157002735,1015.3240356445312,0.05072677135467529,1015.3240356445312
6109,20.053333282470703,40.7308349609375,0.6327852244768883,1061.303955078125,0.05395367741584778,1061.303955078125
6110,19.612499237060547,40.46500015258789,0.6599612659873746,1045.2991943359375,0.0333612859249115,1045.2991943359375
6111,19.773332595825195,42.00166702270508,0.6269162113288222,1050.5631103515625,0.061351478099823,1050.5631103515625
6112,19.87583351135254,44.90416717529297,0.6628773335240558,1043.268798828125,0.03793054819107056,1043.268798828125
6113,19.689167022705078,37.832496643066406,0.6426613368018004,1038.306396484375,0.043914616107940674,1038.306396484375
6114,19.594999313354492,41.1533317565918,0.6707067966841729,1047.333984375,0.028947949409484863,1047.333984375
6115,20.13249969482422,42.06583023071289,0.6604592832433852,1003.969482421875,0.03863358497619629,1003.969482421875
6116,20.020000457763672,46.11499786376953,0.6858099196511789,1022.9942016601562,0.0375540554523468,1022.9942016601562
6117,19.998332977294922,41.329166412353516,0.6856779080755009,1044.653564453125,0.05859190225601196,1044.653564453125
6118,20.10249900817871,40.11499786376953,0.6661695165124536,1025.40380859375,0.04622820019721985,1025.40380859375
6119,19.6875,42.19083023071289,0.6926596080939323,1030.193359375,0.04742884635925293,1030.193359375
6120,19.748332977294922,42.47999954223633,0.7008217836962349,1066.075439453125,0.03209972381591797,1066.075439453125
6121,20.111665725708008,41.9033317565918,0.6640029419702344,1078.2528076171875,0.047795265913009644,1078.2528076171875
6122,20.060832977294922,42.220001220703125,0.6547827650994988,1051.4921875,0.04137334227561951,1051.4921875
6123,20.003334045410156,42.432498931884766,0.6642714078880247,1070.69580078125,0.0425017774105072,1070.69580078125
6124,19.803333282470703,47.081668853759766,0.6380057590732289,1012.0258178710938,0.04581049084663391,1012.0258178710938
6125,19.729167938232422,43.744998931884766,0.6321558710115354,1055.94677734375,0.04589080810546875,1055.94677734375
6126,19.670000076293945,41.20249938964844,0.6195621142448434,1023.949951171875,0.03829863667488098,1023.949951171875
6127,19.997499465942383,45.024166107177734,0.6440502259667864,1020.4537353515625,0.037895649671554565,1020.4537353515625
6128,19.984167098999023,48.858333587646484,0.6329933892446661,1031.5743408203125,0.041864871978759766,1031.5743408203125
6129,19.899168014526367,41.24833297729492,0.6448932559744323,1077.6278076171875,0.03698253631591797,1077.6278076171875
6130,19.795833587646484,45.99583435058594,0.6392739275880763,1033.6417236328125,0.03261518478393555,1033.6417236328125
6131,19.6924991607666,45.81999969482422,0.6331604936246642,1024.91357421875,0.04770985245704651,1024.91357421875
6132,19.767499923706055,44.84666442871094,0.6765571174024084,1045.84765625,0.04850566387176514,1045.84765625
6133,19.78583335876465,41.168331146240234,0.6612149948085569,1024.290771484375,0.03495970368385315,1024.290771484375
6134,19.900833129882812,50.089168548583984,0.611490443640325,1031.0435791015625,0.03437301516532898,1031.0435791015625
6135,19.976667404174805,43.064998626708984,0.6614365653994279,1039.3570556640625,0.03714600205421448,1039.3570556640625
6136,19.844167709350586,44.611663818359375,0.6504579879665924,1027.121826171875,0.04605668783187866,1027.121826171875
6137,19.784168243408203,42.640830993652344,0.6506950120769459,1070.0347900390625,0.028883814811706543,1070.0347900390625
6138,19.72833251953125,41.28333282470703,0.6492930272634098,1073.3284912109375,0.03510841727256775,1073.3284912109375
6139,19.90416717529297,37.899166107177734,0.6501020191873332,1078.7520751953125,0.052800506353378296,1078.7520751953125
6140,20.064167022705078,39.799163818359375,0.6545919987562202,1045.0289306640625,0.03813949227333069,1045.0289306640625
6141,19.77833366394043,39.90250015258789,0.6219856045811057,1038.3507080078125,0.0441037118434906,1038.3507080078125
6142,20.0,41.57500076293945,0.6506535705380221,1081.7755126953125,0.03222587704658508,1081.7755126953125
6143,19.952499389648438,42.48250198364258,0.6475081266105231,1033.3699951171875,0.03419387340545654,1033.3699951171875
6144,19.579166412353516,39.369998931884766,0.6515565606001399,1053.5322265625,0.03967687487602234,1053.5322265625
6145,19.795000076293945,39.728336334228516,0.6662735327495729,1039.2957763671875,0.03070351481437683,1039.2957763671875
6146,19.988332748413086,45.25749969482422,0.6207252442555913,1063.475830078125,0.037452518939971924,1063.475830078125
6147,20.01249885559082,40.62333297729492,0.6217508197306705,1054.7044677734375,0.03695160150527954,1054.7044677734375
6148,20.03416633605957,41.81833267211914,0.6649692099440425,1084.1861572265625,0.03529155254364014,1084.1861572265625
6149,20.037500381469727,38.88083267211914,0.6310793251695245,1080.50830078125,0.042515575885772705,1080.50830078125
6150,20.00666618347168,40.807498931884766,0.6423928746508383,1033.0806884765625,0.032287806272506714,1033.0806884765625
6151,19.83916664123535,43.79916763305664,0.6513428725623165,1017.443603515625,0.04441443085670471,1017.443603515625
6152,19.789167404174805,38.6591682434082,0.6562103954852693,1058.7548828125,0.04402965307235718,1058.7548828125
6153,19.814167022705078,40.337501525878906,0.6276492080119966,1012.8460693359375,0.05188503861427307,1012.8460693359375
6154,20.03499984741211,37.7400016784668,0.6417265888454493,1071.732421875,0.03580129146575928,1071.732421875
6155,20.051666259765625,38.5283317565918,0.6135025502124039,1053.682861328125,0.03787475824356079,1053.682861328125
6156,20.15250015258789,41.190834045410156,0.6326744778089723,1033.2801513671875,0.055987656116485596,1033.2801513671875
6157,20.164165496826172,42.75583267211914,0.6713064592332918,1064.3128662109375,0.040414124727249146,1064.3128662109375
6158,19.932498931884766,44.65500259399414,0.632331706351184,1048.5712890625,0.04209160804748535,1048.5712890625
6159,19.505001068115234,37.83416748046875,0.614874107330269,1051.7431640625,0.049864262342453,1051.7431640625
6160,19.871667861938477,45.36499786376953,0.6522176695959245,1044.90283203125,0.036186397075653076,1044.90283203125
6161,19.71666717529297,45.980831146240234,0.6400741823682181,1025.74072265625,0.04072269797325134,1025.74072265625
6162,21.264999389648438,39.818336486816406,0.6272027937454847,1060.359130859375,0.03916287422180176,1060.359130859375
6163,19.89499855041504,45.05500030517578,0.6596977742154799,1039.952392578125,0.042347460985183716,1039.952392578125
6164,19.788333892822266,41.28583526611328,0.6341952250133329,1091.065673828125,0.03558710217475891,1091.065673828125
6165,20.020000457763672,44.67416763305664,0.651631477393265,1086.7608642578125,0.0408649742603302,1086.7608642578125
6166,20.279165267944336,40.885833740234375,0.6107313643261997,1051.1875,0.043278783559799194,1051.1875
6167,20.271665573120117,41.59749984741211,0.6416660458566922,1048.78369140625,0.06372439861297607,1048.78369140625
6168,19.791667938232422,38.33250045776367,0.6412515650057264,1048.8250732421875,0.0450957715511322,1048.8250732421875
6169,20.06333351135254,42.96999740600586,0.6523979298813951,1067.1895751953125,0.03951337933540344,1067.1895751953125
6170,20.052499771118164,38.48583221435547,0.6203142876478358,1039.80224609375,0.03473237156867981,1039.80224609375
6171,20.174165725708008,46.29750061035156,0.6587453812778508,1037.346923828125,0.036140769720077515,1037.346923828125
6172,19.801668167114258,41.309165954589844,0.6358375833571649,1036.135986328125,0.06598573923110962,1036.135986328125
6173,19.71416664123535,40.188331604003906,0.613719143344616,1058.8623046875,0.0530533492565155,1058.8623046875
6174,19.82499885559082,40.89833068847656,0.6180336696950528,1077.191650390625,0.039996713399887085,1077.191650390625
6175,19.98499870300293,39.92583465576172,0.5985401415972027,1074.0859375,0.03924700617790222,1074.0859375
6176,20.043333053588867,37.76749801635742,0.5765672797636973,1043.80126953125,0.059622734785079956,1043.80126953125
6177,19.740833282470703,44.22999954223633,0.6134714745819541,1063.8104248046875,0.04123076796531677,1063.8104248046875
6178,19.911666870117188,44.518333435058594,0.6524212352597747,1016.9739990234375,0.05230429768562317,1016.9739990234375
6179,19.699167251586914,42.853336334228516,0.6270413998470189,1033.7713623046875,0.03721433877944946,1033.7713623046875
6180,20.060832977294922,41.66583251953125,0.5918422471201887,1015.4673461914062,0.04651457071304321,1015.4673461914062
6181,20.00083351135254,40.3941650390625,0.6244841279898463,1056.7469482421875,0.042715102434158325,1056.7469482421875
6182,19.88083267211914,44.900001525878906,0.6514824657067063,1038.68798828125,0.04551666975021362,1038.68798828125
6183,19.866666793823242,44.663333892822266,0.6383965443156973,1095.372802734375,0.03447982668876648,1095.372802734375
6184,19.525833129882812,49.21500015258789,0.6380652765790791,1061.96435546875,0.04520896077156067,1061.96435546875
6185,19.565832138061523,45.00749969482422,0.634724969752013,1033.7947998046875,0.04566192626953125,1033.7947998046875
6186,19.729167938232422,46.125,0.6393185992621517,1019.000732421875,0.041551947593688965,1019.000732421875
6187,19.648332595825195,42.49583053588867,0.6667930686897644,998.896484375,0.0431649386882782,998.896484375
6188,19.865833282470703,44.037498474121094,0.6539263086206173,1054.0872802734375,0.034814298152923584,1054.0872802734375
6189,19.866666793823242,51.50250244140625,0.6247956734707207,1040.9366455078125,0.0383470356464386,1040.9366455078125
6190,19.522499084472656,42.592498779296875,0.6392469030209561,1031.7784423828125,0.04084581136703491,1031.7784423828125
6191,19.614166259765625,40.21416473388672,0.6503627317339853,1071.5064697265625,0.030628621578216553,1071.5064697265625
6192,19.78499984741211,40.12916564941406,0.6568561918169615,1041.6854248046875,0.03708148002624512,1041.6854248046875
6193,19.482500076293945,46.04249954223633,0.6352992251015637,1035.6348876953125,0.05910488963127136,1035.6348876953125
6194,19.92416763305664,48.515830993652344,0.6717356044503902,1036.193115234375,0.03717568516731262,1036.193115234375
6195,20.977500915527344,41.50666427612305,0.6292222961910103,1066.8297119140625,0.05048909783363342,1066.8297119140625
6196,19.752498626708984,41.53249740600586,0.644457850479695,1032.62744140625,0.03337150812149048,1032.62744140625
6197,19.804166793823242,43.850833892822266,0.6296428013671433,1055.75732421875,0.04149007797241211,1055.75732421875
6198,19.974166870117188,49.032501220703125,0.6720221534421733,1060.1282958984375,0.05074608325958252,1060.1282958984375
6199,19.689998626708984,41.08583450317383,0.6621109135956448,1025.315673828125,0.05061563849449158,1025.315673828125
6200,19.843334197998047,39.85166549682617,0.6573145150879219,1025.3846435546875,0.04467889666557312,1025.3846435546875
6201,19.61916732788086,44.45166778564453,0.6541818724886647,1039.346923828125,0.03277522325515747,1039.346923828125
6202,19.575000762939453,43.25666809082031,0.6187663197861235,1029.2825927734375,0.04093068838119507,1029.2825927734375
6203,19.979167938232422,47.02333068847656,0.6871141101084539,1061.9161376953125,0.045344531536102295,1061.9161376953125
6204,19.54916763305664,38.9183349609375,0.6484687455542315,1057.130859375,0.04677283763885498,1057.130859375
6205,19.7983341217041,44.53499984741211,0.6516816140176507,1057.977783203125,0.039463818073272705,1057.977783203125
6206,19.6924991607666,45.70083236694336,0.6541734301849326,1045.27783203125,0.03864473104476929,1045.27783203125
6207,19.706666946411133,43.34000015258789,0.640605645295892,1037.025634765625,0.052282512187957764,1037.025634765625
6208,19.577499389648438,43.3216667175293,0.6509673222427648,1051.0035400390625,0.04275768995285034,1051.0035400390625
6209,19.667499542236328,44.19166564941406,0.6473543505896624,1071.6295166015625,0.043731689453125,1071.6295166015625
6210,19.987499237060547,46.71333312988281,0.6744717847539595,1019.5750122070312,0.04581409692764282,1019.5750122070312
6211,19.593332290649414,38.01000213623047,0.6655466104030698,1086.3643798828125,0.034399598836898804,1086.3643798828125
6212,19.40416717529297,40.891666412353516,0.644942423097169,1074.1815185546875,0.03405007719993591,1074.1815185546875
6213,19.574167251586914,44.03166961669922,0.6155474469620861,1055.4315185546875,0.027331173419952393,1055.4315185546875
6214,19.664167404174805,45.054168701171875,0.6620218496115389,1026.9517822265625,0.03753700852394104,1026.9517822265625
6215,19.696666717529297,44.266666412353516,0.6577833466515419,1059.0128173828125,0.052896082401275635,1059.0128173828125
6216,20.040834426879883,43.981666564941406,0.6577965890742099,1008.83544921875,0.04298773407936096,1008.83544921875
6217,19.796667098999023,42.26333236694336,0.6482923071619737,1024.6605224609375,0.04217711091041565,1024.6605224609375
6218,20.11333465576172,40.73749923706055,0.6610003169885939,1056.761962890625,0.040251195430755615,1056.761962890625
6219,19.963333129882812,52.557498931884766,0.6456441459179556,1014.82421875,0.04252737760543823,1014.82421875
6220,19.588333129882812,44.00416564941406,0.6432313229825777,1041.3692626953125,0.03926852345466614,1041.3692626953125
6221,19.739999771118164,45.26416778564453,0.6670172750880188,1061.4500732421875,0.046781688928604126,1061.4500732421875
6222,19.95916748046875,48.09583282470703,0.6383786287486097,1053.31884765625,0.03791216015815735,1053.31884765625
6223,19.71416664123535,41.20833206176758,0.6556183790507566,997.819580078125,0.06705987453460693,997.819580078125
6224,20.065000534057617,49.36499786376953,0.6656286127537949,1066.5206298828125,0.03396838903427124,1066.5206298828125
6225,19.650833129882812,39.46666717529297,0.6401484060308794,1095.1417236328125,0.04764735698699951,1095.1417236328125
6226,19.702499389648438,42.13500213623047,0.6513788253971431,1055.4537353515625,0.031225770711898804,1055.4537353515625
6227,19.48666763305664,42.96999740600586,0.6398434135836428,1045.9398193359375,0.041474223136901855,1045.9398193359375
6228,19.613332748413086,42.78166580200195,0.6810334156800746,1073.6429443359375,0.037959665060043335,1073.6429443359375
6229,19.66083335876465,43.186668395996094,0.6668773714034603,997.4500732421875,0.05589419603347778,997.4500732421875
6230,19.56333351135254,39.795833587646484,0.6461918127268361,1052.09814453125,0.02972579002380371,1052.09814453125
6231,19.59833335876465,38.64833450317383,0.6722763703955899,1054.50439453125,0.04598623514175415,1054.50439453125
6232,19.577499389648438,40.25583267211914,0.6528804617344777,1056.7833251953125,0.05580991506576538,1056.7833251953125
6233,19.62583351135254,37.358333587646484,0.6588979956779499,1095.3076171875,0.04521492123603821,1095.3076171875
6234,20.106666564941406,43.125831604003906,0.6164994525712227,1074.254150390625,0.04923400282859802,1074.254150390625
6235,19.634166717529297,47.078330993652344,0.6291024987986062,1026.6771240234375,0.04295620322227478,1026.6771240234375
6236,19.68666648864746,42.76750183105469,0.6700962049079913,1065.21435546875,0.04098007082939148,1065.21435546875
6237,19.674999237060547,42.105831146240234,0.6304353944287839,1041.5849609375,0.03829324245452881,1041.5849609375
6238,21.09166717529297,40.084163665771484,0.6220053946361193,1092.72900390625,0.0356350839138031,1092.72900390625
6239,20.101665496826172,43.6533317565918,0.6459088942254314,1045.5081787109375,0.03817233443260193,1045.5081787109375
6240,19.913333892822266,45.711666107177734,0.6288504365040948,1026.111328125,0.04138544201850891,1026.111328125
6241,20.01416778564453,45.564998626708984,0.6202098696831304,1080.212646484375,0.038482099771499634,1080.212646484375
6242,19.740833282470703,45.04500198364258,0.6153271744926975,1031.2890625,0.053185105323791504,1031.2890625
6243,19.781667709350586,38.78166580200195,0.6452147595266551,1066.0716552734375,0.04664573073387146,1066.0716552734375
6244,20.016666412353516,44.690834045410156,0.6447226583100032,1063.9234619140625,0.033422380685806274,1063.9234619140625
6245,19.917499542236328,46.900001525878906,0.6527367574584162,1063.6976318359375,0.04348209500312805,1063.6976318359375
6246,20.086666107177734,49.90833282470703,0.6057033048676084,1040.0469970703125,0.04525637626647949,1040.0469970703125
6247,19.84083366394043,45.11166763305664,0.6264634899430226,1044.175048828125,0.04417151212692261,1044.175048828125
6248,19.713333129882812,43.706668853759766,0.6388102399065281,1041.2091064453125,0.03073793649673462,1041.2091064453125
6249,20.123332977294922,45.26416778564453,0.6543179973288171,1079.52490234375,0.044881224632263184,1079.52490234375
6250,19.886667251586914,48.31916809082031,0.6871545756507215,1049.3314208984375,0.03981611132621765,1049.3314208984375
6251,19.628334045410156,40.28583526611328,0.6330620992171405,1079.8282470703125,0.046644777059555054,1079.8282470703125
6252,19.90416717529297,42.15833282470703,0.6509535485193676,1060.330078125,0.04090812802314758,1060.330078125
6253,19.71583366394043,45.86916732788086,0.6619817385171785,1057.3565673828125,0.04230779409408569,1057.3565673828125
6254,19.809167861938477,38.37333297729492,0.6280329776736088,1029.157958984375,0.03887861967086792,1029.157958984375
6255,20.358333587646484,46.97999954223633,0.6810956024092745,1056.219482421875,0.03443950414657593,1056.219482421875
6256,20.303333282470703,46.97833251953125,0.5938852998062596,1046.87353515625,0.04360285401344299,1046.87353515625
6257,19.944168090820312,42.66416549682617,0.6629631339071127,1040.8748779296875,0.03910067677497864,1040.8748779296875
6258,20.260833740234375,44.64500045776367,0.6329844426097972,1049.6395263671875,0.038756102323532104,1049.6395263671875
6259,20.019166946411133,42.817501068115234,0.623684799212963,1072.3673095703125,0.04978188872337341,1072.3673095703125
6260,19.88916778564453,36.84166717529297,0.6549297903144033,1049.9815673828125,0.03911593556404114,1049.9815673828125
6261,19.737499237060547,41.74749755859375,0.6623405345934632,1052.7828369140625,0.03373199701309204,1052.7828369140625
6262,19.782499313354492,40.29833221435547,0.6196188896448154,1077.6658935546875,0.036738812923431396,1077.6658935546875
6263,19.740833282470703,40.352500915527344,0.6730243497706163,1052.6488037109375,0.03626453876495361,1052.6488037109375
6264,19.81833267211914,43.71916580200195,0.6453723684712911,1028.9481201171875,0.059808194637298584,1028.9481201171875
6265,20.087499618530273,42.55999755859375,0.6278722331644092,1050.854248046875,0.038481056690216064,1050.854248046875
6266,19.940834045410156,44.28499984741211,0.6599845513860172,1042.3924560546875,0.03336474299430847,1042.3924560546875
6267,20.040834426879883,43.4716682434082,0.664703665485868,1070.7720947265625,0.04457119107246399,1070.7720947265625
6268,20.114166259765625,39.98666763305664,0.637308414240846,1034.3563232421875,0.04049834609031677,1034.3563232421875
6269,20.10416603088379,42.37333297729492,0.6320587330253504,1057.7818603515625,0.025950729846954346,1057.7818603515625
6270,19.93083381652832,39.586666107177734,0.6331956634214664,1069.29248046875,0.03164476156234741,1069.29248046875
6271,19.81999969482422,45.279998779296875,0.6292252864506815,1038.3468017578125,0.038426876068115234,1038.3468017578125
6272,19.74416732788086,40.01750183105469,0.6465695645907614,1070.0643310546875,0.046927452087402344,1070.0643310546875
6273,20.18666648864746,47.290836334228516,0.6459606312318592,1045.5914306640625,0.04307055473327637,1045.5914306640625
6274,19.71416664123535,37.69166946411133,0.6184859426813962,1061.20556640625,0.04306155443191528,1061.20556640625
6275,19.66083335876465,36.93583297729492,0.6476279695710042,1073.53662109375,0.035792797803878784,1073.53662109375
6276,20.050832748413086,40.46333312988281,0.6442205331936226,1061.3070068359375,0.029526561498641968,1061.3070068359375
6277,19.71666717529297,40.91083526611328,0.6222132631099115,1072.6845703125,0.04461506009101868,1072.6845703125
6278,20.299999237060547,46.9466667175293,0.6339621417341444,1011.7891235351562,0.04079616069793701,1011.7891235351562
6279,19.84166717529297,41.9474983215332,0.6323624227171898,1052.470458984375,0.037159264087677,1052.470458984375
6280,19.480833053588867,40.61249923706055,0.6892735816789558,1027.0736083984375,0.0377730131149292,1027.0736083984375
6281,19.854999542236328,40.60499954223633,0.6259586123794048,1037.303955078125,0.032367199659347534,1037.303955078125
6282,19.788333892822266,39.56083297729492,0.6130503873185982,1031.9229736328125,0.04968556761741638,1031.9229736328125
6283,20.239999771118164,48.8941650390625,0.6231144061146402,1039.4068603515625,0.04014134407043457,1039.4068603515625
6284,19.934999465942383,40.29083251953125,0.5974258026893152,1057.2650146484375,0.03835409879684448,1057.2650146484375
6285,19.90333366394043,43.82083511352539,0.6387954435838316,1030.0478515625,0.03613555431365967,1030.0478515625
6286,19.804166793823242,42.98666763305664,0.6275474019014019,1052.0350341796875,0.034194499254226685,1052.0350341796875
6287,19.968334197998047,38.127498626708984,0.5998162303095018,1048.2984619140625,0.04016539454460144,1048.2984619140625
6288,19.858333587646484,38.837501525878906,0.6589676771057347,1060.23291015625,0.0379563570022583,1060.23291015625
6289,19.909168243408203,43.514163970947266,0.6281310819854888,1043.716064453125,0.0318625271320343,1043.716064453125
6290,20.11916732788086,38.40666580200195,0.6390164919780116,1083.556396484375,0.04898187518119812,1083.556396484375
6291,19.73499870300293,33.48833465576172,0.6358808107599471,1062.6884765625,0.055154114961624146,1062.6884765625
6292,19.875,41.91166687011719,0.64560605151389,1042.112060546875,0.04708358645439148,1042.112060546875
6293,19.626667022705078,41.912498474121094,0.6339739179679121,1033.343994140625,0.042419254779815674,1033.343994140625
6294,20.00666618347168,43.50166702270508,0.6649724167910076,1082.82275390625,0.034434735774993896,1082.82275390625
6295,19.76333236694336,38.945831298828125,0.6516459616003721,1040.859130859375,0.04242405295372009,1040.859130859375
6296,19.905834197998047,44.77916717529297,0.6431609536825371,1038.2672119140625,0.03814217448234558,1038.2672119140625
6297,20.020000457763672,44.79083251953125,0.6426642237390812,1053.8834228515625,0.031757742166519165,1053.8834228515625
6298,19.814998626708984,44.74166488647461,0.6824544258262918,1052.1397705078125,0.03639703989028931,1052.1397705078125
6299,21.18666648864746,40.83000183105469,0.6297953791205014,1089.1103515625,0.03866031765937805,1089.1103515625
6300,19.969167709350586,49.72999954223633,0.6753602699720431,1038.4630126953125,0.048827290534973145,1038.4630126953125
6301,19.900833129882812,45.13500213623047,0.6813749319051569,1048.1636962890625,0.03782248497009277,1048.1636962890625
6302,20.045833587646484,42.99250030517578,0.6571714140961922,1011.5409545898438,0.03512266278266907,1011.5409545898438
6303,19.764999389648438,40.18499755859375,0.6425528504791744,1048.015625,0.03894448280334473,1048.015625
6304,19.799999237060547,43.404998779296875,0.6768453519531079,1067.0880126953125,0.03295177221298218,1067.0880126953125
6305,19.582500457763672,38.22833251953125,0.6719816224067043,1031.8448486328125,0.03233841061592102,1031.8448486328125
6306,19.572500228881836,41.508331298828125,0.6424736272556655,1074.07861328125,0.03615561127662659,1074.07861328125
6307,20.064167022705078,42.87416458129883,0.6430449261465297,1081.7630615234375,0.04056623578071594,1081.7630615234375
6308,19.950834274291992,41.94416809082031,0.6344051661661707,1041.1080322265625,0.04225212335586548,1041.1080322265625
6309,19.82499885559082,37.212501525878906,0.6327068473186968,1083.99267578125,0.06607711315155029,1083.99267578125
6310,19.864168167114258,47.12249755859375,0.5774262569111446,1071.0477294921875,0.05192774534225464,1071.0477294921875
6311,19.746667861938477,42.61166763305664,0.6193847646069945,1064.7486572265625,0.028730332851409912,1064.7486572265625
6312,19.91083335876465,41.98583221435547,0.6304977221928504,1031.8983154296875,0.04251554608345032,1031.8983154296875
6313,20.13666534423828,44.823333740234375,0.6496238908284999,1088.5751953125,0.03852006793022156,1088.5751953125
6314,19.60333251953125,44.082496643066406,0.6489791058383525,1077.9820556640625,0.03864356875419617,1077.9820556640625
6315,20.15416717529297,40.40833282470703,0.6170160331801344,1053.5648193359375,0.043936192989349365,1053.5648193359375
6316,19.81833267211914,44.508331298828125,0.6254939012363583,1053.9903564453125,0.035355210304260254,1053.9903564453125
6317,19.96500015258789,39.314998626708984,0.6999172754394645,1005.7825927734375,0.039247751235961914,1005.7825927734375
6318,20.092498779296875,42.78083419799805,0.6465192065328609,1071.19482421875,0.042345523834228516,1071.19482421875
6319,20.022499084472656,45.621665954589844,0.6339333813762198,1068.46630859375,0.05381152033805847,1068.46630859375
6320,19.846668243408203,42.99583435058594,0.639124397909436,1063.2239990234375,0.038880378007888794,1063.2239990234375
6321,20.125,44.57416534423828,0.6424290534644421,1070.09423828125,0.03422081470489502,1070.09423828125
6322,19.87583351135254,40.31999969482422,0.6340524977629578,1060.220947265625,0.041749656200408936,1060.220947265625
6323,20.155000686645508,42.260833740234375,0.6061713325319443,1026.2264404296875,0.04637664556503296,1026.2264404296875
6324,19.894166946411133,45.44333267211914,0.6689719144775591,1034.692626953125,0.050111591815948486,1034.692626953125
6325,19.509166717529297,37.676666259765625,0.6331690855869556,1032.9769287109375,0.04269462823867798,1032.9769287109375
6326,19.960832595825195,41.450836181640625,0.6522731335851035,1049.3197021484375,0.035491943359375,1049.3197021484375
6327,19.900833129882812,44.69499969482422,0.6425732318889461,1041.8114013671875,0.050510257482528687,1041.8114013671875
6328,20.046667098999023,42.05583190917969,0.6364575468911549,1054.137451171875,0.05076286196708679,1054.137451171875
6329,19.886667251586914,45.15166473388672,0.6151841441664316,1024.2010498046875,0.02941802144050598,1024.2010498046875
6330,19.810832977294922,40.70833206176758,0.6320871871938132,1008.884033203125,0.03987431526184082,1008.884033203125
6331,19.9233341217041,39.52666473388672,0.6098802699632341,1022.3990478515625,0.03069329261779785,1022.3990478515625
6332,19.924999237060547,41.99250030517578,0.6241308100665484,1064.4649658203125,0.033348679542541504,1064.4649658203125
6333,19.875,41.750831604003906,0.6379284664465584,1055.21337890625,0.045027971267700195,1055.21337890625
6334,20.068334579467773,40.72916793823242,0.6080533106084143,1046.1171875,0.04057088494300842,1046.1171875
6335,20.023334503173828,44.28333282470703,0.6047908508535094,1095.4600830078125,0.059998154640197754,1095.4600830078125
6336,19.774999618530273,42.5091667175293,0.6051474869185531,1032.67529296875,0.031997233629226685,1032.67529296875
6337,19.85249900817871,46.19916534423828,0.6275385396208999,1022.5467529296875,0.0442386269569397,1022.5467529296875
6338,19.98499870300293,45.154998779296875,0.6037731613216992,1030.2532958984375,0.041662752628326416,1030.2532958984375
6339,19.949167251586914,45.551666259765625,0.6161484878618716,1063.353271484375,0.03241324424743652,1063.353271484375
6340,19.99333381652832,38.089168548583984,0.6058862348755899,1084.6580810546875,0.04313966631889343,1084.6580810546875
6341,19.981666564941406,38.753334045410156,0.6281448601212543,1051.18115234375,0.049378156661987305,1051.18115234375
6342,19.744998931884766,41.855831146240234,0.6062112245161779,1061.490966796875,0.035954058170318604,1061.490966796875
6343,19.88749885559082,43.28416442871094,0.5789671396184957,1040.12109375,0.04025143384933472,1040.12109375
6344,19.814167022705078,40.22666931152344,0.6135542224630928,1082.4488525390625,0.06297662854194641,1082.4488525390625
6345,20.039167404174805,48.974998474121094,0.6506747023298975,1036.2288818359375,0.03311380743980408,1036.2288818359375
6346,19.76416778564453,46.48583221435547,0.6287313070250513,1037.235107421875,0.04759949445724487,1037.235107421875
6347,19.575000762939453,42.108333587646484,0.5989438413788548,1021.3535766601562,0.05359935760498047,1021.3535766601562
6348,19.59666633605957,41.350833892822266,0.6216245530345539,1065.05859375,0.028582245111465454,1065.05859375
6349,19.614166259765625,49.59333419799805,0.6469991556246476,1038.470947265625,0.04010114073753357,1038.470947265625
6350,19.87416648864746,43.69750213623047,0.6048573049498449,1059.6446533203125,0.033762842416763306,1059.6446533203125
6351,20.0049991607666,44.19916534423828,0.6078388037470577,1029.8792724609375,0.0443001389503479,1029.8792724609375
6352,20.040834426879883,45.37333297729492,0.6280493593920893,1048.544921875,0.04075402021408081,1048.544921875
6353,19.857500076293945,37.22833251953125,0.6214973005597326,1070.25244140625,0.04989561438560486,1070.25244140625
6354,20.001667022705078,40.76499938964844,0.6341766247721379,1023.9876708984375,0.04765141010284424,1023.9876708984375
6355,19.900833129882812,40.016666412353516,0.6515004249960535,1078.650634765625,0.03473573923110962,1078.650634765625
6356,20.040834426879883,46.6775016784668,0.6707454622006304,1063.3858642578125,0.04006454348564148,1063.3858642578125
6357,19.61750030517578,38.13500213623047,0.6691906762134732,1032.157470703125,0.04836711287498474,1032.157470703125
6358,19.559999465942383,44.3650016784668,0.6017146469505688,1080.2943115234375,0.037555187940597534,1080.2943115234375
6359,19.39750099182129,36.05583190917969,0.6275684999769005,1091.847412109375,0.06498908996582031,1091.847412109375
6360,19.980833053588867,47.932498931884766,0.6729731155275849,1014.9686889648438,0.05118432641029358,1014.9686889648438
6361,19.7358341217041,40.16999816894531,0.6248880960563596,1032.8209228515625,0.040065646171569824,1032.8209228515625
6362,20.039167404174805,42.06916809082031,0.6169363051535414,1076.0211181640625,0.03854212164878845,1076.0211181640625
6363,20.10416603088379,45.61750030517578,0.6343828799327803,1063.1732177734375,0.04913190007209778,1063.1732177734375
6364,20.181665420532227,48.61833572387695,0.6578928982570664,1039.5323486328125,0.04064244031906128,1039.5323486328125
6365,20.074167251586914,45.105831146240234,0.6663084126970135,1052.474609375,0.048827677965164185,1052.474609375
6366,20.286666870117188,47.481666564941406,0.609418706910811,1058.5018310546875,0.045139163732528687,1058.5018310546875
6367,19.70916748046875,36.98999786376953,0.6473736480962616,1025.50244140625,0.046682149171829224,1025.50244140625
6368,19.911666870117188,45.05249786376953,0.641861387862412,1049.8929443359375,0.037910670042037964,1049.8929443359375
6369,20.052499771118164,48.065834045410156,0.6931631167611119,1028.177734375,0.04022407531738281,1028.177734375
6370,19.72083282470703,43.17250061035156,0.6476466623841944,1044.2816162109375,0.04747787117958069,1044.2816162109375
6371,19.838333129882812,43.0525016784668,0.6483943748240131,1050.8121337890625,0.038781315088272095,1050.8121337890625
6372,19.724998474121094,42.19416809082031,0.613864169945757,1045.0423583984375,0.03739410638809204,1045.0423583984375
6373,20.099166870117188,44.47666549682617,0.6464695313624071,1066.3843994140625,0.03353419899940491,1066.3843994140625
6374,19.72249984741211,41.12583541870117,0.6271525583677812,1042.6900634765625,0.04585626721382141,1042.6900634765625
6375,20.0766658782959,44.01249694824219,0.6716209956012349,1048.974609375,0.034702420234680176,1048.974609375
6376,20.24250030517578,45.90999984741211,0.6530690136497301,1074.363037109375,0.03881534934043884,1074.363037109375
6377,20.110000610351562,42.231666564941406,0.64886472676056,1073.2030029296875,0.03967851400375366,1073.2030029296875
6378,19.934999465942383,36.48999786376953,0.6285883125969293,1072.5482177734375,0.0449790358543396,1072.5482177734375
