0,0.03333333134651184,0.23083332180976868,0.14433755654341926,2499.4052734375,1.170154094696045,2499.4052734375,0.14433755654341926
1,0.061666667461395264,0.32833331823349,0.1469006008421578,2498.94970703125,1.1565892696380615,2498.94970703125,0.1469006008421578
2,0.07083333283662796,0.4449999928474426,0.14433755654341926,2497.9619140625,1.1493357419967651,2497.9619140625,0.14433755654341926
3,0.03500000014901161,0.3149999976158142,0.14433755654341926,2499.394775390625,1.1581244468688965,2499.394775390625,0.14433755654341926
4,0.04416666552424431,0.2866666913032532,0.14868524178860992,2498.916015625,1.1584851741790771,2498.916015625,0.14868524178860992
5,0.05833332985639572,0.29249998927116394,0.14433755654341926,2498.7900390625,1.1668529510498047,2498.7900390625,0.14433755654341926
6,0.05833332985639572,0.26916664838790894,0.14931905443288487,2499.440185546875,1.1635136604309082,2499.440185546875,0.14931905443288487
7,0.03166666626930237,0.2849999964237213,0.16333828053101593,2499.773193359375,1.1615432500839233,2499.773193359375,0.16333828053101593
8,0.061666667461395264,0.3500000238418579,0.14433755654341926,2497.970703125,1.1605854034423828,2497.970703125,0.14433755654341926
9,0.0016666667070239782,0.3233333230018616,0.1469006008421578,2500.99658203125,1.1615760326385498,2500.99658203125,0.1469006008421578
10,0.03166666626930237,0.3500000238418579,0.1479199263473713,2499.7138671875,1.1521596908569336,2499.7138671875,0.1479199263473713
11,0.07500000298023224,0.3558333218097687,0.1469006008421578,2497.4169921875,1.165390133857727,2497.4169921875,0.1469006008421578
12,0.03166666626930237,0.3916666805744171,0.1479199263473713,2499.37939453125,1.1627435684204102,2499.37939453125,0.1479199263473713
13,0.10333333909511566,0.3708333373069763,0.1469006008421578,2495.040283203125,1.158589482307434,2495.040283203125,0.1469006008421578
14,0.02083333395421505,0.335833340883255,0.1469006008421578,2500.203125,1.1622954607009888,2500.203125,0.1469006008421578
15,0.10999999940395355,0.3291666805744171,0.14868524178860992,2496.564697265625,1.1695914268493652,2496.564697265625,0.14868524178860992
16,0.0,0.28333333134651184,0.1469006008421578,2501.155517578125,1.1556169986724854,2501.155517578125,0.1469006008421578
17,0.04749999940395355,0.34333333373069763,0.1479199263473713,2498.576904296875,1.1577436923980713,2498.576904296875,0.1479199263473713
18,0.042500000447034836,0.3708333373069763,0.1469006008421578,2499.086669921875,1.157581090927124,2499.086669921875,0.1469006008421578
19,0.01833333447575569,0.3016666769981384,0.1469006008421578,2500.34619140625,1.1527633666992188,2500.34619140625,0.1469006008421578
20,0.03583333641290665,0.39666667580604553,0.14868524178860992,2499.229248046875,1.161881685256958,2499.229248046875,0.14868524178860992
21,0.046666666865348816,0.36416664719581604,0.14433755654341926,2498.925537109375,1.1655247211456299,2498.925537109375,0.14433755654341926
22,0.01666666567325592,0.3349999785423279,0.1469006008421578,2500.364990234375,1.1768779754638672,2500.364990234375,0.1469006008421578
23,0.013333333656191826,0.26249998807907104,0.1469006008421578,2500.517822265625,1.164538860321045,2500.517822265625,0.1469006008421578
24,0.03166666626930237,0.36666664481163025,0.1469006008421578,2499.579833984375,1.1529873609542847,2499.579833984375,0.1469006008421578
25,0.046666666865348816,0.3700000047683716,0.14433755654341926,2499.0625,1.1558244228363037,2499.0625,0.14433755654341926
26,0.04333333298563957,0.34166666865348816,0.1479199263473713,2499.266357421875,1.158036470413208,2499.266357421875,0.1479199263473713
27,0.04833333194255829,0.3558333218097687,0.1469006008421578,2498.29443359375,1.1544387340545654,2498.29443359375,0.1469006008421578
28,0.0949999988079071,0.3500000238418579,0.14433755654341926,2497.239990234375,1.1566827297210693,2497.239990234375,0.14433755654341926
29,0.06833333522081375,0.3125,0.1479199263473713,2498.19482421875,1.1613553762435913,2498.19482421875,0.1479199263473713
30,0.015833333134651184,0.3449999988079071,0.1469006008421578,2500.52001953125,1.1642132997512817,2500.52001953125,0.1469006008421578
31,0.07833333313465118,0.3633333444595337,0.14433755654341926,2498.473876953125,1.157235026359558,2498.473876953125,0.14433755654341926
32,0.006666666828095913,0.2750000059604645,0.1469006008421578,2500.669189453125,1.162514567375183,2500.669189453125,0.1469006008421578
33,0.04083333536982536,0.2750000059604645,0.1469006008421578,2499.435546875,1.1646795272827148,2499.435546875,0.1469006008421578
34,0.04083333536982536,0.3266666829586029,0.1479199263473713,2499.250732421875,1.1616629362106323,2499.250732421875,0.1479199263473713
35,0.02083333395421505,0.31166666746139526,0.1469006008421578,2500.699951171875,1.1592025756835938,2500.699951171875,0.1469006008421578
36,0.08500000089406967,0.3291666805744171,0.1479199263473713,2497.517578125,1.1660077571868896,2497.517578125,0.1479199263473713
37,0.028333332389593124,0.3258333206176758,0.1469006008421578,2500.396240234375,1.158065915107727,2500.396240234375,0.1469006008421578
38,0.0625,0.40333330631256104,0.14433755654341926,2498.0341796875,1.1649214029312134,2498.0341796875,0.14433755654341926
39,0.02916666492819786,0.3149999976158142,0.14433755654341926,2500.381103515625,1.155172348022461,2500.381103515625,0.14433755654341926
40,0.03166666626930237,0.3466666638851166,0.14433755654341926,2499.71630859375,1.1544513702392578,2499.71630859375,0.14433755654341926
41,0.0741666629910469,0.28333333134651184,0.14931905443288487,2497.984375,1.1569366455078125,2497.984375,0.14931905443288487
42,0.011666666716337204,0.3199999928474426,0.1469006008421578,2501.0029296875,1.1578834056854248,2501.0029296875,0.1469006008421578
43,0.0625,0.3941666781902313,0.1469006008421578,2498.21484375,1.1605677604675293,2498.21484375,0.1469006008421578
44,0.019999999552965164,0.35083332657814026,0.1469006008421578,2500.35498046875,1.1549444198608398,2500.35498046875,0.1469006008421578
45,0.03166666626930237,0.2775000035762787,0.1469006008421578,2500.04736328125,1.1607167720794678,2500.04736328125,0.1469006008421578
46,0.13333332538604736,0.5674999952316284,0.14433755654341926,2494.28076171875,1.1490962505340576,2494.28076171875,0.14433755654341926
47,0.3100000023841858,0.7058333158493042,0.14677258978007315,2488.401611328125,1.1733348369598389,2488.401611328125,0.14677258978007315
48,0.39750003814697266,0.8925000429153442,0.14765073845593368,2483.929443359375,1.1319289207458496,2483.929443359375,0.14765073845593368
49,1.6633334159851074,1.334999918937683,0.3719997878091903,2424.604248046875,1.074257731437683,2424.604248046875,0.3719997878091903
50,1.9491666555404663,1.496666669845581,0.37290177958982873,2426.020751953125,1.119964599609375,2426.020751953125,0.37290177958982873
51,2.443333387374878,1.8041666746139526,0.35672624659426694,2395.63330078125,1.095047116279602,2395.63330078125,0.35672624659426694
52,3.8983333110809326,2.0116665363311768,0.35060425760223474,2343.150390625,1.0937321186065674,2343.150390625,0.35060425760223474
53,4.505000114440918,2.179166793823242,0.34275484717870947,2311.50634765625,1.0746699571609497,2311.50634765625,0.34275484717870947
54,4.680833339691162,2.3333332538604736,0.3235951873514076,2331.69677734375,1.114149808883667,2331.69677734375,0.3235951873514076
55,8.073333740234375,2.8450000286102295,0.2844455960690466,2247.457763671875,1.049367904663086,2247.457763671875,0.2844455960690466
56,9.568333625793457,3.0791666507720947,0.2964745256938701,2196.038818359375,1.0321272611618042,2196.038818359375,0.2964745256938701
57,13.013333320617676,3.558333158493042,0.26056630937859343,2123.529296875,1.054081916809082,2123.529296875,0.26056630937859343
58,13.898333549499512,3.733333110809326,0.2530903479347583,2143.124267578125,1.015932559967041,2143.124267578125,0.2530903479347583
59,17.170833587646484,4.239999771118164,0.23872350271938272,2088.7353515625,0.9712322354316711,2088.7353515625,0.23872350271938272
60,18.981666564941406,4.394166469573975,0.21678542142754065,2084.30078125,0.9806258678436279,2084.30078125,0.21678542142754065
61,21.26333236694336,4.7816667556762695,0.2294389776179204,2047.3536376953125,0.9486057162284851,2047.3536376953125,0.2294389776179204
62,22.65166664123535,4.994999885559082,0.2336836723228039,2036.93701171875,0.9087480306625366,2036.93701171875,0.2336836723228039
63,23.71500015258789,5.168333053588867,0.21237486916522477,2024.6990966796875,0.9374125003814697,2024.6990966796875,0.21237486916522477
64,26.449167251586914,5.560832977294922,0.2275388190239649,2089.853515625,0.8759570717811584,2089.853515625,0.2275388190239649
65,27.895000457763672,5.853333473205566,0.1969374470801435,2162.251708984375,0.9016850590705872,2162.251708984375,0.1969374470801435
66,29.390832901000977,5.975832939147949,0.20199260209103762,2071.975341796875,0.8946478962898254,2071.975341796875,0.20199260209103762
67,31.85666847229004,6.1666669845581055,0.18311995396510383,2141.3056640625,0.8622873425483704,2141.3056640625,0.18311995396510383
68,32.829166412353516,6.43916654586792,0.18776432059393286,2138.147216796875,0.8813100457191467,2138.147216796875,0.18776432059393286
69,32.98833465576172,6.511666774749756,0.2002350472998638,2159.275146484375,0.8651629090309143,2159.275146484375,0.2002350472998638
70,30.40333366394043,6.050000190734863,0.1828827676513172,2096.334228515625,0.9258655309677124,2096.334228515625,0.1828827676513172
71,30.606666564941406,6.099999904632568,0.18505889564668523,2080.8798828125,0.9134176969528198,2080.8798828125,0.18505889564668523
72,30.537500381469727,6.256666660308838,0.18325406939200997,2138.7158203125,0.8766210675239563,2138.7158203125,0.18325406939200997
73,31.873332977294922,6.4091668128967285,0.20273206962321796,2148.400390625,0.8755855560302734,2148.400390625,0.20273206962321796
74,30.157501220703125,6.277500152587891,0.19516709048407566,2152.21142578125,0.9022939205169678,2152.21142578125,0.19516709048407566
75,31.564167022705078,6.443333625793457,0.17090175251402087,2091.343505859375,0.8860485553741455,2091.343505859375,0.17090175251402087
76,29.627498626708984,6.054166793823242,0.16227445138996976,2146.9990234375,0.8532658815383911,2146.9990234375,0.16227445138996976
77,31.704166412353516,6.407500267028809,0.18582537891235146,2115.032470703125,0.8533536791801453,2115.032470703125,0.18582537891235146
78,29.755834579467773,6.167500019073486,0.19822181842129508,2097.96923828125,0.9234017133712769,2097.96923828125,0.19822181842129508
79,27.836666107177734,5.882500171661377,0.21508255589666067,2109.099853515625,0.9148605465888977,2109.099853515625,0.21508255589666067
80,28.90416717529297,5.94083309173584,0.17475467636413883,2081.6787109375,0.9079302549362183,2081.6787109375,0.17475467636413883
81,31.509166717529297,6.423333168029785,0.19046572221129582,2098.513427734375,0.8824793100357056,2098.513427734375,0.19046572221129582
82,29.59749984741211,6.127500057220459,0.1926458737680084,2110.174072265625,0.8850184082984924,2110.174072265625,0.1926458737680084
83,30.3125,6.282500267028809,0.19353433599383027,2166.012451171875,0.9166194200515747,2166.012451171875,0.19353433599383027
84,33.17166519165039,6.461666584014893,0.19505305345722207,2136.376953125,0.9003524780273438,2136.376953125,0.19505305345722207
85,31.870832443237305,6.339166164398193,0.1785004237553208,2197.919677734375,0.8690182566642761,2197.919677734375,0.1785004237553208
86,30.238332748413086,6.098333358764648,0.18460084688347567,2125.60693359375,0.8902997970581055,2125.60693359375,0.18460084688347567
87,32.17499923706055,6.342499732971191,0.2031478034424355,2113.044189453125,0.8773233890533447,2113.044189453125,0.2031478034424355
88,31.341665267944336,6.348333358764648,0.1931630342531375,2107.1904296875,0.8572255969047546,2107.1904296875,0.1931630342531375
89,32.223331451416016,6.406666278839111,0.1823495111758232,2135.676025390625,0.8792876601219177,2135.676025390625,0.1823495111758232
90,31.933334350585938,6.490833282470703,0.19282928492548487,2112.564697265625,0.8965816497802734,2112.564697265625,0.19282928492548487
91,30.274168014526367,6.135833263397217,0.16227445138996976,2118.089111328125,0.9150139689445496,2118.089111328125,0.16227445138996976
92,30.364168167114258,6.105833530426025,0.18515233487922525,2140.9736328125,0.9211283922195435,2140.9736328125,0.18515233487922525
93,31.456666946411133,6.279999732971191,0.17529578952999403,2091.068359375,0.8465960025787354,2091.068359375,0.17529578952999403
94,29.02083396911621,5.936666488647461,0.19490506616602207,2097.1376953125,0.9200900197029114,2097.1376953125,0.19490506616602207
95,31.523332595825195,6.375833511352539,0.15804781111771052,2081.292236328125,0.8772544860839844,2081.292236328125,0.15804781111771052
96,30.019166946411133,6.071666717529297,0.1823495111758232,2085.697265625,0.9064404964447021,2085.697265625,0.1823495111758232
97,32.34749984741211,6.214166641235352,0.17475467636413883,2143.936767578125,0.9043629169464111,2143.936767578125,0.17475467636413883
98,32.4183349609375,6.3516669273376465,0.16329930401879758,2144.38623046875,0.8813329935073853,2144.38623046875,0.16329930401879758
99,31.216665267944336,6.210833549499512,0.17028885700928081,2169.2041015625,0.9009153842926025,2169.2041015625,0.17028885700928081
100,32.14833450317383,6.374166965484619,0.1671560051228389,2153.876220703125,0.879751980304718,2153.876220703125,0.1671560051228389
101,29.799165725708008,6.027500152587891,0.2071386066984665,2149.793212890625,0.8905848860740662,2149.793212890625,0.2071386066984665
102,32.04916763305664,6.396667003631592,0.21947435011326571,2127.63330078125,0.8543139696121216,2127.63330078125,0.21947435011326571
103,32.52583312988281,6.542500019073486,0.1881800544131504,2107.63720703125,0.8714392185211182,2107.63720703125,0.1881800544131504
104,30.085832595825195,6.12166690826416,0.17700217564217574,2118.027587890625,0.870223343372345,2118.027587890625,0.17700217564217574
105,30.225000381469727,6.259166240692139,0.17236064724517933,2133.054931640625,0.8850968480110168,2133.054931640625,0.17236064724517933
106,28.739166259765625,5.913333415985107,0.17746795800174767,2102.50927734375,0.8918733596801758,2102.50927734375,0.17746795800174767
107,33.029998779296875,6.547500133514404,0.20214129619465762,2122.673095703125,0.8763565421104431,2122.673095703125,0.20214129619465762
108,30.344999313354492,6.182499885559082,0.16565397919697689,2122.0771484375,0.9303910136222839,2122.0771484375,0.16565397919697689
109,30.40250015258789,6.146667003631592,0.16329930401879758,2089.983642578125,0.8593312501907349,2089.983642578125,0.16329930401879758
110,30.709999084472656,6.250833034515381,0.18505889564668523,2149.909912109375,0.9032526016235352,2149.909912109375,0.18505889564668523
111,30.863332748413086,6.284999847412109,0.21371404592544838,2187.5654296875,0.9187665581703186,2187.5654296875,0.21371404592544838
112,30.436668395996094,6.252499580383301,0.1729577067998248,2118.02490234375,0.9081887602806091,2118.02490234375,0.1729577067998248
113,30.75583267211914,6.2808332443237305,0.20324923010834706,2044.3726806640625,0.9035757780075073,2044.3726806640625,0.20324923010834706
114,29.10333251953125,6.026666641235352,0.18844993430397808,2077.2119140625,0.9086896181106567,2077.2119140625,0.18844993430397808
115,31.170833587646484,6.3566670417785645,0.17552901632016626,2161.981201171875,0.9253101348876953,2161.981201171875,0.17552901632016626
116,32.565834045410156,6.545833587646484,0.15194738798955565,2166.5478515625,0.8752586841583252,2166.5478515625,0.15194738798955565
117,31.013334274291992,6.224166393280029,0.17325642769220018,2144.98486328125,0.8948968648910522,2144.98486328125,0.17325642769220018
118,30.86749839782715,6.223333358764648,0.17325642769220018,2147.797119140625,0.8978509306907654,2147.797119140625,0.17325642769220018
119,31.143335342407227,6.1566667556762695,0.17090175251402087,2086.64306640625,0.8914626836776733,2086.64306640625,0.17090175251402087
120,30.15833282470703,6.260000228881836,0.17090175251402087,2158.556396484375,0.9212885499000549,2158.556396484375,0.17090175251402087
121,31.802499771118164,6.484166622161865,0.21537307924186688,2131.887939453125,0.8987107872962952,2131.887939453125,0.21537307924186688
122,29.66499900817871,6.042500019073486,0.1823495111758232,2126.196533203125,0.8563653230667114,2126.196533203125,0.1823495111758232
123,31.52833366394043,6.448332786560059,0.1912999012481392,2092.350830078125,0.8625273704528809,2092.350830078125,0.1912999012481392
124,33.209999084472656,6.65333366394043,0.16565397919697689,2162.97216796875,0.8620085120201111,2162.97216796875,0.16565397919697689
125,31.392499923706055,6.382499694824219,0.18547462946590276,2105.490234375,0.8676921129226685,2105.490234375,0.18547462946590276
126,31.88833236694336,6.390832901000977,0.17746795800174767,2092.9912109375,0.8827894330024719,2092.9912109375,0.17746795800174767
127,28.885831832885742,6.0291666984558105,0.19116837896037767,2105.686279296875,0.898597002029419,2105.686279296875,0.19116837896037767
128,30.50583267211914,6.210000038146973,0.18460650928089178,2161.227294921875,0.8615602850914001,2161.227294921875,0.18460650928089178
129,29.327499389648438,6.032500267028809,0.2048022892948404,2095.864501953125,0.898720920085907,2095.864501953125,0.2048022892948404
130,31.46583366394043,6.456666469573975,0.21043653607426482,2127.449462890625,0.8553081154823303,2127.449462890625,0.21043653607426482
131,31.33916473388672,6.223333358764648,0.1778836918209652,2115.71630859375,0.8802868127822876,2115.71630859375,0.1778836918209652
132,31.695833206176758,6.368332862854004,0.1881800544131504,2098.602294921875,0.8565104007720947,2098.602294921875,0.1881800544131504
133,32.885833740234375,6.558333396911621,0.16227445138996976,2127.702392578125,0.8798653483390808,2127.702392578125,0.16227445138996976
134,30.295833587646484,6.18916654586792,0.18582537891235146,2138.31982421875,0.87566077709198,2138.31982421875,0.18582537891235146
135,32.07083511352539,6.46416711807251,0.1785004237553208,2153.802978515625,0.8738111853599548,2153.802978515625,0.1785004237553208
136,31.259166717529297,6.347499847412109,0.17361887058124525,2138.688720703125,0.8827038407325745,2138.688720703125,0.17361887058124525
137,30.77250099182129,6.436666965484619,0.18696118469524503,2143.939697265625,0.8922073245048523,2143.939697265625,0.18696118469524503
138,30.299165725708008,6.136666774749756,0.19901617790457807,2171.2724609375,0.8933515548706055,2171.2724609375,0.19901617790457807
139,29.967498779296875,6.206666469573975,0.22046464037953784,2122.426513671875,0.8824446797370911,2122.426513671875,0.22046464037953784
140,28.915834426879883,5.993333339691162,0.17552901632016626,2112.003173828125,0.9256619811058044,2112.003173828125,0.17552901632016626
141,31.271665573120117,6.409999847412109,0.17090175251402087,2117.379150390625,0.9040086269378662,2117.379150390625,0.17090175251402087
142,30.108333587646484,6.174166679382324,0.19571857712606416,2100.65576171875,0.8739997744560242,2100.65576171875,0.19571857712606416
143,31.745832443237305,6.307499885559082,0.19046572221129582,2124.657958984375,0.8720203638076782,2124.657958984375,0.19046572221129582
144,31.17583465576172,6.240833282470703,0.17361887058124525,2120.830078125,0.895990788936615,2120.830078125,0.17361887058124525
145,30.427499771118164,6.227499961853027,0.19306160758722593,2091.603759765625,0.9127647280693054,2091.603759765625,0.19306160758722593
146,30.811668395996094,6.350000381469727,0.186961184695245,2113.443359375,0.8800190687179565,2113.443359375,0.186961184695245
147,29.82000160217285,6.111666679382324,0.1778836918209652,2134.90087890625,0.9073989987373352,2134.90087890625,0.1778836918209652
148,30.645832061767578,6.257499694824219,0.18325406939200997,2135.09228515625,0.9047591686248779,2135.09228515625,0.18325406939200997
149,31.525833129882812,6.315000534057617,0.17028885700928081,2145.35498046875,0.8808415532112122,2145.35498046875,0.17028885700928081
150,28.935834884643555,5.980000019073486,0.18054864444476237,2083.931640625,0.9057666659355164,2083.931640625,0.18054864444476237
151,30.516666412353516,6.300833225250244,0.21537307924186688,2157.671142578125,0.862709641456604,2157.671142578125,0.21537307924186688
152,32.17166519165039,6.4091668128967285,0.17701953115956862,2136.504150390625,0.8891277313232422,2136.504150390625,0.17701953115956862
153,31.142499923706055,6.358333587646484,0.19899254385174053,2119.9638671875,0.8597162365913391,2119.9638671875,0.19899254385174053
154,31.177499771118164,6.259166240692139,0.17475467636413883,2128.679443359375,0.916885495185852,2128.679443359375,0.17475467636413883
155,31.98416519165039,6.438333511352539,0.18994044882076078,2100.94775390625,0.8604395389556885,2100.94775390625,0.18994044882076078
156,31.527502059936523,6.460000038146973,0.18397789709483042,2164.3828125,0.8604668974876404,2164.3828125,0.18397789709483042
157,29.862499237060547,6.209166526794434,0.20110904427067824,2125.36865234375,0.8993812799453735,2125.36865234375,0.20110904427067824
158,30.869998931884766,6.249166488647461,0.20002664467597034,2146.781494140625,0.8881758451461792,2146.781494140625,0.20002664467597034
159,30.299165725708008,6.188333511352539,0.1778836918209652,2132.464111328125,0.908271849155426,2132.464111328125,0.1778836918209652
160,32.71500015258789,6.59083366394043,0.18054864444476237,2103.870849609375,0.86073237657547,2103.870849609375,0.18054864444476237
161,31.51000213623047,6.4008331298828125,0.17361887058124525,2125.445068359375,0.906672477722168,2125.445068359375,0.17361887058124525
162,31.831666946411133,6.473333358764648,0.16565397919697689,2139.251708984375,0.8866334557533264,2139.251708984375,0.16565397919697689
163,30.26500129699707,6.193333625793457,0.16565397919697689,2107.717529296875,0.9274512529373169,2107.717529296875,0.16565397919697689
164,29.248332977294922,6.057499885559082,0.1926458737680084,2115.621826171875,0.8953438997268677,2115.621826171875,0.1926458737680084
165,33.07999801635742,6.46750020980835,0.18994044882076078,2142.908935546875,0.885413408279419,2142.908935546875,0.18994044882076078
166,30.68166732788086,6.208333492279053,0.1778836918209652,2136.09033203125,0.913573682308197,2136.09033203125,0.1778836918209652
167,30.443334579467773,6.144999980926514,0.18054864444476237,2093.59619140625,0.9194543957710266,2093.59619140625,0.18054864444476237
168,29.97083282470703,6.110833168029785,0.18505889564668523,2089.52685546875,0.8824654221534729,2089.52685546875,0.18505889564668523
169,29.64583396911621,6.092499732971191,0.20273206962321796,2129.59765625,0.8984410166740417,2129.59765625,0.20273206962321796
170,29.327499389648438,6.0933332443237305,0.21891750128126905,2137.961669921875,0.8990722298622131,2137.961669921875,0.21891750128126905
171,31.665000915527344,6.395000457763672,0.18505889564668523,2138.530029296875,0.9000923037528992,2138.530029296875,0.18505889564668523
172,28.945833206176758,6.0233330726623535,0.21194962795649344,2112.346435546875,0.8488208651542664,2112.346435546875,0.21194962795649344
173,30.1299991607666,6.297499656677246,0.2130622477181103,2107.28173828125,0.8818773031234741,2107.28173828125,0.2130622477181103
174,32.36750030517578,6.566666603088379,0.17361887058124525,2140.735107421875,0.9109032154083252,2140.735107421875,0.17361887058124525
175,29.412498474121094,6.0208330154418945,0.190706932086427,2142.443115234375,0.8756213784217834,2142.443115234375,0.190706932086427
176,32.020835876464844,6.472499847412109,0.2141940936708388,2140.630615234375,0.8731072545051575,2140.630615234375,0.2141940936708388
177,30.08916664123535,6.052499771118164,0.18054864444476237,2096.514892578125,0.8973550796508789,2096.514892578125,0.18054864444476237
178,33.34916687011719,6.733333110809326,0.18249536534038702,2159.28955078125,0.9051979184150696,2159.28955078125,0.18249536534038702
179,29.538333892822266,6.021666526794434,0.19752742694208394,2174.66015625,0.9053601622581482,2174.66015625,0.19752742694208394
180,30.793333053588867,6.260833263397217,0.19689441425218024,2132.460205078125,0.861787736415863,2132.460205078125,0.19689441425218024
181,31.14750099182129,6.345000267028809,0.19151006798511483,2159.161376953125,0.8623630404472351,2159.161376953125,0.19151006798511483
182,31.30083465576172,6.381666660308838,0.22698169091195144,2164.044677734375,0.8588593602180481,2164.044677734375,0.22698169091195144
183,30.54666519165039,6.265833377838135,0.18121370539292964,2158.32470703125,0.881283700466156,2158.32470703125,0.18121370539292964
184,28.280834197998047,6.000833034515381,0.19273120009514244,2144.99609375,0.8786433339118958,2144.99609375,0.19273120009514244
185,31.19499969482422,6.328333377838135,0.17325642769220018,2147.142578125,0.8777486085891724,2147.142578125,0.17325642769220018
186,30.410831451416016,6.242499828338623,0.18994044882076078,2121.427978515625,0.8838688135147095,2121.427978515625,0.18994044882076078
187,32.19916534423828,6.527499675750732,0.15804781111771052,2171.458984375,0.8831189274787903,2171.458984375,0.15804781111771052
188,31.21416473388672,6.380000114440918,0.17597354575942456,2126.046875,0.8676213622093201,2126.046875,0.17597354575942456
189,31.448333740234375,6.366666316986084,0.17475467636413883,2124.1494140625,0.9060388803482056,2124.1494140625,0.17475467636413883
190,31.775001525878906,6.4716668128967285,0.18325406939201,2116.5478515625,0.9029033184051514,2116.5478515625,0.18325406939201
191,30.888334274291992,6.228333473205566,0.2048022892948404,2094.153076171875,0.8729751706123352,2094.153076171875,0.2048022892948404
192,29.795000076293945,6.065000057220459,0.19618145442221474,2090.88720703125,0.8839100003242493,2090.88720703125,0.19618145442221474
193,29.769166946411133,6.186666488647461,0.1877236443995667,2176.343994140625,0.8931822776794434,2176.343994140625,0.1877236443995667
194,29.26999855041504,6.058333396911621,0.17937420633774792,2153.934814453125,0.8565551042556763,2153.934814453125,0.17937420633774792
195,28.532499313354492,5.920833587646484,0.1785004237553208,2128.52001953125,0.8825125098228455,2128.52001953125,0.1785004237553208
196,31.467500686645508,6.240833282470703,0.17937420633774792,2133.549072265625,0.9016525149345398,2133.549072265625,0.17937420633774792
197,29.69999885559082,6.0916666984558105,0.1896625860811481,2122.438720703125,0.8720108270645142,2122.438720703125,0.1896625860811481
198,32.07500076293945,6.409999847412109,0.18547462946590276,2088.119873046875,0.8916344046592712,2088.119873046875,0.18547462946590276
199,28.009998321533203,5.885833740234375,0.18515233487922525,2128.793212890625,0.9331537485122681,2128.793212890625,0.18515233487922525
200,30.012500762939453,6.041666507720947,0.18994044882076078,2103.365234375,0.89760822057724,2103.365234375,0.18994044882076078
201,30.911666870117188,6.243333339691162,0.20039109761025128,2087.755859375,0.842531681060791,2087.755859375,0.20039109761025128
202,32.63166427612305,6.728333473205566,0.1785004237553208,2163.563232421875,0.8781182765960693,2163.563232421875,0.1785004237553208
203,29.047500610351562,5.990000247955322,0.17788369149834557,2109.354248046875,0.9168102145195007,2109.354248046875,0.17788369149834557
204,31.52083396911621,6.513333320617676,0.18059307629182722,2145.053955078125,0.8763490319252014,2145.053955078125,0.18059307629182722
205,30.225000381469727,6.290833473205566,0.19488677588271208,2114.113525390625,0.876934289932251,2114.113525390625,0.19488677588271208
206,31.44333267211914,6.424167156219482,0.17361887058124525,2141.21435546875,0.905958890914917,2141.21435546875,0.17361887058124525
207,30.288331985473633,6.1041669845581055,0.2001187546987858,2067.898681640625,0.9203312397003174,2067.898681640625,0.2001187546987858
208,30.125831604003906,6.246666431427002,0.17475467636413883,2135.5498046875,0.8840277791023254,2135.5498046875,0.17475467636413883
209,28.896665573120117,5.980000019073486,0.20885613056962526,2125.425048828125,0.901580274105072,2125.425048828125,0.20885613056962526
210,30.575000762939453,6.211666584014893,0.17028885700928081,2125.779541015625,0.8797481060028076,2125.779541015625,0.17028885700928081
211,30.160831451416016,6.129166603088379,0.17475467636413883,2171.733154296875,0.8971510529518127,2171.733154296875,0.17475467636413883
212,31.23583221435547,6.350832939147949,0.1951450915018948,2154.146240234375,0.8938542008399963,2154.146240234375,0.1951450915018948
213,30.06333351135254,6.21999979019165,0.18311995396510383,2160.489013671875,0.904085636138916,2160.489013671875,0.18311995396510383
214,30.63749885559082,6.281666278839111,0.18059307629182722,2139.6845703125,0.890308141708374,2139.6845703125,0.18059307629182722
215,30.691665649414062,6.31416654586792,0.19296896350652676,2151.484375,0.8660256266593933,2151.484375,0.19296896350652676
216,31.1058349609375,6.255000114440918,0.1785004237553208,2089.154296875,0.890241801738739,2089.154296875,0.1785004237553208
217,31.150833129882812,6.249166488647461,0.19901617790457807,2094.74755859375,0.8917639255523682,2094.74755859375,0.19901617790457807
218,30.627500534057617,6.190000057220459,0.18054864444476237,2073.432861328125,0.9037984609603882,2073.432861328125,0.18054864444476237
219,28.84749984741211,6.002500057220459,0.19340833347233008,2106.0166015625,0.8975115418434143,2106.0166015625,0.19340833347233008
220,31.52916717529297,6.369166851043701,0.19424991741352005,2145.213134765625,0.8822952508926392,2145.213134765625,0.19424991741352005
221,30.131668090820312,6.21999979019165,0.17090175251402087,2163.284423828125,0.8877918720245361,2163.284423828125,0.17090175251402087
222,30.70749855041504,6.265000343322754,0.17597354575942456,2155.87890625,0.9065057039260864,2155.87890625,0.17597354575942456
223,30.001667022705078,6.15749979019165,0.18547462946590276,2141.706298828125,0.9496515989303589,2141.706298828125,0.18547462946590276
224,33.045833587646484,6.56416654586792,0.18858661961053036,2141.536376953125,0.9120580554008484,2141.536376953125,0.18858661961053036
225,29.692501068115234,6.124166965484619,0.17090175251402087,2139.21337890625,0.8943004012107849,2139.21337890625,0.17090175251402087
226,30.711666107177734,6.213333606719971,0.18054864444476237,2127.523681640625,0.883755087852478,2127.523681640625,0.18054864444476237
227,29.284997940063477,6.069999694824219,0.19765718511628286,2171.2890625,0.864022433757782,2171.2890625,0.19765718511628286
228,32.003334045410156,6.381666660308838,0.16565397919697689,2118.130859375,0.9025087952613831,2118.130859375,0.16565397919697689
229,33.336666107177734,6.660833358764648,0.22277544424957008,2139.563720703125,0.8954038619995117,2139.563720703125,0.22277544424957008
230,31.502500534057617,6.369166851043701,0.18994044882076078,2124.465576171875,0.8964635133743286,2124.465576171875,0.18994044882076078
231,30.453332901000977,6.204999923706055,0.1808550989335001,2117.17041015625,0.8720654845237732,2117.17041015625,0.1808550989335001
232,29.774168014526367,6.06083345413208,0.1888046430378672,2132.112060546875,0.8744723796844482,2132.112060546875,0.1888046430378672
233,30.75583267211914,6.164999961853027,0.1828827676513172,2121.180908203125,0.8818745613098145,2121.180908203125,0.1828827676513172
234,31.779998779296875,6.4191670417785645,0.1876624932478623,2129.968994140625,0.9122510552406311,2129.968994140625,0.1876624932478623
235,30.18000030517578,6.224166393280029,0.17529578952999403,2150.94482421875,0.8863558769226074,2150.94482421875,0.17529578952999403
236,30.80083465576172,6.350000381469727,0.18856522866337633,2078.009033203125,0.8815896511077881,2078.009033203125,0.18856522866337633
237,28.57416534423828,5.900000095367432,0.20549231421797715,2100.46435546875,0.8918920755386353,2100.46435546875,0.20549231421797715
238,30.70166778564453,6.208333492279053,0.18054864444476237,2110.8984375,0.8935353755950928,2110.8984375,0.18054864444476237
239,31.154998779296875,6.3333330154418945,0.19306160758722593,2156.598388671875,0.8701696395874023,2156.598388671875,0.19306160758722593
240,30.155834197998047,6.199166774749756,0.19340833347233008,2153.17431640625,0.8534811735153198,2153.17431640625,0.19340833347233008
241,31.212499618530273,6.348333358764648,0.18582336426997353,2162.295654296875,0.84822678565979,2162.295654296875,0.18582336426997353
242,29.575834274291992,6.0858330726623535,0.18796988767617476,2115.536865234375,0.8942652940750122,2115.536865234375,0.18796988767617476
243,32.19916534423828,6.457499980926514,0.19254404642193784,2097.32421875,0.8785196542739868,2097.32421875,0.19254404642193784
244,30.773332595825195,6.228333473205566,0.18460650928089178,2134.143798828125,0.88202303647995,2134.143798828125,0.18460650928089178
245,31.72833251953125,6.62166690826416,0.17746795800174767,2134.514404296875,0.8729076981544495,2134.514404296875,0.17746795800174767
246,30.426666259765625,6.291666507720947,0.17597354575942456,2113.94775390625,0.8809983134269714,2113.94775390625,0.17597354575942456
247,29.96416664123535,6.134166717529297,0.21531808924834037,2141.432861328125,0.8838644623756409,2141.432861328125,0.21531808924834037
248,32.32833480834961,6.438333511352539,0.18054864444476237,2109.57373046875,0.9237802624702454,2109.57373046875,0.18054864444476237
249,28.42249870300293,6.039999961853027,0.18059508488817422,2119.522216796875,0.9030278921127319,2119.522216796875,0.18059508488817422
250,30.467500686645508,6.224999904632568,0.18121370539292964,2116.668701171875,0.8946055173873901,2116.668701171875,0.18121370539292964
251,31.25,6.362500190734863,0.20885613056962526,2139.89013671875,0.8819166421890259,2139.89013671875,0.20885613056962526
252,29.567501068115234,6.084167003631592,0.1785004237553208,2143.56689453125,0.8793770670890808,2143.56689453125,0.1785004237553208
253,30.831666946411133,6.3125,0.18311995396510383,2108.533447265625,0.8900815844535828,2108.533447265625,0.18311995396510383
254,32.34666442871094,6.414999961853027,0.1702888566866612,2131.89453125,0.8961276412010193,2131.89453125,0.1702888566866612
255,31.41583251953125,6.40333366394043,0.1823495111758232,2059.858642578125,0.8744497895240784,2059.858642578125,0.1823495111758232
256,29.530000686645508,6.054166793823242,0.20214129619465762,2120.86376953125,0.8837466239929199,2120.86376953125,0.20214129619465762
257,29.495832443237305,6.1016669273376465,0.19254404642193784,2105.4990234375,0.9116564393043518,2105.4990234375,0.19254404642193784
258,31.138334274291992,6.406666278839111,0.17361887058124525,2140.233642578125,0.8619855642318726,2140.233642578125,0.17361887058124525
259,29.64583396911621,6.068333148956299,0.1785004237553208,2093.61669921875,0.9143809080123901,2093.61669921875,0.1785004237553208
260,31.706666946411133,6.342499732971191,0.194422120231237,2116.928955078125,0.864063560962677,2116.928955078125,0.194422120231237
261,30.709165573120117,6.309166431427002,0.1888046430378672,2119.443359375,0.8692499995231628,2119.443359375,0.1888046430378672
262,29.661666870117188,6.040833473205566,0.18813562256608551,2096.575927734375,0.9025970101356506,2096.575927734375,0.18813562256608551
263,31.281667709350586,6.340000152587891,0.16329930401879758,2076.593017578125,0.9030563235282898,2076.593017578125,0.16329930401879758
264,30.43166732788086,6.205833435058594,0.18547462946590276,2115.66259765625,0.8594051003456116,2115.66259765625,0.18547462946590276
265,31.415000915527344,6.358333587646484,0.18054864444476237,2064.930908203125,0.8777950406074524,2064.930908203125,0.18054864444476237
266,31.11250114440918,6.327500343322754,0.1896625860811481,2126.494384765625,0.8701945543289185,2126.494384765625,0.1896625860811481
267,30.535831451416016,6.1641669273376465,0.19063484029997194,2086.158447265625,0.9143511652946472,2086.158447265625,0.19063484029997194
268,29.59083366394043,6.097499847412109,0.22539062540067822,2151.941650390625,0.8926005959510803,2151.941650390625,0.22539062540067822
269,31.120834350585938,6.386666774749756,0.18747834518037412,2131.5693359375,0.8668991923332214,2131.5693359375,0.18747834518037412
270,32.93916702270508,6.581666469573975,0.16565397919697689,2090.376953125,0.8776537775993347,2090.376953125,0.16565397919697689
271,29.751667022705078,6.070833206176758,0.19264021248817942,2090.573974609375,0.8956858515739441,2090.573974609375,0.19264021248817942
272,32.500831604003906,6.629166603088379,0.1823495111758232,2138.312744140625,0.8518794178962708,2138.312744140625,0.1823495111758232
273,32.698333740234375,6.634999752044678,0.20212300479376052,2107.0859375,0.8843013048171997,2107.0859375,0.20212300479376052
274,31.974166870117188,6.386666774749756,0.17475467636413883,2121.064208984375,0.8685282468795776,2121.064208984375,0.17475467636413883
275,31.82750129699707,6.416666507720947,0.20584920482833857,2129.339599609375,0.8671817183494568,2129.339599609375,0.20584920482833857
276,31.983333587646484,6.444166660308838,0.17597354575942456,2111.827392578125,0.9091407060623169,2111.827392578125,0.17597354575942456
277,31.610000610351562,6.460833549499512,0.19901617790457807,2139.44580078125,0.8725939989089966,2139.44580078125,0.19901617790457807
278,31.270000457763672,6.262499809265137,0.17724220041925487,2083.471435546875,0.9214857816696167,2083.471435546875,0.17724220041925487
279,30.607500076293945,6.1566667556762695,0.2015962638403244,2072.007568359375,0.8833577632904053,2072.007568359375,0.2015962638403244
280,32.03916549682617,6.434166431427002,0.190706932086427,2154.83984375,0.9156844019889832,2154.83984375,0.190706932086427
281,29.185834884643555,6.004166603088379,0.1881800544131504,2129.224609375,0.893787682056427,2129.224609375,0.1881800544131504
282,31.583332061767578,6.410833358764648,0.17746795800174767,2147.951904296875,0.8985899090766907,2147.951904296875,0.17746795800174767
283,31.220001220703125,6.230000019073486,0.1828827676513172,2081.652099609375,0.875386655330658,2081.652099609375,0.1828827676513172
284,30.905834197998047,6.295833110809326,0.2031478034424355,2085.0751953125,0.8693974614143372,2085.0751953125,0.2031478034424355
285,29.484167098999023,6.008333206176758,0.1671560051228389,2110.608642578125,0.9329503178596497,2110.608642578125,0.1671560051228389
286,31.509166717529297,6.456666469573975,0.18776432059393286,2137.419677734375,0.909004271030426,2137.419677734375,0.18776432059393286
287,30.9325008392334,6.391666889190674,0.17475467636413883,2128.0380859375,0.8754336833953857,2128.0380859375,0.17475467636413883
288,30.949167251586914,6.288333415985107,0.1931630342531375,2135.69873046875,0.8727587461471558,2135.69873046875,0.1931630342531375
289,31.261667251586914,6.382499694824219,0.18059307629182722,2090.116455078125,0.8714161515235901,2090.116455078125,0.18059307629182722
290,31.59666633605957,6.328333377838135,0.18796988735355513,2113.596435546875,0.8846904635429382,2113.596435546875,0.18796988735355513
291,31.74416732788086,6.445833206176758,0.18460650928089178,2132.3564453125,0.9189758896827698,2132.3564453125,0.18460650928089178
292,31.84083366394043,6.327500343322754,0.18054864444476237,2131.442138671875,0.8895689845085144,2131.442138671875,0.18054864444476237
293,30.227500915527344,6.09499979019165,0.1881800544131504,2064.34814453125,0.9040884375572205,2064.34814453125,0.1881800544131504
294,32.16583251953125,6.447500228881836,0.18311995396510383,2131.671875,0.8960215449333191,2131.671875,0.18311995396510383
295,30.734167098999023,6.177499771118164,0.1888046430378672,2083.609375,0.8884649276733398,2083.609375,0.1888046430378672
296,31.717500686645508,6.374166965484619,0.1729577067998248,2094.685791015625,0.8898448348045349,2094.685791015625,0.1729577067998248
297,30.777498245239258,6.385000228881836,0.17325642769220018,2157.419921875,0.8473706245422363,2157.419921875,0.17325642769220018
298,29.856666564941406,6.098333358764648,0.2047839315202872,2142.21044921875,0.9087957739830017,2142.21044921875,0.2047839315202872
299,30.00749969482422,6.168333530426025,0.1778836918209652,2161.9873046875,0.8381019830703735,2161.9873046875,0.1778836918209652
300,30.70749855041504,6.15749979019165,0.1888046430378672,2083.643798828125,0.9030569195747375,2083.643798828125,0.1888046430378672
301,30.479999542236328,6.266666889190674,0.18121370539292964,2106.552978515625,0.8713181018829346,2106.552978515625,0.18121370539292964
302,28.9950008392334,5.914999961853027,0.16837487451812463,2074.722900390625,0.8712422251701355,2074.722900390625,0.16837487451812463
303,33.18833541870117,6.65916633605957,0.19636396089718053,2118.547607421875,0.8775837421417236,2118.547607421875,0.19636396089718053
304,30.561668395996094,6.243333339691162,0.19652311251148746,2114.61669921875,0.891526460647583,2114.61669921875,0.19652311251148746
305,29.954999923706055,6.170000076293945,0.17475467636413883,2126.095703125,0.8707098364830017,2126.095703125,0.17475467636413883
306,29.982501983642578,6.1591668128967285,0.19889083889307677,2075.57958984375,0.9087339639663696,2075.57958984375,0.19889083889307677
307,29.38249969482422,6.074999809265137,0.1785004237553208,2129.698486328125,0.9342274069786072,2129.698486328125,0.1785004237553208
308,30.82583236694336,6.12999963760376,0.19901617790457807,2102.256103515625,0.9169780611991882,2102.256103515625,0.19901617790457807
309,31.323333740234375,6.455833435058594,0.20273206962321796,2164.520263671875,0.8435669541358948,2164.520263671875,0.20273206962321796
310,32.55249786376953,6.625833511352539,0.17597354575942456,2127.11669921875,0.8760128021240234,2127.11669921875,0.17597354575942456
311,32.188331604003906,6.509999752044678,0.19516709048407566,2145.2060546875,0.8792939782142639,2145.2060546875,0.19516709048407566
312,30.055002212524414,6.177499771118164,0.18397789709483042,2120.810791015625,0.9123318791389465,2120.810791015625,0.18397789709483042
313,32.40666580200195,6.537499904632568,0.1936545764263185,2127.5078125,0.8712076544761658,2127.5078125,0.1936545764263185
314,30.789167404174805,6.2783331871032715,0.17325642769220018,2148.463134765625,0.8890097737312317,2148.463134765625,0.17325642769220018
315,31.33916473388672,6.367500305175781,0.15804781111771052,2127.330078125,0.8424394726753235,2127.330078125,0.15804781111771052
316,31.11916732788086,6.434999942779541,0.17475467636413883,2180.073486328125,0.8392883539199829,2180.073486328125,0.17475467636413883
317,29.737499237060547,6.043333053588867,0.1985887555137541,2091.1953125,0.9027947187423706,2091.1953125,0.1985887555137541
318,30.606666564941406,6.143333435058594,0.20647781701439993,2068.60302734375,0.8865731358528137,2068.60302734375,0.20647781701439993
319,31.40416717529297,6.388333320617676,0.1881800544131504,2154.90771484375,0.9035084247589111,2154.90771484375,0.1881800544131504
320,30.661666870117188,6.203333377838135,0.21007500020108494,2145.30517578125,0.8735673427581787,2145.30517578125,0.21007500020108494
321,29.959165573120117,6.140833377838135,0.212385243854819,2080.942626953125,0.8635943531990051,2080.942626953125,0.212385243854819
322,30.64666748046875,6.2925004959106445,0.17090175251402087,2081.09130859375,0.8778824210166931,2081.09130859375,0.17090175251402087
323,30.551666259765625,6.197499752044678,0.17937420633774792,2092.789306640625,0.8826424479484558,2092.789306640625,0.17937420633774792
324,30.318334579467773,6.107499599456787,0.18696118469524503,2099.602294921875,0.8940673470497131,2099.602294921875,0.18696118469524503
325,30.751667022705078,6.305000305175781,0.17937420657392186,2137.153564453125,0.8787822723388672,2137.153564453125,0.17937420657392186
326,29.46666717529297,6.067500114440918,0.21220920032635043,2148.23486328125,0.903174102306366,2148.23486328125,0.21220920032635043
327,31.27666664123535,6.420000076293945,0.1978803721216845,2100.242431640625,0.884111225605011,2100.242431640625,0.1978803721216845
328,29.815834045410156,6.172500133514404,0.1785004237553208,2091.345703125,0.8798936009407043,2091.345703125,0.1785004237553208
329,29.91499900817871,6.1066670417785645,0.23155453481532173,2124.89111328125,0.8744820356369019,2124.89111328125,0.23155453481532173
330,29.987499237060547,6.234166622161865,0.19571857712606416,2072.11328125,0.8924433588981628,2072.11328125,0.19571857712606416
331,29.135000228881836,5.991666793823242,0.1881800544131504,2108.958251953125,0.8797927498817444,2108.958251953125,0.1881800544131504
332,29.335832595825195,5.9633331298828125,0.18311995396510383,2086.35205078125,0.8729246258735657,2086.35205078125,0.18311995396510383
333,31.90999984741211,6.318333148956299,0.1951450915018948,2111.195556640625,0.8522608876228333,2111.195556640625,0.1951450915018948
334,31.364166259765625,6.132499694824219,0.19306160758722593,2073.997314453125,0.8699320554733276,2073.997314453125,0.19306160758722593
335,28.63166618347168,5.835000038146973,0.1984603210149707,2140.28515625,0.9135030508041382,2140.28515625,0.1984603210149707
336,30.97749900817871,6.215000152587891,0.17361887058124525,2140.078857421875,0.8963025808334351,2140.078857421875,0.17361887058124525
337,31.447500228881836,6.342499732971191,0.1888046430378672,2088.975341796875,0.9080778360366821,2088.975341796875,0.1888046430378672
338,29.815000534057617,6.1066670417785645,0.186847411498136,2137.376708984375,0.8766505122184753,2137.376708984375,0.186847411498136
339,28.713333129882812,6.079999923706055,0.17597354575942456,2117.315185546875,0.9268285632133484,2117.315185546875,0.17597354575942456
340,29.456666946411133,6.195833206176758,0.19542435519791487,2138.23583984375,0.9224923253059387,2138.23583984375,0.19542435519791487
341,29.686664581298828,6.144999980926514,0.1805930759692076,2123.519287109375,0.8825967311859131,2123.519287109375,0.1805930759692076
342,31.15166664123535,6.334167003631592,0.18992309442095504,2117.446533203125,0.8815233111381531,2117.446533203125,0.18992309442095504
343,27.99333381652832,5.768333435058594,0.19007831990036564,2064.674560546875,0.9111440777778625,2064.674560546875,0.19007831990036564
344,30.621665954589844,6.239166259765625,0.1881800544131504,2098.70556640625,0.8354499936103821,2098.70556640625,0.1881800544131504
345,32.55833435058594,6.500833511352539,0.18325406939200997,2133.915771484375,0.8975534439086914,2133.915771484375,0.18325406939200997
346,29.53999900817871,6.136666774749756,0.16837487451812463,2124.516845703125,0.9100545644760132,2124.516845703125,0.16837487451812463
347,30.239999771118164,6.207499980926514,0.1785004237553208,2097.131103515625,0.8910062313079834,2097.131103515625,0.1785004237553208
348,29.984167098999023,6.210000038146973,0.18994044882076078,2138.438720703125,0.8810198903083801,2138.438720703125,0.18994044882076078
349,29.89666748046875,6.1875,0.1958561893559099,2093.852783203125,0.9128091931343079,2093.852783203125,0.1958561893559099
350,29.563335418701172,6.116666793823242,0.18505889564668523,2157.34130859375,0.8913778066635132,2157.34130859375,0.18505889564668523
351,30.8174991607666,6.340000152587891,0.17552901632016626,2151.03466796875,0.8988516926765442,2151.03466796875,0.17552901632016626
352,31.61250114440918,6.3458333015441895,0.20982970098189235,2202.6748046875,0.8789992332458496,2202.6748046875,0.20982970098189235
353,28.70250129699707,6.007500171661377,0.20931254049676326,2139.48779296875,0.9187804460525513,2139.48779296875,0.20931254049676326
354,30.72749900817871,6.318333148956299,0.21689549505674188,2128.196044921875,0.8900738954544067,2128.196044921875,0.21689549505674188
355,30.724998474121094,6.179999828338623,0.17361887058124525,2060.7177734375,0.8744367957115173,2060.7177734375,0.17361887058124525
356,30.427499771118164,6.238333702087402,0.19752176566225496,2113.349365234375,0.8652775287628174,2113.349365234375,0.19752176566225496
357,29.920833587646484,6.0966668128967285,0.16837487451812463,2139.702392578125,0.9034154415130615,2139.702392578125,0.16837487451812463
358,29.332500457763672,6.048333168029785,0.18696118469524503,2085.645263671875,0.9194613695144653,2085.645263671875,0.18696118469524503
359,30.949167251586914,6.227499961853027,0.18582537891235146,2129.250244140625,0.9077078700065613,2129.250244140625,0.18582537891235146
360,28.57416534423828,5.901666641235352,0.18311995396510383,2105.672119140625,0.8879397511482239,2105.672119140625,0.18311995396510383
361,29.386667251586914,6.041666507720947,0.1911593187748401,2105.11181640625,0.8918681144714355,2105.11181640625,0.1911593187748401
362,29.704166412353516,6.074166774749756,0.21432385184503772,2136.9970703125,0.8780076503753662,2136.9970703125,0.21432385184503772
363,30.91750144958496,6.299166202545166,0.1702888566866612,2115.510009765625,0.8957241177558899,2115.510009765625,0.1702888566866612
364,32.644168853759766,6.513333320617676,0.19063484029997194,2132.87939453125,0.8504161834716797,2132.87939453125,0.19063484029997194
365,30.082500457763672,6.265833377838135,0.1869611844590711,2172.013671875,0.8611708879470825,2172.013671875,0.1869611844590711
366,29.40833282470703,6.122499942779541,0.19534727515391148,2146.51904296875,0.8690232634544373,2146.51904296875,0.19534727515391148
367,31.687501907348633,6.417500019073486,0.20584920482833857,2123.685791015625,0.8949593901634216,2123.685791015625,0.20584920482833857
368,30.497499465942383,6.265833377838135,0.17325642769220018,2114.408935546875,0.8864654302597046,2114.408935546875,0.17325642769220018
369,30.668333053588867,6.176666736602783,0.16329930401879758,2099.595703125,0.9324845671653748,2099.595703125,0.16329930401879758
370,29.8700008392334,6.168333530426025,0.17090175251402087,2118.76806640625,0.8881199359893799,2118.76806640625,0.17090175251402087
371,30.907499313354492,6.267499923706055,0.17028885700928081,2091.0849609375,0.8626067042350769,2091.0849609375,0.17028885700928081
372,31.782499313354492,6.445833206176758,0.20468917831928932,2146.6904296875,0.8945460319519043,2146.6904296875,0.20468917831928932
373,28.707500457763672,6.024166584014893,0.18054864444476237,2119.783203125,0.8673421740531921,2119.783203125,0.18054864444476237
374,29.197498321533203,6.115833282470703,0.1978803721216845,2150.12158203125,0.8557828068733215,2150.12158203125,0.1978803721216845
375,31.29166603088379,6.3433332443237305,0.20093148507706887,2178.62451171875,0.8763356804847717,2178.62451171875,0.20093148507706887
376,32.8408317565918,6.494999885559082,0.2097282743159808,2126.721435546875,0.8873106837272644,2126.721435546875,0.2097282743159808
377,30.364999771118164,6.222499847412109,0.1702888566866612,2097.217529296875,0.8559308052062988,2097.217529296875,0.1702888566866612
378,30.702499389648438,6.340000152587891,0.1985887555137541,2111.8701171875,0.8807644248008728,2111.8701171875,0.1985887555137541
379,30.247501373291016,6.159999847412109,0.21087215229521006,2096.923828125,0.8946972489356995,2096.923828125,0.21087215229521006
380,28.309165954589844,5.813333511352539,0.19505305345722207,2099.648193359375,0.9424569010734558,2099.648193359375,0.19505305345722207
381,30.92583465576172,6.322500228881836,0.18730791066679486,2132.93994140625,0.8822569847106934,2132.93994140625,0.18730791066679486
382,28.54916763305664,6.016666889190674,0.17090175251402087,2131.006103515625,0.8968759179115295,2131.006103515625,0.17090175251402087
383,28.35916519165039,5.832499980926514,0.18232064592573174,2101.42919921875,0.8683409094810486,2101.42919921875,0.18232064592573174
384,31.369998931884766,6.450833320617676,0.19724145129706533,2163.948974609375,0.8622047901153564,2163.948974609375,0.19724145129706533
385,30.21666717529297,6.18583345413208,0.21865926881979247,2126.744873046875,0.8716810345649719,2126.744873046875,0.21865926881979247
386,30.97083282470703,6.308333396911621,0.18696118469524503,2137.724609375,0.9037263989448547,2137.724609375,0.18696118469524503
387,26.982501983642578,5.701666831970215,0.18059307629182722,2110.110107421875,0.8909668922424316,2110.110107421875,0.18059307629182722
388,30.36750030517578,6.2733330726623535,0.1892020868099487,2165.659912109375,0.9006871581077576,2165.659912109375,0.1892020868099487
389,32.782501220703125,6.540833473205566,0.1881800544131504,2174.711181640625,0.8569890856742859,2174.711181640625,0.1881800544131504
390,29.20333480834961,6.0858330726623535,0.19604087194891565,2140.357421875,0.892389178276062,2140.357421875,0.19604087194891565
391,29.17999839782715,5.981666564941406,0.18582537891235146,2082.008544921875,0.9267754554748535,2082.008544921875,0.18582537891235146
392,30.554166793823242,6.182499885559082,0.18054864444476237,2115.88818359375,0.8874210119247437,2115.88818359375,0.18054864444476237
393,30.86166763305664,6.229166507720947,0.18059307629182722,2100.261962890625,0.8753435611724854,2100.261962890625,0.18059307629182722
394,30.070833206176758,6.063333034515381,0.19046572221129582,2117.4873046875,0.9247944951057434,2117.4873046875,0.19046572221129582
395,30.43166732788086,6.194999694824219,0.2017255623754401,2093.216552734375,0.8864501714706421,2093.216552734375,0.2017255623754401
396,29.84749984741211,6.159999847412109,0.16565397919697689,2109.58642578125,0.8972475528717041,2109.58642578125,0.16565397919697689
397,28.213333129882812,5.886666774749756,0.17937420657392186,2081.798828125,0.9103147387504578,2081.798828125,0.17937420657392186
398,32.21916580200195,6.413332939147949,0.1931630342531375,2109.2626953125,0.9267091155052185,2109.2626953125,0.1931630342531375
399,31.670833587646484,6.492499828338623,0.18813562256608551,2082.315185546875,0.8759889602661133,2082.315185546875,0.18813562256608551
400,30.06916618347168,6.162499904632568,0.16837487451812463,2099.277587890625,0.8667831420898438,2099.277587890625,0.16837487451812463
401,32.70750045776367,6.508333206176758,0.15467200289474647,2119.47216796875,0.9197903871536255,2119.47216796875,0.15467200289474647
402,32.880001068115234,6.587500095367432,0.17746795800174767,2077.5234375,0.8850956559181213,2077.5234375,0.17746795800174767
403,28.440834045410156,5.980000019073486,0.20767236844351875,2085.3046875,0.8673089742660522,2085.3046875,0.20767236844351875
404,29.5141658782959,6.09499979019165,0.18397789709483042,2104.38232421875,0.8931601047515869,2104.38232421875,0.18397789709483042
405,29.98499870300293,6.092499732971191,0.18121370539292964,2094.417236328125,0.9037954211235046,2094.417236328125,0.18121370539292964
406,31.569168090820312,6.37833309173584,0.1778836918209652,2098.420166015625,0.8843929767608643,2098.420166015625,0.1778836918209652
407,28.73416519165039,5.991666793823242,0.18054864444476237,2100.046630859375,0.8826562762260437,2100.046630859375,0.18054864444476237
408,30.21000099182129,6.0916666984558105,0.18684741195438906,2072.494384765625,0.9142548441886902,2072.494384765625,0.18684741195438906
409,30.57583236694336,6.204166412353516,0.18505889564668523,2102.9697265625,0.9038514494895935,2102.9697265625,0.18505889564668523
410,30.468332290649414,6.210000038146973,0.18086076188970981,2177.494873046875,0.8965908288955688,2177.494873046875,0.18086076188970981
411,31.668333053588867,6.392499923706055,0.17361887058124525,2119.406005859375,0.8775635361671448,2119.406005859375,0.17361887058124525
412,30.5141658782959,6.184999942779541,0.2022818775503696,2077.6064453125,0.895419180393219,2077.6064453125,0.2022818775503696
413,30.82750129699707,6.141666889190674,0.1778836918209652,2073.146240234375,0.8886975646018982,2073.146240234375,0.1778836918209652
414,29.48499870300293,6.188333511352539,0.22739742473116897,2120.754638671875,0.8979905247688293,2120.754638671875,0.22739742473116897
415,30.452499389648438,6.12333345413208,0.17090175251402087,2151.048095703125,0.8941062688827515,2151.048095703125,0.17090175251402087
416,29.249168395996094,6.0958333015441895,0.17361887058124525,2144.099853515625,0.8775206208229065,2144.099853515625,0.17361887058124525
417,29.30666732788086,6.118333339691162,0.18086076188970981,2080.853759765625,0.910318911075592,2080.853759765625,0.18086076188970981
418,29.959165573120117,6.21583366394043,0.21933323510048658,2084.976318359375,0.9020646214485168,2084.976318359375,0.21933323510048658
419,28.27666664123535,5.93916654586792,0.18582537891235146,2114.50244140625,0.9256716370582581,2114.50244140625,0.18582537891235146
420,31.049999237060547,6.257499694824219,0.18813562256608551,2086.302734375,0.8710750341415405,2086.302734375,0.18813562256608551
421,31.93000030517578,6.454999923706055,0.18121370539292964,2126.151611328125,0.9033240079879761,2126.151611328125,0.18121370539292964
422,30.99333381652832,6.321666240692139,0.17361887058124525,2129.6650390625,0.9067610502243042,2129.6650390625,0.17361887058124525
423,31.585832595825195,6.364166736602783,0.19046572221129582,2090.597900390625,0.8855223655700684,2090.597900390625,0.19046572221129582
424,30.404165267944336,6.163333415985107,0.17090175251402087,2149.131591796875,0.8608365058898926,2149.131591796875,0.17090175251402087
425,31.419166564941406,6.355833053588867,0.17090175251402087,2099.755126953125,0.9260421395301819,2099.755126953125,0.17090175251402087
426,32.03666687011719,6.511666774749756,0.17090175251402087,2141.4814453125,0.8698539733886719,2141.4814453125,0.17090175251402087
427,31.97833251953125,6.540833473205566,0.18776432059393286,2166.382080078125,0.8670839667320251,2166.382080078125,0.18776432059393286
428,29.965002059936523,6.0916666984558105,0.1823495111758232,2148.1806640625,0.8906935453414917,2148.1806640625,0.1823495111758232
429,31.10916519165039,6.3600006103515625,0.17597354575942456,2147.387939453125,0.892037570476532,2147.387939453125,0.17597354575942456
430,30.0816650390625,6.208333492279053,0.1926458737680084,2095.502685546875,0.8860840201377869,2095.502685546875,0.1926458737680084
431,31.113332748413086,6.302499771118164,0.18121370539292964,2087.166259765625,0.8697112202644348,2087.166259765625,0.18121370539292964
432,29.544166564941406,6.080833435058594,0.21658678578603666,2103.97998046875,0.89393150806427,2103.97998046875,0.21658678578603666
433,30.70166778564453,6.254166603088379,0.2045163122960607,2110.3681640625,0.8547026515007019,2110.3681640625,0.2045163122960607
434,29.02750015258789,6.03000020980835,0.1926458737680084,2134.18896484375,0.8812849521636963,2134.18896484375,0.1926458737680084
435,31.177499771118164,6.253333568572998,0.18460650928089178,2131.763671875,0.8710858821868896,2131.763671875,0.18460650928089178
436,30.864166259765625,6.213333606719971,0.1896625860811481,2083.8759765625,0.9035099744796753,2083.8759765625,0.1896625860811481
437,29.58916664123535,6.083333492279053,0.17090175251402087,2110.408935546875,0.9014476537704468,2110.408935546875,0.17090175251402087
438,32.59333419799805,6.5258331298828125,0.19455035822710043,2124.81298828125,0.9014421701431274,2124.81298828125,0.19455035822710043
439,33.09416961669922,6.568333625793457,0.17746795800174767,2145.18408203125,0.8668183088302612,2145.18408203125,0.17746795800174767
440,31.215835571289062,6.406666278839111,0.1965661445491972,2134.22900390625,0.899927020072937,2134.22900390625,0.1965661445491972
441,31.02833366394043,6.299166202545166,0.19306160758722593,2138.9609375,0.8642042875289917,2138.9609375,0.19306160758722593
442,29.467498779296875,6.073333263397217,0.17597354575942456,2143.939208984375,0.8966776132583618,2143.939208984375,0.17597354575942456
443,33.48999786376953,6.540833473205566,0.1823495111758232,2089.98486328125,0.8450284004211426,2089.98486328125,0.1823495111758232
444,30.20083236694336,6.204166412353516,0.23709771768958512,2164.666015625,0.8953372836112976,2164.666015625,0.23709771768958512
445,31.497499465942383,6.367500305175781,0.22375428854515703,2131.10888671875,0.8713012337684631,2131.10888671875,0.22375428854515703
446,32.04916763305664,6.425833702087402,0.1778836918209652,2165.2919921875,0.8975854516029358,2165.2919921875,0.1778836918209652
447,30.91583251953125,6.258333683013916,0.18609525856700518,2146.103759765625,0.8895730972290039,2146.103759765625,0.18609525856700518
448,29.504167556762695,5.983333110809326,0.2017255623754401,2123.704833984375,0.8589892983436584,2123.704833984375,0.2017255623754401
449,32.05583572387695,6.426666736602783,0.17090175251402087,2119.84912109375,0.8799023032188416,2119.84912109375,0.17090175251402087
450,30.251667022705078,6.168333530426025,0.1881800544131504,2091.80615234375,0.8994619250297546,2091.80615234375,0.1881800544131504
451,29.85500144958496,6.051666736602783,0.19901617790457807,2148.95556640625,0.9037773609161377,2148.95556640625,0.19901617790457807
452,30.055002212524414,6.107499599456787,0.1785004237553208,2104.197509765625,0.8691303133964539,2104.197509765625,0.1785004237553208
453,29.066667556762695,5.946666717529297,0.17597354575942456,2083.19287109375,0.8979870080947876,2083.19287109375,0.17597354575942456
454,29.234167098999023,6.000833034515381,0.1969374470801435,2109.251220703125,0.9103493690490723,2109.251220703125,0.1969374470801435
455,31.150001525878906,6.281666278839111,0.19826624994574032,2124.9853515625,0.8738418221473694,2124.9853515625,0.19826624994574032
456,31.334999084472656,6.349166393280029,0.19083702395198862,2128.212158203125,0.8489740490913391,2128.212158203125,0.19083702395198862
457,30.545000076293945,6.194166660308838,0.18776432059393286,2084.451171875,0.9094820022583008,2084.451171875,0.18776432059393286
458,29.245832443237305,5.999166488647461,0.21476342877971347,2076.39892578125,0.9231430888175964,2076.39892578125,0.21476342877971347
459,29.614166259765625,6.107499599456787,0.18054864444476237,2103.548828125,0.8679473400115967,2103.548828125,0.18054864444476237
460,29.384166717529297,6.004166603088379,0.17090175251402087,2125.094970703125,0.8824762105941772,2125.094970703125,0.17090175251402087
461,31.51000213623047,6.409999847412109,0.17475467636413883,2137.799072265625,0.8807852864265442,2137.799072265625,0.17475467636413883
462,30.56416893005371,6.265833377838135,0.1908370239519886,2109.744384765625,0.9170889258384705,2109.744384765625,0.1908370239519886
463,28.985000610351562,6.025000095367432,0.2371267299760171,2137.205078125,0.8932582139968872,2137.205078125,0.2371267299760171
464,28.82166862487793,6.071666717529297,0.18505889564668523,2144.089111328125,0.8790991306304932,2144.089111328125,0.18505889564668523
465,31.059165954589844,6.296666622161865,0.18547462946590276,2132.98583984375,0.8765892386436462,2132.98583984375,0.18547462946590276
466,31.19916534423828,6.3550004959106445,0.2048022892948404,2038.2274169921875,0.898239254951477,2038.2274169921875,0.2048022892948404
467,30.343332290649414,6.1541666984558105,0.16565397919697689,2072.20263671875,0.8858771920204163,2072.20263671875,0.16565397919697689
468,31.21500015258789,6.320833206176758,0.18776432059393286,2140.31787109375,0.8909988403320312,2140.31787109375,0.18776432059393286
469,30.051666259765625,6.037499904632568,0.18730791066679486,2172.8212890625,0.9197540283203125,2172.8212890625,0.18730791066679486
470,30.657499313354492,6.411666393280029,0.1778836918209652,2148.631103515625,0.8670365810394287,2148.631103515625,0.1778836918209652
471,31.583332061767578,6.309166431427002,0.16329930401879758,2110.675537109375,0.8872442245483398,2110.675537109375,0.16329930401879758
472,28.594165802001953,6.013333320617676,0.21495655337516048,2151.961181640625,0.9185795187950134,2151.961181640625,0.21495655337516048
473,29.6108341217041,6.054166793823242,0.18547462946590276,2090.102783203125,0.8917434215545654,2090.102783203125,0.18547462946590276
474,30.256668090820312,6.163333415985107,0.20640633150014528,2155.310302734375,0.8804398775100708,2155.310302734375,0.20640633150014528
475,32.907501220703125,6.573333740234375,0.15194738798955565,2174.4619140625,0.8760200142860413,2174.4619140625,0.15194738798955565
476,32.01250076293945,6.408332824707031,0.18796988735355513,2206.33740234375,0.9233084917068481,2206.33740234375,0.18796988735355513
477,31.489166259765625,6.460833549499512,0.16565397919697689,2150.1162109375,0.8537312746047974,2150.1162109375,0.16565397919697689
478,31.09000015258789,6.266666889190674,0.18086076188970981,2138.855224609375,0.8969694972038269,2138.855224609375,0.18086076188970981
479,31.250835418701172,6.162499904632568,0.19094129478870966,2111.969482421875,0.905340313911438,2111.969482421875,0.19094129478870966
480,30.99333381652832,6.380000114440918,0.17090175251402087,2199.207763671875,0.8776642680168152,2199.207763671875,0.17090175251402087
481,32.532501220703125,6.7133331298828125,0.17325642769220018,2164.168212890625,0.872195839881897,2164.168212890625,0.17325642769220018
482,30.21500015258789,6.127500057220459,0.202141295872038,2180.243896484375,0.8871746063232422,2180.243896484375,0.202141295872038
483,29.838333129882812,6.066666603088379,0.17475467636413883,2105.192626953125,0.8841902017593384,2105.192626953125,0.17475467636413883
484,29.239166259765625,5.984166622161865,0.1881800544131504,2146.50244140625,0.8981796503067017,2146.50244140625,0.1881800544131504
485,29.386667251586914,6.103333473205566,0.18059307629182722,2108.58251953125,0.8792372941970825,2108.58251953125,0.18059307629182722
486,30.389999389648438,6.197499752044678,0.20484672114190525,2111.424072265625,0.9339681267738342,2111.424072265625,0.20484672114190525
487,31.460834503173828,6.372500419616699,0.1671560045640453,2116.3359375,0.8884444832801819,2116.3359375,0.1671560045640453
488,31.189167022705078,6.3566670417785645,0.1785004237553208,2173.690185546875,0.8376708626747131,2173.690185546875,0.1785004237553208
489,29.59666633605957,6.059999942779541,0.20525328633928522,2150.45458984375,0.8596587777137756,2150.45458984375,0.20525328633928522
490,29.936664581298828,6.070833206176758,0.19151006798511483,2138.780029296875,0.903403103351593,2138.780029296875,0.19151006798511483
491,30.863332748413086,6.246666431427002,0.17090175251402087,2093.561767578125,0.9068548679351807,2093.561767578125,0.17090175251402087
492,30.293333053588867,6.154999732971191,0.17475467636413883,2156.776123046875,0.8875934481620789,2156.776123046875,0.17475467636413883
493,29.426666259765625,6.132499694824219,0.19083702395198862,2160.364013671875,0.8873866200447083,2160.364013671875,0.19083702395198862
494,31.703332901000977,6.4375,0.18311995396510383,2120.572509765625,0.8474200367927551,2120.572509765625,0.18311995396510383
495,30.70833396911621,6.307499885559082,0.1702888566866612,2069.388427734375,0.8648682236671448,2069.388427734375,0.1702888566866612
496,30.645832061767578,6.182499885559082,0.15804781111771052,2094.61962890625,0.8890352845191956,2094.61962890625,0.15804781111771052
497,29.927501678466797,6.0233330726623535,0.18505889564668523,2082.50732421875,0.9130509495735168,2082.50732421875,0.18505889564668523
498,31.45916748046875,6.407500267028809,0.1823495111758232,2125.296875,0.8859069347381592,2125.296875,0.1823495111758232
499,32.227500915527344,6.449166774749756,0.14433755654341926,2108.724853515625,0.9122774600982666,2108.724853515625,0.14433755654341926
500,31.768333435058594,6.422500133514404,0.1785004237553208,2130.486083984375,0.8676384687423706,2130.486083984375,0.1785004237553208
501,29.797500610351562,6.105000019073486,0.17597354575942456,2131.196044921875,0.8935270309448242,2131.196044921875,0.17597354575942456
502,30.000001907348633,6.075833320617676,0.18505889564668523,2126.320556640625,0.9023021459579468,2126.320556640625,0.18505889564668523
503,30.814167022705078,6.209166526794434,0.19889083889307677,2077.236572265625,0.8857265114784241,2077.236572265625,0.19889083889307677
504,31.3558349609375,6.364166736602783,0.20035034021905526,2147.646484375,0.8690146207809448,2147.646484375,0.20035034021905526
505,29.050832748413086,6.000833034515381,0.17746795800174767,2091.210693359375,0.8716376423835754,2091.210693359375,0.17746795800174767
506,30.125831604003906,6.205833435058594,0.18121370539292964,2157.04833984375,0.8757815957069397,2157.04833984375,0.18121370539292964
507,30.022499084472656,6.119166851043701,0.19556082532111232,2095.69091796875,0.8867918252944946,2095.69091796875,0.19556082532111232
508,28.875,5.90500020980835,0.19516709048407566,2149.96337890625,0.8832567930221558,2149.96337890625,0.19516709048407566
509,30.75,6.1591668128967285,0.17475467636413883,2106.685791015625,0.8839403390884399,2106.685791015625,0.17475467636413883
510,30.342500686645508,6.226666450500488,0.17028885700928081,2105.008544921875,0.877666711807251,2105.008544921875,0.17028885700928081
511,30.81333351135254,6.1875,0.19088145579905347,2100.9306640625,0.8687797784805298,2100.9306640625,0.19088145579905347
512,31.224998474121094,6.2733330726623535,0.16418843355850632,2116.3642578125,0.914342999458313,2116.3642578125,0.16418843355850632
513,29.905000686645508,6.144999980926514,0.18582537891235146,2116.39306640625,0.8978339433670044,2116.39306640625,0.18582537891235146
514,30.869998931884766,6.183333396911621,0.1888046430378672,2076.8974609375,0.8890642523765564,2076.8974609375,0.1888046430378672
515,31.139999389648438,6.301666736602783,0.16837487451812463,2151.19287109375,0.854449450969696,2151.19287109375,0.16837487451812463
516,29.74166488647461,6.072499752044678,0.19295086236822206,2097.96044921875,0.8855807781219482,2097.96044921875,0.19295086236822206
517,33.59749984741211,6.644166946411133,0.17475467636413883,2146.294921875,0.887427031993866,2146.294921875,0.17475467636413883
518,30.90416717529297,6.300833225250244,0.18558416903722028,2115.227294921875,0.9065759778022766,2115.227294921875,0.18558416903722028
519,30.828332901000977,6.2733330726623535,0.1785004237553208,2095.1669921875,0.8804203867912292,2095.1669921875,0.1785004237553208
520,30.9233341217041,6.250833034515381,0.19822181842129508,2115.741943359375,0.9052566289901733,2115.741943359375,0.19822181842129508
521,31.1924991607666,6.384166240692139,0.1785004237553208,2139.0654296875,0.8812536597251892,2139.0654296875,0.1785004237553208
522,29.780832290649414,6.085000038146973,0.18460084688347567,2110.20068359375,0.8765312433242798,2110.20068359375,0.18460084688347567
523,31.03583526611328,6.265000343322754,0.22129700183918807,2100.362060546875,0.8526713848114014,2100.362060546875,0.22129700183918807
524,28.67916488647461,5.949166774749756,0.19752176566225496,2093.147705078125,0.8533969521522522,2093.147705078125,0.19752176566225496
525,30.08500099182129,6.171666622161865,0.18730791066679486,2119.303466796875,0.9118044972419739,2119.303466796875,0.18730791066679486
526,28.925832748413086,6.063333034515381,0.1926458737680084,2121.272216796875,0.8778836131095886,2121.272216796875,0.1926458737680084
527,32.692501068115234,6.516666889190674,0.1908370239519886,2137.99853515625,0.8711135983467102,2137.99853515625,0.1908370239519886
528,33.47999954223633,6.7816667556762695,0.17028885700928081,2157.28271484375,0.8660706877708435,2157.28271484375,0.17028885700928081
529,32.0091667175293,6.3600006103515625,0.195763008973129,2053.877197265625,0.8779003024101257,2053.877197265625,0.195763008973129
530,29.934167861938477,6.083333492279053,0.16837487451812463,2116.9609375,0.8802018761634827,2116.9609375,0.16837487451812463
531,30.46500015258789,6.188333511352539,0.2073276471522749,2105.207763671875,0.8610138297080994,2105.207763671875,0.2073276471522749
532,29.935832977294922,6.03000020980835,0.18505889564668523,2078.898193359375,0.8757304549217224,2078.898193359375,0.18505889564668523
533,30.49916648864746,6.213333606719971,0.22956054596847528,2155.054443359375,0.9004732966423035,2155.054443359375,0.22956054596847528
534,28.940000534057617,5.985833168029785,0.17597354575942456,2119.361572265625,0.9082207679748535,2119.361572265625,0.17597354575942456
535,31.241666793823242,6.25,0.2231444837431548,2132.849853515625,0.8999204039573669,2132.849853515625,0.2231444837431548
536,29.679166793823242,6.151666641235352,0.16880796376828935,2191.295166015625,0.8894879221916199,2191.295166015625,0.16880796376828935
537,31.655832290649414,6.319166660308838,0.1888046430378672,2146.05712890625,0.8679221868515015,2146.05712890625,0.1888046430378672
538,31.384998321533203,6.310000419616699,0.16837487451812463,2134.2021484375,0.8804647922515869,2134.2021484375,0.16837487451812463
539,31.1733341217041,6.279999732971191,0.16837487451812463,2118.323974609375,0.8872044682502747,2118.323974609375,0.16837487451812463
540,32.43166732788086,6.5316667556762695,0.2015962638403244,2120.0400390625,0.8832640051841736,2120.0400390625,0.2015962638403244
541,30.481666564941406,6.239999771118164,0.19841588916790584,2106.156982421875,0.8921573162078857,2106.156982421875,0.19841588916790584
542,31.038331985473633,6.2783331871032715,0.17552901632016626,2122.98974609375,0.8795245885848999,2122.98974609375,0.17552901632016626
543,31.575000762939453,6.349166393280029,0.1702888566866612,2111.885986328125,0.8909658789634705,2111.885986328125,0.1702888566866612
544,31.254165649414062,6.179999828338623,0.18505889564668523,2054.605712890625,0.8948260545730591,2054.605712890625,0.18505889564668523
545,31.18000030517578,6.233333587646484,0.17597354575942456,2146.19970703125,0.8747021555900574,2146.19970703125,0.17597354575942456
546,31.93666648864746,6.3550004959106445,0.1926458737680084,2167.197998046875,0.9179092049598694,2167.197998046875,0.1926458737680084
547,29.98583221435547,6.178333282470703,0.21020495055399535,2082.949951171875,0.8756482601165771,2082.949951171875,0.21020495055399535
548,30.699167251586914,6.2183332443237305,0.17028885700928081,2063.414306640625,0.885177731513977,2063.414306640625,0.17028885700928081
549,31.732500076293945,6.305000305175781,0.18325406939200997,2127.538330078125,0.8690295815467834,2127.538330078125,0.18325406939200997
550,30.35416603088379,6.276666164398193,0.17475467636413883,2144.333251953125,0.8991839289665222,2144.333251953125,0.17475467636413883
551,30.503332138061523,6.144999980926514,0.18054864444476237,2147.90771484375,0.8927134871482849,2147.90771484375,0.18054864444476237
552,30.166667938232422,6.210000038146973,0.17746795800174767,2122.375244140625,0.8834291696548462,2122.375244140625,0.17746795800174767
553,30.29083251953125,6.200833320617676,0.19680735521458187,2116.101318359375,0.8555499315261841,2116.101318359375,0.19680735521458187
554,30.357500076293945,6.210000038146973,0.21305828788794523,2139.43408203125,0.8765047788619995,2139.43408203125,0.21305828788794523
555,31.725831985473633,6.404999732971191,0.18547462946590276,2092.478759765625,0.8561678528785706,2092.478759765625,0.18547462946590276
556,29.70333480834961,6.0933332443237305,0.18505889564668523,2116.90869140625,0.9185796976089478,2116.90869140625,0.18505889564668523
557,30.974998474121094,6.402500152587891,0.17300810676685105,2142.2783203125,0.9181129336357117,2142.2783203125,0.17300810676685105
558,30.430831909179688,6.256666660308838,0.18796988735355513,2122.053466796875,0.8694361448287964,2122.053466796875,0.18796988735355513
559,30.489168167114258,6.293333530426025,0.19978661934009762,2116.352294921875,0.86994868516922,2116.352294921875,0.19978661934009762
560,31.17916488647461,6.322500228881836,0.16837487451812463,2134.7841796875,0.876830518245697,2134.7841796875,0.16837487451812463
561,32.301666259765625,6.445000171661377,0.17090175251402087,2148.166259765625,0.8496549725532532,2148.166259765625,0.17090175251402087
562,30.68833351135254,6.33750057220459,0.18547462946590276,2187.02734375,0.9158114790916443,2187.02734375,0.18547462946590276
563,30.344167709350586,6.199999809265137,0.17529578952999403,2098.6357421875,0.9216965436935425,2098.6357421875,0.17529578952999403
564,30.892499923706055,6.255833148956299,0.17475467636413883,2123.688232421875,0.879214882850647,2123.688232421875,0.17475467636413883
565,28.880834579467773,6.149167060852051,0.19752176566225496,2139.15087890625,0.8867677450180054,2139.15087890625,0.19752176566225496
566,29.678333282470703,6.100833415985107,0.1926458737680084,2105.527099609375,0.8985888361930847,2105.527099609375,0.1926458737680084
567,31.1733341217041,6.24833345413208,0.17325642769220018,2136.69677734375,0.9166618585586548,2136.69677734375,0.17325642769220018
568,29.78333282470703,6.0883331298828125,0.18558416903722028,2112.443115234375,0.8881729245185852,2112.443115234375,0.18558416903722028
569,30.003334045410156,6.067500114440918,0.17597354575942456,2146.17919921875,0.8660090565681458,2146.17919921875,0.17597354575942456
570,32.0341682434082,6.477499961853027,0.17090175251402087,2141.468017578125,0.8854769468307495,2141.468017578125,0.17090175251402087
571,30.913331985473633,6.311666965484619,0.18992309442095504,2122.865478515625,0.8719643950462341,2122.865478515625,0.18992309442095504
572,31.190834045410156,6.261666774749756,0.18460650928089178,2139.1904296875,0.8997623324394226,2139.1904296875,0.18460650928089178
573,28.444168090820312,5.885833740234375,0.15467200289474647,2121.3935546875,0.8943086266517639,2121.3935546875,0.15467200289474647
574,32.220001220703125,6.431666851043701,0.1808550989335001,2091.76953125,0.862790048122406,2091.76953125,0.1808550989335001
575,30.724166870117188,6.2191667556762695,0.17325642769220018,2169.51416015625,0.9051339626312256,2169.51416015625,0.17325642769220018
576,28.27666664123535,5.818333625793457,0.17597354575942456,2099.28662109375,0.8781931400299072,2099.28662109375,0.17597354575942456
577,31.575000762939453,6.389166355133057,0.1808550989335001,2139.701904296875,0.9087941646575928,2139.701904296875,0.1808550989335001
578,29.434165954589844,6.044166564941406,0.17028885700928081,2063.960205078125,0.8828632235527039,2063.960205078125,0.17028885700928081
579,31.53499984741211,6.329166889190674,0.19516709048407566,2152.333984375,0.8657206892967224,2152.333984375,0.19516709048407566
580,31.486665725708008,6.387499809265137,0.17236064724517933,2063.55419921875,0.894342839717865,2063.55419921875,0.17236064724517933
581,30.195831298828125,6.1533331871032715,0.21242967570188387,2129.812744140625,0.9385190010070801,2129.812744140625,0.21242967570188387
582,30.644166946411133,6.200833320617676,0.17552901632016626,2125.428466796875,0.9144067764282227,2125.428466796875,0.17552901632016626
583,30.010833740234375,6.243333339691162,0.18505889564668523,2130.857421875,0.9165499210357666,2130.857421875,0.18505889564668523
584,31.321664810180664,6.3466668128967285,0.1926458737680084,2098.315185546875,0.9136472344398499,2098.315185546875,0.1926458737680084
585,32.95000076293945,6.605000019073486,0.18054864444476237,2100.8623046875,0.8556064963340759,2100.8623046875,0.18054864444476237
586,32.17000198364258,6.449999809265137,0.17622022279757688,2120.349365234375,0.8576062321662903,2120.349365234375,0.17622022279757688
587,30.469999313354492,6.201666831970215,0.17325642769220018,2155.84326171875,0.8498045802116394,2155.84326171875,0.17325642769220018
588,32.25749969482422,6.400000095367432,0.20227565969607997,2103.337890625,0.9069788455963135,2103.337890625,0.20227565969607997
589,31.302499771118164,6.325833320617676,0.17475467636413883,2095.664306640625,0.8701171875,2095.664306640625,0.17475467636413883
590,29.420000076293945,5.9691667556762695,0.17475467636413883,2121.099853515625,0.9148100018501282,2121.099853515625,0.17475467636413883
591,30.34583282470703,6.1566667556762695,0.15955355606882202,2118.483642578125,0.9093517065048218,2118.483642578125,0.15955355606882202
592,30.467500686645508,6.274999618530273,0.17724220041925487,2091.7041015625,0.9381186962127686,2091.7041015625,0.17724220041925487
593,31.336668014526367,6.465000152587891,0.2031478034424355,2121.885986328125,0.8893803358078003,2121.885986328125,0.2031478034424355
594,31.29083251953125,6.398333549499512,0.16565397919697689,2138.096923828125,0.8929437398910522,2138.096923828125,0.16565397919697689
595,30.535831451416016,6.227499961853027,0.18054864444476237,2084.8740234375,0.8880771398544312,2084.8740234375,0.18054864444476237
596,28.490833282470703,5.938333511352539,0.18086076188970981,2115.99853515625,0.8928006887435913,2115.99853515625,0.18086076188970981
597,32.59833526611328,6.526666641235352,0.2097282743159808,2117.146240234375,0.8828915357589722,2117.146240234375,0.2097282743159808
598,31.177499771118164,6.2733330726623535,0.20055191806650538,2100.2919921875,0.856171190738678,2100.2919921875,0.20055191806650538
599,29.827499389648438,6.042500019073486,0.1881800544131504,2061.040771484375,0.9181439876556396,2061.040771484375,0.1881800544131504
600,31.755001068115234,6.373332977294922,0.19046572221129582,2092.546630859375,0.8550610542297363,2092.546630859375,0.19046572221129582
601,30.911666870117188,6.267499923706055,0.16837487451812463,2147.721923828125,0.8570138812065125,2147.721923828125,0.16837487451812463
602,31.59833335876465,6.4041666984558105,0.1778836918209652,2139.34130859375,0.8829957246780396,2139.34130859375,0.1778836918209652
603,32.080833435058594,6.360833168029785,0.16837487451812463,2111.994873046875,0.9290623664855957,2111.994873046875,0.16837487451812463
604,31.19583511352539,6.372500419616699,0.1785004237553208,2129.91650390625,0.8822210431098938,2129.91650390625,0.1785004237553208
605,29.21583366394043,6.038333415985107,0.21933323510048658,2058.094970703125,0.8758113980293274,2058.094970703125,0.21933323510048658
606,30.0049991607666,6.146667003631592,0.15194738798955565,2101.208251953125,0.8465868234634399,2101.208251953125,0.15194738798955565
607,31.078332901000977,6.2891669273376465,0.17325642769220018,2126.828857421875,0.8788071870803833,2126.828857421875,0.17325642769220018
608,31.402502059936523,6.46750020980835,0.18325406939200997,2122.671630859375,0.8526504039764404,2122.671630859375,0.18325406939200997
609,31.944168090820312,6.422500133514404,0.18582537891235146,2170.096923828125,0.9210663437843323,2170.096923828125,0.18582537891235146
610,31.104999542236328,6.345000267028809,0.17427462941371588,2124.2861328125,0.8993441462516785,2124.2861328125,0.17427462941371588
611,29.897499084472656,6.049166679382324,0.16565397919697689,2125.655517578125,0.8830721378326416,2125.655517578125,0.16565397919697689
612,29.634166717529297,6.054166793823242,0.1778836918209652,2090.085205078125,0.8741617202758789,2090.085205078125,0.1778836918209652
613,30.729999542236328,6.287500381469727,0.1671560051228389,2095.84619140625,0.8945416808128357,2095.84619140625,0.1671560051228389
614,31.63250160217285,6.332500457763672,0.1881800544131504,2079.055419921875,0.8927304744720459,2079.055419921875,0.1881800544131504
615,29.599166870117188,5.9741668701171875,0.21777543241379596,2126.5087890625,0.9180628061294556,2126.5087890625,0.21777543241379596
616,28.73833465576172,6.049166679382324,0.18844371644968844,2148.8271484375,0.8804759383201599,2148.8271484375,0.18844371644968844
617,30.929166793823242,6.311666965484619,0.17597354575942456,2156.73291015625,0.8921261429786682,2156.73291015625,0.17597354575942456
618,31.044166564941406,6.3600006103515625,0.17090175251402087,2147.236083984375,0.9252762794494629,2147.236083984375,0.17090175251402087
619,30.20833396911621,6.109166622161865,0.1785004237553208,2105.870849609375,0.8941853642463684,2105.870849609375,0.1785004237553208
620,32.1966667175293,6.4375,0.1785004237553208,2098.1904296875,0.8572004437446594,2098.1904296875,0.1785004237553208
621,33.01416778564453,6.5849995613098145,0.1785004237553208,2149.19384765625,0.891257107257843,2149.19384765625,0.1785004237553208
622,30.625831604003906,6.117499828338623,0.1778836918209652,2119.277099609375,0.9080788493156433,2119.277099609375,0.1778836918209652
623,31.31999969482422,6.362500190734863,0.17574017505218645,2108.019775390625,0.8847808837890625,2108.019775390625,0.17574017505218645
624,31.000835418701172,6.324999809265137,0.18325406939200997,2135.37744140625,0.8817063570022583,2135.37744140625,0.18325406939200997
625,31.76000213623047,6.4633331298828125,0.231863244086027,2147.852294921875,0.8940515518188477,2147.852294921875,0.231863244086027
626,31.189998626708984,6.212500095367432,0.18547462946590276,2078.257568359375,0.8942258954048157,2078.257568359375,0.18547462946590276
627,31.72833251953125,6.418333053588867,0.16837487451812463,2089.82470703125,0.8764312267303467,2089.82470703125,0.16837487451812463
628,32.08500289916992,6.523333549499512,0.16565397919697689,2154.59326171875,0.8681652545928955,2154.59326171875,0.16565397919697689
629,31.842500686645508,6.508333206176758,0.16565397919697689,2202.55615234375,0.8669297099113464,2202.55615234375,0.16565397919697689
630,32.89250183105469,6.62000036239624,0.19604087306650278,2125.7509765625,0.8719285130500793,2125.7509765625,0.19604087306650278
631,33.227500915527344,6.673333168029785,0.17325642769220018,2154.606201171875,0.8638726472854614,2154.606201171875,0.17325642769220018
632,30.013334274291992,6.149167060852051,0.2139081180258202,2128.657958984375,0.9163520932197571,2128.657958984375,0.2139081180258202
633,30.418333053588867,6.148333549499512,0.17325642769220018,2115.72412109375,0.8775454163551331,2115.72412109375,0.17325642769220018
634,30.489168167114258,6.236666679382324,0.1896625860811481,2138.33154296875,0.8924239873886108,2138.33154296875,0.1896625860811481
635,30.94583511352539,6.374166965484619,0.16565397919697689,2132.057861328125,0.8952040672302246,2132.057861328125,0.16565397919697689
636,28.858333587646484,5.983333110809326,0.18311995396510383,2131.418701171875,0.9322488903999329,2131.418701171875,0.18311995396510383
637,31.47083282470703,6.3408331871032715,0.15804781111771052,2080.378662109375,0.9095004200935364,2080.378662109375,0.15804781111771052
638,29.84583282470703,6.109166622161865,0.17475467636413883,2022.0955810546875,0.8798000812530518,2022.0955810546875,0.17475467636413883
639,28.753334045410156,5.988333225250244,0.1926458737680084,2109.9716796875,0.8868003487586975,2109.9716796875,0.1926458737680084
640,31.9424991607666,6.478333473205566,0.19901617790457807,2106.295654296875,0.8480603098869324,2106.295654296875,0.19901617790457807
641,30.604999542236328,6.244166374206543,0.17178326869281035,2114.802734375,0.862755537033081,2114.802734375,0.17178326869281035
642,31.29083251953125,6.319999694824219,0.19083702395198862,2090.132080078125,0.8846354484558105,2090.132080078125,0.19083702395198862
643,30.228334426879883,6.18416690826416,0.18505889564668523,2102.968994140625,0.8590074777603149,2102.968994140625,0.18505889564668523
644,30.145832061767578,6.235833644866943,0.19636396089718053,2133.600341796875,0.8945721983909607,2133.600341796875,0.19636396089718053
645,30.510000228881836,6.2191667556762695,0.1785004237553208,2103.888916015625,0.9024263024330139,2103.888916015625,0.1785004237553208
646,30.65416717529297,6.179166793823242,0.18547462946590276,2094.104736328125,0.9123973846435547,2094.104736328125,0.18547462946590276
647,30.365833282470703,6.254166603088379,0.21634585806956488,2163.186767578125,0.8790463209152222,2163.186767578125,0.21634585806956488
648,30.912500381469727,6.172500133514404,0.18558416903722028,2103.693115234375,0.8873211145401001,2103.693115234375,0.18558416903722028
649,29.803333282470703,6.047500133514404,0.17597354575942456,2108.646728515625,0.8918151259422302,2108.646728515625,0.17597354575942456
650,30.024999618530273,6.147500038146973,0.190706932086427,2102.43212890625,0.9020714163780212,2102.43212890625,0.190706932086427
651,29.885000228881836,6.089166641235352,0.18054864444476237,2143.194580078125,0.8946213722229004,2143.194580078125,0.18054864444476237
652,28.566667556762695,5.819166660308838,0.18505889564668523,2104.1259765625,0.9060826301574707,2104.1259765625,0.18505889564668523
653,29.965002059936523,6.140833377838135,0.2227016960205735,2166.26123046875,0.8644649982452393,2166.26123046875,0.2227016960205735
654,29.877498626708984,6.134999752044678,0.1823495111758232,2080.35693359375,0.9111169576644897,2080.35693359375,0.1823495111758232
655,31.741666793823242,6.399166584014893,0.19556082532111232,2181.702880859375,0.882767915725708,2181.702880859375,0.19556082532111232
656,30.984167098999023,6.367500305175781,0.1823495111758232,2136.953125,0.87717205286026,2136.953125,0.1823495111758232
657,31.918331146240234,6.361666202545166,0.1729577067998248,2085.388671875,0.8986616730690002,2085.388671875,0.1729577067998248
658,30.07583236694336,6.0958333015441895,0.17475467636413883,2121.544677734375,0.8919682502746582,2121.544677734375,0.17475467636413883
659,31.758331298828125,6.349166393280029,0.18098794836923043,2123.246337890625,0.866359531879425,2123.246337890625,0.18098794836923043
660,30.190000534057617,6.119999885559082,0.16690171519611516,2143.928466796875,0.8852083683013916,2143.928466796875,0.16690171519611516
661,32.81999969482422,6.620833396911621,0.16565397919697689,2132.27197265625,0.8552402257919312,2132.27197265625,0.16565397919697689
662,31.16750144958496,6.306666851043701,0.17475467636413883,2091.528076171875,0.8553616404533386,2091.528076171875,0.17475467636413883
663,33.29999923706055,6.571666717529297,0.17574017505218645,2098.295166015625,0.8884544372558594,2098.295166015625,0.17574017505218645
664,33.43833541870117,6.711667060852051,0.1671560051228389,2178.5244140625,0.8609657883644104,2178.5244140625,0.1671560051228389
665,30.6058349609375,6.18416690826416,0.18311995396510383,2070.817626953125,0.865200936794281,2070.817626953125,0.18311995396510383
666,30.225000381469727,6.0625,0.18460650928089178,2111.4140625,0.9092735052108765,2111.4140625,0.18460650928089178
667,30.487499237060547,6.134166717529297,0.18311995396510383,2125.05029296875,0.9093623161315918,2125.05029296875,0.18311995396510383
668,29.503334045410156,5.9691667556762695,0.18505889564668523,2114.88427734375,0.8860416412353516,2114.88427734375,0.18505889564668523
669,30.23583221435547,6.134999752044678,0.19618145442221474,2148.344482421875,0.897082507610321,2148.344482421875,0.19618145442221474
670,28.975000381469727,5.9608330726623535,0.19273120009514247,2128.42822265625,0.8948262929916382,2128.42822265625,0.19273120009514247
671,31.115833282470703,6.349166393280029,0.2048022892948404,2161.005126953125,0.8859378099441528,2161.005126953125,0.2048022892948404
672,31.0,6.286666393280029,0.16329930401879758,2115.8994140625,0.8676828145980835,2115.8994140625,0.16329930401879758
673,30.34000015258789,6.2791666984558105,0.17788369149834557,2158.031494140625,0.9282087087631226,2158.031494140625,0.17788369149834557
674,31.630001068115234,6.423333168029785,0.20276192529576004,2078.187255859375,0.9156316518783569,2078.187255859375,0.20276192529576004
675,30.31916618347168,6.195833206176758,0.16837487451812463,2123.832275390625,0.8713538646697998,2123.832275390625,0.16837487451812463
676,30.02166748046875,6.173333168029785,0.18249536534038702,2127.6220703125,0.9004998803138733,2127.6220703125,0.18249536534038702
677,30.434999465942383,6.226666450500488,0.16565397919697689,2097.502685546875,0.8609960675239563,2097.502685546875,0.16565397919697689
678,31.281667709350586,6.4008331298828125,0.17475467636413883,2122.270263671875,0.8617860078811646,2122.270263671875,0.17475467636413883
679,31.378334045410156,6.369999885559082,0.18605974161463412,2084.38330078125,0.8817102909088135,2084.38330078125,0.18605974161463412
680,29.260000228881836,5.989166736602783,0.18582537891235146,2079.76123046875,0.8645099401473999,2079.76123046875,0.18582537891235146
681,29.74166488647461,6.139166831970215,0.21445168192641104,2118.158203125,0.8881170749664307,2118.158203125,0.21445168192641104
682,29.82833480834961,6.087499618530273,0.1888046430378672,2096.489501953125,0.8828122615814209,2096.489501953125,0.1888046430378672
683,30.115833282470703,6.186666488647461,0.15467200289474647,2156.27587890625,0.8766359686851501,2156.27587890625,0.15467200289474647
684,31.45250129699707,6.397500038146973,0.1778836918209652,2142.997802734375,0.888734757900238,2142.997802734375,0.1778836918209652
685,31.68000030517578,6.421666622161865,0.1999201190572818,2136.22119140625,0.8878263235092163,2136.22119140625,0.1999201190572818
686,33.184165954589844,6.554999828338623,0.17178326869281035,2125.07080078125,0.8750765323638916,2125.07080078125,0.17178326869281035
687,29.516666412353516,6.050833225250244,0.18121370539292964,2154.729736328125,0.8848034143447876,2154.729736328125,0.18121370539292964
688,29.52166748046875,6.004166603088379,0.20186343210128388,2153.724365234375,0.8876043558120728,2153.724365234375,0.20186343210128388
689,31.6441650390625,6.3958330154418945,0.19996516693668823,2109.24658203125,0.8722113370895386,2109.24658203125,0.19996516693668823
690,29.753334045410156,6.147500038146973,0.1785004237553208,2154.517578125,0.9159796833992004,2154.517578125,0.1785004237553208
691,28.384166717529297,5.990833282470703,0.19841588916790584,2128.666015625,0.9000335931777954,2128.666015625,0.19841588916790584
692,30.859167098999023,6.3458333015441895,0.17552901632016626,2096.108154296875,0.8757738471031189,2096.108154296875,0.17552901632016626
693,30.379167556762695,6.1558332443237305,0.16227445138996976,2102.34814453125,0.8941563367843628,2102.34814453125,0.16227445138996976
694,31.107500076293945,6.2925004959106445,0.15467200289474647,2103.732177734375,0.9063124060630798,2103.732177734375,0.15467200289474647
695,29.852500915527344,6.0933332443237305,0.19243570703103277,2090.437255859375,0.906506359577179,2090.437255859375,0.19243570703103277
696,31.43083381652832,6.342499732971191,0.19889083889307677,2126.111083984375,0.8703898191452026,2126.111083984375,0.19889083889307677
697,31.815000534057617,6.385000228881836,0.18605974161463412,2114.94140625,0.8681374788284302,2114.94140625,0.18605974161463412
698,32.25666427612305,6.497499942779541,0.18547462946590276,2139.76025390625,0.8786346316337585,2139.76025390625,0.18547462946590276
699,30.293333053588867,6.1875,0.1991620307153808,2091.179931640625,0.8850879669189453,2091.179931640625,0.1991620307153808
700,32.30583190917969,6.52833366394043,0.20547130976662206,2138.685546875,0.8612968325614929,2138.685546875,0.20547130976662206
701,31.354167938232422,6.310000419616699,0.19277563194220732,2074.7080078125,0.882053792476654,2074.7080078125,0.19277563194220732
702,31.67916488647461,6.374166965484619,0.1683922300355175,2107.89990234375,0.8623490333557129,2107.89990234375,0.1683922300355175
703,29.3700008392334,6.055833339691162,0.19516709048407566,2182.82470703125,0.8663347959518433,2182.82470703125,0.19516709048407566
704,31.850831985473633,6.499166965484619,0.19083702395198862,2119.563720703125,0.8679904341697693,2119.563720703125,0.19083702395198862
705,30.416667938232422,6.326666355133057,0.1729577067998248,2159.068115234375,0.8948870897293091,2159.068115234375,0.1729577067998248
706,29.665834426879883,6.117499828338623,0.18605974161463412,2116.392333984375,0.8982999324798584,2116.392333984375,0.18605974161463412
707,30.86166763305664,6.236666679382324,0.21043653607426482,2123.619873046875,0.9099356532096863,2123.619873046875,0.21043653607426482
708,32.50583267211914,6.617499828338623,0.1823495111758232,2123.414794921875,0.8639106154441833,2123.414794921875,0.1823495111758232
709,31.71583366394043,6.417500019073486,0.1823495111758232,2099.78955078125,0.8885974287986755,2099.78955078125,0.1823495111758232
710,28.968334197998047,6.0966668128967285,0.1896625860811481,2116.765869140625,0.8991261124610901,2116.765869140625,0.1896625860811481
711,29.457500457763672,6.124166965484619,0.20660711554951564,2153.6015625,0.882266104221344,2153.6015625,0.20660711554951564
712,30.840831756591797,6.188333511352539,0.17325642769220018,2081.544189453125,0.8884153962135315,2081.544189453125,0.17325642769220018
713,30.732500076293945,6.377500534057617,0.17361887058124525,2122.38037109375,0.8680339455604553,2122.38037109375,0.17361887058124525
714,29.712501525878906,6.076666831970215,0.16329930401879758,2145.871826171875,0.9060327410697937,2145.871826171875,0.16329930401879758
715,32.28000259399414,6.498332977294922,0.15467200289474647,2156.006103515625,0.8777527809143066,2156.006103515625,0.15467200289474647
716,31.119998931884766,6.317500114440918,0.19901617790457807,2102.6865234375,0.8733614087104797,2102.6865234375,0.19901617790457807
717,29.519166946411133,6.032500267028809,0.19420548556645517,2095.3369140625,0.8859708905220032,2095.3369140625,0.19420548556645517
718,30.315000534057617,6.269166469573975,0.18696118469524503,2140.9208984375,0.8675978183746338,2140.9208984375,0.18696118469524503
719,30.816665649414062,6.255000114440918,0.1908370239519886,2143.89453125,0.8746231198310852,2143.89453125,0.1908370239519886
720,31.556665420532227,6.385832786560059,0.1580880107529711,2189.88330078125,0.886807918548584,2189.88330078125,0.1580880107529711
721,30.009164810180664,6.209166526794434,0.18505889564668523,2142.54638671875,0.8705072999000549,2142.54638671875,0.18505889564668523
722,31.085834503173828,6.3408331871032715,0.18249536534038702,2112.931396484375,0.8823540210723877,2112.931396484375,0.18249536534038702
723,31.5191650390625,6.399166584014893,0.19826625026835995,2138.483154296875,0.8573269248008728,2138.483154296875,0.19826625026835995
724,28.915834426879883,6.03000020980835,0.22428028952604837,2117.761474609375,0.8988917469978333,2117.761474609375,0.22428028952604837
725,31.614166259765625,6.395000457763672,0.17746795800174767,2061.59521484375,0.8929056525230408,2061.59521484375,0.17746795800174767
726,29.822498321533203,6.119166851043701,0.19826625026835995,2109.940185546875,0.895982027053833,2109.940185546875,0.19826625026835995
727,31.345001220703125,6.335833549499512,0.1778836918209652,2096.376220703125,0.8978394865989685,2096.376220703125,0.1778836918209652
728,30.93666648864746,6.2791666984558105,0.2200085409178011,2116.17431640625,0.8994218111038208,2116.17431640625,0.2200085409178011
729,30.869998931884766,6.247499942779541,0.18696118469524503,2120.705322265625,0.8935869932174683,2120.705322265625,0.18696118469524503
730,31.615833282470703,6.489166736602783,0.17325642769220018,2056.36083984375,0.8714984655380249,2056.36083984375,0.17325642769220018
731,31.884166717529297,6.489166736602783,0.17597354575942456,2079.74072265625,0.8532708287239075,2079.74072265625,0.17597354575942456
732,30.72249984741211,6.25166654586792,0.17552901632016626,2154.451416015625,0.9038211703300476,2154.451416015625,0.17552901632016626
733,30.828332901000977,6.325833320617676,0.195763008973129,2116.624267578125,0.8775710463523865,2116.624267578125,0.195763008973129
734,31.939167022705078,6.484166622161865,0.18605974161463412,2164.23388671875,0.8396255970001221,2164.23388671875,0.18605974161463412
735,29.65833282470703,6.119166851043701,0.18059307629182722,2125.732666015625,0.881028413772583,2125.732666015625,0.18059307629182722
736,29.121667861938477,5.973333358764648,0.1805930759692076,2104.833251953125,0.8799437880516052,2104.833251953125,0.1805930759692076
737,32.65083312988281,6.646666526794434,0.19618145442221474,2186.788818359375,0.8695322871208191,2186.788818359375,0.19618145442221474
738,29.73833465576172,6.132499694824219,0.1931630342531375,2162.903076171875,0.8948730826377869,2162.903076171875,0.1931630342531375
739,31.384998321533203,6.311666965484619,0.1896688036992638,2141.65625,0.8761777877807617,2141.65625,0.1896688036992638
740,30.86833381652832,6.324999809265137,0.17090175251402087,2115.264404296875,0.8745123147964478,2115.264404296875,0.17090175251402087
741,31.708332061767578,6.4091668128967285,0.15194738798955565,2138.562744140625,0.9059410095214844,2138.562744140625,0.15194738798955565
742,29.811664581298828,6.0366668701171875,0.18844371644968844,2100.448974609375,0.8589807748794556,2100.448974609375,0.18844371644968844
743,29.457500457763672,6.046666622161865,0.20055191806650538,2086.09423828125,0.900024950504303,2086.09423828125,0.20055191806650538
744,31.81999969482422,6.364999771118164,0.18059307629182722,2149.510986328125,0.8642614483833313,2149.510986328125,0.18059307629182722
745,27.894166946411133,5.764166831970215,0.22277544424957008,2125.10205078125,0.9011617302894592,2125.10205078125,0.22277544424957008
746,33.329166412353516,6.698333263397217,0.19454413925522365,2146.69091796875,0.8336049914360046,2146.69091796875,0.19454413925522365
747,29.220834732055664,6.005000114440918,0.23186324408602696,2123.57470703125,0.878792405128479,2123.57470703125,0.23186324408602696
748,31.57750129699707,6.350000381469727,0.17090175251402087,2119.394287109375,0.8551092743873596,2119.394287109375,0.17090175251402087
749,29.8125,6.105000019073486,0.18054864444476237,2110.557861328125,0.8751878142356873,2110.557861328125,0.18054864444476237
750,30.99249839782715,6.2891669273376465,0.1702888566866612,2105.651123046875,0.8953551054000854,2105.651123046875,0.1702888566866612
751,32.80666732788086,6.660000324249268,0.1620335838447652,2138.577880859375,0.8627286553382874,2138.577880859375,0.1620335838447652
752,30.717500686645508,6.169166564941406,0.20774338097149242,2089.357421875,0.8898523449897766,2089.357421875,0.20774338097149242
753,31.593334197998047,6.270000457763672,0.16568284556465548,2097.6640625,0.9222873449325562,2097.6640625,0.16568284556465548
754,31.713333129882812,6.349166393280029,0.18054864444476237,2134.68701171875,0.8804499506950378,2134.68701171875,0.18054864444476237
755,31.657499313354492,6.402500152587891,0.1878393859955583,2130.467529296875,0.8617008328437805,2130.467529296875,0.1878393859955583
756,31.72500228881836,6.430000305175781,0.1823495111758232,2116.16552734375,0.8955572843551636,2116.16552734375,0.1823495111758232
757,30.19750213623047,6.110833168029785,0.18756841924277573,2111.000732421875,0.8916743397712708,2111.000732421875,0.18756841924277573
758,32.10000228881836,6.426666736602783,0.21020495055399535,2163.345458984375,0.930535614490509,2163.345458984375,0.21020495055399535
759,30.52166748046875,6.260000228881836,0.17090175251402087,2130.2431640625,0.8632906675338745,2130.2431640625,0.17090175251402087
760,33.79750061035156,6.5849995613098145,0.17090175251402087,2120.71142578125,0.8488938212394714,2120.71142578125,0.17090175251402087
761,29.350000381469727,6.081666946411133,0.18609525856700518,2107.91357421875,0.9301731586456299,2107.91357421875,0.18609525856700518
762,28.527502059936523,5.894166469573975,0.18813562256608551,2089.3046875,0.8538528084754944,2089.3046875,0.18813562256608551
763,33.06166458129883,6.668333053588867,0.1951450915018948,2160.680419921875,0.8236542344093323,2160.680419921875,0.1951450915018948
764,29.407501220703125,6.011666774749756,0.17597354575942456,2149.28759765625,0.875067412853241,2149.28759765625,0.17597354575942456
765,30.717500686645508,6.321666240692139,0.1885206763118152,2151.123291015625,0.8939613103866577,2151.123291015625,0.1885206763118152
766,31.618331909179688,6.4766669273376465,0.19219568169516005,2187.564453125,0.8544989824295044,2187.564453125,0.19219568169516005
767,29.86833381652832,6.025000095367432,0.21201394188266634,2076.824951171875,0.9200150966644287,2076.824951171875,0.21201394188266634
768,30.370834350585938,6.1533331871032715,0.17746795800174767,2113.848388671875,0.9108635783195496,2113.848388671875,0.17746795800174767
769,29.280832290649414,5.988333225250244,0.1926458737680084,2146.11376953125,0.9311968088150024,2146.11376953125,0.1926458737680084
770,31.539165496826172,6.369999885559082,0.18392308986379166,2142.35595703125,0.8717498183250427,2142.35595703125,0.18392308986379166
771,29.225000381469727,6.015833377838135,0.18895263065168685,2123.193359375,0.8900253176689148,2123.193359375,0.18895263065168685
772,30.90416717529297,6.307499885559082,0.17475467636413883,2127.90380859375,0.904438853263855,2127.90380859375,0.17475467636413883
773,32.01250076293945,6.385832786560059,0.18582537891235146,2112.461181640625,0.9004205465316772,2112.461181640625,0.18582537891235146
774,32.198333740234375,6.428333282470703,0.18954056705716146,2057.4697265625,0.8330417275428772,2057.4697265625,0.18954056705716146
775,32.25666427612305,6.500833511352539,0.1671560051228389,2133.950439453125,0.8819947242736816,2133.950439453125,0.1671560051228389
776,31.090835571289062,6.238333702087402,0.1954777403641183,2145.147705078125,0.8884895443916321,2145.147705078125,0.1954777403641183
777,31.539165496826172,6.410833358764648,0.18547462946590276,2096.12060546875,0.8712732791900635,2096.12060546875,0.18547462946590276
778,29.705833435058594,6.2208333015441895,0.19046572221129582,2078.08935546875,0.8869400024414062,2078.08935546875,0.19046572221129582
779,29.33500099182129,6.073333263397217,0.1778836918209652,2165.041748046875,0.908394455909729,2165.041748046875,0.1778836918209652
780,30.051666259765625,6.1591668128967285,0.2097282743159808,2126.3828125,0.8578336834907532,2126.3828125,0.2097282743159808
781,31.455001831054688,6.409999847412109,0.18054864444476237,2119.4931640625,0.8763582110404968,2119.4931640625,0.18054864444476237
782,29.898334503173828,6.114166736602783,0.19088145579905347,2131.449951171875,0.8997907638549805,2131.449951171875,0.19088145579905347
783,32.3316650390625,6.407500267028809,0.19826625026835995,2126.54443359375,0.8960939645767212,2126.54443359375,0.19826625026835995
784,29.58500099182129,6.0966668128967285,0.2051103831784433,2117.368896484375,0.8471911549568176,2117.368896484375,0.2051103831784433
785,31.67416763305664,6.483333587646484,0.19273120009514247,2123.361572265625,0.849031925201416,2123.361572265625,0.19273120009514247
786,29.59833526611328,6.072499752044678,0.19455035822710043,2151.714111328125,0.8823708295822144,2151.714111328125,0.19455035822710043
787,27.818334579467773,5.869999885559082,0.19046572221129582,2104.001220703125,0.9312514066696167,2104.001220703125,0.19046572221129582
788,32.190834045410156,6.502500057220459,0.1850588956466852,2116.528564453125,0.8728564381599426,2116.528564453125,0.1850588956466852
789,29.29583168029785,6.12166690826416,0.20484672114190525,2131.414794921875,0.9140195846557617,2131.414794921875,0.20484672114190525
790,30.10500144958496,6.119999885559082,0.17788369149834557,2131.035400390625,0.9251917004585266,2131.035400390625,0.17788369149834557
791,31.72500228881836,6.329999923706055,0.1828827676513172,2120.33447265625,0.8609772324562073,2120.33447265625,0.1828827676513172
792,31.959999084472656,6.375,0.17937420657392186,2068.954345703125,0.8776671290397644,2068.954345703125,0.17937420657392186
793,30.566665649414062,6.2183332443237305,0.18505889564668523,2113.478515625,0.8469077944755554,2113.478515625,0.18505889564668523
794,31.09166717529297,6.320833206176758,0.17475467636413883,2154.76025390625,0.8951590657234192,2154.76025390625,0.17475467636413883
795,31.15999984741211,6.325833320617676,0.1828827676513172,2123.070068359375,0.9351094365119934,2123.070068359375,0.1828827676513172
796,29.641666412353516,6.075833320617676,0.1896625860811481,2128.08740234375,0.8923933506011963,2128.08740234375,0.1896625860811481
797,30.568334579467773,6.232500076293945,0.17746795800174767,2157.776123046875,0.8662297129631042,2157.776123046875,0.17746795800174767
798,31.834999084472656,6.440000057220459,0.19505305345722207,2129.40087890625,0.8873374462127686,2129.40087890625,0.19505305345722207
799,30.97749900817871,6.210833549499512,0.1881800544131504,2058.683837890625,0.8929567933082581,2058.683837890625,0.1881800544131504
800,17.692501068115234,26.844999313354492,0.6832270779439806,1322.100341796875,0.024485349655151367,1322.100341796875
801,17.969999313354492,26.55583381652832,0.6572188939201458,1303.056640625,0.025062084197998047,1303.056640625
802,18.224998474121094,25.82833480834961,0.648340922970449,1299.71875,0.03705596923828125,1299.71875
803,17.905832290649414,26.963333129882812,0.6828863047194724,1284.695556640625,0.02640986442565918,1284.695556640625
804,17.90416717529297,26.394166946411133,0.6820051820672219,1267.2298583984375,0.02559208869934082,1267.2298583984375
805,17.479999542236328,27.86833381652832,0.6614081807816768,1299.7769775390625,0.025299072265625,1299.7769775390625
806,17.690000534057617,27.894166946411133,0.6928073999823257,1261.515625,0.03230738639831543,1261.515625
807,18.150833129882812,26.108333587646484,0.6969265074051534,1320.153076171875,0.03223133087158203,1320.153076171875
808,17.81999969482422,26.60999870300293,0.677023396593269,1275.776611328125,0.02659928798675537,1275.776611328125
809,17.517499923706055,27.552499771118164,0.6597302342066292,1272.64208984375,0.029510498046875,1272.64208984375
810,17.712501525878906,27.059999465942383,0.6793356226855313,1311.856689453125,0.032428622245788574,1311.856689453125
811,17.626667022705078,27.019166946411133,0.673302936165263,1289.4090576171875,0.025780677795410156,1289.4090576171875
812,17.96666717529297,26.558334350585938,0.6477741180906067,1290.9083251953125,0.03161811828613281,1290.9083251953125
813,17.616666793823242,27.06916618347168,0.6703836686978784,1306.6441650390625,0.03246808052062988,1306.6441650390625
814,17.555831909179688,27.245834350585938,0.683847026815096,1288.949951171875,0.03072977066040039,1288.949951171875
815,17.671667098999023,27.552499771118164,0.6447528857008407,1267.05078125,0.03576171398162842,1267.05078125
816,17.762500762939453,27.46666717529297,0.653627941944211,1302.1226806640625,0.03190481662750244,1302.1226806640625
817,17.90166664123535,26.75583267211914,0.6893432450088506,1271.76611328125,0.022801756858825684,1271.76611328125
818,18.018333435058594,26.13333511352539,0.6894181969969924,1317.822265625,0.030596375465393066,1317.822265625
819,18.004167556762695,26.6391658782959,0.6603227054080786,1280.4674072265625,0.03660011291503906,1280.4674072265625
820,18.08333396911621,26.292499542236328,0.6798692764239678,1283.088623046875,0.03526186943054199,1283.088623046875
821,17.751667022705078,27.252500534057617,0.6997968930466884,1285.3458251953125,0.025919318199157715,1285.3458251953125
822,17.60416603088379,27.327499389648438,0.6893127923256233,1324.262939453125,0.023836255073547363,1324.262939453125
823,17.877500534057617,27.219167709350586,0.6582001193598368,1330.9432373046875,0.029103875160217285,1330.9432373046875
824,17.5575008392334,27.292499542236328,0.6985907916105516,1311.355224609375,0.031023263931274414,1311.355224609375
825,18.029998779296875,26.892501831054688,0.6783684396262938,1289.417236328125,0.030516624450683594,1289.417236328125
826,18.29083251953125,26.148334503173828,0.6818971368892921,1313.38134765625,0.025529980659484863,1313.38134765625
827,17.593332290649414,27.10416603088379,0.6502149581150343,1301.1597900390625,0.0265272855758667,1301.1597900390625
828,17.864166259765625,26.275835037231445,0.6960624034263913,1316.343994140625,0.026498913764953613,1316.343994140625
829,17.905000686645508,27.329999923706055,0.6429309649880616,1296.68212890625,0.028836965560913086,1296.68212890625
830,17.758333206176758,26.64666748046875,0.7082057942888871,1338.381103515625,0.022851943969726562,1338.381103515625
831,18.230833053588867,26.1875,0.6480127341905504,1263.2852783203125,0.029393315315246582,1263.2852783203125
832,17.537500381469727,27.6924991607666,0.6795944596466954,1302.679443359375,0.0335613489151001,1302.679443359375
833,17.537500381469727,27.549165725708008,0.64307953070262,1276.1051025390625,0.0276186466217041,1276.1051025390625
834,17.609167098999023,27.703332901000977,0.6901481279860777,1281.593017578125,0.030533194541931152,1281.593017578125
835,17.60333251953125,26.674165725708008,0.6549951230891006,1282.434814453125,0.034848570823669434,1282.434814453125
836,18.212499618530273,26.70333480834961,0.6863161705006757,1290.010498046875,0.02468264102935791,1290.010498046875
837,17.77250099182129,27.309999465942383,0.6454293607384372,1267.9552001953125,0.02936267852783203,1267.9552001953125
838,18.121667861938477,26.14000129699707,0.6762127949001909,1298.4473876953125,0.024010658264160156,1298.4473876953125
839,17.952499389648438,26.575834274291992,0.7241079583873806,1329.8441162109375,0.024944186210632324,1329.8441162109375
840,17.815000534057617,26.788333892822266,0.6108096755703869,1281.689697265625,0.0231173038482666,1281.689697265625
841,17.48750114440918,27.636667251586914,0.7187569479587544,1303.2584228515625,0.02762019634246826,1303.2584228515625
842,18.1108341217041,27.157501220703125,0.6665150074568609,1302.5694580078125,0.026973605155944824,1302.5694580078125
843,17.735000610351562,26.61333465576172,0.6604105931787215,1300.7532958984375,0.023351311683654785,1300.7532958984375
844,18.18083381652832,26.939165115356445,0.713051974958939,1306.8045654296875,0.035442471504211426,1306.8045654296875
845,18.09166717529297,25.909168243408203,0.6302864153126477,1328.61767578125,0.029309511184692383,1328.61767578125
846,18.38916778564453,26.587501525878906,0.6841364340165318,1285.8575439453125,0.04169154167175293,1285.8575439453125
847,18.53333282470703,26.329999923706055,0.7272060989413811,1335.8955078125,0.035509705543518066,1335.8955078125
848,18.195833206176758,26.730833053588867,0.6861594385515137,1278.6717529296875,0.03588056564331055,1278.6717529296875
849,17.692501068115234,27.435832977294922,0.6373633906271359,1282.098876953125,0.02471017837524414,1282.098876953125
850,17.61250114440918,27.207500457763672,0.6548860758553928,1288.687255859375,0.03141498565673828,1288.687255859375
851,17.670833587646484,26.69999885559082,0.6796712854331262,1285.2559814453125,0.03184676170349121,1285.2559814453125
852,17.81999969482422,26.561664581298828,0.6633612959624204,1261.056396484375,0.026361584663391113,1261.056396484375
853,18.00583267211914,26.29166603088379,0.6388845835185817,1272.9256591796875,0.034779906272888184,1272.9256591796875
854,17.7450008392334,26.426666259765625,0.6565287144127618,1276.778564453125,0.028621792793273926,1276.778564453125
855,17.248334884643555,27.90999984741211,0.6769683351460701,1324.794921875,0.02990877628326416,1324.794921875
856,18.321666717529297,25.42333221435547,0.6826854950995085,1313.0604248046875,0.030354857444763184,1313.0604248046875
857,17.921667098999023,26.90333366394043,0.649862734430946,1288.66064453125,0.028949499130249023,1288.66064453125
858,18.077499389648438,26.579166412353516,0.6758762777659695,1254.4779052734375,0.03211987018585205,1254.4779052734375
859,18.05583381652832,26.605833053588867,0.6632553149327576,1279.5501708984375,0.03269791603088379,1279.5501708984375
860,17.947500228881836,26.89666748046875,0.6794471880060382,1291.681396484375,0.028989076614379883,1291.681396484375
861,17.93166732788086,26.95416831970215,0.6745981828537103,1319.9176025390625,0.0308229923248291,1319.9176025390625
862,18.03999900817871,26.47333526611328,0.6314245616392125,1279.10888671875,0.030490517616271973,1279.10888671875
863,18.35249900817871,26.04833221435547,0.65033011504713,1273.6038818359375,0.026369571685791016,1273.6038818359375
864,17.829166412353516,27.45083236694336,0.68971037979102,1304.113037109375,0.02721989154815674,1304.113037109375
865,17.84833335876465,27.346668243408203,0.6549227750325202,1315.6591796875,0.02746284008026123,1315.6591796875
866,17.97166633605957,26.01666831970215,0.7110923620774029,1302.6107177734375,0.034070372581481934,1302.6107177734375
867,17.606666564941406,27.614168167114258,0.6919237629889785,1263.9195556640625,0.03620755672454834,1263.9195556640625
868,17.584165573120117,27.594167709350586,0.6836391798438697,1309.6153564453125,0.03952336311340332,1309.6153564453125
869,18.02166748046875,26.316665649414062,0.6910223996215794,1296.489013671875,0.03236210346221924,1296.489013671875
870,17.95916748046875,27.13666534423828,0.6618594403866568,1260.9725341796875,0.03168213367462158,1260.9725341796875
871,17.786666870117188,27.231666564941406,0.6683730174124825,1281.088134765625,0.02977466583251953,1281.088134765625
872,17.922500610351562,26.821666717529297,0.6826194957693601,1314.329833984375,0.02557659149169922,1314.329833984375
873,17.941667556762695,26.71000099182129,0.7169898853313091,1309.5902099609375,0.030185341835021973,1309.5902099609375
874,17.89666748046875,26.53416633605957,0.6786854918622467,1331.3822021484375,0.03723430633544922,1331.3822021484375
875,17.86083221435547,27.400833129882812,0.6380339553488822,1312.8023681640625,0.028161048889160156,1312.8023681640625
876,17.981666564941406,26.262500762939453,0.6928454613356818,1301.203125,0.036512136459350586,1301.203125
877,18.33916664123535,25.439167022705078,0.6638223026203297,1328.337890625,0.035387635231018066,1328.337890625
878,18.307498931884766,26.280832290649414,0.6862493860607313,1277.57763671875,0.03189098834991455,1277.57763671875
879,17.72166633605957,27.309999465942383,0.6487168111104414,1257.2347412109375,0.03137516975402832,1257.2347412109375
880,17.747501373291016,26.92500114440918,0.6807546884636507,1328.388916015625,0.026380062103271484,1328.388916015625
881,18.02750015258789,26.8125,0.6918090515682447,1291.760986328125,0.02840280532836914,1291.760986328125
882,18.22249984741211,26.15833282470703,0.6459082729991078,1295.35302734375,0.028778791427612305,1295.35302734375
883,17.73750114440918,26.60999870300293,0.6123282562367296,1268.5302734375,0.027861356735229492,1268.5302734375
884,18.354999542236328,26.47333526611328,0.6679400741549608,1272.5537109375,0.03540921211242676,1272.5537109375
885,17.808332443237305,27.16583251953125,0.6679680076179554,1305.911376953125,0.03141140937805176,1305.911376953125
886,17.83500099182129,26.760000228881836,0.6691014364452298,1313.98046875,0.028797030448913574,1313.98046875
887,17.99416732788086,27.031665802001953,0.629614763200644,1289.915283203125,0.032814860343933105,1289.915283203125
888,17.73583221435547,27.524168014526367,0.6644135042059428,1268.2926025390625,0.031754374504089355,1268.2926025390625
889,17.809165954589844,27.4325008392334,0.7024027130141083,1295.0050048828125,0.027446866035461426,1295.0050048828125
890,18.116666793823242,27.024999618530273,0.6846471576532764,1289.5738525390625,0.033828020095825195,1289.5738525390625
891,18.02916717529297,26.553333282470703,0.6885957913154994,1300.91943359375,0.023505568504333496,1300.91943359375
892,18.08333396911621,26.106666564941406,0.706324865468359,1343.81640625,0.028090476989746094,1343.81640625
893,17.85333251953125,26.922500610351562,0.7191698198292479,1337.09814453125,0.023239612579345703,1337.09814453125
894,18.452499389648438,26.528335571289062,0.6677226035056858,1334.711181640625,0.03044915199279785,1334.711181640625
895,17.81833267211914,27.604999542236328,0.657987215095563,1281.5435791015625,0.03027939796447754,1281.5435791015625
896,18.02916717529297,26.331666946411133,0.6485884857602069,1281.80908203125,0.02992558479309082,1281.80908203125
897,18.036666870117188,26.442501068115234,0.6659878456099922,1263.7901611328125,0.030124902725219727,1263.7901611328125
898,18.230833053588867,25.886667251586914,0.6568080768647029,1296.50634765625,0.027244091033935547,1296.50634765625
899,17.915000915527344,26.76999855041504,0.7028143634705275,1289.6256103515625,0.033916592597961426,1289.6256103515625
900,18.136667251586914,26.828332901000977,0.7046777946890315,1293.378662109375,0.03200936317443848,1293.378662109375
901,17.59000015258789,27.21666717529297,0.6522252435272395,1275.57666015625,0.031647443771362305,1275.57666015625
902,18.157499313354492,26.267498016357422,0.6688942682362,1299.881591796875,0.027521252632141113,1299.881591796875
903,17.545000076293945,27.379167556762695,0.6674393338975498,1300.9788818359375,0.03226602077484131,1300.9788818359375
904,17.581666946411133,27.756668090820312,0.6662737463180137,1310.0843505859375,0.027686238288879395,1310.0843505859375
905,17.886667251586914,27.5575008392334,0.6807000602857718,1289.86474609375,0.02472221851348877,1289.86474609375
906,18.107500076293945,26.689165115356445,0.6937700806566288,1301.7896728515625,0.02556431293487549,1301.7896728515625
907,17.595001220703125,27.788331985473633,0.6829845237890513,1294.95263671875,0.03255188465118408,1294.95263671875
908,17.75750160217285,27.179166793823242,0.6788245311401916,1257.9110107421875,0.028596162796020508,1257.9110107421875
909,18.49916648864746,26.489166259765625,0.6999109550738136,1345.238525390625,0.02935945987701416,1345.238525390625
910,17.2358341217041,27.775833129882812,0.6944864940524066,1292.920166015625,0.03426969051361084,1292.920166015625
911,17.803333282470703,26.5049991607666,0.6663823724111746,1315.1375732421875,0.024331331253051758,1315.1375732421875
912,18.064998626708984,26.059999465942383,0.6989570990837646,1339.4298095703125,0.029805898666381836,1339.4298095703125
913,17.70916748046875,26.959165573120117,0.6796053466583531,1325.0008544921875,0.02674245834350586,1325.0008544921875
914,17.822500228881836,25.90416717529297,0.6547817499796367,1323.6793212890625,0.030121803283691406,1323.6793212890625
915,17.952499389648438,26.86750030517578,0.6991293630566715,1312.793212890625,0.03236544132232666,1312.793212890625
916,18.362499237060547,26.599164962768555,0.71635672958571,1299.4896240234375,0.032076120376586914,1299.4896240234375
917,18.226667404174805,26.206666946411133,0.6670267905497762,1320.2799072265625,0.03992867469787598,1320.2799072265625
918,17.991666793823242,26.89499855041504,0.6659710971122219,1290.279296875,0.03097689151763916,1290.279296875
919,17.969999313354492,26.864168167114258,0.648695991389657,1312.489013671875,0.025577664375305176,1312.489013671875
920,17.954166412353516,27.010833740234375,0.6768860665697845,1288.1038818359375,0.034651994705200195,1288.1038818359375
921,17.699167251586914,27.30333137512207,0.632230628844442,1288.2503662109375,0.02779531478881836,1288.2503662109375
922,17.592500686645508,26.769166946411133,0.6529559267859498,1262.3480224609375,0.032210588455200195,1262.3480224609375
923,18.059167861938477,26.82666778564453,0.6535814616307509,1292.6363525390625,0.023794174194335938,1292.6363525390625
924,17.755001068115234,27.40333366394043,0.6659086591637005,1279.77880859375,0.03711557388305664,1279.77880859375
925,17.84083366394043,26.571666717529297,0.6892730039861601,1288.534912109375,0.027450084686279297,1288.534912109375
926,18.064998626708984,26.856666564941406,0.6797210999277983,1318.88720703125,0.03378462791442871,1318.88720703125
927,17.704166412353516,26.6299991607666,0.642103279510593,1273.1246337890625,0.032121896743774414,1273.1246337890625
928,17.55000114440918,26.836666107177734,0.71234829406929,1319.8480224609375,0.03136312961578369,1319.8480224609375
929,18.0674991607666,25.907499313354492,0.6742591114941324,1313.225830078125,0.03998565673828125,1313.225830078125
930,17.523332595825195,27.155834197998047,0.6014271242548742,1308.4515380859375,0.02993035316467285,1308.4515380859375
931,17.304166793823242,27.19416618347168,0.7153776221385474,1322.7901611328125,0.029349923133850098,1322.7901611328125
932,17.86916732788086,26.766666412353516,0.6622296698609258,1330.41650390625,0.029099702835083008,1330.41650390625
933,17.440000534057617,27.010000228881836,0.6419183789412792,1321.5750732421875,0.0217820405960083,1321.5750732421875
934,17.336666107177734,28.287500381469727,0.6780582977622616,1293.7545166015625,0.036116719245910645,1293.7545166015625
935,17.60416603088379,27.62416648864746,0.6535285519039171,1282.1949462890625,0.035769104957580566,1282.1949462890625
936,17.680831909179688,26.97249984741211,0.6857347735280592,1284.372802734375,0.028652548789978027,1284.372802734375
937,17.8266658782959,26.5625,0.6912456247447886,1326.9088134765625,0.02375936508178711,1326.9088134765625
938,17.592500686645508,27.577499389648438,0.6783688868372195,1274.22216796875,0.03140056133270264,1274.22216796875
939,17.644166946411133,26.72083282470703,0.6470862687509956,1268.4661865234375,0.033681273460388184,1268.4661865234375
940,17.74250030517578,26.89499855041504,0.7168069691239787,1314.7257080078125,0.028223395347595215,1314.7257080078125
941,17.545000076293945,26.77166748046875,0.7101888210849128,1320.89208984375,0.028782367706298828,1320.89208984375
942,17.79916763305664,26.169166564941406,0.685768420656192,1288.8018798828125,0.022644877433776855,1288.8018798828125
943,17.52833366394043,27.07000160217285,0.6865554546514306,1306.4085693359375,0.028576970100402832,1306.4085693359375
944,18.154998779296875,26.4858341217041,0.6892457604776816,1258.7291259765625,0.029219627380371094,1258.7291259765625
945,17.758333206176758,26.60500144958496,0.6701293236690304,1316.10400390625,0.025656938552856445,1316.10400390625
946,18.045833587646484,25.898334503173828,0.6515777342760709,1300.11669921875,0.029197096824645996,1300.11669921875
947,18.17249870300293,26.835832595825195,0.6436089013825763,1296.1572265625,0.04135406017303467,1296.1572265625
948,18.03583335876465,26.135831832885742,0.6488057182292131,1282.813232421875,0.024066567420959473,1282.813232421875
949,18.293333053588867,26.9566650390625,0.6688869150772019,1305.3486328125,0.038597822189331055,1305.3486328125
950,17.97166633605957,26.46416664123535,0.7169382923477774,1328.963134765625,0.028052568435668945,1328.963134765625
951,17.75,27.21333122253418,0.692571645930264,1289.5751953125,0.030182480812072754,1289.5751953125
952,17.984167098999023,26.405000686645508,0.6842561787817416,1326.7547607421875,0.03394508361816406,1326.7547607421875
953,18.18833351135254,26.490835189819336,0.6705721590494578,1277.41796875,0.026231884956359863,1277.41796875
954,17.634166717529297,27.88250160217285,0.6442128336451616,1292.1353759765625,0.026265263557434082,1292.1353759765625
955,17.741666793823242,27.103334426879883,0.6727075002667775,1307.6201171875,0.023430705070495605,1307.6201171875
956,17.554166793823242,27.47916603088379,0.6600065383231932,1292.4752197265625,0.027691245079040527,1292.4752197265625
957,17.885833740234375,26.74166488647461,0.6607119184098498,1255.4822998046875,0.03145468235015869,1255.4822998046875
958,18.041667938232422,26.969167709350586,0.6344401953367116,1302.2803955078125,0.02706170082092285,1302.2803955078125
959,17.770000457763672,27.11083221435547,0.6732916579584899,1269.00341796875,0.026773929595947266,1269.00341796875
960,17.61750030517578,27.462499618530273,0.7013965195803916,1322.2086181640625,0.029402494430541992,1322.2086181640625
961,17.671667098999023,27.244165420532227,0.6326325581174768,1282.3824462890625,0.025791168212890625,1282.3824462890625
962,17.479999542236328,27.19499969482422,0.6305337139498889,1236.8743896484375,0.03276503086090088,1236.8743896484375
963,17.895832061767578,26.65916633605957,0.6743275475422913,1298.367919921875,0.032066941261291504,1298.367919921875
964,17.821666717529297,26.72833251953125,0.7007228384925139,1271.9610595703125,0.02447342872619629,1271.9610595703125
965,18.041667938232422,26.34833526611328,0.6302432105404587,1309.0428466796875,0.02618122100830078,1309.0428466796875
966,17.80000114440918,26.989168167114258,0.6572684291984936,1274.3192138671875,0.02753925323486328,1274.3192138671875
967,18.107500076293945,26.38166618347168,0.6520651702381152,1295.1331787109375,0.03068709373474121,1295.1331787109375
968,18.210832595825195,26.274999618530273,0.6812188957404235,1294.4091796875,0.03502535820007324,1294.4091796875
969,17.616666793823242,27.77499771118164,0.6710957386244931,1291.7073974609375,0.02908945083618164,1291.7073974609375
970,17.531665802001953,26.758333206176758,0.6221693242570341,1300.5811767578125,0.032858848571777344,1300.5811767578125
971,18.19999885559082,26.47249984741211,0.6900512139272514,1319.404052734375,0.03234124183654785,1319.404052734375
972,17.863332748413086,27.00749969482422,0.6700660670391421,1275.3370361328125,0.028685688972473145,1275.3370361328125
973,17.71000099182129,26.565000534057617,0.6703433861471169,1322.506591796875,0.024933338165283203,1322.506591796875
974,17.398334503173828,27.650833129882812,0.6692803828153012,1311.243408203125,0.02998816967010498,1311.243408203125
975,18.421667098999023,25.6441650390625,0.6671014957373204,1308.680419921875,0.0303499698638916,1308.680419921875
976,18.15999984741211,26.407501220703125,0.6884019537512951,1321.2760009765625,0.03431081771850586,1321.2760009765625
977,17.84000015258789,27.127500534057617,0.7010593436007372,1313.1024169921875,0.03408968448638916,1313.1024169921875
978,17.52666664123535,27.16499900817871,0.6710569859687696,1305.4342041015625,0.03416550159454346,1305.4342041015625
979,17.753332138061523,26.82666778564453,0.699404567115492,1309.9129638671875,0.027895331382751465,1309.9129638671875
980,18.13083267211914,26.55666732788086,0.6936836232785827,1311.5672607421875,0.03303563594818115,1311.5672607421875
981,17.960832595825195,27.17833137512207,0.6819562033643631,1319.496826171875,0.0360029935836792,1319.496826171875
982,18.09666633605957,26.10999870300293,0.6718337560478407,1334.3126220703125,0.03260624408721924,1334.3126220703125
983,17.560832977294922,27.26583480834961,0.7009735355893822,1300.3203125,0.02611863613128662,1300.3203125
984,17.885833740234375,26.57499885559082,0.6681742242197086,1317.106201171875,0.025418519973754883,1317.106201171875
985,17.95916748046875,27.2450008392334,0.6748097360761591,1280.47802734375,0.02724611759185791,1280.47802734375
986,17.962499618530273,26.498332977294922,0.6464844416636406,1272.7945556640625,0.03374207019805908,1272.7945556640625
987,18.060832977294922,26.942501068115234,0.6612974946342149,1304.1864013671875,0.027188777923583984,1304.1864013671875
988,17.650833129882812,27.13249969482422,0.63783838379188,1280.2969970703125,0.027840137481689453,1280.2969970703125
989,17.838333129882812,27.221668243408203,0.6928354114364729,1272.1273193359375,0.025604605674743652,1272.1273193359375
990,17.926666259765625,27.60833168029785,0.6753086173332313,1291.3016357421875,0.028344392776489258,1291.3016357421875
991,17.919166564941406,26.59833526611328,0.6720754818456384,1343.0980224609375,0.025526762008666992,1343.0980224609375
992,17.905000686645508,27.012500762939453,0.6867146939004618,1301.460693359375,0.025609374046325684,1301.460693359375
993,18.322500228881836,26.100831985473633,0.6881758150533448,1305.8974609375,0.024942398071289062,1305.8974609375
994,17.60500144958496,27.43833351135254,0.6688504153272075,1268.8934326171875,0.030160069465637207,1268.8934326171875
995,17.60416603088379,27.35833168029785,0.6744361253562956,1314.410888671875,0.030089259147644043,1314.410888671875
996,17.246665954589844,27.976667404174805,0.6225639430286067,1285.608154296875,0.036471009254455566,1285.608154296875
997,17.36333465576172,26.76999855041504,0.6912310768337214,1289.3565673828125,0.028159379959106445,1289.3565673828125
998,17.77916717529297,27.085834503173828,0.6791849465844664,1272.3294677734375,0.028693675994873047,1272.3294677734375
999,17.854999542236328,26.649168014526367,0.7010682770087263,1271.1832275390625,0.0316166877746582,1271.1832275390625
1000,18.077499389648438,26.584165573120117,0.6721147127910831,1293.671875,0.032657623291015625,1293.671875
1001,17.629165649414062,27.225833892822266,0.660224180873959,1267.2896728515625,0.033864498138427734,1267.2896728515625
1002,18.272499084472656,25.560832977294922,0.7159019115870345,1302.238037109375,0.022249579429626465,1302.238037109375
1003,17.45083236694336,27.735000610351562,0.6720788605536374,1286.534423828125,0.03682732582092285,1286.534423828125
1004,17.445833206176758,27.560832977294922,0.7008372015419279,1294.8397216796875,0.033965229988098145,1294.8397216796875
1005,17.315834045410156,27.224164962768555,0.693772024134899,1319.7994384765625,0.02701413631439209,1319.7994384765625
1006,17.370834350585938,27.641666412353516,0.674025210168925,1301.457275390625,0.03146982192993164,1301.457275390625
1007,18.101667404174805,26.35500144958496,0.699505484350436,1289.3814697265625,0.033131957054138184,1289.3814697265625
1008,17.84000015258789,26.61750030517578,0.6791451319773927,1290.560302734375,0.030299067497253418,1290.560302734375
1009,18.26249885559082,26.127498626708984,0.6348125070777983,1241.1246337890625,0.035515427589416504,1241.1246337890625
1010,17.994998931884766,26.335832595825195,0.6939387446657606,1318.947265625,0.03062736988067627,1318.947265625
1011,17.996667861938477,26.844167709350586,0.6827256824623216,1313.796142578125,0.027802348136901855,1313.796142578125
1012,17.485000610351562,27.748334884643555,0.6840440630312035,1279.7435302734375,0.03012561798095703,1279.7435302734375
1013,17.935832977294922,26.522499084472656,0.6200780118348114,1272.5023193359375,0.04317665100097656,1272.5023193359375
1014,18.100833892822266,25.72249984741211,0.6912410289195987,1324.7752685546875,0.026166439056396484,1324.7752685546875
1015,17.79166603088379,26.22249984741211,0.6756341265903737,1296.10498046875,0.038384199142456055,1296.10498046875
1016,17.193334579467773,28.000835418701172,0.6213708344680331,1286.353271484375,0.03830409049987793,1286.353271484375
1017,17.6825008392334,27.100000381469727,0.6778626647352202,1278.7135009765625,0.029268383979797363,1278.7135009765625
1018,17.662500381469727,27.884166717529297,0.6857731061768761,1307.1248779296875,0.029061079025268555,1307.1248779296875
1019,17.8700008392334,27.49250030517578,0.6791217546181658,1305.1182861328125,0.028321146965026855,1305.1182861328125
1020,17.58916664123535,26.2358341217041,0.6846410481180585,1327.8963623046875,0.027182698249816895,1327.8963623046875
1021,17.614166259765625,26.705833435058594,0.6855397902780356,1283.029296875,0.025195717811584473,1283.029296875
1022,17.627500534057617,27.241668701171875,0.6695351411667321,1300.1346435546875,0.027055859565734863,1300.1346435546875
1023,17.760000228881836,27.34583282470703,0.660427591985788,1277.3001708984375,0.025182127952575684,1277.3001708984375
1024,17.84749984741211,25.864999771118164,0.6409932793257904,1298.64794921875,0.025402188301086426,1298.64794921875
1025,17.505001068115234,27.429166793823242,0.6576956795481531,1282.52587890625,0.030901312828063965,1282.52587890625
1026,17.358333587646484,27.520000457763672,0.6553384515505729,1286.2288818359375,0.028890371322631836,1286.2288818359375
1027,17.93166732788086,26.468334197998047,0.6906662544115517,1305.0382080078125,0.021497011184692383,1305.0382080078125
1028,17.304166793823242,28.031667709350586,0.6566466988219503,1243.9205322265625,0.036333560943603516,1243.9205322265625
1029,17.759166717529297,26.965831756591797,0.6349991760128816,1309.62158203125,0.027407050132751465,1309.62158203125
1030,17.668333053588867,26.35999870300293,0.6440618890470893,1280.2977294921875,0.027721524238586426,1280.2977294921875
1031,17.83916664123535,26.70166778564453,0.7174114003727023,1333.574462890625,0.026980876922607422,1333.574462890625
1032,17.671667098999023,27.54749870300293,0.6614527766981023,1299.109619140625,0.03465116024017334,1299.109619140625
1033,17.668333053588867,26.919164657592773,0.6341205502106284,1286.3724365234375,0.027498960494995117,1286.3724365234375
1034,17.481666564941406,27.777498245239258,0.634605332275837,1295.433349609375,0.03168988227844238,1295.433349609375
1035,17.5141658782959,27.30500030517578,0.6464582367691625,1318.1727294921875,0.028579354286193848,1318.1727294921875
1036,17.75583267211914,27.302499771118164,0.6827385662479868,1305.959228515625,0.03174936771392822,1305.959228515625
1037,17.441665649414062,27.292499542236328,0.6589220564281831,1301.9561767578125,0.029540061950683594,1301.9561767578125
1038,17.72166633605957,26.411666870117188,0.6132463849573917,1356.9853515625,0.02364945411682129,1356.9853515625
1039,17.838333129882812,27.080833435058594,0.6935404557597477,1274.107666015625,0.027662038803100586,1274.107666015625
1040,17.725000381469727,26.504167556762695,0.6580859406241781,1273.8212890625,0.026224255561828613,1273.8212890625
1041,18.052499771118164,26.208332061767578,0.6654207937247926,1305.597412109375,0.024925708770751953,1305.597412109375
1042,17.952499389648438,25.770000457763672,0.686998560923062,1320.8216552734375,0.02918410301208496,1320.8216552734375
1043,17.551666259765625,27.15999984741211,0.6948594288755752,1304.9639892578125,0.024039149284362793,1304.9639892578125
1044,18.17249870300293,26.184999465942383,0.6883035630758535,1315.6407470703125,0.03495514392852783,1315.6407470703125
1045,17.74416732788086,26.758333206176758,0.6691548578273068,1332.059814453125,0.025633692741394043,1332.059814453125
1046,17.854999542236328,26.47166633605957,0.7027059959223793,1313.0816650390625,0.026625394821166992,1313.0816650390625
1047,17.570833206176758,26.817501068115234,0.6498298433048157,1275.840576171875,0.029767990112304688,1275.840576171875
1048,17.781667709350586,26.929166793823242,0.6737251281395937,1289.949462890625,0.04112720489501953,1289.949462890625
1049,17.2983341217041,27.023332595825195,0.6545683406292654,1357.3836669921875,0.038681745529174805,1357.3836669921875
1050,17.963333129882812,27.387500762939453,0.6701916545723583,1285.47412109375,0.03418624401092529,1285.47412109375
1051,17.77250099182129,26.667499542236328,0.6895870567784042,1313.6304931640625,0.027979373931884766,1313.6304931640625
1052,17.725831985473633,26.74916648864746,0.6208601375378595,1269.7596435546875,0.028841257095336914,1269.7596435546875
1053,17.933332443237305,26.469167709350586,0.6901704167096164,1337.167724609375,0.027698278427124023,1337.167724609375
1054,18.233333587646484,25.866666793823242,0.6775654689235124,1285.8624267578125,0.03405308723449707,1285.8624267578125
1055,18.01333236694336,27.331668853759766,0.6481984923961346,1266.103515625,0.028605222702026367,1266.103515625
1056,17.297500610351562,27.260000228881836,0.691634853806874,1310.3409423828125,0.026758909225463867,1310.3409423828125
1057,17.679166793823242,26.190000534057617,0.6998485964868969,1328.7080078125,0.028855204582214355,1328.7080078125
1058,18.081666946411133,26.561664581298828,0.6583322238381516,1277.4368896484375,0.035274386405944824,1277.4368896484375
1059,17.8700008392334,26.946666717529297,0.6620493662565625,1304.002197265625,0.025547504425048828,1304.002197265625
1060,17.46666717529297,26.906665802001953,0.7019372729890884,1284.7103271484375,0.025318384170532227,1284.7103271484375
1061,17.989999771118164,26.204166412353516,0.6675522061375172,1287.990478515625,0.03212785720825195,1287.990478515625
1062,17.52750015258789,26.469167709350586,0.6819477332473984,1319.6707763671875,0.0316394567489624,1319.6707763671875
1063,17.559165954589844,26.98000144958496,0.6799507500358583,1328.1861572265625,0.025271058082580566,1328.1861572265625
1064,17.795833587646484,26.614166259765625,0.6953708028073959,1308.97705078125,0.031291961669921875,1308.97705078125
1065,17.69499969482422,26.69500160217285,0.6579042100150712,1262.522216796875,0.027164697647094727,1262.522216796875
1066,17.801666259765625,25.9183349609375,0.6368140401878473,1314.4903564453125,0.03203177452087402,1314.4903564453125
1067,17.69416618347168,27.299999237060547,0.6276834714458465,1282.6461181640625,0.028563857078552246,1282.6461181640625
1068,17.823333740234375,27.281665802001953,0.6551324243794667,1279.0584716796875,0.02683126926422119,1279.0584716796875
1069,17.505001068115234,27.101665496826172,0.6895289386927242,1329.436767578125,0.025158166885375977,1329.436767578125
1070,17.905000686645508,26.620832443237305,0.6533950277635464,1337.685546875,0.04553794860839844,1337.685546875
1071,17.969999313354492,27.08916664123535,0.6849274485956856,1303.6092529296875,0.027529597282409668,1303.6092529296875
1072,17.626667022705078,27.273332595825195,0.6582599046182771,1305.5615234375,0.02491581439971924,1305.5615234375
1073,17.74416732788086,26.724164962768555,0.7433951919651973,1277.934326171875,0.02509593963623047,1277.934326171875
1074,17.582500457763672,27.41583251953125,0.6918332638878708,1298.8052978515625,0.032819390296936035,1298.8052978515625
1075,17.918333053588867,26.126667022705078,0.6846605751699085,1345.601318359375,0.022936463356018066,1345.601318359375
1076,17.656665802001953,27.475833892822266,0.7059659733221069,1309.714111328125,0.02575516700744629,1309.714111328125
1077,18.13833236694336,25.90999984741211,0.7022532727481552,1314.580078125,0.025042414665222168,1314.580078125
1078,17.605833053588867,27.060832977294922,0.6917446037707551,1304.8408203125,0.033350348472595215,1304.8408203125
1079,17.83916664123535,27.017501831054688,0.6680499532098906,1289.3668212890625,0.029284954071044922,1289.3668212890625
1080,17.946666717529297,27.000831604003906,0.6421479825583687,1257.507568359375,0.030871033668518066,1257.507568359375
1081,17.674165725708008,26.79083251953125,0.6721184770579856,1332.0330810546875,0.02568376064300537,1332.0330810546875
1082,17.912500381469727,26.815000534057617,0.6851220702191158,1301.0732421875,0.037325263023376465,1301.0732421875
1083,18.078332901000977,26.73833465576172,0.7083726171973346,1249.5660400390625,0.027701258659362793,1249.5660400390625
1084,17.7450008392334,27.669166564941406,0.700458341655221,1261.9349365234375,0.03331935405731201,1261.9349365234375
1085,17.537500381469727,27.719167709350586,0.6818843867544413,1282.5096435546875,0.028788208961486816,1282.5096435546875
1086,17.6200008392334,26.935832977294922,0.6964840766599756,1297.5726318359375,0.02434539794921875,1297.5726318359375
1087,18.10249900817871,26.010831832885742,0.6642678264148673,1327.6712646484375,0.02706897258758545,1327.6712646484375
1088,17.987499237060547,26.855833053588867,0.6351855829611236,1279.6802978515625,0.02610170841217041,1279.6802978515625
1089,17.87583351135254,26.522499084472656,0.6847844877625795,1334.1875,0.026572465896606445,1334.1875
1090,17.351665496826172,27.86166763305664,0.6609049277569142,1292.7857666015625,0.042498230934143066,1292.7857666015625
1091,17.9325008392334,26.481666564941406,0.6928323910365827,1332.404052734375,0.021636247634887695,1332.404052734375
1092,17.468334197998047,27.529998779296875,0.6605316385057984,1298.4599609375,0.02831888198852539,1298.4599609375
1093,17.920000076293945,26.86833381652832,0.6673858240977211,1283.0291748046875,0.02750706672668457,1283.0291748046875
1094,18.024999618530273,26.36750030517578,0.684473634177032,1305.8486328125,0.028697848320007324,1305.8486328125
1095,17.918333053588867,26.364999771118164,0.6403556193435,1281.3402099609375,0.02691471576690674,1281.3402099609375
1096,17.997499465942383,26.840002059936523,0.6822924957166737,1302.3642578125,0.030193090438842773,1302.3642578125
1097,18.10999870300293,26.77833366394043,0.6481196841000672,1295.74462890625,0.028008341789245605,1295.74462890625
1098,17.968332290649414,25.832500457763672,0.6345634852657177,1304.5130615234375,0.029771924018859863,1304.5130615234375
1099,18.11916732788086,25.963333129882812,0.6987724684713681,1295.7110595703125,0.021812796592712402,1295.7110595703125
1100,17.25,27.45166778564453,0.6691992605275849,1343.4915771484375,0.02825188636779785,1343.4915771484375
1101,17.879167556762695,27.377500534057617,0.6884206995454901,1297.240478515625,0.024605751037597656,1297.240478515625
1102,17.803333282470703,27.054166793823242,0.6863707704225728,1319.66015625,0.030211925506591797,1319.66015625
1103,17.795833587646484,26.537498474121094,0.64206667148226,1282.870849609375,0.026707053184509277,1282.870849609375
1104,17.97166633605957,27.36750030517578,0.6817187702174161,1298.4072265625,0.030536293983459473,1298.4072265625
1105,17.583332061767578,27.286666870117188,0.6412006796319873,1270.38818359375,0.03822124004364014,1270.38818359375
1106,17.738332748413086,27.779998779296875,0.6834082585415637,1280.843994140625,0.02557539939880371,1280.843994140625
1107,17.768333435058594,27.15250015258789,0.6559941413107905,1295.837890625,0.036311984062194824,1295.837890625
1108,17.421667098999023,27.60249900817871,0.6489261035468357,1283.8214111328125,0.03136444091796875,1283.8214111328125
1109,17.805831909179688,26.391666412353516,0.6983056134006171,1317.6981201171875,0.02892482280731201,1317.6981201171875
1110,17.69333267211914,27.297500610351562,0.6868003433302585,1289.8216552734375,0.029991865158081055,1289.8216552734375
1111,17.945833206176758,26.774168014526367,0.6447519072417955,1315.5833740234375,0.03590285778045654,1315.5833740234375
1112,17.625,27.09166717529297,0.6873558813669954,1280.9176025390625,0.03258705139160156,1280.9176025390625
1113,17.953332901000977,26.773334503173828,0.6962835207971614,1284.0626220703125,0.03263425827026367,1284.0626220703125
1114,18.079999923706055,26.584165573120117,0.6691716099413257,1313.21533203125,0.02703392505645752,1313.21533203125
1115,17.7641658782959,26.61750030517578,0.656077600894073,1286.806884765625,0.031023502349853516,1286.806884765625
1116,18.281667709350586,25.92083168029785,0.6618552203952297,1272.1827392578125,0.03272593021392822,1272.1827392578125
1117,17.907501220703125,26.379167556762695,0.6848016043672163,1289.383056640625,0.02554178237915039,1289.383056640625
1118,17.725000381469727,27.443334579467773,0.6418588929233625,1281.5291748046875,0.024128317832946777,1281.5291748046875
1119,18.02916717529297,26.18666648864746,0.6772564688798688,1314.0428466796875,0.03042161464691162,1314.0428466796875
1120,17.78583335876465,26.850000381469727,0.666032912343125,1264.976806640625,0.03433036804199219,1264.976806640625
1121,17.99333381652832,26.55583381652832,0.6814691770111106,1292.9345703125,0.024532318115234375,1292.9345703125
1122,18.06916618347168,26.589998245239258,0.6686411696649575,1278.51171875,0.030925631523132324,1278.51171875
1123,18.100833892822266,26.503334045410156,0.7056421708135283,1324.2720947265625,0.02458333969116211,1324.2720947265625
1124,17.773332595825195,26.780000686645508,0.657338166734678,1337.9921875,0.03379106521606445,1337.9921875
1125,18.10333251953125,26.57499885559082,0.6842922468953541,1317.803955078125,0.032379865646362305,1317.803955078125
1126,18.167499542236328,26.946666717529297,0.7292082473506656,1342.14990234375,0.03402447700500488,1342.14990234375
1127,17.635000228881836,27.15833282470703,0.6680167182673992,1283.8541259765625,0.030817389488220215,1283.8541259765625
1128,18.11833381652832,26.832500457763672,0.7069189580550892,1307.5347900390625,0.02976691722869873,1307.5347900390625
1129,17.455833435058594,27.270832061767578,0.653119581161046,1281.5816650390625,0.030831217765808105,1281.5816650390625
1130,18.024999618530273,26.686664581298828,0.6786465393469264,1314.566650390625,0.026585102081298828,1314.566650390625
1131,17.838333129882812,27.238332748413086,0.6977855200702688,1312.351318359375,0.029711127281188965,1312.351318359375
1132,17.755001068115234,26.811664581298828,0.6692057346080309,1329.163330078125,0.023262739181518555,1329.163330078125
1133,17.516666412353516,27.133333206176758,0.6597655520695619,1278.8167724609375,0.030139684677124023,1278.8167724609375
1134,17.801666259765625,27.190834045410156,0.6792598429761811,1304.9161376953125,0.032848358154296875,1304.9161376953125
1135,17.905832290649414,26.379167556762695,0.6727058490538014,1300.6510009765625,0.026844143867492676,1300.6510009765625
1136,17.920000076293945,26.116666793823242,0.6487467428575405,1306.7421875,0.028839468955993652,1306.7421875
1137,17.920833587646484,26.76999855041504,0.7136898158022759,1352.1624755859375,0.025052428245544434,1352.1624755859375
1138,17.887500762939453,26.530000686645508,0.6637855678134759,1273.122802734375,0.03028392791748047,1273.122802734375
1139,18.037500381469727,26.7983341217041,0.6570442788105313,1297.841796875,0.024251341819763184,1297.841796875
1140,17.460832595825195,27.010000228881836,0.6468389515848267,1254.5767822265625,0.029328346252441406,1254.5767822265625
1141,17.6875,27.309167861938477,0.6651804476915091,1295.7601318359375,0.02597498893737793,1295.7601318359375
1142,17.828332901000977,27.706666946411133,0.6706059715968106,1298.8765869140625,0.029929518699645996,1298.8765869140625
1143,17.547500610351562,27.203332901000977,0.626665997160297,1274.6365966796875,0.02910017967224121,1274.6365966796875
1144,17.65833282470703,26.967498779296875,0.6721721253330346,1290.2222900390625,0.02891862392425537,1290.2222900390625
1145,17.754167556762695,26.87583351135254,0.6715845040402306,1301.868896484375,0.029742717742919922,1301.868896484375
1146,17.880001068115234,27.000001907348633,0.6807760600291697,1281.3829345703125,0.03294968605041504,1281.3829345703125
1147,17.920000076293945,26.94333267211914,0.6981955313017953,1306.5634765625,0.025204062461853027,1306.5634765625
1148,17.82583236694336,26.713333129882812,0.659612299075972,1293.4658203125,0.030073046684265137,1293.4658203125
1149,17.84666633605957,27.0483341217041,0.6687405604360379,1306.01904296875,0.027392268180847168,1306.01904296875
1150,17.570833206176758,26.686664581298828,0.7033356311876664,1351.212646484375,0.04189610481262207,1351.212646484375
1151,17.88833236694336,26.547500610351562,0.6542089300116976,1304.0877685546875,0.02616417407989502,1304.0877685546875
1152,17.939167022705078,26.72249984741211,0.6711818976167979,1281.502197265625,0.026321887969970703,1281.502197265625
1153,18.037500381469727,26.42500114440918,0.6624121011151414,1277.396728515625,0.03754782676696777,1277.396728515625
1154,17.665000915527344,27.57583236694336,0.6441163076678365,1312.0037841796875,0.037104010581970215,1312.0037841796875
1155,17.614999771118164,27.371665954589844,0.6866736304067198,1318.738525390625,0.02512991428375244,1318.738525390625
1156,17.588333129882812,26.656665802001953,0.663840748365258,1315.65234375,0.029053330421447754,1315.65234375
1157,17.536666870117188,26.84583282470703,0.7121547532689858,1313.06201171875,0.025340795516967773,1313.06201171875
1158,18.178333282470703,26.987499237060547,0.6888760462971818,1335.400146484375,0.035161495208740234,1335.400146484375
1159,17.865833282470703,27.40250015258789,0.7059732453857771,1301.0618896484375,0.029395222663879395,1301.0618896484375
1160,17.809165954589844,26.962501525878906,0.6769297449676861,1288.662841796875,0.03367209434509277,1288.662841796875
1161,17.842500686645508,27.125831604003906,0.644938642159492,1253.722412109375,0.03990328311920166,1253.722412109375
1162,17.780832290649414,26.623332977294922,0.6956145715349724,1313.0010986328125,0.028607606887817383,1313.0010986328125
1163,17.961666107177734,27.186668395996094,0.7227248891827976,1305.5767822265625,0.026729106903076172,1305.5767822265625
1164,17.33916664123535,27.357500076293945,0.6754554751211218,1306.220947265625,0.036762356758117676,1306.220947265625
1165,18.06916618347168,26.17999839782715,0.6878167586635733,1303.6981201171875,0.030634760856628418,1303.6981201171875
1166,18.064167022705078,26.464998245239258,0.6680594041679473,1272.9599609375,0.035747408866882324,1272.9599609375
1167,17.959999084472656,26.715002059936523,0.6937878126595047,1277.468994140625,0.030681729316711426,1277.468994140625
1168,17.99416732788086,26.961666107177734,0.6876557986426541,1291.6375732421875,0.0317615270614624,1291.6375732421875
1169,17.81833267211914,26.760000228881836,0.6700896157426517,1292.0693359375,0.02773463726043701,1292.0693359375
1170,18.02750015258789,26.707500457763672,0.6809313202108833,1333.4735107421875,0.03275489807128906,1333.4735107421875
1171,17.759166717529297,27.467500686645508,0.6568388509776601,1300.3287353515625,0.03451526165008545,1300.3287353515625
1172,18.31166648864746,25.926668167114258,0.7036495259044264,1329.98876953125,0.03211009502410889,1329.98876953125
1173,17.518333435058594,26.782501220703125,0.6371001202095677,1331.287841796875,0.02948462963104248,1331.287841796875
1174,17.815832138061523,27.177501678466797,0.6890910848820038,1310.7579345703125,0.0321277379989624,1310.7579345703125
1175,18.463333129882812,25.735000610351562,0.6820456238445591,1313.0924072265625,0.02909719944000244,1313.0924072265625
1176,17.957500457763672,26.595834732055664,0.7129281066691999,1322.0546875,0.03557121753692627,1322.0546875
1177,17.440000534057617,26.99166488647461,0.6650936603554817,1282.70263671875,0.025976061820983887,1282.70263671875
1178,17.50583267211914,28.108333587646484,0.6647374945963741,1267.2977294921875,0.03186655044555664,1267.2977294921875
1179,17.70916748046875,26.440832138061523,0.6295376753855335,1342.18603515625,0.025096654891967773,1342.18603515625
1180,17.56916618347168,27.07583236694336,0.632128047857471,1321.5184326171875,0.025835633277893066,1321.5184326171875
1181,17.914167404174805,26.449167251586914,0.6862425989086998,1304.97216796875,0.024625778198242188,1304.97216796875
1182,18.01333236694336,26.460832595825195,0.7251073425689447,1297.595947265625,0.03424477577209473,1297.595947265625
1183,17.775001525878906,27.406665802001953,0.6892206915659007,1271.23193359375,0.03025078773498535,1271.23193359375
1184,17.74250030517578,26.852500915527344,0.6653484768527418,1278.310302734375,0.026136159896850586,1278.310302734375
1185,17.720001220703125,26.95416831970215,0.7045788927303388,1283.2960205078125,0.029279112815856934,1283.2960205078125
1186,17.843332290649414,26.678333282470703,0.6993441834943535,1307.5556640625,0.0239945650100708,1307.5556640625
1187,18.134998321533203,26.454999923706055,0.6953732846629628,1262.8397216796875,0.0230637788772583,1262.8397216796875
1188,17.793333053588867,27.23333168029785,0.7007332357290932,1285.123779296875,0.02709174156188965,1285.123779296875
1189,17.91083335876465,27.435832977294922,0.7026049270402819,1269.4183349609375,0.03242695331573486,1269.4183349609375
1190,17.77250099182129,26.5433349609375,0.6453208661073541,1302.5830078125,0.0272141695022583,1302.5830078125
1191,17.65999984741211,27.595001220703125,0.6720600703944714,1295.00634765625,0.029639720916748047,1295.00634765625
1192,17.838333129882812,27.180831909179688,0.6314233006501613,1301.025390625,0.025377988815307617,1301.025390625
1193,17.730833053588867,27.15999984741211,0.6175681566389131,1293.7747802734375,0.028899550437927246,1293.7747802734375
1194,17.60500144958496,27.814167022705078,0.6856500266464944,1307.4366455078125,0.02506875991821289,1307.4366455078125
1195,18.045833587646484,26.793333053588867,0.6939428886393351,1285.0653076171875,0.02281653881072998,1285.0653076171875
1196,17.83416748046875,26.29833221435547,0.67220219813786,1316.4361572265625,0.03531193733215332,1316.4361572265625
1197,17.645832061767578,27.443334579467773,0.6777437966556816,1326.884033203125,0.026517271995544434,1326.884033203125
1198,17.0674991607666,28.349166870117188,0.643806966213001,1285.8370361328125,0.04131627082824707,1285.8370361328125
1199,17.8075008392334,27.34833335876465,0.6977384406803446,1305.990478515625,0.026422858238220215,1305.990478515625
1200,18.101667404174805,26.380834579467773,0.6987178012032581,1328.7410888671875,0.029435276985168457,1328.7410888671875
1201,17.75666618347168,26.38166618347168,0.6598363650945718,1277.898681640625,0.028660058975219727,1277.898681640625
1202,18.017499923706055,26.809167861938477,0.694948009684422,1275.5322265625,0.026382923126220703,1275.5322265625
1203,17.674165725708008,26.22249984741211,0.650131659069457,1284.208740234375,0.022945761680603027,1284.208740234375
1204,17.418333053588867,27.631668090820312,0.6693645482872658,1269.307373046875,0.03071606159210205,1269.307373046875
1205,17.678333282470703,25.841665267944336,0.7142049372623163,1341.51123046875,0.03457379341125488,1341.51123046875
1206,18.078332901000977,26.61166763305664,0.679703656324862,1283.1326904296875,0.031021952629089355,1283.1326904296875
1207,18.059999465942383,26.19999885559082,0.6308354106834769,1264.6019287109375,0.0269392728805542,1264.6019287109375
1208,17.441665649414062,27.043333053588867,0.6728254451156687,1311.9791259765625,0.030707716941833496,1311.9791259765625
1209,17.600831985473633,27.44416618347168,0.689428114840724,1333.6314697265625,0.025626301765441895,1333.6314697265625
1210,17.855833053588867,27.387500762939453,0.6645556479729824,1282.452880859375,0.02865743637084961,1282.452880859375
1211,17.77916717529297,26.724164962768555,0.6298695063125928,1274.101318359375,0.025548934936523438,1274.101318359375
1212,17.75583267211914,28.060001373291016,0.6856571768374913,1300.93310546875,0.028892159461975098,1300.93310546875
1213,17.80500030517578,26.940834045410156,0.6885991911522583,1286.7679443359375,0.026241302490234375,1286.7679443359375
1214,17.64000129699707,26.975833892822266,0.6719682087281124,1311.1573486328125,0.0290757417678833,1311.1573486328125
1215,18.042499542236328,26.990833282470703,0.6620483355187207,1290.163818359375,0.027946949005126953,1290.163818359375
1216,17.927499771118164,27.10833168029785,0.6857388781535914,1280.2923583984375,0.03323483467102051,1280.2923583984375
1217,17.76500129699707,26.98000144958496,0.6962697076455377,1279.2958984375,0.024321675300598145,1279.2958984375
1218,17.704166412353516,26.494165420532227,0.6415277998264414,1299.530517578125,0.03299546241760254,1299.530517578125
1219,17.426666259765625,27.00583267211914,0.6475049224503984,1307.0040283203125,0.027333378791809082,1307.0040283203125
1220,17.59666633605957,26.955833435058594,0.6700241019737805,1287.3255615234375,0.03051590919494629,1287.3255615234375
1221,17.90833282470703,27.497499465942383,0.6701505714473626,1317.8984375,0.028462648391723633,1317.8984375
1222,17.833332061767578,27.215831756591797,0.6866192523937984,1252.184326171875,0.030975818634033203,1252.184326171875
1223,17.79083251953125,26.614166259765625,0.7024444409049466,1313.0509033203125,0.025019168853759766,1313.0509033203125
1224,17.805831909179688,26.924165725708008,0.6733421838959999,1292.8624267578125,0.028360724449157715,1292.8624267578125
1225,17.685001373291016,27.086666107177734,0.6853637351351123,1281.1346435546875,0.02800166606903076,1281.1346435546875
1226,17.84166717529297,26.4950008392334,0.7373968451415048,1287.4595947265625,0.027913570404052734,1287.4595947265625
1227,17.83916664123535,26.726665496826172,0.6669218741475442,1306.546142578125,0.023654699325561523,1306.546142578125
1228,17.780000686645508,26.564165115356445,0.6993615904704877,1257.8592529296875,0.029346942901611328,1257.8592529296875
1229,17.899999618530273,26.70333480834961,0.6607867445880649,1300.6844482421875,0.031096696853637695,1300.6844482421875
1230,18.344167709350586,27.102500915527344,0.7161012109448301,1271.9619140625,0.02944314479827881,1271.9619140625
1231,17.864166259765625,26.210832595825195,0.6218893621371289,1349.9498291015625,0.030588150024414062,1349.9498291015625
1232,17.216665267944336,27.55083465576172,0.6845945230759548,1273.7813720703125,0.029665231704711914,1273.7813720703125
1233,17.88249969482422,26.54666519165039,0.7024264752304533,1286.02099609375,0.03181815147399902,1286.02099609375
1234,17.786666870117188,27.29083251953125,0.6509408754852073,1301.3017578125,0.02846705913543701,1301.3017578125
1235,17.57750129699707,27.292499542236328,0.7153639676369701,1291.435791015625,0.028336405754089355,1291.435791015625
1236,17.679166793823242,27.821666717529297,0.6483378615492306,1298.4630126953125,0.02885568141937256,1298.4630126953125
1237,17.753332138061523,26.86666488647461,0.6580845361831987,1307.5855712890625,0.023980379104614258,1307.5855712890625
1238,17.760831832885742,26.96416664123535,0.6365523502934293,1297.2760009765625,0.028417468070983887,1297.2760009765625
1239,17.905832290649414,26.075834274291992,0.6813317124749219,1315.3865966796875,0.03410530090332031,1315.3865966796875
1240,17.602500915527344,27.34749984741211,0.7076000147121271,1293.2095947265625,0.03710806369781494,1293.2095947265625
1241,17.738332748413086,27.27750015258789,0.657614175174593,1260.5753173828125,0.030312776565551758,1260.5753173828125
1242,17.968332290649414,26.753334045410156,0.6768971371862821,1316.4996337890625,0.02627241611480713,1316.4996337890625
1243,17.77750015258789,26.268333435058594,0.6904181795804498,1314.48046875,0.031198620796203613,1314.48046875
1244,17.620832443237305,26.124998092651367,0.696082272038878,1328.9112548828125,0.025383591651916504,1328.9112548828125
1245,17.501667022705078,27.39083480834961,0.7110082350832928,1312.8106689453125,0.024060726165771484,1312.8106689453125
1246,17.55000114440918,26.88249969482422,0.6480940652345798,1291.3953857421875,0.032100558280944824,1291.3953857421875
1247,17.663331985473633,26.49166488647461,0.6586896744971126,1312.7518310546875,0.02513706684112549,1312.7518310546875
1248,17.708332061767578,26.710832595825195,0.7088565520235555,1293.9052734375,0.030280113220214844,1293.9052734375
1249,17.475833892822266,27.32583236694336,0.6916643881990753,1291.4471435546875,0.03126215934753418,1291.4471435546875
1250,17.959999084472656,27.174165725708008,0.6583212257921998,1293.911865234375,0.03688621520996094,1293.911865234375
1251,17.495832443237305,27.147499084472656,0.668819419247884,1288.1566162109375,0.032422780990600586,1288.1566162109375
1252,17.79083251953125,27.48583221435547,0.6989584457514819,1298.4205322265625,0.03136932849884033,1298.4205322265625
1253,17.354999542236328,27.05000114440918,0.6666574222423566,1280.50537109375,0.030344128608703613,1280.50537109375
1254,17.395000457763672,27.288331985473633,0.6792144984688505,1255.468017578125,0.03140866756439209,1255.468017578125
1255,17.25749969482422,27.416667938232422,0.6311525567061509,1308.776123046875,0.04696023464202881,1308.776123046875
1256,18.09000015258789,26.415834426879883,0.6662827449163631,1307.507568359375,0.03258705139160156,1307.507568359375
1257,18.101667404174805,25.624168395996094,0.70171428075292,1288.4285888671875,0.03524196147918701,1288.4285888671875
1258,17.516666412353516,26.669164657592773,0.6920858351394635,1316.9437255859375,0.035386085510253906,1316.9437255859375
1259,18.01416778564453,26.52750015258789,0.6974173228577218,1314.9405517578125,0.03471529483795166,1314.9405517578125
1260,18.01416778564453,27.137500762939453,0.6792999725778135,1323.3125,0.02828824520111084,1323.3125
1261,17.787500381469727,26.41083335876465,0.6707008033018166,1313.8594970703125,0.026957035064697266,1313.8594970703125
1262,17.84166717529297,26.04166603088379,0.6697739038137531,1338.8837890625,0.028828024864196777,1338.8837890625
1263,17.65916633605957,26.47916603088379,0.6950604858247561,1267.0185546875,0.024463176727294922,1267.0185546875
1264,17.90250015258789,26.96666717529297,0.6963623887779784,1321.70703125,0.031285762786865234,1321.70703125
1265,18.239999771118164,26.070833206176758,0.6876792483192022,1300.8515625,0.026551008224487305,1300.8515625
1266,17.975833892822266,27.055831909179688,0.706266703803385,1316.5284423828125,0.03431522846221924,1316.5284423828125
1267,17.588333129882812,27.24833106994629,0.680438325322329,1309.28076171875,0.02406764030456543,1309.28076171875
1268,18.099998474121094,26.57000160217285,0.6781493823603286,1283.283447265625,0.031729817390441895,1283.283447265625
1269,17.58500099182129,26.678333282470703,0.6669194543561265,1300.093505859375,0.031859517097473145,1300.093505859375
1270,17.831666946411133,26.983333587646484,0.6570078773350574,1297.3516845703125,0.03327453136444092,1297.3516845703125
1271,17.900833129882812,26.905000686645508,0.6961282503467132,1281.2210693359375,0.026807308197021484,1281.2210693359375
1272,17.726667404174805,27.453332901000977,0.6786009750615964,1337.843017578125,0.02642667293548584,1337.843017578125
1273,18.295000076293945,26.019168853759766,0.679319234509616,1335.5023193359375,0.043897032737731934,1335.5023193359375
1274,17.873332977294922,26.732501983642578,0.6784928361989984,1283.35888671875,0.028946876525878906,1283.35888671875
1275,17.372499465942383,27.908334732055664,0.6460659036771619,1284.3193359375,0.030176758766174316,1284.3193359375
1276,17.663331985473633,26.899168014526367,0.6601103004570966,1284.7237548828125,0.028838276863098145,1284.7237548828125
1277,17.45833396911621,27.3799991607666,0.671883290868853,1301.2767333984375,0.0284576416015625,1301.2767333984375
1278,18.088333129882812,26.596664428710938,0.6891931608439219,1262.3154296875,0.02875804901123047,1262.3154296875
1279,17.84083366394043,26.752498626708984,0.6916560933624947,1340.014892578125,0.027304768562316895,1340.014892578125
1280,18.211668014526367,25.979999542236328,0.7066551402648635,1305.2447509765625,0.024776935577392578,1305.2447509765625
1281,17.751667022705078,27.260833740234375,0.677064561409443,1257.7939453125,0.02721107006072998,1257.7939453125
1282,17.595001220703125,26.919164657592773,0.6479239272894869,1281.91552734375,0.03048074245452881,1281.91552734375
1283,17.452499389648438,26.5049991607666,0.6355266512216178,1255.917724609375,0.028542518615722656,1255.917724609375
1284,17.309999465942383,27.595001220703125,0.6358280063548843,1326.0821533203125,0.027080774307250977,1326.0821533203125
1285,17.44499969482422,27.354999542236328,0.6295775705294022,1282.7847900390625,0.033040523529052734,1282.7847900390625
1286,17.870832443237305,26.284997940063477,0.7042002049393153,1284.4256591796875,0.023188114166259766,1284.4256591796875
1287,17.55500030517578,27.219999313354492,0.663110473674164,1280.8065185546875,0.0281982421875,1280.8065185546875
1288,18.03333282470703,26.217498779296875,0.6929683939840972,1296.4537353515625,0.030449628829956055,1296.4537353515625
1289,17.775001525878906,26.700834274291992,0.7152581219451685,1311.42236328125,0.03735506534576416,1311.42236328125
1290,17.358333587646484,27.321666717529297,0.6888536014952673,1335.9833984375,0.026750683784484863,1335.9833984375
1291,17.752500534057617,26.21249771118164,0.6701618091998268,1307.7568359375,0.030970454216003418,1307.7568359375
1292,17.74416732788086,27.066665649414062,0.6725319676711858,1308.77099609375,0.031874656677246094,1308.77099609375
1293,17.5625,26.885000228881836,0.6573284144997725,1268.4808349609375,0.02498602867126465,1268.4808349609375
1294,17.74916648864746,27.032501220703125,0.6747843729933594,1334.928955078125,0.023082494735717773,1334.928955078125
1295,17.752500534057617,27.24333381652832,0.671696240596164,1298.114013671875,0.028221726417541504,1298.114013671875
1296,18.15416717529297,26.15416717529297,0.6929731116132188,1309.8231201171875,0.02895522117614746,1309.8231201171875
1297,17.90833282470703,27.038331985473633,0.6464790005274035,1299.06005859375,0.026755809783935547,1299.06005859375
1298,18.00666618347168,26.797500610351562,0.6475037686880944,1315.4671630859375,0.028765559196472168,1315.4671630859375
1299,17.915000915527344,26.489999771118164,0.6977920171708757,1260.403076171875,0.028026700019836426,1260.403076171875
1300,17.80000114440918,27.133333206176758,0.6951393920632929,1319.844482421875,0.026147961616516113,1319.844482421875
1301,17.389999389648438,27.900833129882812,0.6491727834070865,1280.42041015625,0.028736591339111328,1280.42041015625
1302,17.801666259765625,26.641666412353516,0.7079041597794515,1290.0950927734375,0.0349806547164917,1290.0950927734375
