0,0.3349999785423279,2.0824999809265137,0.44619305090382483,2.598611831665039,1.1399911642074585,2.598611831665039,8.996881112888542e-33
1,0.0,0.0,0.3535533905932738,2.617694139480591,1.1769405603408813,2.617694139480591,8.996881112888542e-33
2,0.0,0.0,0.3535533905932738,2.620192766189575,1.2019269466400146,2.620192766189575,8.996881112888542e-33
3,0.0,0.0,0.3535533905932738,2.6183431148529053,1.1834306716918945,2.6183431148529053,8.996881112888542e-33
4,0.0,0.0,0.3535533905932738,2.616210460662842,1.1621050834655762,2.616210460662842,8.996881112888542e-33
5,0.0,0.0,0.3535533905932738,2.618865728378296,1.1886563301086426,2.618865728378296,8.996881112888542e-33
6,0.0,0.0,0.3535533905932738,2.619431257247925,1.1943135261535645,2.619431257247925,8.996881112888542e-33
7,0.0,0.0,0.3535533905932738,2.619169235229492,1.1916911602020264,2.619169235229492,8.996881112888542e-33
8,0.0,0.0,0.3535533905932738,2.6161837577819824,1.1618386507034302,2.6161837577819824,8.996881112888542e-33
9,0.0,0.0,0.3535533905932738,2.6151890754699707,1.1518919467926025,2.6151890754699707,8.996881112888542e-33
10,0.0,0.0,0.3535533905932738,2.617467164993286,1.174670934677124,2.617467164993286,8.996881112888542e-33
11,0.0,0.0,0.3535533905932738,2.6182191371917725,1.1821906566619873,2.6182191371917725,8.996881112888542e-33
12,0.0,0.0,0.3535533905932738,2.6167314052581787,1.1673130989074707,2.6167314052581787,8.996881112888542e-33
13,0.0,0.0,0.3535533905932738,2.6199910640716553,1.1999114751815796,2.6199910640716553,8.996881112888542e-33
14,0.0,0.0,0.3535533905932738,2.618302345275879,1.1830224990844727,2.618302345275879,8.996881112888542e-33
15,0.0,0.0,0.3535533905932738,2.6159913539886475,1.159914255142212,2.6159913539886475,8.996881112888542e-33
16,0.0,0.0,0.3535533905932738,2.6154356002807617,1.154355525970459,2.6154356002807617,8.996881112888542e-33
17,0.0,0.0,0.3535533905932738,2.616943359375,1.1694329977035522,2.616943359375,8.996881112888542e-33
18,0.0,0.0,0.3535533905932738,2.6150882244110107,1.1508831977844238,2.6150882244110107,8.996881112888542e-33
19,0.0,0.0,0.3535533905932738,2.618293285369873,1.1829324960708618,2.618293285369873,8.996881112888542e-33
20,0.0,0.0,0.3535533905932738,2.6178383827209473,1.1783849000930786,2.6178383827209473,8.996881112888542e-33
21,0.0,0.0,0.3535533905932738,2.6156370639801025,1.156369924545288,2.6156370639801025,8.996881112888542e-33
22,0.0,0.0,0.3535533905932738,2.6165363788604736,1.1653647422790527,2.6165363788604736,0.0
23,0.0,0.0,0.3535533905932738,2.615644931793213,1.1564490795135498,2.615644931793213,0.0
24,0.0,0.0,0.3535533905932738,2.616405725479126,1.1640582084655762,2.616405725479126,0.0
25,0.0,0.0,0.3535533905932738,2.615571975708008,1.155719518661499,2.615571975708008,0.0
26,0.0,0.0,0.3535533905932738,2.618032217025757,1.1803221702575684,2.618032217025757,0.0
27,0.0,0.0,0.3535533905932738,2.61357045173645,1.1357035636901855,2.61357045173645,0.0
28,0.0,0.0,0.3535533905932738,2.6162936687469482,1.1629359722137451,2.6162936687469482,0.0
29,0.0,0.0,0.3535533905932738,2.6150450706481934,1.1504497528076172,2.6150450706481934,0.0
30,0.0,0.0,0.3535533905932738,2.613255739212036,1.1325570344924927,2.613255739212036,0.0
31,0.0,0.0,0.3535533905932738,2.6104304790496826,1.1043047904968262,2.6104304790496826,0.0
32,0.0,0.0,0.3535533905932738,2.6145646572113037,1.1456468105316162,2.6145646572113037,0.0
33,0.0,0.0,0.3535533905932738,2.6184394359588623,1.1843949556350708,2.6184394359588623,0.0
34,0.0,0.0,0.3535533905932738,2.6153883934020996,1.153885006904602,2.6153883934020996,0.0
35,0.0,0.0,0.3535533905932738,2.6152749061584473,1.15274977684021,2.6152749061584473,0.0
36,0.0,0.0,0.3535533905932738,2.6155142784118652,1.1551425457000732,2.6155142784118652,0.0
37,0.0,0.0,0.3535533905932738,2.6113791465759277,1.1137914657592773,2.6113791465759277,0.0
38,0.0,0.0,0.3535533905932738,2.612849712371826,1.1284968852996826,2.612849712371826,0.0
39,0.0,0.0,0.3535533905932738,2.6160099506378174,1.1600985527038574,2.6160099506378174,0.0
40,0.0,0.0,0.3535533905932738,2.612645387649536,1.1264541149139404,2.612645387649536,0.0
41,0.0,0.0,0.3535533905932738,2.615349531173706,1.1534953117370605,2.615349531173706,0.0
42,0.0,0.0,0.3535533905932738,2.6109366416931152,1.1093668937683105,2.6109366416931152,0.0
43,0.0,0.0,0.3535533905932738,2.615770101547241,1.1577012538909912,2.615770101547241,0.0
44,0.0,0.0,0.3535533905932738,2.6146507263183594,1.1465065479278564,2.6146507263183594,0.0
45,0.0,0.0,0.3535533905932738,2.610940933227539,1.1094090938568115,2.610940933227539,0.0
46,0.0,0.0,0.3535533905932738,2.6161048412323,1.1610493659973145,2.6161048412323,0.0
47,0.0,0.0,0.3535533905932738,2.6140081882476807,1.1400812864303589,2.6140081882476807,0.0
48,0.0,0.0,0.3535533905932738,2.6156060695648193,1.1560617685317993,2.6156060695648193,0.0
49,0.0,0.0,0.3535533905932738,2.611191987991333,1.1119189262390137,2.611191987991333,0.0
50,0.0,0.0,0.3535533905932738,2.6105029582977295,1.1050305366516113,2.6105029582977295,0.0
51,0.0,0.0,0.3535533905932738,2.6157402992248535,1.1574037075042725,2.6157402992248535,0.0
52,0.0,0.0,0.3535533905932738,2.6115078926086426,1.1150791645050049,2.6115078926086426,0.0
53,0.0,0.0,0.3535533905932738,2.616424560546875,1.164246678352356,2.616424560546875,0.0
54,0.0,0.0,0.3535533905932738,2.6118757724761963,1.118758201599121,2.6118757724761963,0.0
55,0.0,0.0,0.3535533905932738,2.609677791595459,1.0967786312103271,2.609677791595459,0.0
56,0.0,0.0,0.3535533905932738,2.6151280403137207,1.1512806415557861,2.6151280403137207,0.0
57,0.0,0.0,0.3535533905932738,2.610703468322754,1.1070353984832764,2.610703468322754,0.0
58,0.0,0.0,0.3535533905932738,2.614025831222534,1.1402587890625,2.614025831222534,0.0
59,0.0,0.0,0.3535533905932738,2.610954523086548,1.1095445156097412,2.610954523086548,0.0
60,0.0,0.0,0.3535533905932738,2.6140222549438477,1.1402225494384766,2.6140222549438477,0.0
61,0.0,0.0,0.3535533905932738,2.6111698150634766,1.1116989850997925,2.6111698150634766,0.0
62,0.0,0.0,0.3535533905932738,2.615011692047119,1.150117039680481,2.615011692047119,0.0
63,0.0,0.0,0.3535533905932738,2.611267328262329,1.112673282623291,2.611267328262329,0.0
64,0.0,0.0,0.3535533905932738,2.609684944152832,1.0968492031097412,2.609684944152832,0.0
65,0.0,0.0,0.3535533905932738,2.6098532676696777,1.0985321998596191,2.6098532676696777,0.0
66,0.0,0.0,0.3535533905932738,2.6121129989624023,1.1211297512054443,2.6121129989624023,0.0
67,0.0,0.0,0.3535533905932738,2.6136741638183594,1.1367417573928833,2.6136741638183594,0.0
68,0.0,0.0,0.3535533905932738,2.613699436187744,1.1369953155517578,2.613699436187744,0.0
69,0.0,0.0,0.3535533905932738,2.6079671382904053,1.079671859741211,2.6079671382904053,0.0
70,0.0,0.0,0.3535533905932738,2.6074178218841553,1.0741772651672363,2.6074178218841553,0.0
71,0.0,0.0,0.3535533905932738,2.6097354888916016,1.0973536968231201,2.6097354888916016,0.0
72,0.0,0.0,0.3535533905932738,2.610926866531372,1.1092684268951416,2.610926866531372,0.0
73,0.0,0.0,0.3535533905932738,2.6143133640289307,1.1431330442428589,2.6143133640289307,0.0
74,0.0,0.0,0.3535533905932738,2.607396364212036,1.0739641189575195,2.607396364212036,0.0
75,0.0,0.0,0.3535533905932738,2.6178481578826904,1.1784807443618774,2.6178481578826904,0.0
76,0.0,0.0,0.3535533905932738,2.6091713905334473,1.091714859008789,2.6091713905334473,0.0
77,0.0,0.0,0.3535533905932738,2.606719970703125,1.0672001838684082,2.606719970703125,0.0
78,0.0,0.0,0.3535533905932738,2.6075234413146973,1.0752335786819458,2.6075234413146973,0.0
79,0.0,0.0,0.3535533905932738,2.6109201908111572,1.1092021465301514,2.6109201908111572,0.0
80,0.0,0.0,0.3535533905932738,2.606828212738037,1.0682828426361084,2.606828212738037,0.0
81,0.0,0.0,0.3535533905932738,2.6089584827423096,1.0895838737487793,2.6089584827423096,0.0
82,0.0,0.0,0.3535533905932738,2.6134018898010254,1.1340196132659912,2.6134018898010254,0.0
83,0.0,0.0,0.3535533905932738,2.6141703128814697,1.1417038440704346,2.6141703128814697,0.0
84,0.0,0.0,0.3535533905932738,2.6110947132110596,1.110947847366333,2.6110947132110596,0.0
85,0.0,0.0,0.3535533905932738,2.6070141792297363,1.0701417922973633,2.6070141792297363,0.0
86,0.0,0.0,0.3535533905932738,2.605670928955078,1.0567090511322021,2.605670928955078,0.0
87,0.0,0.0,0.3535533905932738,2.603079080581665,1.0307915210723877,2.603079080581665,0.0
88,0.0,0.0,0.3535533905932738,2.608520746231079,1.0852068662643433,2.608520746231079,0.0
89,0.0,0.0,0.3535533905932738,2.612659454345703,1.126593828201294,2.612659454345703,0.0
90,0.0,0.0,0.3535533905932738,2.608682870864868,1.0868282318115234,2.608682870864868,0.0
91,0.0,0.0,0.3535533905932738,2.610016345977783,1.1001640558242798,2.610016345977783,0.0
92,0.0,0.0,0.3535533905932738,2.6117730140686035,1.1177306175231934,2.6117730140686035,0.0
93,0.0,0.0,0.3535533905932738,2.6061434745788574,1.0614335536956787,2.6061434745788574,0.0
94,0.0,0.0,0.3535533905932738,2.6084909439086914,1.0849089622497559,2.6084909439086914,0.0
95,0.0,0.0,0.3535533905932738,2.6062402725219727,1.0624022483825684,2.6062402725219727,0.0
96,0.0,0.0,0.3535533905932738,2.6111862659454346,1.1118637323379517,2.6111862659454346,0.0
97,0.0,0.0,0.3535533905932738,2.6084530353546143,1.0845310688018799,2.6084530353546143,0.0
98,0.0,0.0,0.3535533905932738,2.6064870357513428,1.0648698806762695,2.6064870357513428,0.0
99,0.0,0.0,0.3535533905932738,2.605607748031616,1.056078314781189,2.605607748031616,0.0
100,0.0,0.0,0.3535533905932738,2.6077983379364014,1.0779831409454346,2.6077983379364014,0.0
101,0.0,0.0,0.3535533905932738,2.6079578399658203,1.0795786380767822,2.6079578399658203,0.0
102,0.0,0.0,0.3535533905932738,2.6068098545074463,1.0680975914001465,2.6068098545074463,0.0
103,0.0,0.0,0.3535533905932738,2.6073079109191895,1.0730798244476318,2.6073079109191895,0.0
104,0.0,0.0,0.3535533905932738,2.60168194770813,1.0168192386627197,2.60168194770813,0.0
105,0.0,0.0,0.3535533905932738,2.603269100189209,1.0326898097991943,2.603269100189209,0.0
106,0.0,0.0,0.3535533905932738,2.6038737297058105,1.0387369394302368,2.6038737297058105,0.0
107,0.0,0.0,0.3535533905932738,2.605590343475342,1.055903673171997,2.605590343475342,0.0
108,0.0,0.0,0.3535533905932738,2.6026861667633057,1.0268619060516357,2.6026861667633057,0.0
109,0.0,0.0,0.3535533905932738,2.6085801124572754,1.0858018398284912,2.6085801124572754,0.0
110,0.0,0.0,0.3535533905932738,2.602764844894409,1.0276495218276978,2.602764844894409,0.0
111,0.0,0.0,0.3535533905932738,2.6048238277435303,1.0482373237609863,2.6048238277435303,0.0
112,0.0,0.0,0.3535533905932738,2.610593795776367,1.1059372425079346,2.610593795776367,0.0
113,0.0,0.0,0.3535533905932738,2.6049001216888428,1.0490003824234009,2.6049001216888428,0.0
114,0.0,0.0,0.3535533905932738,2.6010072231292725,1.010072946548462,2.6010072231292725,0.0
115,0.0,0.0,0.3535533905932738,2.602924108505249,1.029240608215332,2.602924108505249,0.0
116,0.0,0.0,0.3535533905932738,2.604386568069458,1.0438661575317383,2.604386568069458,0.0
117,0.0,0.0,0.3535533905932738,2.6035993099212646,1.0359930992126465,2.6035993099212646,0.0
118,0.0,0.0,0.3535533905932738,2.6036949157714844,1.036949634552002,2.6036949157714844,0.0
119,0.0,0.0,0.3535533905932738,2.6060843467712402,1.0608434677124023,2.6060843467712402,0.0
120,0.0,0.0,0.3535533905932738,2.603161096572876,1.0316110849380493,2.603161096572876,0.0
121,0.0,0.0,0.3535533905932738,2.6072795391082764,1.07279634475708,2.6072795391082764,0.0
122,0.0,0.0,0.3535533905932738,2.600548505783081,1.0054856538772583,2.600548505783081,0.0
123,0.0,0.0,0.3535533905932738,2.6024882793426514,1.0248830318450928,2.6024882793426514,0.0
124,0.0,0.0,0.3535533905932738,2.6063051223754883,1.063050627708435,2.6063051223754883,0.0
125,0.0,0.0,0.3535533905932738,2.6046650409698486,1.0466513633728027,2.6046650409698486,0.0
126,0.0,0.0,0.3535533905932738,2.603707790374756,1.0370769500732422,2.603707790374756,0.0
127,0.0,0.0,0.3535533905932738,2.6077089309692383,1.0770899057388306,2.6077089309692383,0.0
128,0.0,0.0,0.3535533905932738,2.603571891784668,1.0357182025909424,2.603571891784668,0.0
129,0.0,0.0,0.3535533905932738,2.6068360805511475,1.0683609247207642,2.6068360805511475,0.0
130,0.0,0.0,0.3535533905932738,2.6036808490753174,1.0368081331253052,2.6036808490753174,0.0
131,0.0,0.0,0.3535533905932738,2.604519844055176,1.0451974868774414,2.604519844055176,0.0
132,0.0,0.0,0.3535533905932738,2.6014697551727295,1.0146980285644531,2.6014697551727295,0.0
133,0.0,0.0,0.3535533905932738,2.6030068397521973,1.0300687551498413,2.6030068397521973,0.0
134,0.0,0.0,0.3535533905932738,2.603621006011963,1.0362093448638916,2.603621006011963,0.0
135,0.0,0.0,0.3535533905932738,2.6082708835601807,1.0827091932296753,2.6082708835601807,0.0
136,0.0,0.0,0.3535533905932738,2.6015267372131348,1.0152679681777954,2.6015267372131348,0.0
137,0.0,0.0,0.3535533905932738,2.604733943939209,1.0473403930664062,2.604733943939209,0.0
138,0.0,0.0,0.3535533905932738,2.5969371795654297,0.9693714380264282,2.5969371795654297,0.0
139,0.0,0.0,0.3535533905932738,2.6088998317718506,1.088997721672058,2.6088998317718506,0.0
140,0.0,0.0,0.3535533905932738,2.6030452251434326,1.0304512977600098,2.6030452251434326,0.0
141,0.0,0.0,0.3535533905932738,2.6023011207580566,1.0230108499526978,2.6023011207580566,0.0
142,0.0,0.0,0.3535533905932738,2.6038548946380615,1.0385491847991943,2.6038548946380615,0.0
143,0.0,0.0,0.3535533905932738,2.6045098304748535,1.0450983047485352,2.6045098304748535,0.0
144,0.0,0.0,0.3535533905932738,2.5990638732910156,0.9906384944915771,2.5990638732910156,0.0
145,0.0,0.0,0.3535533905932738,2.599621057510376,0.9962113499641418,2.599621057510376,0.0
146,0.0,0.0,0.3535533905932738,2.5995471477508545,0.9954718351364136,2.5995471477508545,0.0
147,0.0,0.0,0.3535533905932738,2.600125551223755,1.0012545585632324,2.600125551223755,0.0
148,0.0,0.0,0.3535533905932738,2.6015353202819824,1.0153535604476929,2.6015353202819824,0.0
149,0.0,0.0,0.3535533905932738,2.600051164627075,1.0005125999450684,2.600051164627075,0.0
150,0.0,0.0,0.3535533905932738,2.6044228076934814,1.0442273616790771,2.6044228076934814,0.0
151,0.0,0.0,0.3535533905932738,2.5971739292144775,0.9717389345169067,2.5971739292144775,0.0
152,0.0,0.0,0.3535533905932738,2.6001386642456055,1.0013868808746338,2.6001386642456055,0.0
153,0.0,0.0,0.3535533905932738,2.600614070892334,1.0061397552490234,2.600614070892334,0.0
154,0.0,0.0,0.3535533905932738,2.5994272232055664,0.9942721724510193,2.5994272232055664,0.0
155,0.0,0.0,0.3535533905932738,2.601661443710327,1.016614317893982,2.601661443710327,0.0
156,0.0,0.0,0.3535533905932738,2.6000900268554688,1.000899314880371,2.6000900268554688,0.0
157,0.0,0.0,0.3535533905932738,2.5996274948120117,0.9962761402130127,2.5996274948120117,0.0
158,0.0,0.0,0.3535533905932738,2.600442886352539,1.0044300556182861,2.600442886352539,0.0
159,0.0,0.0,0.3535533905932738,2.6030118465423584,1.0301194190979004,2.6030118465423584,0.0
160,0.0,0.0,0.3535533905932738,2.6030454635620117,1.0304539203643799,2.6030454635620117,0.0
161,0.0,0.0,0.3535533905932738,2.5950567722320557,0.9505686163902283,2.5950567722320557,0.0
162,0.0,0.0,0.3535533905932738,2.5979132652282715,0.979131817817688,2.5979132652282715,0.0
163,0.0,0.0,0.3535533905932738,2.602262258529663,1.0226221084594727,2.602262258529663,0.0
164,0.0,0.0,0.3535533905932738,2.5956225395202637,0.9562244415283203,2.5956225395202637,0.0
165,0.0,0.0,0.3535533905932738,2.5962307453155518,0.9623072743415833,2.5962307453155518,0.0
166,0.0,0.0,0.3535533905932738,2.6010282039642334,1.0102814435958862,2.6010282039642334,0.0
167,0.0,0.0,0.3535533905932738,2.598137617111206,0.9813758134841919,2.598137617111206,0.0
168,0.0,0.0,0.3535533905932738,2.5959672927856445,0.9596732258796692,2.5959672927856445,0.0
169,0.0,0.0,0.3535533905932738,2.599377393722534,0.9937740564346313,2.599377393722534,0.0
170,0.0,0.0,0.3535533905932738,2.5988681316375732,0.9886811375617981,2.5988681316375732,0.0
171,0.0,0.0,0.3535533905932738,2.595196485519409,0.9519653916358948,2.595196485519409,0.0
172,0.0,0.0,0.3535533905932738,2.5981037616729736,0.9810376167297363,2.5981037616729736,0.0
173,0.0,0.0,0.3535533905932738,2.5905542373657227,0.9055431485176086,2.5905542373657227,0.0
174,0.0,0.0,0.3535533905932738,2.597841262817383,0.9784114360809326,2.597841262817383,0.0
175,0.0,0.0,0.3535533905932738,2.602745532989502,1.0274560451507568,2.602745532989502,0.0
176,0.0,0.0,0.3535533905932738,2.594637870788574,0.9463779330253601,2.594637870788574,0.0
177,0.0,0.0,0.3535533905932738,2.5993218421936035,0.9932196140289307,2.5993218421936035,0.0
178,0.0,0.0,0.3535533905932738,2.5993709564208984,0.9937084913253784,2.5993709564208984,0.0
179,0.0,0.0,0.3535533905932738,2.5975492000579834,0.9754927754402161,2.5975492000579834,0.0
180,0.0,0.0,0.3535533905932738,2.5944902896881104,0.9449024200439453,2.5944902896881104,0.0
181,0.0,0.0,0.3535533905932738,2.596397638320923,0.9639765024185181,2.596397638320923,0.0
182,0.0,0.0,0.3535533905932738,2.6033174991607666,1.0331740379333496,2.6033174991607666,0.0
183,0.0,0.0,0.3535533905932738,2.599881887435913,0.998818576335907,2.599881887435913,0.0
184,0.0,0.0,0.3535533905932738,2.596693754196167,0.9669383764266968,2.596693754196167,0.0
185,0.0,0.0,0.3535533905932738,2.591426372528076,0.9142648577690125,2.591426372528076,0.0
186,0.0,0.0,0.3535533905932738,2.595435619354248,0.9543565511703491,2.595435619354248,0.0
187,0.0,0.0,0.3535533905932738,2.60384464263916,1.0384459495544434,2.60384464263916,0.0
188,0.0,0.0,0.3535533905932738,2.5961132049560547,0.9611330628395081,2.5961132049560547,0.0
189,0.0,0.0,0.3535533905932738,2.594998598098755,0.949985146522522,2.594998598098755,0.0
190,0.0,0.0,0.3535533905932738,2.5927298069000244,0.927297055721283,2.5927298069000244,0.0
191,0.0,0.0,0.3535533905932738,2.5989420413970947,0.9894209504127502,2.5989420413970947,0.0
192,0.0,0.0,0.3535533905932738,2.590352773666382,0.9035268425941467,2.590352773666382,0.0
193,0.0,0.0,0.3535533905932738,2.5921742916107178,0.921741783618927,2.5921742916107178,0.0
194,0.0,0.0,0.3535533905932738,2.5970590114593506,0.9705896377563477,2.5970590114593506,0.0
195,0.0,0.0,0.3535533905932738,2.59671950340271,0.9671950936317444,2.59671950340271,0.0
196,0.0,0.0,0.3535533905932738,2.595082998275757,0.9508303999900818,2.595082998275757,0.0
197,0.0,0.0,0.3535533905932738,2.596468210220337,0.9646824598312378,2.596468210220337,0.0
198,0.0,0.0,0.3535533905932738,2.5911359786987305,0.9113608002662659,2.5911359786987305,0.0
199,0.0,0.0,0.3535533905932738,2.593310594558716,0.9331070780754089,2.593310594558716,0.0
200,0.0,0.0,0.3535533905932738,2.595123052597046,0.9512301087379456,2.595123052597046,0.0
201,0.0,0.0,0.3535533905932738,2.597142219543457,0.9714223742485046,2.597142219543457,0.0
202,0.0,0.0,0.3535533905932738,2.5956313610076904,0.9563145637512207,2.5956313610076904,0.0
203,0.0,0.0,0.3535533905932738,2.595726251602173,0.9572626948356628,2.595726251602173,0.0
204,0.0,0.0,0.3535533905932738,2.595540761947632,0.9554081559181213,2.595540761947632,0.0
205,0.0,0.0,0.3535533905932738,2.5882229804992676,0.8822300434112549,2.5882229804992676,0.0
206,0.0,0.0,0.3535533905932738,2.594050168991089,0.9405019879341125,2.594050168991089,0.0
207,0.0,0.0,0.3535533905932738,2.6029915809631348,1.0299155712127686,2.6029915809631348,0.0
208,0.0,0.0,0.3535533905932738,2.5965476036071777,0.9654749035835266,2.5965476036071777,0.0
209,0.0,0.0,0.3535533905932738,2.5971317291259766,0.9713170528411865,2.5971317291259766,0.0
210,0.0,0.0,0.3535533905932738,2.590899705886841,0.9089974164962769,2.590899705886841,0.0
211,0.0,0.0,0.3535533905932738,2.591383457183838,0.9138337969779968,2.591383457183838,0.0
212,0.0,0.0,0.3535533905932738,2.592989683151245,0.9298972487449646,2.592989683151245,0.0
213,0.0,0.0,0.3535533905932738,2.591472625732422,0.9147260189056396,2.591472625732422,0.0
214,0.0,0.0,0.3535533905932738,2.5938491821289062,0.9384912252426147,2.5938491821289062,0.0
215,0.0,0.0,0.3535533905932738,2.5956811904907227,0.9568126797676086,2.5956811904907227,0.0
216,0.0,0.0,0.3535533905932738,2.598612070083618,0.9861196875572205,2.598612070083618,0.0
217,0.0,0.0,0.3535533905932738,2.590650796890259,0.9065083861351013,2.590650796890259,0.0
218,0.0,0.0,0.3535533905932738,2.5936920642852783,0.9369207620620728,2.5936920642852783,0.0
219,0.0,0.0,0.3535533905932738,2.5939972400665283,0.9399734139442444,2.5939972400665283,0.0
220,0.0,0.0,0.3535533905932738,2.5896122455596924,0.8961228132247925,2.5896122455596924,0.0
221,0.0,0.0,0.3535533905932738,2.5944747924804688,0.9447487592697144,2.5944747924804688,0.0
222,0.0,0.0,0.3535533905932738,2.5875136852264404,0.8751361966133118,2.5875136852264404,0.0
223,0.0,0.0,0.3535533905932738,2.5966458320617676,0.9664586782455444,2.5966458320617676,0.0
224,0.0,0.0,0.3535533905932738,2.593381643295288,0.9338159561157227,2.593381643295288,0.0
225,0.0,0.0,0.3535533905932738,2.5844852924346924,0.8448522090911865,2.5844852924346924,0.0
226,0.0,0.0,0.3535533905932738,2.591796636581421,0.9179659485816956,2.591796636581421,0.0
227,0.0,0.0,0.3535533905932738,2.59495210647583,0.9495206475257874,2.59495210647583,0.0
228,0.0,0.0,0.3535533905932738,2.5957701206207275,0.9577010273933411,2.5957701206207275,0.0
229,0.0,0.0,0.3535533905932738,2.581960439682007,0.8196044564247131,2.581960439682007,0.0
230,0.0,0.0,0.3535533905932738,2.59171986579895,0.9171983003616333,2.59171986579895,0.0
231,0.0,0.0,0.3535533905932738,2.596104860305786,0.9610496759414673,2.596104860305786,0.0
232,0.0,0.0,0.3535533905932738,2.593075752258301,0.9307582974433899,2.593075752258301,0.0
233,0.0,0.0,0.3535533905932738,2.5921804904937744,0.9218043088912964,2.5921804904937744,0.0
234,0.0,0.0,0.3535533905932738,2.588015079498291,0.8801519870758057,2.588015079498291,0.0
235,0.0,0.0,0.3535533905932738,2.5890212059020996,0.8902130126953125,2.5890212059020996,0.0
236,0.0,0.0,0.3535533905932738,2.59009051322937,0.9009060859680176,2.59009051322937,0.0
237,0.0,0.0,0.3535533905932738,2.5893399715423584,0.8934006094932556,2.5893399715423584,0.0
238,0.0,0.0,0.3535533905932738,2.5926177501678467,0.9261782169342041,2.5926177501678467,0.0
239,0.0,0.0,0.3535533905932738,2.5867578983306885,0.8675785064697266,2.5867578983306885,0.0
240,0.0,0.0,0.3535533905932738,2.590578079223633,0.9057813286781311,2.590578079223633,0.0
241,0.0,0.0,0.3535533905932738,2.588033676147461,0.8803372383117676,2.588033676147461,0.0
242,0.0,0.0,0.3535533905932738,2.590277910232544,0.902778685092926,2.590277910232544,0.0
243,0.0,0.0,0.3535533905932738,2.5941097736358643,0.9410969614982605,2.5941097736358643,0.0
244,0.0,0.0,0.3535533905932738,2.588728666305542,0.8872859477996826,2.588728666305542,0.0
245,0.0,0.0,0.3535533905932738,2.5887632369995117,0.887631356716156,2.5887632369995117,0.0
246,0.0,0.0,0.3535533905932738,2.5908682346343994,0.9086830615997314,2.5908682346343994,0.0
247,0.0,0.0,0.3535533905932738,2.5833399295806885,0.8333984017372131,2.5833399295806885,0.0
248,0.0,0.0,0.3535533905932738,2.593055248260498,0.9305518865585327,2.593055248260498,0.0
249,0.0,0.0,0.3535533905932738,2.5774168968200684,0.7741681933403015,2.5774168968200684,0.0
250,0.0,0.0,0.3535533905932738,2.595900774002075,0.9590073823928833,2.595900774002075,0.0
251,0.0,0.0,0.3535533905932738,2.601367235183716,1.0136719942092896,2.601367235183716,0.0
252,0.0,0.0,0.3535533905932738,2.584449052810669,0.8444909453392029,2.584449052810669,0.0
253,0.0,0.0,0.3535533905932738,2.5933196544647217,0.9331961870193481,2.5933196544647217,0.0
254,0.0,0.0,0.3535533905932738,2.588902473449707,0.8890249729156494,2.588902473449707,0.0
255,0.0,0.0,0.3535533905932738,2.5972659587860107,0.9726601839065552,2.5972659587860107,0.0
256,0.0,0.0,0.3535533905932738,2.587477922439575,0.8747803568840027,2.587477922439575,0.0
257,0.0,0.0,0.3535533905932738,2.5916531085968018,0.9165302515029907,2.5916531085968018,0.0
258,0.0,0.0,0.3535533905932738,2.5976457595825195,0.9764572978019714,2.5976457595825195,0.0
259,0.0,0.0,0.3535533905932738,2.5872910022735596,0.872910737991333,2.5872910022735596,0.0
260,0.0,0.0,0.3535533905932738,2.585751533508301,0.8575153350830078,2.585751533508301,0.0
261,0.0,0.0,0.3535533905932738,2.5874054431915283,0.8740540146827698,2.5874054431915283,0.0
262,0.0,0.0,0.3535533905932738,2.5964269638061523,0.9642698764801025,2.5964269638061523,0.0
263,0.0,0.0,0.3535533905932738,2.5867624282836914,0.8676232695579529,2.5867624282836914,0.0
264,0.0,0.0,0.3535533905932738,2.584484338760376,0.8448424339294434,2.584484338760376,0.0
265,0.0,0.0,0.3535533905932738,2.5852622985839844,0.8526236414909363,2.5852622985839844,0.0
266,0.0,0.0,0.3535533905932738,2.582484006881714,0.8248408436775208,2.582484006881714,0.0
267,0.0,0.0,0.3535533905932738,2.585855007171631,0.8585504293441772,2.585855007171631,0.0
268,0.0,0.0,0.3535533905932738,2.5926859378814697,0.9268601536750793,2.5926859378814697,0.0
269,0.0,0.0,0.3535533905932738,2.588435411453247,0.8843547105789185,2.588435411453247,0.0
270,0.0,0.0,0.3535533905932738,2.585381031036377,0.8538108468055725,2.585381031036377,0.0
271,0.0,0.0,0.3535533905932738,2.5796220302581787,0.7962213754653931,2.5796220302581787,0.0
272,0.0,0.0,0.3535533905932738,2.582728624343872,0.8272868394851685,2.582728624343872,0.0
273,0.0,0.0,0.3535533905932738,2.5956223011016846,0.9562227725982666,2.5956223011016846,0.0
274,0.0,0.0,0.3535533905932738,2.59032940864563,0.9032934308052063,2.59032940864563,0.0
275,0.0,0.0,0.3535533905932738,2.5833418369293213,0.8334177732467651,2.5833418369293213,0.0
276,0.0,0.0,0.3535533905932738,2.588897943496704,0.8889790773391724,2.588897943496704,0.0
277,0.0,0.0,0.3535533905932738,2.5892457962036133,0.8924588561058044,2.5892457962036133,0.0
278,0.0,0.0,0.3535533905932738,2.581712484359741,0.8171257376670837,2.581712484359741,0.0
279,0.0,0.0,0.3535533905932738,2.5831313133239746,0.8313126564025879,2.5831313133239746,0.0
280,0.0,0.0,0.3535533905932738,2.585676908493042,0.8567680716514587,2.585676908493042,0.0
281,0.0,0.0,0.3535533905932738,2.5824196338653564,0.8241956233978271,2.5824196338653564,0.0
282,0.0,0.0,0.3535533905932738,2.589731216430664,0.8973118662834167,2.589731216430664,0.0
283,0.0,0.0,0.3535533905932738,2.583919048309326,0.8391902446746826,2.583919048309326,0.0
284,0.0,0.0,0.3535533905932738,2.5878918170928955,0.8789175748825073,2.5878918170928955,0.0
285,0.0,0.0,0.3535533905932738,2.5931732654571533,0.9317317605018616,2.5931732654571533,0.0
286,0.0,0.0,0.3535533905932738,2.5786213874816895,0.7862139344215393,2.5786213874816895,0.0
287,0.0,0.0,0.3535533905932738,2.578556537628174,0.7855662703514099,2.578556537628174,0.0
288,0.0,0.0,0.3535533905932738,2.586775064468384,0.8677502870559692,2.586775064468384,0.0
289,0.0,0.0,0.3535533905932738,2.5891852378845215,0.8918527364730835,2.5891852378845215,0.0
290,0.0,0.0,0.3535533905932738,2.587550401687622,0.8755046129226685,2.587550401687622,0.0
291,0.0,0.0,0.3535533905932738,2.5812597274780273,0.812597930431366,2.5812597274780273,0.0
292,0.0,0.0,0.3535533905932738,2.5860395431518555,0.8603954315185547,2.5860395431518555,0.0
293,0.0,0.0,0.3535533905932738,2.576284408569336,0.7628442049026489,2.576284408569336,0.0
294,0.0,0.0,0.3535533905932738,2.580538034439087,0.80538010597229,2.580538034439087,0.0
295,0.0,0.0,0.3535533905932738,2.582825183868408,0.8282519578933716,2.582825183868408,0.0
296,0.0,0.0,0.3535533905932738,2.587616443634033,0.8761640787124634,2.587616443634033,0.0
297,0.0,0.0,0.3535533905932738,2.586630344390869,0.8663043975830078,2.586630344390869,0.0
298,0.0,0.0,0.3535533905932738,2.5853309631347656,0.8533084392547607,2.5853309631347656,0.0
299,0.0,0.0,0.3535533905932738,2.585050106048584,0.8505009412765503,2.585050106048584,0.0
300,0.0,0.0,0.3535533905932738,2.5796303749084473,0.7963048815727234,2.5796303749084473,0.0
301,0.0,0.0,0.3535533905932738,2.5888357162475586,0.8883580565452576,2.5888357162475586,0.0
302,0.0,0.0,0.3535533905932738,2.5869851112365723,0.8698509931564331,2.5869851112365723,0.0
303,0.0,0.0,0.3535533905932738,2.584444999694824,0.8444506525993347,2.584444999694824,0.0
304,0.0,0.0,0.3535533905932738,2.5816378593444824,0.8163774013519287,2.5816378593444824,0.0
305,0.0,0.0,0.3535533905932738,2.587721109390259,0.87721186876297,2.587721109390259,0.0
306,0.0,0.0,0.3535533905932738,2.5940451622009277,0.9404509663581848,2.5940451622009277,0.0
307,0.0,0.0,0.3535533905932738,2.591360092163086,0.9136005640029907,2.591360092163086,0.0
308,0.0,0.0,0.3535533905932738,2.5826659202575684,0.8266603350639343,2.5826659202575684,0.0
309,0.0,0.0,0.3535533905932738,2.584022283554077,0.840222954750061,2.584022283554077,0.0
310,0.0,0.0,0.3535533905932738,2.5842480659484863,0.8424814343452454,2.5842480659484863,0.0
311,0.0,0.0,0.3535533905932738,2.5833523273468018,0.8335243463516235,2.5833523273468018,0.0
312,0.0,0.0,0.3535533905932738,2.5811121463775635,0.8111209273338318,2.5811121463775635,0.0
313,0.0,0.0,0.3535533905932738,2.585176706314087,0.8517676591873169,2.585176706314087,0.0
314,0.0,0.0,0.3535533905932738,2.578202724456787,0.7820274233818054,2.578202724456787,0.0
315,0.0,0.0,0.3535533905932738,2.5855321884155273,0.8553228378295898,2.5855321884155273,0.0
316,0.0,0.0,0.3535533905932738,2.584211826324463,0.8421179056167603,2.584211826324463,0.0
317,0.0,0.0,0.3535533905932738,2.588231086730957,0.8823115229606628,2.588231086730957,0.0
318,0.0,0.0,0.3535533905932738,2.5694992542266846,0.694992184638977,2.5694992542266846,0.0
319,0.0,0.0,0.3535533905932738,2.5846567153930664,0.8465679287910461,2.5846567153930664,0.0
320,0.0,0.0,0.3535533905932738,2.5824975967407227,0.8249765634536743,2.5824975967407227,0.0
321,0.0,0.0,0.3535533905932738,2.577630043029785,0.7763016223907471,2.577630043029785,0.0
322,0.0,0.0,0.3535533905932738,2.5784196853637695,0.7841973900794983,2.5784196853637695,0.0
323,0.0,0.0,0.3535533905932738,2.5776631832122803,0.7766328454017639,2.5776631832122803,0.0
324,0.0,0.0,0.3535533905932738,2.587944269180298,0.8794437646865845,2.587944269180298,0.0
325,0.0,0.0,0.3535533905932738,2.576288938522339,0.7628885507583618,2.576288938522339,0.0
326,0.0,0.0,0.3535533905932738,2.574617624282837,0.7461764812469482,2.574617624282837,0.0
327,0.0,0.0,0.3535533905932738,2.5732860565185547,0.7328605055809021,2.5732860565185547,0.0
328,0.0,0.0,0.3535533905932738,2.5803632736206055,0.8036336898803711,2.5803632736206055,0.0
329,0.0,0.0,0.3535533905932738,2.581949234008789,0.8194924592971802,2.581949234008789,0.0
330,0.0,0.0,0.3535533905932738,2.576580047607422,0.765799343585968,2.576580047607422,0.0
331,0.0,0.0,0.3535533905932738,2.5729918479919434,0.7299188375473022,2.5729918479919434,0.0
332,0.0,0.0,0.3535533905932738,2.5856101512908936,0.8561009764671326,2.5856101512908936,0.0
333,0.0,0.0,0.3535533905932738,2.5793278217315674,0.7932782769203186,2.5793278217315674,0.0
334,0.0,0.0,0.3535533905932738,2.5836470127105713,0.8364709615707397,2.5836470127105713,0.0
335,0.0,0.0,0.3535533905932738,2.5885021686553955,0.8850215077400208,2.5885021686553955,0.0
336,0.0,0.0,0.3535533905932738,2.57589054107666,0.7589060068130493,2.57589054107666,0.0
337,0.0,0.0,0.3535533905932738,2.573756694793701,0.7375677227973938,2.573756694793701,0.0
338,0.0,0.0,0.3535533905932738,2.5853354930877686,0.8533544540405273,2.5853354930877686,0.0
339,0.0,0.0,0.3535533905932738,2.578040599822998,0.7804051041603088,2.578040599822998,0.0
340,0.0,0.0,0.3535533905932738,2.5861032009124756,0.8610328435897827,2.5861032009124756,0.0
341,0.0,0.0,0.3535533905932738,2.570209503173828,0.7020962238311768,2.570209503173828,0.0
342,0.0,0.0,0.3535533905932738,2.5685315132141113,0.685315728187561,2.5685315132141113,0.0
343,0.0,0.0,0.3535533905932738,2.577637195587158,0.7763708233833313,2.577637195587158,0.0
344,0.0,0.0,0.3535533905932738,2.5777812004089355,0.777813196182251,2.5777812004089355,0.0
345,0.0,0.0,0.3535533905932738,2.5827133655548096,0.8271327018737793,2.5827133655548096,0.0
346,0.0,0.0,0.3535533905932738,2.576601266860962,0.7660132050514221,2.576601266860962,0.0
347,0.0,0.0,0.3535533905932738,2.5756046772003174,0.7560470700263977,2.5756046772003174,0.0
348,0.0,0.0,0.3535533905932738,2.5745058059692383,0.7450584769248962,2.5745058059692383,0.0
349,0.0,0.0,0.3535533905932738,2.579766035079956,0.7976593971252441,2.579766035079956,0.0
350,0.0,0.0,0.3535533905932738,2.585711717605591,0.8571174144744873,2.585711717605591,0.0
351,0.0,0.0,0.3535533905932738,2.575420618057251,0.7542068958282471,2.575420618057251,0.0
352,0.0,0.0,0.3535533905932738,2.58461594581604,0.8461588621139526,2.58461594581604,0.0
353,0.0,0.0,0.3535533905932738,2.5820610523223877,0.8206102252006531,2.5820610523223877,0.0
354,0.0,0.0,0.3535533905932738,2.57895827293396,0.7895832061767578,2.57895827293396,0.0
355,0.0,0.0,0.3535533905932738,2.5804927349090576,0.8049282431602478,2.5804927349090576,0.0
356,0.0,0.0,0.3535533905932738,2.5732107162475586,0.7321074604988098,2.5732107162475586,0.0
357,0.0,0.0,0.3535533905932738,2.5718860626220703,0.7188611030578613,2.5718860626220703,0.0
358,0.0,0.0,0.3535533905932738,2.578692674636841,0.7869261503219604,2.578692674636841,0.0
359,0.0,0.0,0.3535533905932738,2.576747179031372,0.7674728631973267,2.576747179031372,0.0
360,0.0,0.0,0.3535533905932738,2.5672805309295654,0.6728061437606812,2.5672805309295654,0.0
361,0.0,0.0,0.3535533905932738,2.5868101119995117,0.8681014180183411,2.5868101119995117,0.0
362,0.0,0.0,0.3535533905932738,2.5762720108032227,0.76272052526474,2.5762720108032227,0.0
363,0.0,0.0,0.3535533905932738,2.5757029056549072,0.7570286989212036,2.5757029056549072,0.0
364,0.0,0.0,0.3535533905932738,2.5789103507995605,0.7891033291816711,2.5789103507995605,0.0
365,0.0,0.0,0.3535533905932738,2.580742597579956,0.8074250221252441,2.580742597579956,0.0
366,0.0,0.0,0.3535533905932738,2.575277328491211,0.7527740001678467,2.575277328491211,0.0
367,0.0,0.0,0.3535533905932738,2.589487314224243,0.8948725461959839,2.589487314224243,0.0
368,0.0,0.0,0.3535533905932738,2.5777029991149902,0.7770299911499023,2.5777029991149902,0.0
369,0.0,0.0,0.3535533905932738,2.5784225463867188,0.7842257618904114,2.5784225463867188,0.0
370,0.0,0.0,0.3535533905932738,2.5784451961517334,0.7844529747962952,2.5784451961517334,0.0
371,0.0,0.0,0.3535533905932738,2.580169200897217,0.8016923666000366,2.580169200897217,0.0
372,0.0,0.0,0.3535533905932738,2.581777334213257,0.8177737593650818,2.581777334213257,0.0
373,0.0,0.0,0.3535533905932738,2.5844154357910156,0.8441545963287354,2.5844154357910156,0.0
374,0.0,0.0,0.3535533905932738,2.579632520675659,0.7963250279426575,2.579632520675659,0.0
375,0.0,0.0,0.3535533905932738,2.5733513832092285,0.733514666557312,2.5733513832092285,0.0
376,0.0,0.0,0.3535533905932738,2.5847010612487793,0.8470109105110168,2.5847010612487793,0.0
377,0.0,0.0,0.3535533905932738,2.5765819549560547,0.7658187747001648,2.5765819549560547,0.0
378,0.0,0.0,0.3535533905932738,2.578545093536377,0.7854499220848083,2.578545093536377,0.0
379,0.0,0.0,0.3535533905932738,2.577794075012207,0.7779409289360046,2.577794075012207,0.0
380,0.0,0.0,0.3535533905932738,2.578448534011841,0.784484326839447,2.578448534011841,0.0
381,0.0,0.0,0.3535533905932738,2.577688217163086,0.7768818736076355,2.577688217163086,0.0
382,0.0,0.0,0.3535533905932738,2.580188512802124,0.8018851280212402,2.580188512802124,0.0
383,0.0,0.0,0.3535533905932738,2.5777366161346436,0.7773662805557251,2.5777366161346436,0.0
384,0.0,0.0,0.3535533905932738,2.5772557258605957,0.7725574970245361,2.5772557258605957,0.0
385,0.0,0.0,0.3535533905932738,2.577890157699585,0.7789008021354675,2.577890157699585,0.0
386,0.0,0.0,0.3535533905932738,2.5718977451324463,0.7189781665802002,2.5718977451324463,0.0
387,0.0,0.0,0.3535533905932738,2.573458671569824,0.734585702419281,2.573458671569824,0.0
388,0.0,0.0,0.3535533905932738,2.57486891746521,0.7486880421638489,2.57486891746521,0.0
389,0.0,0.0,0.3535533905932738,2.5849571228027344,0.8495702147483826,2.5849571228027344,0.0
390,0.0,0.0,0.3535533905932738,2.578289270401001,0.7828934192657471,2.578289270401001,0.0
391,0.0,0.0,0.3535533905932738,2.570026397705078,0.7002632021903992,2.570026397705078,0.0
392,0.0,0.0,0.3535533905932738,2.5813989639282227,0.8139898777008057,2.5813989639282227,0.0
393,0.0,0.0,0.3535533905932738,2.579228401184082,0.7922845482826233,2.579228401184082,0.0
394,0.0,0.0,0.3535533905932738,2.577058792114258,0.7705888748168945,2.577058792114258,0.0
395,0.0,0.0,0.3535533905932738,2.566394329071045,0.6639444828033447,2.566394329071045,0.0
396,0.0,0.0,0.3535533905932738,2.569422721862793,0.6942268013954163,2.569422721862793,0.0
397,0.0,0.0,0.3535533905932738,2.572878837585449,0.7287884950637817,2.572878837585449,0.0
398,0.0,0.0,0.3535533905932738,2.5762782096862793,0.7627820372581482,2.5762782096862793,0.0
399,0.0,0.0,0.3535533905932738,2.5700151920318604,0.7001528739929199,2.5700151920318604,0.0
400,0.0,0.0,0.3535533905932738,2.5807905197143555,0.8079043030738831,2.5807905197143555,0.0
401,0.0,0.0,0.3535533905932738,2.5719335079193115,0.7193339467048645,2.5719335079193115,0.0
402,0.0,0.0,0.3535533905932738,2.570869207382202,0.7086926102638245,2.570869207382202,0.0
403,0.0,0.0,0.3535533905932738,2.569545030593872,0.6954507827758789,2.569545030593872,0.0
404,0.0,0.0,0.3535533905932738,2.563506603240967,0.6350654363632202,2.563506603240967,0.0
405,0.0,0.0,0.3535533905932738,2.5719594955444336,0.7195954918861389,2.5719594955444336,0.0
406,0.0,0.0,0.3535533905932738,2.5611066818237305,0.6110680103302002,2.5611066818237305,0.0
407,0.0,0.0,0.3535533905932738,2.565657138824463,0.6565722227096558,2.565657138824463,0.0
408,0.0,0.0,0.3535533905932738,2.5627501010894775,0.6275011301040649,2.5627501010894775,0.0
409,0.0,0.0,0.3535533905932738,2.575806140899658,0.7580615282058716,2.575806140899658,0.0
410,0.0,0.0,0.3535533905932738,2.5730764865875244,0.7307658195495605,2.5730764865875244,0.0
411,0.0,0.0,0.3535533905932738,2.563406467437744,0.6340652704238892,2.563406467437744,0.0
412,0.0,0.0,0.3535533905932738,2.5783438682556152,0.7834374904632568,2.5783438682556152,0.0
413,0.0,0.0,0.3535533905932738,2.5724728107452393,0.7247269749641418,2.5724728107452393,0.0
414,0.0,0.0,0.3535533905932738,2.573376178741455,0.7337612509727478,2.573376178741455,0.0
415,0.0,0.0,0.3535533905932738,2.5795767307281494,0.7957676649093628,2.5795767307281494,0.0
416,0.0,0.0,0.3535533905932738,2.573665142059326,0.7366524338722229,2.573665142059326,0.0
417,0.0,0.0,0.3535533905932738,2.567991256713867,0.6799125671386719,2.567991256713867,0.0
418,0.0,0.0,0.3535533905932738,2.5782952308654785,0.7829522490501404,2.5782952308654785,0.0
419,0.0,0.0,0.3535533905932738,2.5701346397399902,0.7013468742370605,2.5701346397399902,0.0
420,0.0,0.0,0.3535533905932738,2.5636672973632812,0.636671781539917,2.5636672973632812,0.0
421,0.0,0.0,0.3535533905932738,2.581296443939209,0.8129633665084839,2.581296443939209,0.0
422,0.0,0.0,0.3535533905932738,2.573009729385376,0.7300975322723389,2.573009729385376,0.0
423,0.0,0.0,0.3535533905932738,2.5736308097839355,0.7363080978393555,2.5736308097839355,0.0
424,0.0,0.0,0.3535533905932738,2.58322811126709,0.8322805762290955,2.58322811126709,0.0
425,0.0,0.0,0.3535533905932738,2.5685508251190186,0.6855072975158691,2.5685508251190186,0.0
426,0.0,0.0,0.3535533905932738,2.578707218170166,0.7870712876319885,2.578707218170166,0.0
427,0.0,0.0,0.3535533905932738,2.5783910751342773,0.7839105129241943,2.5783910751342773,0.0
428,0.0,0.0,0.3535533905932738,2.574350595474243,0.7435069680213928,2.574350595474243,0.0
429,0.0,0.0,0.3535533905932738,2.5615127086639404,0.6151267290115356,2.5615127086639404,0.0
430,0.0,0.0,0.3535533905932738,2.578092575073242,0.7809264659881592,2.578092575073242,0.0
431,0.0,0.0,0.3535533905932738,2.574974536895752,0.7497445344924927,2.574974536895752,0.0
432,0.0,0.0,0.3535533905932738,2.570587635040283,0.7058764100074768,2.570587635040283,0.0
433,0.0,0.0,0.3535533905932738,2.5649261474609375,0.6492612361907959,2.5649261474609375,0.0
434,0.0,0.0,0.3535533905932738,2.5730302333831787,0.7303014993667603,2.5730302333831787,0.0
435,0.0,0.0,0.3535533905932738,2.5704662799835205,0.7046627402305603,2.5704662799835205,0.0
436,0.0,0.0,0.3535533905932738,2.57246470451355,0.7246480584144592,2.57246470451355,0.0
437,0.0,0.0,0.3535533905932738,2.563410997390747,0.6341102123260498,2.563410997390747,0.0
438,0.0,0.0,0.3535533905932738,2.572035551071167,0.7203546762466431,2.572035551071167,0.0
439,0.0,0.0,0.3535533905932738,2.563906192779541,0.6390630006790161,2.563906192779541,0.0
440,0.0,0.0,0.3535533905932738,2.5691754817962646,0.6917541027069092,2.5691754817962646,0.0
441,0.0,0.0,0.3535533905932738,2.5666770935058594,0.6667721271514893,2.5666770935058594,0.0
442,0.0,0.0,0.3535533905932738,2.5642151832580566,0.6421513557434082,2.5642151832580566,0.0
443,0.0,0.0,0.3535533905932738,2.567185163497925,0.6718511581420898,2.567185163497925,0.0
444,0.0,0.0,0.3535533905932738,2.56828236579895,0.682823657989502,2.56828236579895,0.0
445,0.0,0.0,0.3535533905932738,2.568408250808716,0.6840814352035522,2.568408250808716,0.0
446,0.0,0.0,0.3535533905932738,2.5712764263153076,0.7127643823623657,2.5712764263153076,0.0
447,0.0,0.0,0.3535533905932738,2.575838804244995,0.7583878636360168,2.575838804244995,0.0
448,0.0,0.0,0.3535533905932738,2.56451416015625,0.6451414823532104,2.56451416015625,0.0
449,0.0,0.0,0.3535533905932738,2.5630760192871094,0.6307591199874878,2.5630760192871094,0.0
450,0.0,0.0,0.3535533905932738,2.5618515014648438,0.6185159683227539,2.5618515014648438,0.0
451,0.0,0.0,0.3535533905932738,2.5727155208587646,0.7271544933319092,2.5727155208587646,0.0
452,0.0,0.0,0.3535533905932738,2.5715112686157227,0.7151135206222534,2.5715112686157227,0.0
453,0.0,0.0,0.3535533905932738,2.5604231357574463,0.6042307615280151,2.5604231357574463,0.0
454,0.0,0.0,0.3535533905932738,2.565828561782837,0.6582863926887512,2.565828561782837,0.0
455,0.0,0.0,0.3535533905932738,2.569911479949951,0.6991159319877625,2.569911479949951,0.0
456,0.0,0.0,0.3535533905932738,2.5776262283325195,0.7762629985809326,2.5776262283325195,0.0
457,0.0,0.0,0.3535533905932738,2.5693931579589844,0.6939326524734497,2.5693931579589844,0.0
458,0.0,0.0,0.3535533905932738,2.569812536239624,0.6981252431869507,2.569812536239624,0.0
459,0.0,0.0,0.3535533905932738,2.563466787338257,0.6346670389175415,2.563466787338257,0.0
460,0.0,0.0,0.3535533905932738,2.571554660797119,0.7155472636222839,2.571554660797119,0.0
461,0.0,0.0,0.3535533905932738,2.572066307067871,0.720661997795105,2.572066307067871,0.0
462,0.0,0.0,0.3535533905932738,2.568859338760376,0.6885939836502075,2.568859338760376,0.0
463,0.0,0.0,0.3535533905932738,2.5675299167633057,0.6752996444702148,2.5675299167633057,0.0
464,0.0,0.0,0.3535533905932738,2.5642573833465576,0.642573356628418,2.5642573833465576,0.0
465,0.0,0.0,0.3535533905932738,2.5704798698425293,0.7047991752624512,2.5704798698425293,0.0
466,0.0,0.0,0.3535533905932738,2.5650181770324707,0.6501821279525757,2.5650181770324707,0.0
467,0.0,0.0,0.3535533905932738,2.5664079189300537,0.664080023765564,2.5664079189300537,0.0
468,0.0,0.0,0.3535533905932738,2.5688626766204834,0.6886278390884399,2.5688626766204834,0.0
469,0.0,0.0,0.3535533905932738,2.5661091804504395,0.6610912084579468,2.5661091804504395,0.0
470,0.0,0.0,0.3535533905932738,2.5755581855773926,0.7555826306343079,2.5755581855773926,0.0
471,0.0,0.0,0.3535533905932738,2.5632636547088623,0.6326375007629395,2.5632636547088623,0.0
472,0.0,0.0,0.3535533905932738,2.5703794956207275,0.7037944197654724,2.5703794956207275,0.0
473,0.0,0.0,0.3535533905932738,2.564988136291504,0.64988112449646,2.564988136291504,0.0
474,0.0,0.0,0.3535533905932738,2.5736961364746094,0.7369601726531982,2.5736961364746094,0.0
475,0.0,0.0,0.3535533905932738,2.5682759284973145,0.682758092880249,2.5682759284973145,0.0
476,0.0,0.0,0.3535533905932738,2.5648670196533203,0.648669958114624,2.5648670196533203,0.0
477,0.0,0.0,0.3535533905932738,2.5675742626190186,0.6757429838180542,2.5675742626190186,0.0
478,0.0,0.0,0.3535533905932738,2.570850133895874,0.7085010409355164,2.570850133895874,0.0
479,0.0,0.0,0.3535533905932738,2.5676960945129395,0.6769618391990662,2.5676960945129395,0.0
480,0.0,0.0,0.3535533905932738,2.574108123779297,0.7410812377929688,2.574108123779297,0.0
481,0.0,0.0,0.3535533905932738,2.573838233947754,0.7383819222450256,2.573838233947754,0.0
482,0.0,0.0,0.3535533905932738,2.5749802589416504,0.7498030066490173,2.5749802589416504,0.0
483,0.0,0.0,0.3535533905932738,2.5721628665924072,0.7216275930404663,2.5721628665924072,0.0
484,0.0,0.0,0.3535533905932738,2.566603899002075,0.6660401225090027,2.566603899002075,0.0
485,0.0,0.0,0.3535533905932738,2.5683772563934326,0.6837722659111023,2.5683772563934326,0.0
486,0.0,0.0,0.3535533905932738,2.5711429119110107,0.7114291191101074,2.5711429119110107,0.0
487,0.0,0.0,0.3535533905932738,2.569009780883789,0.6900981664657593,2.569009780883789,0.0
488,0.0,0.0,0.3535533905932738,2.569924831390381,0.6992490887641907,2.569924831390381,0.0
489,0.0,0.0,0.3535533905932738,2.5697197914123535,0.6971991062164307,2.5697197914123535,0.0
490,0.0,0.0,0.3535533905932738,2.5623834133148193,0.6238350868225098,2.5623834133148193,0.0
491,0.0,0.0,0.3535533905932738,2.563481092453003,0.6348110437393188,2.563481092453003,0.0
492,0.0,0.0,0.3535533905932738,2.5729713439941406,0.7297125458717346,2.5729713439941406,0.0
493,0.0,0.0,0.3535533905932738,2.5645525455474854,0.6455245018005371,2.5645525455474854,0.0
494,0.0,0.0,0.3535533905932738,2.5725338459014893,0.7253374457359314,2.5725338459014893,0.0
495,0.0,0.0,0.3535533905932738,2.5702614784240723,0.7026154398918152,2.5702614784240723,0.0
496,0.0,0.0,0.3535533905932738,2.571822166442871,0.7182227969169617,2.571822166442871,0.0
497,0.0,0.0,0.3535533905932738,2.570024251937866,0.7002418041229248,2.570024251937866,0.0
498,0.0,0.0,0.3535533905932738,2.5659193992614746,0.6591930389404297,2.5659193992614746,0.0
499,0.0,0.0,0.3535533905932738,2.574403762817383,0.744036853313446,2.574403762817383,0.0
500,0.0,0.0,0.3535533905932738,2.5705158710479736,0.7051577568054199,2.5705158710479736,0.0
501,0.0,0.0,0.3535533905932738,2.564094066619873,0.64094078540802,2.564094066619873,0.0
502,0.0,0.0,0.3535533905932738,2.576345682144165,0.7634577751159668,2.576345682144165,0.0
503,0.0,0.0,0.3535533905932738,2.574129104614258,0.7412922382354736,2.574129104614258,0.0
504,0.0,0.0,0.3535533905932738,2.5677971839904785,0.6779706478118896,2.5677971839904785,0.0
505,0.0,0.0,0.3535533905932738,2.574986696243286,0.7498672008514404,2.574986696243286,0.0
506,0.0,0.0,0.3535533905932738,2.562147378921509,0.6214737892150879,2.562147378921509,0.0
507,0.0,0.0,0.3535533905932738,2.56363844871521,0.636385440826416,2.56363844871521,0.0
508,0.0,0.0,0.3535533905932738,2.5647363662719727,0.6473640203475952,2.5647363662719727,0.0
509,0.0,0.0,0.3535533905932738,2.5660510063171387,0.6605095863342285,2.5660510063171387,0.0
510,0.0,0.0,0.3535533905932738,2.5622334480285645,0.6223342418670654,2.5622334480285645,0.0
511,0.0,0.0,0.3535533905932738,2.571227550506592,0.7122763395309448,2.571227550506592,0.0
512,0.0,0.0,0.3535533905932738,2.5629165172576904,0.6291650533676147,2.5629165172576904,0.0
513,0.0,0.0,0.3535533905932738,2.5666728019714355,0.666728138923645,2.5666728019714355,0.0
514,0.0,0.0,0.3535533905932738,2.564859628677368,0.6485956907272339,2.564859628677368,0.0
515,0.0,0.0,0.3535533905932738,2.564854383468628,0.6485434770584106,2.564854383468628,0.0
516,0.0,0.0,0.3535533905932738,2.559967041015625,0.599669337272644,2.559967041015625,0.0
517,0.0,0.0,0.3535533905932738,2.5556647777557373,0.5566482543945312,2.5556647777557373,0.0
518,0.0,0.0,0.3535533905932738,2.563830852508545,0.6383078098297119,2.563830852508545,0.0
519,0.0,0.0,0.3535533905932738,2.5669503211975098,0.6695036888122559,2.5669503211975098,0.0
520,0.0,0.0,0.3535533905932738,2.5596117973327637,0.5961188077926636,2.5596117973327637,0.0
521,0.0,0.0,0.3535533905932738,2.569505214691162,0.6950512528419495,2.569505214691162,0.0
522,0.0,0.0,0.3535533905932738,2.5560708045959473,0.5607080459594727,2.5560708045959473,0.0
523,0.0,0.0,0.3535533905932738,2.564251184463501,0.6425117254257202,2.564251184463501,0.0
524,0.0,0.0,0.3535533905932738,2.565176248550415,0.6517617702484131,2.565176248550415,0.0
525,0.0,0.0,0.3535533905932738,2.57830810546875,0.7830798625946045,2.57830810546875,0.0
526,0.0,0.0,0.3535533905932738,2.5700719356536865,0.7007187604904175,2.5700719356536865,0.0
527,0.0,0.0,0.3535533905932738,2.5612823963165283,0.6128250360488892,2.5612823963165283,0.0
528,0.0,0.0,0.3535533905932738,2.564809560775757,0.648095965385437,2.564809560775757,0.0
529,0.0,0.0,0.3535533905932738,2.558717727661133,0.5871775150299072,2.558717727661133,0.0
530,0.0,0.0,0.3535533905932738,2.574263095855713,0.7426303029060364,2.574263095855713,0.0
531,0.0,0.0,0.3535533905932738,2.5667192935943604,0.6671923995018005,2.5667192935943604,0.0
532,0.0,0.0,0.3535533905932738,2.5618486404418945,0.6184870004653931,2.5618486404418945,0.0
533,0.0,0.0,0.3535533905932738,2.568070888519287,0.6807091236114502,2.568070888519287,0.0
534,0.0,0.0,0.3535533905932738,2.559438943862915,0.594389796257019,2.559438943862915,0.0
535,0.0,0.0,0.3535533905932738,2.562499523162842,0.6249943971633911,2.562499523162842,0.0
536,0.0,0.0,0.3535533905932738,2.577461004257202,0.7746096253395081,2.577461004257202,0.0
537,0.0,0.0,0.3535533905932738,2.560513496398926,0.605134129524231,2.560513496398926,0.0
538,0.0,0.0,0.3535533905932738,2.568917751312256,0.689177393913269,2.568917751312256,0.0
539,0.0,0.0,0.3535533905932738,2.5714292526245117,0.7142934799194336,2.5714292526245117,0.0
540,0.0,0.0,0.3535533905932738,2.5693771839141846,0.6937714219093323,2.5693771839141846,0.0
541,0.0,0.0,0.3535533905932738,2.564887046813965,0.6488693952560425,2.564887046813965,0.0
542,0.0,0.0,0.3535533905932738,2.5698814392089844,0.6988131999969482,2.5698814392089844,0.0
543,0.0,0.0,0.3535533905932738,2.562852144241333,0.6285215616226196,2.562852144241333,0.0
544,0.0,0.0,0.3535533905932738,2.5573928356170654,0.5739275217056274,2.5573928356170654,0.0
545,0.0,0.0,0.3535533905932738,2.5689356327056885,0.6893562078475952,2.5689356327056885,0.0
546,0.0,0.0,0.3535533905932738,2.5634868144989014,0.6348681449890137,2.5634868144989014,0.0
547,0.0,0.0,0.3535533905932738,2.566274642944336,0.6627464294433594,2.566274642944336,0.0
548,0.0,0.0,0.3535533905932738,2.5609030723571777,0.609031081199646,2.5609030723571777,0.0
549,0.0,0.0,0.3535533905932738,2.5647857189178467,0.6478571891784668,2.5647857189178467,0.0
550,0.0,0.0,0.3535533905932738,2.563793182373047,0.6379319429397583,2.563793182373047,0.0
551,0.0,0.0,0.3535533905932738,2.574950695037842,0.7495065331459045,2.574950695037842,0.0
552,0.0,0.0,0.3535533905932738,2.572122812271118,0.7212274670600891,2.572122812271118,0.0
553,0.0,0.0,0.3535533905932738,2.562931537628174,0.6293143033981323,2.562931537628174,0.0
554,0.0,0.0,0.3535533905932738,2.553231716156006,0.5323159694671631,2.553231716156006,0.0
555,0.0,0.0,0.3535533905932738,2.5704774856567383,0.7047750353813171,2.5704774856567383,0.0
556,0.0,0.0,0.3535533905932738,2.5651609897613525,0.651608943939209,2.5651609897613525,0.0
557,0.0,0.0,0.3535533905932738,2.5699799060821533,0.6997979879379272,2.5699799060821533,0.0
558,0.0,0.0,0.3535533905932738,2.5634446144104004,0.6344454288482666,2.5634446144104004,0.0
559,0.0,0.0,0.3535533905932738,2.556774616241455,0.5677468776702881,2.556774616241455,0.0
560,0.0,0.0,0.3535533905932738,2.575300693511963,0.7530078291893005,2.575300693511963,0.0
561,0.0,0.0,0.3535533905932738,2.561443328857422,0.6144322156906128,2.561443328857422,0.0
562,0.0,0.0,0.3535533905932738,2.5594642162323,0.5946414470672607,2.5594642162323,0.0
563,0.0,0.0,0.3535533905932738,2.567073106765747,0.6707301139831543,2.567073106765747,0.0
564,0.0,0.0,0.3535533905932738,2.5580666065216064,0.5806667804718018,2.5580666065216064,0.0
565,0.0,0.0,0.3535533905932738,2.5660762786865234,0.6607624292373657,2.5660762786865234,0.0
566,0.0,0.0,0.3535533905932738,2.5639238357543945,0.6392391920089722,2.5639238357543945,0.0
567,0.0,0.0,0.3535533905932738,2.5665955543518066,0.66595458984375,2.5665955543518066,0.0
568,0.0,0.0,0.3535533905932738,2.5705814361572266,0.7058152556419373,2.5705814361572266,0.0
569,0.0,0.0,0.3535533905932738,2.557095766067505,0.570956826210022,2.557095766067505,0.0
570,0.0,0.0,0.3535533905932738,2.5591864585876465,0.5918656587600708,2.5591864585876465,0.0
571,0.0,0.0,0.3535533905932738,2.5550808906555176,0.5508098602294922,2.5550808906555176,0.0
572,0.0,0.0,0.3535533905932738,2.557664632797241,0.5766465663909912,2.557664632797241,0.0
573,0.0,0.0,0.3535533905932738,2.5641303062438965,0.6413019299507141,2.5641303062438965,0.0
574,0.0,0.0,0.3535533905932738,2.5615904331207275,0.6159044504165649,2.5615904331207275,0.0
575,0.0,0.0,0.3535533905932738,2.5571701526641846,0.571701169013977,2.5571701526641846,0.0
576,0.0,0.0,0.3535533905932738,2.5561232566833496,0.5612325668334961,2.5561232566833496,0.0
577,0.0,0.0,0.3535533905932738,2.565272569656372,0.6527246236801147,2.565272569656372,0.0
578,0.0,0.0,0.3535533905932738,2.5476574897766113,0.47657501697540283,2.5476574897766113,0.0
579,0.0,0.0,0.3535533905932738,2.5721256732940674,0.7212561964988708,2.5721256732940674,0.0
580,0.0,0.0,0.3535533905932738,2.559030055999756,0.5903013944625854,2.559030055999756,0.0
581,0.0,0.0,0.3535533905932738,2.567493438720703,0.6749333739280701,2.567493438720703,0.0
582,0.0,0.0,0.3535533905932738,2.5653350353240967,0.6533496379852295,2.5653350353240967,0.0
583,0.0,0.0,0.3535533905932738,2.5651423931121826,0.6514239311218262,2.5651423931121826,0.0
584,0.0,0.0,0.3535533905932738,2.564246892929077,0.6424695253372192,2.564246892929077,0.0
585,0.0,0.0,0.3535533905932738,2.5584325790405273,0.5843256711959839,2.5584325790405273,0.0
586,0.0,0.0,0.3535533905932738,2.561904191970825,0.6190422773361206,2.561904191970825,0.0
587,0.0,0.0,0.3535533905932738,2.553682565689087,0.5368263721466064,2.553682565689087,0.0
588,0.0,0.0,0.3535533905932738,2.565183639526367,0.6518360376358032,2.565183639526367,0.0
589,0.0,0.0,0.3535533905932738,2.5603270530700684,0.6032699346542358,2.5603270530700684,0.0
590,0.0,0.0,0.3535533905932738,2.564960479736328,0.649605393409729,2.564960479736328,0.0
591,0.0,0.0,0.3535533905932738,2.5624969005584717,0.624969482421875,2.5624969005584717,0.0
592,0.0,0.0,0.3535533905932738,2.5607595443725586,0.6075948476791382,2.5607595443725586,0.0
593,0.0,0.0,0.3535533905932738,2.5587422847747803,0.5874224901199341,2.5587422847747803,0.0
594,0.0,0.0,0.3535533905932738,2.559363842010498,0.5936378240585327,2.559363842010498,0.0
595,0.0,0.0,0.3535533905932738,2.563035488128662,0.6303538084030151,2.563035488128662,0.0
596,0.0,0.0,0.3535533905932738,2.564770460128784,0.6477051973342896,2.564770460128784,0.0
597,0.0,0.0,0.3535533905932738,2.5594491958618164,0.5944919586181641,2.5594491958618164,0.0
598,0.0,0.0,0.3535533905932738,2.558514356613159,0.5851428508758545,2.558514356613159,0.0
599,0.0,0.0,0.3535533905932738,2.565122127532959,0.6512223482131958,2.565122127532959,0.0
600,0.0,0.0,0.3535533905932738,2.556358814239502,0.5635892152786255,2.556358814239502,0.0
601,0.0,0.0,0.3535533905932738,2.5544464588165283,0.5444645881652832,2.5544464588165283,0.0
602,0.0,0.0,0.3535533905932738,2.5550780296325684,0.55078125,2.5550780296325684,0.0
603,0.0,0.0,0.3535533905932738,2.5605416297912598,0.6054151058197021,2.5605416297912598,0.0
604,0.0,0.0,0.3535533905932738,2.5607261657714844,0.607262134552002,2.5607261657714844,0.0
605,0.0,0.0,0.3535533905932738,2.555839776992798,0.5583974123001099,2.555839776992798,0.0
606,0.0,0.0,0.3535533905932738,2.5694713592529297,0.69471275806427,2.5694713592529297,0.0
607,0.0,0.0,0.3535533905932738,2.564889669418335,0.6488969326019287,2.564889669418335,0.0
608,0.0,0.0,0.3535533905932738,2.552692413330078,0.5269252061843872,2.552692413330078,0.0
609,0.0,0.0,0.3535533905932738,2.559504985809326,0.5950504541397095,2.559504985809326,0.0
610,0.0,0.0,0.3535533905932738,2.562084674835205,0.6208468675613403,2.562084674835205,0.0
611,0.0,0.0,0.3535533905932738,2.5589940547943115,0.5899416208267212,2.5589940547943115,0.0
612,0.0,0.0,0.3535533905932738,2.5576696395874023,0.5766960382461548,2.5576696395874023,0.0
613,0.0,0.0,0.3535533905932738,2.5550849437713623,0.5508503913879395,2.5550849437713623,0.0
614,0.0,0.0,0.3535533905932738,2.5630762577056885,0.6307626962661743,2.5630762577056885,0.0
615,0.0,0.0,0.3535533905932738,2.561307668685913,0.6130776405334473,2.561307668685913,0.0
616,0.0,0.0,0.3535533905932738,2.572801113128662,0.7280118465423584,2.572801113128662,0.0
617,0.0,0.0,0.3535533905932738,2.557711124420166,0.577110767364502,2.557711124420166,0.0
618,0.0,0.0,0.3535533905932738,2.5680065155029297,0.6800647377967834,2.5680065155029297,0.0
619,0.0,0.0,0.3535533905932738,2.5539920330047607,0.5399203300476074,2.5539920330047607,0.0
620,0.0,0.0,0.3535533905932738,2.5633950233459473,0.6339490413665771,2.5633950233459473,0.0
621,0.0,0.0,0.3535533905932738,2.552485227584839,0.5248532295227051,2.552485227584839,0.0
622,0.0,0.0,0.3535533905932738,2.5531997680664062,0.5319983959197998,2.5531997680664062,0.0
623,0.0,0.0,0.3535533905932738,2.5562660694122314,0.5626617670059204,2.5562660694122314,0.0
624,0.0,0.0,0.3535533905932738,2.5584969520568848,0.584970235824585,2.5584969520568848,0.0
625,0.0,0.0,0.3535533905932738,2.5601413249969482,0.601413369178772,2.5601413249969482,0.0
626,0.0,0.0,0.3535533905932738,2.5542006492614746,0.5420070886611938,2.5542006492614746,0.0
627,0.0,0.0,0.3535533905932738,2.5543012619018555,0.5430127382278442,2.5543012619018555,0.0
628,0.0,0.0,0.3535533905932738,2.550954580307007,0.5095453262329102,2.550954580307007,0.0
629,0.0,0.0,0.3535533905932738,2.5659327507019043,0.6593277454376221,2.5659327507019043,0.0
630,0.0,0.0,0.3535533905932738,2.55035662651062,0.5035672187805176,2.55035662651062,0.0
631,0.0,0.0,0.3535533905932738,2.557349920272827,0.5735001564025879,2.557349920272827,0.0
632,0.0,0.0,0.3535533905932738,2.552417516708374,0.5241742134094238,2.552417516708374,0.0
633,0.0,0.0,0.3535533905932738,2.560349941253662,0.603500485420227,2.560349941253662,0.0
634,0.0,0.0,0.3535533905932738,2.5616953372955322,0.6169531345367432,2.5616953372955322,0.0
635,0.0,0.0,0.3535533905932738,2.5602200031280518,0.602199912071228,2.5602200031280518,0.0
636,0.0,0.0,0.3535533905932738,2.555535316467285,0.555354118347168,2.555535316467285,0.0
637,0.0,0.0,0.3535533905932738,2.563019037246704,0.6301904916763306,2.563019037246704,0.0
638,0.0,0.0,0.3535533905932738,2.5650553703308105,0.6505530476570129,2.5650553703308105,0.0
639,0.0,0.0,0.3535533905932738,2.5600433349609375,0.6004329919815063,2.5600433349609375,0.0
640,0.0,0.0,0.3535533905932738,2.5648138523101807,0.6481395363807678,2.5648138523101807,0.0
641,0.0,0.0,0.3535533905932738,2.560023784637451,0.6002376079559326,2.560023784637451,0.0
642,0.0,0.0,0.3535533905932738,2.566878080368042,0.6687800884246826,2.566878080368042,0.0
643,0.0,0.0,0.3535533905932738,2.5600433349609375,0.6004332304000854,2.5600433349609375,0.0
644,0.0,0.0,0.3535533905932738,2.5662505626678467,0.6625059247016907,2.5662505626678467,0.0
645,0.0,0.0,0.3535533905932738,2.559823513031006,0.5982346534729004,2.559823513031006,0.0
646,0.0,0.0,0.3535533905932738,2.5579161643981934,0.5791624784469604,2.5579161643981934,0.0
647,0.0,0.0,0.3535533905932738,2.5536439418792725,0.5364398956298828,2.5536439418792725,0.0
648,0.0,0.0,0.3535533905932738,2.5555315017700195,0.5553139448165894,2.5555315017700195,0.0
649,0.0,0.0,0.3535533905932738,2.5723958015441895,0.7239588499069214,2.5723958015441895,0.0
650,0.0,0.0,0.3535533905932738,2.572516441345215,0.725163459777832,2.572516441345215,0.0
651,0.0,0.0,0.3535533905932738,2.563264846801758,0.6326478719711304,2.563264846801758,0.0
652,0.0,0.0,0.3535533905932738,2.563452959060669,0.6345294713973999,2.563452959060669,0.0
653,0.0,0.0,0.3535533905932738,2.5593745708465576,0.5937464237213135,2.5593745708465576,0.0
654,0.0,0.0,0.3535533905932738,2.5529186725616455,0.5291856527328491,2.5529186725616455,0.0
655,0.0,0.0,0.3535533905932738,2.572685956954956,0.7268588542938232,2.572685956954956,0.0
656,0.0,0.0,0.3535533905932738,2.5655298233032227,0.655299186706543,2.5655298233032227,0.0
657,0.0,0.0,0.3535533905932738,2.5460352897644043,0.4603523015975952,2.5460352897644043,0.0
658,0.0,0.0,0.3535533905932738,2.566821813583374,0.6682186722755432,2.566821813583374,0.0
659,0.0,0.0,0.3535533905932738,2.5484538078308105,0.4845372438430786,2.5484538078308105,0.0
660,0.0,0.0,0.3535533905932738,2.555955171585083,0.5595510005950928,2.555955171585083,0.0
661,0.0,0.0,0.3535533905932738,2.5533013343811035,0.5330121517181396,2.5533013343811035,0.0
662,0.0,0.0,0.3535533905932738,2.5657060146331787,0.657060444355011,2.5657060146331787,0.0
663,0.0,0.0,0.3535533905932738,2.564227342605591,0.6422727108001709,2.564227342605591,0.0
664,0.0,0.0,0.3535533905932738,2.5579824447631836,0.5798234939575195,2.5579824447631836,0.0
665,0.0,0.0,0.3535533905932738,2.5536205768585205,0.5362048149108887,2.5536205768585205,0.0
666,0.0,0.0,0.3535533905932738,2.551966667175293,0.5196677446365356,2.551966667175293,0.0
667,0.0,0.0,0.3535533905932738,2.557621955871582,0.5762184858322144,2.557621955871582,0.0
668,0.0,0.0,0.3535533905932738,2.5597472190856934,0.5974718332290649,2.5597472190856934,0.0
669,0.0,0.0,0.3535533905932738,2.5542244911193848,0.5422457456588745,2.5542244911193848,0.0
670,0.0,0.0,0.3535533905932738,2.553961753845215,0.5396174192428589,2.553961753845215,0.0
671,0.0,0.0,0.3535533905932738,2.560030460357666,0.6003034114837646,2.560030460357666,0.0
672,0.0,0.0,0.3535533905932738,2.557901382446289,0.5790131092071533,2.557901382446289,0.0
673,0.0,0.0,0.3535533905932738,2.5550458431243896,0.5504580736160278,2.5550458431243896,0.0
674,0.0,0.0,0.3535533905932738,2.5490548610687256,0.4905496835708618,2.5490548610687256,0.0
675,0.0,0.0,0.3535533905932738,2.5613837242126465,0.6138367652893066,2.5613837242126465,0.0
676,0.0,0.0,0.3535533905932738,2.5600922107696533,0.6009211540222168,2.5600922107696533,0.0
677,0.0,0.0,0.3535533905932738,2.566774606704712,0.6677470207214355,2.566774606704712,0.0
678,0.0,0.0,0.3535533905932738,2.5551185607910156,0.5511847734451294,2.5551185607910156,0.0
679,0.0,0.0,0.3535533905932738,2.5503835678100586,0.5038366317749023,2.5503835678100586,0.0
680,0.0,0.0,0.3535533905932738,2.5541810989379883,0.5418103933334351,2.5541810989379883,0.0
681,0.0,0.0,0.3535533905932738,2.5549967288970947,0.5499675273895264,2.5549967288970947,0.0
682,0.0,0.0,0.3535533905932738,2.5620064735412598,0.6200650930404663,2.5620064735412598,0.0
683,0.0,0.0,0.3535533905932738,2.5509679317474365,0.509679913520813,2.5509679317474365,0.0
684,0.0,0.0,0.3535533905932738,2.5593466758728027,0.59346604347229,2.5593466758728027,0.0
685,0.0,0.0,0.3535533905932738,2.5692567825317383,0.6925675868988037,2.5692567825317383,0.0
686,0.0,0.0,0.3535533905932738,2.5516748428344727,0.516747236251831,2.5516748428344727,0.0
687,0.0,0.0,0.3535533905932738,2.554532051086426,0.5453206300735474,2.554532051086426,0.0
688,0.0,0.0,0.3535533905932738,2.5550458431243896,0.5504575967788696,2.5550458431243896,0.0
689,0.0,0.0,0.3535533905932738,2.568993091583252,0.6899308562278748,2.568993091583252,0.0
690,0.0,0.0,0.3535533905932738,2.5622341632843018,0.6223407983779907,2.5622341632843018,0.0
691,0.0,0.0,0.3535533905932738,2.5593721866607666,0.5937212705612183,2.5593721866607666,0.0
692,0.0,0.0,0.3535533905932738,2.5569920539855957,0.5699206590652466,2.5569920539855957,0.0
693,0.0,0.0,0.3535533905932738,2.5446155071258545,0.4461545944213867,2.5446155071258545,0.0
694,0.0,0.0,0.3535533905932738,2.560667037963867,0.6066712141036987,2.560667037963867,0.0
695,0.0,0.0,0.3535533905932738,2.548862934112549,0.4886287450790405,2.548862934112549,0.0
696,0.0,0.0,0.3535533905932738,2.5636792182922363,0.6367918252944946,2.5636792182922363,0.0
697,0.0,0.0,0.3535533905932738,2.5590639114379883,0.5906383991241455,2.5590639114379883,0.0
698,0.0,0.0,0.3535533905932738,2.55955171585083,0.5955170392990112,2.55955171585083,0.0
699,0.0,0.0,0.3535533905932738,2.5580742359161377,0.5807427167892456,2.5580742359161377,0.0
700,0.0,0.0,0.3535533905932738,2.5627708435058594,0.6277092695236206,2.5627708435058594,0.0
701,0.0,0.0,0.3535533905932738,2.5516481399536133,0.5164815187454224,2.5516481399536133,0.0
702,0.0,0.0,0.3535533905932738,2.5676109790802,0.6761093139648438,2.5676109790802,0.0
703,0.0,0.0,0.3535533905932738,2.5474023818969727,0.4740241765975952,2.5474023818969727,0.0
704,0.0,0.0,0.3535533905932738,2.563685894012451,0.636857807636261,2.563685894012451,0.0
705,0.0,0.0,0.3535533905932738,2.5575549602508545,0.5755492448806763,2.5575549602508545,0.0
706,0.0,0.0,0.3535533905932738,2.5585389137268066,0.585389256477356,2.5585389137268066,0.0
707,0.0,0.0,0.3535533905932738,2.5607335567474365,0.6073360443115234,2.5607335567474365,0.0
708,0.0,0.0,0.3535533905932738,2.5593607425689697,0.5936074256896973,2.5593607425689697,0.0
709,0.0,0.0,0.3535533905932738,2.5589239597320557,0.5892398357391357,2.5589239597320557,0.0
710,0.0,0.0,0.3535533905932738,2.549859046936035,0.4985898733139038,2.549859046936035,0.0
711,0.0,0.0,0.3535533905932738,2.549736499786377,0.4973642826080322,2.549736499786377,0.0
712,0.0,0.0,0.3535533905932738,2.546684980392456,0.4668501615524292,2.546684980392456,0.0
713,0.0,0.0,0.3535533905932738,2.5548155307769775,0.5481551885604858,2.5548155307769775,0.0
714,0.0,0.0,0.3535533905932738,2.5630478858947754,0.6304786205291748,2.5630478858947754,0.0
715,0.0,0.0,0.3535533905932738,2.5491504669189453,0.4915039539337158,2.5491504669189453,0.0
716,0.0,0.0,0.3535533905932738,2.5460805892944336,0.46080517768859863,2.5460805892944336,0.0
717,0.0,0.0,0.3535533905932738,2.5531134605407715,0.5311356782913208,2.5531134605407715,0.0
718,0.0,0.0,0.3535533905932738,2.5518267154693604,0.5182666778564453,2.5518267154693604,0.0
719,0.0,0.0,0.3535533905932738,2.5553150177001953,0.5531511306762695,2.5553150177001953,0.0
720,0.0,0.0,0.3535533905932738,2.562401533126831,0.6240154504776001,2.562401533126831,0.0
721,0.0,0.0,0.3535533905932738,2.551116704940796,0.5111668109893799,2.551116704940796,0.0
722,0.0,0.0,0.3535533905932738,2.548701047897339,0.4870108366012573,2.548701047897339,0.0
723,0.0,0.0,0.3535533905932738,2.5448243618011475,0.4482438564300537,2.5448243618011475,0.0
724,0.0,0.0,0.3535533905932738,2.5457804203033447,0.45780372619628906,2.5457804203033447,0.0
725,0.0,0.0,0.3535533905932738,2.5532243251800537,0.5322428941726685,2.5532243251800537,0.0
726,0.0,0.0,0.3535533905932738,2.5463736057281494,0.4637361764907837,2.5463736057281494,0.0
727,0.0,0.0,0.3535533905932738,2.5491323471069336,0.4913238286972046,2.5491323471069336,0.0
728,0.0,0.0,0.3535533905932738,2.5498149394989014,0.49814867973327637,2.5498149394989014,0.0
729,0.0,0.0,0.3535533905932738,2.5593278408050537,0.5932790040969849,2.5593278408050537,0.0
730,0.0,0.0,0.3535533905932738,2.544262170791626,0.44262266159057617,2.544262170791626,0.0
731,0.0,0.0,0.3535533905932738,2.5568466186523438,0.5684658288955688,2.5568466186523438,0.0
732,0.0,0.0,0.3535533905932738,2.5592150688171387,0.5921505689620972,2.5592150688171387,0.0
733,0.0,0.0,0.3535533905932738,2.5480966567993164,0.48096752166748047,2.5480966567993164,0.0
734,0.0,0.0,0.3535533905932738,2.5543434619903564,0.5434335470199585,2.5543434619903564,0.0
735,0.0,0.0,0.3535533905932738,2.542227268218994,0.4222738742828369,2.542227268218994,0.0
736,0.0,0.0,0.3535533905932738,2.5591442584991455,0.5914429426193237,2.5591442584991455,0.0
737,0.0,0.0,0.3535533905932738,2.5557241439819336,0.5572406053543091,2.5557241439819336,0.0
738,0.0,0.0,0.3535533905932738,2.5583765506744385,0.5837653875350952,2.5583765506744385,0.0
739,0.0,0.0,0.3535533905932738,2.5429811477661133,0.4298124313354492,2.5429811477661133,0.0
740,0.0,0.0,0.3535533905932738,2.552661180496216,0.5266109704971313,2.552661180496216,0.0
741,0.0,0.0,0.3535533905932738,2.552654981613159,0.5265507698059082,2.552654981613159,0.0
742,0.0,0.0,0.3535533905932738,2.5538272857666016,0.538272500038147,2.5538272857666016,0.0
743,0.0,0.0,0.3535533905932738,2.569023847579956,0.6902386546134949,2.569023847579956,0.0
744,0.0,0.0,0.3535533905932738,2.5516269207000732,0.5162686109542847,2.5516269207000732,0.0
745,0.0,0.0,0.3535533905932738,2.5595011711120605,0.5950113534927368,2.5595011711120605,0.0
746,0.0,0.0,0.3535533905932738,2.559922695159912,0.599227786064148,2.559922695159912,0.0
747,0.0,0.0,0.3535533905932738,2.557455062866211,0.5745494365692139,2.557455062866211,0.0
748,0.0,0.0,0.3535533905932738,2.5474417209625244,0.47441720962524414,2.5474417209625244,0.0
749,0.0,0.0,0.3535533905932738,2.5426766872406006,0.4267669916152954,2.5426766872406006,0.0
750,0.0,0.0,0.3535533905932738,2.5571937561035156,0.5719382762908936,2.5571937561035156,0.0
751,0.0,0.0,0.3535533905932738,2.550015926361084,0.5001600980758667,2.550015926361084,0.0
752,0.0,0.0,0.3535533905932738,2.5551929473876953,0.5519298315048218,2.5551929473876953,0.0
753,0.0,0.0,0.3535533905932738,2.5528836250305176,0.5288369655609131,2.5528836250305176,0.0
754,0.0,0.0,0.3535533905932738,2.5533578395843506,0.533577561378479,2.5533578395843506,0.0
755,0.0,0.0,0.3535533905932738,2.549161672592163,0.4916170835494995,2.549161672592163,0.0
756,0.0,0.0,0.3535533905932738,2.544834613800049,0.4483463764190674,2.544834613800049,0.0
757,0.0,0.0,0.3535533905932738,2.55806303024292,0.5806299448013306,2.55806303024292,0.0
758,0.0,0.0,0.3535533905932738,2.5440146923065186,0.4401475191116333,2.5440146923065186,0.0
759,0.0,0.0,0.3535533905932738,2.546745777130127,0.4674574136734009,2.546745777130127,0.0
760,0.0,0.0,0.3535533905932738,2.5571978092193604,0.5719788074493408,2.5571978092193604,0.0
761,0.0,0.0,0.3535533905932738,2.559612512588501,0.5961257219314575,2.559612512588501,0.0
762,0.0,0.0,0.3535533905932738,2.5536599159240723,0.5365995168685913,2.5536599159240723,0.0
763,0.0,0.0,0.3535533905932738,2.565796136856079,0.6579617857933044,2.565796136856079,0.0
764,0.0,0.0,0.3535533905932738,2.554058313369751,0.5405840873718262,2.554058313369751,0.0
765,0.0,0.0,0.3535533905932738,2.543562650680542,0.4356268644332886,2.543562650680542,0.0
766,0.0,0.0,0.3535533905932738,2.5514535903930664,0.5145355463027954,2.5514535903930664,0.0
767,0.0,0.0,0.3535533905932738,2.5524022579193115,0.5240215063095093,2.5524022579193115,0.0
768,0.0,0.0,0.3535533905932738,2.550473690032959,0.5047380924224854,2.550473690032959,0.0
769,0.0,0.0,0.3535533905932738,2.559324026107788,0.5932407379150391,2.559324026107788,0.0
770,0.0,0.0,0.3535533905932738,2.563851833343506,0.6385176777839661,2.563851833343506,0.0
771,0.0,0.0,0.3535533905932738,2.5544865131378174,0.5448660850524902,2.5544865131378174,0.0
772,0.0,0.0,0.3535533905932738,2.5633392333984375,0.6333928108215332,2.5633392333984375,0.0
773,0.0,0.0,0.3535533905932738,2.5555546283721924,0.5555459260940552,2.5555546283721924,0.0
774,0.0,0.0,0.3535533905932738,2.5377025604248047,0.3770259618759155,2.5377025604248047,0.0
775,0.0,0.0,0.3535533905932738,2.5599491596221924,0.599490761756897,2.5599491596221924,0.0
776,0.0,0.0,0.3535533905932738,2.5501723289489746,0.501723051071167,2.5501723289489746,0.0
777,0.0,0.0,0.3535533905932738,2.5553512573242188,0.5535128116607666,2.5553512573242188,0.0
778,0.0,0.0,0.3535533905932738,2.5571320056915283,0.5713199377059937,2.5571320056915283,0.0
779,0.0,0.0,0.3535533905932738,2.5611515045166016,0.6115152835845947,2.5611515045166016,0.0
780,0.0,0.0,0.3535533905932738,2.555135726928711,0.5513579845428467,2.555135726928711,0.0
781,0.0,0.0,0.3535533905932738,2.552586555480957,0.5258661508560181,2.552586555480957,0.0
782,0.0,0.0,0.3535533905932738,2.5518527030944824,0.5185260772705078,2.5518527030944824,0.0
783,0.0,0.0,0.3535533905932738,2.552877902984619,0.5287785530090332,2.552877902984619,0.0
784,0.0,0.0,0.3535533905932738,2.546755790710449,0.46755778789520264,2.546755790710449,0.0
785,0.0,0.0,0.3535533905932738,2.560976266860962,0.6097633838653564,2.560976266860962,0.0
786,0.0,0.0,0.3535533905932738,2.5543630123138428,0.5436302423477173,2.5543630123138428,0.0
787,0.0,0.0,0.3535533905932738,2.5596163272857666,0.5961626768112183,2.5596163272857666,0.0
788,0.0,0.0,0.3535533905932738,2.5577030181884766,0.5770307779312134,2.5577030181884766,0.0
789,0.0,0.0,0.3535533905932738,2.5655975341796875,0.6559755206108093,2.5655975341796875,0.0
790,0.0,0.0,0.3535533905932738,2.550041913986206,0.500419020652771,2.550041913986206,0.0
791,0.0,0.0,0.3535533905932738,2.5538523197174072,0.5385239124298096,2.5538523197174072,0.0
792,0.0,0.0,0.3535533905932738,2.55391001701355,0.5390990972518921,2.55391001701355,0.0
793,0.0,0.0,0.3535533905932738,2.5487937927246094,0.4879387617111206,2.5487937927246094,0.0
794,0.0,0.0,0.3535533905932738,2.557110071182251,0.5711002349853516,2.557110071182251,0.0
795,0.0,0.0,0.3535533905932738,2.5593488216400146,0.5934873819351196,2.5593488216400146,0.0
796,0.0,0.0,0.3535533905932738,2.5539309978485107,0.5393104553222656,2.5539309978485107,0.0
797,0.0,0.0,0.3535533905932738,2.561981201171875,0.6198121905326843,2.561981201171875,0.0
798,0.0,0.0,0.3535533905932738,2.5551047325134277,0.5510462522506714,2.5551047325134277,0.0
799,0.0,0.0,0.3535533905932738,2.540801763534546,0.4080166816711426,2.540801763534546,0.0
800,0.0,0.0,0.3535533905932738,2.5476555824279785,0.4765557050704956,2.5476555824279785,0.0
801,0.0,0.0,0.3535533905932738,2.5609116554260254,0.6091170310974121,2.5609116554260254,0.0
802,0.0,0.0,0.3535533905932738,2.55383563041687,0.5383567810058594,2.55383563041687,0.0
803,0.0,0.0,0.3535533905932738,2.5465662479400635,0.4656623601913452,2.5465662479400635,0.0
804,0.0,0.0,0.3535533905932738,2.5454306602478027,0.45430707931518555,2.5454306602478027,0.0
805,0.0,0.0,0.3535533905932738,2.5566771030426025,0.5667703151702881,2.5566771030426025,0.0
806,0.0,0.0,0.3535533905932738,2.549264669418335,0.49264585971832275,2.549264669418335,0.0
807,0.0,0.0,0.3535533905932738,2.5639894008636475,0.6398928761482239,2.5639894008636475,0.0
808,0.0,0.0,0.3535533905932738,2.54327392578125,0.4327387809753418,2.54327392578125,0.0
809,0.0,0.0,0.3535533905932738,2.553657293319702,0.5365726947784424,2.553657293319702,0.0
810,0.0,0.0,0.3535533905932738,2.5476796627044678,0.4767974615097046,2.5476796627044678,0.0
811,0.0,0.0,0.3535533905932738,2.5590641498565674,0.5906420946121216,2.5590641498565674,0.0
812,0.0,0.0,0.3535533905932738,2.548560380935669,0.4856029748916626,2.548560380935669,0.0
813,0.0,0.0,0.3535533905932738,2.5632078647613525,0.6320780515670776,2.5632078647613525,0.0
814,0.0,0.0,0.3535533905932738,2.5507144927978516,0.5071455240249634,2.5507144927978516,0.0
815,0.0,0.0,0.3535533905932738,2.5551187992095947,0.5511889457702637,2.5551187992095947,0.0
816,0.0,0.0,0.3535533905932738,2.5529870986938477,0.5298709869384766,2.5529870986938477,0.0
817,0.0,0.0,0.3535533905932738,2.5523576736450195,0.5235761404037476,2.5523576736450195,0.0
818,0.0,0.0,0.3535533905932738,2.5504682064056396,0.5046826601028442,2.5504682064056396,0.0
819,0.0,0.0,0.3535533905932738,2.558758020401001,0.5875797271728516,2.558758020401001,0.0
820,0.0,0.0,0.3535533905932738,2.551574468612671,0.5157450437545776,2.551574468612671,0.0
821,0.0,0.0,0.3535533905932738,2.5442934036254883,0.44293439388275146,2.5442934036254883,0.0
822,0.0,0.0,0.3535533905932738,2.549107074737549,0.4910705089569092,2.549107074737549,0.0
823,0.0,0.0,0.3535533905932738,2.559418201446533,0.5941823720932007,2.559418201446533,0.0
824,0.0,0.0,0.3535533905932738,2.5486583709716797,0.48658478260040283,2.5486583709716797,0.0
825,0.0,0.0,0.3535533905932738,2.555996894836426,0.5599688291549683,2.555996894836426,0.0
826,0.0,0.0,0.3535533905932738,2.5522632598876953,0.5226333141326904,2.5522632598876953,0.0
827,0.0,0.0,0.3535533905932738,2.5462281703948975,0.46228182315826416,2.5462281703948975,0.0
828,0.0,0.0,0.3535533905932738,2.5463786125183105,0.4637857675552368,2.5463786125183105,0.0
829,0.0,0.0,0.3535533905932738,2.5470011234283447,0.4700113534927368,2.5470011234283447,0.0
830,0.0,0.0,0.3535533905932738,2.5629220008850098,0.6292203664779663,2.5629220008850098,0.0
831,0.0,0.0,0.3535533905932738,2.549347400665283,0.49347424507141113,2.549347400665283,0.0
832,0.0,0.0,0.3535533905932738,2.5507192611694336,0.5071935653686523,2.5507192611694336,0.0
833,0.0,0.0,0.3535533905932738,2.553445816040039,0.5344580411911011,2.553445816040039,0.0
834,0.0,0.0,0.3535533905932738,2.558274507522583,0.5827451944351196,2.558274507522583,0.0
835,0.0,0.0,0.3535533905932738,2.546837568283081,0.46837472915649414,2.546837568283081,0.0
836,0.0,0.0,0.3535533905932738,2.5550320148468018,0.5503193140029907,2.5550320148468018,0.0
837,0.0,0.0,0.3535533905932738,2.552946090698242,0.5294601917266846,2.552946090698242,0.0
838,0.0,0.0,0.3535533905932738,2.5397350788116455,0.39735186100006104,2.5397350788116455,0.0
839,0.0,0.0,0.3535533905932738,2.5414867401123047,0.41486620903015137,2.5414867401123047,0.0
840,0.0,0.0,0.3535533905932738,2.5624475479125977,0.6244762539863586,2.5624475479125977,0.0
841,0.0,0.0,0.3535533905932738,2.553039789199829,0.5303987264633179,2.553039789199829,0.0
842,0.0,0.0,0.3535533905932738,2.5461952686309814,0.46195244789123535,2.5461952686309814,0.0
843,0.0,0.0,0.3535533905932738,2.5465784072875977,0.46578335762023926,2.5465784072875977,0.0
844,0.0,0.0,0.3535533905932738,2.5638046264648438,0.6380473971366882,2.5638046264648438,0.0
845,0.0,0.0,0.3535533905932738,2.551863193511963,0.5186331272125244,2.551863193511963,0.0
846,0.0,0.0,0.3535533905932738,2.5528621673583984,0.5286214351654053,2.5528621673583984,0.0
847,0.0,0.0,0.3535533905932738,2.548379898071289,0.4837995767593384,2.548379898071289,0.0
848,0.0,0.0,0.3535533905932738,2.548771619796753,0.48771512508392334,2.548771619796753,0.0
849,0.0,0.0,0.3535533905932738,2.5550696849823,0.5506975650787354,2.5550696849823,0.0
850,0.0,0.0,0.3535533905932738,2.5561821460723877,0.5618213415145874,2.5561821460723877,0.0
851,0.0,0.0,0.3535533905932738,2.552772283554077,0.5277227163314819,2.552772283554077,0.0
852,0.0,0.0,0.3535533905932738,2.553762435913086,0.5376253128051758,2.553762435913086,0.0
853,0.0,0.0,0.3535533905932738,2.5498812198638916,0.49881255626678467,2.5498812198638916,0.0
854,0.0,0.0,0.3535533905932738,2.5512752532958984,0.5127533674240112,2.5512752532958984,0.0
855,0.0,0.0,0.3535533905932738,2.5569546222686768,0.5695470571517944,2.5569546222686768,0.0
856,0.0,0.0,0.3535533905932738,2.5467302799224854,0.46730291843414307,2.5467302799224854,0.0
857,0.0,0.0,0.3535533905932738,2.5449788570404053,0.4497874975204468,2.5449788570404053,0.0
858,0.0,0.0,0.3535533905932738,2.5544090270996094,0.5440895557403564,2.5544090270996094,0.0
859,0.0,0.0,0.3535533905932738,2.544950008392334,0.44950056076049805,2.544950008392334,0.0
860,0.0,0.0,0.3535533905932738,2.545677661895752,0.4567776918411255,2.545677661895752,0.0
861,0.0,0.0,0.3535533905932738,2.553454875946045,0.534549355506897,2.553454875946045,0.0
862,0.0,0.0,0.3535533905932738,2.549234628677368,0.4923461675643921,2.549234628677368,0.0
863,0.0,0.0,0.3535533905932738,2.544867515563965,0.4486757516860962,2.544867515563965,0.0
864,0.0,0.0,0.3535533905932738,2.5555360317230225,0.5553606748580933,2.5555360317230225,0.0
865,0.0,0.0,0.3535533905932738,2.5484085083007812,0.4840848445892334,2.5484085083007812,0.0
866,0.0,0.0,0.3535533905932738,2.5567874908447266,0.567874550819397,2.5567874908447266,0.0
867,0.0,0.0,0.3535533905932738,2.5484490394592285,0.48449158668518066,2.5484490394592285,0.0
868,0.0,0.0,0.3535533905932738,2.558830499649048,0.5883042812347412,2.558830499649048,0.0
869,0.0,0.0,0.3535533905932738,2.559007406234741,0.5900735855102539,2.559007406234741,0.0
870,0.0,0.0,0.3535533905932738,2.5444164276123047,0.4441642761230469,2.5444164276123047,0.0
871,0.0,0.0,0.3535533905932738,2.545257568359375,0.4525768756866455,2.545257568359375,0.0
872,0.0,0.0,0.3535533905932738,2.5455362796783447,0.45536184310913086,2.5455362796783447,0.0
873,0.0,0.0,0.3535533905932738,2.547308921813965,0.4730902910232544,2.547308921813965,0.0
874,0.0,0.0,0.3535533905932738,2.54060435295105,0.406044602394104,2.54060435295105,0.0
875,0.0,0.0,0.3535533905932738,2.55183744430542,0.5183748006820679,2.55183744430542,0.0
876,0.0,0.0,0.3535533905932738,2.548696517944336,0.48696422576904297,2.548696517944336,0.0
877,0.0,0.0,0.3535533905932738,2.551823854446411,0.5182379484176636,2.551823854446411,0.0
878,0.0,0.0,0.3535533905932738,2.554489850997925,0.5448991060256958,2.554489850997925,0.0
879,0.0,0.0,0.3535533905932738,2.5518393516540527,0.5183945894241333,2.5518393516540527,0.0
880,0.0,0.0,0.3535533905932738,2.546982526779175,0.46982431411743164,2.546982526779175,0.0
881,0.0,0.0,0.3535533905932738,2.5518858432769775,0.5188584327697754,2.5518858432769775,0.0
882,0.0,0.0,0.3535533905932738,2.551694869995117,0.516948938369751,2.551694869995117,0.0
883,0.0,0.0,0.3535533905932738,2.553575038909912,0.5357508659362793,2.553575038909912,0.0
884,0.0,0.0,0.3535533905932738,2.5518386363983154,0.5183868408203125,2.5518386363983154,0.0
885,0.0,0.0,0.3535533905932738,2.5476791858673096,0.47679078578948975,2.5476791858673096,0.0
886,0.0,0.0,0.3535533905932738,2.555283546447754,0.5528354644775391,2.555283546447754,0.0
887,0.0,0.0,0.3535533905932738,2.557238817214966,0.5723886489868164,2.557238817214966,0.0
888,0.0,0.0,0.3535533905932738,2.550504207611084,0.5050430297851562,2.550504207611084,0.0
889,0.0,0.0,0.3535533905932738,2.53973126411438,0.3973121643066406,2.53973126411438,0.0
890,0.0,0.0,0.3535533905932738,2.5537824630737305,0.5378246307373047,2.5537824630737305,0.0
891,0.0,0.0,0.3535533905932738,2.5447421073913574,0.4474217891693115,2.5447421073913574,0.0
892,0.0,0.0,0.3535533905932738,2.557781934738159,0.5778188705444336,2.557781934738159,0.0
893,0.0,0.0,0.3535533905932738,2.548609972000122,0.4860994815826416,2.548609972000122,0.0
894,0.0,0.0,0.3535533905932738,2.5461628437042236,0.4616283178329468,2.5461628437042236,0.0
895,0.0,0.0,0.3535533905932738,2.547957420349121,0.47957491874694824,2.547957420349121,0.0
896,0.0,0.0,0.3535533905932738,2.5436465740203857,0.4364660978317261,2.5436465740203857,0.0
897,0.0,0.0,0.3535533905932738,2.5501208305358887,0.5012080669403076,2.5501208305358887,0.0
898,0.0,0.0,0.3535533905932738,2.549664258956909,0.49664294719696045,2.549664258956909,0.0
899,0.0,0.0,0.3535533905932738,2.5454959869384766,0.454959511756897,2.5454959869384766,0.0
900,0.0,0.0,0.3535533905932738,2.5502614974975586,0.5026150941848755,2.5502614974975586,0.0
901,0.0,0.0,0.3535533905932738,2.5409576892852783,0.40957725048065186,2.5409576892852783,0.0
902,0.0,0.0,0.3535533905932738,2.554807662963867,0.5480766296386719,2.554807662963867,0.0
903,0.0,0.0,0.3535533905932738,2.5444042682647705,0.4440429210662842,2.5444042682647705,0.0
904,0.0,0.0,0.3535533905932738,2.5504703521728516,0.5047024488449097,2.5504703521728516,0.0
905,0.0,0.0,0.3535533905932738,2.5406301021575928,0.4062999486923218,2.5406301021575928,0.0
906,0.0,0.0,0.3535533905932738,2.5446152687072754,0.4461538791656494,2.5446152687072754,0.0
907,0.0,0.0,0.3535533905932738,2.551452875137329,0.5145285129547119,2.551452875137329,0.0
908,0.0,0.0,0.3535533905932738,2.548159122467041,0.4815918207168579,2.548159122467041,0.0
909,0.0,0.0,0.3535533905932738,2.5380496978759766,0.38049793243408203,2.5380496978759766,0.0
910,0.0,0.0,0.3535533905932738,2.5653724670410156,0.6537235975265503,2.5653724670410156,0.0
911,0.0,0.0,0.3535533905932738,2.543104887008667,0.43104982376098633,2.543104887008667,0.0
912,0.0,0.0,0.3535533905932738,2.548125743865967,0.4812581539154053,2.548125743865967,0.0
913,0.0,0.0,0.3535533905932738,2.552487373352051,0.5248737335205078,2.552487373352051,0.0
914,0.0,0.0,0.3535533905932738,2.5526747703552246,0.5267477035522461,2.5526747703552246,0.0
915,0.0,0.0,0.3535533905932738,2.559014081954956,0.5901410579681396,2.559014081954956,0.0
916,0.0,0.0,0.3535533905932738,2.5457284450531006,0.45728445053100586,2.5457284450531006,0.0
917,0.0,0.0,0.3535533905932738,2.5506279468536377,0.506279468536377,2.5506279468536377,0.0
918,0.0,0.0,0.3535533905932738,2.5440711975097656,0.4407128095626831,2.5440711975097656,0.0
919,0.0,0.0,0.3535533905932738,2.5483152866363525,0.4831535816192627,2.5483152866363525,0.0
920,0.0,0.0,0.3535533905932738,2.5503780841827393,0.5037810802459717,2.5503780841827393,0.0
921,0.0,0.0,0.3535533905932738,2.546778917312622,0.467789888381958,2.546778917312622,0.0
922,0.0,0.0,0.3535533905932738,2.5437381267547607,0.43738114833831787,2.5437381267547607,0.0
923,0.0,0.0,0.3535533905932738,2.5536272525787354,0.5362720489501953,2.5536272525787354,0.0
924,0.0,0.0,0.3535533905932738,2.548224449157715,0.4822436571121216,2.548224449157715,0.0
925,0.0,0.0,0.3535533905932738,2.5358259677886963,0.35825860500335693,2.5358259677886963,0.0
926,0.0,0.0,0.3535533905932738,2.5535976886749268,0.5359764099121094,2.5535976886749268,0.0
927,0.0,0.0,0.3535533905932738,2.55785870552063,0.5785871744155884,2.55785870552063,0.0
928,0.0,0.0,0.3535533905932738,2.5465075969696045,0.46507537364959717,2.5465075969696045,0.0
929,0.0,0.0,0.3535533905932738,2.541954755783081,0.41954779624938965,2.541954755783081,0.0
930,0.0,0.0,0.3535533905932738,2.5497515201568604,0.49751484394073486,2.5497515201568604,0.0
931,0.0,0.0,0.3535533905932738,2.5446722507476807,0.44672298431396484,2.5446722507476807,0.0
932,0.0,0.0,0.3535533905932738,2.5492587089538574,0.49258744716644287,2.5492587089538574,0.0
933,0.0,0.0,0.3535533905932738,2.545093297958374,0.450933575630188,2.545093297958374,0.0
934,0.0,0.0,0.3535533905932738,2.5454182624816895,0.4541816711425781,2.5454182624816895,0.0
935,0.0,0.0,0.3535533905932738,2.550442934036255,0.5044301748275757,2.550442934036255,0.0
936,0.0,0.0,0.3535533905932738,2.546344757080078,0.46344661712646484,2.546344757080078,0.0
937,0.0,0.0,0.3535533905932738,2.545020818710327,0.45020759105682373,2.545020818710327,0.0
938,0.0,0.0,0.3535533905932738,2.5558056831359863,0.5580556392669678,2.5558056831359863,0.0
939,0.0,0.0,0.3535533905932738,2.545342206954956,0.4534221887588501,2.545342206954956,0.0
940,0.0,0.0,0.3535533905932738,2.559901714324951,0.5990159511566162,2.559901714324951,0.0
941,0.0,0.0,0.3535533905932738,2.546039581298828,0.46039676666259766,2.546039581298828,0.0
942,0.0,0.0,0.3535533905932738,2.5538742542266846,0.538741946220398,2.5538742542266846,0.0
943,0.0,0.0,0.3535533905932738,2.5494744777679443,0.49474430084228516,2.5494744777679443,0.0
944,0.0,0.0,0.3535533905932738,2.5494019985198975,0.4940202236175537,2.5494019985198975,0.0
945,0.0,0.0,0.3535533905932738,2.565842390060425,0.6584248542785645,2.565842390060425,0.0
946,0.0,0.0,0.3535533905932738,2.5480237007141113,0.48023712635040283,2.5480237007141113,0.0
947,0.0,0.0,0.3535533905932738,2.5517706871032715,0.5177080631256104,2.5517706871032715,0.0
948,0.0,0.0,0.3535533905932738,2.5420193672180176,0.420194149017334,2.5420193672180176,0.0
949,0.0,0.0,0.3535533905932738,2.5533766746520996,0.5337662696838379,2.5533766746520996,0.0
950,0.0,0.0,0.3535533905932738,2.554560899734497,0.5456091165542603,2.554560899734497,0.0
951,0.0,0.0,0.3535533905932738,2.562598943710327,0.6259891986846924,2.562598943710327,0.0
952,0.0,0.0,0.3535533905932738,2.545865058898926,0.4586496353149414,2.545865058898926,0.0
953,0.0,0.0,0.3535533905932738,2.550416946411133,0.5041689872741699,2.550416946411133,0.0
954,0.0,0.0,0.3535533905932738,2.5517094135284424,0.5170944929122925,2.5517094135284424,0.0
955,0.0,0.0,0.3535533905932738,2.5545504093170166,0.5455038547515869,2.5545504093170166,0.0
956,0.0,0.0,0.3535533905932738,2.5495798587799072,0.4957996606826782,2.5495798587799072,0.0
957,0.0,0.0,0.3535533905932738,2.543354034423828,0.4335392713546753,2.543354034423828,0.0
958,0.0,0.0,0.3535533905932738,2.539186716079712,0.39186787605285645,2.539186716079712,0.0
959,0.0,0.0,0.3535533905932738,2.556788921356201,0.5678893327713013,2.556788921356201,0.0
960,0.0,0.0,0.3535533905932738,2.545836925506592,0.4583704471588135,2.545836925506592,0.0
961,0.0,0.0,0.3535533905932738,2.5438897609710693,0.43889784812927246,2.5438897609710693,0.0
962,0.0,0.0,0.3535533905932738,2.5536441802978516,0.5364428758621216,2.5536441802978516,0.0
963,0.0,0.0,0.3535533905932738,2.5484588146209717,0.4845874309539795,2.5484588146209717,0.0
964,0.0,0.0,0.3535533905932738,2.5556085109710693,0.5560857057571411,2.5556085109710693,0.0
965,0.0,0.0,0.3535533905932738,2.5455496311187744,0.455497145652771,2.5455496311187744,0.0
966,0.0,0.0,0.3535533905932738,2.5414786338806152,0.4147852659225464,2.5414786338806152,0.0
967,0.0,0.0,0.3535533905932738,2.546678304672241,0.4667823314666748,2.546678304672241,0.0
968,0.0,0.0,0.3535533905932738,2.547257900238037,0.47257936000823975,2.547257900238037,0.0
969,0.0,0.0,0.3535533905932738,2.5484869480133057,0.4848703145980835,2.5484869480133057,0.0
970,0.0,0.0,0.3535533905932738,2.5531563758850098,0.5315628051757812,2.5531563758850098,0.0
971,0.0,0.0,0.3535533905932738,2.5410988330841064,0.4109882116317749,2.5410988330841064,0.0
972,0.0,0.0,0.3535533905932738,2.5532803535461426,0.5328046083450317,2.5532803535461426,0.0
973,0.0,0.0,0.3535533905932738,2.5544967651367188,0.544967770576477,2.5544967651367188,0.0
974,0.0,0.0,0.3535533905932738,2.5485358238220215,0.48535919189453125,2.5485358238220215,0.0
975,0.0,0.0,0.3535533905932738,2.553929328918457,0.5392941236495972,2.553929328918457,0.0
976,0.0,0.0,0.3535533905932738,2.5467469692230225,0.4674701690673828,2.5467469692230225,0.0
977,0.0,0.0,0.3535533905932738,2.5427372455596924,0.4273725748062134,2.5427372455596924,0.0
978,0.0,0.0,0.3535533905932738,2.548804759979248,0.48804807662963867,2.548804759979248,0.0
979,0.0,0.0,0.3535533905932738,2.541707754135132,0.41707706451416016,2.541707754135132,0.0
980,0.0,0.0,0.3535533905932738,2.5521790981292725,0.5217913389205933,2.5521790981292725,0.0
981,0.0,0.0,0.3535533905932738,2.5374138355255127,0.37413811683654785,2.5374138355255127,0.0
982,0.0,0.0,0.3535533905932738,2.5448765754699707,0.44876694679260254,2.5448765754699707,0.0
983,0.0,0.0,0.3535533905932738,2.5452561378479004,0.4525625705718994,2.5452561378479004,0.0
984,0.0,0.0,0.3535533905932738,2.5580708980560303,0.5807090997695923,2.5580708980560303,0.0
985,0.0,0.0,0.3535533905932738,2.5418686866760254,0.41868722438812256,2.5418686866760254,0.0
986,0.0,0.0,0.3535533905932738,2.551588296890259,0.5158818960189819,2.551588296890259,0.0
987,0.0,0.0,0.3535533905932738,2.556537628173828,0.5653772354125977,2.556537628173828,0.0
988,0.0,0.0,0.3535533905932738,2.553758144378662,0.5375809669494629,2.553758144378662,0.0
989,0.0,0.0,0.3535533905932738,2.5433194637298584,0.4331939220428467,2.5433194637298584,0.0
990,0.0,0.0,0.3535533905932738,2.546438455581665,0.4643852710723877,2.546438455581665,0.0
991,0.0,0.0,0.3535533905932738,2.546928644180298,0.4692859649658203,2.546928644180298,0.0
992,0.0,0.0,0.3535533905932738,2.554713487625122,0.5471352338790894,2.554713487625122,0.0
993,0.0,0.0,0.3535533905932738,2.5534160137176514,0.5341596603393555,2.5534160137176514,0.0
994,0.0,0.0,0.3535533905932738,2.5383002758026123,0.38300299644470215,2.5383002758026123,0.0
995,0.0,0.0,0.3535533905932738,2.554447650909424,0.5444759130477905,2.554447650909424,0.0
996,0.0,0.0,0.3535533905932738,2.543351173400879,0.4335111379623413,2.543351173400879,0.0
997,0.0,0.0,0.3535533905932738,2.544999122619629,0.4499913454055786,2.544999122619629,0.0
998,0.0,0.0,0.3535533905932738,2.550518035888672,0.5051805973052979,2.550518035888672,0.0
999,0.0,0.0,0.3535533905932738,2.5430893898010254,0.43089377880096436,2.5430893898010254,0.0
1000,0.0,0.0,0.3535533905932738,2.548948049545288,0.489479660987854,2.548948049545288,0.0
1001,0.0,0.0,0.3535533905932738,2.548200845718384,0.48200738430023193,2.548200845718384,0.0
1002,0.0,0.0,0.3535533905932738,2.5569093227386475,0.5690925121307373,2.5569093227386475,0.0
1003,0.0,0.0,0.3535533905932738,2.5484209060668945,0.48420846462249756,2.5484209060668945,0.0
1004,0.0,0.0,0.3535533905932738,2.55049204826355,0.5049209594726562,2.55049204826355,0.0
1005,0.0,0.0,0.3535533905932738,2.540163993835449,0.40164053440093994,2.540163993835449,0.0
1006,0.0,0.0,0.3535533905932738,2.5423498153686523,0.42349815368652344,2.5423498153686523,0.0
1007,0.0,0.0,0.3535533905932738,2.5400054454803467,0.40005385875701904,2.5400054454803467,0.0
1008,0.0,0.0,0.3535533905932738,2.543381690979004,0.43381619453430176,2.543381690979004,0.0
1009,0.0,0.0,0.3535533905932738,2.5518088340759277,0.5180875062942505,2.5518088340759277,0.0
1010,0.0,0.0,0.3535533905932738,2.5480127334594727,0.4801284074783325,2.5480127334594727,0.0
1011,0.0,0.0,0.3535533905932738,2.544126272201538,0.4412628412246704,2.544126272201538,0.0
1012,0.0,0.0,0.3535533905932738,2.5441927909851074,0.4419283866882324,2.5441927909851074,0.0
1013,0.0,0.0,0.3535533905932738,2.5402004718780518,0.4020051956176758,2.5402004718780518,0.0
1014,0.0,0.0,0.3535533905932738,2.538358449935913,0.3835850954055786,2.538358449935913,0.0
1015,0.0,0.0,0.3535533905932738,2.5425808429718018,0.4258073568344116,2.5425808429718018,0.0
1016,0.0,0.0,0.3535533905932738,2.5414838790893555,0.4148378372192383,2.5414838790893555,0.0
1017,0.0,0.0,0.3535533905932738,2.5513598918914795,0.5135980844497681,2.5513598918914795,0.0
1018,0.0,0.0,0.3535533905932738,2.5508744716644287,0.5087445974349976,2.5508744716644287,0.0
1019,0.0,0.0,0.3535533905932738,2.5499837398529053,0.4998365640640259,2.5499837398529053,0.0
1020,0.0,0.0,0.3535533905932738,2.5456507205963135,0.4565078020095825,2.5456507205963135,0.0
1021,0.0,0.0,0.3535533905932738,2.5436313152313232,0.4363136291503906,2.5436313152313232,0.0
1022,0.0,0.0,0.3535533905932738,2.5511562824249268,0.5115623474121094,2.5511562824249268,0.0
1023,0.0,0.0,0.3535533905932738,2.5492091178894043,0.4920905828475952,2.5492091178894043,0.0
1024,0.0,0.0,0.3535533905932738,2.539219856262207,0.3921973705291748,2.539219856262207,0.0
1025,0.0,0.0,0.3535533905932738,2.5485167503356934,0.4851682186126709,2.5485167503356934,0.0
1026,0.0,0.0,0.3535533905932738,2.5445218086242676,0.44521796703338623,2.5445218086242676,0.0
1027,0.0,0.0,0.3535533905932738,2.5557239055633545,0.5572401285171509,2.5557239055633545,0.0
1028,0.0,0.0,0.3535533905932738,2.539642810821533,0.39642834663391113,2.539642810821533,0.0
1029,0.0,0.0,0.3535533905932738,2.5542750358581543,0.5427500009536743,2.5542750358581543,0.0
1030,0.0,0.0,0.3535533905932738,2.547938823699951,0.47938716411590576,2.547938823699951,0.0
1031,0.0,0.0,0.3535533905932738,2.5541694164276123,0.5416938066482544,2.5541694164276123,0.0
1032,0.0,0.0,0.3535533905932738,2.5618793964385986,0.6187946796417236,2.5618793964385986,0.0
1033,0.0,0.0,0.3535533905932738,2.5479345321655273,0.47934412956237793,2.5479345321655273,0.0
1034,0.0,0.0,0.3535533905932738,2.5443358421325684,0.4433584213256836,2.5443358421325684,0.0
1035,0.0,0.0,0.3535533905932738,2.5396220684051514,0.3962215185165405,2.5396220684051514,0.0
1036,0.0,0.0,0.3535533905932738,2.543342113494873,0.4334207773208618,2.543342113494873,0.0
1037,0.0,0.0,0.3535533905932738,2.5546677112579346,0.546677827835083,2.5546677112579346,0.0
1038,0.0,0.0,0.3535533905932738,2.5565483570098877,0.5654841661453247,2.5565483570098877,0.0
1039,0.0,0.0,0.3535533905932738,2.5452065467834473,0.45206475257873535,2.5452065467834473,0.0
1040,0.0,0.0,0.3535533905932738,2.5445010662078857,0.44500982761383057,2.5445010662078857,0.0
1041,0.0,0.0,0.3535533905932738,2.538076639175415,0.3807668685913086,2.538076639175415,0.0
1042,0.0,0.0,0.3535533905932738,2.5573277473449707,0.5732766389846802,2.5573277473449707,0.0
1043,0.0,0.0,0.3535533905932738,2.5482280254364014,0.482279896736145,2.5482280254364014,0.0
1044,0.0,0.0,0.3535533905932738,2.543963670730591,0.43963754177093506,2.543963670730591,0.0
1045,0.0,0.0,0.3535533905932738,2.5453994274139404,0.45399415493011475,2.5453994274139404,0.0
1046,0.0,0.0,0.3535533905932738,2.5490329265594482,0.49033021926879883,2.5490329265594482,0.0
1047,0.0,0.0,0.3535533905932738,2.5428459644317627,0.42846012115478516,2.5428459644317627,0.0
1048,0.0,0.0,0.3535533905932738,2.5521161556243896,0.5211626291275024,2.5521161556243896,0.0
1049,0.0,0.0,0.3535533905932738,2.538228750228882,0.3822871446609497,2.538228750228882,0.0
1050,0.0,0.0,0.3535533905932738,2.5497806072235107,0.49780499935150146,2.5497806072235107,0.0
1051,0.0,0.0,0.3535533905932738,2.549898386001587,0.49898362159729004,2.549898386001587,0.0
1052,0.0,0.0,0.3535533905932738,2.5475728511810303,0.4757283926010132,2.5475728511810303,0.0
1053,0.0,0.0,0.3535533905932738,2.5506882667541504,0.5068831443786621,2.5506882667541504,0.0
1054,0.0,0.0,0.3535533905932738,2.5513052940368652,0.5130540132522583,2.5513052940368652,0.0
1055,0.0,0.0,0.3535533905932738,2.54836368560791,0.48363637924194336,2.54836368560791,0.0
1056,0.0,0.0,0.3535533905932738,2.5468130111694336,0.46813058853149414,2.5468130111694336,0.0
1057,0.0,0.0,0.3535533905932738,2.5450241565704346,0.45024073123931885,2.5450241565704346,0.0
1058,0.0,0.0,0.3535533905932738,2.5503060817718506,0.5030616521835327,2.5503060817718506,0.0
1059,0.0,0.0,0.3535533905932738,2.5518102645874023,0.5181031227111816,2.5518102645874023,0.0
1060,0.0,0.0,0.3535533905932738,2.5354385375976562,0.3543846607208252,2.5354385375976562,0.0
1061,0.0,0.0,0.3535533905932738,2.5530812740325928,0.53081214427948,2.5530812740325928,0.0
1062,0.0,0.0,0.3535533905932738,2.5393640995025635,0.3936415910720825,2.5393640995025635,0.0
1063,0.0,0.0,0.3535533905932738,2.544212818145752,0.4421278238296509,2.544212818145752,0.0
1064,0.0,0.0,0.3535533905932738,2.5476222038269043,0.4762219190597534,2.5476222038269043,0.0
1065,0.0,0.0,0.3535533905932738,2.5471646785736084,0.471646785736084,2.5471646785736084,0.0
1066,0.0,0.0,0.3535533905932738,2.5416648387908936,0.41664767265319824,2.5416648387908936,0.0
1067,0.0,0.0,0.3535533905932738,2.537689447402954,0.3768951892852783,2.537689447402954,0.0
1068,0.0,0.0,0.3535533905932738,2.541539430618286,0.4153940677642822,2.541539430618286,0.0
1069,0.0,0.0,0.3535533905932738,2.548476219177246,0.48476338386535645,2.548476219177246,0.0
1070,0.0,0.0,0.3535533905932738,2.543403387069702,0.43403446674346924,2.543403387069702,0.0
1071,0.0,0.0,0.3535533905932738,2.533576726913452,0.33576714992523193,2.533576726913452,0.0
1072,0.0,0.0,0.3535533905932738,2.5426619052886963,0.42661869525909424,2.5426619052886963,0.0
1073,0.0,0.0,0.3535533905932738,2.546898126602173,0.46898162364959717,2.546898126602173,0.0
1074,0.0,0.0,0.3535533905932738,2.545585870742798,0.45585834980010986,2.545585870742798,0.0
1075,0.0,0.0,0.3535533905932738,2.546159029006958,0.4615892171859741,2.546159029006958,0.0
1076,0.0,0.0,0.3535533905932738,2.5381994247436523,0.3819934129714966,2.5381994247436523,0.0
1077,0.0,0.0,0.3535533905932738,2.554009199142456,0.5400928258895874,2.554009199142456,0.0
1078,0.0,0.0,0.3535533905932738,2.544867753982544,0.4486771821975708,2.544867753982544,0.0
1079,0.0,0.0,0.3535533905932738,2.5422322750091553,0.4223223924636841,2.5422322750091553,0.0
1080,0.0,0.0,0.3535533905932738,2.5358715057373047,0.3587139844894409,2.5358715057373047,0.0
1081,0.0,0.0,0.3535533905932738,2.5454721450805664,0.4547210931777954,2.5454721450805664,0.0
1082,0.0,0.0,0.3535533905932738,2.549835205078125,0.4983527660369873,2.549835205078125,0.0
1083,0.0,0.0,0.3535533905932738,2.548868417739868,0.48868417739868164,2.548868417739868,0.0
1084,0.0,0.0,0.3535533905932738,2.544365406036377,0.4436544179916382,2.544365406036377,0.0
1085,0.0,0.0,0.3535533905932738,2.548337459564209,0.48337435722351074,2.548337459564209,0.0
1086,0.0,0.0,0.3535533905932738,2.5380072593688965,0.3800734281539917,2.5380072593688965,0.0
1087,0.0,0.0,0.3535533905932738,2.541801691055298,0.41801702976226807,2.541801691055298,0.0
1088,0.0,0.0,0.3535533905932738,2.5427849292755127,0.42784833908081055,2.5427849292755127,0.0
1089,0.0,0.0,0.3535533905932738,2.543710947036743,0.43710875511169434,2.543710947036743,0.0
1090,0.0,0.0,0.3535533905932738,2.547290325164795,0.4729020595550537,2.547290325164795,0.0
1091,0.0,0.0,0.3535533905932738,2.5443596839904785,0.44359707832336426,2.5443596839904785,0.0
1092,0.0,0.0,0.3535533905932738,2.5431101322174072,0.4311004877090454,2.5431101322174072,0.0
1093,0.0,0.0,0.3535533905932738,2.5474789142608643,0.4747898578643799,2.5474789142608643,0.0
1094,0.0,0.0,0.3535533905932738,2.5380699634552,0.38069868087768555,2.5380699634552,0.0
1095,0.0,0.0,0.3535533905932738,2.5429346561431885,0.42934751510620117,2.5429346561431885,0.0
1096,0.0,0.0,0.3535533905932738,2.5507256984710693,0.5072561502456665,2.5507256984710693,0.0
1097,0.0,0.0,0.3535533905932738,2.559225082397461,0.5922510623931885,2.559225082397461,0.0
1098,0.0,0.0,0.3535533905932738,2.5436925888061523,0.43692469596862793,2.5436925888061523,0.0
1099,0.0,0.0,0.3535533905932738,2.5475616455078125,0.4756169319152832,2.5475616455078125,0.0
1100,0.0,0.0,0.3535533905932738,2.544980525970459,0.44980549812316895,2.544980525970459,0.0
1101,0.0,0.0,0.3535533905932738,2.54250431060791,0.42504358291625977,2.54250431060791,0.0
1102,0.0,0.0,0.3535533905932738,2.539639711380005,0.3963969945907593,2.539639711380005,0.0
1103,0.0,0.0,0.3535533905932738,2.547731399536133,0.47731316089630127,2.547731399536133,0.0
1104,0.0,0.0,0.3535533905932738,2.5417542457580566,0.4175434112548828,2.5417542457580566,0.0
1105,0.0,0.0,0.3535533905932738,2.5417251586914062,0.4172506332397461,2.5417251586914062,0.0
1106,0.0,0.0,0.3535533905932738,2.5353784561157227,0.35378503799438477,2.5353784561157227,0.0
1107,0.0,0.0,0.3535533905932738,2.5375101566314697,0.37510180473327637,2.5375101566314697,0.0
1108,0.0,0.0,0.3535533905932738,2.548476219177246,0.4847623109817505,2.548476219177246,0.0
1109,0.0,0.0,0.3535533905932738,2.5367918014526367,0.3679192066192627,2.5367918014526367,0.0
1110,0.0,0.0,0.3535533905932738,2.5391502380371094,0.39150190353393555,2.5391502380371094,0.0
1111,0.0,0.0,0.3535533905932738,2.533940553665161,0.3394052982330322,2.533940553665161,0.0
1112,0.0,0.0,0.3535533905932738,2.539792776107788,0.3979278802871704,2.539792776107788,0.0
1113,0.0,0.0,0.3535533905932738,2.5416250228881836,0.41625094413757324,2.5416250228881836,0.0
1114,0.0,0.0,0.3535533905932738,2.542999267578125,0.4299914836883545,2.542999267578125,0.0
1115,0.0,0.0,0.3535533905932738,2.550204038619995,0.5020411014556885,2.550204038619995,0.0
1116,0.0,0.0,0.3535533905932738,2.537896156311035,0.37896275520324707,2.537896156311035,0.0
1117,0.0,0.0,0.3535533905932738,2.5418918132781982,0.41891777515411377,2.5418918132781982,0.0
1118,0.0,0.0,0.3535533905932738,2.5517220497131348,0.5172213315963745,2.5517220497131348,0.0
1119,0.0,0.0,0.3535533905932738,2.541557788848877,0.41557836532592773,2.541557788848877,0.0
1120,0.0,0.0,0.3535533905932738,2.55161190032959,0.5161184072494507,2.55161190032959,0.0
1121,0.0,0.0,0.3535533905932738,2.5437865257263184,0.43786585330963135,2.5437865257263184,0.0
1122,0.0,0.0,0.3535533905932738,2.545196294784546,0.45196259021759033,2.545196294784546,0.0
1123,0.0,0.0,0.3535533905932738,2.538916826248169,0.389168381690979,2.538916826248169,0.0
1124,0.0,0.0,0.3535533905932738,2.5434958934783936,0.4349585771560669,2.5434958934783936,0.0
1125,0.0,0.0,0.3535533905932738,2.546483039855957,0.46483075618743896,2.546483039855957,0.0
1126,0.0,0.0,0.3535533905932738,2.5509631633758545,0.5096312761306763,2.5509631633758545,0.0
1127,0.0,0.0,0.3535533905932738,2.5509889125823975,0.5098894834518433,2.5509889125823975,0.0
1128,0.0,0.0,0.3535533905932738,2.5426981449127197,0.4269815683364868,2.5426981449127197,0.0
1129,0.0,0.0,0.3535533905932738,2.539907217025757,0.39907121658325195,2.539907217025757,0.0
1130,0.0,0.0,0.3535533905932738,2.5439906120300293,0.43990516662597656,2.5439906120300293,0.0
1131,0.0,0.0,0.3535533905932738,2.541210889816284,0.4121091365814209,2.541210889816284,0.0
1132,0.0,0.0,0.3535533905932738,2.540876626968384,0.4087660312652588,2.540876626968384,0.0
1133,0.0,0.0,0.3535533905932738,2.5423290729522705,0.42329108715057373,2.5423290729522705,0.0
1134,0.0,0.0,0.3535533905932738,2.5358872413635254,0.35887348651885986,2.5358872413635254,0.0
1135,0.0,0.0,0.3535533905932738,2.5417168140411377,0.41716790199279785,2.5417168140411377,0.0
1136,0.0,0.0,0.3535533905932738,2.544865131378174,0.4486510753631592,2.544865131378174,0.0
1137,0.0,0.0,0.3535533905932738,2.5459063053131104,0.4590641260147095,2.5459063053131104,0.0
1138,0.0,0.0,0.3535533905932738,2.544734001159668,0.4473402500152588,2.544734001159668,0.0
1139,0.0,0.0,0.3535533905932738,2.545375108718872,0.45375096797943115,2.545375108718872,0.0
1140,0.0,0.0,0.3535533905932738,2.535642623901367,0.35642528533935547,2.535642623901367,0.0
1141,0.0,0.0,0.3535533905932738,2.541126251220703,0.4112616777420044,2.541126251220703,0.0
1142,0.0,0.0,0.3535533905932738,2.542238712310791,0.4223872423171997,2.542238712310791,0.0
1143,0.0,0.0,0.3535533905932738,2.5335116386413574,0.3351166248321533,2.5335116386413574,0.0
1144,0.0,0.0,0.3535533905932738,2.5467333793640137,0.4673330783843994,2.5467333793640137,0.0
1145,0.0,0.0,0.3535533905932738,2.5436267852783203,0.4362678527832031,2.5436267852783203,0.0
1146,0.0,0.0,0.3535533905932738,2.554919958114624,0.5492002964019775,2.554919958114624,0.0
1147,0.0,0.0,0.3535533905932738,2.542034864425659,0.4203488826751709,2.542034864425659,0.0
1148,0.0,0.0,0.3535533905932738,2.5418710708618164,0.41870951652526855,2.5418710708618164,0.0
1149,0.0,0.0,0.3535533905932738,2.5459258556365967,0.45925772190093994,2.5459258556365967,0.0
1150,0.0,0.0,0.3535533905932738,2.544433116912842,0.44433093070983887,2.544433116912842,0.0
1151,0.0,0.0,0.3535533905932738,2.540546178817749,0.40546107292175293,2.540546178817749,0.0
1152,0.0,0.0,0.3535533905932738,2.547055721282959,0.47055768966674805,2.547055721282959,0.0
1153,0.0,0.0,0.3535533905932738,2.5431253910064697,0.431254506111145,2.5431253910064697,0.0
1154,0.0,0.0,0.3535533905932738,2.5443062782287598,0.44306159019470215,2.5443062782287598,0.0
1155,0.0,0.0,0.3535533905932738,2.534414529800415,0.3441445827484131,2.534414529800415,0.0
1156,0.0,0.0,0.3535533905932738,2.5386059284210205,0.3860597610473633,2.5386059284210205,0.0
1157,0.0,0.0,0.3535533905932738,2.5539209842681885,0.5392099618911743,2.5539209842681885,0.0
1158,0.0,0.0,0.3535533905932738,2.5409047603607178,0.4090467691421509,2.5409047603607178,0.0
1159,0.0,0.0,0.3535533905932738,2.5366275310516357,0.3662750720977783,2.5366275310516357,0.0
1160,0.0,0.0,0.3535533905932738,2.543879270553589,0.43879234790802,2.543879270553589,0.0
1161,0.0,0.0,0.3535533905932738,2.543759346008301,0.437593936920166,2.543759346008301,0.0
1162,0.0,0.0,0.3535533905932738,2.5458688735961914,0.45868778228759766,2.5458688735961914,0.0
1163,0.0,0.0,0.3535533905932738,2.539402723312378,0.39402639865875244,2.539402723312378,0.0
1164,0.0,0.0,0.3535533905932738,2.5369386672973633,0.3693864345550537,2.5369386672973633,0.0
1165,0.0,0.0,0.3535533905932738,2.5445444583892822,0.4454454183578491,2.5445444583892822,0.0
1166,0.0,0.0,0.3535533905932738,2.538306713104248,0.38306736946105957,2.538306713104248,0.0
1167,0.0,0.0,0.3535533905932738,2.5464537143707275,0.4645376205444336,2.5464537143707275,0.0
1168,0.0,0.0,0.3535533905932738,2.5402421951293945,0.4024221897125244,2.5402421951293945,0.0
1169,0.0,0.0,0.3535533905932738,2.549973964691162,0.4997406005859375,2.549973964691162,0.0
1170,0.0,0.0,0.3535533905932738,2.535222291946411,0.3522235155105591,2.535222291946411,0.0
1171,0.0,0.0,0.3535533905932738,2.543931484222412,0.43931591510772705,2.543931484222412,0.0
1172,0.0,0.0,0.3535533905932738,2.533590316772461,0.3359038829803467,2.533590316772461,0.0
1173,0.0,0.0,0.3535533905932738,2.5386099815368652,0.38610029220581055,2.5386099815368652,0.0
1174,0.0,0.0,0.3535533905932738,2.537431240081787,0.37431180477142334,2.537431240081787,0.0
1175,0.0,0.0,0.3535533905932738,2.5412373542785645,0.4123731851577759,2.5412373542785645,0.0
1176,0.0,0.0,0.3535533905932738,2.546679973602295,0.466799259185791,2.546679973602295,0.0
1177,0.0,0.0,0.3535533905932738,2.537640333175659,0.3764026165008545,2.537640333175659,0.0
1178,0.0,0.0,0.3535533905932738,2.541203260421753,0.4120326042175293,2.541203260421753,0.0
1179,0.0,0.0,0.3535533905932738,2.533806800842285,0.33806753158569336,2.533806800842285,0.0
1180,0.0,0.0,0.3535533905932738,2.547234058380127,0.4723397493362427,2.547234058380127,0.0
1181,0.0,0.0,0.3535533905932738,2.554302453994751,0.5430241823196411,2.554302453994751,0.0
1182,0.0,0.0,0.3535533905932738,2.544133186340332,0.44133269786834717,2.544133186340332,0.0
1183,0.0,0.0,0.3535533905932738,2.5553274154663086,0.5532742738723755,2.5553274154663086,0.0
1184,0.0,0.0,0.3535533905932738,2.5552821159362793,0.5528223514556885,2.5552821159362793,0.0
1185,0.0,0.0,0.3535533905932738,2.539686441421509,0.39686524868011475,2.539686441421509,0.0
1186,0.0,0.0,0.3535533905932738,2.540059804916382,0.4005972146987915,2.540059804916382,0.0
1187,0.0,0.0,0.3535533905932738,2.541184902191162,0.4118497371673584,2.541184902191162,0.0
1188,0.0,0.0,0.3535533905932738,2.5472004413604736,0.47200441360473633,2.5472004413604736,0.0
1189,0.0,0.0,0.3535533905932738,2.535306692123413,0.3530668020248413,2.535306692123413,0.0
1190,0.0,0.0,0.3535533905932738,2.54363751411438,0.4363741874694824,2.54363751411438,0.0
1191,0.0,0.0,0.3535533905932738,2.544832468032837,0.44832444190979004,2.544832468032837,0.0
1192,0.0,0.0,0.3535533905932738,2.546473979949951,0.46474015712738037,2.546473979949951,0.0
1193,0.0,0.0,0.3535533905932738,2.543715476989746,0.43715429306030273,2.543715476989746,0.0
1194,0.0,0.0,0.3535533905932738,2.546271324157715,0.46271300315856934,2.546271324157715,0.0
1195,0.0,0.0,0.3535533905932738,2.537186861038208,0.3718678951263428,2.537186861038208,0.0
1196,0.0,0.0,0.3535533905932738,2.5361740589141846,0.36174166202545166,2.5361740589141846,0.0
1197,0.0,0.0,0.3535533905932738,2.549562454223633,0.4956233501434326,2.549562454223633,0.0
1198,0.0,0.0,0.3535533905932738,2.5439867973327637,0.4398688077926636,2.5439867973327637,0.0
1199,0.0,0.0,0.3535533905932738,2.546008825302124,0.460088849067688,2.546008825302124,0.0
1200,0.0,0.0,0.3535533905932738,2.5353496074676514,0.3534954786300659,2.5353496074676514,0.0
1201,0.0,0.0,0.3535533905932738,2.5330216884613037,0.33021724224090576,2.5330216884613037,0.0
1202,0.0,0.0,0.3535533905932738,2.540860891342163,0.40860962867736816,2.540860891342163,0.0
1203,0.0,0.0,0.3535533905932738,2.549011707305908,0.49011683464050293,2.549011707305908,0.0
1204,0.0,0.0,0.3535533905932738,2.53591251373291,0.3591254949569702,2.53591251373291,0.0
1205,0.0,0.0,0.3535533905932738,2.55900502204895,0.5900511741638184,2.55900502204895,0.0
1206,0.0,0.0,0.3535533905932738,2.537736177444458,0.3773617744445801,2.537736177444458,0.0
1207,0.0,0.0,0.3535533905932738,2.538245439529419,0.38245368003845215,2.538245439529419,0.0
1208,0.0,0.0,0.3535533905932738,2.550250291824341,0.502503514289856,2.550250291824341,0.0
1209,0.0,0.0,0.3535533905932738,2.5462751388549805,0.4627506732940674,2.5462751388549805,0.0
1210,0.0,0.0,0.3535533905932738,2.541945457458496,0.41945362091064453,2.541945457458496,0.0
1211,0.0,0.0,0.3535533905932738,2.5526325702667236,0.5263254642486572,2.5526325702667236,0.0
1212,0.0,0.0,0.3535533905932738,2.5471386909484863,0.47138702869415283,2.5471386909484863,0.0
1213,0.0,0.0,0.3535533905932738,2.5263001918792725,0.2630014419555664,2.5263001918792725,0.0
1214,0.0,0.0,0.3535533905932738,2.5408363342285156,0.4083636999130249,2.5408363342285156,0.0
1215,0.0,0.0,0.3535533905932738,2.546428680419922,0.46428585052490234,2.546428680419922,0.0
1216,0.0,0.0,0.3535533905932738,2.548942804336548,0.4894287586212158,2.548942804336548,0.0
1217,0.0,0.0,0.3535533905932738,2.547102451324463,0.4710240364074707,2.547102451324463,0.0
1218,0.0,0.0,0.3535533905932738,2.54787540435791,0.47875523567199707,2.54787540435791,0.0
1219,0.0,0.0,0.3535533905932738,2.550198554992676,0.5019853115081787,2.550198554992676,0.0
1220,0.0,0.0,0.3535533905932738,2.5356688499450684,0.3566877841949463,2.5356688499450684,0.0
1221,0.0,0.0,0.3535533905932738,2.5380260944366455,0.38026106357574463,2.5380260944366455,0.0
1222,0.0,0.0,0.3535533905932738,2.5377562046051025,0.37756192684173584,2.5377562046051025,0.0
1223,0.0,0.0,0.3535533905932738,2.5449728965759277,0.44972872734069824,2.5449728965759277,0.0
1224,0.0,0.0,0.3535533905932738,2.5399351119995117,0.39935100078582764,2.5399351119995117,0.0
1225,0.0,0.0,0.3535533905932738,2.534451961517334,0.344518780708313,2.534451961517334,0.0
1226,0.0,0.0,0.3535533905932738,2.546405792236328,0.4640570878982544,2.546405792236328,0.0
1227,0.0,0.0,0.3535533905932738,2.5354409217834473,0.3544090986251831,2.5354409217834473,0.0
1228,0.0,0.0,0.3535533905932738,2.543002128601074,0.4300200939178467,2.543002128601074,0.0
1229,0.0,0.0,0.3535533905932738,2.5460736751556396,0.4607374668121338,2.5460736751556396,0.0
1230,0.0,0.0,0.3535533905932738,2.5423636436462402,0.4236372709274292,2.5423636436462402,0.0
1231,0.0,0.0,0.3535533905932738,2.5451436042785645,0.451435923576355,2.5451436042785645,0.0
1232,0.0,0.0,0.3535533905932738,2.545830488204956,0.45830559730529785,2.545830488204956,0.0
1233,0.0,0.0,0.3535533905932738,2.54814076423645,0.48140859603881836,2.54814076423645,0.0
1234,0.0,0.0,0.3535533905932738,2.542346715927124,0.42346668243408203,2.542346715927124,0.0
1235,0.0,0.0,0.3535533905932738,2.538632869720459,0.38632965087890625,2.538632869720459,0.0
1236,0.0,0.0,0.3535533905932738,2.5440685749053955,0.44068610668182373,2.5440685749053955,0.0
1237,0.0,0.0,0.3535533905932738,2.5414867401123047,0.4148677587509155,2.5414867401123047,0.0
1238,0.0,0.0,0.3535533905932738,2.5379865169525146,0.37986624240875244,2.5379865169525146,0.0
1239,0.0,0.0,0.3535533905932738,2.5477607250213623,0.4776071310043335,2.5477607250213623,0.0
1240,0.0,0.0,0.3535533905932738,2.54854154586792,0.48541510105133057,2.54854154586792,0.0
1241,0.0,0.0,0.3535533905932738,2.5464272499084473,0.4642728567123413,2.5464272499084473,0.0
1242,0.0,0.0,0.3535533905932738,2.5392770767211914,0.39276981353759766,2.5392770767211914,0.0
1243,0.0,0.0,0.3535533905932738,2.5469906330108643,0.46990716457366943,2.5469906330108643,0.0
1244,0.0,0.0,0.3535533905932738,2.5427472591400146,0.4274730682373047,2.5427472591400146,0.0
1245,0.0,0.0,0.3535533905932738,2.5407819747924805,0.4078202247619629,2.5407819747924805,0.0
1246,0.0,0.0,0.3535533905932738,2.538792610168457,0.3879270553588867,2.538792610168457,0.0
1247,0.0,0.0,0.3535533905932738,2.5438811779022217,0.4388115406036377,2.5438811779022217,0.0
1248,0.0,0.0,0.3535533905932738,2.540114402770996,0.4011436700820923,2.540114402770996,0.0
1249,0.0,0.0,0.3535533905932738,2.5385138988494873,0.38513875007629395,2.5385138988494873,0.0
1250,0.0,0.0,0.3535533905932738,2.541677713394165,0.4167773723602295,2.541677713394165,0.0
1251,0.0,0.0,0.3535533905932738,2.553602695465088,0.536026120185852,2.553602695465088,0.0
1252,0.0,0.0,0.3535533905932738,2.547321319580078,0.47321414947509766,2.547321319580078,0.0
1253,0.0,0.0,0.3535533905932738,2.5369796752929688,0.3697957992553711,2.5369796752929688,0.0
1254,0.0,0.0,0.3535533905932738,2.5335023403167725,0.335024356842041,2.5335023403167725,0.0
1255,0.0,0.0,0.3535533905932738,2.534850835800171,0.34850919246673584,2.534850835800171,0.0
1256,0.0,0.0,0.3535533905932738,2.5484893321990967,0.48489391803741455,2.5484893321990967,0.0
1257,0.0,0.0,0.3535533905932738,2.535409927368164,0.3541003465652466,2.535409927368164,0.0
1258,0.0,0.0,0.3535533905932738,2.546445846557617,0.46445906162261963,2.546445846557617,0.0
1259,0.0,0.0,0.3535533905932738,2.5420596599578857,0.42059600353240967,2.5420596599578857,0.0
1260,0.0,0.0,0.3535533905932738,2.5452816486358643,0.45281732082366943,2.5452816486358643,0.0
1261,0.0,0.0,0.3535533905932738,2.541903257369995,0.419033408164978,2.541903257369995,0.0
1262,0.0,0.0,0.3535533905932738,2.555436372756958,0.5543628931045532,2.555436372756958,0.0
1263,0.0,0.0,0.3535533905932738,2.543166160583496,0.43166089057922363,2.543166160583496,0.0
1264,0.0,0.0,0.3535533905932738,2.5421714782714844,0.42171382904052734,2.5421714782714844,0.0
1265,0.0,0.0,0.3535533905932738,2.5359585285186768,0.3595845699310303,2.5359585285186768,0.0
1266,0.0,0.0,0.3535533905932738,2.5339057445526123,0.33905696868896484,2.5339057445526123,0.0
1267,0.0,0.0,0.3535533905932738,2.534435987472534,0.3443591594696045,2.534435987472534,0.0
1268,0.0,0.0,0.3535533905932738,2.5347037315368652,0.347037672996521,2.5347037315368652,0.0
1269,0.0,0.0,0.3535533905932738,2.540234088897705,0.4023416042327881,2.540234088897705,0.0
1270,0.0,0.0,0.3535533905932738,2.5447301864624023,0.4473026990890503,2.5447301864624023,0.0
1271,0.0,0.0,0.3535533905932738,2.5379233360290527,0.379233717918396,2.5379233360290527,0.0
1272,0.0,0.0,0.3535533905932738,2.53749418258667,0.3749430179595947,2.53749418258667,0.0
1273,0.0,0.0,0.3535533905932738,2.5409021377563477,0.40902209281921387,2.5409021377563477,0.0
1274,0.0,0.0,0.3535533905932738,2.550654888153076,0.5065498352050781,2.550654888153076,0.0
1275,0.0,0.0,0.3535533905932738,2.5431084632873535,0.4310840368270874,2.5431084632873535,0.0
1276,0.0,0.0,0.3535533905932738,2.537855625152588,0.37855589389801025,2.537855625152588,0.0
1277,0.0,0.0,0.3535533905932738,2.5452303886413574,0.4523029327392578,2.5452303886413574,0.0
1278,0.0,0.0,0.3535533905932738,2.542536735534668,0.4253668785095215,2.542536735534668,0.0
1279,0.0,0.0,0.3535533905932738,2.5256662368774414,0.25666117668151855,2.5256662368774414,0.0
1280,0.0,0.0,0.3535533905932738,2.543776750564575,0.4377671480178833,2.543776750564575,0.0
1281,0.0,0.0,0.3535533905932738,2.5469911098480225,0.46991026401519775,2.5469911098480225,0.0
1282,0.0,0.0,0.3535533905932738,2.5402894020080566,0.40289437770843506,2.5402894020080566,0.0
1283,0.0,0.0,0.3535533905932738,2.5440897941589355,0.44089698791503906,2.5440897941589355,0.0
1284,0.0,0.0,0.3535533905932738,2.5408902168273926,0.4089024066925049,2.5408902168273926,0.0
1285,0.0,0.0,0.3535533905932738,2.541822671890259,0.41822755336761475,2.541822671890259,0.0
1286,0.0,0.0,0.3535533905932738,2.5415499210357666,0.41549909114837646,2.5415499210357666,0.0
1287,0.0,0.0,0.3535533905932738,2.5384576320648193,0.38457727432250977,2.5384576320648193,0.0
1288,0.0,0.0,0.3535533905932738,2.542898178100586,0.42898237705230713,2.542898178100586,0.0
1289,0.0,0.0,0.3535533905932738,2.538922071456909,0.38921988010406494,2.538922071456909,0.0
1290,0.0,0.0,0.3535533905932738,2.5447139739990234,0.4471398591995239,2.5447139739990234,0.0
1291,0.0,0.0,0.3535533905932738,2.533144235610962,0.3314422369003296,2.533144235610962,0.0
1292,0.0,0.0,0.3535533905932738,2.5515856742858887,0.5158579349517822,2.5515856742858887,0.0
1293,0.0,0.0,0.3535533905932738,2.5410470962524414,0.4104713201522827,2.5410470962524414,0.0
1294,0.0,0.0,0.3535533905932738,2.5417957305908203,0.4179576635360718,2.5417957305908203,0.0
1295,0.0,0.0,0.3535533905932738,2.5376837253570557,0.37683796882629395,2.5376837253570557,0.0
1296,0.0,0.0,0.3535533905932738,2.5411293506622314,0.41129279136657715,2.5411293506622314,0.0
1297,0.0,0.0,0.3535533905932738,2.544275999069214,0.4427608251571655,2.544275999069214,0.0
1298,0.0,0.0,0.3535533905932738,2.5300045013427734,0.3000447750091553,2.5300045013427734,0.0
1299,0.0,0.0,0.3535533905932738,2.5449717044830322,0.44971680641174316,2.5449717044830322,0.0
1300,0.0,0.0,0.3535533905932738,2.5376203060150146,0.3762019872665405,2.5376203060150146,0.0
1301,0.0,0.0,0.3535533905932738,2.532717704772949,0.32717692852020264,2.532717704772949,0.0
1302,0.0,0.0,0.3535533905932738,2.5441348552703857,0.4413489103317261,2.5441348552703857,0.0
1303,0.0,0.0,0.3535533905932738,2.546586751937866,0.4658677577972412,2.546586751937866,0.0
1304,0.0,0.0,0.3535533905932738,2.545572280883789,0.45572376251220703,2.545572280883789,0.0
1305,0.0,0.0,0.3535533905932738,2.5379014015197754,0.3790144920349121,2.5379014015197754,0.0
1306,0.0,0.0,0.3535533905932738,2.5410995483398438,0.4109964370727539,2.5410995483398438,0.0
1307,0.0,0.0,0.3535533905932738,2.5437943935394287,0.4379441738128662,2.5437943935394287,0.0
1308,0.0,0.0,0.3535533905932738,2.5395867824554443,0.3958686590194702,2.5395867824554443,0.0
1309,0.0,0.0,0.3535533905932738,2.5413718223571777,0.4137192964553833,2.5413718223571777,0.0
1310,0.0,0.0,0.3535533905932738,2.5378992557525635,0.3789921998977661,2.5378992557525635,0.0
1311,0.0,0.0,0.3535533905932738,2.531383752822876,0.313836932182312,2.531383752822876,0.0
1312,0.0,0.0,0.3535533905932738,2.5388083457946777,0.3880845308303833,2.5388083457946777,0.0
1313,0.0,0.0,0.3535533905932738,2.538562536239624,0.38562488555908203,2.538562536239624,0.0
1314,0.0,0.0,0.3535533905932738,2.5408592224121094,0.40859341621398926,2.5408592224121094,0.0
1315,0.0,0.0,0.3535533905932738,2.5381722450256348,0.38172340393066406,2.5381722450256348,0.0
1316,0.0,0.0,0.3535533905932738,2.5415730476379395,0.4157298803329468,2.5415730476379395,0.0
1317,0.0,0.0,0.3535533905932738,2.5369820594787598,0.3698197603225708,2.5369820594787598,0.0
1318,0.0,0.0,0.3535533905932738,2.5383996963500977,0.38399600982666016,2.5383996963500977,0.0
1319,0.0,0.0,0.3535533905932738,2.5481855869293213,0.48185694217681885,2.5481855869293213,0.0
1320,0.0,0.0,0.3535533905932738,2.5403542518615723,0.4035423994064331,2.5403542518615723,0.0
1321,0.0,0.0,0.3535533905932738,2.5363235473632812,0.3632345199584961,2.5363235473632812,0.0
1322,0.0,0.0,0.3535533905932738,2.533226251602173,0.33226311206817627,2.533226251602173,0.0
1323,0.0,0.0,0.3535533905932738,2.5390658378601074,0.39065825939178467,2.5390658378601074,0.0
1324,0.0,0.0,0.3535533905932738,2.551839590072632,0.5183955430984497,2.551839590072632,0.0
1325,0.0,0.0,0.3535533905932738,2.5339736938476562,0.3397371768951416,2.5339736938476562,0.0
1326,0.0,0.0,0.3535533905932738,2.53438401222229,0.34383976459503174,2.53438401222229,0.0
1327,0.0,0.0,0.3535533905932738,2.5450496673583984,0.4504967927932739,2.5450496673583984,0.0
1328,0.0,0.0,0.3535533905932738,2.546452045440674,0.464519739151001,2.546452045440674,0.0
1329,0.0,0.0,0.3535533905932738,2.543527603149414,0.435275673866272,2.543527603149414,0.0
1330,0.0,0.0,0.3535533905932738,2.533719062805176,0.337191104888916,2.533719062805176,0.0
1331,0.0,0.0,0.3535533905932738,2.5444345474243164,0.44434547424316406,2.5444345474243164,0.0
1332,0.0,0.0,0.3535533905932738,2.5439822673797607,0.4398226737976074,2.5439822673797607,0.0
1333,0.0,0.0,0.3535533905932738,2.5409417152404785,0.4094177484512329,2.5409417152404785,0.0
1334,0.0,0.0,0.3535533905932738,2.5378124713897705,0.3781239986419678,2.5378124713897705,0.0
1335,0.0,0.0,0.3535533905932738,2.5438716411590576,0.43871641159057617,2.5438716411590576,0.0
1336,0.0,0.0,0.3535533905932738,2.540459394454956,0.404593825340271,2.540459394454956,0.0
1337,0.0,0.0,0.3535533905932738,2.5432660579681396,0.4326596260070801,2.5432660579681396,0.0
1338,0.0,0.0,0.3535533905932738,2.5369503498077393,0.3695024251937866,2.5369503498077393,0.0
1339,0.0,0.0,0.3535533905932738,2.5373694896698,0.3736957311630249,2.5373694896698,0.0
1340,0.0,0.0,0.3535533905932738,2.52950119972229,0.2950122356414795,2.52950119972229,0.0
1341,0.0,0.0,0.3535533905932738,2.532989978790283,0.3298990726470947,2.532989978790283,0.0
1342,0.0,0.0,0.3535533905932738,2.5400054454803467,0.4000551700592041,2.5400054454803467,0.0
1343,0.0,0.0,0.3535533905932738,2.5434391498565674,0.43439245223999023,2.5434391498565674,0.0
1344,0.0,0.0,0.3535533905932738,2.528090476989746,0.28090405464172363,2.528090476989746,0.0
1345,0.0,0.0,0.3535533905932738,2.538482666015625,0.38482773303985596,2.538482666015625,0.0
1346,0.0,0.0,0.3535533905932738,2.545632839202881,0.45632851123809814,2.545632839202881,0.0
1347,0.0,0.0,0.3535533905932738,2.542200803756714,0.4220069646835327,2.542200803756714,0.0
1348,0.0,0.0,0.3535533905932738,2.5450685024261475,0.4506847858428955,2.5450685024261475,0.0
1349,0.0,0.0,0.3535533905932738,2.5433194637298584,0.4331941604614258,2.5433194637298584,0.0
1350,0.0,0.0,0.3535533905932738,2.540884256362915,0.40884220600128174,2.540884256362915,0.0
1351,0.0,0.0,0.3535533905932738,2.5384531021118164,0.38453173637390137,2.5384531021118164,0.0
1352,0.0,0.0,0.3535533905932738,2.5399580001831055,0.3995795249938965,2.5399580001831055,0.0
1353,0.0,0.0,0.3535533905932738,2.5394203662872314,0.3942044973373413,2.5394203662872314,0.0
1354,0.0,0.0,0.3535533905932738,2.546400785446167,0.4640078544616699,2.546400785446167,0.0
1355,0.0,0.0,0.3535533905932738,2.5334830284118652,0.3348313570022583,2.5334830284118652,0.0
1356,0.0,0.0,0.3535533905932738,2.5348610877990723,0.348610520362854,2.5348610877990723,0.0
1357,0.0,0.0,0.3535533905932738,2.535151958465576,0.35151994228363037,2.535151958465576,0.0
1358,0.0,0.0,0.3535533905932738,2.5384066104888916,0.3840663433074951,2.5384066104888916,0.0
1359,0.0,0.0,0.3535533905932738,2.5458614826202393,0.45861494541168213,2.5458614826202393,0.0
1360,0.0,0.0,0.3535533905932738,2.540956497192383,0.40956437587738037,2.540956497192383,0.0
1361,0.0,0.0,0.3535533905932738,2.548114538192749,0.48114490509033203,2.548114538192749,0.0
1362,0.0,0.0,0.3535533905932738,2.542060613632202,0.42060601711273193,2.542060613632202,0.0
1363,0.0,0.0,0.3535533905932738,2.5333423614501953,0.3334224224090576,2.5333423614501953,0.0
1364,0.0,0.0,0.3535533905932738,2.5381555557250977,0.3815544843673706,2.5381555557250977,0.0
1365,0.0,0.0,0.3535533905932738,2.555694818496704,0.5569479465484619,2.555694818496704,0.0
1366,0.0,0.0,0.3535533905932738,2.5336742401123047,0.3367421627044678,2.5336742401123047,0.0
1367,0.0,0.0,0.3535533905932738,2.532116651535034,0.3211662769317627,2.532116651535034,0.0
1368,0.0,0.0,0.3535533905932738,2.539424180984497,0.3942427635192871,2.539424180984497,0.0
1369,0.0,0.0,0.3535533905932738,2.5387656688690186,0.38765621185302734,2.5387656688690186,0.0
1370,0.0,0.0,0.3535533905932738,2.536613941192627,0.3661385774612427,2.536613941192627,0.0
1371,0.0,0.0,0.3535533905932738,2.540821075439453,0.4082103967666626,2.540821075439453,0.0
1372,0.0,0.0,0.3535533905932738,2.5339419841766357,0.339418888092041,2.5339419841766357,0.0
1373,0.0,0.0,0.3535533905932738,2.5344316959381104,0.34431612491607666,2.5344316959381104,0.0
1374,0.0,0.0,0.3535533905932738,2.5383071899414062,0.3830726146697998,2.5383071899414062,0.0
1375,0.0,0.0,0.3535533905932738,2.5474977493286133,0.4749777317047119,2.5474977493286133,0.0
1376,0.0,0.0,0.3535533905932738,2.532595634460449,0.32595527172088623,2.532595634460449,0.0
1377,0.0,0.0,0.3535533905932738,2.5395989418029785,0.39598941802978516,2.5395989418029785,0.0
1378,0.0,0.0,0.3535533905932738,2.5386312007904053,0.3863126039505005,2.5386312007904053,0.0
1379,0.0,0.0,0.3535533905932738,2.543178081512451,0.43178093433380127,2.543178081512451,0.0
1380,0.0,0.0,0.3535533905932738,2.5302696228027344,0.30269670486450195,2.5302696228027344,0.0
1381,0.0,0.0,0.3535533905932738,2.5425117015838623,0.42511796951293945,2.5425117015838623,0.0
1382,0.0,0.0,0.3535533905932738,2.546027660369873,0.4602775573730469,2.546027660369873,0.0
1383,0.0,0.0,0.3535533905932738,2.533188819885254,0.3318876028060913,2.533188819885254,0.0
1384,0.0,0.0,0.3535533905932738,2.5472769737243652,0.4727708101272583,2.5472769737243652,0.0
1385,0.0,0.0,0.3535533905932738,2.534363269805908,0.3436319828033447,2.534363269805908,0.0
1386,0.0,0.0,0.3535533905932738,2.53316068649292,0.33160626888275146,2.53316068649292,0.0
1387,0.0,0.0,0.3535533905932738,2.5407283306121826,0.4072842597961426,2.5407283306121826,0.0
1388,0.0,0.0,0.3535533905932738,2.5513103008270264,0.5131022930145264,2.5513103008270264,0.0
1389,0.0,0.0,0.3535533905932738,2.541551351547241,0.4155128002166748,2.541551351547241,0.0
1390,0.0,0.0,0.3535533905932738,2.5356087684631348,0.35608816146850586,2.5356087684631348,0.0
1391,0.0,0.0,0.3535533905932738,2.5409815311431885,0.4098161458969116,2.5409815311431885,0.0
1392,0.0,0.0,0.3535533905932738,2.5375566482543945,0.37556564807891846,2.5375566482543945,0.0
1393,0.0,0.0,0.3535533905932738,2.540454149246216,0.40454041957855225,2.540454149246216,0.0
1394,0.0,0.0,0.3535533905932738,2.5338566303253174,0.3385655879974365,2.5338566303253174,0.0
1395,0.0,0.0,0.3535533905932738,2.527329921722412,0.27329933643341064,2.527329921722412,0.0
1396,0.0,0.0,0.3535533905932738,2.542703866958618,0.4270387887954712,2.542703866958618,0.0
1397,0.0,0.0,0.3535533905932738,2.540009021759033,0.4000903367996216,2.540009021759033,0.0
1398,0.0,0.0,0.3535533905932738,2.5386598110198975,0.38659894466400146,2.5386598110198975,0.0
1399,0.0,0.0,0.3535533905932738,2.535270929336548,0.3527083396911621,2.535270929336548,0.0
1400,0.0,0.0,0.3535533905932738,2.5389363765716553,0.38936305046081543,2.5389363765716553,0.0
1401,0.0,0.0,0.3535533905932738,2.5379505157470703,0.37950563430786133,2.5379505157470703,0.0
1402,0.0,0.0,0.3535533905932738,2.5386712551116943,0.38671350479125977,2.5386712551116943,0.0
1403,0.0,0.0,0.3535533905932738,2.5394089221954346,0.394089937210083,2.5394089221954346,0.0
1404,0.0,0.0,0.3535533905932738,2.542393445968628,0.42393362522125244,2.542393445968628,0.0
1405,0.0,0.0,0.3535533905932738,2.551170587539673,0.5117059946060181,2.551170587539673,0.0
1406,0.0,0.0,0.3535533905932738,2.5300865173339844,0.3008662462234497,2.5300865173339844,0.0
1407,0.0,0.0,0.3535533905932738,2.537749767303467,0.3774975538253784,2.537749767303467,0.0
1408,0.0,0.0,0.3535533905932738,2.549557685852051,0.4955759048461914,2.549557685852051,0.0
1409,0.0,0.0,0.3535533905932738,2.5316853523254395,0.3168525695800781,2.5316853523254395,0.0
1410,0.0,0.0,0.3535533905932738,2.544402837753296,0.44402849674224854,2.544402837753296,0.0
1411,0.0,0.0,0.3535533905932738,2.529057741165161,0.29057741165161133,2.529057741165161,0.0
1412,0.0,0.0,0.3535533905932738,2.537912130355835,0.37912023067474365,2.537912130355835,0.0
1413,0.0,0.0,0.3535533905932738,2.534083604812622,0.3408350944519043,2.534083604812622,0.0
1414,0.0,0.0,0.3535533905932738,2.544285535812378,0.44285428524017334,2.544285535812378,0.0
1415,0.0,0.0,0.3535533905932738,2.5340330600738525,0.34033095836639404,2.5340330600738525,0.0
1416,0.0,0.0,0.3535533905932738,2.534245252609253,0.34245312213897705,2.534245252609253,0.0
1417,0.0,0.0,0.3535533905932738,2.540928363800049,0.4092841148376465,2.540928363800049,0.0
1418,0.0,0.0,0.3535533905932738,2.550649881362915,0.5064986944198608,2.550649881362915,0.0
1419,0.0,0.0,0.3535533905932738,2.539597749710083,0.3959774971008301,2.539597749710083,0.0
1420,0.0,0.0,0.3535533905932738,2.535101890563965,0.3510185480117798,2.535101890563965,0.0
1421,0.0,0.0,0.3535533905932738,2.5359671115875244,0.3596700429916382,2.5359671115875244,0.0
1422,0.0,0.0,0.3535533905932738,2.5332272052764893,0.3322712182998657,2.5332272052764893,0.0
1423,0.0,0.0,0.3535533905932738,2.5338428020477295,0.33842718601226807,2.5338428020477295,0.0
1424,0.0,0.0,0.3535533905932738,2.5398495197296143,0.3984951972961426,2.5398495197296143,0.0
1425,0.0,0.0,0.3535533905932738,2.5380496978759766,0.3804980516433716,2.5380496978759766,0.0
1426,0.0,0.0,0.3535533905932738,2.534684419631958,0.34684526920318604,2.534684419631958,0.0
1427,0.0,0.0,0.3535533905932738,2.545511484146118,0.4551156759262085,2.545511484146118,0.0
1428,0.0,0.0,0.3535533905932738,2.535507917404175,0.35507822036743164,2.535507917404175,0.0
1429,0.0,0.0,0.3535533905932738,2.5365679264068604,0.3656783103942871,2.5365679264068604,0.0
1430,0.0,0.0,0.3535533905932738,2.5379750728607178,0.37975072860717773,2.5379750728607178,0.0
1431,0.0,0.0,0.3535533905932738,2.5347063541412354,0.3470633029937744,2.5347063541412354,0.0
1432,0.0,0.0,0.3535533905932738,2.535717248916626,0.35717248916625977,2.535717248916626,0.0
1433,0.0,0.0,0.3535533905932738,2.540839672088623,0.40839648246765137,2.540839672088623,0.0
1434,0.0,0.0,0.3535533905932738,2.532872438430786,0.3287241458892822,2.532872438430786,0.0
1435,0.0,0.0,0.3535533905932738,2.5354158878326416,0.35415971279144287,2.5354158878326416,0.0
1436,0.0,0.0,0.3535533905932738,2.5414516925811768,0.4145163297653198,2.5414516925811768,0.0
1437,0.0,0.0,0.3535533905932738,2.54424786567688,0.44247913360595703,2.54424786567688,0.0
1438,0.0,0.0,0.3535533905932738,2.53188419342041,0.3188413381576538,2.53188419342041,0.0
1439,0.0,0.0,0.3535533905932738,2.5374035835266113,0.3740353584289551,2.5374035835266113,0.0
1440,0.0,0.0,0.3535533905932738,2.5315518379211426,0.3155186176300049,2.5315518379211426,0.0
1441,0.0,0.0,0.3535533905932738,2.5442190170288086,0.44218969345092773,2.5442190170288086,0.0
1442,0.0,0.0,0.3535533905932738,2.5362682342529297,0.36268138885498047,2.5362682342529297,0.0
1443,0.0,0.0,0.3535533905932738,2.5388846397399902,0.38884735107421875,2.5388846397399902,0.0
1444,0.0,0.0,0.3535533905932738,2.5354554653167725,0.3545551300048828,2.5354554653167725,0.0
1445,0.0,0.0,0.3535533905932738,2.536179780960083,0.36179816722869873,2.536179780960083,0.0
1446,0.0,0.0,0.3535533905932738,2.545017719268799,0.45017755031585693,2.545017719268799,0.0
1447,0.0,0.0,0.3535533905932738,2.5416126251220703,0.41612565517425537,2.5416126251220703,0.0
1448,0.0,0.0,0.3535533905932738,2.537830114364624,0.37830042839050293,2.537830114364624,0.0
1449,0.0,0.0,0.3535533905932738,2.544603109359741,0.44603073596954346,2.544603109359741,0.0
1450,0.0,0.0,0.3535533905932738,2.541501045227051,0.41501128673553467,2.541501045227051,0.0
1451,0.0,0.0,0.3535533905932738,2.5407724380493164,0.4077252149581909,2.5407724380493164,0.0
1452,0.0,0.0,0.3535533905932738,2.541781187057495,0.4178124666213989,2.541781187057495,0.0
1453,0.0,0.0,0.3535533905932738,2.5343177318573,0.3431779146194458,2.5343177318573,0.0
1454,0.0,0.0,0.3535533905932738,2.5405538082122803,0.40553784370422363,2.5405538082122803,0.0
1455,0.0,0.0,0.3535533905932738,2.540668249130249,0.4066818952560425,2.540668249130249,0.0
1456,0.0,0.0,0.3535533905932738,2.5293993949890137,0.2939950227737427,2.5293993949890137,0.0
1457,0.0,0.0,0.3535533905932738,2.5370264053344727,0.3702648878097534,2.5370264053344727,0.0
1458,0.0,0.0,0.3535533905932738,2.5388121604919434,0.38812077045440674,2.5388121604919434,0.0
1459,0.0,0.0,0.3535533905932738,2.5487875938415527,0.48787546157836914,2.5487875938415527,0.0
1460,0.0,0.0,0.3535533905932738,2.531831741333008,0.318317174911499,2.531831741333008,0.0
1461,0.0,0.0,0.3535533905932738,2.5385286808013916,0.38528573513031006,2.5385286808013916,0.0
1462,0.0,0.0,0.3535533905932738,2.529921054840088,0.29920971393585205,2.529921054840088,0.0
1463,0.0,0.0,0.3535533905932738,2.5380032062530518,0.3800318241119385,2.5380032062530518,0.0
1464,0.0,0.0,0.3535533905932738,2.5256834030151367,0.25683414936065674,2.5256834030151367,0.0
1465,0.0,0.0,0.3535533905932738,2.5338995456695557,0.3389955759048462,2.5338995456695557,0.0
1466,0.0,0.0,0.3535533905932738,2.5389950275421143,0.3899492025375366,2.5389950275421143,0.0
1467,0.0,0.0,0.3535533905932738,2.532442331314087,0.3244222402572632,2.532442331314087,0.0
1468,0.0,0.0,0.3535533905932738,2.5490734577178955,0.4907337427139282,2.5490734577178955,0.0
1469,0.0,0.0,0.3535533905932738,2.5316402912139893,0.31640398502349854,2.5316402912139893,0.0
1470,0.0,0.0,0.3535533905932738,2.5368566513061523,0.36856555938720703,2.5368566513061523,0.0
1471,0.0,0.0,0.3535533905932738,2.52950382232666,0.2950385808944702,2.52950382232666,0.0
1472,0.0,0.0,0.3535533905932738,2.5398504734039307,0.3985041379928589,2.5398504734039307,0.0
1473,0.0,0.0,0.3535533905932738,2.5322132110595703,0.3221317529678345,2.5322132110595703,0.0
1474,0.0,0.0,0.3535533905932738,2.5432791709899902,0.4327906370162964,2.5432791709899902,0.0
1475,0.0,0.0,0.3535533905932738,2.524057626724243,0.24057579040527344,2.524057626724243,0.0
1476,0.0,0.0,0.3535533905932738,2.526334524154663,0.26334571838378906,2.526334524154663,0.0
1477,0.0,0.0,0.3535533905932738,2.547374725341797,0.47374725341796875,2.547374725341797,0.0
1478,0.0,0.0,0.3535533905932738,2.547215461730957,0.47215402126312256,2.547215461730957,0.0
1479,0.0,0.0,0.3535533905932738,2.5453619956970215,0.4536193609237671,2.5453619956970215,0.0
1480,0.0,0.0,0.3535533905932738,2.5394091606140137,0.3940913677215576,2.5394091606140137,0.0
1481,0.0,0.0,0.3535533905932738,2.535951614379883,0.3595162630081177,2.535951614379883,0.0
1482,0.0,0.0,0.3535533905932738,2.5331859588623047,0.3318595886230469,2.5331859588623047,0.0
1483,0.0,0.0,0.3535533905932738,2.5391669273376465,0.3916682004928589,2.5391669273376465,0.0
1484,0.0,0.0,0.3535533905932738,2.535024881362915,0.35024964809417725,2.535024881362915,0.0
1485,0.0,0.0,0.3535533905932738,2.52839994430542,0.2840002775192261,2.52839994430542,0.0
1486,0.0,0.0,0.3535533905932738,2.544365644454956,0.44365549087524414,2.544365644454956,0.0
1487,0.0,0.0,0.3535533905932738,2.532440662384033,0.3244059085845947,2.532440662384033,0.0
1488,0.0,0.0,0.3535533905932738,2.529404401779175,0.29404425621032715,2.529404401779175,0.0
1489,0.0,0.0,0.3535533905932738,2.538179874420166,0.3817993402481079,2.538179874420166,0.0
1490,0.0,0.0,0.3535533905932738,2.531879186630249,0.3187910318374634,2.531879186630249,0.0
1491,0.0,0.0,0.3535533905932738,2.5324835777282715,0.3248363733291626,2.5324835777282715,0.0
1492,0.0,0.0,0.3535533905932738,2.544487714767456,0.44487810134887695,2.544487714767456,0.0
1493,0.0,0.0,0.3535533905932738,2.531064033508301,0.3106412887573242,2.531064033508301,0.0
1494,0.0,0.0,0.3535533905932738,2.5335443019866943,0.3354440927505493,2.5335443019866943,0.0
1495,0.0,0.0,0.3535533905932738,2.5426206588745117,0.42620694637298584,2.5426206588745117,0.0
1496,0.0,0.0,0.3535533905932738,2.536121129989624,0.36121129989624023,2.536121129989624,0.0
1497,0.0,0.0,0.3535533905932738,2.539705514907837,0.39705586433410645,2.539705514907837,0.0
1498,0.0,0.0,0.3535533905932738,2.5383307933807373,0.38330817222595215,2.5383307933807373,0.0
1499,0.0,0.0,0.3535533905932738,2.5419528484344482,0.419528603553772,2.5419528484344482,0.0
1500,0.0,0.0,0.3535533905932738,2.5303401947021484,0.3034019470214844,2.5303401947021484,0.0
1501,0.0,0.0,0.3535533905932738,2.533982992172241,0.33983099460601807,2.533982992172241,0.0
1502,0.0,0.0,0.3535533905932738,2.5339250564575195,0.33924949169158936,2.5339250564575195,0.0
1503,0.0,0.0,0.3535533905932738,2.5382626056671143,0.38262712955474854,2.5382626056671143,0.0
1504,0.0,0.0,0.3535533905932738,2.5423405170440674,0.4234060049057007,2.5423405170440674,0.0
1505,0.0,0.0,0.3535533905932738,2.5455899238586426,0.45589911937713623,2.5455899238586426,0.0
1506,0.0,0.0,0.3535533905932738,2.536620616912842,0.36620497703552246,2.536620616912842,0.0
1507,0.0,0.0,0.3535533905932738,2.5317087173461914,0.31708824634552,2.5317087173461914,0.0
1508,0.0,0.0,0.3535533905932738,2.534083604812622,0.34083712100982666,2.534083604812622,0.0
1509,0.0,0.0,0.3535533905932738,2.5385754108428955,0.3857530355453491,2.5385754108428955,0.0
1510,0.0,0.0,0.3535533905932738,2.5339856147766113,0.33985579013824463,2.5339856147766113,0.0
1511,0.0,0.0,0.3535533905932738,2.537160634994507,0.37160682678222656,2.537160634994507,0.0
1512,0.0,0.0,0.3535533905932738,2.538588285446167,0.3858834505081177,2.538588285446167,0.0
1513,0.0,0.0,0.3535533905932738,2.5281026363372803,0.28102540969848633,2.5281026363372803,0.0
1514,0.0,0.0,0.3535533905932738,2.5452051162719727,0.4520522356033325,2.5452051162719727,0.0
1515,0.0,0.0,0.3535533905932738,2.545055627822876,0.45055723190307617,2.545055627822876,0.0
1516,0.0,0.0,0.3535533905932738,2.522939443588257,0.22939443588256836,2.522939443588257,0.0
1517,0.0,0.0,0.3535533905932738,2.5372884273529053,0.37288522720336914,2.5372884273529053,0.0
1518,0.0,0.0,0.3535533905932738,2.533506393432617,0.3350635766983032,2.533506393432617,0.0
1519,0.0,0.0,0.3535533905932738,2.5345041751861572,0.34504151344299316,2.5345041751861572,0.0
1520,0.0,0.0,0.3535533905932738,2.539092540740967,0.39092516899108887,2.539092540740967,0.0
1521,0.0,0.0,0.3535533905932738,2.5396363735198975,0.3963634967803955,2.5396363735198975,0.0
1522,0.0,0.0,0.3535533905932738,2.536498546600342,0.3649846315383911,2.536498546600342,0.0
1523,0.0,0.0,0.3535533905932738,2.5335044860839844,0.3350459337234497,2.5335044860839844,0.0
1524,0.0,0.0,0.3535533905932738,2.5314993858337402,0.31499433517456055,2.5314993858337402,0.0
1525,0.0,0.0,0.3535533905932738,2.5388565063476562,0.38856446743011475,2.5388565063476562,0.0
1526,0.0,0.0,0.3535533905932738,2.540933609008789,0.40933728218078613,2.540933609008789,0.0
1527,0.0,0.0,0.3535533905932738,2.5393993854522705,0.3939948081970215,2.5393993854522705,0.0
1528,0.0,0.0,0.3535533905932738,2.543233633041382,0.4323371648788452,2.543233633041382,0.0
1529,0.0,0.0,0.3535533905932738,2.5366477966308594,0.3664771318435669,2.5366477966308594,0.0
1530,0.0,0.0,0.3535533905932738,2.552290201187134,0.5229028463363647,2.552290201187134,0.0
1531,0.0,0.0,0.3535533905932738,2.5436487197875977,0.43648672103881836,2.5436487197875977,0.0
1532,0.0,0.0,0.3535533905932738,2.537802219390869,0.3780219554901123,2.537802219390869,0.0
1533,0.0,0.0,0.3535533905932738,2.533071279525757,0.33071374893188477,2.533071279525757,0.0
1534,0.0,0.0,0.3535533905932738,2.532572031021118,0.32572102546691895,2.532572031021118,0.0
1535,0.0,0.0,0.3535533905932738,2.5434043407440186,0.4340425729751587,2.5434043407440186,0.0
1536,0.0,0.0,0.3535533905932738,2.536579132080078,0.36579132080078125,2.536579132080078,0.0
1537,0.0,0.0,0.3535533905932738,2.5410125255584717,0.41012585163116455,2.5410125255584717,0.0
1538,0.0,0.0,0.3535533905932738,2.531111001968384,0.3111090660095215,2.531111001968384,0.0
1539,0.0,0.0,0.3535533905932738,2.5308704376220703,0.30870485305786133,2.5308704376220703,0.0
1540,0.0,0.0,0.3535533905932738,2.5274670124053955,0.27467119693756104,2.5274670124053955,0.0
1541,0.0,0.0,0.3535533905932738,2.5283589363098145,0.28358960151672363,2.5283589363098145,0.0
1542,0.0,0.0,0.3535533905932738,2.542619466781616,0.4261949062347412,2.542619466781616,0.0
1543,0.0,0.0,0.3535533905932738,2.5425050258636475,0.42504990100860596,2.5425050258636475,0.0
1544,0.0,0.0,0.3535533905932738,2.5405046939849854,0.40504753589630127,2.5405046939849854,0.0
1545,0.0,0.0,0.3535533905932738,2.5302178859710693,0.30217957496643066,2.5302178859710693,0.0
1546,0.0,0.0,0.3535533905932738,2.535418748855591,0.3541879653930664,2.535418748855591,0.0
1547,0.0,0.0,0.3535533905932738,2.52742338180542,0.27423298358917236,2.52742338180542,0.0
1548,0.0,0.0,0.3535533905932738,2.5341358184814453,0.3413580656051636,2.5341358184814453,0.0
1549,0.0,0.0,0.3535533905932738,2.530010938644409,0.30010926723480225,2.530010938644409,0.0
1550,0.0,0.0,0.3535533905932738,2.537090539932251,0.370904803276062,2.537090539932251,0.0
1551,0.0,0.0,0.3535533905932738,2.5381557941436768,0.38155829906463623,2.5381557941436768,0.0
1552,0.0,0.0,0.3535533905932738,2.5476930141448975,0.4769294261932373,2.5476930141448975,0.0
1553,0.0,0.0,0.3535533905932738,2.5248966217041016,0.24896550178527832,2.5248966217041016,0.0
1554,0.0,0.0,0.3535533905932738,2.528365135192871,0.28365063667297363,2.528365135192871,0.0
1555,0.0,0.0,0.3535533905932738,2.5320844650268555,0.32084405422210693,2.5320844650268555,0.0
1556,0.0,0.0,0.3535533905932738,2.535383462905884,0.35383355617523193,2.535383462905884,0.0
1557,0.0,0.0,0.3535533905932738,2.5396463871002197,0.3964649438858032,2.5396463871002197,0.0
1558,0.0,0.0,0.3535533905932738,2.544564962387085,0.44565069675445557,2.544564962387085,0.0
1559,0.0,0.0,0.3535533905932738,2.544832944869995,0.4483298063278198,2.544832944869995,0.0
1560,0.0,0.0,0.3535533905932738,2.538916826248169,0.3891679048538208,2.538916826248169,0.0
1561,0.0,0.0,0.3535533905932738,2.5302822589874268,0.30282366275787354,2.5302822589874268,0.0
1562,0.0,0.0,0.3535533905932738,2.5289554595947266,0.2895549535751343,2.5289554595947266,0.0
1563,0.0,0.0,0.3535533905932738,2.529813528060913,0.29813456535339355,2.529813528060913,0.0
1564,0.0,0.0,0.3535533905932738,2.5261547565460205,0.26154661178588867,2.5261547565460205,0.0
1565,0.0,0.0,0.3535533905932738,2.5341358184814453,0.34135758876800537,2.5341358184814453,0.0
1566,0.0,0.0,0.3535533905932738,2.546013116836548,0.4601309299468994,2.546013116836548,0.0
1567,0.0,0.0,0.3535533905932738,2.538705348968506,0.3870537281036377,2.538705348968506,0.0
1568,0.0,0.0,0.3535533905932738,2.5333220958709717,0.33322131633758545,2.5333220958709717,0.0
1569,0.0,0.0,0.3535533905932738,2.5272791385650635,0.2727919816970825,2.5272791385650635,0.0
1570,0.0,0.0,0.3535533905932738,2.539553165435791,0.39553260803222656,2.539553165435791,0.0
1571,0.0,0.0,0.3535533905932738,2.5350005626678467,0.35000622272491455,2.5350005626678467,0.0
1572,0.0,0.0,0.3535533905932738,2.5397980213165283,0.3979806900024414,2.5397980213165283,0.0
1573,0.0,0.0,0.3535533905932738,2.5381226539611816,0.3812270164489746,2.5381226539611816,0.0
1574,0.0,0.0,0.3535533905932738,2.533043146133423,0.33043038845062256,2.533043146133423,0.0
1575,0.0,0.0,0.3535533905932738,2.532593250274658,0.325933575630188,2.532593250274658,0.0
1576,0.0,0.0,0.3535533905932738,2.52423357963562,0.24233627319335938,2.52423357963562,0.0
1577,0.0,0.0,0.3535533905932738,2.5378572940826416,0.37857353687286377,2.5378572940826416,0.0
1578,0.0,0.0,0.3535533905932738,2.5350492000579834,0.35049116611480713,2.5350492000579834,0.0
1579,0.0,0.0,0.3535533905932738,2.5349507331848145,0.34950804710388184,2.5349507331848145,0.0
1580,0.0,0.0,0.3535533905932738,2.5376884937286377,0.37688589096069336,2.5376884937286377,0.0
1581,0.0,0.0,0.3535533905932738,2.544567584991455,0.44567644596099854,2.544567584991455,0.0
1582,0.0,0.0,0.3535533905932738,2.5317678451538086,0.3176792860031128,2.5317678451538086,0.0
1583,0.0,0.0,0.3535533905932738,2.530670166015625,0.30670201778411865,2.530670166015625,0.0
1584,0.0,0.0,0.3535533905932738,2.5293214321136475,0.2932136058807373,2.5293214321136475,0.0
1585,0.0,0.0,0.3535533905932738,2.5351531505584717,0.3515307903289795,2.5351531505584717,0.0
1586,0.0,0.0,0.3535533905932738,2.5361533164978027,0.36153435707092285,2.5361533164978027,0.0
1587,0.0,0.0,0.3535533905932738,2.5275306701660156,0.2753070592880249,2.5275306701660156,0.0
1588,0.0,0.0,0.3535533905932738,2.5333096981048584,0.33309733867645264,2.5333096981048584,0.0
1589,0.0,0.0,0.3535533905932738,2.542666435241699,0.4266645908355713,2.542666435241699,0.0
1590,0.0,0.0,0.3535533905932738,2.5345242023468018,0.345241904258728,2.5345242023468018,0.0
1591,0.0,0.0,0.3535533905932738,2.5368661880493164,0.36866164207458496,2.5368661880493164,0.0
1592,0.0,0.0,0.3535533905932738,2.530132532119751,0.3013252019882202,2.530132532119751,0.0
1593,0.0,0.0,0.3535533905932738,2.548179864883423,0.48179900646209717,2.548179864883423,0.0
1594,0.0,0.0,0.3535533905932738,2.527580738067627,0.2758084535598755,2.527580738067627,0.0
1595,0.0,0.0,0.3535533905932738,2.5336906909942627,0.33690667152404785,2.5336906909942627,0.0
1596,0.0,0.0,0.3535533905932738,2.533054828643799,0.33054935932159424,2.533054828643799,0.0
1597,0.0,0.0,0.3535533905932738,2.5328948497772217,0.3289477825164795,2.5328948497772217,0.0
1598,0.0,0.0,0.3535533905932738,2.5355451107025146,0.35545194149017334,2.5355451107025146,0.0
1599,0.0,0.0,0.3535533905932738,2.532536506652832,0.32536613941192627,2.532536506652832,0.0
1600,0.0,0.0,0.3535533905932738,2.5252645015716553,0.25264501571655273,2.5252645015716553,0.0
1601,0.0,0.0,0.3535533905932738,2.537886142730713,0.37886202335357666,2.537886142730713,0.0
1602,0.0,0.0,0.3535533905932738,2.526709794998169,0.2670987844467163,2.526709794998169,0.0
1603,0.0,0.0,0.3535533905932738,2.5353188514709473,0.35318827629089355,2.5353188514709473,0.0
1604,0.0,0.0,0.3535533905932738,2.5364198684692383,0.36419856548309326,2.5364198684692383,0.0
1605,0.0,0.0,0.3535533905932738,2.5404279232025146,0.40428006649017334,2.5404279232025146,0.0
1606,0.0,0.0,0.3535533905932738,2.53155517578125,0.3155527114868164,2.53155517578125,0.0
1607,0.0,0.0,0.3535533905932738,2.5382213592529297,0.38221418857574463,2.5382213592529297,0.0
1608,0.0,0.0,0.3535533905932738,2.525275945663452,0.2527604103088379,2.525275945663452,0.0
1609,0.0,0.0,0.3535533905932738,2.537055730819702,0.37055695056915283,2.537055730819702,0.0
1610,0.0,0.0,0.3535533905932738,2.535830497741699,0.35830509662628174,2.535830497741699,0.0
1611,0.0,0.0,0.3535533905932738,2.5402235984802246,0.4022371768951416,2.5402235984802246,0.0
1612,0.0,0.0,0.3535533905932738,2.5273096561431885,0.27309608459472656,2.5273096561431885,0.0
1613,0.0,0.0,0.3535533905932738,2.535320997238159,0.35321056842803955,2.535320997238159,0.0
1614,0.0,0.0,0.3535533905932738,2.53533673286438,0.3533670902252197,2.53533673286438,0.0
1615,0.0,0.0,0.3535533905932738,2.5248236656188965,0.24823713302612305,2.5248236656188965,0.0
1616,0.0,0.0,0.3535533905932738,2.5313050746917725,0.31305110454559326,2.5313050746917725,0.0
1617,0.0,0.0,0.3535533905932738,2.54297137260437,0.429714560508728,2.54297137260437,0.0
1618,0.0,0.0,0.3535533905932738,2.5373599529266357,0.37360048294067383,2.5373599529266357,0.0
1619,0.0,0.0,0.3535533905932738,2.533536195755005,0.33536088466644287,2.533536195755005,0.0
1620,0.0,0.0,0.3535533905932738,2.5318076610565186,0.3180762529373169,2.5318076610565186,0.0
1621,0.0,0.0,0.3535533905932738,2.5353238582611084,0.3532392978668213,2.5353238582611084,0.0
1622,0.0,0.0,0.3535533905932738,2.5400195121765137,0.4001959562301636,2.5400195121765137,0.0
1623,0.0,0.0,0.3535533905932738,2.53167724609375,0.3167734146118164,2.53167724609375,0.0
1624,0.0,0.0,0.3535533905932738,2.537517547607422,0.3751760721206665,2.537517547607422,0.0
1625,0.0,0.0,0.3535533905932738,2.541180372238159,0.4118030071258545,2.541180372238159,0.0
1626,0.0,0.0,0.3535533905932738,2.534702777862549,0.34702885150909424,2.534702777862549,0.0
1627,0.0,0.0,0.3535533905932738,2.5215678215026855,0.21567797660827637,2.5215678215026855,0.0
1628,0.0,0.0,0.3535533905932738,2.538461208343506,0.384613037109375,2.538461208343506,0.0
1629,0.0,0.0,0.3535533905932738,2.533860206604004,0.33860135078430176,2.533860206604004,0.0
1630,0.0,0.0,0.3535533905932738,2.5288217067718506,0.2882164716720581,2.5288217067718506,0.0
1631,0.0,0.0,0.3535533905932738,2.5359811782836914,0.35981225967407227,2.5359811782836914,0.0
1632,0.0,0.0,0.3535533905932738,2.5369391441345215,0.36939024925231934,2.5369391441345215,0.0
1633,0.0,0.0,0.3535533905932738,2.527467727661133,0.2746775150299072,2.527467727661133,0.0
1634,0.0,0.0,0.3535533905932738,2.530266523361206,0.3026648759841919,2.530266523361206,0.0
1635,0.0,0.0,0.3535533905932738,2.5409047603607178,0.4090477228164673,2.5409047603607178,0.0
1636,0.0,0.0,0.3535533905932738,2.5324840545654297,0.3248401880264282,2.5324840545654297,0.0
1637,0.0,0.0,0.3535533905932738,2.5377113819122314,0.3771146535873413,2.5377113819122314,0.0
1638,0.0,0.0,0.3535533905932738,2.5338737964630127,0.3387385606765747,2.5338737964630127,0.0
1639,0.0,0.0,0.3535533905932738,2.529454231262207,0.29454267024993896,2.529454231262207,0.0
1640,0.0,0.0,0.3535533905932738,2.539536714553833,0.39536619186401367,2.539536714553833,0.0
1641,0.0,0.0,0.3535533905932738,2.521148920059204,0.21148991584777832,2.521148920059204,0.0
1642,0.0,0.0,0.3535533905932738,2.5278615951538086,0.27861618995666504,2.5278615951538086,0.0
1643,0.0,0.0,0.3535533905932738,2.5335471630096436,0.33547115325927734,2.5335471630096436,0.0
1644,0.0,0.0,0.3535533905932738,2.5264604091644287,0.26460421085357666,2.5264604091644287,0.0
1645,0.0,0.0,0.3535533905932738,2.5340538024902344,0.34053707122802734,2.5340538024902344,0.0
1646,0.0,0.0,0.3535533905932738,2.5329980850219727,0.32998037338256836,2.5329980850219727,0.0
1647,0.0,0.0,0.3535533905932738,2.5312271118164062,0.31227028369903564,2.5312271118164062,0.0
1648,0.0,0.0,0.3535533905932738,2.53153920173645,0.31539249420166016,2.53153920173645,0.0
1649,0.0,0.0,0.3535533905932738,2.534848928451538,0.34849023818969727,2.534848928451538,0.0
1650,0.0,0.0,0.3535533905932738,2.537649393081665,0.37649333477020264,2.537649393081665,0.0
1651,0.0,0.0,0.3535533905932738,2.5442049503326416,0.44205033779144287,2.5442049503326416,0.0
1652,0.0,0.0,0.3535533905932738,2.5345845222473145,0.3458460569381714,2.5345845222473145,0.0
1653,0.0,0.0,0.3535533905932738,2.5314579010009766,0.314578652381897,2.5314579010009766,0.0
1654,0.0,0.0,0.3535533905932738,2.539630174636841,0.39630115032196045,2.539630174636841,0.0
1655,0.0,0.0,0.3535533905932738,2.5286669731140137,0.2866690158843994,2.5286669731140137,0.0
1656,0.0,0.0,0.3535533905932738,2.5285205841064453,0.28520667552948,2.5285205841064453,0.0
1657,0.0,0.0,0.3535533905932738,2.5326502323150635,0.32650279998779297,2.5326502323150635,0.0
1658,0.0,0.0,0.3535533905932738,2.5434701442718506,0.4347015619277954,2.5434701442718506,0.0
1659,0.0,0.0,0.3535533905932738,2.5373575687408447,0.37357664108276367,2.5373575687408447,0.0
1660,0.0,0.0,0.3535533905932738,2.52711820602417,0.27118194103240967,2.52711820602417,0.0
1661,0.0,0.0,0.3535533905932738,2.5318148136138916,0.3181471824645996,2.5318148136138916,0.0
1662,0.0,0.0,0.3535533905932738,2.5415358543395996,0.4153587818145752,2.5415358543395996,0.0
1663,0.0,0.0,0.3535533905932738,2.540522813796997,0.4052276611328125,2.540522813796997,0.0
1664,0.0,0.0,0.3535533905932738,2.52361798286438,0.23617959022521973,2.52361798286438,0.0
1665,0.0,0.0,0.3535533905932738,2.5371835231781006,0.3718351125717163,2.5371835231781006,0.0
1666,0.0,0.0,0.3535533905932738,2.5313634872436523,0.3136342763900757,2.5313634872436523,0.0
1667,0.0,0.0,0.3535533905932738,2.534921884536743,0.3492199182510376,2.534921884536743,0.0
1668,0.0,0.0,0.3535533905932738,2.5327446460723877,0.3274470567703247,2.5327446460723877,0.0
1669,0.0,0.0,0.3535533905932738,2.537991762161255,0.37991857528686523,2.537991762161255,0.0
1670,0.0,0.0,0.3535533905932738,2.534445285797119,0.34445178508758545,2.534445285797119,0.0
1671,0.0,0.0,0.3535533905932738,2.5248000621795654,0.2480013370513916,2.5248000621795654,0.0
1672,0.0,0.0,0.3535533905932738,2.5332722663879395,0.332722544670105,2.5332722663879395,0.0
1673,0.0,0.0,0.3535533905932738,2.528236150741577,0.28236138820648193,2.528236150741577,0.0
1674,0.0,0.0,0.3535533905932738,2.532862424850464,0.32862353324890137,2.532862424850464,0.0
1675,0.0,0.0,0.3535533905932738,2.5277817249298096,0.2778167724609375,2.5277817249298096,0.0
1676,0.0,0.0,0.3535533905932738,2.5387916564941406,0.38791775703430176,2.5387916564941406,0.0
1677,0.0,0.0,0.3535533905932738,2.5312001705169678,0.3120013475418091,2.5312001705169678,0.0
1678,0.0,0.0,0.3535533905932738,2.5210158824920654,0.2101578712463379,2.5210158824920654,0.0
1679,0.0,0.0,0.3535533905932738,2.5368826389312744,0.3688269853591919,2.5368826389312744,0.0
1680,0.0,0.0,0.3535533905932738,2.5359466075897217,0.3594667911529541,2.5359466075897217,0.0
1681,0.0,0.0,0.3535533905932738,2.5335323810577393,0.33532440662384033,2.5335323810577393,0.0
1682,0.0,0.0,0.3535533905932738,2.53446102142334,0.34461069107055664,2.53446102142334,0.0
1683,0.0,0.0,0.3535533905932738,2.5364179611206055,0.36418044567108154,2.5364179611206055,0.0
1684,0.0,0.0,0.3535533905932738,2.538060188293457,0.38060224056243896,2.538060188293457,0.0
1685,0.0,0.0,0.3535533905932738,2.5300040245056152,0.30004024505615234,2.5300040245056152,0.0
1686,0.0,0.0,0.3535533905932738,2.528683662414551,0.2868368625640869,2.528683662414551,0.0
1687,0.0,0.0,0.3535533905932738,2.5333971977233887,0.3339719772338867,2.5333971977233887,0.0
1688,0.0,0.0,0.3535533905932738,2.544481039047241,0.44480979442596436,2.544481039047241,0.0
1689,0.0,0.0,0.3535533905932738,2.5317511558532715,0.317510724067688,2.5317511558532715,0.0
1690,0.0,0.0,0.3535533905932738,2.5372848510742188,0.372849702835083,2.5372848510742188,0.0
1691,0.0,0.0,0.3535533905932738,2.527587890625,0.27587890625,2.527587890625,0.0
1692,0.0,0.0,0.3535533905932738,2.5280325412750244,0.2803264856338501,2.5280325412750244,0.0
1693,0.0,0.0,0.3535533905932738,2.530083417892456,0.30083417892456055,2.530083417892456,0.0
1694,0.0,0.0,0.3535533905932738,2.531799554824829,0.3179965019226074,2.531799554824829,0.0
1695,0.0,0.0,0.3535533905932738,2.532972574234009,0.3297252655029297,2.532972574234009,0.0
1696,0.0,0.0,0.3535533905932738,2.5351479053497314,0.35147881507873535,2.5351479053497314,0.0
1697,0.0,0.0,0.3535533905932738,2.5353453159332275,0.3534524440765381,2.5353453159332275,0.0
1698,0.0,0.0,0.3535533905932738,2.5310094356536865,0.3100937604904175,2.5310094356536865,0.0
1699,0.0,0.0,0.3535533905932738,2.5340514183044434,0.34051525592803955,2.5340514183044434,0.0
1700,0.0,0.0,0.3535533905932738,2.5404467582702637,0.40446770191192627,2.5404467582702637,0.0
1701,0.0,0.0,0.3535533905932738,2.534201145172119,0.3420121669769287,2.534201145172119,0.0
1702,0.0,0.0,0.3535533905932738,2.5275485515594482,0.27548444271087646,2.5275485515594482,0.0
1703,0.0,0.0,0.3535533905932738,2.5333197116851807,0.33319640159606934,2.5333197116851807,0.0
1704,0.0,0.0,0.3535533905932738,2.527259588241577,0.2725951671600342,2.527259588241577,0.0
1705,0.0,0.0,0.3535533905932738,2.5327208042144775,0.32720792293548584,2.5327208042144775,0.0
1706,0.0,0.0,0.3535533905932738,2.5365443229675293,0.3654423952102661,2.5365443229675293,0.0
1707,0.0,0.0,0.3535533905932738,2.5337347984313965,0.3373485803604126,2.5337347984313965,0.0
1708,0.0,0.0,0.3535533905932738,2.5306458473205566,0.30645930767059326,2.5306458473205566,0.0
1709,0.0,0.0,0.3535533905932738,2.533371925354004,0.3337188959121704,2.533371925354004,0.0
1710,0.0,0.0,0.3535533905932738,2.534001350402832,0.3400123119354248,2.534001350402832,0.0
1711,0.0,0.0,0.3535533905932738,2.5366504192352295,0.3665041923522949,2.5366504192352295,0.0
1712,0.0,0.0,0.3535533905932738,2.534365653991699,0.34365618228912354,2.534365653991699,0.0
1713,0.0,0.0,0.3535533905932738,2.5353965759277344,0.35396671295166016,2.5353965759277344,0.0
1714,0.0,0.0,0.3535533905932738,2.533879280090332,0.33879220485687256,2.533879280090332,0.0
1715,0.0,0.0,0.3535533905932738,2.529118537902832,0.29118502140045166,2.529118537902832,0.0
1716,0.0,0.0,0.3535533905932738,2.5312328338623047,0.3123295307159424,2.5312328338623047,0.0
1717,0.0,0.0,0.3535533905932738,2.5257275104522705,0.2572740316390991,2.5257275104522705,0.0
1718,0.0,0.0,0.3535533905932738,2.526796340942383,0.2679644823074341,2.526796340942383,0.0
1719,0.0,0.0,0.3535533905932738,2.5250942707061768,0.250943660736084,2.5250942707061768,0.0
1720,0.0,0.0,0.3535533905932738,2.5334739685058594,0.33474040031433105,2.5334739685058594,0.0
1721,0.0,0.0,0.3535533905932738,2.532763957977295,0.32763993740081787,2.532763957977295,0.0
1722,0.0,0.0,0.3535533905932738,2.5431768894195557,0.43176937103271484,2.5431768894195557,0.0
1723,0.0,0.0,0.3535533905932738,2.532533884048462,0.32533979415893555,2.532533884048462,0.0
1724,0.0,0.0,0.3535533905932738,2.5399672985076904,0.39967381954193115,2.5399672985076904,0.0
1725,0.0,0.0,0.3535533905932738,2.533681869506836,0.33681929111480713,2.533681869506836,0.0
1726,0.0,0.0,0.3535533905932738,2.528712511062622,0.2871243953704834,2.528712511062622,0.0
1727,0.0,0.0,0.3535533905932738,2.535571575164795,0.3557164669036865,2.535571575164795,0.0
1728,0.0,0.0,0.3535533905932738,2.532904863357544,0.3290482759475708,2.532904863357544,0.0
1729,0.0,0.0,0.3535533905932738,2.5305709838867188,0.3057098388671875,2.5305709838867188,0.0
1730,0.0,0.0,0.3535533905932738,2.535890817642212,0.3589080572128296,2.535890817642212,0.0
1731,0.0,0.0,0.3535533905932738,2.533461093902588,0.3346099853515625,2.533461093902588,0.0
1732,0.0,0.0,0.3535533905932738,2.532627582550049,0.3262752294540405,2.532627582550049,0.0
1733,0.0,0.0,0.3535533905932738,2.5341968536376953,0.34196972846984863,2.5341968536376953,0.0
1734,0.0,0.0,0.3535533905932738,2.530625581741333,0.30625641345977783,2.530625581741333,0.0
1735,0.0,0.0,0.3535533905932738,2.530501365661621,0.30501246452331543,2.530501365661621,0.0
1736,0.0,0.0,0.3535533905932738,2.5295040607452393,0.2950397729873657,2.5295040607452393,0.0
1737,0.0,0.0,0.3535533905932738,2.5349855422973633,0.34985482692718506,2.5349855422973633,0.0
1738,0.0,0.0,0.3535533905932738,2.5303869247436523,0.3038698434829712,2.5303869247436523,0.0
1739,0.0,0.0,0.3535533905932738,2.5276079177856445,0.27607929706573486,2.5276079177856445,0.0
1740,0.0,0.0,0.3535533905932738,2.5318567752838135,0.31856870651245117,2.5318567752838135,0.0
1741,0.0,0.0,0.3535533905932738,2.5341997146606445,0.34199821949005127,2.5341997146606445,0.0
1742,0.0,0.0,0.3535533905932738,2.5302157402038574,0.3021585941314697,2.5302157402038574,0.0
1743,0.0,0.0,0.3535533905932738,2.5379836559295654,0.37983596324920654,2.5379836559295654,0.0
1744,0.0,0.0,0.3535533905932738,2.52913761138916,0.2913762331008911,2.52913761138916,0.0
1745,0.0,0.0,0.3535533905932738,2.5342700481414795,0.3427000045776367,2.5342700481414795,0.0
1746,0.0,0.0,0.3535533905932738,2.5266847610473633,0.2668488025665283,2.5266847610473633,0.0
1747,0.0,0.0,0.3535533905932738,2.541323184967041,0.41323065757751465,2.541323184967041,0.0
1748,0.0,0.0,0.3535533905932738,2.527736186981201,0.2773623466491699,2.527736186981201,0.0
1749,0.0,0.0,0.3535533905932738,2.5294408798217773,0.2944082021713257,2.5294408798217773,0.0
1750,0.0,0.0,0.3535533905932738,2.538398265838623,0.38398218154907227,2.538398265838623,0.0
1751,0.0,0.0,0.3535533905932738,2.5314199924468994,0.31419992446899414,2.5314199924468994,0.0
1752,0.0,0.0,0.3535533905932738,2.537628650665283,0.37628650665283203,2.537628650665283,0.0
1753,0.0,0.0,0.3535533905932738,2.536315679550171,0.3631560802459717,2.536315679550171,0.0
1754,0.0,0.0,0.3535533905932738,2.539231777191162,0.39231836795806885,2.539231777191162,0.0
1755,0.0,0.0,0.3535533905932738,2.5318174362182617,0.31817543506622314,2.5318174362182617,0.0
1756,0.0,0.0,0.3535533905932738,2.540468454360962,0.40468478202819824,2.540468454360962,0.0
1757,0.0,0.0,0.3535533905932738,2.5321030616760254,0.32103002071380615,2.5321030616760254,0.0
1758,0.0,0.0,0.3535533905932738,2.528824806213379,0.28824830055236816,2.528824806213379,0.0
1759,0.0,0.0,0.3535533905932738,2.524548292160034,0.24548399448394775,2.524548292160034,0.0
1760,0.0,0.0,0.3535533905932738,2.5236239433288574,0.23623931407928467,2.5236239433288574,0.0
1761,0.0,0.0,0.3535533905932738,2.534074068069458,0.3407411575317383,2.534074068069458,0.0
1762,0.0,0.0,0.3535533905932738,2.5254087448120117,0.2540864944458008,2.5254087448120117,0.0
1763,0.0,0.0,0.3535533905932738,2.532407283782959,0.3240722417831421,2.532407283782959,0.0
1764,0.0,0.0,0.3535533905932738,2.521427869796753,0.2142794132232666,2.521427869796753,0.0
1765,0.0,0.0,0.3535533905932738,2.5283865928649902,0.2838665246963501,2.5283865928649902,0.0
1766,0.0,0.0,0.3535533905932738,2.5364277362823486,0.3642770051956177,2.5364277362823486,0.0
1767,0.0,0.0,0.3535533905932738,2.524397611618042,0.24397587776184082,2.524397611618042,0.0
1768,0.0,0.0,0.3535533905932738,2.5262043476104736,0.2620432376861572,2.5262043476104736,0.0
1769,0.0,0.0,0.3535533905932738,2.526047945022583,0.2604794502258301,2.526047945022583,0.0
1770,0.0,0.0,0.3535533905932738,2.539672613143921,0.39672696590423584,2.539672613143921,0.0
1771,0.0,0.0,0.3535533905932738,2.5250942707061768,0.2509427070617676,2.5250942707061768,0.0
1772,0.0,0.0,0.3535533905932738,2.5244734287261963,0.244734525680542,2.5244734287261963,0.0
1773,0.0,0.0,0.3535533905932738,2.5279381275177,0.27938103675842285,2.5279381275177,0.0
1774,0.0,0.0,0.3535533905932738,2.529405117034912,0.29405057430267334,2.529405117034912,0.0
1775,0.0,0.0,0.3535533905932738,2.5453710556030273,0.45371055603027344,2.5453710556030273,0.0
1776,0.0,0.0,0.3535533905932738,2.5313642024993896,0.3136425018310547,2.5313642024993896,0.0
1777,0.0,0.0,0.3535533905932738,2.526695489883423,0.2669539451599121,2.526695489883423,0.0
1778,0.0,0.0,0.3535533905932738,2.5422286987304688,0.422288179397583,2.5422286987304688,0.0
1779,0.0,0.0,0.3535533905932738,2.5265069007873535,0.26506924629211426,2.5265069007873535,0.0
1780,0.0,0.0,0.3535533905932738,2.5250630378723145,0.2506312131881714,2.5250630378723145,0.0
1781,0.0,0.0,0.3535533905932738,2.536635637283325,0.3663574457168579,2.536635637283325,0.0
1782,0.0,0.0,0.3535533905932738,2.5272977352142334,0.27297770977020264,2.5272977352142334,0.0
1783,0.0,0.0,0.3535533905932738,2.532252311706543,0.3225228786468506,2.532252311706543,0.0
1784,0.0,0.0,0.3535533905932738,2.527073383331299,0.27073347568511963,2.527073383331299,0.0
1785,0.0,0.0,0.3535533905932738,2.5299839973449707,0.29984092712402344,2.5299839973449707,0.0
1786,0.0,0.0,0.3535533905932738,2.5331215858459473,0.3312166929244995,2.5331215858459473,0.0
1787,0.0,0.0,0.3535533905932738,2.52970814704895,0.29708075523376465,2.52970814704895,0.0
1788,0.0,0.0,0.3535533905932738,2.528611183166504,0.28611135482788086,2.528611183166504,0.0
1789,0.0,0.0,0.3535533905932738,2.5447280406951904,0.4472799301147461,2.5447280406951904,0.0
1790,0.0,0.0,0.3535533905932738,2.532128095626831,0.32128071784973145,2.532128095626831,0.0
1791,0.0,0.0,0.3535533905932738,2.5271589756011963,0.27159035205841064,2.5271589756011963,0.0
1792,0.0,0.0,0.3535533905932738,2.5343549251556396,0.3435497283935547,2.5343549251556396,0.0
1793,0.0,0.0,0.3535533905932738,2.5334784984588623,0.33478474617004395,2.5334784984588623,0.0
1794,0.0,0.0,0.3535533905932738,2.5330259799957275,0.33025944232940674,2.5330259799957275,0.0
1795,0.0,0.0,0.3535533905932738,2.5315630435943604,0.3156309127807617,2.5315630435943604,0.0
1796,0.0,0.0,0.3535533905932738,2.529974937438965,0.2997492551803589,2.529974937438965,0.0
1797,0.0,0.0,0.3535533905932738,2.5405447483062744,0.405448317527771,2.5405447483062744,0.0
1798,0.0,0.0,0.3535533905932738,2.5346789360046387,0.34678971767425537,2.5346789360046387,0.0
1799,0.0,0.0,0.3535533905932738,2.5326967239379883,0.3269679546356201,2.5326967239379883,0.0
1800,0.0,0.0,0.3535533905932738,2.52795147895813,0.27951478958129883,2.52795147895813,0.0
1801,0.0,0.0,0.3535533905932738,2.528635025024414,0.2863503694534302,2.528635025024414,0.0
1802,0.0,0.0,0.3535533905932738,2.529330253601074,0.29330217838287354,2.529330253601074,0.0
1803,0.0,0.0,0.3535533905932738,2.5272860527038574,0.2728612422943115,2.5272860527038574,0.0
1804,0.0,0.0,0.3535533905932738,2.535449266433716,0.35449326038360596,2.535449266433716,0.0
1805,0.0,0.0,0.3535533905932738,2.537074565887451,0.3707466125488281,2.537074565887451,0.0
1806,0.0,0.0,0.3535533905932738,2.5309977531433105,0.3099764585494995,2.5309977531433105,0.0
1807,0.0,0.0,0.3535533905932738,2.5367841720581055,0.36784160137176514,2.5367841720581055,0.0
1808,0.0,0.0,0.3535533905932738,2.5281448364257812,0.28144943714141846,2.5281448364257812,0.0
1809,0.0,0.0,0.3535533905932738,2.530120849609375,0.3012094497680664,2.530120849609375,0.0
1810,0.0,0.0,0.3535533905932738,2.530022144317627,0.30022215843200684,2.530022144317627,0.0
1811,0.0,0.0,0.3535533905932738,2.5291554927825928,0.29155564308166504,2.5291554927825928,0.0
1812,0.0,0.0,0.3535533905932738,2.531679153442383,0.316791296005249,2.531679153442383,0.0
1813,0.0,0.0,0.3535533905932738,2.527405023574829,0.2740504741668701,2.527405023574829,0.0
1814,0.0,0.0,0.3535533905932738,2.525728225708008,0.2572810649871826,2.525728225708008,0.0
1815,0.0,0.0,0.3535533905932738,2.5276272296905518,0.2762725353240967,2.5276272296905518,0.0
1816,0.0,0.0,0.3535533905932738,2.532404899597168,0.32404911518096924,2.532404899597168,0.0
1817,0.0,0.0,0.3535533905932738,2.5327327251434326,0.3273279666900635,2.5327327251434326,0.0
1818,0.0,0.0,0.3535533905932738,2.530364751815796,0.3036477565765381,2.530364751815796,0.0
1819,0.0,0.0,0.3535533905932738,2.530832290649414,0.30832338333129883,2.530832290649414,0.0
1820,0.0,0.0,0.3535533905932738,2.5395474433898926,0.3954744338989258,2.5395474433898926,0.0
1821,0.0,0.0,0.3535533905932738,2.534191608428955,0.3419158458709717,2.534191608428955,0.0
1822,0.0,0.0,0.3535533905932738,2.5295798778533936,0.29579949378967285,2.5295798778533936,0.0
1823,0.0,0.0,0.3535533905932738,2.531073808670044,0.31073856353759766,2.531073808670044,0.0
1824,0.0,0.0,0.3535533905932738,2.523399829864502,0.23399877548217773,2.523399829864502,0.0
1825,0.0,0.0,0.3535533905932738,2.526951551437378,0.26951587200164795,2.526951551437378,0.0
1826,0.0,0.0,0.3535533905932738,2.525670051574707,0.25670135021209717,2.525670051574707,0.0
1827,0.0,0.0,0.3535533905932738,2.5274903774261475,0.27490413188934326,2.5274903774261475,0.0
1828,0.0,0.0,0.3535533905932738,2.530906915664673,0.3090693950653076,2.530906915664673,0.0
1829,0.0,0.0,0.3535533905932738,2.532193183898926,0.3219330310821533,2.532193183898926,0.0
1830,0.0,0.0,0.3535533905932738,2.534395694732666,0.34395575523376465,2.534395694732666,0.0
1831,0.0,0.0,0.3535533905932738,2.5224575996398926,0.2245769500732422,2.5224575996398926,0.0
1832,0.0,0.0,0.3535533905932738,2.5273590087890625,0.2735891342163086,2.5273590087890625,0.0
1833,0.0,0.0,0.3535533905932738,2.528729200363159,0.2872917652130127,2.528729200363159,0.0
1834,0.0,0.0,0.3535533905932738,2.5316901206970215,0.3169020414352417,2.5316901206970215,0.0
1835,0.0,0.0,0.3535533905932738,2.533803939819336,0.3380390405654907,2.533803939819336,0.0
1836,0.0,0.0,0.3535533905932738,2.5265071392059326,0.265072226524353,2.5265071392059326,0.0
1837,0.0,0.0,0.3535533905932738,2.5280165672302246,0.2801666259765625,2.5280165672302246,0.0
1838,0.0,0.0,0.3535533905932738,2.528212070465088,0.282120943069458,2.528212070465088,0.0
1839,0.0,0.0,0.3535533905932738,2.528890371322632,0.28890371322631836,2.528890371322632,0.0
1840,0.0,0.0,0.3535533905932738,2.531187057495117,0.31186985969543457,2.531187057495117,0.0
1841,0.0,0.0,0.3535533905932738,2.533552885055542,0.335529088973999,2.533552885055542,0.0
1842,0.0,0.0,0.3535533905932738,2.532650947570801,0.32650887966156006,2.532650947570801,0.0
1843,0.0,0.0,0.3535533905932738,2.5339319705963135,0.3393186330795288,2.5339319705963135,0.0
1844,0.0,0.0,0.3535533905932738,2.531245231628418,0.3124527931213379,2.531245231628418,0.0
1845,0.0,0.0,0.3535533905932738,2.528184413909912,0.2818436622619629,2.528184413909912,0.0
1846,0.0,0.0,0.3535533905932738,2.525907039642334,0.25906991958618164,2.525907039642334,0.0
1847,0.0,0.0,0.3535533905932738,2.5403451919555664,0.40345311164855957,2.5403451919555664,0.0
1848,0.0,0.0,0.3535533905932738,2.5260345935821533,0.26034605503082275,2.5260345935821533,0.0
1849,0.0,0.0,0.3535533905932738,2.5285167694091797,0.2851688861846924,2.5285167694091797,0.0
1850,0.0,0.0,0.3535533905932738,2.5371503829956055,0.3715047836303711,2.5371503829956055,0.0
1851,0.0,0.0,0.3535533905932738,2.5293123722076416,0.293123722076416,2.5293123722076416,0.0
1852,0.0,0.0,0.3535533905932738,2.533534049987793,0.3353400230407715,2.533534049987793,0.0
1853,0.0,0.0,0.3535533905932738,2.5326759815216064,0.3267606496810913,2.5326759815216064,0.0
1854,0.0,0.0,0.3535533905932738,2.531277894973755,0.3127797842025757,2.531277894973755,0.0
1855,0.0,0.0,0.3535533905932738,2.528611421585083,0.2861136198043823,2.528611421585083,0.0
1856,0.0,0.0,0.3535533905932738,2.536104917526245,0.3610498905181885,2.536104917526245,0.0
1857,0.0,0.0,0.3535533905932738,2.528534173965454,0.28534233570098877,2.528534173965454,0.0
1858,0.0,0.0,0.3535533905932738,2.5215110778808594,0.2151108980178833,2.5215110778808594,0.0
1859,0.0,0.0,0.3535533905932738,2.5257866382598877,0.2578669786453247,2.5257866382598877,0.0
1860,0.0,0.0,0.3535533905932738,2.5313191413879395,0.31319117546081543,2.5313191413879395,0.0
1861,0.0,0.0,0.3535533905932738,2.5372366905212402,0.37236690521240234,2.5372366905212402,0.0
1862,0.0,0.0,0.3535533905932738,2.5265815258026123,0.26581501960754395,2.5265815258026123,0.0
1863,0.0,0.0,0.3535533905932738,2.530531883239746,0.30531930923461914,2.530531883239746,0.0
1864,0.0,0.0,0.3535533905932738,2.5312929153442383,0.31292879581451416,2.5312929153442383,0.0
1865,0.0,0.0,0.3535533905932738,2.543137550354004,0.43137454986572266,2.543137550354004,0.0
1866,0.0,0.0,0.3535533905932738,2.532313585281372,0.3231360912322998,2.532313585281372,0.0
1867,0.0,0.0,0.3535533905932738,2.526456117630005,0.2645615339279175,2.526456117630005,0.0
1868,0.0,0.0,0.3535533905932738,2.5325698852539062,0.3256993293762207,2.5325698852539062,0.0
1869,0.0,0.0,0.3535533905932738,2.527010917663574,0.2701101303100586,2.527010917663574,0.0
1870,0.0,0.0,0.3535533905932738,2.5293405055999756,0.2934049367904663,2.5293405055999756,0.0
1871,0.0,0.0,0.3535533905932738,2.5329232215881348,0.32923102378845215,2.5329232215881348,0.0
1872,0.0,0.0,0.3535533905932738,2.5304601192474365,0.3046013116836548,2.5304601192474365,0.0
1873,0.0,0.0,0.3535533905932738,2.5274786949157715,0.27478599548339844,2.5274786949157715,0.0
1874,0.0,0.0,0.3535533905932738,2.533521890640259,0.33521878719329834,2.533521890640259,0.0
1875,0.0,0.0,0.3535533905932738,2.538478136062622,0.38478028774261475,2.538478136062622,0.0
1876,0.0,0.0,0.3535533905932738,2.52901554107666,0.29015660285949707,2.52901554107666,0.0
1877,0.0,0.0,0.3535533905932738,2.541114330291748,0.41114306449890137,2.541114330291748,0.0
1878,0.0,0.0,0.3535533905932738,2.526265859603882,0.2626577615737915,2.526265859603882,0.0
1879,0.0,0.0,0.3535533905932738,2.5298609733581543,0.29860997200012207,2.5298609733581543,0.0
1880,0.0,0.0,0.3535533905932738,2.5339958667755127,0.33995819091796875,2.5339958667755127,0.0
1881,0.0,0.0,0.3535533905932738,2.5293331146240234,0.2933320999145508,2.5293331146240234,0.0
1882,0.0,0.0,0.3535533905932738,2.522429943084717,0.22429895401000977,2.522429943084717,0.0
1883,0.0,0.0,0.3535533905932738,2.537778854370117,0.377787709236145,2.537778854370117,0.0
1884,0.0,0.0,0.3535533905932738,2.527182102203369,0.27181994915008545,2.527182102203369,0.0
1885,0.0,0.0,0.3535533905932738,2.5305335521698,0.3053349256515503,2.5305335521698,0.0
1886,0.0,0.0,0.3535533905932738,2.532705545425415,0.3270564079284668,2.532705545425415,0.0
1887,0.0,0.0,0.3535533905932738,2.5276267528533936,0.27626824378967285,2.5276267528533936,0.0
1888,0.0,0.0,0.3535533905932738,2.530813217163086,0.30813276767730713,2.530813217163086,0.0
1889,0.0,0.0,0.3535533905932738,2.526944875717163,0.26944780349731445,2.526944875717163,0.0
1890,0.0,0.0,0.3535533905932738,2.528951406478882,0.289514422416687,2.528951406478882,0.0
1891,0.0,0.0,0.3535533905932738,2.533555507659912,0.3355562686920166,2.533555507659912,0.0
1892,0.0,0.0,0.3535533905932738,2.534332752227783,0.34332776069641113,2.534332752227783,0.0
1893,0.0,0.0,0.3535533905932738,2.5305979251861572,0.3059803247451782,2.5305979251861572,0.0
1894,0.0,0.0,0.3535533905932738,2.5235939025878906,0.23593950271606445,2.5235939025878906,0.0
1895,0.0,0.0,0.3535533905932738,2.541510581970215,0.41510558128356934,2.541510581970215,0.0
1896,0.0,0.0,0.3535533905932738,2.525148391723633,0.2514834403991699,2.525148391723633,0.0
1897,0.0,0.0,0.3535533905932738,2.5313780307769775,0.31378042697906494,2.5313780307769775,0.0
1898,0.0,0.0,0.3535533905932738,2.5335276126861572,0.33527660369873047,2.5335276126861572,0.0
1899,0.0,0.0,0.3535533905932738,2.5409414768218994,0.40941429138183594,2.5409414768218994,0.0
1900,0.0,0.0,0.3535533905932738,2.5300798416137695,0.3007988929748535,2.5300798416137695,0.0
1901,0.0,0.0,0.3535533905932738,2.5375261306762695,0.3752617835998535,2.5375261306762695,0.0
1902,0.0,0.0,0.3535533905932738,2.5337207317352295,0.33720624446868896,2.5337207317352295,0.0
1903,0.0,0.0,0.3535533905932738,2.5377228260040283,0.3772284984588623,2.5377228260040283,0.0
1904,0.0,0.0,0.3535533905932738,2.524836540222168,0.24836468696594238,2.524836540222168,0.0
1905,0.0,0.0,0.3535533905932738,2.5266973972320557,0.2669748067855835,2.5266973972320557,0.0
1906,0.0,0.0,0.3535533905932738,2.5302255153656006,0.30225586891174316,2.5302255153656006,0.0
1907,0.0,0.0,0.3535533905932738,2.536703109741211,0.3670320510864258,2.536703109741211,0.0
1908,0.0,0.0,0.3535533905932738,2.5230917930603027,0.23091793060302734,2.5230917930603027,0.0
1909,0.0,0.0,0.3535533905932738,2.53212308883667,0.3212320804595947,2.53212308883667,0.0
1910,0.0,0.0,0.3535533905932738,2.5292856693267822,0.2928560972213745,2.5292856693267822,0.0
1911,0.0,0.0,0.3535533905932738,2.5335307121276855,0.33530616760253906,2.5335307121276855,0.0
1912,0.0,0.0,0.3535533905932738,2.527252197265625,0.2725224494934082,2.527252197265625,0.0
1913,0.0,0.0,0.3535533905932738,2.533968210220337,0.33968210220336914,2.533968210220337,0.0
1914,0.0,0.0,0.3535533905932738,2.530750036239624,0.3074992895126343,2.530750036239624,0.0
1915,0.0,0.0,0.3535533905932738,2.5357487201690674,0.3574873208999634,2.5357487201690674,0.0
1916,0.0,0.0,0.3535533905932738,2.536776304244995,0.36776411533355713,2.536776304244995,0.0
1917,0.0,0.0,0.3535533905932738,2.5189387798309326,0.18938779830932617,2.5189387798309326,0.0
1918,0.0,0.0,0.3535533905932738,2.5242974758148193,0.242975115776062,2.5242974758148193,0.0
1919,0.0,0.0,0.3535533905932738,2.5263688564300537,0.2636885643005371,2.5263688564300537,0.0
1920,0.0,0.0,0.3535533905932738,2.527522563934326,0.27522575855255127,2.527522563934326,0.0
1921,0.0,0.0,0.3535533905932738,2.525629758834839,0.25629723072052,2.525629758834839,0.0
1922,0.0,0.0,0.3535533905932738,2.5329182147979736,0.3291827440261841,2.5329182147979736,0.0
1923,0.0,0.0,0.3535533905932738,2.542431592941284,0.4243166446685791,2.542431592941284,0.0
1924,0.0,0.0,0.3535533905932738,2.5234320163726807,0.23432064056396484,2.5234320163726807,0.0
1925,0.0,0.0,0.3535533905932738,2.5430028438568115,0.4300287961959839,2.5430028438568115,0.0
1926,0.0,0.0,0.3535533905932738,2.5308961868286133,0.3089616298675537,2.5308961868286133,0.0
1927,0.0,0.0,0.3535533905932738,2.5264501571655273,0.2645024061203003,2.5264501571655273,0.0
1928,0.0,0.0,0.3535533905932738,2.5305705070495605,0.3057044744491577,2.5305705070495605,0.0
1929,0.0,0.0,0.3535533905932738,2.530407428741455,0.3040738105773926,2.530407428741455,0.0
1930,0.0,0.0,0.3535533905932738,2.526376962661743,0.26377034187316895,2.526376962661743,0.0
1931,0.0,0.0,0.3535533905932738,2.5268771648406982,0.2687709331512451,2.5268771648406982,0.0
1932,0.0,0.0,0.3535533905932738,2.528087615966797,0.2808772325515747,2.528087615966797,0.0
1933,0.0,0.0,0.3535533905932738,2.5292344093322754,0.2923440933227539,2.5292344093322754,0.0
1934,0.0,0.0,0.3535533905932738,2.526442050933838,0.26442134380340576,2.526442050933838,0.0
1935,0.0,0.0,0.3535533905932738,2.5318901538848877,0.31890249252319336,2.5318901538848877,0.0
1936,0.0,0.0,0.3535533905932738,2.528639793395996,0.2863985300064087,2.528639793395996,0.0
1937,0.0,0.0,0.3535533905932738,2.527108907699585,0.27109014987945557,2.527108907699585,0.0
1938,0.0,0.0,0.3535533905932738,2.5225181579589844,0.22518038749694824,2.5225181579589844,0.0
1939,0.0,0.0,0.3535533905932738,2.535813808441162,0.3581387996673584,2.535813808441162,0.0
1940,0.0,0.0,0.3535533905932738,2.5221340656280518,0.22134149074554443,2.5221340656280518,0.0
1941,0.0,0.0,0.3535533905932738,2.532944917678833,0.3294496536254883,2.532944917678833,0.0
1942,0.0,0.0,0.3535533905932738,2.5294487476348877,0.29448699951171875,2.5294487476348877,0.0
1943,0.0,0.0,0.3535533905932738,2.5344762802124023,0.3447622060775757,2.5344762802124023,0.0
1944,0.0,0.0,0.3535533905932738,2.5291340351104736,0.2913404703140259,2.5291340351104736,0.0
1945,0.0,0.0,0.3535533905932738,2.538898468017578,0.3889843225479126,2.538898468017578,0.0
1946,0.0,0.0,0.3535533905932738,2.535405158996582,0.35405147075653076,2.535405158996582,0.0
1947,0.0,0.0,0.3535533905932738,2.524822473526001,0.24822473526000977,2.524822473526001,0.0
1948,0.0,0.0,0.3535533905932738,2.5310020446777344,0.31002092361450195,2.5310020446777344,0.0
1949,0.0,0.0,0.3535533905932738,2.5254909992218018,0.25491058826446533,2.5254909992218018,0.0
1950,0.0,0.0,0.3535533905932738,2.529550313949585,0.29550397396087646,2.529550313949585,0.0
1951,0.0,0.0,0.3535533905932738,2.531928300857544,0.3192828893661499,2.531928300857544,0.0
1952,0.0,0.0,0.3535533905932738,2.529472827911377,0.2947273254394531,2.529472827911377,0.0
1953,0.0,0.0,0.3535533905932738,2.5335278511047363,0.33527910709381104,2.5335278511047363,0.0
1954,0.0,0.0,0.3535533905932738,2.523111343383789,0.23111319541931152,2.523111343383789,0.0
1955,0.0,0.0,0.3535533905932738,2.533877372741699,0.33877289295196533,2.533877372741699,0.0
1956,0.0,0.0,0.3535533905932738,2.5294783115386963,0.29478347301483154,2.5294783115386963,0.0
1957,0.0,0.0,0.3535533905932738,2.5239193439483643,0.23919379711151123,2.5239193439483643,0.0
1958,0.0,0.0,0.3535533905932738,2.5362632274627686,0.3626326322555542,2.5362632274627686,0.0
1959,0.0,0.0,0.3535533905932738,2.5295567512512207,0.2955667972564697,2.5295567512512207,0.0
1960,0.0,0.0,0.3535533905932738,2.5232672691345215,0.2326728105545044,2.5232672691345215,0.0
1961,0.0,0.0,0.3535533905932738,2.531946897506714,0.31947004795074463,2.531946897506714,0.0
1962,0.0,0.0,0.3535533905932738,2.5290942192077637,0.2909417152404785,2.5290942192077637,0.0
1963,0.0,0.0,0.3535533905932738,2.5367989540100098,0.3679894208908081,2.5367989540100098,0.0
1964,0.0,0.0,0.3535533905932738,2.535538911819458,0.35538995265960693,2.535538911819458,0.0
1965,0.0,0.0,0.3535533905932738,2.521608591079712,0.21608591079711914,2.521608591079712,0.0
1966,0.0,0.0,0.3535533905932738,2.5234389305114746,0.23439013957977295,2.5234389305114746,0.0
1967,0.0,0.0,0.3535533905932738,2.5250537395477295,0.250537633895874,2.5250537395477295,0.0
1968,0.0,0.0,0.3535533905932738,2.527488946914673,0.27489006519317627,2.527488946914673,0.0
1969,0.0,0.0,0.3535533905932738,2.535275459289551,0.35275471210479736,2.535275459289551,0.0
1970,0.0,0.0,0.3535533905932738,2.525651454925537,0.2565145492553711,2.525651454925537,0.0
1971,0.0,0.0,0.3535533905932738,2.5215463638305664,0.21546399593353271,2.5215463638305664,0.0
1972,0.0,0.0,0.3535533905932738,2.530900478363037,0.3090054988861084,2.530900478363037,0.0
1973,0.0,0.0,0.3535533905932738,2.5300238132476807,0.3002384901046753,2.5300238132476807,0.0
1974,0.0,0.0,0.3535533905932738,2.5231094360351562,0.2310953140258789,2.5231094360351562,0.0
1975,0.0,0.0,0.3535533905932738,2.5274651050567627,0.2746521234512329,2.5274651050567627,0.0
1976,0.0,0.0,0.3535533905932738,2.5335352420806885,0.3353534936904907,2.5335352420806885,0.0
1977,0.0,0.0,0.3535533905932738,2.517857789993286,0.17857730388641357,2.517857789993286,0.0
1978,0.0,0.0,0.3535533905932738,2.531031847000122,0.31031882762908936,2.531031847000122,0.0
1979,0.0,0.0,0.3535533905932738,2.535093069076538,0.35092973709106445,2.535093069076538,0.0
1980,0.0,0.0,0.3535533905932738,2.533188819885254,0.3318890333175659,2.533188819885254,0.0
1981,0.0,0.0,0.3535533905932738,2.528968572616577,0.2896862030029297,2.528968572616577,0.0
1982,0.0,0.0,0.3535533905932738,2.53090763092041,0.30907726287841797,2.53090763092041,0.0
1983,0.0,0.0,0.3535533905932738,2.525697946548462,0.25698018074035645,2.525697946548462,0.0
1984,0.0,0.0,0.3535533905932738,2.5388264656066895,0.38826465606689453,2.5388264656066895,0.0
1985,0.0,0.0,0.3535533905932738,2.5297627449035645,0.2976270914077759,2.5297627449035645,0.0
1986,0.0,0.0,0.3535533905932738,2.533673048019409,0.33673107624053955,2.533673048019409,0.0
1987,0.0,0.0,0.3535533905932738,2.5231969356536865,0.23196923732757568,2.5231969356536865,0.0
1988,0.0,0.0,0.3535533905932738,2.530137062072754,0.30136942863464355,2.530137062072754,0.0
1989,0.0,0.0,0.3535533905932738,2.5252368450164795,0.2523692846298218,2.5252368450164795,0.0
1990,0.0,0.0,0.3535533905932738,2.527431011199951,0.2743098735809326,2.527431011199951,0.0
1991,0.0,0.0,0.3535533905932738,2.522167205810547,0.2216719388961792,2.522167205810547,0.0
1992,0.0,0.0,0.3535533905932738,2.5236897468566895,0.23689842224121094,2.5236897468566895,0.0
1993,0.0,0.0,0.3535533905932738,2.527465581893921,0.27465617656707764,2.527465581893921,0.0
1994,0.0,0.0,0.3535533905932738,2.5343422889709473,0.3434237241744995,2.5343422889709473,0.0
1995,0.0,0.0,0.3535533905932738,2.5277860164642334,0.2778611183166504,2.5277860164642334,0.0
1996,0.0,0.0,0.3535533905932738,2.530308723449707,0.30308711528778076,2.530308723449707,0.0
1997,0.0,0.0,0.3535533905932738,2.5226430892944336,0.22643053531646729,2.5226430892944336,0.0
1998,0.0,0.0,0.3535533905932738,2.5388083457946777,0.38808226585388184,2.5388083457946777,0.0
1999,0.0,0.0,0.3535533905932738,2.523206949234009,0.23207008838653564,2.523206949234009,0.0
2000,0.0,0.0,0.3535533905932738,2.5202019214630127,0.202018141746521,2.5202019214630127,0.0
2001,0.0,0.0,0.3535533905932738,2.5343470573425293,0.34347081184387207,2.5343470573425293,0.0
2002,0.0,0.0,0.3535533905932738,2.5325675010681152,0.3256744146347046,2.5325675010681152,0.0
2003,0.0,0.0,0.3535533905932738,2.5305540561676025,0.3055412769317627,2.5305540561676025,0.0
2004,0.0,0.0,0.3535533905932738,2.527036666870117,0.2703670263290405,2.527036666870117,0.0
2005,0.0,0.0,0.3535533905932738,2.5302698612213135,0.302698016166687,2.5302698612213135,0.0
2006,0.0,0.0,0.3535533905932738,2.5257344245910645,0.2573450803756714,2.5257344245910645,0.0
2007,0.0,0.0,0.3535533905932738,2.5310161113739014,0.3101615905761719,2.5310161113739014,0.0
2008,0.0,0.0,0.3535533905932738,2.5273876190185547,0.2738760709762573,2.5273876190185547,0.0
2009,0.0,0.0,0.3535533905932738,2.5372326374053955,0.3723258972167969,2.5372326374053955,0.0
2010,0.0,0.0,0.3535533905932738,2.5233566761016846,0.2335662841796875,2.5233566761016846,0.0
2011,0.0,0.0,0.3535533905932738,2.524129629135132,0.2412964105606079,2.524129629135132,0.0
2012,0.0,0.0,0.3535533905932738,2.5298330783843994,0.29833173751831055,2.5298330783843994,0.0
2013,0.0,0.0,0.3535533905932738,2.530334711074829,0.3033463954925537,2.530334711074829,0.0
2014,0.0,0.0,0.3535533905932738,2.526001453399658,0.26001453399658203,2.526001453399658,0.0
2015,0.0,0.0,0.3535533905932738,2.5256834030151367,0.25683295726776123,2.5256834030151367,0.0
2016,0.0,0.0,0.3535533905932738,2.52431058883667,0.2431049346923828,2.52431058883667,0.0
2017,0.0,0.0,0.3535533905932738,2.523858070373535,0.238580584526062,2.523858070373535,0.0
2018,0.0,0.0,0.3535533905932738,2.536921501159668,0.3692145347595215,2.536921501159668,0.0
2019,0.0,0.0,0.3535533905932738,2.527272939682007,0.27272915840148926,2.527272939682007,0.0
2020,0.0,0.0,0.3535533905932738,2.5314273834228516,0.3142738342285156,2.5314273834228516,0.0
2021,0.0,0.0,0.3535533905932738,2.5277059078216553,0.27706003189086914,2.5277059078216553,0.0
2022,0.0,0.0,0.3535533905932738,2.5279288291931152,0.27928948402404785,2.5279288291931152,0.0
2023,0.0,0.0,0.3535533905932738,2.522717237472534,0.2271716594696045,2.522717237472534,0.0
2024,0.0,0.0,0.3535533905932738,2.5253047943115234,0.25304853916168213,2.5253047943115234,0.0
2025,0.0,0.0,0.3535533905932738,2.525113344192505,0.2511333227157593,2.525113344192505,0.0
2026,0.0,0.0,0.3535533905932738,2.5259594917297363,0.2595940828323364,2.5259594917297363,0.0
2027,0.0,0.0,0.3535533905932738,2.5228850841522217,0.22885119915008545,2.5228850841522217,0.0
2028,0.0,0.0,0.3535533905932738,2.526628017425537,0.2662811279296875,2.526628017425537,0.0
2029,0.0,0.0,0.3535533905932738,2.5274555683135986,0.27455568313598633,2.5274555683135986,0.0
2030,0.0,0.0,0.3535533905932738,2.530580759048462,0.305808424949646,2.530580759048462,0.0
2031,0.0,0.0,0.3535533905932738,2.526904582977295,0.2690466642379761,2.526904582977295,0.0
2032,0.0,0.0,0.3535533905932738,2.529120445251465,0.29120469093322754,2.529120445251465,0.0
2033,0.0,0.0,0.3535533905932738,2.5309255123138428,0.30925607681274414,2.5309255123138428,0.0
2034,0.0,0.0,0.3535533905932738,2.5243563652038574,0.24356472492218018,2.5243563652038574,0.0
2035,0.0,0.0,0.3535533905932738,2.5364110469818115,0.36411023139953613,2.5364110469818115,0.0
2036,0.0,0.0,0.3535533905932738,2.527341842651367,0.2734183073043823,2.527341842651367,0.0
2037,0.0,0.0,0.3535533905932738,2.5325284004211426,0.325284481048584,2.5325284004211426,0.0
2038,0.0,0.0,0.3535533905932738,2.5274550914764404,0.27455055713653564,2.5274550914764404,0.0
2039,0.0,0.0,0.3535533905932738,2.530818462371826,0.30818355083465576,2.530818462371826,0.0
2040,0.0,0.0,0.3535533905932738,2.5261924266815186,0.26192355155944824,2.5261924266815186,0.0
2041,0.0,0.0,0.3535533905932738,2.527782678604126,0.27782702445983887,2.527782678604126,0.0
2042,0.0,0.0,0.3535533905932738,2.5291976928710938,0.2919764518737793,2.5291976928710938,0.0
2043,0.0,0.0,0.3535533905932738,2.5239639282226562,0.2396402359008789,2.5239639282226562,0.0
2044,0.0,0.0,0.3535533905932738,2.530209541320801,0.30209434032440186,2.530209541320801,0.0
2045,0.0,0.0,0.3535533905932738,2.5269274711608887,0.26927459239959717,2.5269274711608887,0.0
2046,0.0,0.0,0.3535533905932738,2.5263442993164062,0.2634425163269043,2.5263442993164062,0.0
2047,0.0,0.0,0.3535533905932738,2.535538673400879,0.3553866147994995,2.535538673400879,0.0
2048,0.0,0.0,0.3535533905932738,2.5271031856536865,0.27103233337402344,2.5271031856536865,0.0
2049,0.0,0.0,0.3535533905932738,2.5262467861175537,0.26246845722198486,2.5262467861175537,0.0
2050,0.0,0.0,0.3535533905932738,2.532139539718628,0.32139503955841064,2.532139539718628,0.0
2051,0.0,0.0,0.3535533905932738,2.5328116416931152,0.32811760902404785,2.5328116416931152,0.0
2052,0.0,0.0,0.3535533905932738,2.5273635387420654,0.27363598346710205,2.5273635387420654,0.0
2053,0.0,0.0,0.3535533905932738,2.5284762382507324,0.28476250171661377,2.5284762382507324,0.0
2054,0.0,0.0,0.3535533905932738,2.5287368297576904,0.2873682975769043,2.5287368297576904,0.0
2055,0.0,0.0,0.3535533905932738,2.5233943462371826,0.23394310474395752,2.5233943462371826,0.0
2056,0.0,0.0,0.3535533905932738,2.526787042617798,0.2678709030151367,2.526787042617798,0.0
2057,0.0,0.0,0.3535533905932738,2.5304837226867676,0.3048374652862549,2.5304837226867676,0.0
2058,0.0,0.0,0.3535533905932738,2.5243422985076904,0.24342334270477295,2.5243422985076904,0.0
2059,0.0,0.0,0.3535533905932738,2.531935691833496,0.31935811042785645,2.531935691833496,0.0
2060,0.0,0.0,0.3535533905932738,2.528930902481079,0.28930962085723877,2.528930902481079,0.0
2061,0.0,0.0,0.3535533905932738,2.53090500831604,0.30904924869537354,2.53090500831604,0.0
2062,0.0,0.0,0.3535533905932738,2.5256500244140625,0.2564997673034668,2.5256500244140625,0.0
2063,0.0,0.0,0.3535533905932738,2.53959584236145,0.39595866203308105,2.53959584236145,0.0
2064,0.0,0.0,0.3535533905932738,2.525557041168213,0.2555716037750244,2.525557041168213,0.0
2065,0.0,0.0,0.3535533905932738,2.5255725383758545,0.2557255029678345,2.5255725383758545,0.0
2066,0.0,0.0,0.3535533905932738,2.524420738220215,0.24420690536499023,2.524420738220215,0.0
2067,0.0,0.0,0.3535533905932738,2.524508237838745,0.24508333206176758,2.524508237838745,0.0
2068,0.0,0.0,0.3535533905932738,2.5259084701538086,0.25908493995666504,2.5259084701538086,0.0
2069,0.0,0.0,0.3535533905932738,2.526911497116089,0.2691150903701782,2.526911497116089,0.0
2070,0.0,0.0,0.3535533905932738,2.52731990814209,0.2731982469558716,2.52731990814209,0.0
2071,0.0,0.0,0.3535533905932738,2.534886121749878,0.3488621711730957,2.534886121749878,0.0
2072,0.0,0.0,0.3535533905932738,2.5267345905303955,0.2673466205596924,2.5267345905303955,0.0
2073,0.0,0.0,0.3535533905932738,2.531052350997925,0.3105241060256958,2.531052350997925,0.0
2074,0.0,0.0,0.3535533905932738,2.526939630508423,0.26939690113067627,2.526939630508423,0.0
2075,0.0,0.0,0.3535533905932738,2.5276284217834473,0.27628445625305176,2.5276284217834473,0.0
2076,0.0,0.0,0.3535533905932738,2.523195505142212,0.2319544553756714,2.523195505142212,0.0
2077,0.0,0.0,0.3535533905932738,2.519627809524536,0.19627869129180908,2.519627809524536,0.0
2078,0.0,0.0,0.3535533905932738,2.528172016143799,0.2817213535308838,2.528172016143799,0.0
2079,0.0,0.0,0.3535533905932738,2.529839515686035,0.2983940839767456,2.529839515686035,0.0
2080,0.0,0.0,0.3535533905932738,2.528461456298828,0.2846142053604126,2.528461456298828,0.0
2081,0.0,0.0,0.3535533905932738,2.5284626483917236,0.2846256494522095,2.5284626483917236,0.0
2082,0.0,0.0,0.3535533905932738,2.5257017612457275,0.2570168972015381,2.5257017612457275,0.0
2083,0.0,0.0,0.3535533905932738,2.523991346359253,0.2399129867553711,2.523991346359253,0.0
2084,0.0,0.0,0.3535533905932738,2.524872303009033,0.24872219562530518,2.524872303009033,0.0
2085,0.0,0.0,0.3535533905932738,2.526691436767578,0.26691412925720215,2.526691436767578,0.0
2086,0.0,0.0,0.3535533905932738,2.529428720474243,0.2942873239517212,2.529428720474243,0.0
2087,0.0,0.0,0.3535533905932738,2.5267233848571777,0.2672344446182251,2.5267233848571777,0.0
2088,0.0,0.0,0.3535533905932738,2.520310163497925,0.2031010389328003,2.520310163497925,0.0
2089,0.0,0.0,0.3535533905932738,2.520936965942383,0.20936858654022217,2.520936965942383,0.0
2090,0.0,0.0,0.3535533905932738,2.5326197147369385,0.3261982202529907,2.5326197147369385,0.0
2091,0.0,0.0,0.3535533905932738,2.5284109115600586,0.2841101884841919,2.5284109115600586,0.0
2092,0.0,0.0,0.3535533905932738,2.522557020187378,0.2255706787109375,2.522557020187378,0.0
2093,0.0,0.0,0.3535533905932738,2.525852680206299,0.2585277557373047,2.525852680206299,0.0
2094,0.0,0.0,0.3535533905932738,2.5280849933624268,0.280850887298584,2.5280849933624268,0.0
2095,0.0,0.0,0.3535533905932738,2.5383763313293457,0.3837623596191406,2.5383763313293457,0.0
2096,0.0,0.0,0.3535533905932738,2.5283970832824707,0.28397083282470703,2.5283970832824707,0.0
2097,0.0,0.0,0.3535533905932738,2.5155134201049805,0.15513503551483154,2.5155134201049805,0.0
2098,0.0,0.0,0.3535533905932738,2.527580499649048,0.27580583095550537,2.527580499649048,0.0
2099,0.0,0.0,0.3535533905932738,2.536485195159912,0.36485183238983154,2.536485195159912,0.0
2100,0.0,0.0,0.3535533905932738,2.528864860534668,0.28864777088165283,2.528864860534668,0.0
2101,0.0,0.0,0.3535533905932738,2.52711820602417,0.27118098735809326,2.52711820602417,0.0
2102,0.0,0.0,0.3535533905932738,2.5301096439361572,0.3010958433151245,2.5301096439361572,0.0
2103,0.0,0.0,0.3535533905932738,2.530161142349243,0.3016113042831421,2.530161142349243,0.0
2104,0.0,0.0,0.3535533905932738,2.5248844623565674,0.24884498119354248,2.5248844623565674,0.0
2105,0.0,0.0,0.3535533905932738,2.53118896484375,0.31188952922821045,2.53118896484375,0.0
2106,0.0,0.0,0.3535533905932738,2.533259391784668,0.33259427547454834,2.533259391784668,0.0
2107,0.0,0.0,0.3535533905932738,2.5241682529449463,0.2416834831237793,2.5241682529449463,0.0
2108,0.0,0.0,0.3535533905932738,2.532874345779419,0.32874298095703125,2.532874345779419,0.0
2109,0.0,0.0,0.3535533905932738,2.523791551589966,0.23791515827178955,2.523791551589966,0.0
2110,0.0,0.0,0.3535533905932738,2.52498722076416,0.24987280368804932,2.52498722076416,0.0
2111,0.0,0.0,0.3535533905932738,2.5307931900024414,0.30793309211730957,2.5307931900024414,0.0
2112,0.0,0.0,0.3535533905932738,2.5214600563049316,0.2146008014678955,2.5214600563049316,0.0
2113,0.0,0.0,0.3535533905932738,2.528671979904175,0.2867206335067749,2.528671979904175,0.0
2114,0.0,0.0,0.3535533905932738,2.5190179347991943,0.19017934799194336,2.5190179347991943,0.0
2115,0.0,0.0,0.3535533905932738,2.524467706680298,0.24467742443084717,2.524467706680298,0.0
2116,0.0,0.0,0.3535533905932738,2.5196468830108643,0.19646990299224854,2.5196468830108643,0.0
2117,0.0,0.0,0.3535533905932738,2.5212700366973877,0.2126995325088501,2.5212700366973877,0.0
2118,0.0,0.0,0.3535533905932738,2.517986297607422,0.17986178398132324,2.517986297607422,0.0
2119,0.0,0.0,0.3535533905932738,2.531759262084961,0.3175935745239258,2.531759262084961,0.0
2120,0.0,0.0,0.3535533905932738,2.5240302085876465,0.2403026819229126,2.5240302085876465,0.0
2121,0.0,0.0,0.3535533905932738,2.5296576023101807,0.296575665473938,2.5296576023101807,0.0
2122,0.0,0.0,0.3535533905932738,2.52164888381958,0.21648955345153809,2.52164888381958,0.0
2123,0.0,0.0,0.3535533905932738,2.528996229171753,0.2899618148803711,2.528996229171753,0.0
2124,0.0,0.0,0.3535533905932738,2.5298638343811035,0.2986394166946411,2.5298638343811035,0.0
2125,0.0,0.0,0.3535533905932738,2.5241737365722656,0.24173617362976074,2.5241737365722656,0.0
2126,0.0,0.0,0.3535533905932738,2.531282901763916,0.3128286600112915,2.531282901763916,0.0
2127,0.0,0.0,0.3535533905932738,2.5255231857299805,0.25523197650909424,2.5255231857299805,0.0
2128,0.0,0.0,0.3535533905932738,2.5349533557891846,0.3495328426361084,2.5349533557891846,0.0
2129,0.0,0.0,0.3535533905932738,2.520524024963379,0.20524060726165771,2.520524024963379,0.0
2130,0.0,0.0,0.3535533905932738,2.5281412601470947,0.2814129590988159,2.5281412601470947,0.0
2131,0.0,0.0,0.3535533905932738,2.5333750247955322,0.3337494134902954,2.5333750247955322,0.0
2132,0.0,0.0,0.3535533905932738,2.52247953414917,0.22479546070098877,2.52247953414917,0.0
2133,0.0,0.0,0.3535533905932738,2.5228662490844727,0.2286618947982788,2.5228662490844727,0.0
2134,0.0,0.0,0.3535533905932738,2.5314931869506836,0.3149310350418091,2.5314931869506836,0.0
2135,0.0,0.0,0.3535533905932738,2.5259647369384766,0.2596477270126343,2.5259647369384766,0.0
2136,0.0,0.0,0.3535533905932738,2.5360560417175293,0.3605605363845825,2.5360560417175293,0.0
2137,0.0,0.0,0.3535533905932738,2.5228793621063232,0.22879362106323242,2.5228793621063232,0.0
2138,0.0,0.0,0.3535533905932738,2.525315523147583,0.2531541585922241,2.525315523147583,0.0
2139,0.0,0.0,0.3535533905932738,2.5225348472595215,0.2253483533859253,2.5225348472595215,0.0
2140,0.0,0.0,0.3535533905932738,2.5296406745910645,0.2964057922363281,2.5296406745910645,0.0
2141,0.0,0.0,0.3535533905932738,2.528113603591919,0.28113651275634766,2.528113603591919,0.0
2142,0.0,0.0,0.3535533905932738,2.530038833618164,0.3003873825073242,2.530038833618164,0.0
2143,0.0,0.0,0.3535533905932738,2.528419017791748,0.2841910123825073,2.528419017791748,0.0
2144,0.0,0.0,0.3535533905932738,2.5237021446228027,0.237021803855896,2.5237021446228027,0.0
2145,0.0,0.0,0.3535533905932738,2.5168638229370117,0.1686384677886963,2.5168638229370117,0.0
2146,0.0,0.0,0.3535533905932738,2.520460367202759,0.2046046257019043,2.520460367202759,0.0
2147,0.0,0.0,0.3535533905932738,2.523099899291992,0.23100018501281738,2.523099899291992,0.0
2148,0.0,0.0,0.3535533905932738,2.5370032787323,0.3700329065322876,2.5370032787323,0.0
2149,0.0,0.0,0.3535533905932738,2.5217740535736084,0.21774137020111084,2.5217740535736084,0.0
2150,0.0,0.0,0.3535533905932738,2.5262138843536377,0.26213955879211426,2.5262138843536377,0.0
2151,0.0,0.0,0.3535533905932738,2.531280517578125,0.31280410289764404,2.531280517578125,0.0
2152,0.0,0.0,0.3535533905932738,2.526779890060425,0.26779913902282715,2.526779890060425,0.0
2153,0.0,0.0,0.3535533905932738,2.5236740112304688,0.23674046993255615,2.5236740112304688,0.0
2154,0.0,0.0,0.3535533905932738,2.5263736248016357,0.2637357711791992,2.5263736248016357,0.0
2155,0.0,0.0,0.3535533905932738,2.52406644821167,0.24066376686096191,2.52406644821167,0.0
2156,0.0,0.0,0.3535533905932738,2.524967908859253,0.24967992305755615,2.524967908859253,0.0
2157,0.0,0.0,0.3535533905932738,2.5278851985931396,0.2788524627685547,2.5278851985931396,0.0
2158,0.0,0.0,0.3535533905932738,2.5319039821624756,0.3190394639968872,2.5319039821624756,0.0
2159,0.0,0.0,0.3535533905932738,2.5271031856536865,0.27103209495544434,2.5271031856536865,0.0
2160,0.0,0.0,0.3535533905932738,2.5222392082214355,0.22239303588867188,2.5222392082214355,0.0
2161,0.0,0.0,0.3535533905932738,2.522655963897705,0.22655844688415527,2.522655963897705,0.0
2162,0.0,0.0,0.3535533905932738,2.519796133041382,0.19796240329742432,2.519796133041382,0.0
2163,0.0,0.0,0.3535533905932738,2.523179769515991,0.2317976951599121,2.523179769515991,0.0
2164,0.0,0.0,0.3535533905932738,2.52384090423584,0.23841023445129395,2.52384090423584,0.0
2165,0.0,0.0,0.3535533905932738,2.526050567626953,0.2605057954788208,2.526050567626953,0.0
2166,0.0,0.0,0.3535533905932738,2.5197083950042725,0.1970834732055664,2.5197083950042725,0.0
2167,0.0,0.0,0.3535533905932738,2.5225934982299805,0.22593426704406738,2.5225934982299805,0.0
2168,0.0,0.0,0.3535533905932738,2.528245210647583,0.2824516296386719,2.528245210647583,0.0
2169,0.0,0.0,0.3535533905932738,2.5253100395202637,0.25309979915618896,2.5253100395202637,0.0
2170,0.0,0.0,0.3535533905932738,2.5275068283081055,0.2750675678253174,2.5275068283081055,0.0
2171,0.0,0.0,0.3535533905932738,2.5301296710968018,0.3012971878051758,2.5301296710968018,0.0
2172,0.0,0.0,0.3535533905932738,2.5232794284820557,0.23279500007629395,2.5232794284820557,0.0
2173,0.0,0.0,0.3535533905932738,2.5320847034454346,0.320847749710083,2.5320847034454346,0.0
2174,0.0,0.0,0.3535533905932738,2.5258986949920654,0.25898635387420654,2.5258986949920654,0.0
2175,0.0,0.0,0.3535533905932738,2.520376443862915,0.2037651538848877,2.520376443862915,0.0
2176,0.0,0.0,0.3535533905932738,2.532160758972168,0.3216078281402588,2.532160758972168,0.0
2177,0.0,0.0,0.3535533905932738,2.5236079692840576,0.23607993125915527,2.5236079692840576,0.0
2178,0.0,0.0,0.3535533905932738,2.5187556743621826,0.18755769729614258,2.5187556743621826,0.0
2179,0.0,0.0,0.3535533905932738,2.5460052490234375,0.4600520133972168,2.5460052490234375,0.0
2180,0.0,0.0,0.3535533905932738,2.5305135250091553,0.30513620376586914,2.5305135250091553,0.0
2181,0.0,0.0,0.3535533905932738,2.5244383811950684,0.24438464641571045,2.5244383811950684,0.0
2182,0.0,0.0,0.3535533905932738,2.5253500938415527,0.2535020112991333,2.5253500938415527,0.0
2183,0.0,0.0,0.3535533905932738,2.5297493934631348,0.29749321937561035,2.5297493934631348,0.0
2184,0.0,0.0,0.3535533905932738,2.515218734741211,0.15218663215637207,2.515218734741211,0.0
2185,0.0,0.0,0.3535533905932738,2.52693772315979,0.269376277923584,2.52693772315979,0.0
2186,0.0,0.0,0.3535533905932738,2.524317741394043,0.2431778907775879,2.524317741394043,0.0
2187,0.0,0.0,0.3535533905932738,2.527782678604126,0.2778257131576538,2.527782678604126,0.0
2188,0.0,0.0,0.3535533905932738,2.5297234058380127,0.2972337007522583,2.5297234058380127,0.0
2189,0.0,0.0,0.3535533905932738,2.5261576175689697,0.2615770101547241,2.5261576175689697,0.0
2190,0.0,0.0,0.3535533905932738,2.5230531692504883,0.23053205013275146,2.5230531692504883,0.0
2191,0.0,0.0,0.3535533905932738,2.5231497287750244,0.23149776458740234,2.5231497287750244,0.0
2192,0.0,0.0,0.3535533905932738,2.522364377975464,0.22364437580108643,2.522364377975464,0.0
2193,0.0,0.0,0.3535533905932738,2.5215649604797363,0.21565032005310059,2.5215649604797363,0.0
2194,0.0,0.0,0.3535533905932738,2.52569580078125,0.2569575309753418,2.52569580078125,0.0
2195,0.0,0.0,0.3535533905932738,2.5257303714752197,0.2573045492172241,2.5257303714752197,0.0
2196,0.0,0.0,0.3535533905932738,2.526289939880371,0.26289844512939453,2.526289939880371,0.0
2197,0.0,0.0,0.3535533905932738,2.5270159244537354,0.27015888690948486,2.5270159244537354,0.0
2198,0.0,0.0,0.3535533905932738,2.5190837383270264,0.19083809852600098,2.5190837383270264,0.0
2199,0.0,0.0,0.3535533905932738,2.52518892288208,0.25188934803009033,2.52518892288208,0.0
2200,0.0,0.0,0.3535533905932738,2.5279746055603027,0.27974534034729004,2.5279746055603027,0.0
2201,0.0,0.0,0.3535533905932738,2.526352882385254,0.2635279893875122,2.526352882385254,0.0
2202,0.0,0.0,0.3535533905932738,2.5251314640045166,0.25131475925445557,2.5251314640045166,0.0
2203,0.0,0.0,0.3535533905932738,2.5409419536590576,0.4094200134277344,2.5409419536590576,0.0
2204,0.0,0.0,0.3535533905932738,2.5310440063476562,0.31043994426727295,2.5310440063476562,0.0
2205,0.0,0.0,0.3535533905932738,2.5247817039489746,0.2478165626525879,2.5247817039489746,0.0
2206,0.0,0.0,0.3535533905932738,2.5234923362731934,0.2349226474761963,2.5234923362731934,0.0
2207,0.0,0.0,0.3535533905932738,2.530318260192871,0.30318140983581543,2.530318260192871,0.0
2208,0.0,0.0,0.3535533905932738,2.529366970062256,0.29366862773895264,2.529366970062256,0.0
2209,0.0,0.0,0.3535533905932738,2.5242230892181396,0.2422313690185547,2.5242230892181396,0.0
2210,0.0,0.0,0.3535533905932738,2.521303653717041,0.21303653717041016,2.521303653717041,0.0
2211,0.0,0.0,0.3535533905932738,2.522831916809082,0.22832036018371582,2.522831916809082,0.0
2212,0.0,0.0,0.3535533905932738,2.529139280319214,0.2913929224014282,2.529139280319214,0.0
2213,0.0,0.0,0.3535533905932738,2.521819829940796,0.21819913387298584,2.521819829940796,0.0
2214,0.0,0.0,0.3535533905932738,2.530548572540283,0.3054850101470947,2.530548572540283,0.0
2215,0.0,0.0,0.3535533905932738,2.530820608139038,0.30820631980895996,2.530820608139038,0.0
2216,0.0,0.0,0.3535533905932738,2.528651475906372,0.28651487827301025,2.528651475906372,0.0
2217,0.0,0.0,0.3535533905932738,2.5224368572235107,0.22436892986297607,2.5224368572235107,0.0
2218,0.0,0.0,0.3535533905932738,2.53623366355896,0.3623366355895996,2.53623366355896,0.0
2219,0.0,0.0,0.3535533905932738,2.526211977005005,0.2621198892593384,2.526211977005005,0.0
2220,0.0,0.0,0.3535533905932738,2.5212862491607666,0.2128620147705078,2.5212862491607666,0.0
2221,0.0,0.0,0.3535533905932738,2.523461103439331,0.23461008071899414,2.523461103439331,0.0
2222,0.0,0.0,0.3535533905932738,2.5213780403137207,0.21378087997436523,2.5213780403137207,0.0
2223,0.0,0.0,0.3535533905932738,2.5297183990478516,0.2971830368041992,2.5297183990478516,0.0
2224,0.0,0.0,0.3535533905932738,2.522184371948242,0.22184288501739502,2.522184371948242,0.0
2225,0.0,0.0,0.3535533905932738,2.527256727218628,0.27256715297698975,2.527256727218628,0.0
2226,0.0,0.0,0.3535533905932738,2.5247769355773926,0.24776887893676758,2.5247769355773926,0.0
2227,0.0,0.0,0.3535533905932738,2.5233476161956787,0.2334766387939453,2.5233476161956787,0.0
2228,0.0,0.0,0.3535533905932738,2.5233047008514404,0.2330472469329834,2.5233047008514404,0.0
2229,0.0,0.0,0.3535533905932738,2.5187582969665527,0.18758320808410645,2.5187582969665527,0.0
2230,0.0,0.0,0.3535533905932738,2.517702579498291,0.17702460289001465,2.517702579498291,0.0
2231,0.0,0.0,0.3535533905932738,2.524125099182129,0.2412506341934204,2.524125099182129,0.0
2232,0.0,0.0,0.3535533905932738,2.522645950317383,0.22646033763885498,2.522645950317383,0.0
2233,0.0,0.0,0.3535533905932738,2.523979902267456,0.23979973793029785,2.523979902267456,0.0
2234,0.0,0.0,0.3535533905932738,2.5173404216766357,0.17340433597564697,2.5173404216766357,0.0
2235,0.0,0.0,0.3535533905932738,2.517028570175171,0.17028594017028809,2.517028570175171,0.0
2236,0.0,0.0,0.3535533905932738,2.529855728149414,0.29855775833129883,2.529855728149414,0.0
2237,0.0,0.0,0.3535533905932738,2.5285253524780273,0.2852531671524048,2.5285253524780273,0.0
2238,0.0,0.0,0.3535533905932738,2.5231051445007324,0.23105037212371826,2.5231051445007324,0.0
2239,0.0,0.0,0.3535533905932738,2.515474557876587,0.154746413230896,2.515474557876587,0.0
2240,0.0,0.0,0.3535533905932738,2.5347354412078857,0.3473550081253052,2.5347354412078857,0.0
2241,0.0,0.0,0.3535533905932738,2.522216796875,0.22216784954071045,2.522216796875,0.0
2242,0.0,0.0,0.3535533905932738,2.5229499340057373,0.2294987440109253,2.5229499340057373,0.0
2243,0.0,0.0,0.3535533905932738,2.525341033935547,0.25341010093688965,2.525341033935547,0.0
2244,0.0,0.0,0.3535533905932738,2.5167434215545654,0.1674346923828125,2.5167434215545654,0.0
2245,0.0,0.0,0.3535533905932738,2.5280303955078125,0.28030359745025635,2.5280303955078125,0.0
2246,0.0,0.0,0.3535533905932738,2.535766363143921,0.35766375064849854,2.535766363143921,0.0
2247,0.0,0.0,0.3535533905932738,2.5293009281158447,0.29300975799560547,2.5293009281158447,0.0
2248,0.0,0.0,0.3535533905932738,2.529921770095825,0.2992171049118042,2.529921770095825,0.0
2249,0.0,0.0,0.3535533905932738,2.5210676193237305,0.210676908493042,2.5210676193237305,0.0
2250,0.0,0.0,0.3535533905932738,2.5207316875457764,0.20731687545776367,2.5207316875457764,0.0
2251,0.0,0.0,0.3535533905932738,2.5276761054992676,0.2767612934112549,2.5276761054992676,0.0
2252,0.0,0.0,0.3535533905932738,2.524543046951294,0.2454308271408081,2.524543046951294,0.0
2253,0.0,0.0,0.3535533905932738,2.530433416366577,0.3043346405029297,2.530433416366577,0.0
2254,0.0,0.0,0.3535533905932738,2.5230348110198975,0.2303478717803955,2.5230348110198975,0.0
2255,0.0,0.0,0.3535533905932738,2.5237958431243896,0.2379589080810547,2.5237958431243896,0.0
2256,0.0,0.0,0.3535533905932738,2.525468587875366,0.25468552112579346,2.525468587875366,0.0
2257,0.0,0.0,0.3535533905932738,2.5243659019470215,0.24365854263305664,2.5243659019470215,0.0
2258,0.0,0.0,0.3535533905932738,2.5187883377075195,0.1878821849822998,2.5187883377075195,0.0
2259,0.0,0.0,0.3535533905932738,2.5270235538482666,0.2702362537384033,2.5270235538482666,0.0
2260,0.0,0.0,0.3535533905932738,2.5223116874694824,0.22311711311340332,2.5223116874694824,0.0
2261,0.0,0.0,0.3535533905932738,2.5216569900512695,0.21657073497772217,2.5216569900512695,0.0
2262,0.0,0.0,0.3535533905932738,2.5201876163482666,0.20187580585479736,2.5201876163482666,0.0
2263,0.0,0.0,0.3535533905932738,2.5223889350891113,0.22388827800750732,2.5223889350891113,0.0
2264,0.0,0.0,0.3535533905932738,2.5275352001190186,0.27535271644592285,2.5275352001190186,0.0
2265,0.0,0.0,0.3535533905932738,2.526703357696533,0.26703357696533203,2.526703357696533,0.0
2266,0.0,0.0,0.3535533905932738,2.5243170261383057,0.2431710958480835,2.5243170261383057,0.0
2267,0.0,0.0,0.3535533905932738,2.524686574935913,0.2468663454055786,2.524686574935913,0.0
2268,0.0,0.0,0.3535533905932738,2.5185179710388184,0.18518006801605225,2.5185179710388184,0.0
2269,0.0,0.0,0.3535533905932738,2.5178604125976562,0.1786048412322998,2.5178604125976562,0.0
2270,0.0,0.0,0.3535533905932738,2.525830030441284,0.25829923152923584,2.525830030441284,0.0
2271,0.0,0.0,0.3535533905932738,2.5237135887145996,0.2371351718902588,2.5237135887145996,0.0
2272,0.0,0.0,0.3535533905932738,2.523914337158203,0.23914361000061035,2.523914337158203,0.0
2273,0.0,0.0,0.3535533905932738,2.527817487716675,0.2781740427017212,2.527817487716675,0.0
2274,0.0,0.0,0.3535533905932738,2.5213470458984375,0.2134697437286377,2.5213470458984375,0.0
2275,0.0,0.0,0.3535533905932738,2.5272409915924072,0.2724090814590454,2.5272409915924072,0.0
2276,0.0,0.0,0.3535533905932738,2.524960517883301,0.24960565567016602,2.524960517883301,0.0
2277,0.0,0.0,0.3535533905932738,2.5272467136383057,0.27246785163879395,2.5272467136383057,0.0
2278,0.0,0.0,0.3535533905932738,2.525810956954956,0.2581104040145874,2.525810956954956,0.0
2279,0.0,0.0,0.3535533905932738,2.527021646499634,0.2702174186706543,2.527021646499634,0.0
2280,0.0,0.0,0.3535533905932738,2.521526575088501,0.21526682376861572,2.521526575088501,0.0
2281,0.0,0.0,0.3535533905932738,2.5189783573150635,0.18978381156921387,2.5189783573150635,0.0
2282,0.0,0.0,0.3535533905932738,2.5302751064300537,0.3027505874633789,2.5302751064300537,0.0
2283,0.0,0.0,0.3535533905932738,2.5246076583862305,0.246077299118042,2.5246076583862305,0.0
2284,0.0,0.0,0.3535533905932738,2.5275819301605225,0.2758200168609619,2.5275819301605225,0.0
2285,0.0,0.0,0.3535533905932738,2.5255868434906006,0.25586843490600586,2.5255868434906006,0.0
2286,0.0,0.0,0.3535533905932738,2.528019905090332,0.28020012378692627,2.528019905090332,0.0
2287,0.0,0.0,0.3535533905932738,2.520355224609375,0.2035515308380127,2.520355224609375,0.0
2288,0.0,0.0,0.3535533905932738,2.5202229022979736,0.20222866535186768,2.5202229022979736,0.0
2289,0.0,0.0,0.3535533905932738,2.528597354888916,0.28597402572631836,2.528597354888916,0.0
2290,0.0,0.0,0.3535533905932738,2.526946544647217,0.26946568489074707,2.526946544647217,0.0
2291,0.0,0.0,0.3535533905932738,2.5213027000427246,0.21302711963653564,2.5213027000427246,0.0
2292,0.0,0.0,0.3535533905932738,2.5275747776031494,0.2757469415664673,2.5275747776031494,0.0
2293,0.0,0.0,0.3535533905932738,2.52010178565979,0.2010173797607422,2.52010178565979,0.0
2294,0.0,0.0,0.3535533905932738,2.529263734817505,0.2926372289657593,2.529263734817505,0.0
2295,0.0,0.0,0.3535533905932738,2.533989906311035,0.3398998975753784,2.533989906311035,0.0
2296,0.0,0.0,0.3535533905932738,2.520815134048462,0.2081509828567505,2.520815134048462,0.0
2297,0.0,0.0,0.3535533905932738,2.523178815841675,0.23178791999816895,2.523178815841675,0.0
2298,0.0,0.0,0.3535533905932738,2.5255062580108643,0.2550618648529053,2.5255062580108643,0.0
2299,0.0,0.0,0.3535533905932738,2.521759510040283,0.21759498119354248,2.521759510040283,0.0
2300,0.0,0.0,0.3535533905932738,2.527834892272949,0.27834928035736084,2.527834892272949,0.0
2301,0.0,0.0,0.3535533905932738,2.524704933166504,0.24704861640930176,2.524704933166504,0.0
2302,0.0,0.0,0.3535533905932738,2.5281167030334473,0.2811671495437622,2.5281167030334473,0.0
2303,0.0,0.0,0.3535533905932738,2.528017997741699,0.2801799774169922,2.528017997741699,0.0
2304,0.0,0.0,0.3535533905932738,2.521610975265503,0.21610963344573975,2.521610975265503,0.0
2305,0.0,0.0,0.3535533905932738,2.522331714630127,0.22331607341766357,2.522331714630127,0.0
2306,0.0,0.0,0.3535533905932738,2.5236928462982178,0.23692822456359863,2.5236928462982178,0.0
2307,0.0,0.0,0.3535533905932738,2.5190117359161377,0.19011783599853516,2.5190117359161377,0.0
2308,0.0,0.0,0.3535533905932738,2.522016763687134,0.22016704082489014,2.522016763687134,0.0
2309,0.0,0.0,0.3535533905932738,2.5273473262786865,0.27347350120544434,2.5273473262786865,0.0
2310,0.0,0.0,0.3535533905932738,2.5284078121185303,0.2840780019760132,2.5284078121185303,0.0
2311,0.0,0.0,0.3535533905932738,2.5252273082733154,0.25227272510528564,2.5252273082733154,0.0
2312,0.0,0.0,0.3535533905932738,2.520303726196289,0.20303809642791748,2.520303726196289,0.0
2313,0.0,0.0,0.3535533905932738,2.5271997451782227,0.2719975709915161,2.5271997451782227,0.0
2314,0.0,0.0,0.3535533905932738,2.5271003246307373,0.2710028886795044,2.5271003246307373,0.0
2315,0.0,0.0,0.3535533905932738,2.5160675048828125,0.16067397594451904,2.5160675048828125,0.0
2316,0.0,0.0,0.3535533905932738,2.5269689559936523,0.269689679145813,2.5269689559936523,0.0
2317,0.0,0.0,0.3535533905932738,2.5243351459503174,0.24335086345672607,2.5243351459503174,0.0
2318,0.0,0.0,0.3535533905932738,2.5184738636016846,0.1847391128540039,2.5184738636016846,0.0
2319,0.0,0.0,0.3535533905932738,2.5358407497406006,0.35840797424316406,2.5358407497406006,0.0
2320,0.0,0.0,0.3535533905932738,2.5252325534820557,0.25232553482055664,2.5252325534820557,0.0
2321,0.0,0.0,0.3535533905932738,2.5233466625213623,0.23346590995788574,2.5233466625213623,0.0
2322,0.0,0.0,0.3535533905932738,2.524841070175171,0.24841058254241943,2.524841070175171,0.0
2323,0.0,0.0,0.3535533905932738,2.5285756587982178,0.28575730323791504,2.5285756587982178,0.0
2324,0.0,0.0,0.3535533905932738,2.5308122634887695,0.30812323093414307,2.5308122634887695,0.0
2325,0.0,0.0,0.3535533905932738,2.5309739112854004,0.30973803997039795,2.5309739112854004,0.0
2326,0.0,0.0,0.3535533905932738,2.520155429840088,0.2015535831451416,2.520155429840088,0.0
2327,0.0,0.0,0.3535533905932738,2.5251386165618896,0.25138652324676514,2.5251386165618896,0.0
2328,0.0,0.0,0.3535533905932738,2.524113416671753,0.24113357067108154,2.524113416671753,0.0
2329,0.0,0.0,0.3535533905932738,2.5159013271331787,0.15901219844818115,2.5159013271331787,0.0
2330,0.0,0.0,0.3535533905932738,2.5197625160217285,0.19762539863586426,2.5197625160217285,0.0
2331,0.0,0.0,0.3535533905932738,2.523200035095215,0.23200154304504395,2.523200035095215,0.0
2332,0.0,0.0,0.3535533905932738,2.5201165676116943,0.2011646032333374,2.5201165676116943,0.0
2333,0.0,0.0,0.3535533905932738,2.525604486465454,0.256045937538147,2.525604486465454,0.0
2334,0.0,0.0,0.3535533905932738,2.5238380432128906,0.2383805513381958,2.5238380432128906,0.0
2335,0.0,0.0,0.3535533905932738,2.523517608642578,0.23517680168151855,2.523517608642578,0.0
2336,0.0,0.0,0.3535533905932738,2.52607798576355,0.2607787847518921,2.52607798576355,0.0
2337,0.0,0.0,0.3535533905932738,2.522312879562378,0.22312843799591064,2.522312879562378,0.0
2338,0.0,0.0,0.3535533905932738,2.523465871810913,0.2346585988998413,2.523465871810913,0.0
2339,0.0,0.0,0.3535533905932738,2.5221986770629883,0.22198772430419922,2.5221986770629883,0.0
2340,0.0,0.0,0.3535533905932738,2.5272350311279297,0.2723512649536133,2.5272350311279297,0.0
2341,0.0,0.0,0.3535533905932738,2.525251865386963,0.2525193691253662,2.525251865386963,0.0
2342,0.0,0.0,0.3535533905932738,2.519535541534424,0.1953563690185547,2.519535541534424,0.0
2343,0.0,0.0,0.3535533905932738,2.5204384326934814,0.20438361167907715,2.5204384326934814,0.0
2344,0.0,0.0,0.3535533905932738,2.5274510383605957,0.2745097875595093,2.5274510383605957,0.0
2345,0.0,0.0,0.3535533905932738,2.5225448608398438,0.22544753551483154,2.5225448608398438,0.0
2346,0.0,0.0,0.3535533905932738,2.5206408500671387,0.20640790462493896,2.5206408500671387,0.0
2347,0.0,0.0,0.3535533905932738,2.5243589878082275,0.24358952045440674,2.5243589878082275,0.0
2348,0.0,0.0,0.3535533905932738,2.5211212635040283,0.2112135887145996,2.5211212635040283,0.0
2349,0.0,0.0,0.3535533905932738,2.523707866668701,0.23707842826843262,2.523707866668701,0.0
2350,0.0,0.0,0.3535533905932738,2.5294575691223145,0.29457664489746094,2.5294575691223145,0.0
2351,0.0,0.0,0.3535533905932738,2.5283145904541016,0.28314530849456787,2.5283145904541016,0.0
2352,0.0,0.0,0.3535533905932738,2.5181667804718018,0.18166863918304443,2.5181667804718018,0.0
2353,0.0,0.0,0.3535533905932738,2.526768922805786,0.2676898241043091,2.526768922805786,0.0
2354,0.0,0.0,0.3535533905932738,2.5164756774902344,0.1647557020187378,2.5164756774902344,0.0
2355,0.0,0.0,0.3535533905932738,2.5203847885131836,0.2038480043411255,2.5203847885131836,0.0
2356,0.0,0.0,0.3535533905932738,2.5271055698394775,0.271054744720459,2.5271055698394775,0.0
2357,0.0,0.0,0.3535533905932738,2.5258219242095947,0.2582188844680786,2.5258219242095947,0.0
2358,0.0,0.0,0.3535533905932738,2.5220119953155518,0.22012031078338623,2.5220119953155518,0.0
2359,0.0,0.0,0.3535533905932738,2.523564338684082,0.23564326763153076,2.523564338684082,0.0
2360,0.0,0.0,0.3535533905932738,2.5194203853607178,0.1942046880722046,2.5194203853607178,0.0
2361,0.0,0.0,0.3535533905932738,2.519815444946289,0.19815564155578613,2.519815444946289,0.0
2362,0.0,0.0,0.3535533905932738,2.5227549076080322,0.22754991054534912,2.5227549076080322,0.0
2363,0.0,0.0,0.3535533905932738,2.5164027214050293,0.16402626037597656,2.5164027214050293,0.0
2364,0.0,0.0,0.3535533905932738,2.5209109783172607,0.20910918712615967,2.5209109783172607,0.0
2365,0.0,0.0,0.3535533905932738,2.5278568267822266,0.27856922149658203,2.5278568267822266,0.0
2366,0.0,0.0,0.3535533905932738,2.5244197845458984,0.24419844150543213,2.5244197845458984,0.0
2367,0.0,0.0,0.3535533905932738,2.524336814880371,0.24336838722229004,2.524336814880371,0.0
2368,0.0,0.0,0.3535533905932738,2.515732765197754,0.15732836723327637,2.515732765197754,0.0
2369,0.0,0.0,0.3535533905932738,2.525832414627075,0.2583237886428833,2.525832414627075,0.0
2370,0.0,0.0,0.3535533905932738,2.52700138092041,0.27001380920410156,2.52700138092041,0.0
2371,0.0,0.0,0.3535533905932738,2.518477201461792,0.18477308750152588,2.518477201461792,0.0
2372,0.0,0.0,0.3535533905932738,2.519778251647949,0.1977827548980713,2.519778251647949,0.0
2373,0.0,0.0,0.3535533905932738,2.522346019744873,0.22345995903015137,2.522346019744873,0.0
2374,0.0,0.0,0.3535533905932738,2.518587112426758,0.18587136268615723,2.518587112426758,0.0
2375,0.0,0.0,0.3535533905932738,2.5213053226470947,0.21305227279663086,2.5213053226470947,0.0
2376,0.0,0.0,0.3535533905932738,2.519902229309082,0.19902145862579346,2.519902229309082,0.0
2377,0.0,0.0,0.3535533905932738,2.519308090209961,0.19308185577392578,2.519308090209961,0.0
2378,0.0,0.0,0.3535533905932738,2.5217673778533936,0.21767330169677734,2.5217673778533936,0.0
2379,0.0,0.0,0.3535533905932738,2.518521547317505,0.18521511554718018,2.518521547317505,0.0
2380,0.0,0.0,0.3535533905932738,2.521796941757202,0.21797049045562744,2.521796941757202,0.0
2381,0.0,0.0,0.3535533905932738,2.52089786529541,0.20897865295410156,2.52089786529541,0.0
2382,0.0,0.0,0.3535533905932738,2.5232040882110596,0.23204052448272705,2.5232040882110596,0.0
2383,0.0,0.0,0.3535533905932738,2.520930528640747,0.20930421352386475,2.520930528640747,0.0
2384,0.0,0.0,0.3535533905932738,2.521254777908325,0.21254730224609375,2.521254777908325,0.0
2385,0.0,0.0,0.3535533905932738,2.5221118927001953,0.22111999988555908,2.5221118927001953,0.0
2386,0.0,0.0,0.3535533905932738,2.5211524963378906,0.21152591705322266,2.5211524963378906,0.0
2387,0.0,0.0,0.3535533905932738,2.5299813747406006,0.2998133897781372,2.5299813747406006,0.0
2388,0.0,0.0,0.3535533905932738,2.5258004665374756,0.25800418853759766,2.5258004665374756,0.0
2389,0.0,0.0,0.3535533905932738,2.5263137817382812,0.263136625289917,2.5263137817382812,0.0
2390,0.0,0.0,0.3535533905932738,2.5219457149505615,0.21945714950561523,2.5219457149505615,0.0
2391,0.0,0.0,0.3535533905932738,2.519460439682007,0.1946042776107788,2.519460439682007,0.0
2392,0.0,0.0,0.3535533905932738,2.523435592651367,0.23435556888580322,2.523435592651367,0.0
2393,0.0,0.0,0.3535533905932738,2.521994113922119,0.2199409008026123,2.521994113922119,0.0
2394,0.0,0.0,0.3535533905932738,2.5321502685546875,0.32150328159332275,2.5321502685546875,0.0
2395,0.0,0.0,0.3535533905932738,2.5227253437042236,0.22725439071655273,2.5227253437042236,0.0
2396,0.0,0.0,0.3535533905932738,2.5283825397491455,0.28382647037506104,2.5283825397491455,0.0
2397,0.0,0.0,0.3535533905932738,2.5208375453948975,0.2083754539489746,2.5208375453948975,0.0
2398,0.0,0.0,0.3535533905932738,2.520711660385132,0.20711767673492432,2.520711660385132,0.0
2399,0.0,0.0,0.3535533905932738,2.526405096054077,0.26405060291290283,2.526405096054077,0.0
2400,0.0,0.0,0.3535533905932738,2.5286712646484375,0.2867124080657959,2.5286712646484375,0.0
2401,0.0,0.0,0.3535533905932738,2.5155816078186035,0.1558150053024292,2.5155816078186035,0.0
2402,0.0,0.0,0.3535533905932738,2.5223000049591064,0.2229992151260376,2.5223000049591064,0.0
2403,0.0,0.0,0.3535533905932738,2.51965069770813,0.19650602340698242,2.51965069770813,0.0
2404,0.0,0.0,0.3535533905932738,2.525885581970215,0.25885677337646484,2.525885581970215,0.0
2405,0.0,0.0,0.3535533905932738,2.5157666206359863,0.15766632556915283,2.5157666206359863,0.0
2406,0.0,0.0,0.3535533905932738,2.5185980796813965,0.18598008155822754,2.5185980796813965,0.0
2407,0.0,0.0,0.3535533905932738,2.5223798751831055,0.2237997055053711,2.5223798751831055,0.0
2408,0.0,0.0,0.3535533905932738,2.5162830352783203,0.16282999515533447,2.5162830352783203,0.0
2409,0.0,0.0,0.3535533905932738,2.5187971591949463,0.18797171115875244,2.5187971591949463,0.0
2410,0.0,0.0,0.3535533905932738,2.5207436084747314,0.20743536949157715,2.5207436084747314,0.0
2411,0.0,0.0,0.3535533905932738,2.519710063934326,0.19710171222686768,2.519710063934326,0.0
2412,0.0,0.0,0.3535533905932738,2.5202620029449463,0.20261967182159424,2.5202620029449463,0.0
2413,0.0,0.0,0.3535533905932738,2.5189762115478516,0.18976235389709473,2.5189762115478516,0.0
2414,0.0,0.0,0.3535533905932738,2.5156667232513428,0.15666639804840088,2.5156667232513428,0.0
2415,0.0,0.0,0.3535533905932738,2.53145694732666,0.3145695924758911,2.53145694732666,0.0
2416,0.0,0.0,0.3535533905932738,2.518829345703125,0.18829345703125,2.518829345703125,0.0
2417,0.0,0.0,0.3535533905932738,2.522129774093628,0.221297025680542,2.522129774093628,0.0
2418,0.0,0.0,0.3535533905932738,2.522613763809204,0.22613763809204102,2.522613763809204,0.0
2419,0.0,0.0,0.3535533905932738,2.5163755416870117,0.16375458240509033,2.5163755416870117,0.0
2420,0.0,0.0,0.3535533905932738,2.5238897800445557,0.23889803886413574,2.5238897800445557,0.0
2421,0.0,0.0,0.3535533905932738,2.524691343307495,0.24691438674926758,2.524691343307495,0.0
2422,0.0,0.0,0.3535533905932738,2.5195608139038086,0.19560694694519043,2.5195608139038086,0.0
2423,0.0,0.0,0.3535533905932738,2.523624897003174,0.23624837398529053,2.523624897003174,0.0
2424,0.0,0.0,0.3535533905932738,2.5195086002349854,0.19508492946624756,2.5195086002349854,0.0
2425,0.0,0.0,0.3535533905932738,2.520900249481201,0.20900201797485352,2.520900249481201,0.0
2426,0.0,0.0,0.3535533905932738,2.519947052001953,0.19947052001953125,2.519947052001953,0.0
2427,0.0,0.0,0.3535533905932738,2.521122694015503,0.21122634410858154,2.521122694015503,0.0
2428,0.0,0.0,0.3535533905932738,2.5281410217285156,0.28141021728515625,2.5281410217285156,0.0
2429,0.0,0.0,0.3535533905932738,2.5150697231292725,0.1506972312927246,2.5150697231292725,0.0
2430,0.0,0.0,0.3535533905932738,2.5222084522247314,0.22208499908447266,2.5222084522247314,0.0
2431,0.0,0.0,0.3535533905932738,2.5188472270965576,0.18847119808197021,2.5188472270965576,0.0
2432,0.0,0.0,0.3535533905932738,2.520066022872925,0.200661301612854,2.520066022872925,0.0
2433,0.0,0.0,0.3535533905932738,2.525493621826172,0.25493597984313965,2.525493621826172,0.0
2434,0.0,0.0,0.3535533905932738,2.5251846313476562,0.2518460750579834,2.5251846313476562,0.0
2435,0.0,0.0,0.3535533905932738,2.525895833969116,0.2589592933654785,2.525895833969116,0.0
2436,0.0,0.0,0.3535533905932738,2.5187976360321045,0.18797707557678223,2.5187976360321045,0.0
2437,0.0,0.0,0.3535533905932738,2.5210671424865723,0.2106724977493286,2.5210671424865723,0.0
2438,0.0,0.0,0.3535533905932738,2.5236024856567383,0.23602592945098877,2.5236024856567383,0.0
2439,0.0,0.0,0.3535533905932738,2.5219690799713135,0.219690203666687,2.5219690799713135,0.0
2440,0.0,0.0,0.3535533905932738,2.5155258178710938,0.15525710582733154,2.5155258178710938,0.0
2441,0.0,0.0,0.3535533905932738,2.5265862941741943,0.2658640146255493,2.5265862941741943,0.0
2442,0.0,0.0,0.3535533905932738,2.517533540725708,0.17533576488494873,2.517533540725708,0.0
2443,0.0,0.0,0.3535533905932738,2.5296566486358643,0.29656684398651123,2.5296566486358643,0.0
2444,0.0,0.0,0.3535533905932738,2.5217535495758057,0.21753644943237305,2.5217535495758057,0.0
2445,0.0,0.0,0.3535533905932738,2.5188910961151123,0.1889113187789917,2.5188910961151123,0.0
2446,0.0,0.0,0.3535533905932738,2.5152392387390137,0.15239179134368896,2.5152392387390137,0.0
2447,0.0,0.0,0.3535533905932738,2.525487184524536,0.25487232208251953,2.525487184524536,0.0
2448,0.0,0.0,0.3535533905932738,2.527183771133423,0.2718369960784912,2.527183771133423,0.0
2449,0.0,0.0,0.3535533905932738,2.5183022022247314,0.183022141456604,2.5183022022247314,0.0
2450,0.0,0.0,0.3535533905932738,2.520326852798462,0.20326828956604004,2.520326852798462,0.0
2451,0.0,0.0,0.3535533905932738,2.5237884521484375,0.2378847599029541,2.5237884521484375,0.0
2452,0.0,0.0,0.3535533905932738,2.5212507247924805,0.2125084400177002,2.5212507247924805,0.0
2453,0.0,0.0,0.3535533905932738,2.521237373352051,0.2123734951019287,2.521237373352051,0.0
2454,0.0,0.0,0.3535533905932738,2.5191383361816406,0.19138240814208984,2.5191383361816406,0.0
2455,0.0,0.0,0.3535533905932738,2.51632022857666,0.1632016897201538,2.51632022857666,0.0
2456,0.0,0.0,0.3535533905932738,2.5249617099761963,0.2496180534362793,2.5249617099761963,0.0
2457,0.0,0.0,0.3535533905932738,2.5268664360046387,0.2686653137207031,2.5268664360046387,0.0
2458,0.0,0.0,0.3535533905932738,2.524907350540161,0.24907338619232178,2.524907350540161,0.0
2459,0.0,0.0,0.3535533905932738,2.5192267894744873,0.1922670602798462,2.5192267894744873,0.0
2460,0.0,0.0,0.3535533905932738,2.523688554763794,0.23688483238220215,2.523688554763794,0.0
2461,0.0,0.0,0.3535533905932738,2.5192856788635254,0.1928572654724121,2.5192856788635254,0.0
2462,0.0,0.0,0.3535533905932738,2.5285606384277344,0.2856067419052124,2.5285606384277344,0.0
2463,0.0,0.0,0.3535533905932738,2.525463342666626,0.254632830619812,2.525463342666626,0.0
2464,0.0,0.0,0.3535533905932738,2.524312973022461,0.24312961101531982,2.524312973022461,0.0
2465,0.0,0.0,0.3535533905932738,2.5241401195526123,0.24140191078186035,2.5241401195526123,0.0
2466,0.0,0.0,0.3535533905932738,2.517594814300537,0.1759483814239502,2.517594814300537,0.0
2467,0.0,0.0,0.3535533905932738,2.5200562477111816,0.2005612850189209,2.5200562477111816,0.0
2468,0.0,0.0,0.3535533905932738,2.5268354415893555,0.2683537006378174,2.5268354415893555,0.0
2469,0.0,0.0,0.3535533905932738,2.517362117767334,0.1736208200454712,2.517362117767334,0.0
2470,0.0,0.0,0.3535533905932738,2.5165135860443115,0.16513550281524658,2.5165135860443115,0.0
2471,0.0,0.0,0.3535533905932738,2.5325169563293457,0.3251684904098511,2.5325169563293457,0.0
2472,0.0,0.0,0.3535533905932738,2.5196235179901123,0.1962360143661499,2.5196235179901123,0.0
2473,0.0,0.0,0.3535533905932738,2.5200541019439697,0.20054209232330322,2.5200541019439697,0.0
2474,0.0,0.0,0.3535533905932738,2.5191783905029297,0.19178390502929688,2.5191783905029297,0.0
2475,0.0,0.0,0.3535533905932738,2.519408702850342,0.19408762454986572,2.519408702850342,0.0
2476,0.0,0.0,0.3535533905932738,2.5198802947998047,0.19880282878875732,2.5198802947998047,0.0
2477,0.0,0.0,0.3535533905932738,2.519773006439209,0.1977306604385376,2.519773006439209,0.0
2478,0.0,0.0,0.3535533905932738,2.5158419609069824,0.15841889381408691,2.5158419609069824,0.0
2479,0.0,0.0,0.3535533905932738,2.5218799114227295,0.21879959106445312,2.5218799114227295,0.0
2480,0.0,0.0,0.3535533905932738,2.5241520404815674,0.24152052402496338,2.5241520404815674,0.0
2481,0.0,0.0,0.3535533905932738,2.5268216133117676,0.2682152986526489,2.5268216133117676,0.0
2482,0.0,0.0,0.3535533905932738,2.524552583694458,0.24552488327026367,2.524552583694458,0.0
2483,0.0,0.0,0.3535533905932738,2.5184221267700195,0.18422198295593262,2.5184221267700195,0.0
2484,0.0,0.0,0.3535533905932738,2.518662452697754,0.18662428855895996,2.518662452697754,0.0
2485,0.0,0.0,0.3535533905932738,2.513011932373047,0.13011813163757324,2.513011932373047,0.0
2486,0.0,0.0,0.3535533905932738,2.518561840057373,0.18561780452728271,2.518561840057373,0.0
2487,0.0,0.0,0.3535533905932738,2.520852565765381,0.20852625370025635,2.520852565765381,0.0
2488,0.0,0.0,0.3535533905932738,2.5210113525390625,0.21011412143707275,2.5210113525390625,0.0
2489,0.0,0.0,0.3535533905932738,2.5203490257263184,0.2034912109375,2.5203490257263184,0.0
2490,0.0,0.0,0.3535533905932738,2.526982545852661,0.26982569694519043,2.526982545852661,0.0
2491,0.0,0.0,0.3535533905932738,2.5249295234680176,0.24929571151733398,2.5249295234680176,0.0
2492,0.0,0.0,0.3535533905932738,2.5155274868011475,0.15527403354644775,2.5155274868011475,0.0
2493,0.0,0.0,0.3535533905932738,2.5225718021392822,0.2257176637649536,2.5225718021392822,0.0
2494,0.0,0.0,0.3535533905932738,2.526803493499756,0.26803481578826904,2.526803493499756,0.0
2495,0.0,0.0,0.3535533905932738,2.5206971168518066,0.20697236061096191,2.5206971168518066,0.0
2496,0.0,0.0,0.3535533905932738,2.515651226043701,0.15651154518127441,2.515651226043701,0.0
2497,0.0,0.0,0.3535533905932738,2.518015146255493,0.1801522970199585,2.518015146255493,0.0
2498,0.0,0.0,0.3535533905932738,2.516995668411255,0.16995763778686523,2.516995668411255,0.0
2499,0.0,0.0,0.3535533905932738,2.526139259338379,0.26139378547668457,2.526139259338379,0.0
2500,0.0,0.0,0.3535533905932738,2.5246334075927734,0.24633395671844482,2.5246334075927734,0.0
2501,0.0,0.0,0.3535533905932738,2.522259473800659,0.2225944995880127,2.522259473800659,0.0
2502,0.0,0.0,0.3535533905932738,2.520019292831421,0.20019268989562988,2.520019292831421,0.0
2503,0.0,0.0,0.3535533905932738,2.523479461669922,0.2347954511642456,2.523479461669922,0.0
2504,0.0,0.0,0.3535533905932738,2.520205020904541,0.20205020904541016,2.520205020904541,0.0
2505,0.0,0.0,0.3535533905932738,2.5261452198028564,0.2614530324935913,2.5261452198028564,0.0
2506,0.0,0.0,0.3535533905932738,2.5287721157073975,0.28772127628326416,2.5287721157073975,0.0
2507,0.0,0.0,0.3535533905932738,2.5189762115478516,0.18976151943206787,2.5189762115478516,0.0
2508,0.0,0.0,0.3535533905932738,2.5199031829833984,0.19903075695037842,2.5199031829833984,0.0
2509,0.0,0.0,0.3535533905932738,2.522202968597412,0.2220296859741211,2.522202968597412,0.0
2510,0.0,0.0,0.3535533905932738,2.519747257232666,0.19747281074523926,2.519747257232666,0.0
2511,0.0,0.0,0.3535533905932738,2.528937339782715,0.28937268257141113,2.528937339782715,0.0
2512,0.0,0.0,0.3535533905932738,2.5186471939086914,0.1864715814590454,2.5186471939086914,0.0
2513,0.0,0.0,0.3535533905932738,2.5190317630767822,0.19031786918640137,2.5190317630767822,0.0
2514,0.0,0.0,0.3535533905932738,2.519744873046875,0.1974480152130127,2.519744873046875,0.0
2515,0.0,0.0,0.3535533905932738,2.5270068645477295,0.27006804943084717,2.5270068645477295,0.0
2516,0.0,0.0,0.3535533905932738,2.5193123817443848,0.1931239366531372,2.5193123817443848,0.0
2517,0.0,0.0,0.3535533905932738,2.520514965057373,0.20514917373657227,2.520514965057373,0.0
2518,0.0,0.0,0.3535533905932738,2.523466110229492,0.23466181755065918,2.523466110229492,0.0
2519,0.0,0.0,0.3535533905932738,2.524536609649658,0.24536502361297607,2.524536609649658,0.0
2520,0.0,0.0,0.3535533905932738,2.517418384552002,0.17418277263641357,2.517418384552002,0.0
2521,0.0,0.0,0.3535533905932738,2.5259058475494385,0.25905847549438477,2.5259058475494385,0.0
2522,0.0,0.0,0.3535533905932738,2.520435333251953,0.20435428619384766,2.520435333251953,0.0
2523,0.0,0.0,0.3535533905932738,2.520646810531616,0.20646905899047852,2.520646810531616,0.0
2524,0.0,0.0,0.3535533905932738,2.5172436237335205,0.17243719100952148,2.5172436237335205,0.0
2525,0.0,0.0,0.3535533905932738,2.520395040512085,0.20395004749298096,2.520395040512085,0.0
2526,0.0,0.0,0.3535533905932738,2.5131006240844727,0.1310058832168579,2.5131006240844727,0.0
2527,0.0,0.0,0.3535533905932738,2.528965950012207,0.28966033458709717,2.528965950012207,0.0
2528,0.0,0.0,0.3535533905932738,2.520814895629883,0.20814859867095947,2.520814895629883,0.0
2529,0.0,0.0,0.3535533905932738,2.526772975921631,0.2677302360534668,2.526772975921631,0.0
2530,0.0,0.0,0.3535533905932738,2.527670383453369,0.27670371532440186,2.527670383453369,0.0
2531,0.0,0.0,0.3535533905932738,2.524653196334839,0.24653160572052002,2.524653196334839,0.0
2532,0.0,0.0,0.3535533905932738,2.522981882095337,0.2298194169998169,2.522981882095337,0.0
2533,0.0,0.0,0.3535533905932738,2.521083354949951,0.21083426475524902,2.521083354949951,0.0
2534,0.0,0.0,0.3535533905932738,2.5196850299835205,0.19685029983520508,2.5196850299835205,0.0
2535,0.0,0.0,0.3535533905932738,2.5272269248962402,0.2722688913345337,2.5272269248962402,0.0
2536,0.0,0.0,0.3535533905932738,2.5191025733947754,0.191025972366333,2.5191025733947754,0.0
2537,0.0,0.0,0.3535533905932738,2.5238747596740723,0.2387470006942749,2.5238747596740723,0.0
2538,0.0,0.0,0.3535533905932738,2.524350643157959,0.2435063123703003,2.524350643157959,0.0
2539,0.0,0.0,0.3535533905932738,2.519289016723633,0.19289016723632812,2.519289016723633,0.0
2540,0.0,0.0,0.3535533905932738,2.5306472778320312,0.30647337436676025,2.5306472778320312,0.0
2541,0.0,0.0,0.3535533905932738,2.509225845336914,0.09225940704345703,2.509225845336914,0.0
2542,0.0,0.0,0.3535533905932738,2.524019241333008,0.24019265174865723,2.524019241333008,0.0
2543,0.0,0.0,0.3535533905932738,2.5188655853271484,0.18865561485290527,2.5188655853271484,0.0
2544,0.0,0.0,0.3535533905932738,2.5170469284057617,0.17046916484832764,2.5170469284057617,0.0
2545,0.0,0.0,0.3535533905932738,2.516455888748169,0.16455936431884766,2.516455888748169,0.0
2546,0.0,0.0,0.3535533905932738,2.523070812225342,0.23070800304412842,2.523070812225342,0.0
2547,0.0,0.0,0.3535533905932738,2.5225346088409424,0.22534596920013428,2.5225346088409424,0.0
2548,0.0,0.0,0.3535533905932738,2.519981622695923,0.1998155117034912,2.519981622695923,0.0
2549,0.0,0.0,0.3535533905932738,2.516045570373535,0.1604548692703247,2.516045570373535,0.0
2550,0.0,0.0,0.3535533905932738,2.5214314460754395,0.21431326866149902,2.5214314460754395,0.0
2551,0.0,0.0,0.3535533905932738,2.5208518505096436,0.2085181474685669,2.5208518505096436,0.0
2552,0.0,0.0,0.3535533905932738,2.5150082111358643,0.15008211135864258,2.5150082111358643,0.0
2553,0.0,0.0,0.3535533905932738,2.5195698738098145,0.1956995725631714,2.5195698738098145,0.0
2554,0.0,0.0,0.3535533905932738,2.517909288406372,0.17909204959869385,2.517909288406372,0.0
2555,0.0,0.0,0.3535533905932738,2.5192954540252686,0.1929546594619751,2.5192954540252686,0.0
2556,0.0,0.0,0.3535533905932738,2.5166125297546387,0.16612470149993896,2.5166125297546387,0.0
2557,0.0,0.0,0.3535533905932738,2.516267776489258,0.16267788410186768,2.516267776489258,0.0
2558,0.0,0.0,0.3535533905932738,2.525041103363037,0.25040996074676514,2.525041103363037,0.0
2559,0.0,0.0,0.3535533905932738,2.5199227333068848,0.19922733306884766,2.5199227333068848,0.0
2560,0.0,0.0,0.3535533905932738,2.5165135860443115,0.16513526439666748,2.5165135860443115,0.0
2561,0.0,0.0,0.3535533905932738,2.518061399459839,0.18061506748199463,2.518061399459839,0.0
2562,0.0,0.0,0.3535533905932738,2.5214052200317383,0.21405243873596191,2.5214052200317383,0.0
2563,0.0,0.0,0.3535533905932738,2.5181336402893066,0.18133676052093506,2.5181336402893066,0.0
2564,0.0,0.0,0.3535533905932738,2.524311065673828,0.24310994148254395,2.524311065673828,0.0
2565,0.0,0.0,0.3535533905932738,2.517212152481079,0.17212176322937012,2.517212152481079,0.0
2566,0.0,0.0,0.3535533905932738,2.5139832496643066,0.1398329734802246,2.5139832496643066,0.0
2567,0.0,0.0,0.3535533905932738,2.519758462905884,0.19758355617523193,2.519758462905884,0.0
2568,0.0,0.0,0.3535533905932738,2.52724552154541,0.27245616912841797,2.52724552154541,0.0
2569,0.0,0.0,0.3535533905932738,2.52103590965271,0.21035873889923096,2.52103590965271,0.0
2570,0.0,0.0,0.3535533905932738,2.517428398132324,0.17428481578826904,2.517428398132324,0.0
2571,0.0,0.0,0.3535533905932738,2.5237274169921875,0.2372734546661377,2.5237274169921875,0.0
2572,0.0,0.0,0.3535533905932738,2.521510601043701,0.21510708332061768,2.521510601043701,0.0
2573,0.0,0.0,0.3535533905932738,2.523780107498169,0.2378007173538208,2.523780107498169,0.0
2574,0.0,0.0,0.3535533905932738,2.5259439945220947,0.25944042205810547,2.5259439945220947,0.0
2575,0.0,0.0,0.3535533905932738,2.517176866531372,0.17176949977874756,2.517176866531372,0.0
2576,0.0,0.0,0.3535533905932738,2.524334669113159,0.2433462142944336,2.524334669113159,0.0
2577,0.0,0.0,0.3535533905932738,2.514798879623413,0.1479893922805786,2.514798879623413,0.0
2578,0.0,0.0,0.3535533905932738,2.5269672870635986,0.2696723937988281,2.5269672870635986,0.0
2579,0.0,0.0,0.3535533905932738,2.5189411640167236,0.18941104412078857,2.5189411640167236,0.0
2580,0.0,0.0,0.3535533905932738,2.5200037956237793,0.20003807544708252,2.5200037956237793,0.0
2581,0.0,0.0,0.3535533905932738,2.5184166431427,0.1841665506362915,2.5184166431427,0.0
2582,0.0,0.0,0.3535533905932738,2.5196621417999268,0.19662153720855713,2.5196621417999268,0.0
2583,0.0,0.0,0.3535533905932738,2.515575408935547,0.1557544469833374,2.515575408935547,0.0
2584,0.0,0.0,0.3535533905932738,2.5167996883392334,0.1679973602294922,2.5167996883392334,0.0
2585,0.0,0.0,0.3535533905932738,2.520336627960205,0.20336699485778809,2.520336627960205,0.0
2586,0.0,0.0,0.3535533905932738,2.5173659324645996,0.17365896701812744,2.5173659324645996,0.0
2587,0.0,0.0,0.3535533905932738,2.5159075260162354,0.15907561779022217,2.5159075260162354,0.0
2588,0.0,0.0,0.3535533905932738,2.5201852321624756,0.20185232162475586,2.5201852321624756,0.0
2589,0.0,0.0,0.3535533905932738,2.515659809112549,0.15659809112548828,2.515659809112549,0.0
2590,0.0,0.0,0.3535533905932738,2.518744468688965,0.18744516372680664,2.518744468688965,0.0
2591,0.0,0.0,0.3535533905932738,2.5190398693084717,0.190399169921875,2.5190398693084717,0.0
2592,0.0,0.0,0.3535533905932738,2.5200793743133545,0.20079362392425537,2.5200793743133545,0.0
2593,0.0,0.0,0.3535533905932738,2.514453172683716,0.1445319652557373,2.514453172683716,0.0
2594,0.0,0.0,0.3535533905932738,2.5169248580932617,0.16924834251403809,2.5169248580932617,0.0
2595,0.0,0.0,0.3535533905932738,2.5112950801849365,0.11295175552368164,2.5112950801849365,0.0
2596,0.0,0.0,0.3535533905932738,2.5225961208343506,0.2259601354598999,2.5225961208343506,0.0
2597,0.0,0.0,0.3535533905932738,2.5177533626556396,0.17753338813781738,2.5177533626556396,0.0
2598,0.0,0.0,0.3535533905932738,2.5205025672912598,0.205025315284729,2.5205025672912598,0.0
2599,0.0,0.0,0.3535533905932738,2.517819404602051,0.17819440364837646,2.517819404602051,0.0
2600,0.0,0.0,0.3535533905932738,2.524705410003662,0.2470545768737793,2.524705410003662,0.0
2601,0.0,0.0,0.3535533905932738,2.5227324962615967,0.22732603549957275,2.5227324962615967,0.0
2602,0.0,0.0,0.3535533905932738,2.5210838317871094,0.2108372449874878,2.5210838317871094,0.0
2603,0.0,0.0,0.3535533905932738,2.5238242149353027,0.2382427453994751,2.5238242149353027,0.0
2604,0.0,0.0,0.3535533905932738,2.518258571624756,0.1825861930847168,2.518258571624756,0.0
2605,0.0,0.0,0.3535533905932738,2.5207784175872803,0.20778405666351318,2.5207784175872803,0.0
2606,0.0,0.0,0.3535533905932738,2.5160467624664307,0.1604686975479126,2.5160467624664307,0.0
2607,0.0,0.0,0.3535533905932738,2.5159995555877686,0.1599951982498169,2.5159995555877686,0.0
2608,0.0,0.0,0.3535533905932738,2.517426013946533,0.17426002025604248,2.517426013946533,0.0
2609,0.0,0.0,0.3535533905932738,2.5173943042755127,0.1739429235458374,2.5173943042755127,0.0
2610,0.0,0.0,0.3535533905932738,2.5167770385742188,0.1677708625793457,2.5167770385742188,0.0
2611,0.0,0.0,0.3535533905932738,2.514759063720703,0.1475914716720581,2.514759063720703,0.0
2612,0.0,0.0,0.3535533905932738,2.5141406059265137,0.14140498638153076,2.5141406059265137,0.0
2613,0.0,0.0,0.3535533905932738,2.5213799476623535,0.2137998342514038,2.5213799476623535,0.0
2614,0.0,0.0,0.3535533905932738,2.5213911533355713,0.2139120101928711,2.5213911533355713,0.0
2615,0.0,0.0,0.3535533905932738,2.5301151275634766,0.30115044116973877,2.5301151275634766,0.0
2616,0.0,0.0,0.3535533905932738,2.5181567668914795,0.18156862258911133,2.5181567668914795,0.0
2617,0.0,0.0,0.3535533905932738,2.5154571533203125,0.15457165241241455,2.5154571533203125,0.0
2618,0.0,0.0,0.3535533905932738,2.51668119430542,0.16681087017059326,2.51668119430542,0.0
2619,0.0,0.0,0.3535533905932738,2.5188992023468018,0.18899095058441162,2.5188992023468018,0.0
2620,0.0,0.0,0.3535533905932738,2.5277962684631348,0.27796173095703125,2.5277962684631348,0.0
2621,0.0,0.0,0.3535533905932738,2.523578643798828,0.2357863187789917,2.523578643798828,0.0
2622,0.0,0.0,0.3535533905932738,2.5203328132629395,0.20332777500152588,2.5203328132629395,0.0
2623,0.0,0.0,0.3535533905932738,2.5235342979431152,0.23534297943115234,2.5235342979431152,0.0
2624,0.0,0.0,0.3535533905932738,2.5175955295562744,0.1759549379348755,2.5175955295562744,0.0
2625,0.0,0.0,0.3535533905932738,2.5121750831604004,0.1217498779296875,2.5121750831604004,0.0
2626,0.0,0.0,0.3535533905932738,2.5181987285614014,0.18198823928833008,2.5181987285614014,0.0
2627,0.0,0.0,0.3535533905932738,2.5124764442443848,0.12476503849029541,2.5124764442443848,0.0
2628,0.0,0.0,0.3535533905932738,2.5203094482421875,0.20309531688690186,2.5203094482421875,0.0
2629,0.0,0.0,0.3535533905932738,2.516221046447754,0.16221094131469727,2.516221046447754,0.0
2630,0.0,0.0,0.3535533905932738,2.5201871395111084,0.20187115669250488,2.5201871395111084,0.0
2631,0.0,0.0,0.3535533905932738,2.5193710327148438,0.1937112808227539,2.5193710327148438,0.0
2632,0.0,0.0,0.3535533905932738,2.5200746059417725,0.20074522495269775,2.5200746059417725,0.0
2633,0.0,0.0,0.3535533905932738,2.52067232131958,0.20672214031219482,2.52067232131958,0.0
2634,0.0,0.0,0.3535533905932738,2.5229570865631104,0.22957122325897217,2.5229570865631104,0.0
2635,0.0,0.0,0.3535533905932738,2.5172979831695557,0.17298054695129395,2.5172979831695557,0.0
2636,0.0,0.0,0.3535533905932738,2.5207133293151855,0.20713293552398682,2.5207133293151855,0.0
2637,0.0,0.0,0.3535533905932738,2.5141255855560303,0.14125585556030273,2.5141255855560303,0.0
2638,0.0,0.0,0.3535533905932738,2.524589776992798,0.2458968162536621,2.524589776992798,0.0
2639,0.0,0.0,0.3535533905932738,2.516072988510132,0.1607292890548706,2.516072988510132,0.0
2640,0.0,0.0,0.3535533905932738,2.513363838195801,0.13363826274871826,2.513363838195801,0.0
2641,0.0,0.0,0.3535533905932738,2.5180444717407227,0.18044424057006836,2.5180444717407227,0.0
2642,0.0,0.0,0.3535533905932738,2.514920473098755,0.14920508861541748,2.514920473098755,0.0
2643,0.0,0.0,0.3535533905932738,2.5203983783721924,0.20398402214050293,2.5203983783721924,0.0
2644,0.0,0.0,0.3535533905932738,2.51395845413208,0.13958501815795898,2.51395845413208,0.0
2645,0.0,0.0,0.3535533905932738,2.5163848400115967,0.16384804248809814,2.5163848400115967,0.0
2646,0.0,0.0,0.3535533905932738,2.52236008644104,0.22360050678253174,2.52236008644104,0.0
2647,0.0,0.0,0.3535533905932738,2.5203967094421387,0.20396697521209717,2.5203967094421387,0.0
2648,0.0,0.0,0.3535533905932738,2.5183186531066895,0.18318772315979004,2.5183186531066895,0.0
2649,0.0,0.0,0.3535533905932738,2.5213475227355957,0.21347415447235107,2.5213475227355957,0.0
2650,0.0,0.0,0.3535533905932738,2.521270275115967,0.21270382404327393,2.521270275115967,0.0
2651,0.0,0.0,0.3535533905932738,2.519688129425049,0.19688057899475098,2.519688129425049,0.0
2652,0.0,0.0,0.3535533905932738,2.515267848968506,0.15267729759216309,2.515267848968506,0.0
2653,0.0,0.0,0.3535533905932738,2.5218653678894043,0.21865344047546387,2.5218653678894043,0.0
2654,0.0,0.0,0.3535533905932738,2.5162250995635986,0.16225206851959229,2.5162250995635986,0.0
2655,0.0,0.0,0.3535533905932738,2.5138440132141113,0.13844037055969238,2.5138440132141113,0.0
2656,0.0,0.0,0.3535533905932738,2.517908811569214,0.17908775806427002,2.517908811569214,0.0
2657,0.0,0.0,0.3535533905932738,2.5176947116851807,0.1769479513168335,2.5176947116851807,0.0
2658,0.0,0.0,0.3535533905932738,2.5143051147460938,0.1430516242980957,2.5143051147460938,0.0
2659,0.0,0.0,0.3535533905932738,2.522578477859497,0.22578585147857666,2.522578477859497,0.0
2660,0.0,0.0,0.3535533905932738,2.5181992053985596,0.1819925308227539,2.5181992053985596,0.0
2661,0.0,0.0,0.3535533905932738,2.5142273902893066,0.14227449893951416,2.5142273902893066,0.0
2662,0.0,0.0,0.3535533905932738,2.521001100540161,0.21001124382019043,2.521001100540161,0.0
2663,0.0,0.0,0.3535533905932738,2.5196924209594727,0.19692468643188477,2.5196924209594727,0.0
2664,0.0,0.0,0.3535533905932738,2.515150785446167,0.15150880813598633,2.515150785446167,0.0
2665,0.0,0.0,0.3535533905932738,2.5162808895111084,0.16280949115753174,2.5162808895111084,0.0
2666,0.0,0.0,0.3535533905932738,2.524817705154419,0.2481766939163208,2.524817705154419,0.0
2667,0.0,0.0,0.3535533905932738,2.517324447631836,0.17324376106262207,2.517324447631836,0.0
2668,0.0,0.0,0.3535533905932738,2.526198148727417,0.2619819641113281,2.526198148727417,0.0
2669,0.0,0.0,0.3535533905932738,2.5173799991607666,0.1737995147705078,2.5173799991607666,0.0
2670,0.0,0.0,0.3535533905932738,2.515065908432007,0.1506580114364624,2.515065908432007,0.0
2671,0.0,0.0,0.3535533905932738,2.5125744342803955,0.12574505805969238,2.5125744342803955,0.0
2672,0.0,0.0,0.3535533905932738,2.5199203491210938,0.19920241832733154,2.5199203491210938,0.0
2673,0.0,0.0,0.3535533905932738,2.519517183303833,0.19517123699188232,2.519517183303833,0.0
2674,0.0,0.0,0.3535533905932738,2.5225579738616943,0.22558057308197021,2.5225579738616943,0.0
2675,0.0,0.0,0.3535533905932738,2.5195908546447754,0.1959083080291748,2.5195908546447754,0.0
2676,0.0,0.0,0.3535533905932738,2.5220301151275635,0.22030222415924072,2.5220301151275635,0.0
2677,0.0,0.0,0.3535533905932738,2.5170862674713135,0.17086255550384521,2.5170862674713135,0.0
2678,0.0,0.0,0.3535533905932738,2.514298439025879,0.14298546314239502,2.514298439025879,0.0
2679,0.0,0.0,0.3535533905932738,2.5153796672821045,0.15379750728607178,2.5153796672821045,0.0
2680,0.0,0.0,0.3535533905932738,2.5214529037475586,0.2145301103591919,2.5214529037475586,0.0
2681,0.0,0.0,0.3535533905932738,2.5163869857788086,0.16387057304382324,2.5163869857788086,0.0
2682,0.0,0.0,0.3535533905932738,2.5175137519836426,0.17513692378997803,2.5175137519836426,0.0
2683,0.0,0.0,0.3535533905932738,2.5142033100128174,0.14203417301177979,2.5142033100128174,0.0
2684,0.0,0.0,0.3535533905932738,2.5157368183135986,0.15736734867095947,2.5157368183135986,0.0
2685,0.0,0.0,0.3535533905932738,2.5161280632019043,0.16128063201904297,2.5161280632019043,0.0
2686,0.0,0.0,0.3535533905932738,2.518033027648926,0.18033051490783691,2.518033027648926,0.0
2687,0.0,0.0,0.3535533905932738,2.520134687423706,0.20134592056274414,2.520134687423706,0.0
2688,0.0,0.0,0.3535533905932738,2.5160117149353027,0.16011810302734375,2.5160117149353027,0.0
2689,0.0,0.0,0.3535533905932738,2.516251564025879,0.16251540184020996,2.516251564025879,0.0
2690,0.0,0.0,0.3535533905932738,2.518183708190918,0.18183600902557373,2.518183708190918,0.0
2691,0.0,0.0,0.3535533905932738,2.5215184688568115,0.21518456935882568,2.5215184688568115,0.0
2692,0.0,0.0,0.3535533905932738,2.5180845260620117,0.18084418773651123,2.5180845260620117,0.0
2693,0.0,0.0,0.3535533905932738,2.518136501312256,0.1813647747039795,2.518136501312256,0.0
2694,0.0,0.0,0.3535533905932738,2.5184504985809326,0.18450510501861572,2.5184504985809326,0.0
2695,0.0,0.0,0.3535533905932738,2.5154645442962646,0.15464580059051514,2.5154645442962646,0.0
2696,0.0,0.0,0.3535533905932738,2.517103910446167,0.17103862762451172,2.517103910446167,0.0
2697,0.0,0.0,0.3535533905932738,2.5119800567626953,0.11980009078979492,2.5119800567626953,0.0
2698,0.0,0.0,0.3535533905932738,2.515711784362793,0.15711867809295654,2.515711784362793,0.0
2699,0.0,0.0,0.3535533905932738,2.5151655673980713,0.15165555477142334,2.5151655673980713,0.0
2700,0.0,0.0,0.3535533905932738,2.5221307277679443,0.2213066816329956,2.5221307277679443,0.0
2701,0.0,0.0,0.3535533905932738,2.5244812965393066,0.24481379985809326,2.5244812965393066,0.0
2702,0.0,0.0,0.3535533905932738,2.5225183963775635,0.225183367729187,2.5225183963775635,0.0
2703,0.0,0.0,0.3535533905932738,2.5156166553497314,0.15616631507873535,2.5156166553497314,0.0
2704,0.0,0.0,0.3535533905932738,2.5179383754730225,0.17938363552093506,2.5179383754730225,0.0
2705,0.0,0.0,0.3535533905932738,2.515409469604492,0.15409457683563232,2.515409469604492,0.0
2706,0.0,0.0,0.3535533905932738,2.522777795791626,0.22777891159057617,2.522777795791626,0.0
2707,0.0,0.0,0.3535533905932738,2.5178165435791016,0.17816495895385742,2.5178165435791016,0.0
2708,0.0,0.0,0.3535533905932738,2.5142972469329834,0.14297235012054443,2.5142972469329834,0.0
2709,0.0,0.0,0.3535533905932738,2.517642021179199,0.1764211654663086,2.517642021179199,0.0
2710,0.0,0.0,0.3535533905932738,2.5165317058563232,0.16531729698181152,2.5165317058563232,0.0
2711,0.0,0.0,0.3535533905932738,2.515988349914551,0.1598823070526123,2.515988349914551,0.0
2712,0.0,0.0,0.3535533905932738,2.511937141418457,0.11937129497528076,2.511937141418457,0.0
2713,0.0,0.0,0.3535533905932738,2.5195534229278564,0.19553446769714355,2.5195534229278564,0.0
2714,0.0,0.0,0.3535533905932738,2.5184528827667236,0.18452894687652588,2.5184528827667236,0.0
2715,0.0,0.0,0.3535533905932738,2.521512746810913,0.21512842178344727,2.521512746810913,0.0
2716,0.0,0.0,0.3535533905932738,2.516213893890381,0.16213929653167725,2.516213893890381,0.0
2717,0.0,0.0,0.3535533905932738,2.5175583362579346,0.1755843162536621,2.5175583362579346,0.0
2718,0.0,0.0,0.3535533905932738,2.5235583782196045,0.23558294773101807,2.5235583782196045,0.0
2719,0.0,0.0,0.3535533905932738,2.5195045471191406,0.1950448751449585,2.5195045471191406,0.0
2720,0.0,0.0,0.3535533905932738,2.520068407058716,0.2006840705871582,2.520068407058716,0.0
2721,0.0,0.0,0.3535533905932738,2.5167229175567627,0.16722989082336426,2.5167229175567627,0.0
2722,0.0,0.0,0.3535533905932738,2.5205438137054443,0.20543920993804932,2.5205438137054443,0.0
2723,0.0,0.0,0.3535533905932738,2.5162525177001953,0.16252434253692627,2.5162525177001953,0.0
2724,0.0,0.0,0.3535533905932738,2.5160930156707764,0.16093015670776367,2.5160930156707764,0.0
2725,0.0,0.0,0.3535533905932738,2.5174264907836914,0.17426550388336182,2.5174264907836914,0.0
2726,0.0,0.0,0.3535533905932738,2.5190746784210205,0.19074738025665283,2.5190746784210205,0.0
2727,0.0,0.0,0.3535533905932738,2.517406702041626,0.17406773567199707,2.517406702041626,0.0
2728,0.0,0.0,0.3535533905932738,2.51812744140625,0.18127334117889404,2.51812744140625,0.0
2729,0.0,0.0,0.3535533905932738,2.5159997940063477,0.15999794006347656,2.5159997940063477,0.0
2730,0.0,0.0,0.3535533905932738,2.520296812057495,0.20296800136566162,2.520296812057495,0.0
2731,0.0,0.0,0.3535533905932738,2.52070689201355,0.2070680856704712,2.52070689201355,0.0
2732,0.0,0.0,0.3535533905932738,2.519012212753296,0.19012176990509033,2.519012212753296,0.0
2733,0.0,0.0,0.3535533905932738,2.513449192047119,0.13449311256408691,2.513449192047119,0.0
2734,0.0,0.0,0.3535533905932738,2.5175514221191406,0.17551517486572266,2.5175514221191406,0.0
2735,0.0,0.0,0.3535533905932738,2.5185728073120117,0.18572759628295898,2.5185728073120117,0.0
2736,0.0,0.0,0.3535533905932738,2.5204200744628906,0.20420002937316895,2.5204200744628906,0.0
2737,0.0,0.0,0.3535533905932738,2.516153573989868,0.1615358591079712,2.516153573989868,0.0
2738,0.0,0.0,0.3535533905932738,2.516666889190674,0.16666960716247559,2.516666889190674,0.0
2739,0.0,0.0,0.3535533905932738,2.517673969268799,0.17673921585083008,2.517673969268799,0.0
2740,0.0,0.0,0.3535533905932738,2.5206990242004395,0.2069910764694214,2.5206990242004395,0.0
2741,0.0,0.0,0.3535533905932738,2.5140421390533447,0.14042210578918457,2.5140421390533447,0.0
2742,0.0,0.0,0.3535533905932738,2.5168275833129883,0.16827607154846191,2.5168275833129883,0.0
2743,0.0,0.0,0.3535533905932738,2.512070417404175,0.12070369720458984,2.512070417404175,0.0
2744,0.0,0.0,0.3535533905932738,2.511518716812134,0.11518716812133789,2.511518716812134,0.0
2745,0.0,0.0,0.3535533905932738,2.521389961242676,0.21389997005462646,2.521389961242676,0.0
2746,0.0,0.0,0.3535533905932738,2.5129189491271973,0.12918925285339355,2.5129189491271973,0.0
2747,0.0,0.0,0.3535533905932738,2.518388509750366,0.18388617038726807,2.518388509750366,0.0
2748,0.0,0.0,0.3535533905932738,2.5207712650299072,0.20771265029907227,2.5207712650299072,0.0
2749,0.0,0.0,0.3535533905932738,2.5194272994995117,0.19427204132080078,2.5194272994995117,0.0
2750,0.0,0.0,0.3535533905932738,2.5161781311035156,0.1617816686630249,2.5161781311035156,0.0
2751,0.0,0.0,0.3535533905932738,2.5133867263793945,0.13386619091033936,2.5133867263793945,0.0
2752,0.0,0.0,0.3535533905932738,2.5141260623931885,0.14126157760620117,2.5141260623931885,0.0
2753,0.0,0.0,0.3535533905932738,2.51418137550354,0.14181315898895264,2.51418137550354,0.0
2754,0.0,0.0,0.3535533905932738,2.5163791179656982,0.16379034519195557,2.5163791179656982,0.0
2755,0.0,0.0,0.3535533905932738,2.518199920654297,0.1819995641708374,2.518199920654297,0.0
2756,0.0,0.0,0.3535533905932738,2.519097089767456,0.19097042083740234,2.519097089767456,0.0
2757,0.0,0.0,0.3535533905932738,2.5214977264404297,0.21497845649719238,2.5214977264404297,0.0
2758,0.0,0.0,0.3535533905932738,2.5210211277008057,0.210210919380188,2.5210211277008057,0.0
2759,0.0,0.0,0.3535533905932738,2.513185501098633,0.13185477256774902,2.513185501098633,0.0
2760,0.0,0.0,0.3535533905932738,2.5206501483917236,0.20650172233581543,2.5206501483917236,0.0
2761,0.0,0.0,0.3535533905932738,2.515317678451538,0.15317678451538086,2.515317678451538,0.0
2762,0.0,0.0,0.3535533905932738,2.5174574851989746,0.17457449436187744,2.5174574851989746,0.0
2763,0.0,0.0,0.3535533905932738,2.521646022796631,0.21646034717559814,2.521646022796631,0.0
2764,0.0,0.0,0.3535533905932738,2.5144612789154053,0.14461290836334229,2.5144612789154053,0.0
2765,0.0,0.0,0.3535533905932738,2.5202720165252686,0.2027195692062378,2.5202720165252686,0.0
2766,0.0,0.0,0.3535533905932738,2.5204343795776367,0.2043449878692627,2.5204343795776367,0.0
2767,0.0,0.0,0.3535533905932738,2.512634038925171,0.12634098529815674,2.512634038925171,0.0
2768,0.0,0.0,0.3535533905932738,2.5145435333251953,0.14543414115905762,2.5145435333251953,0.0
2769,0.0,0.0,0.3535533905932738,2.5169460773468018,0.16945981979370117,2.5169460773468018,0.0
2770,0.0,0.0,0.3535533905932738,2.5163111686706543,0.16311264038085938,2.5163111686706543,0.0
2771,0.0,0.0,0.3535533905932738,2.515770435333252,0.15770328044891357,2.515770435333252,0.0
2772,0.0,0.0,0.3535533905932738,2.525167465209961,0.2516742944717407,2.525167465209961,0.0
2773,0.0,0.0,0.3535533905932738,2.514427900314331,0.14427971839904785,2.514427900314331,0.0
2774,0.0,0.0,0.3535533905932738,2.514313220977783,0.14313197135925293,2.514313220977783,0.0
2775,0.0,0.0,0.3535533905932738,2.517096996307373,0.17097067832946777,2.517096996307373,0.0
2776,0.0,0.0,0.3535533905932738,2.5182175636291504,0.1821765899658203,2.5182175636291504,0.0
2777,0.0,0.0,0.3535533905932738,2.5144758224487305,0.14475810527801514,2.5144758224487305,0.0
2778,0.0,0.0,0.3535533905932738,2.515439033508301,0.1543893814086914,2.515439033508301,0.0
2779,0.0,0.0,0.3535533905932738,2.5136804580688477,0.13680410385131836,2.5136804580688477,0.0
2780,0.0,0.0,0.3535533905932738,2.519365072250366,0.19365167617797852,2.519365072250366,0.0
2781,0.0,0.0,0.3535533905932738,2.516533851623535,0.16533780097961426,2.516533851623535,0.0
2782,0.0,0.0,0.3535533905932738,2.517716407775879,0.1771641969680786,2.517716407775879,0.0
2783,0.0,0.0,0.3535533905932738,2.517285108566284,0.1728513240814209,2.517285108566284,0.0
2784,0.0,0.0,0.3535533905932738,2.5173308849334717,0.1733088493347168,2.5173308849334717,0.0
2785,0.0,0.0,0.3535533905932738,2.515387773513794,0.15387845039367676,2.515387773513794,0.0
2786,0.0,0.0,0.3535533905932738,2.5133724212646484,0.13372302055358887,2.5133724212646484,0.0
2787,0.0,0.0,0.3535533905932738,2.5134263038635254,0.1342637538909912,2.5134263038635254,0.0
2788,0.0,0.0,0.3535533905932738,2.5160257816314697,0.16025829315185547,2.5160257816314697,0.0
2789,0.0,0.0,0.3535533905932738,2.5153050422668457,0.15304923057556152,2.5153050422668457,0.0
2790,0.0,0.0,0.3535533905932738,2.513923406600952,0.13923311233520508,2.513923406600952,0.0
2791,0.0,0.0,0.3535533905932738,2.5130481719970703,0.13048076629638672,2.5130481719970703,0.0
2792,0.0,0.0,0.3535533905932738,2.5158426761627197,0.15842759609222412,2.5158426761627197,0.0
2793,0.0,0.0,0.3535533905932738,2.5165388584136963,0.16538786888122559,2.5165388584136963,0.0
2794,0.0,0.0,0.3535533905932738,2.516522169113159,0.1652209758758545,2.516522169113159,0.0
2795,0.0,0.0,0.3535533905932738,2.5144448280334473,0.14444828033447266,2.5144448280334473,0.0
2796,0.0,0.0,0.3535533905932738,2.518775463104248,0.18775415420532227,2.518775463104248,0.0
2797,0.0,0.0,0.3535533905932738,2.514376640319824,0.14376747608184814,2.514376640319824,0.0
2798,0.0,0.0,0.3535533905932738,2.5161194801330566,0.16119599342346191,2.5161194801330566,0.0
2799,0.0,0.0,0.3535533905932738,2.517289400100708,0.17289388179779053,2.517289400100708,0.0
2800,0.0,0.0,0.3535533905932738,2.5170788764953613,0.17078840732574463,2.5170788764953613,0.0
2801,0.0,0.0,0.3535533905932738,2.518169403076172,0.1816943883895874,2.518169403076172,0.0
2802,0.0,0.0,0.3535533905932738,2.5188651084899902,0.18865060806274414,2.5188651084899902,0.0
2803,0.0,0.0,0.3535533905932738,2.5156972408294678,0.1569727659225464,2.5156972408294678,0.0
2804,0.0,0.0,0.3535533905932738,2.517803907394409,0.1780393123626709,2.517803907394409,0.0
2805,0.0,0.0,0.3535533905932738,2.520599126815796,0.2059922218322754,2.520599126815796,0.0
2806,0.0,0.0,0.3535533905932738,2.520648717880249,0.20648705959320068,2.520648717880249,0.0
2807,0.0,0.0,0.3535533905932738,2.5146443843841553,0.14644324779510498,2.5146443843841553,0.0
2808,0.0,0.0,0.3535533905932738,2.5160698890686035,0.16069841384887695,2.5160698890686035,0.0
2809,0.0,0.0,0.3535533905932738,2.5177834033966064,0.1778346300125122,2.5177834033966064,0.0
2810,0.0,0.0,0.3535533905932738,2.5128509998321533,0.12850940227508545,2.5128509998321533,0.0
2811,0.0,0.0,0.3535533905932738,2.51436448097229,0.1436450481414795,2.51436448097229,0.0
2812,0.0,0.0,0.3535533905932738,2.5141260623931885,0.14126169681549072,2.5141260623931885,0.0
2813,0.0,0.0,0.3535533905932738,2.511239528656006,0.11239492893218994,2.511239528656006,0.0
2814,0.0,0.0,0.3535533905932738,2.5120699405670166,0.12069976329803467,2.5120699405670166,0.0
2815,0.0,0.0,0.3535533905932738,2.516131639480591,0.1613173484802246,2.516131639480591,0.0
2816,0.0,0.0,0.3535533905932738,2.5157721042633057,0.15772199630737305,2.5157721042633057,0.0
2817,0.0,0.0,0.3535533905932738,2.5110843181610107,0.11084294319152832,2.5110843181610107,0.0
2818,0.0,0.0,0.3535533905932738,2.516634225845337,0.1663421392440796,2.516634225845337,0.0
2819,0.0,0.0,0.3535533905932738,2.51607346534729,0.1607341766357422,2.51607346534729,0.0
2820,0.0,0.0,0.3535533905932738,2.5169155597686768,0.16915571689605713,2.5169155597686768,0.0
2821,0.0,0.0,0.3535533905932738,2.5186212062835693,0.186212420463562,2.5186212062835693,0.0
2822,0.0,0.0,0.3535533905932738,2.5186898708343506,0.18689978122711182,2.5186898708343506,0.0
2823,0.0,0.0,0.3535533905932738,2.5134663581848145,0.13466286659240723,2.5134663581848145,0.0
2824,0.0,0.0,0.3535533905932738,2.516364812850952,0.16364765167236328,2.516364812850952,0.0
2825,0.0,0.0,0.3535533905932738,2.516055107116699,0.1605513095855713,2.516055107116699,0.0
2826,0.0,0.0,0.3535533905932738,2.5180375576019287,0.18037593364715576,2.5180375576019287,0.0
2827,0.0,0.0,0.3535533905932738,2.516278028488159,0.16278016567230225,2.516278028488159,0.0
2828,0.0,0.0,0.3535533905932738,2.514756202697754,0.1475614309310913,2.514756202697754,0.0
2829,0.0,0.0,0.3535533905932738,2.519169807434082,0.19169831275939941,2.519169807434082,0.0
2830,0.0,0.0,0.3535533905932738,2.518646717071533,0.18646752834320068,2.518646717071533,0.0
2831,0.0,0.0,0.3535533905932738,2.518296480178833,0.18296551704406738,2.518296480178833,0.0
2832,0.0,0.0,0.3535533905932738,2.5139594078063965,0.1395934820175171,2.5139594078063965,0.0
2833,0.0,0.0,0.3535533905932738,2.511554718017578,0.11554610729217529,2.511554718017578,0.0
2834,0.0,0.0,0.3535533905932738,2.5143799781799316,0.14379894733428955,2.5143799781799316,0.0
2835,0.0,0.0,0.3535533905932738,2.5143604278564453,0.14360523223876953,2.5143604278564453,0.0
2836,0.0,0.0,0.3535533905932738,2.5158274173736572,0.15827429294586182,2.5158274173736572,0.0
2837,0.0,0.0,0.3535533905932738,2.5160880088806152,0.16087961196899414,2.5160880088806152,0.0
2838,0.0,0.0,0.3535533905932738,2.5161356925964355,0.16135680675506592,2.5161356925964355,0.0
2839,0.0,0.0,0.3535533905932738,2.514200448989868,0.14200353622436523,2.514200448989868,0.0
2840,0.0,0.0,0.3535533905932738,2.5146327018737793,0.14632654190063477,2.5146327018737793,0.0
2841,0.0,0.0,0.3535533905932738,2.5161595344543457,0.1615961790084839,2.5161595344543457,0.0
2842,0.0,0.0,0.3535533905932738,2.515247344970703,0.1524745225906372,2.515247344970703,0.0
2843,0.0,0.0,0.3535533905932738,2.515939950942993,0.15939927101135254,2.515939950942993,0.0
2844,0.0,0.0,0.3535533905932738,2.519338846206665,0.1933894157409668,2.519338846206665,0.0
2845,0.0,0.0,0.3535533905932738,2.514627695083618,0.14627766609191895,2.514627695083618,0.0
2846,0.0,0.0,0.3535533905932738,2.517207145690918,0.17207252979278564,2.517207145690918,0.0
2847,0.0,0.0,0.3535533905932738,2.518770694732666,0.18770647048950195,2.518770694732666,0.0
2848,0.0,0.0,0.3535533905932738,2.5164108276367188,0.16410744190216064,2.5164108276367188,0.0
2849,0.0,0.0,0.3535533905932738,2.5160789489746094,0.1607903242111206,2.5160789489746094,0.0
