0,87.85499572753906,1.1333333253860474,0.24438449707774149,6166.4599609375,1.543935775756836,6166.4599609375,0.1769533836918639
1,0.0,0.0,0.1767766952966369,2501.554443359375,1.554424524307251,2501.554443359375,0.1769533836918639
2,0.0,0.0,0.1767766952966369,2501.5498046875,1.5498157739639282,2501.5498046875,0.1769533836918639
3,0.0,0.0,0.1767766952966369,2501.5458984375,1.5458403825759888,2501.5458984375,0.1769533836918639
4,0.0,0.0,0.1767766952966369,2501.55322265625,1.5531916618347168,2501.55322265625,0.1769533836918639
5,0.0,0.0,0.1767766952966369,2501.545166015625,1.5451233386993408,2501.545166015625,0.1769533836918639
6,0.0,0.0,0.1767766952966369,2501.5498046875,1.5497241020202637,2501.5498046875,0.1769533836918639
7,0.0,0.0,0.1767766952966369,2501.554931640625,1.5549615621566772,2501.554931640625,0.1769533836918639
8,0.0,0.0,0.1767766952966369,2501.54833984375,1.5483921766281128,2501.54833984375,0.1769533836918639
9,0.0,0.0,0.1767766952966369,2501.549072265625,1.5490893125534058,2501.549072265625,0.1769533836918639
10,0.0,0.0,0.1767766952966369,2501.54638671875,1.5463765859603882,2501.54638671875,0.1769533836918639
11,0.0,0.0,0.1767766952966369,2501.55712890625,1.557215690612793,2501.55712890625,0.1769533836918639
12,0.0,0.0,0.1767766952966369,2501.558349609375,1.5583932399749756,2501.558349609375,0.1769533836918639
13,0.0,0.0,0.1767766952966369,2501.54443359375,1.5444635152816772,2501.54443359375,0.1769533836918639
14,0.0,0.0,0.1767766952966369,2501.554931640625,1.5550248622894287,2501.554931640625,0.1769533836918639
15,0.0,0.0,0.1767766952966369,2501.556640625,1.5567501783370972,2501.556640625,0.1769533836918639
16,0.0,0.0,0.1767766952966369,2501.55810546875,1.558037519454956,2501.55810546875,0.1769533836918639
17,0.0,0.0,0.1767766952966369,2501.5517578125,1.551794409751892,2501.5517578125,0.1769533836918639
18,0.0,0.0,0.1767766952966369,2501.545166015625,1.5451912879943848,2501.545166015625,0.1769533836918639
19,0.0,0.0,0.1767766952966369,2501.546630859375,1.5466052293777466,2501.546630859375,0.1769533836918639
20,0.0,0.0,0.1767766952966369,2501.556396484375,1.5563783645629883,2501.556396484375,0.1769533836918639
21,0.0,0.0,0.1767766952966369,2501.54736328125,1.5472689867019653,2501.54736328125,0.1769533836918639
22,0.0,0.0,0.1767766952966369,2501.544921875,1.5450170040130615,2501.544921875,0.1769533836918639
23,0.0,0.0,0.1767766952966369,2501.54833984375,1.5482498407363892,2501.54833984375,0.1769533836918639
24,0.0,0.0,0.1767766952966369,2501.556640625,1.5565986633300781,2501.556640625,0.1769533836918639
25,0.0,0.0,0.1767766952966369,2501.556396484375,1.556298017501831,2501.556396484375,0.1769533836918639
26,0.0,0.0,0.1767766952966369,2501.556396484375,1.5564247369766235,2501.556396484375,0.1769533836918639
27,0.0,0.0,0.1767766952966369,2501.5576171875,1.5576655864715576,2501.5576171875,0.1769533836918639
28,0.0,0.0,0.1767766952966369,2501.554931640625,1.5549440383911133,2501.554931640625,0.1769533836918639
29,0.0,0.0,0.1767766952966369,2501.5537109375,1.5536892414093018,2501.5537109375,0.1769533836918639
30,0.0,0.0,0.1767766952966369,2501.54931640625,1.5493239164352417,2501.54931640625,0.1769533836918639
31,0.0,0.0,0.1767766952966369,2501.55029296875,1.5502780675888062,2501.55029296875,0.1769533836918639
32,0.0,0.0,0.1767766952966369,2501.552978515625,1.553004264831543,2501.552978515625,0.1769533836918639
33,0.0,0.0,0.1767766952966369,2501.55615234375,1.5562305450439453,2501.55615234375,0.1769533836918639
34,0.0,0.0,0.1767766952966369,2501.552734375,1.5527061223983765,2501.552734375,0.1769533836918639
35,0.0,0.0,0.1767766952966369,2501.556640625,1.5567543506622314,2501.556640625,0.1769533836918639
36,0.0,0.0,0.1767766952966369,2501.553466796875,1.5534478425979614,2501.553466796875,0.1769533836918639
37,0.0,0.0,0.1767766952966369,2501.546142578125,1.5461585521697998,2501.546142578125,0.1769533836918639
38,0.0,0.0,0.1767766952966369,2501.55029296875,1.5503771305084229,2501.55029296875,0.1769533836918639
39,0.0,0.0,0.1767766952966369,2501.557861328125,1.5577529668807983,2501.557861328125,0.1769533836918639
40,0.0,0.0,0.1767766952966369,2501.545166015625,1.545231819152832,2501.545166015625,0.1769533836918639
41,0.0,0.0,0.1767766952966369,2501.5537109375,1.5536519289016724,2501.5537109375,0.1769533836918639
42,0.0,0.0,0.1767766952966369,2501.554931640625,1.5548592805862427,2501.554931640625,0.1769533836918639
43,0.0,0.0,0.1767766952966369,2501.556640625,1.5566613674163818,2501.556640625,0.1769533836918639
44,0.0,0.0,0.1767766952966369,2501.5634765625,1.5635035037994385,2501.5634765625,0.1769533836918639
45,0.0,0.0,0.1767766952966369,2501.552978515625,1.552974820137024,2501.552978515625,0.1769533836918639
46,0.0,0.0,0.1767766952966369,2501.55517578125,1.5552504062652588,2501.55517578125,0.1769533836918639
47,0.0,0.0,0.1767766952966369,2501.54150390625,1.5415854454040527,2501.54150390625,0.1769533836918639
48,0.0,0.0,0.1767766952966369,2501.552734375,1.5527195930480957,2501.552734375,0.1769533836918639
49,0.0,0.0,0.1767766952966369,2501.552734375,1.5528351068496704,2501.552734375,0.1769533836918639
50,0.0,0.0,0.1767766952966369,2501.553466796875,1.553445816040039,2501.553466796875,0.1769533836918639
51,0.0,0.0,0.1767766952966369,2501.553955078125,1.553943395614624,2501.553955078125,0.1769533836918639
52,0.0,0.0,0.1767766952966369,2501.548095703125,1.5481131076812744,2501.548095703125,0.1769533836918639
53,0.0,0.0,0.1767766952966369,2501.555419921875,1.5553010702133179,2501.555419921875,0.1769533836918639
54,0.0,0.0,0.1767766952966369,2501.552734375,1.5526375770568848,2501.552734375,0.1769533836918639
55,0.0,0.0,0.1767766952966369,2501.55615234375,1.5561577081680298,2501.55615234375,0.1769533836918639
56,0.0,0.0,0.1767766952966369,2501.55517578125,1.5551769733428955,2501.55517578125,0.1769533836918639
57,0.0,0.0,0.1767766952966369,2501.540771484375,1.5406885147094727,2501.540771484375,0.1769533836918639
58,0.0,0.0,0.1767766952966369,2501.55419921875,1.5541893243789673,2501.55419921875,0.1769533836918639
59,0.0,0.0,0.1767766952966369,2501.540771484375,1.5408525466918945,2501.540771484375,0.1769533836918639
60,0.0,0.0,0.1767766952966369,2501.552734375,1.5526431798934937,2501.552734375,0.1769533836918639
61,0.0,0.0,0.1767766952966369,2501.552978515625,1.553098440170288,2501.552978515625,0.1769533836918639
62,0.0,0.0,0.1767766952966369,2501.553466796875,1.5534340143203735,2501.553466796875,0.1769533836918639
63,0.0,0.0,0.1767766952966369,2501.554443359375,1.5543302297592163,2501.554443359375,0.1769533836918639
64,0.0,0.0,0.1767766952966369,2501.543701171875,1.5437872409820557,2501.543701171875,0.1769533836918639
65,0.0,0.0,0.1767766952966369,2501.54638671875,1.5463751554489136,2501.54638671875,0.1769533836918639
66,0.0,0.0,0.1767766952966369,2501.551025390625,1.5509251356124878,2501.551025390625,0.1769533836918639
67,0.0,0.0,0.1767766952966369,2501.559326171875,1.5593369007110596,2501.559326171875,0.1769533836918639
68,0.0,0.0,0.1767766952966369,2501.547607421875,1.5475605726242065,2501.547607421875,0.1769533836918639
69,0.0,0.0,0.1767766952966369,2501.55078125,1.5507413148880005,2501.55078125,0.1769533836918639
70,0.0,0.0,0.1767766952966369,2501.560791015625,1.5607105493545532,2501.560791015625,0.1769533836918639
71,0.0,0.0,0.1767766952966369,2501.551025390625,1.5511248111724854,2501.551025390625,0.1769533836918639
72,0.0,0.0,0.1767766952966369,2501.54296875,1.5429104566574097,2501.54296875,0.1769533836918639
73,0.0,0.0,0.1767766952966369,2501.550537109375,1.5505443811416626,2501.550537109375,0.1769533836918639
74,0.0,0.0,0.1767766952966369,2501.555419921875,1.5554624795913696,2501.555419921875,0.1769533836918639
75,0.0,0.0,0.1767766952966369,2501.5458984375,1.5458534955978394,2501.5458984375,0.1769533836918639
76,0.0,0.0,0.1767766952966369,2501.55029296875,1.550216794013977,2501.55029296875,0.1769533836918639
77,0.0,0.0,0.1767766952966369,2501.55615234375,1.556057333946228,2501.55615234375,0.1769533836918639
78,0.0,0.0,0.1767766952966369,2501.553955078125,1.5539648532867432,2501.553955078125,0.1769533836918639
79,0.0,0.0,0.1767766952966369,2501.556884765625,1.5569064617156982,2501.556884765625,0.1769533836918639
80,0.0,0.0,0.1767766952966369,2501.552001953125,1.5519936084747314,2501.552001953125,0.1769533836918639
81,0.0,0.0,0.1767766952966369,2501.553955078125,1.55397367477417,2501.553955078125,0.1769533836918639
82,0.0,0.0,0.1767766952966369,2501.5556640625,1.555609107017517,2501.5556640625,0.1769533836918639
83,0.0,0.0,0.1767766952966369,2501.553466796875,1.5535808801651,2501.553466796875,0.1769533836918639
84,0.0,0.0,0.1767766952966369,2501.55419921875,1.5542669296264648,2501.55419921875,0.1769533836918639
85,0.0,0.0,0.1767766952966369,2501.556884765625,1.5568106174468994,2501.556884765625,0.1769533836918639
86,0.0,0.0,0.1767766952966369,2501.553955078125,1.5538896322250366,2501.553955078125,0.1769533836918639
87,0.0,0.0,0.1767766952966369,2501.556640625,1.5566761493682861,2501.556640625,0.1769533836918639
88,0.0,0.0,0.1767766952966369,2501.5654296875,1.5654990673065186,2501.5654296875,0.1769533836918639
89,0.0,0.0,0.1767766952966369,2501.558837890625,1.5589231252670288,2501.558837890625,0.1769533836918639
90,0.0,0.0,0.1767766952966369,2501.551025390625,1.5509626865386963,2501.551025390625,0.1769533836918639
91,0.0,0.0,0.1767766952966369,2501.548583984375,1.5484826564788818,2501.548583984375,0.1769533836918639
92,0.0,0.0,0.1767766952966369,2501.545654296875,1.5457537174224854,2501.545654296875,0.1769533836918639
93,0.0,0.0,0.1767766952966369,2501.55419921875,1.554225206375122,2501.55419921875,0.1769533836918639
94,0.0,0.0,0.1767766952966369,2501.544189453125,1.5441257953643799,2501.544189453125,0.1769533836918639
95,0.0,0.0,0.1767766952966369,2501.556640625,1.5566086769104004,2501.556640625,0.1769533836918639
96,0.0,0.0,0.1767766952966369,2501.551025390625,1.5509939193725586,2501.551025390625,0.1769533836918639
97,0.0,0.0,0.1767766952966369,2501.555419921875,1.5553016662597656,2501.555419921875,0.1769533836918639
98,0.0,0.0,0.1767766952966369,2501.554443359375,1.5543663501739502,2501.554443359375,0.1769533836918639
99,0.0,0.0,0.1767766952966369,2501.55078125,1.550662875175476,2501.55078125,0.1769533836918639
100,0.0,0.0,0.1767766952966369,2501.55322265625,1.5533413887023926,2501.55322265625,0.1769533836918639
101,0.0,0.0,0.1767766952966369,2501.5478515625,1.5477557182312012,2501.5478515625,0.1769533836918639
102,0.0,0.0,0.1767766952966369,2501.564453125,1.5644946098327637,2501.564453125,0.1769533836918639
103,0.0,0.0,0.1767766952966369,2501.55078125,1.5507221221923828,2501.55078125,0.1769533836918639
104,0.0,0.0,0.1767766952966369,2501.5498046875,1.549720287322998,2501.5498046875,0.1769533836918639
105,0.0,0.0,0.1767766952966369,2501.540283203125,1.5402522087097168,2501.540283203125,0.1769533836918639
106,0.0,0.0,0.1767766952966369,2501.5537109375,1.553609848022461,2501.5537109375,0.1769533836918639
107,0.0,0.0,0.1767766952966369,2501.554931640625,1.5549811124801636,2501.554931640625,0.1769533836918639
108,0.0,0.0,0.1767766952966369,2501.5517578125,1.5517098903656006,2501.5517578125,0.1769533836918639
109,0.0,0.0,0.1767766952966369,2501.551513671875,1.5515049695968628,2501.551513671875,0.1769533836918639
110,0.0,0.0,0.1767766952966369,2501.55126953125,1.5511499643325806,2501.55126953125,0.1769533836918639
111,0.0,0.0,0.1767766952966369,2501.559814453125,1.5598721504211426,2501.559814453125,0.1769533836918639
112,0.0,0.0,0.1767766952966369,2501.5537109375,1.5537540912628174,2501.5537109375,0.1769533836918639
113,0.0,0.0,0.1767766952966369,2501.546875,1.5467923879623413,2501.546875,0.1769533836918639
114,0.0,0.0,0.1767766952966369,2501.55029296875,1.5502921342849731,2501.55029296875,0.1769533836918639
115,0.0,0.0,0.1767766952966369,2501.551513671875,1.551540493965149,2501.551513671875,0.1769533836918639
116,0.0,0.0,0.1767766952966369,2501.5517578125,1.551817536354065,2501.5517578125,0.1769533836918639
117,0.0,0.0,0.1767766952966369,2501.5556640625,1.555779218673706,2501.5556640625,0.1769533836918639
118,0.0,0.0,0.1767766952966369,2501.547119140625,1.5472331047058105,2501.547119140625,0.1769533836918639
119,0.0,0.0,0.1767766952966369,2501.55810546875,1.558190941810608,2501.55810546875,0.1769533836918639
120,0.0,0.0,0.1767766952966369,2501.549072265625,1.548974633216858,2501.549072265625,0.1769533836918639
121,0.0,0.0,0.1767766952966369,2501.5537109375,1.5536314249038696,2501.5537109375,0.1769533836918639
122,0.0,0.0,0.1767766952966369,2501.548583984375,1.5486465692520142,2501.548583984375,0.1769533836918639
123,0.0,0.0,0.1767766952966369,2501.546875,1.5469096899032593,2501.546875,0.1769533836918639
124,0.0,0.0,0.1767766952966369,2501.559326171875,1.559380292892456,2501.559326171875,0.1769533836918639
125,0.0,0.0,0.1767766952966369,2501.553955078125,1.55385160446167,2501.553955078125,0.1769533836918639
126,0.0,0.0,0.1767766952966369,2501.544189453125,1.5443086624145508,2501.544189453125,0.1769533836918639
127,0.0,0.0,0.1767766952966369,2501.5625,1.5624357461929321,2501.5625,0.1769533836918639
128,0.0,0.0,0.1767766952966369,2501.5478515625,1.5479415655136108,2501.5478515625,0.1769533836918639
129,0.0,0.0,0.1767766952966369,2501.549072265625,1.5490491390228271,2501.549072265625,0.1769533836918639
130,0.0,0.0,0.1767766952966369,2501.546630859375,1.546538233757019,2501.546630859375,0.1769533836918639
131,0.0,0.0,0.1767766952966369,2501.550048828125,1.5501134395599365,2501.550048828125,0.1769533836918639
132,0.0,0.0,0.1767766952966369,2501.552001953125,1.5520063638687134,2501.552001953125,0.1769533836918639
133,0.0,0.0,0.1767766952966369,2501.54736328125,1.5473237037658691,2501.54736328125,0.1769533836918639
134,0.0,0.0,0.1767766952966369,2501.5458984375,1.5458847284317017,2501.5458984375,0.1769533836918639
135,0.0,0.0,0.1767766952966369,2501.549072265625,1.5490721464157104,2501.549072265625,0.1769533836918639
136,0.0,0.0,0.1767766952966369,2501.5498046875,1.549763798713684,2501.5498046875,0.1769533836918639
137,0.0,0.0,0.1767766952966369,2501.54736328125,1.5472538471221924,2501.54736328125,0.1769533836918639
138,0.0,0.0,0.1767766952966369,2501.559326171875,1.5594244003295898,2501.559326171875,0.1769533836918639
139,0.0,0.0,0.1767766952966369,2501.553955078125,1.554068922996521,2501.553955078125,0.1769533836918639
140,0.0,0.0,0.1767766952966369,2501.547607421875,1.5477094650268555,2501.547607421875,0.1769533836918639
141,0.0,0.0,0.1767766952966369,2501.542724609375,1.5426303148269653,2501.542724609375,0.1769533836918639
142,0.0,0.0,0.1767766952966369,2501.561279296875,1.5613398551940918,2501.561279296875,0.1769533836918639
143,0.0,0.0,0.1767766952966369,2501.5517578125,1.5518770217895508,2501.5517578125,0.1769533836918639
144,0.0,0.0,0.1767766952966369,2501.548828125,1.5488348007202148,2501.548828125,0.1769533836918639
145,0.0,0.0,0.1767766952966369,2501.552001953125,1.5519992113113403,2501.552001953125,0.1769533836918639
146,0.0,0.0,0.1767766952966369,2501.54443359375,1.5444905757904053,2501.54443359375,0.1769533836918639
147,0.0,0.0,0.1767766952966369,2501.547119140625,1.5471440553665161,2501.547119140625,0.1769533836918639
148,0.0,0.0,0.1767766952966369,2501.54931640625,1.5493310689926147,2501.54931640625,0.1769533836918639
149,0.0,0.0,0.1767766952966369,2501.5546875,1.5546410083770752,2501.5546875,0.1769533836918639
150,0.0,0.0,0.1767766952966369,2501.549072265625,1.5489505529403687,2501.549072265625,0.1769533836918639
151,0.0,0.0,0.1767766952966369,2501.551025390625,1.5510611534118652,2501.551025390625,0.1769533836918639
152,0.0,0.0,0.1767766952966369,2501.552734375,1.5527304410934448,2501.552734375,0.1769533836918639
153,0.0,0.0,0.1767766952966369,2501.55126953125,1.551161766052246,2501.55126953125,0.1769533836918639
154,0.0,0.0,0.1767766952966369,2501.559326171875,1.5592719316482544,2501.559326171875,0.1769533836918639
155,0.0,0.0,0.1767766952966369,2501.5546875,1.5546188354492188,2501.5546875,0.1769533836918639
156,0.0,0.0,0.1767766952966369,2501.552490234375,1.5525240898132324,2501.552490234375,0.1769533836918639
157,0.0,0.0,0.1767766952966369,2501.550537109375,1.5504543781280518,2501.550537109375,0.1769533836918639
158,0.0,0.0,0.1767766952966369,2501.553466796875,1.5533723831176758,2501.553466796875,0.1769533836918639
159,0.0,0.0,0.1767766952966369,2501.546875,1.546764612197876,2501.546875,0.1769533836918639
160,0.0,0.0,0.1767766952966369,2501.5458984375,1.5459778308868408,2501.5458984375,0.1769533836918639
161,0.0,0.0,0.1767766952966369,2501.552734375,1.552716851234436,2501.552734375,0.1769533836918639
162,0.0,0.0,0.1767766952966369,2501.552734375,1.5526180267333984,2501.552734375,0.1769533836918639
163,0.0,0.0,0.1767766952966369,2501.5498046875,1.549862265586853,2501.5498046875,0.1769533836918639
164,0.0,0.0,0.1767766952966369,2501.55615234375,1.5560986995697021,2501.55615234375,0.1769533836918639
165,0.0,0.0,0.1767766952966369,2501.56201171875,1.5619776248931885,2501.56201171875,0.1769533836918639
166,0.0,0.0,0.1767766952966369,2501.550537109375,1.550555944442749,2501.550537109375,0.1769533836918639
167,0.0,0.0,0.1767766952966369,2501.546630859375,1.546527624130249,2501.546630859375,0.1769533836918639
168,0.0,0.0,0.1767766952966369,2501.55517578125,1.555207371711731,2501.55517578125,0.1769533836918639
169,0.0,0.0,0.1767766952966369,2501.538330078125,1.5382353067398071,2501.538330078125,0.1769533836918639
170,0.0,0.0,0.1767766952966369,2501.543212890625,1.5431798696517944,2501.543212890625,0.1769533836918639
171,0.0,0.0,0.1767766952966369,2501.554931640625,1.5549267530441284,2501.554931640625,0.1769533836918639
172,0.0,0.0,0.1767766952966369,2501.557373046875,1.557274341583252,2501.557373046875,0.1769533836918639
173,0.0,0.0,0.1767766952966369,2501.55517578125,1.5551759004592896,2501.55517578125,0.1769533836918639
174,0.0,0.0,0.1767766952966369,2501.549072265625,1.5489786863327026,2501.549072265625,0.1769533836918639
175,0.0,0.0,0.1767766952966369,2501.554931640625,1.5549943447113037,2501.554931640625,0.1769533836918639
176,0.0,0.0,0.1767766952966369,2501.542724609375,1.5426771640777588,2501.542724609375,0.1769533836918639
177,0.0,0.0,0.1767766952966369,2501.541259765625,1.5413349866867065,2501.541259765625,0.1769533836918639
178,0.0,0.0,0.1767766952966369,2501.5390625,1.5391401052474976,2501.5390625,0.1769533836918639
179,0.0,0.0,0.1767766952966369,2501.550048828125,1.5500297546386719,2501.550048828125,0.1769533836918639
180,0.0,0.0,0.1767766952966369,2501.552001953125,1.5518964529037476,2501.552001953125,0.1769533836918639
181,0.0,0.0,0.1767766952966369,2501.557861328125,1.5579023361206055,2501.557861328125,0.1769533836918639
182,0.0,0.0,0.1767766952966369,2501.547119140625,1.5472122430801392,2501.547119140625,0.1769533836918639
183,0.0,0.0,0.1767766952966369,2501.552490234375,1.5523924827575684,2501.552490234375,0.1769533836918639
184,0.0,0.0,0.1767766952966369,2501.54833984375,1.5483912229537964,2501.54833984375,0.1769533836918639
185,0.0,0.0,0.1767766952966369,2501.544921875,1.544899344444275,2501.544921875,0.1769533836918639
186,0.0,0.0,0.1767766952966369,2501.548828125,1.5487868785858154,2501.548828125,0.1769533836918639
187,0.0,0.0,0.1767766952966369,2501.556396484375,1.5563890933990479,2501.556396484375,0.1769533836918639
188,0.0,0.0,0.1767766952966369,2501.543701171875,1.5437718629837036,2501.543701171875,0.1769533836918639
189,0.0,0.0,0.1767766952966369,2501.546630859375,1.5466153621673584,2501.546630859375,0.1769533836918639
190,0.0,0.0,0.1767766952966369,2501.548095703125,1.5479899644851685,2501.548095703125,0.1769533836918639
191,0.0,0.0,0.1767766952966369,2501.558349609375,1.5583884716033936,2501.558349609375,0.1769533836918639
192,0.0,0.0,0.1767766952966369,2501.55517578125,1.5551652908325195,2501.55517578125,0.1769533836918639
193,0.0,0.0,0.1767766952966369,2501.545654296875,1.5456377267837524,2501.545654296875,0.1769533836918639
194,0.0,0.0,0.1767766952966369,2501.560302734375,1.5603229999542236,2501.560302734375,0.1769533836918639
195,0.0,0.0,0.1767766952966369,2501.552734375,1.5526641607284546,2501.552734375,0.1769533836918639
196,0.0,0.0,0.1767766952966369,2501.55712890625,1.5571717023849487,2501.55712890625,0.1769533836918639
197,0.0,0.0,0.1767766952966369,2501.549072265625,1.5491586923599243,2501.549072265625,0.1769533836918639
198,0.0,0.0,0.1767766952966369,2501.546142578125,1.5462483167648315,2501.546142578125,0.1769533836918639
199,0.0,0.0,0.1767766952966369,2501.548095703125,1.5480066537857056,2501.548095703125,0.1769533836918639
200,0.0,0.0,0.1767766952966369,2501.54931640625,1.5493046045303345,2501.54931640625,0.1769533836918639
201,0.0,0.0,0.1767766952966369,2501.55859375,1.5586670637130737,2501.55859375,0.1769533836918639
202,0.0,0.0,0.1767766952966369,2501.546875,1.54683518409729,2501.546875,0.1769533836918639
203,0.0,0.0,0.1767766952966369,2501.538818359375,1.5388604402542114,2501.538818359375,0.1769533836918639
204,0.0,0.0,0.1767766952966369,2501.546630859375,1.5465588569641113,2501.546630859375,0.1769533836918639
205,0.0,0.0,0.1767766952966369,2501.55419921875,1.5541003942489624,2501.55419921875,0.1769533836918639
206,0.0,0.0,0.1767766952966369,2501.54541015625,1.5453239679336548,2501.54541015625,0.1769533836918639
207,0.0,0.0,0.1767766952966369,2501.55029296875,1.5503113269805908,2501.55029296875,0.1769533836918639
208,0.0,0.0,0.1767766952966369,2501.550048828125,1.5499663352966309,2501.550048828125,0.1769533836918639
209,0.0,0.0,0.1767766952966369,2501.55419921875,1.5542302131652832,2501.55419921875,0.1769533836918639
210,0.0,0.0,0.1767766952966369,2501.553955078125,1.5539711713790894,2501.553955078125,0.1769533836918639
211,0.0,0.0,0.1767766952966369,2501.548095703125,1.5481129884719849,2501.548095703125,0.1769533836918639
212,0.0,0.0,0.1767766952966369,2501.536865234375,1.5367822647094727,2501.536865234375,0.1769533836918639
213,0.0,0.0,0.1767766952966369,2501.5556640625,1.555633544921875,2501.5556640625,0.1769533836918639
214,0.0,0.0,0.1767766952966369,2501.54931640625,1.549423098564148,2501.54931640625,0.1769533836918639
215,0.0,0.0,0.1767766952966369,2501.54931640625,1.5492632389068604,2501.54931640625,0.1769533836918639
216,0.0,0.0,0.1767766952966369,2501.55029296875,1.5503966808319092,2501.55029296875,0.1769533836918639
217,0.0,0.0,0.1767766952966369,2501.5390625,1.5391217470169067,2501.5390625,0.1769533836918639
218,0.0,0.0,0.1767766952966369,2501.5439453125,1.5438461303710938,2501.5439453125,0.1769533836918639
219,0.0,0.0,0.1767766952966369,2501.545166015625,1.5450947284698486,2501.545166015625,0.1769533836918639
220,0.0,0.0,0.1767766952966369,2501.552001953125,1.552067518234253,2501.552001953125,0.1769533836918639
221,0.0,0.0,0.1767766952966369,2501.556884765625,1.5567930936813354,2501.556884765625,0.1769533836918639
222,0.0,0.0,0.1767766952966369,2501.546142578125,1.5462350845336914,2501.546142578125,0.1769533836918639
223,0.0,0.0,0.1767766952966369,2501.551025390625,1.5509936809539795,2501.551025390625,0.1769533836918639
224,0.0,0.0,0.1767766952966369,2501.552001953125,1.5520991086959839,2501.552001953125,0.1769533836918639
225,0.0,0.0,0.1767766952966369,2501.548583984375,1.5486130714416504,2501.548583984375,0.1769533836918639
226,0.0,0.0,0.1767766952966369,2501.545654296875,1.5456211566925049,2501.545654296875,0.1769533836918639
227,0.0,0.0,0.1767766952966369,2501.554931640625,1.5548814535140991,2501.554931640625,0.1769533836918639
228,0.0,0.0,0.1767766952966369,2501.554931640625,1.554809808731079,2501.554931640625,0.1769533836918639
229,0.0,0.0,0.1767766952966369,2501.557861328125,1.5579060316085815,2501.557861328125,0.1769533836918639
230,0.0,0.0,0.1767766952966369,2501.54931640625,1.549301266670227,2501.54931640625,0.1769533836918639
231,0.0,0.0,0.1767766952966369,2501.550048828125,1.5499632358551025,2501.550048828125,0.1769533836918639
232,0.0,0.0,0.1767766952966369,2501.555908203125,1.5558161735534668,2501.555908203125,0.1769533836918639
233,0.0,0.0,0.1767766952966369,2501.548583984375,1.5486316680908203,2501.548583984375,0.1769533836918639
234,0.0,0.0,0.1767766952966369,2501.552001953125,1.552037239074707,2501.552001953125,0.1769533836918639
235,0.0,0.0,0.1767766952966369,2501.54931640625,1.5492401123046875,2501.54931640625,0.1769533836918639
236,0.0,0.0,0.1767766952966369,2501.55078125,1.550824522972107,2501.55078125,0.1769533836918639
237,0.0,0.0,0.1767766952966369,2501.553955078125,1.5539765357971191,2501.553955078125,0.1769533836918639
238,0.0,0.0,0.1767766952966369,2501.549560546875,1.549622654914856,2501.549560546875,0.1769533836918639
239,0.0,0.0,0.1767766952966369,2501.5458984375,1.545843243598938,2501.5458984375,0.1769533836918639
240,0.0,0.0,0.1767766952966369,2501.550537109375,1.5504900217056274,2501.550537109375,0.1769533836918639
241,0.0,0.0,0.1767766952966369,2501.555419921875,1.5553606748580933,2501.555419921875,0.1769533836918639
242,0.0,0.0,0.1767766952966369,2501.54931640625,1.5493004322052002,2501.54931640625,0.1769533836918639
243,0.0,0.0,0.1767766952966369,2501.5458984375,1.5459858179092407,2501.5458984375,0.1769533836918639
244,0.0,0.0,0.1767766952966369,2501.552001953125,1.551881194114685,2501.552001953125,0.1769533836918639
245,0.0,0.0,0.1767766952966369,2501.55419921875,1.554150938987732,2501.55419921875,0.1769533836918639
246,0.0,0.0,0.1767766952966369,2501.558349609375,1.5582692623138428,2501.558349609375,0.1769533836918639
247,0.0,0.0,0.1767766952966369,2501.552734375,1.5527287721633911,2501.552734375,0.1769533836918639
248,0.0,0.0,0.1767766952966369,2501.553955078125,1.5539356470108032,2501.553955078125,0.1769533836918639
249,0.0,0.0,0.1767766952966369,2501.5556640625,1.5557034015655518,2501.5556640625,0.1769533836918639
250,0.0,0.0,0.1767766952966369,2501.548583984375,1.5484739542007446,2501.548583984375,0.1769533836918639
251,0.0,0.0,0.1767766952966369,2501.558837890625,1.558862566947937,2501.558837890625,0.1769533836918639
252,0.0,0.0,0.1767766952966369,2501.55126953125,1.5511503219604492,2501.55126953125,0.1769533836918639
253,0.0,0.0,0.1767766952966369,2501.561279296875,1.561389684677124,2501.561279296875,0.1769533836918639
254,0.0,0.0,0.1767766952966369,2501.5615234375,1.561493992805481,2501.5615234375,0.1769533836918639
255,0.0,0.0,0.1767766952966369,2501.542724609375,1.542716145515442,2501.542724609375,0.1769533836918639
256,0.0,0.0,0.1767766952966369,2501.555419921875,1.555375099182129,2501.555419921875,0.1769533836918639
257,0.0,0.0,0.1767766952966369,2501.553466796875,1.5534571409225464,2501.553466796875,0.1769533836918639
258,0.0,0.0,0.1767766952966369,2501.552490234375,1.5524169206619263,2501.552490234375,0.1769533836918639
259,0.0,0.0,0.1767766952966369,2501.55419921875,1.554190754890442,2501.55419921875,0.1769533836918639
260,0.0,0.0,0.1767766952966369,2501.549560546875,1.549640417098999,2501.549560546875,0.1769533836918639
261,0.0,0.0,0.1767766952966369,2501.543212890625,1.543134331703186,2501.543212890625,0.1769533836918639
262,0.0,0.0,0.1767766952966369,2501.55224609375,1.5521470308303833,2501.55224609375,0.1769533836918639
263,0.0,0.0,0.1767766952966369,2501.552978515625,1.5529135465621948,2501.552978515625,0.1769533836918639
264,0.0,0.0,0.1767766952966369,2501.542724609375,1.5426597595214844,2501.542724609375,0.1769533836918639
265,0.0,0.0,0.1767766952966369,2501.55517578125,1.5551159381866455,2501.55517578125,0.1769533836918639
266,0.0,0.0,0.14433756729740643,2501.545166015625,1.5452779531478882,2501.545166015625,0.1769533836918639
267,0.0,0.0,0.1767766952966369,2501.549560546875,1.5494474172592163,2501.549560546875,0.1769533836918639
268,0.0,0.0,0.1767766952966369,2501.5478515625,1.547940731048584,2501.5478515625,0.1769533836918639
269,0.0,0.0,0.1767766952966369,2501.55029296875,1.5503722429275513,2501.55029296875,0.1769533836918639
270,0.0,0.0,0.1767766952966369,2501.550048828125,1.5499963760375977,2501.550048828125,0.1769533836918639
271,0.0,0.0,0.1767766952966369,2501.54736328125,1.5474238395690918,2501.54736328125,0.1769533836918639
272,0.0,0.0,0.1767766952966369,2501.557373046875,1.5573309659957886,2501.557373046875,0.1769533836918639
273,0.0,0.0,0.1767766952966369,2501.55517578125,1.5552634000778198,2501.55517578125,0.1769533836918639
274,0.0,0.0,0.1767766952966369,2501.556396484375,1.5564075708389282,2501.556396484375,0.1769533836918639
275,0.0,0.0,0.1767766952966369,2501.546142578125,1.5460516214370728,2501.546142578125,0.1769533836918639
276,0.0,0.0,0.1767766952966369,2501.55517578125,1.5550673007965088,2501.55517578125,0.1769533836918639
277,0.0,0.0,0.1767766952966369,2501.560302734375,1.5602139234542847,2501.560302734375,0.1769533836918639
278,0.0,0.0,0.1767766952966369,2501.54833984375,1.5482980012893677,2501.54833984375,0.1769533836918639
279,0.0,0.0,0.1767766952966369,2501.552001953125,1.5520920753479004,2501.552001953125,0.1769533836918639
280,0.0,0.0,0.1767766952966369,2501.55029296875,1.5503549575805664,2501.55029296875,0.1769533836918639
281,0.0,0.0,0.1767766952966369,2501.55517578125,1.5551910400390625,2501.55517578125,0.1769533836918639
282,0.0,0.0,0.1767766952966369,2501.544677734375,1.5447124242782593,2501.544677734375,0.1769533836918639
283,0.0,0.0,0.1767766952966369,2501.552001953125,1.5520135164260864,2501.552001953125,0.1769533836918639
284,0.0,0.0,0.1767766952966369,2501.563720703125,1.5636786222457886,2501.563720703125,0.1769533836918639
285,0.0,0.0,0.1767766952966369,2501.56298828125,1.5628676414489746,2501.56298828125,0.1769533836918639
286,0.0,0.0,0.1767766952966369,2501.551025390625,1.5509400367736816,2501.551025390625,0.1769533836918639
287,0.0,0.0,0.1767766952966369,2501.547607421875,1.547552466392517,2501.547607421875,0.1769533836918639
288,0.0,0.0,0.1767766952966369,2501.5517578125,1.551727056503296,2501.5517578125,0.1769533836918639
289,0.0,0.0,0.1767766952966369,2501.55517578125,1.5550601482391357,2501.55517578125,0.1769533836918639
290,0.0,0.0,0.1767766952966369,2501.547119140625,1.547093152999878,2501.547119140625,0.1769533836918639
291,0.0,0.0,0.1767766952966369,2501.5654296875,1.5654027462005615,2501.5654296875,0.1769533836918639
292,0.0,0.0,0.1767766952966369,2501.54345703125,1.5433800220489502,2501.54345703125,0.1769533836918639
293,0.0,0.0,0.1767766952966369,2501.55078125,1.550847053527832,2501.55078125,0.1769533836918639
294,0.0,0.0,0.1767766952966369,2501.549072265625,1.5490919351577759,2501.549072265625,0.1769533836918639
295,0.0,0.0,0.1767766952966369,2501.5546875,1.554741382598877,2501.5546875,0.1769533836918639
296,0.0,0.0,0.1767766952966369,2501.542236328125,1.5422731637954712,2501.542236328125,0.1769533836918639
297,0.0,0.0,0.1767766952966369,2501.547607421875,1.5475178956985474,2501.547607421875,0.1769533836918639
298,0.0,0.0,0.1767766952966369,2501.5517578125,1.5516480207443237,2501.5517578125,0.1769533836918639
299,0.0,0.0,0.1767766952966369,2501.547607421875,1.5475940704345703,2501.547607421875,0.1769533836918639
300,0.0,0.0,0.1767766952966369,2501.5537109375,1.5536277294158936,2501.5537109375,0.1769533836918639
301,0.0,0.0,0.1767766952966369,2501.548828125,1.54878568649292,2501.548828125,0.1769533836918639
302,0.0,0.0,0.1767766952966369,2501.55322265625,1.5533345937728882,2501.55322265625,0.1769533836918639
303,0.0,0.0,0.1767766952966369,2501.550537109375,1.5506020784378052,2501.550537109375,0.1769533836918639
304,0.0,0.0,0.1767766952966369,2501.556640625,1.5567176342010498,2501.556640625,0.1769533836918639
305,0.0,0.0,0.1767766952966369,2501.556640625,1.5566438436508179,2501.556640625,0.1769533836918639
306,0.0,0.0,0.1767766952966369,2501.55078125,1.5508577823638916,2501.55078125,0.1769533836918639
307,0.0,0.0,0.1767766952966369,2501.556396484375,1.556398630142212,2501.556396484375,0.1769533836918639
308,0.0,0.0,0.1767766952966369,2501.555419921875,1.5555377006530762,2501.555419921875,0.1769533836918639
309,0.0,0.0,0.1767766952966369,2501.547119140625,1.5471850633621216,2501.547119140625,0.1769533836918639
310,0.0,0.0,0.1767766952966369,2501.556640625,1.5567020177841187,2501.556640625,0.1769533836918639
311,0.0,0.0,0.1767766952966369,2501.5595703125,1.559609055519104,2501.5595703125,0.1769533836918639
312,0.0,0.0,0.1767766952966369,2501.55029296875,1.5503755807876587,2501.55029296875,0.1769533836918639
313,0.0,0.0,0.1767766952966369,2501.533203125,1.5331580638885498,2501.533203125,0.1769533836918639
314,0.0,0.0,0.1767766952966369,2501.541015625,1.5409926176071167,2501.541015625,0.1769533836918639
315,0.0,0.0,0.1767766952966369,2501.54931640625,1.5493396520614624,2501.54931640625,0.1769533836918639
316,0.0,0.0,0.1767766952966369,2501.552978515625,1.5529756546020508,2501.552978515625,0.1769533836918639
317,0.0,0.0,0.1767766952966369,2501.54443359375,1.5443885326385498,2501.54443359375,0.1769533836918639
318,0.0,0.0,0.1767766952966369,2501.55322265625,1.5531542301177979,2501.55322265625,0.1769533836918639
319,0.0,0.0,0.1767766952966369,2501.55322265625,1.5533161163330078,2501.55322265625,0.1769533836918639
320,0.0,0.0,0.1767766952966369,2501.555908203125,1.5557961463928223,2501.555908203125,0.1769533836918639
321,0.0,0.0,0.1767766952966369,2501.5537109375,1.553743839263916,2501.5537109375,0.1769533836918639
322,0.0,0.0,0.1767766952966369,2501.555419921875,1.5554325580596924,2501.555419921875,0.1769533836918639
323,0.0,0.0,0.1767766952966369,2501.560302734375,1.5604028701782227,2501.560302734375,0.1769533836918639
324,0.0,0.0,0.1767766952966369,2501.555419921875,1.5554488897323608,2501.555419921875,0.1769533836918639
325,0.0,0.0,0.1767766952966369,2501.555908203125,1.555824637413025,2501.555908203125,0.1769533836918639
326,0.0,0.0,0.1767766952966369,2501.561767578125,1.5618022680282593,2501.561767578125,0.1769533836918639
327,0.0,0.0,0.1767766952966369,2501.552001953125,1.5520004034042358,2501.552001953125,0.1769533836918639
328,0.0,0.0,0.1767766952966369,2501.5498046875,1.5498758554458618,2501.5498046875,0.1769533836918639
329,0.0,0.0,0.1767766952966369,2501.552001953125,1.55194890499115,2501.552001953125,0.1769533836918639
330,0.0,0.0,0.1767766952966369,2501.548095703125,1.5481038093566895,2501.548095703125,0.1769533836918639
331,0.0,0.0,0.1767766952966369,2501.5498046875,1.5498603582382202,2501.5498046875,0.1769533836918639
332,0.0,0.0,0.1767766952966369,2501.557861328125,1.5578826665878296,2501.557861328125,0.1769533836918639
333,0.0,0.0,0.1767766952966369,2501.55810546875,1.55819571018219,2501.55810546875,0.1769533836918639
334,0.0,0.0,0.1767766952966369,2501.554443359375,1.5545320510864258,2501.554443359375,0.1769533836918639
335,0.0,0.0,0.1767766952966369,2501.55322265625,1.5531688928604126,2501.55322265625,0.1769533836918639
336,0.0,0.0,0.1767766952966369,2501.54931640625,1.549363374710083,2501.54931640625,0.1769533836918639
337,0.0,0.0,0.1767766952966369,2501.54833984375,1.548285961151123,2501.54833984375,0.1769533836918639
338,0.0,0.0,0.1767766952966369,2501.557373046875,1.5574686527252197,2501.557373046875,0.1769533836918639
339,0.0,0.0,0.1767766952966369,2501.554443359375,1.5545556545257568,2501.554443359375,0.1769533836918639
340,0.0,0.0,0.1767766952966369,2501.546875,1.5469411611557007,2501.546875,0.1769533836918639
341,0.0,0.0,0.1767766952966369,2501.55712890625,1.5570639371871948,2501.55712890625,0.1769533836918639
342,0.0,0.0,0.1767766952966369,2501.5615234375,1.5616377592086792,2501.5615234375,0.1769533836918639
343,0.0,0.0,0.1767766952966369,2501.555419921875,1.555322289466858,2501.555419921875,0.1769533836918639
344,0.0,0.0,0.1767766952966369,2501.548828125,1.5489331483840942,2501.548828125,0.1769533836918639
345,0.0,0.0,0.1767766952966369,2501.5576171875,1.5576452016830444,2501.5576171875,0.1769533836918639
346,0.0,0.0,0.1767766952966369,2501.5517578125,1.5518171787261963,2501.5517578125,0.1769533836918639
347,0.0,0.0,0.1767766952966369,2501.56103515625,1.560969591140747,2501.56103515625,0.1769533836918639
348,0.0,0.0,0.1767766952966369,2501.54931640625,1.5492446422576904,2501.54931640625,0.1769533836918639
349,0.0,0.0,0.1767766952966369,2501.546630859375,1.5467338562011719,2501.546630859375,0.1769533836918639
350,0.0,0.0,0.1767766952966369,2501.552001953125,1.5519334077835083,2501.552001953125,0.1769533836918639
351,0.0,0.0,0.1767766952966369,2501.55322265625,1.553341031074524,2501.55322265625,0.1769533836918639
352,0.0,0.0,0.1767766952966369,2501.5556640625,1.5556318759918213,2501.5556640625,0.1769533836918639
353,0.0,0.0,0.1767766952966369,2501.55126953125,1.5511728525161743,2501.55126953125,0.1769533836918639
354,0.0,0.0,0.1767766952966369,2501.5517578125,1.551692008972168,2501.5517578125,0.1769533836918639
355,0.0,0.0,0.1767766952966369,2501.547607421875,1.5476301908493042,2501.547607421875,0.1769533836918639
356,0.0,0.0,0.1767766952966369,2501.55908203125,1.559091567993164,2501.55908203125,0.1769533836918639
357,0.0,0.0,0.1767766952966369,2501.546142578125,1.54621422290802,2501.546142578125,0.1769533836918639
358,0.0,0.0,0.1767766952966369,2501.555908203125,1.5557910203933716,2501.555908203125,0.1769533836918639
359,0.0,0.0,0.1767766952966369,2501.544189453125,1.5440833568572998,2501.544189453125,0.1769533836918639
360,0.0,0.0,0.1767766952966369,2501.53662109375,1.5367281436920166,2501.53662109375,0.1769533836918639
361,0.0,0.0,0.1767766952966369,2501.556884765625,1.5568373203277588,2501.556884765625,0.1769533836918639
362,0.0,0.0,0.1767766952966369,2501.553955078125,1.5538614988327026,2501.553955078125,0.1769533836918639
363,0.0,0.0,0.1767766952966369,2501.547119140625,1.5471782684326172,2501.547119140625,0.1769533836918639
364,0.0,0.0,0.1767766952966369,2501.5439453125,1.543961524963379,2501.5439453125,0.1769533836918639
365,0.0,0.0,0.1767766952966369,2501.548583984375,1.5486127138137817,2501.548583984375,0.1769533836918639
366,0.0,0.0,0.1767766952966369,2501.557861328125,1.5579382181167603,2501.557861328125,0.1769533836918639
367,0.0,0.0,0.1767766952966369,2501.552001953125,1.551992654800415,2501.552001953125,0.1769533836918639
368,0.0,0.0,0.1767766952966369,2501.552734375,1.5526126623153687,2501.552734375,0.1769533836918639
369,0.0,0.0,0.1767766952966369,2501.5546875,1.554566740989685,2501.5546875,0.1769533836918639
370,0.0,0.0,0.1767766952966369,2501.552734375,1.552749514579773,2501.552734375,0.1769533836918639
371,0.0,0.0,0.1767766952966369,2501.546875,1.5469657182693481,2501.546875,0.1769533836918639
372,0.0,0.0,0.1767766952966369,2501.554443359375,1.5544114112854004,2501.554443359375,0.1769533836918639
373,0.0,0.0,0.1767766952966369,2501.543701171875,1.543627142906189,2501.543701171875,0.1769533836918639
374,0.0,0.0,0.1767766952966369,2501.5576171875,1.5577267408370972,2501.5576171875,0.1769533836918639
375,0.0,0.0,0.1767766952966369,2501.552734375,1.5526870489120483,2501.552734375,0.1769533836918639
376,0.0,0.0,0.1767766952966369,2501.543701171875,1.5436254739761353,2501.543701171875,0.1769533836918639
377,0.0,0.0,0.1767766952966369,2501.550537109375,1.5505194664001465,2501.550537109375,0.1769533836918639
378,0.0,0.0,0.1767766952966369,2501.552978515625,1.552907943725586,2501.552978515625,0.1769533836918639
379,0.0,0.0,0.1767766952966369,2501.56005859375,1.5599433183670044,2501.56005859375,0.1769533836918639
380,0.0,0.0,0.1767766952966369,2501.55712890625,1.5570902824401855,2501.55712890625,0.1769533836918639
381,0.0,0.0,0.1767766952966369,2501.539306640625,1.5392439365386963,2501.539306640625,0.1769533836918639
382,0.0,0.0,0.1767766952966369,2501.556884765625,1.5568161010742188,2501.556884765625,0.1769533836918639
383,0.0,0.0,0.1767766952966369,2501.543701171875,1.5436856746673584,2501.543701171875,0.1769533836918639
384,0.0,0.0,0.1767766952966369,2501.55859375,1.5585962533950806,2501.55859375,0.1769533836918639
385,0.0,0.0,0.1767766952966369,2501.5546875,1.5545905828475952,2501.5546875,0.1769533836918639
386,0.0,0.0,0.1767766952966369,2501.557373046875,1.55735445022583,2501.557373046875,0.1769533836918639
387,0.0,0.0,0.1767766952966369,2501.55615234375,1.5561785697937012,2501.55615234375,0.1769533836918639
388,0.0,0.0,0.1767766952966369,2501.54541015625,1.5454151630401611,2501.54541015625,0.1769533836918639
389,0.0,0.0,0.1767766952966369,2501.5537109375,1.5538289546966553,2501.5537109375,0.1769533836918639
390,0.0,0.0,0.1767766952966369,2501.551025390625,1.5510283708572388,2501.551025390625,0.1769533836918639
391,0.0,0.0,0.1767766952966369,2501.555908203125,1.55585777759552,2501.555908203125,0.1769533836918639
392,0.0,0.0,0.1767766952966369,2501.54833984375,1.5484238862991333,2501.54833984375,0.1769533836918639
393,0.0,0.0,0.1767766952966369,2501.55224609375,1.5521682500839233,2501.55224609375,0.1769533836918639
394,0.0,0.0,0.1767766952966369,2501.55126953125,1.5511780977249146,2501.55126953125,0.1769533836918639
395,0.0,0.0,0.1767766952966369,2501.553466796875,1.5535496473312378,2501.553466796875,0.1769533836918639
396,0.0,0.0,0.1767766952966369,2501.54833984375,1.5483121871948242,2501.54833984375,0.1769533836918639
397,0.0,0.0,0.1767766952966369,2501.5498046875,1.5499087572097778,2501.5498046875,0.1769533836918639
398,0.0,0.0,0.1767766952966369,2501.55224609375,1.5521405935287476,2501.55224609375,0.1769533836918639
399,0.0,0.0,0.1767766952966369,2501.556396484375,1.556498408317566,2501.556396484375,0.1769533836918639
400,0.0,0.0,0.1767766952966369,2501.55126953125,1.5513787269592285,2501.55126953125,0.1769533836918639
401,0.0,0.0,0.1767766952966369,2501.557373046875,1.5574156045913696,2501.557373046875,0.1769533836918639
402,0.0,0.0,0.1767766952966369,2501.551025390625,1.5510668754577637,2501.551025390625,0.1769533836918639
403,0.0,0.0,0.1767766952966369,2501.56005859375,1.5600829124450684,2501.56005859375,0.1769533836918639
404,0.0,0.0,0.1767766952966369,2501.5625,1.5625287294387817,2501.5625,0.1769533836918639
405,0.0,0.0,0.1767766952966369,2501.5400390625,1.5400937795639038,2501.5400390625,0.1769533836918639
406,0.0,0.0,0.1767766952966369,2501.5556640625,1.555587887763977,2501.5556640625,0.1769533836918639
407,0.0,0.0,0.1767766952966369,2501.544189453125,1.5442630052566528,2501.544189453125,0.1769533836918639
408,0.0,0.0,0.1767766952966369,2501.54150390625,1.541622281074524,2501.54150390625,0.1769533836918639
409,0.0,0.0,0.1767766952966369,2501.5576171875,1.5576802492141724,2501.5576171875,0.1769533836918639
410,0.0,0.0,0.1767766952966369,2501.544677734375,1.5447924137115479,2501.544677734375,0.1769533836918639
411,0.0,0.0,0.1767766952966369,2501.5556640625,1.555711030960083,2501.5556640625,0.1769533836918639
412,0.0,0.0,0.1767766952966369,2501.550537109375,1.5506432056427002,2501.550537109375,0.1769533836918639
413,0.0,0.0,0.1767766952966369,2501.543701171875,1.5436068773269653,2501.543701171875,0.1769533836918639
414,0.0,0.0,0.1767766952966369,2501.54443359375,1.5443248748779297,2501.54443359375,0.1769533836918639
415,0.0,0.0,0.1767766952966369,2501.5546875,1.5547105073928833,2501.5546875,0.1769533836918639
416,0.0,0.0,0.1767766952966369,2501.552734375,1.5527504682540894,2501.552734375,0.1769533836918639
417,0.0,0.0,0.1767766952966369,2501.554443359375,1.5544943809509277,2501.554443359375,0.1769533836918639
418,0.0,0.0,0.1767766952966369,2501.550048828125,1.5499348640441895,2501.550048828125,0.1769533836918639
419,0.0,0.0,0.1767766952966369,2501.556884765625,1.5568825006484985,2501.556884765625,0.1769533836918639
420,0.0,0.0,0.1767766952966369,2501.55078125,1.5508860349655151,2501.55078125,0.1769533836918639
421,0.0,0.0,0.1767766952966369,2501.554443359375,1.5545642375946045,2501.554443359375,0.1769533836918639
422,0.0,0.0,0.1767766952966369,2501.539794921875,1.5396918058395386,2501.539794921875,0.1769533836918639
423,0.0,0.0,0.1767766952966369,2501.555419921875,1.555489420890808,2501.555419921875,0.1769533836918639
424,0.0,0.0,0.1767766952966369,2501.557861328125,1.5579683780670166,2501.557861328125,0.1769533836918639
425,0.0,0.0,0.1767766952966369,2501.54541015625,1.5454427003860474,2501.54541015625,0.1769533836918639
426,0.0,0.0,0.1767766952966369,2501.558349609375,1.5583363771438599,2501.558349609375,0.1769533836918639
427,0.0,0.0,0.1767766952966369,2501.558837890625,1.5589252710342407,2501.558837890625,0.1769533836918639
428,0.0,0.0,0.1767766952966369,2501.5546875,1.5547089576721191,2501.5546875,0.1769533836918639
429,0.0,0.0,0.1767766952966369,2501.55615234375,1.5561485290527344,2501.55615234375,0.1769533836918639
430,0.0,0.0,0.1767766952966369,2501.556396484375,1.5565084218978882,2501.556396484375,0.1769533836918639
431,0.0,0.0,0.1767766952966369,2501.55224609375,1.5522098541259766,2501.55224609375,0.1769533836918639
432,0.0,0.0,0.1767766952966369,2501.559814453125,1.5598065853118896,2501.559814453125,0.1769533836918639
433,0.0,0.0,0.1767766952966369,2501.548828125,1.5487061738967896,2501.548828125,0.1769533836918639
434,0.0,0.0,0.1767766952966369,2501.550048828125,1.5500296354293823,2501.550048828125,0.1769533836918639
435,0.0,0.0,0.1767766952966369,2501.546875,1.5469104051589966,2501.546875,0.1769533836918639
436,0.0,0.0,0.1767766952966369,2501.5703125,1.5702122449874878,2501.5703125,0.1769533836918639
437,0.0,0.0,0.1767766952966369,2501.551025390625,1.5510005950927734,2501.551025390625,0.1769533836918639
438,0.0,0.0,0.1767766952966369,2501.55126953125,1.551291584968567,2501.55126953125,0.1769533836918639
439,0.0,0.0,0.1767766952966369,2501.549560546875,1.549652099609375,2501.549560546875,0.1769533836918639
440,0.0,0.0,0.1767766952966369,2501.54345703125,1.543552279472351,2501.54345703125,0.1769533836918639
441,0.0,0.0,0.1767766952966369,2501.552734375,1.5527656078338623,2501.552734375,0.1769533836918639
442,0.0,0.0,0.1767766952966369,2501.556640625,1.556749939918518,2501.556640625,0.1769533836918639
443,0.0,0.0,0.1767766952966369,2501.552978515625,1.5530425310134888,2501.552978515625,0.1769533836918639
444,0.0,0.0,0.1767766952966369,2501.54833984375,1.5483146905899048,2501.54833984375,0.1769533836918639
445,0.0,0.0,0.1767766952966369,2501.558349609375,1.558403491973877,2501.558349609375,0.1769533836918639
446,0.0,0.0,0.1767766952966369,2501.543212890625,1.543105959892273,2501.543212890625,0.1769533836918639
447,0.0,0.0,0.1767766952966369,2501.550048828125,1.5501447916030884,2501.550048828125,0.1769533836918639
448,0.0,0.0,0.1767766952966369,2501.552978515625,1.5529786348342896,2501.552978515625,0.1769533836918639
449,0.0,0.0,0.1767766952966369,2501.5595703125,1.5596637725830078,2501.5595703125,0.1769533836918639
450,0.0,0.0,0.1767766952966369,2501.55078125,1.550756812095642,2501.55078125,0.1769533836918639
451,0.0,0.0,0.1767766952966369,2501.5546875,1.5545872449874878,2501.5546875,0.1769533836918639
452,0.0,0.0,0.1767766952966369,2501.550537109375,1.5504742860794067,2501.550537109375,0.1769533836918639
453,0.0,0.0,0.1767766952966369,2501.5546875,1.5545696020126343,2501.5546875,0.1769533836918639
454,0.0,0.0,0.1767766952966369,2501.549560546875,1.5496622323989868,2501.549560546875,0.1769533836918639
455,0.0,0.0,0.1767766952966369,2501.54150390625,1.5414243936538696,2501.54150390625,0.1769533836918639
456,0.0,0.0,0.1767766952966369,2501.5498046875,1.5498976707458496,2501.5498046875,0.1769533836918639
457,0.0,0.0,0.1767766952966369,2501.5419921875,1.5419286489486694,2501.5419921875,0.1769533836918639
458,0.0,0.0,0.1767766952966369,2501.547119140625,1.5472344160079956,2501.547119140625,0.1769533836918639
459,0.0,0.0,0.1767766952966369,2501.549072265625,1.5490682125091553,2501.549072265625,0.1769533836918639
460,0.0,0.0,0.1767766952966369,2501.53857421875,1.5385751724243164,2501.53857421875,0.1769533836918639
461,0.0,0.0,0.1767766952966369,2501.5498046875,1.5497387647628784,2501.5498046875,0.1769533836918639
462,0.0,0.0,0.1767766952966369,2501.54345703125,1.5435562133789062,2501.54345703125,0.1769533836918639
463,0.0,0.0,0.1767766952966369,2501.555419921875,1.555519461631775,2501.555419921875,0.1769533836918639
464,0.0,0.0,0.1767766952966369,2501.550048828125,1.5499485731124878,2501.550048828125,0.1769533836918639
465,0.0,0.0,0.1767766952966369,2501.557861328125,1.5577812194824219,2501.557861328125,0.1769533836918639
466,0.0,0.0,0.1767766952966369,2501.54736328125,1.547312617301941,2501.54736328125,0.1769533836918639
467,0.0,0.0,0.1767766952966369,2501.55859375,1.558656096458435,2501.55859375,0.1769533836918639
468,0.0,0.0,0.1767766952966369,2501.556640625,1.55671226978302,2501.556640625,0.1769533836918639
469,0.0,0.0,0.1767766952966369,2501.55322265625,1.553154468536377,2501.55322265625,0.1769533836918639
470,0.0,0.0,0.1767766952966369,2501.551025390625,1.550959825515747,2501.551025390625,0.1769533836918639
471,0.0,0.0,0.1767766952966369,2501.548828125,1.548926591873169,2501.548828125,0.1769533836918639
472,0.0,0.0,0.1767766952966369,2501.556396484375,1.5563373565673828,2501.556396484375,0.1769533836918639
473,0.0,0.0,0.1767766952966369,2501.54736328125,1.547308087348938,2501.54736328125,0.1769533836918639
474,0.0,0.0,0.1767766952966369,2501.546630859375,1.5467418432235718,2501.546630859375,0.1769533836918639
475,0.0,0.0,0.1767766952966369,2501.548583984375,1.5486466884613037,2501.548583984375,0.1769533836918639
476,0.0,0.0,0.1767766952966369,2501.5537109375,1.5536413192749023,2501.5537109375,0.1769533836918639
477,0.0,0.0,0.1767766952966369,2501.552978515625,1.5530011653900146,2501.552978515625,0.1769533836918639
478,0.0,0.0,0.1767766952966369,2501.552734375,1.5526857376098633,2501.552734375,0.1769533836918639
479,0.0,0.0,0.1767766952966369,2501.549072265625,1.5489741563796997,2501.549072265625,0.1769533836918639
480,0.0,0.0,0.1767766952966369,2501.544189453125,1.54407799243927,2501.544189453125,0.1769533836918639
481,0.0,0.0,0.1767766952966369,2501.554931640625,1.5549298524856567,2501.554931640625,0.1769533836918639
482,0.0,0.0,0.1767766952966369,2501.556640625,1.5566118955612183,2501.556640625,0.1769533836918639
483,0.0,0.0,0.1767766952966369,2501.5517578125,1.5518214702606201,2501.5517578125,0.1769533836918639
484,0.0,0.0,0.1767766952966369,2501.552734375,1.552751898765564,2501.552734375,0.1769533836918639
485,0.0,0.0,0.1767766952966369,2501.543701171875,1.5437524318695068,2501.543701171875,0.1769533836918639
486,0.0,0.0,0.1767766952966369,2501.5498046875,1.5499001741409302,2501.5498046875,0.1769533836918639
487,0.0,0.0,0.1767766952966369,2501.555419921875,1.5553263425827026,2501.555419921875,0.1769533836918639
488,0.0,0.0,0.1767766952966369,2501.541015625,1.5410009622573853,2501.541015625,0.1769533836918639
489,0.0,0.0,0.1767766952966369,2501.55029296875,1.5503584146499634,2501.55029296875,0.1769533836918639
490,0.0,0.0,0.1767766952966369,2501.547607421875,1.5475587844848633,2501.547607421875,0.1769533836918639
491,0.0,0.0,0.1767766952966369,2501.552001953125,1.5519644021987915,2501.552001953125,0.1769533836918639
492,0.0,0.0,0.1767766952966369,2501.54248046875,1.5425010919570923,2501.54248046875,0.1769533836918639
493,0.0,0.0,0.1767766952966369,2501.54736328125,1.547249436378479,2501.54736328125,0.1769533836918639
494,0.0,0.0,0.1767766952966369,2501.548583984375,1.548466444015503,2501.548583984375,0.1769533836918639
495,0.0,0.0,0.1767766952966369,2501.54833984375,1.5483770370483398,2501.54833984375,0.1769533836918639
496,0.0,0.0,0.1767766952966369,2501.5498046875,1.549811601638794,2501.5498046875,0.1769533836918639
497,0.0,0.0,0.1767766952966369,2501.546875,1.5467991828918457,2501.546875,0.1769533836918639
498,0.0,0.0,0.1767766952966369,2501.546630859375,1.5467065572738647,2501.546630859375,0.1769533836918639
499,0.0,0.0,0.1767766952966369,2501.547119140625,1.5471140146255493,2501.547119140625,0.1769533836918639
500,0.0,0.0,0.1767766952966369,2501.550048828125,1.5500128269195557,2501.550048828125,0.1769533836918639
501,0.0,0.0,0.1767766952966369,2501.551025390625,1.5511021614074707,2501.551025390625,0.1769533836918639
502,0.0,0.0,0.1767766952966369,2501.554443359375,1.5545012950897217,2501.554443359375,0.1769533836918639
503,0.0,0.0,0.1767766952966369,2501.552978515625,1.5530781745910645,2501.552978515625,0.1769533836918639
504,0.0,0.0,0.1767766952966369,2501.55029296875,1.5503133535385132,2501.55029296875,0.1769533836918639
505,0.0,0.0,0.1767766952966369,2501.55126953125,1.5513514280319214,2501.55126953125,0.1769533836918639
506,0.0,0.0,0.1767766952966369,2501.56201171875,1.5621187686920166,2501.56201171875,0.1769533836918639
507,0.0,0.0,0.1767766952966369,2501.553955078125,1.5538694858551025,2501.553955078125,0.1769533836918639
508,0.0,0.0,0.1767766952966369,2501.546142578125,1.5460847616195679,2501.546142578125,0.1769533836918639
509,0.0,0.0,0.1767766952966369,2501.5517578125,1.551849126815796,2501.5517578125,0.1769533836918639
510,0.0,0.0,0.1767766952966369,2501.550537109375,1.5504767894744873,2501.550537109375,0.1769533836918639
511,0.0,0.0,0.1767766952966369,2501.565673828125,1.5655746459960938,2501.565673828125,0.1769533836918639
512,0.0,0.0,0.1767766952966369,2501.549560546875,1.5496009588241577,2501.549560546875,0.1769533836918639
513,0.0,0.0,0.1767766952966369,2501.550048828125,1.5500147342681885,2501.550048828125,0.1769533836918639
514,0.0,0.0,0.1767766952966369,2501.551025390625,1.5509305000305176,2501.551025390625,0.1769533836918639
515,0.0,0.0,0.1767766952966369,2501.55126953125,1.5511897802352905,2501.55126953125,0.1769533836918639
516,0.0,0.0,0.1767766952966369,2501.544677734375,1.544600248336792,2501.544677734375,0.1769533836918639
517,0.0,0.0,0.1767766952966369,2501.554931640625,1.5548902750015259,2501.554931640625,0.1769533836918639
518,0.0,0.0,0.1767766952966369,2501.555908203125,1.5559974908828735,2501.555908203125,0.1769533836918639
519,0.0,0.0,0.1767766952966369,2501.55712890625,1.557036280632019,2501.55712890625,0.1769533836918639
520,0.0,0.0,0.1767766952966369,2501.556396484375,1.5563722848892212,2501.556396484375,0.1769533836918639
521,0.0,0.0,0.1767766952966369,2501.54345703125,1.5434268712997437,2501.54345703125,0.1769533836918639
522,0.0,0.0,0.1767766952966369,2501.55517578125,1.5551495552062988,2501.55517578125,0.1769533836918639
523,0.0,0.0,0.1767766952966369,2501.554443359375,1.5544214248657227,2501.554443359375,0.1769533836918639
524,0.0,0.0,0.1767766952966369,2501.548583984375,1.548600435256958,2501.548583984375,0.1769533836918639
525,0.0,0.0,0.1767766952966369,2501.544189453125,1.5442373752593994,2501.544189453125,0.1769533836918639
526,0.0,0.0,0.1767766952966369,2501.55322265625,1.5532950162887573,2501.55322265625,0.1769533836918639
527,0.0,0.0,0.1767766952966369,2501.55322265625,1.5533164739608765,2501.55322265625,0.1769533836918639
528,0.0,0.0,0.1767766952966369,2501.55908203125,1.5591251850128174,2501.55908203125,0.1769533836918639
529,0.0,0.0,0.1767766952966369,2501.556884765625,1.5569432973861694,2501.556884765625,0.1769533836918639
530,0.0,0.0,0.1767766952966369,2501.548583984375,1.548541784286499,2501.548583984375,0.1769533836918639
531,0.0,0.0,0.1767766952966369,2501.5478515625,1.54778254032135,2501.5478515625,0.1769533836918639
532,0.0,0.0,0.1767766952966369,2501.55029296875,1.5502032041549683,2501.55029296875,0.1769533836918639
533,0.0,0.0,0.14433756729740643,2501.5458984375,1.5458171367645264,2501.5458984375,0.1769533836918639
534,0.0,0.0,0.1767766952966369,2501.554931640625,1.5550174713134766,2501.554931640625,0.1769533836918639
535,0.0,0.0,0.1767766952966369,2501.54443359375,1.5444549322128296,2501.54443359375,0.1769533836918639
536,0.0,0.0,0.1767766952966369,2501.541259765625,1.5412416458129883,2501.541259765625,0.1769533836918639
537,0.0,0.0,0.1767766952966369,2501.555419921875,1.5554025173187256,2501.555419921875,0.1769533836918639
538,0.0,0.0,0.1767766952966369,2501.560791015625,1.5607523918151855,2501.560791015625,0.1769533836918639
539,0.0,0.0,0.1767766952966369,2501.555908203125,1.5559992790222168,2501.555908203125,0.1769533836918639
540,0.0,0.0,0.1767766952966369,2501.555908203125,1.5558359622955322,2501.555908203125,0.1769533836918639
541,0.0,0.0,0.1767766952966369,2501.547119140625,1.5471532344818115,2501.547119140625,0.1769533836918639
542,0.0,0.0,0.1767766952966369,2501.556396484375,1.5563324689865112,2501.556396484375,0.1769533836918639
543,0.0,0.0,0.1767766952966369,2501.5478515625,1.5477994680404663,2501.5478515625,0.1769533836918639
544,0.0,0.0,0.1767766952966369,2501.55029296875,1.5502722263336182,2501.55029296875,0.1769533836918639
545,0.0,0.0,0.1767766952966369,2501.558837890625,1.5588890314102173,2501.558837890625,0.1769533836918639
546,0.0,0.0,0.1767766952966369,2501.554443359375,1.5544240474700928,2501.554443359375,0.1769533836918639
547,0.0,0.0,0.1767766952966369,2501.5517578125,1.5516520738601685,2501.5517578125,0.1769533836918639
548,0.0,0.0,0.1767766952966369,2501.547607421875,1.5475084781646729,2501.547607421875,0.1769533836918639
549,0.0,0.0,0.1767766952966369,2501.545654296875,1.5455540418624878,2501.545654296875,0.1769533836918639
550,0.0,0.0,0.1767766952966369,2501.559814453125,1.559725046157837,2501.559814453125,0.1769533836918639
551,0.0,0.0,0.1767766952966369,2501.5478515625,1.5479341745376587,2501.5478515625,0.1769533836918639
552,0.0,0.0,0.1767766952966369,2501.54541015625,1.5454524755477905,2501.54541015625,0.1769533836918639
553,0.0,0.0,0.1767766952966369,2501.548583984375,1.5484836101531982,2501.548583984375,0.1769533836918639
554,0.0,0.0,0.1767766952966369,2501.552978515625,1.5530645847320557,2501.552978515625,0.1769533836918639
555,0.0,0.0,0.1767766952966369,2501.54638671875,1.5464272499084473,2501.54638671875,0.1769533836918639
556,0.0,0.0,0.1767766952966369,2501.551025390625,1.551015019416809,2501.551025390625,0.1769533836918639
557,0.0,0.0,0.1767766952966369,2501.552001953125,1.552058458328247,2501.552001953125,0.1769533836918639
558,0.0,0.0,0.1767766952966369,2501.54931640625,1.5493950843811035,2501.54931640625,0.1769533836918639
559,0.0,0.0,0.1767766952966369,2501.55078125,1.5508695840835571,2501.55078125,0.1769533836918639
560,0.0,0.0,0.1767766952966369,2501.547119140625,1.5471559762954712,2501.547119140625,0.1769533836918639
561,0.0,0.0,0.1767766952966369,2501.55810546875,1.55808424949646,2501.55810546875,0.1769533836918639
562,0.0,0.0,0.1767766952966369,2501.549560546875,1.5495113134384155,2501.549560546875,0.1769533836918639
563,0.0,0.0,0.1767766952966369,2501.553466796875,1.5535610914230347,2501.553466796875,0.1769533836918639
564,0.0,0.0,0.1767766952966369,2501.552001953125,1.552112102508545,2501.552001953125,0.1769533836918639
565,0.0,0.0,0.1767766952966369,2501.554443359375,1.5545170307159424,2501.554443359375,0.1769533836918639
566,0.0,0.0,0.1767766952966369,2501.54931640625,1.5493602752685547,2501.54931640625,0.1769533836918639
567,0.0,0.0,0.1767766952966369,2501.55517578125,1.5552891492843628,2501.55517578125,0.1769533836918639
568,0.0,0.0,0.1767766952966369,2501.54345703125,1.543352484703064,2501.54345703125,0.1769533836918639
569,0.0,0.0,0.1767766952966369,2501.55419921875,1.554106593132019,2501.55419921875,0.1769533836918639
570,0.0,0.0,0.1767766952966369,2501.556884765625,1.5569523572921753,2501.556884765625,0.1769533836918639
571,0.0,0.0,0.1767766952966369,2501.54931640625,1.5493605136871338,2501.54931640625,0.1769533836918639
572,0.0,0.0,0.1767766952966369,2501.54931640625,1.549309253692627,2501.54931640625,0.1769533836918639
573,0.0,0.0,0.1767766952966369,2501.550048828125,1.550107479095459,2501.550048828125,0.1769533836918639
574,0.0,0.0,0.1767766952966369,2501.558349609375,1.5582482814788818,2501.558349609375,0.1769533836918639
575,0.0,0.0,0.1767766952966369,2501.552734375,1.5527844429016113,2501.552734375,0.1769533836918639
576,0.0,0.0,0.1767766952966369,2501.5517578125,1.5518447160720825,2501.5517578125,0.1769533836918639
577,0.0,0.0,0.1767766952966369,2501.5517578125,1.551878571510315,2501.5517578125,0.1769533836918639
578,0.0,0.0,0.1767766952966369,2501.550537109375,1.5505443811416626,2501.550537109375,0.1769533836918639
579,0.0,0.0,0.1767766952966369,2501.553955078125,1.55392324924469,2501.553955078125,0.1769533836918639
580,0.0,0.0,0.1767766952966369,2501.55126953125,1.55138099193573,2501.55126953125,0.1769533836918639
581,0.0,0.0,0.1767766952966369,2501.553466796875,1.553412914276123,2501.553466796875,0.1769533836918639
582,0.0,0.0,0.1767766952966369,2501.55029296875,1.5502854585647583,2501.55029296875,0.1769533836918639
583,0.0,0.0,0.1767766952966369,2501.557861328125,1.557843804359436,2501.557861328125,0.1769533836918639
584,0.0,0.0,0.1767766952966369,2501.54931640625,1.5492722988128662,2501.54931640625,0.1769533836918639
585,0.0,0.0,0.1767766952966369,2501.556884765625,1.556933879852295,2501.556884765625,0.1769533836918639
586,0.0,0.0,0.1767766952966369,2501.552734375,1.5527117252349854,2501.552734375,0.1769533836918639
587,0.0,0.0,0.1767766952966369,2501.548095703125,1.5479872226715088,2501.548095703125,0.1769533836918639
588,0.0,0.0,0.1767766952966369,2501.549072265625,1.5491139888763428,2501.549072265625,0.1769533836918639
589,0.0,0.0,0.1767766952966369,2501.55615234375,1.5560622215270996,2501.55615234375,0.1769533836918639
590,0.0,0.0,0.1767766952966369,2501.55322265625,1.5531110763549805,2501.55322265625,0.1769533836918639
591,0.0,0.0,0.1767766952966369,2501.5537109375,1.5538312196731567,2501.5537109375,0.1769533836918639
592,0.0,0.0,0.1767766952966369,2501.55224609375,1.552192211151123,2501.55224609375,0.1769533836918639
593,0.0,0.0,0.1767766952966369,2501.552490234375,1.55247163772583,2501.552490234375,0.1769533836918639
594,0.0,0.0,0.1767766952966369,2501.543701171875,1.5436674356460571,2501.543701171875,0.1769533836918639
595,0.0,0.0,0.1767766952966369,2501.552734375,1.5528455972671509,2501.552734375,0.1769533836918639
596,0.0,0.0,0.1767766952966369,2501.547119140625,1.5472400188446045,2501.547119140625,0.1769533836918639
597,0.0,0.0,0.1767766952966369,2501.553466796875,1.5535211563110352,2501.553466796875,0.1769533836918639
598,0.0,0.0,0.1767766952966369,2501.552490234375,1.5525304079055786,2501.552490234375,0.1769533836918639
599,0.0,0.0,0.1767766952966369,2501.552001953125,1.5521197319030762,2501.552001953125,0.1769533836918639
600,0.0,0.0,0.1767766952966369,2501.541748046875,1.5416889190673828,2501.541748046875,0.1769533836918639
601,0.0,0.0,0.1767766952966369,2501.5517578125,1.551749587059021,2501.5517578125,0.1769533836918639
602,0.0,0.0,0.1767766952966369,2501.55029296875,1.5503511428833008,2501.55029296875,0.1769533836918639
603,0.0,0.0,0.1767766952966369,2501.555908203125,1.5558563470840454,2501.555908203125,0.1769533836918639
604,0.0,0.0,0.1767766952966369,2501.55126953125,1.551155686378479,2501.55126953125,0.1769533836918639
605,0.0,0.0,0.1767766952966369,2501.5498046875,1.5497230291366577,2501.5498046875,0.1769533836918639
606,0.0,0.0,0.1767766952966369,2501.548095703125,1.548114538192749,2501.548095703125,0.1769533836918639
607,0.0,0.0,0.1767766952966369,2501.54296875,1.5430212020874023,2501.54296875,0.1769533836918639
608,0.0,0.0,0.1767766952966369,2501.552734375,1.5526418685913086,2501.552734375,0.1769533836918639
609,0.0,0.0,0.1767766952966369,2501.5546875,1.5547459125518799,2501.5546875,0.1769533836918639
610,0.0,0.0,0.1767766952966369,2501.541748046875,1.5418405532836914,2501.541748046875,0.1769533836918639
611,0.0,0.0,0.1767766952966369,2501.54296875,1.5428837537765503,2501.54296875,0.1769533836918639
612,0.0,0.0,0.1767766952966369,2501.545166015625,1.5452426671981812,2501.545166015625,0.1769533836918639
613,0.0,0.0,0.1767766952966369,2501.554443359375,1.554407000541687,2501.554443359375,0.1769533836918639
614,0.0,0.0,0.1767766952966369,2501.55810546875,1.5580371618270874,2501.55810546875,0.1769533836918639
615,0.0,0.0,0.1767766952966369,2501.55029296875,1.5502113103866577,2501.55029296875,0.1769533836918639
616,0.0,0.0,0.1767766952966369,2501.545654296875,1.5455559492111206,2501.545654296875,0.1769533836918639
617,0.0,0.0,0.1767766952966369,2501.55126953125,1.5512619018554688,2501.55126953125,0.1769533836918639
618,0.0,0.0,0.1767766952966369,2501.556396484375,1.556408405303955,2501.556396484375,0.1769533836918639
619,0.0,0.0,0.1767766952966369,2501.55078125,1.5507601499557495,2501.55078125,0.1769533836918639
620,0.0,0.0,0.1767766952966369,2501.548583984375,1.5484927892684937,2501.548583984375,0.1769533836918639
621,0.0,0.0,0.1767766952966369,2501.548583984375,1.5486767292022705,2501.548583984375,0.1769533836918639
622,0.0,0.0,0.1767766952966369,2501.547119140625,1.5471394062042236,2501.547119140625,0.1769533836918639
623,0.0,0.0,0.1767766952966369,2501.557861328125,1.5577912330627441,2501.557861328125,0.1769533836918639
624,0.0,0.0,0.1767766952966369,2501.55712890625,1.5570319890975952,2501.55712890625,0.1769533836918639
625,0.0,0.0,0.1767766952966369,2501.569091796875,1.5690209865570068,2501.569091796875,0.1769533836918639
626,0.0,0.0,0.1767766952966369,2501.552978515625,1.5530513525009155,2501.552978515625,0.1769533836918639
627,0.0,0.0,0.1767766952966369,2501.553466796875,1.5534852743148804,2501.553466796875,0.1769533836918639
628,0.0,0.0,0.1767766952966369,2501.5595703125,1.5595197677612305,2501.5595703125,0.1769533836918639
629,0.0,0.0,0.1767766952966369,2501.54541015625,1.5454847812652588,2501.54541015625,0.1769533836918639
630,0.0,0.0,0.1767766952966369,2501.54931640625,1.549333930015564,2501.54931640625,0.1769533836918639
631,0.0,0.0,0.1767766952966369,2501.560302734375,1.5602070093154907,2501.560302734375,0.1769533836918639
632,0.0,0.0,0.1767766952966369,2501.550537109375,1.5505660772323608,2501.550537109375,0.1769533836918639
633,0.0,0.0,0.1767766952966369,2501.548095703125,1.5481808185577393,2501.548095703125,0.1769533836918639
634,0.0,0.0,0.1767766952966369,2501.551025390625,1.5509945154190063,2501.551025390625,0.1769533836918639
635,0.0,0.0,0.1767766952966369,2501.5517578125,1.551847219467163,2501.5517578125,0.1769533836918639
636,0.0,0.0,0.1767766952966369,2501.552734375,1.5527877807617188,2501.552734375,0.1769533836918639
637,0.0,0.0,0.1767766952966369,2501.546142578125,1.5462571382522583,2501.546142578125,0.1769533836918639
638,0.0,0.0,0.1767766952966369,2501.553466796875,1.5533781051635742,2501.553466796875,0.1769533836918639
639,0.0,0.0,0.1767766952966369,2501.550537109375,1.5505958795547485,2501.550537109375,0.1769533836918639
640,0.0,0.0,0.1767766952966369,2501.549072265625,1.5490508079528809,2501.549072265625,0.1769533836918639
641,0.0,0.0,0.1767766952966369,2501.55029296875,1.5502049922943115,2501.55029296875,0.1769533836918639
642,0.0,0.0,0.1767766952966369,2501.549072265625,1.5490591526031494,2501.549072265625,0.1769533836918639
643,0.0,0.0,0.1767766952966369,2501.54443359375,1.5444252490997314,2501.54443359375,0.1769533836918639
644,0.0,0.0,0.1767766952966369,2501.5419921875,1.5419474840164185,2501.5419921875,0.1769533836918639
645,0.0,0.0,0.1767766952966369,2501.550537109375,1.5504339933395386,2501.550537109375,0.1769533836918639
646,0.0,0.0,0.1767766952966369,2501.545166015625,1.5451200008392334,2501.545166015625,0.1769533836918639
647,0.0,0.0,0.1767766952966369,2501.543701171875,1.5436521768569946,2501.543701171875,0.1769533836918639
648,0.0,0.0,0.1767766952966369,2501.55029296875,1.5502058267593384,2501.55029296875,0.1769533836918639
649,0.0,0.0,0.1767766952966369,2501.5546875,1.5547330379486084,2501.5546875,0.1769533836918639
650,0.0,0.0,0.1767766952966369,2501.543701171875,1.5436367988586426,2501.543701171875,0.1769533836918639
651,0.0,0.0,0.1767766952966369,2501.553466796875,1.5534324645996094,2501.553466796875,0.1769533836918639
652,0.0,0.0,0.1767766952966369,2501.567626953125,1.5676966905593872,2501.567626953125,0.1769533836918639
653,0.0,0.0,0.1767766952966369,2501.54736328125,1.5474294424057007,2501.54736328125,0.1769533836918639
654,0.0,0.0,0.1767766952966369,2501.560302734375,1.5602939128875732,2501.560302734375,0.1769533836918639
655,0.0,0.0,0.1767766952966369,2501.549072265625,1.5490163564682007,2501.549072265625,0.1769533836918639
656,0.0,0.0,0.1767766952966369,2501.551513671875,1.5514500141143799,2501.551513671875,0.1769533836918639
657,0.0,0.0,0.1767766952966369,2501.5517578125,1.5516748428344727,2501.5517578125,0.1769533836918639
658,0.0,0.0,0.1767766952966369,2501.55615234375,1.5560953617095947,2501.55615234375,0.1769533836918639
659,0.0,0.0,0.1767766952966369,2501.549560546875,1.549661636352539,2501.549560546875,0.1769533836918639
660,0.0,0.0,0.1767766952966369,2501.54541015625,1.545516014099121,2501.54541015625,0.1769533836918639
661,0.0,0.0,0.1767766952966369,2501.557373046875,1.5572612285614014,2501.557373046875,0.1769533836918639
662,0.0,0.0,0.1767766952966369,2501.546142578125,1.546053171157837,2501.546142578125,0.1769533836918639
663,0.0,0.0,0.1767766952966369,2501.54638671875,1.5462751388549805,2501.54638671875,0.1769533836918639
664,0.0,0.0,0.1767766952966369,2501.5439453125,1.543949842453003,2501.5439453125,0.1769533836918639
665,0.0,0.0,0.1767766952966369,2501.5537109375,1.553612470626831,2501.5537109375,0.1769533836918639
666,0.0,0.0,0.1767766952966369,2501.550048828125,1.5500264167785645,2501.550048828125,0.1769533836918639
667,0.0,0.0,0.1767766952966369,2501.557861328125,1.5578136444091797,2501.557861328125,0.1769533836918639
668,0.0,0.0,0.1767766952966369,2501.550048828125,1.5500329732894897,2501.550048828125,0.1769533836918639
669,0.0,0.0,0.1767766952966369,2501.5537109375,1.5536105632781982,2501.5537109375,0.1769533836918639
670,0.0,0.0,0.1767766952966369,2501.552978515625,1.553019642829895,2501.552978515625,0.1769533836918639
671,0.0,0.0,0.1767766952966369,2501.54296875,1.5429140329360962,2501.54296875,0.1769533836918639
672,0.0,0.0,0.1767766952966369,2501.550537109375,1.550613522529602,2501.550537109375,0.1769533836918639
673,0.0,0.0,0.1767766952966369,2501.5546875,1.554729700088501,2501.5546875,0.1769533836918639
674,0.0,0.0,0.1767766952966369,2501.555419921875,1.555453896522522,2501.555419921875,0.1769533836918639
675,0.0,0.0,0.1767766952966369,2501.555419921875,1.5555107593536377,2501.555419921875,0.1769533836918639
676,0.0,0.0,0.1767766952966369,2501.553955078125,1.5540610551834106,2501.553955078125,0.1769533836918639
677,0.0,0.0,0.1767766952966369,2501.55078125,1.5507339239120483,2501.55078125,0.1769533836918639
678,0.0,0.0,0.1767766952966369,2501.555908203125,1.5559905767440796,2501.555908203125,0.1769533836918639
679,0.0,0.0,0.1767766952966369,2501.549560546875,1.5495582818984985,2501.549560546875,0.1769533836918639
680,0.0,0.0,0.1767766952966369,2501.5537109375,1.5537692308425903,2501.5537109375,0.1769533836918639
681,0.0,0.0,0.1767766952966369,2501.5517578125,1.551838994026184,2501.5517578125,0.1769533836918639
682,0.0,0.0,0.1767766952966369,2501.552490234375,1.5524832010269165,2501.552490234375,0.1769533836918639
683,0.0,0.0,0.1767766952966369,2501.550048828125,1.5499322414398193,2501.550048828125,0.1769533836918639
684,0.0,0.0,0.1767766952966369,2501.55322265625,1.55325186252594,2501.55322265625,0.1769533836918639
685,0.0,0.0,0.1767766952966369,2501.54541015625,1.5453522205352783,2501.54541015625,0.1769533836918639
686,0.0,0.0,0.1767766952966369,2501.55078125,1.5506619215011597,2501.55078125,0.1769533836918639
687,0.0,0.0,0.1767766952966369,2501.56396484375,1.5640754699707031,2501.56396484375,0.1769533836918639
688,0.0,0.0,0.1767766952966369,2501.54736328125,1.5473589897155762,2501.54736328125,0.1769533836918639
689,0.0,0.0,0.1767766952966369,2501.5498046875,1.5497163534164429,2501.5498046875,0.1769533836918639
690,0.0,0.0,0.1767766952966369,2501.542236328125,1.542324423789978,2501.542236328125,0.1769533836918639
691,0.0,0.0,0.1767766952966369,2501.558349609375,1.5583425760269165,2501.558349609375,0.1769533836918639
692,0.0,0.0,0.1767766952966369,2501.538818359375,1.5388410091400146,2501.538818359375,0.1769533836918639
693,0.0,0.0,0.1767766952966369,2501.550537109375,1.550531268119812,2501.550537109375,0.1769533836918639
694,0.0,0.0,0.1767766952966369,2501.55126953125,1.5513626337051392,2501.55126953125,0.1769533836918639
695,0.0,0.0,0.1767766952966369,2501.546142578125,1.5460269451141357,2501.546142578125,0.1769533836918639
696,0.0,0.0,0.1767766952966369,2501.558349609375,1.5584174394607544,2501.558349609375,0.1769533836918639
697,0.0,0.0,0.1767766952966369,2501.5400390625,1.5400696992874146,2501.5400390625,0.1769533836918639
698,0.0,0.0,0.1767766952966369,2501.550537109375,1.5504857301712036,2501.550537109375,0.1769533836918639
699,0.0,0.0,0.1767766952966369,2501.55126953125,1.55123770236969,2501.55126953125,0.1769533836918639
700,0.0,0.0,0.1767766952966369,2501.54541015625,1.5454875230789185,2501.54541015625,0.1769533836918639
701,0.0,0.0,0.1767766952966369,2501.54443359375,1.5444003343582153,2501.54443359375,0.1769533836918639
702,0.0,0.0,0.1767766952966369,2501.555908203125,1.5559766292572021,2501.555908203125,0.1769533836918639
703,0.0,0.0,0.1767766952966369,2501.546142578125,1.5462487936019897,2501.546142578125,0.1769533836918639
704,0.0,0.0,0.1767766952966369,2501.5439453125,1.543859601020813,2501.5439453125,0.1769533836918639
705,0.0,0.0,0.1767766952966369,2501.552734375,1.5527124404907227,2501.552734375,0.1769533836918639
706,0.0,0.0,0.1767766952966369,2501.554443359375,1.5544354915618896,2501.554443359375,0.1769533836918639
707,0.0,0.0,0.1767766952966369,2501.5498046875,1.5497714281082153,2501.5498046875,0.1769533836918639
708,0.0,0.0,0.1767766952966369,2501.549072265625,1.5490217208862305,2501.549072265625,0.1769533836918639
709,0.0,0.0,0.1767766952966369,2501.555419921875,1.5555342435836792,2501.555419921875,0.1769533836918639
710,0.0,0.0,0.1767766952966369,2501.552490234375,1.552486538887024,2501.552490234375,0.1769533836918639
711,0.0,0.0,0.1767766952966369,2501.549072265625,1.5491209030151367,2501.549072265625,0.1769533836918639
712,0.0,0.0,0.1767766952966369,2501.556396484375,1.5564806461334229,2501.556396484375,0.1769533836918639
713,0.0,0.0,0.1767766952966369,2501.55322265625,1.5531625747680664,2501.55322265625,0.1769533836918639
714,0.0,0.0,0.1767766952966369,2501.546142578125,1.5462547540664673,2501.546142578125,0.1769533836918639
715,0.0,0.0,0.1767766952966369,2501.549560546875,1.5496623516082764,2501.549560546875,0.1769533836918639
716,0.0,0.0,0.1767766952966369,2501.553466796875,1.5535281896591187,2501.553466796875,0.1769533836918639
717,0.0,0.0,0.1767766952966369,2501.544921875,1.5448963642120361,2501.544921875,0.1769533836918639
718,0.0,0.0,0.1767766952966369,2501.56005859375,1.55998957157135,2501.56005859375,0.1769533836918639
719,0.0,0.0,0.1767766952966369,2501.54541015625,1.5454392433166504,2501.54541015625,0.1769533836918639
720,0.0,0.0,0.1767766952966369,2501.5537109375,1.5537018775939941,2501.5537109375,0.1769533836918639
721,0.0,0.0,0.1767766952966369,2501.55322265625,1.553126335144043,2501.55322265625,0.1769533836918639
722,0.0,0.0,0.1767766952966369,2501.556640625,1.5566715002059937,2501.556640625,0.1769533836918639
723,0.0,0.0,0.1767766952966369,2501.54833984375,1.5483936071395874,2501.54833984375,0.1769533836918639
724,0.0,0.0,0.1767766952966369,2501.560302734375,1.5603699684143066,2501.560302734375,0.1769533836918639
725,0.0,0.0,0.1767766952966369,2501.548828125,1.5489171743392944,2501.548828125,0.1769533836918639
726,0.0,0.0,0.1767766952966369,2501.546875,1.5469870567321777,2501.546875,0.1769533836918639
727,0.0,0.0,0.1767766952966369,2501.5595703125,1.5596834421157837,2501.5595703125,0.1769533836918639
728,0.0,0.0,0.1767766952966369,2501.546630859375,1.5466454029083252,2501.546630859375,0.1769533836918639
729,0.0,0.0,0.1767766952966369,2501.547119140625,1.5469993352890015,2501.547119140625,0.1769533836918639
730,0.0,0.0,0.1767766952966369,2501.55419921875,1.5540920495986938,2501.55419921875,0.1769533836918639
731,0.0,0.0,0.1767766952966369,2501.550048828125,1.5500648021697998,2501.550048828125,0.1769533836918639
732,0.0,0.0,0.1767766952966369,2501.549072265625,1.5489939451217651,2501.549072265625,0.1769533836918639
733,0.0,0.0,0.1767766952966369,2501.549072265625,1.548977255821228,2501.549072265625,0.1769533836918639
734,0.0,0.0,0.1767766952966369,2501.55126953125,1.5512099266052246,2501.55126953125,0.1769533836918639
735,0.0,0.0,0.1767766952966369,2501.555419921875,1.5553410053253174,2501.555419921875,0.1769533836918639
736,0.0,0.0,0.1767766952966369,2501.548828125,1.5489062070846558,2501.548828125,0.1769533836918639
737,0.0,0.0,0.1767766952966369,2501.5556640625,1.5557177066802979,2501.5556640625,0.1769533836918639
738,0.0,0.0,0.1767766952966369,2501.54931640625,1.5493507385253906,2501.54931640625,0.1769533836918639
739,0.0,0.0,0.1767766952966369,2501.551025390625,1.5511142015457153,2501.551025390625,0.1769533836918639
740,0.0,0.0,0.1767766952966369,2501.558837890625,1.5588477849960327,2501.558837890625,0.1769533836918639
741,0.0,0.0,0.1767766952966369,2501.552490234375,1.5523767471313477,2501.552490234375,0.1769533836918639
742,0.0,0.0,0.1767766952966369,2501.550048828125,1.5501397848129272,2501.550048828125,0.1769533836918639
743,0.0,0.0,0.1767766952966369,2501.55078125,1.5506902933120728,2501.55078125,0.1769533836918639
744,0.0,0.0,0.1767766952966369,2501.550048828125,1.550036072731018,2501.550048828125,0.1769533836918639
745,0.0,0.0,0.1767766952966369,2501.55419921875,1.554216742515564,2501.55419921875,0.1769533836918639
746,0.0,0.0,0.1767766952966369,2501.54736328125,1.5473254919052124,2501.54736328125,0.1769533836918639
747,0.0,0.0,0.1767766952966369,2501.555908203125,1.5558775663375854,2501.555908203125,0.1769533836918639
748,0.0,0.0,0.1767766952966369,2501.560546875,1.560664415359497,2501.560546875,0.1769533836918639
749,0.0,0.0,0.1767766952966369,2501.548583984375,1.5486878156661987,2501.548583984375,0.1769533836918639
750,0.0,0.0,0.1767766952966369,2501.561279296875,1.5612932443618774,2501.561279296875,0.1769533836918639
751,0.0,0.0,0.1767766952966369,2501.5625,1.5624206066131592,2501.5625,0.1769533836918639
752,0.0,0.0,0.1767766952966369,2501.5498046875,1.5497512817382812,2501.5498046875,0.1769533836918639
753,0.0,0.0,0.1767766952966369,2501.54638671875,1.5463119745254517,2501.54638671875,0.1769533836918639
754,0.0,0.0,0.1767766952966369,2501.549072265625,1.548997163772583,2501.549072265625,0.1769533836918639
755,0.0,0.0,0.1767766952966369,2501.5478515625,1.5477923154830933,2501.5478515625,0.1769533836918639
756,0.0,0.0,0.1767766952966369,2501.55029296875,1.5502254962921143,2501.55029296875,0.1769533836918639
757,0.0,0.0,0.1767766952966369,2501.550048828125,1.5500898361206055,2501.550048828125,0.1769533836918639
758,0.0,0.0,0.1767766952966369,2501.5556640625,1.5557491779327393,2501.5556640625,0.1769533836918639
759,0.0,0.0,0.1767766952966369,2501.546875,1.546782374382019,2501.546875,0.1769533836918639
760,0.0,0.0,0.1767766952966369,2501.5537109375,1.553707242012024,2501.5537109375,0.1769533836918639
761,0.0,0.0,0.1767766952966369,2501.54833984375,1.5483298301696777,2501.54833984375,0.1769533836918639
762,0.0,0.0,0.1767766952966369,2501.5458984375,1.545949101448059,2501.5458984375,0.1769533836918639
763,0.0,0.0,0.1767766952966369,2501.552001953125,1.551905632019043,2501.552001953125,0.1769533836918639
764,0.0,0.0,0.1767766952966369,2501.554931640625,1.5548986196517944,2501.554931640625,0.1769533836918639
765,0.0,0.0,0.1767766952966369,2501.54931640625,1.549233078956604,2501.54931640625,0.1769533836918639
766,0.0,0.0,0.1767766952966369,2501.55126953125,1.5511871576309204,2501.55126953125,0.1769533836918639
767,0.0,0.0,0.1767766952966369,2501.549072265625,1.5491836071014404,2501.549072265625,0.1769533836918639
768,0.0,0.0,0.1767766952966369,2501.54638671875,1.546323299407959,2501.54638671875,0.1769533836918639
769,0.0,0.0,0.1767766952966369,2501.5380859375,1.5380723476409912,2501.5380859375,0.1769533836918639
770,0.0,0.0,0.1767766952966369,2501.552734375,1.552781581878662,2501.552734375,0.1769533836918639
771,0.0,0.0,0.1767766952966369,2501.5517578125,1.5518091917037964,2501.5517578125,0.1769533836918639
772,0.0,0.0,0.1767766952966369,2501.55859375,1.5585116147994995,2501.55859375,0.1769533836918639
773,0.0,0.0,0.1767766952966369,2501.549560546875,1.5496680736541748,2501.549560546875,0.1769533836918639
774,0.0,0.0,0.1767766952966369,2501.544189453125,1.544236660003662,2501.544189453125,0.1769533836918639
775,0.0,0.0,0.1767766952966369,2501.557373046875,1.5574759244918823,2501.557373046875,0.1769533836918639
776,0.0,0.0,0.1767766952966369,2501.555908203125,1.555899977684021,2501.555908203125,0.1769533836918639
777,0.0,0.0,0.1767766952966369,2501.54833984375,1.548421025276184,2501.54833984375,0.1769533836918639
778,0.0,0.0,0.1767766952966369,2501.555908203125,1.5558037757873535,2501.555908203125,0.1769533836918639
779,0.0,0.0,0.1767766952966369,2501.552001953125,1.551969051361084,2501.552001953125,0.1769533836918639
780,0.0,0.0,0.1767766952966369,2501.553955078125,1.5539385080337524,2501.553955078125,0.1769533836918639
781,0.0,0.0,0.1767766952966369,2501.5556640625,1.555673360824585,2501.5556640625,0.1769533836918639
782,0.0,0.0,0.1767766952966369,2501.5517578125,1.5516501665115356,2501.5517578125,0.1769533836918639
783,0.0,0.0,0.1767766952966369,2501.560791015625,1.5608012676239014,2501.560791015625,0.1769533836918639
784,0.0,0.0,0.1767766952966369,2501.551513671875,1.5514960289001465,2501.551513671875,0.1769533836918639
785,0.0,0.0,0.1767766952966369,2501.548828125,1.5488598346710205,2501.548828125,0.1769533836918639
786,0.0,0.0,0.1767766952966369,2501.552490234375,1.5526018142700195,2501.552490234375,0.1769533836918639
787,0.0,0.0,0.1767766952966369,2501.552001953125,1.5519405603408813,2501.552001953125,0.1769533836918639
788,0.0,0.0,0.1767766952966369,2501.544189453125,1.5443089008331299,2501.544189453125,0.1769533836918639
789,0.0,0.0,0.1767766952966369,2501.540283203125,1.540220022201538,2501.540283203125,0.1769533836918639
790,0.0,0.0,0.1767766952966369,2501.548095703125,1.548067569732666,2501.548095703125,0.1769533836918639
791,0.0,0.0,0.1767766952966369,2501.54931640625,1.5493755340576172,2501.54931640625,0.1769533836918639
792,0.0,0.0,0.1767766952966369,2501.553466796875,1.5535756349563599,2501.553466796875,0.1769533836918639
793,0.0,0.0,0.1767766952966369,2501.556640625,1.5565739870071411,2501.556640625,0.1769533836918639
794,0.0,0.0,0.1767766952966369,2501.545654296875,1.5456278324127197,2501.545654296875,0.1769533836918639
795,0.0,0.0,0.1767766952966369,2501.546630859375,1.5465748310089111,2501.546630859375,0.1769533836918639
796,0.0,0.0,0.1767766952966369,2501.54638671875,1.546447515487671,2501.54638671875,0.1769533836918639
797,0.0,0.0,0.1767766952966369,2501.545166015625,1.5452797412872314,2501.545166015625,0.1769533836918639
798,0.0,0.0,0.1767766952966369,2501.548828125,1.5488617420196533,2501.548828125,0.1769533836918639
799,0.0,0.0,0.1767766952966369,2501.550537109375,1.5505690574645996,2501.550537109375,0.1769533836918639
800,0.0,0.0,0.14433756729740643,2501.544677734375,1.5447741746902466,2501.544677734375,0.1769533836918639
801,0.0,0.0,0.1767766952966369,2501.549560546875,1.5494416952133179,2501.549560546875,0.1769533836918639
802,0.0,0.0,0.1767766952966369,2501.564208984375,1.5641201734542847,2501.564208984375,0.1769533836918639
803,0.0,0.0,0.1767766952966369,2501.545166015625,1.5452511310577393,2501.545166015625,0.1769533836918639
804,0.0,0.0,0.1767766952966369,2501.552734375,1.5526622533798218,2501.552734375,0.1769533836918639
805,0.0,0.0,0.1767766952966369,2501.5498046875,1.5496997833251953,2501.5498046875,0.1769533836918639
806,0.0,0.0,0.1767766952966369,2501.546142578125,1.5461599826812744,2501.546142578125,0.1769533836918639
807,0.0,0.0,0.1767766952966369,2501.549560546875,1.5495593547821045,2501.549560546875,0.1769533836918639
808,0.0,0.0,0.1767766952966369,2501.54833984375,1.5483773946762085,2501.54833984375,0.1769533836918639
809,0.0,0.0,0.1767766952966369,2501.550537109375,1.5506341457366943,2501.550537109375,0.1769533836918639
810,0.0,0.0,0.1767766952966369,2501.552978515625,1.5529396533966064,2501.552978515625,0.1769533836918639
811,0.0,0.0,0.1767766952966369,2501.550048828125,1.5501055717468262,2501.550048828125,0.1769533836918639
812,0.0,0.0,0.1767766952966369,2501.55078125,1.5506815910339355,2501.55078125,0.1769533836918639
813,0.0,0.0,0.1767766952966369,2501.548095703125,1.548157811164856,2501.548095703125,0.1769533836918639
814,0.0,0.0,0.1767766952966369,2501.55615234375,1.5560394525527954,2501.55615234375,0.1769533836918639
815,0.0,0.0,0.1767766952966369,2501.556640625,1.556647777557373,2501.556640625,0.1769533836918639
816,0.0,0.0,0.1767766952966369,2501.555908203125,1.5560129880905151,2501.555908203125,0.1769533836918639
817,0.0,0.0,0.1767766952966369,2501.5458984375,1.5459933280944824,2501.5458984375,0.1769533836918639
818,0.0,0.0,0.1767766952966369,2501.553955078125,1.5539863109588623,2501.553955078125,0.1769533836918639
819,0.0,0.0,0.1767766952966369,2501.547119140625,1.5472251176834106,2501.547119140625,0.1769533836918639
820,0.0,0.0,0.1767766952966369,2501.54931640625,1.5492841005325317,2501.54931640625,0.1769533836918639
821,0.0,0.0,0.1767766952966369,2501.549072265625,1.548981785774231,2501.549072265625,0.1769533836918639
822,0.0,0.0,0.1767766952966369,2501.556640625,1.5567035675048828,2501.556640625,0.1769533836918639
823,0.0,0.0,0.1767766952966369,2501.54931640625,1.5492656230926514,2501.54931640625,0.1769533836918639
824,0.0,0.0,0.1767766952966369,2501.553955078125,1.5540475845336914,2501.553955078125,0.1769533836918639
825,0.0,0.0,0.1767766952966369,2501.55322265625,1.5531151294708252,2501.55322265625,0.1769533836918639
826,0.0,0.0,0.1767766952966369,2501.5546875,1.554657220840454,2501.5546875,0.1769533836918639
827,0.0,0.0,0.1767766952966369,2501.55859375,1.558638334274292,2501.55859375,0.1769533836918639
828,0.0,0.0,0.1767766952966369,2501.56396484375,1.563984751701355,2501.56396484375,0.1769533836918639
829,0.0,0.0,0.1767766952966369,2501.562255859375,1.5623153448104858,2501.562255859375,0.1769533836918639
830,0.0,0.0,0.1767766952966369,2501.552490234375,1.5526074171066284,2501.552490234375,0.1769533836918639
831,0.0,0.0,0.1767766952966369,2501.555419921875,1.5555340051651,2501.555419921875,0.1769533836918639
832,0.0,0.0,0.1767766952966369,2501.56005859375,1.560049057006836,2501.56005859375,0.1769533836918639
833,0.0,0.0,0.1767766952966369,2501.549560546875,1.5495256185531616,2501.549560546875,0.1769533836918639
834,0.0,0.0,0.1767766952966369,2501.54248046875,1.5425153970718384,2501.54248046875,0.1769533836918639
835,0.0,0.0,0.1767766952966369,2501.554443359375,1.554479718208313,2501.554443359375,0.1769533836918639
836,0.0,0.0,0.1767766952966369,2501.54736328125,1.5474419593811035,2501.54736328125,0.1769533836918639
837,0.0,0.0,0.1767766952966369,2501.552490234375,1.5525704622268677,2501.552490234375,0.1769533836918639
838,0.0,0.0,0.1767766952966369,2501.554931640625,1.5548665523529053,2501.554931640625,0.1769533836918639
839,0.0,0.0,0.1767766952966369,2501.554443359375,1.5543866157531738,2501.554443359375,0.1769533836918639
840,0.0,0.0,0.1767766952966369,2501.559814453125,1.5597476959228516,2501.559814453125,0.1769533836918639
841,0.0,0.0,0.1767766952966369,2501.549072265625,1.5490226745605469,2501.549072265625,0.1769533836918639
842,0.0,0.0,0.1767766952966369,2501.547607421875,1.5475631952285767,2501.547607421875,0.1769533836918639
843,0.0,0.0,0.1767766952966369,2501.55224609375,1.5521878004074097,2501.55224609375,0.1769533836918639
844,0.0,0.0,0.1767766952966369,2501.541015625,1.5411176681518555,2501.541015625,0.1769533836918639
845,0.0,0.0,0.1767766952966369,2501.552734375,1.5527056455612183,2501.552734375,0.1769533836918639
846,0.0,0.0,0.1767766952966369,2501.5556640625,1.555779218673706,2501.5556640625,0.1769533836918639
847,0.0,0.0,0.1767766952966369,2501.555908203125,1.5558624267578125,2501.555908203125,0.1769533836918639
848,0.0,0.0,0.1767766952966369,2501.548095703125,1.5481327772140503,2501.548095703125,0.1769533836918639
849,0.0,0.0,0.1767766952966369,2501.552734375,1.5528254508972168,2501.552734375,0.1769533836918639
850,0.0,0.0,0.1767766952966369,2501.55419921875,1.554163932800293,2501.55419921875,0.1769533836918639
851,0.0,0.0,0.1767766952966369,2501.553955078125,1.5540090799331665,2501.553955078125,0.1769533836918639
852,0.0,0.0,0.1767766952966369,2501.55126953125,1.5512596368789673,2501.55126953125,0.1769533836918639
853,0.0,0.0,0.1767766952966369,2501.549560546875,1.5495505332946777,2501.549560546875,0.1769533836918639
854,0.0,0.0,0.1767766952966369,2501.552978515625,1.5530720949172974,2501.552978515625,0.1769533836918639
855,0.0,0.0,0.1767766952966369,2501.54833984375,1.5484386682510376,2501.54833984375,0.1769533836918639
856,0.0,0.0,0.1767766952966369,2501.555908203125,1.555939793586731,2501.555908203125,0.1769533836918639
857,0.0,0.0,0.1767766952966369,2501.54931640625,1.5493552684783936,2501.54931640625,0.1769533836918639
858,0.0,0.0,0.1767766952966369,2501.554443359375,1.5545587539672852,2501.554443359375,0.1769533836918639
859,0.0,0.0,0.1767766952966369,2501.555419921875,1.555424451828003,2501.555419921875,0.1769533836918639
860,0.0,0.0,0.1767766952966369,2501.55419921875,1.5541720390319824,2501.55419921875,0.1769533836918639
861,0.0,0.0,0.1767766952966369,2501.552490234375,1.5524381399154663,2501.552490234375,0.1769533836918639
862,0.0,0.0,0.1767766952966369,2501.552734375,1.5527008771896362,2501.552734375,0.1769533836918639
863,0.0,0.0,0.1767766952966369,2501.54833984375,1.5483535528182983,2501.54833984375,0.1769533836918639
864,0.0,0.0,0.1767766952966369,2501.554443359375,1.554322600364685,2501.554443359375,0.1769533836918639
865,0.0,0.0,0.1767766952966369,2501.552490234375,1.5524873733520508,2501.552490234375,0.1769533836918639
866,0.0,0.0,0.1767766952966369,2501.553955078125,1.5539212226867676,2501.553955078125,0.1769533836918639
867,0.0,0.0,0.1767766952966369,2501.5537109375,1.5536397695541382,2501.5537109375,0.1769533836918639
868,0.0,0.0,0.1767766952966369,2501.55712890625,1.5570871829986572,2501.55712890625,0.1769533836918639
869,0.0,0.0,0.1767766952966369,2501.55517578125,1.555243730545044,2501.55517578125,0.1769533836918639
870,0.0,0.0,0.1767766952966369,2501.5595703125,1.5595766305923462,2501.5595703125,0.1769533836918639
871,0.0,0.0,0.1767766952966369,2501.55224609375,1.552168369293213,2501.55224609375,0.1769533836918639
872,0.0,0.0,0.1767766952966369,2501.555908203125,1.5559369325637817,2501.555908203125,0.1769533836918639
873,0.0,0.0,0.1767766952966369,2501.55322265625,1.5531879663467407,2501.55322265625,0.1769533836918639
874,0.0,0.0,0.1767766952966369,2501.552978515625,1.5529224872589111,2501.552978515625,0.1769533836918639
875,0.0,0.0,0.1767766952966369,2501.5595703125,1.5594629049301147,2501.5595703125,0.1769533836918639
876,0.0,0.0,0.1767766952966369,2501.55322265625,1.5531537532806396,2501.55322265625,0.1769533836918639
877,0.0,0.0,0.1767766952966369,2501.5546875,1.5547348260879517,2501.5546875,0.1769533836918639
878,0.0,0.0,0.1767766952966369,2501.55419921875,1.5541043281555176,2501.55419921875,0.1769533836918639
879,0.0,0.0,0.1767766952966369,2501.537353515625,1.5374670028686523,2501.537353515625,0.1769533836918639
880,0.0,0.0,0.1767766952966369,2501.549072265625,1.549034833908081,2501.549072265625,0.1769533836918639
881,0.0,0.0,0.1767766952966369,2501.552734375,1.5526398420333862,2501.552734375,0.1769533836918639
882,0.0,0.0,0.1767766952966369,2501.55908203125,1.559037446975708,2501.55908203125,0.1769533836918639
883,0.0,0.0,0.1767766952966369,2501.555419921875,1.5553730726242065,2501.555419921875,0.1769533836918639
884,0.0,0.0,0.1767766952966369,2501.550048828125,1.5500739812850952,2501.550048828125,0.1769533836918639
885,0.0,0.0,0.1767766952966369,2501.546875,1.546834945678711,2501.546875,0.1769533836918639
886,0.0,0.0,0.1767766952966369,2501.551025390625,1.5511425733566284,2501.551025390625,0.1769533836918639
887,0.0,0.0,0.1767766952966369,2501.56103515625,1.5610932111740112,2501.56103515625,0.1769533836918639
888,0.0,0.0,0.1767766952966369,2501.5576171875,1.55765962600708,2501.5576171875,0.1769533836918639
889,0.0,0.0,0.1767766952966369,2501.54443359375,1.5444096326828003,2501.54443359375,0.1769533836918639
890,0.0,0.0,0.1767766952966369,2501.543701171875,1.5436476469039917,2501.543701171875,0.1769533836918639
891,0.0,0.0,0.1767766952966369,2501.55322265625,1.553210735321045,2501.55322265625,0.1769533836918639
892,0.0,0.0,0.1767766952966369,2501.54345703125,1.543536901473999,2501.54345703125,0.1769533836918639
893,0.0,0.0,0.1767766952966369,2501.555908203125,1.5559782981872559,2501.555908203125,0.1769533836918639
894,0.0,0.0,0.1767766952966369,2501.556884765625,1.5569511651992798,2501.556884765625,0.1769533836918639
895,0.0,0.0,0.1767766952966369,2501.543212890625,1.5433220863342285,2501.543212890625,0.1769533836918639
896,0.0,0.0,0.1767766952966369,2501.551513671875,1.5514568090438843,2501.551513671875,0.1769533836918639
897,0.0,0.0,0.1767766952966369,2501.546630859375,1.5466493368148804,2501.546630859375,0.1769533836918639
898,0.0,0.0,0.1767766952966369,2501.55078125,1.55078125,2501.55078125,0.1769533836918639
899,0.0,0.0,0.1767766952966369,2501.549560546875,1.5496513843536377,2501.549560546875,0.1769533836918639
900,0.0,0.0,0.1767766952966369,2501.542236328125,1.5421446561813354,2501.542236328125,0.1769533836918639
901,0.0,0.0,0.1767766952966369,2501.560546875,1.5604844093322754,2501.560546875,0.1769533836918639
902,0.0,0.0,0.1767766952966369,2501.5458984375,1.5459434986114502,2501.5458984375,0.1769533836918639
903,0.0,0.0,0.1767766952966369,2501.553955078125,1.5539162158966064,2501.553955078125,0.1769533836918639
904,0.0,0.0,0.1767766952966369,2501.55615234375,1.5561803579330444,2501.55615234375,0.1769533836918639
905,0.0,0.0,0.1767766952966369,2501.5537109375,1.5537536144256592,2501.5537109375,0.1769533836918639
906,0.0,0.0,0.1767766952966369,2501.557373046875,1.5574599504470825,2501.557373046875,0.1769533836918639
907,0.0,0.0,0.1767766952966369,2501.552490234375,1.5525004863739014,2501.552490234375,0.1769533836918639
908,0.0,0.0,0.1767766952966369,2501.54052734375,1.5404258966445923,2501.54052734375,0.1769533836918639
909,0.0,0.0,0.1767766952966369,2501.546630859375,1.5465850830078125,2501.546630859375,0.1769533836918639
910,0.0,0.0,0.1767766952966369,2501.54248046875,1.5425390005111694,2501.54248046875,0.1769533836918639
911,0.0,0.0,0.1767766952966369,2501.5556640625,1.5557045936584473,2501.5556640625,0.1769533836918639
912,0.0,0.0,0.1767766952966369,2501.54443359375,1.544486165046692,2501.54443359375,0.1769533836918639
913,0.0,0.0,0.1767766952966369,2501.554443359375,1.5543632507324219,2501.554443359375,0.1769533836918639
914,0.0,0.0,0.1767766952966369,2501.566650390625,1.5666826963424683,2501.566650390625,0.1769533836918639
915,0.0,0.0,0.1767766952966369,2501.552001953125,1.5521221160888672,2501.552001953125,0.1769533836918639
916,0.0,0.0,0.1767766952966369,2501.550537109375,1.5506068468093872,2501.550537109375,0.1769533836918639
917,0.0,0.0,0.1767766952966369,2501.550537109375,1.5506494045257568,2501.550537109375,0.1769533836918639
918,0.0,0.0,0.1767766952966369,2501.54833984375,1.5482428073883057,2501.54833984375,0.1769533836918639
919,0.0,0.0,0.1767766952966369,2501.5537109375,1.5536839962005615,2501.5537109375,0.1769533836918639
920,0.0,0.0,0.1767766952966369,2501.552001953125,1.5520209074020386,2501.552001953125,0.1769533836918639
921,0.0,0.0,0.1767766952966369,2501.55224609375,1.5521526336669922,2501.55224609375,0.1769533836918639
922,0.0,0.0,0.1767766952966369,2501.54248046875,1.5425583124160767,2501.54248046875,0.1769533836918639
923,0.0,0.0,0.1767766952966369,2501.55078125,1.5507915019989014,2501.55078125,0.1769533836918639
924,0.0,0.0,0.1767766952966369,2501.552490234375,1.5524967908859253,2501.552490234375,0.1769533836918639
925,0.0,0.0,0.1767766952966369,2501.53466796875,1.5346298217773438,2501.53466796875,0.1769533836918639
926,0.0,0.0,0.1767766952966369,2501.55419921875,1.5541292428970337,2501.55419921875,0.1769533836918639
927,0.0,0.0,0.1767766952966369,2501.546875,1.5469882488250732,2501.546875,0.1769533836918639
928,0.0,0.0,0.1767766952966369,2501.55078125,1.5508953332901,2501.55078125,0.1769533836918639
929,0.0,0.0,0.1767766952966369,2501.55126953125,1.5511643886566162,2501.55126953125,0.1769533836918639
930,0.0,0.0,0.1767766952966369,2501.55615234375,1.5561819076538086,2501.55615234375,0.1769533836918639
931,0.0,0.0,0.1767766952966369,2501.55078125,1.5507757663726807,2501.55078125,0.1769533836918639
932,0.0,0.0,0.1767766952966369,2501.5546875,1.5547163486480713,2501.5546875,0.1769533836918639
933,0.0,0.0,0.1767766952966369,2501.550537109375,1.5504754781723022,2501.550537109375,0.1769533836918639
934,0.0,0.0,0.1767766952966369,2501.553466796875,1.5535862445831299,2501.553466796875,0.1769533836918639
935,0.0,0.0,0.1767766952966369,2501.55029296875,1.5503349304199219,2501.55029296875,0.1769533836918639
936,0.0,0.0,0.1767766952966369,2501.55419921875,1.5542808771133423,2501.55419921875,0.1769533836918639
937,0.0,0.0,0.1767766952966369,2501.550048828125,1.5500396490097046,2501.550048828125,0.1769533836918639
938,0.0,0.0,0.1767766952966369,2501.5419921875,1.5420490503311157,2501.5419921875,0.1769533836918639
939,0.0,0.0,0.1767766952966369,2501.54736328125,1.5472599267959595,2501.54736328125,0.1769533836918639
940,0.0,0.0,0.1767766952966369,2501.54833984375,1.5483009815216064,2501.54833984375,0.1769533836918639
941,0.0,0.0,0.1767766952966369,2501.5537109375,1.5536103248596191,2501.5537109375,0.1769533836918639
942,0.0,0.0,0.1767766952966369,2501.546875,1.5468357801437378,2501.546875,0.1769533836918639
943,0.0,0.0,0.1767766952966369,2501.54150390625,1.5414867401123047,2501.54150390625,0.1769533836918639
944,0.0,0.0,0.1767766952966369,2501.547607421875,1.5475358963012695,2501.547607421875,0.1769533836918639
945,0.0,0.0,0.1767766952966369,2501.55419921875,1.5542075634002686,2501.55419921875,0.1769533836918639
946,0.0,0.0,0.1767766952966369,2501.551513671875,1.55153226852417,2501.551513671875,0.1769533836918639
947,0.0,0.0,0.1767766952966369,2501.550048828125,1.5501294136047363,2501.550048828125,0.1769533836918639
948,0.0,0.0,0.1767766952966369,2501.55517578125,1.5552183389663696,2501.55517578125,0.1769533836918639
949,0.0,0.0,0.1767766952966369,2501.548583984375,1.5486122369766235,2501.548583984375,0.1769533836918639
950,0.0,0.0,0.1767766952966369,2501.558837890625,1.558791160583496,2501.558837890625,0.1769533836918639
951,0.0,0.0,0.1767766952966369,2501.546142578125,1.5460697412490845,2501.546142578125,0.1769533836918639
952,0.0,0.0,0.1767766952966369,2501.55322265625,1.5531895160675049,2501.55322265625,0.1769533836918639
953,0.0,0.0,0.1767766952966369,2501.553466796875,1.5534553527832031,2501.553466796875,0.1769533836918639
954,0.0,0.0,0.1767766952966369,2501.5595703125,1.5595722198486328,2501.5595703125,0.1769533836918639
955,0.0,0.0,0.1767766952966369,2501.541748046875,1.5417484045028687,2501.541748046875,0.1769533836918639
956,0.0,0.0,0.1767766952966369,2501.552490234375,1.5524826049804688,2501.552490234375,0.1769533836918639
957,0.0,0.0,0.1767766952966369,2501.55859375,1.558667778968811,2501.55859375,0.1769533836918639
958,0.0,0.0,0.1767766952966369,2501.544677734375,1.544750690460205,2501.544677734375,0.1769533836918639
959,0.0,0.0,0.1767766952966369,2501.55224609375,1.552150011062622,2501.55224609375,0.1769533836918639
960,0.0,0.0,0.1767766952966369,2501.54931640625,1.54941725730896,2501.54931640625,0.1769533836918639
961,0.0,0.0,0.1767766952966369,2501.55078125,1.5508564710617065,2501.55078125,0.1769533836918639
962,0.0,0.0,0.1767766952966369,2501.54443359375,1.5445163249969482,2501.54443359375,0.1769533836918639
963,0.0,0.0,0.1767766952966369,2501.55810546875,1.5580118894577026,2501.55810546875,0.1769533836918639
964,0.0,0.0,0.1767766952966369,2501.553955078125,1.5539528131484985,2501.553955078125,0.1769533836918639
965,0.0,0.0,0.1767766952966369,2501.55078125,1.5508159399032593,2501.55078125,0.1769533836918639
966,0.0,0.0,0.1767766952966369,2501.56103515625,1.5610861778259277,2501.56103515625,0.1769533836918639
967,0.0,0.0,0.1767766952966369,2501.54052734375,1.5405412912368774,2501.54052734375,0.1769533836918639
968,0.0,0.0,0.1767766952966369,2501.536376953125,1.536309003829956,2501.536376953125,0.1769533836918639
969,0.0,0.0,0.1767766952966369,2501.5546875,1.5547422170639038,2501.5546875,0.1769533836918639
970,0.0,0.0,0.1767766952966369,2501.549560546875,1.5496397018432617,2501.549560546875,0.1769533836918639
971,0.0,0.0,0.1767766952966369,2501.554443359375,1.5543571710586548,2501.554443359375,0.1769533836918639
972,0.0,0.0,0.1767766952966369,2501.55810546875,1.5582261085510254,2501.55810546875,0.1769533836918639
973,0.0,0.0,0.1767766952966369,2501.556884765625,1.5568289756774902,2501.556884765625,0.1769533836918639
974,0.0,0.0,0.1767766952966369,2501.5537109375,1.5537707805633545,2501.5537109375,0.1769533836918639
975,0.0,0.0,0.1767766952966369,2501.556884765625,1.5569002628326416,2501.556884765625,0.1769533836918639
976,0.0,0.0,0.1767766952966369,2501.54931640625,1.5494370460510254,2501.54931640625,0.1769533836918639
977,0.0,0.0,0.1767766952966369,2501.55517578125,1.555185079574585,2501.55517578125,0.1769533836918639
978,0.0,0.0,0.1767766952966369,2501.54736328125,1.5474222898483276,2501.54736328125,0.1769533836918639
979,0.0,0.0,0.1767766952966369,2501.550537109375,1.5504581928253174,2501.550537109375,0.1769533836918639
980,0.0,0.0,0.1767766952966369,2501.544189453125,1.544240951538086,2501.544189453125,0.1769533836918639
981,0.0,0.0,0.1767766952966369,2501.552734375,1.5528048276901245,2501.552734375,0.1769533836918639
982,0.0,0.0,0.1767766952966369,2501.549560546875,1.5495460033416748,2501.549560546875,0.1769533836918639
983,0.0,0.0,0.1767766952966369,2501.552001953125,1.5519225597381592,2501.552001953125,0.1769533836918639
984,0.0,0.0,0.1767766952966369,2501.55908203125,1.5590091943740845,2501.55908203125,0.1769533836918639
985,0.0,0.0,0.1767766952966369,2501.55908203125,1.5590380430221558,2501.55908203125,0.1769533836918639
986,0.0,0.0,0.1767766952966369,2501.549072265625,1.5491911172866821,2501.549072265625,0.1769533836918639
987,0.0,0.0,0.1767766952966369,2501.5537109375,1.5535893440246582,2501.5537109375,0.1769533836918639
988,0.0,0.0,0.1767766952966369,2501.551025390625,1.5509048700332642,2501.551025390625,0.1769533836918639
989,0.0,0.0,0.1767766952966369,2501.548095703125,1.5479880571365356,2501.548095703125,0.1769533836918639
990,0.0,0.0,0.1767766952966369,2501.545654296875,1.5456452369689941,2501.545654296875,0.1769533836918639
991,0.0,0.0,0.1767766952966369,2501.5478515625,1.5479109287261963,2501.5478515625,0.1769533836918639
992,0.0,0.0,0.1767766952966369,2501.54638671875,1.5463507175445557,2501.54638671875,0.1769533836918639
993,0.0,0.0,0.1767766952966369,2501.548583984375,1.5486955642700195,2501.548583984375,0.1769533836918639
994,0.0,0.0,0.1767766952966369,2501.550048828125,1.5501376390457153,2501.550048828125,0.1769533836918639
995,0.0,0.0,0.1767766952966369,2501.557373046875,1.5573322772979736,2501.557373046875,0.1769533836918639
996,0.0,0.0,0.1767766952966369,2501.54638671875,1.546432614326477,2501.54638671875,0.1769533836918639
997,0.0,0.0,0.1767766952966369,2501.54736328125,1.5472429990768433,2501.54736328125,0.1769533836918639
998,0.0,0.0,0.1767766952966369,2501.545166015625,1.5452765226364136,2501.545166015625,0.1769533836918639
999,0.0,0.0,0.1767766952966369,2501.551025390625,1.5510650873184204,2501.551025390625,0.1769533836918639
1000,0.0,0.0,0.1767766952966369,2501.5576171875,1.5575586557388306,2501.5576171875,0.1769533836918639
