0,1.59416663646698,1.2616666555404663,0.41004815315779763,2433.322265625,1.1048526763916016,2433.322265625
1,2.426666498184204,1.6066666841506958,0.42624947833057863,2400.875732421875,1.0655728578567505,2400.875732421875
2,3.0349998474121094,1.7266666889190674,0.42250729569725254,2389.4951171875,1.0652912855148315,2389.4951171875
3,3.8891665935516357,2.0266666412353516,0.48948174605141676,2354.61865234375,1.0494647026062012,2354.61865234375
4,4.9033331871032715,2.2716667652130127,0.4603855962210234,2330.330810546875,1.0376896858215332,2330.330810546875
5,6.684999942779541,2.6758334636688232,0.4869847111885005,2271.596435546875,1.034663438796997,2271.596435546875
6,7.842499732971191,2.9141666889190674,0.48350176501690584,2246.5439453125,1.0381808280944824,2246.5439453125
7,8.598333358764648,3.0924999713897705,0.4834493473527509,2219.723388671875,1.0151081085205078,2219.723388671875
8,10.011667251586914,3.2825000286102295,0.47166898732560814,2194.879150390625,0.9957791566848755,2194.879150390625
9,13.765832901000977,3.8491666316986084,0.4898624538526566,2133.1650390625,0.9810511469841003,2133.1650390625
10,14.704166412353516,4.118333339691162,0.4816446965788418,2137.56298828125,0.9956631064414978,2137.56298828125
11,16.25083351135254,4.349166393280029,0.4798003539665904,2078.47021484375,0.9395294785499573,2078.47021484375
12,17.162500381469727,4.55916690826416,0.556076284417645,2123.40966796875,0.91206955909729,2123.40966796875
13,20.64000129699707,5.014999866485596,0.46348588819897685,2069.26611328125,0.9329252243041992,2069.26611328125
14,21.725833892822266,5.368333339691162,0.4999479746773362,2050.701171875,0.9036051630973816,2050.701171875
15,23.719165802001953,5.81083345413208,0.4880872342284206,2029.840087890625,0.885808527469635,2029.840087890625
16,24.640832901000977,5.875833511352539,0.4839189475320073,2032.338623046875,0.8594854474067688,2032.338623046875
17,24.24333381652832,5.829999923706055,0.4830445117774086,2024.642333984375,0.8873593807220459,2024.642333984375
18,23.023332595825195,5.777499675750732,0.44979798578543956,2029.401123046875,0.8728527426719666,2029.401123046875
19,27.1733341217041,6.2733330726623535,0.4356289063187111,2024.8094482421875,0.8545099496841431,2024.8094482421875
20,26.975833892822266,6.494166851043701,0.46130366346408536,2049.403564453125,0.8192300796508789,2049.403564453125
21,28.038331985473633,6.627500057220459,0.46748303629600124,2062.1533203125,0.8333327770233154,2062.1533203125
22,28.997499465942383,6.764166831970215,0.4722637589117424,2051.817138671875,0.8212890625,2051.817138671875
23,31.286664962768555,7.212500095367432,0.4627916071451332,2062.800048828125,0.7850455045700073,2062.800048828125
24,31.78499984741211,7.2083330154418945,0.4444981821236578,2065.1591796875,0.810691237449646,2065.1591796875
25,33.173336029052734,7.7816667556762695,0.4679074968862612,2053.26416015625,0.7959362268447876,2053.26416015625
26,33.27333450317383,7.700833797454834,0.4615423453236646,2083.652587890625,0.809328556060791,2083.652587890625
27,32.4474983215332,7.569167137145996,0.47263492574441074,2045.1063232421875,0.7821575403213501,2045.1063232421875
28,32.50666427612305,7.675833225250244,0.4148381599124412,2075.060302734375,0.7671076059341431,2075.060302734375
29,33.6349983215332,7.96583366394043,0.46866116496171883,2081.890869140625,0.7892649173736572,2081.890869140625
30,34.16166687011719,8.029166221618652,0.4510022071795077,2071.986083984375,0.7360777854919434,2071.986083984375
31,33.548336029052734,7.867500305175781,0.4545095222446619,2071.193359375,0.7750858068466187,2071.193359375
32,35.56666564941406,8.3149995803833,0.43061899003066534,2125.35546875,0.7453690767288208,2125.35546875
33,36.0091667175293,8.519999504089355,0.42470150138717117,2075.484375,0.7319808006286621,2075.484375
34,36.307498931884766,8.634166717529297,0.40472568510764073,2088.30615234375,0.7270467281341553,2088.30615234375
35,34.83749771118164,8.234166145324707,0.41256525841549524,2122.2822265625,0.7446374893188477,2122.2822265625
36,36.2599983215332,8.292499542236328,0.4219148078183845,2105.412841796875,0.7713191509246826,2105.412841796875
37,37.64500045776367,8.938333511352539,0.40124352663757323,2095.314208984375,0.7141640186309814,2095.314208984375
38,34.35333251953125,8.232500076293945,0.42591692387983204,2036.9166259765625,0.7599496841430664,2036.9166259765625
39,36.53999710083008,8.50583267211914,0.4488301012641999,2095.26806640625,0.7263038158416748,2095.26806640625
40,35.79916763305664,8.364166259765625,0.39645579029726935,2076.98876953125,0.7446879148483276,2076.98876953125
41,36.28333282470703,8.639166831970215,0.41915939211740555,2094.070068359375,0.7134572267532349,2094.070068359375
42,37.27916717529297,8.673333168029785,0.4221470977935276,2115.158447265625,0.745797872543335,2115.158447265625
43,33.86000061035156,7.961666584014893,0.41800846622347293,2046.783203125,0.7298767566680908,2046.783203125
44,36.92583465576172,8.661666870117188,0.38303615629247245,2094.427490234375,0.7150231599807739,2094.427490234375
45,34.225833892822266,8.011666297912598,0.4075225047196174,2055.514892578125,0.7590985298156738,2055.514892578125
46,35.93333435058594,8.354999542236328,0.4173577979286481,2087.1025390625,0.7275981903076172,2087.1025390625
47,34.705833435058594,8.175833702087402,0.393403719548061,2083.8271484375,0.7380762100219727,2083.8271484375
48,35.56083297729492,8.232500076293945,0.4429277319044175,2099.173583984375,0.7527444362640381,2099.173583984375
49,36.0816650390625,8.395833969116211,0.4336251872851971,2047.999267578125,0.7325805425643921,2047.999267578125
50,33.62083435058594,8.009166717529297,0.4567578153006697,2014.6416015625,0.7223803997039795,2014.6416015625
51,33.125831604003906,7.81083345413208,0.440034728666336,1968.472900390625,0.7637581825256348,1968.472900390625
52,34.348331451416016,8.238333702087402,0.44322738843624143,2019.8641357421875,0.7158536911010742,2019.8641357421875
53,32.66166687011719,7.804166316986084,0.4208065108957786,2006.9716796875,0.7449526786804199,2006.9716796875
54,33.01750183105469,7.823333263397217,0.4583959543484656,2000.746826171875,0.7459652423858643,2000.746826171875
55,34.07416534423828,7.992500305175781,0.39600293250428276,2048.555419921875,0.7077968120574951,2048.555419921875
56,32.426666259765625,7.55750036239624,0.4625928033009296,2033.3048095703125,0.7431617975234985,2033.3048095703125
57,32.587501525878906,7.814999580383301,0.3833098122979059,2012.5025634765625,0.7467377185821533,2012.5025634765625
58,34.37333297729492,8.075000762939453,0.4082027877141536,2025.528564453125,0.7652419805526733,2025.528564453125
59,32.804168701171875,7.713333606719971,0.4429052121235987,2015.540283203125,0.7593926191329956,2015.540283203125
60,32.7933349609375,7.735833644866943,0.43085254248413174,2000.6175537109375,0.7442758083343506,2000.6175537109375
61,32.72416687011719,7.722499847412109,0.44524223221965686,1993.907470703125,0.7833677530288696,1993.907470703125
62,32.21833419799805,7.567500114440918,0.47854592909371924,2003.4647216796875,0.7480337619781494,2003.4647216796875
63,31.338333129882812,7.429999828338623,0.493967657573969,1974.8040771484375,0.7590177059173584,1974.8040771484375
64,32.393333435058594,7.774999618530273,0.48153643864654533,1990.0806884765625,0.7573446035385132,1990.0806884765625
65,31.293333053588867,7.422500133514404,0.44135869074116185,1994.587890625,0.7745788097381592,1994.587890625
66,31.89583396911621,7.293333053588867,0.46711433374816325,1982.9560546875,0.7686035633087158,1982.9560546875
67,30.831666946411133,7.50499963760376,0.4130920292568629,1957.5780029296875,0.7829902172088623,1957.5780029296875
68,31.47333335876465,7.503333568572998,0.4293267818535465,1969.81005859375,0.7683955430984497,1969.81005859375
69,31.468334197998047,7.401666641235352,0.43700892416090886,1985.869384765625,0.7443457841873169,1985.869384765625
70,31.003332138061523,7.381666660308838,0.4863497661135898,1961.494140625,0.759211540222168,1961.494140625
71,30.684167861938477,7.325833320617676,0.4294249745043063,1981.9520263671875,0.7861931324005127,1981.9520263671875
72,30.164167404174805,7.256666660308838,0.45123260767319834,1954.6541748046875,0.7449705600738525,1954.6541748046875
73,29.695833206176758,7.094166278839111,0.4257904753864123,1967.8704833984375,0.7796519994735718,1967.8704833984375
74,29.415834426879883,6.947500228881836,0.4407806079150011,1943.1256103515625,0.7565110921859741,1943.1256103515625
75,31.459999084472656,7.486666679382324,0.44104452559345225,1959.202392578125,0.7424027919769287,1959.202392578125
76,29.46666717529297,7.12666654586792,0.41528171588780266,1960.607666015625,0.7593368291854858,1960.607666015625
77,28.0766658782959,6.867499828338623,0.4184066650898712,1927.7467041015625,0.7599997520446777,1927.7467041015625
78,30.183332443237305,7.140832901000977,0.46918299591688695,1944.693359375,0.7500150203704834,1944.693359375
79,29.64499855041504,7.309166431427002,0.4011915589845171,1935.4163818359375,0.74305260181427,1935.4163818359375
80,27.94583511352539,6.944166660308838,0.40039057343859785,1964.335205078125,0.7543816566467285,1964.335205078125
81,29.57000160217285,7.104166507720947,0.4311139789464611,1935.60009765625,0.7551777362823486,1935.60009765625
82,27.924999237060547,6.8933329582214355,0.4855612009963396,1969.2254638671875,0.7537350654602051,1969.2254638671875
83,28.98166847229004,7.043333530426025,0.5043122430008772,1946.143798828125,0.780566930770874,1946.143798828125
84,28.90833282470703,7.047499656677246,0.445590719427545,1916.352294921875,0.7539595365524292,1916.352294921875
85,30.20166778564453,7.255000114440918,0.4246237920146071,1943.34326171875,0.7598288059234619,1943.34326171875
86,28.915834426879883,6.944166660308838,0.4451796130505909,1952.239990234375,0.7208683490753174,1952.239990234375
87,29.296667098999023,7.103333473205566,0.47484729656397007,1930.978271484375,0.7499269247055054,1930.978271484375
88,28.58416748046875,7.180832862854004,0.45178415020181983,1929.5245361328125,0.7786674499511719,1929.5245361328125
89,29.7358341217041,7.141666889190674,0.47503868262310145,1958.481689453125,0.7325239181518555,1958.481689453125
90,28.88249969482422,6.996666431427002,0.42573245179691566,1921.110107421875,0.6942248344421387,1921.110107421875
91,27.517499923706055,6.837500095367432,0.49107242814514585,1933.505126953125,0.7510231733322144,1933.505126953125
92,27.892499923706055,6.769166946411133,0.48202021949028123,1979.1463623046875,0.7872347831726074,1979.1463623046875
93,28.540834426879883,7.014166355133057,0.41230208173940963,1929.969970703125,0.7324651479721069,1929.969970703125
94,28.085834503173828,6.8541669845581055,0.42432757354962636,1930.4202880859375,0.7628761529922485,1930.4202880859375
95,29.78333282470703,7.240000247955322,0.4873991393862007,1938.8455810546875,0.7238991260528564,1938.8455810546875
96,28.286664962768555,7.002499580383301,0.4737434165535218,1899.7119140625,0.705243706703186,1899.7119140625
97,28.33249855041504,7.050833225250244,0.4405040711941204,1933.6248779296875,0.7424453496932983,1933.6248779296875
98,28.774166107177734,7.025833606719971,0.451649798356384,1925.1851806640625,0.7543861865997314,1925.1851806640625
99,29.72916603088379,7.127500534057617,0.43914632866478853,1899.25390625,0.7314406633377075,1899.25390625
100,28.20083236694336,7.010833263397217,0.4540472192170289,1917.6339111328125,0.7330459356307983,1917.6339111328125
101,28.996667861938477,7.102499961853027,0.46971157854725365,1903.69384765625,0.73894202709198,1903.69384765625
102,29.149999618530273,7.022500038146973,0.4418449927248519,1940.1436767578125,0.720282793045044,1940.1436767578125
103,28.613332748413086,7.202500343322754,0.4533261207962247,1924.8831787109375,0.7331066131591797,1924.8831787109375
104,29.539167404174805,7.210000038146973,0.4714920951862897,1941.069091796875,0.7416099309921265,1941.069091796875
105,29.66083335876465,7.21750020980835,0.5061996432598816,1928.763916015625,0.7047202587127686,1928.763916015625
106,27.865833282470703,7.050000190734863,0.484579581643646,1905.962646484375,0.6867954730987549,1905.962646484375
107,28.885831832885742,7.085000038146973,0.4266179777259292,1937.4560546875,0.7502539157867432,1937.4560546875
108,29.046667098999023,7.174167156219482,0.4796620534466128,1915.1502685546875,0.7219209671020508,1915.1502685546875
109,28.50750160217285,6.941666603088379,0.4685889058438771,1930.48828125,0.7557731866836548,1930.48828125
110,30.30333137512207,7.492499828338623,0.5157863307583868,1930.3800048828125,0.7433110475540161,1930.3800048828125
111,27.795833587646484,6.996666431427002,0.5069210281546643,1876.6163330078125,0.7471591234207153,1876.6163330078125
112,28.761667251586914,7.038333415985107,0.4458282259284195,1910.363525390625,0.7069424390792847,1910.363525390625
113,29.399166107177734,7.233333587646484,0.46796916266730054,1921.5069580078125,0.7011935710906982,1921.5069580078125
114,28.135833740234375,7.022500038146973,0.5101249106911735,1922.626708984375,0.7375481128692627,1922.626708984375
115,28.991666793823242,7.129167079925537,0.4563822304659423,1914.6734619140625,0.7517719268798828,1914.6734619140625
116,27.49916648864746,6.84833288192749,0.44370291737808476,1909.4423828125,0.719821572303772,1909.4423828125
117,27.471668243408203,6.979999542236328,0.4456304634221592,1906.5501708984375,0.7101582288742065,1906.5501708984375
118,29.48833465576172,7.1458330154418945,0.4445754004132153,1921.14697265625,0.708665132522583,1921.14697265625
119,28.88166618347168,7.230000019073486,0.4804148446963891,1913.8060302734375,0.7126864194869995,1913.8060302734375
120,28.241666793823242,7.170000076293945,0.49059864951343546,1886.50537109375,0.671937108039856,1886.50537109375
121,28.23416519165039,7.105833053588867,0.44699512785704,1898.1173095703125,0.7048410177230835,1898.1173095703125
122,28.20083236694336,7.164999961853027,0.4872722941284426,1852.747802734375,0.6820470094680786,1852.747802734375
123,29.122499465942383,7.25166654586792,0.4883960709086295,1909.33203125,0.7178932428359985,1909.33203125
124,28.751665115356445,7.201666355133057,0.5060743152245368,1883.62451171875,0.6745529174804688,1883.62451171875
125,28.618331909179688,7.127500534057617,0.5100470659789261,1874.537109375,0.7171378135681152,1874.537109375
126,28.24249839782715,7.040833473205566,0.45728542226097135,1889.8262939453125,0.690484881401062,1889.8262939453125
127,28.330833435058594,7.219166278839111,0.4927283474028229,1868.383056640625,0.7271701097488403,1868.383056640625
128,29.266666412353516,7.210000038146973,0.515060546839196,1884.4857177734375,0.7207294702529907,1884.4857177734375
129,27.872499465942383,7.0341668128967285,0.4800097974689742,1872.0059814453125,0.6835299730300903,1872.0059814453125
130,29.563335418701172,7.355000019073486,0.5114234611930394,1902.213134765625,0.7181494235992432,1902.213134765625
131,28.094165802001953,7.2758331298828125,0.46401303582418163,1865.69140625,0.7223422527313232,1865.69140625
132,28.99416732788086,7.265832901000977,0.48716108979645967,1896.272216796875,0.7430214881896973,1896.272216796875
133,28.926668167114258,7.328333854675293,0.4675233840683045,1888.877685546875,0.7060120105743408,1888.877685546875
134,29.217498779296875,7.360833168029785,0.4359733346920376,1915.6134033203125,0.6974594593048096,1915.6134033203125
135,29.442501068115234,7.3958330154418945,0.5192136272530032,1893.52734375,0.6364457607269287,1893.52734375
136,28.217500686645508,7.254167079925537,0.516089210793491,1889.37060546875,0.6997934579849243,1889.37060546875
137,28.010833740234375,7.220000267028809,0.5004346439806271,1877.09033203125,0.6794716119766235,1877.09033203125
138,29.313335418701172,7.4741668701171875,0.525043751698531,1879.324951171875,0.6398603916168213,1879.324951171875
139,28.86750030517578,7.417500019073486,0.48472677078783344,1884.866455078125,0.6439744234085083,1884.866455078125
140,29.46416664123535,7.327499866485596,0.45067561971601433,1898.8436279296875,0.729517936706543,1898.8436279296875
141,29.79666519165039,7.44249963760376,0.46842354022183064,1892.5968017578125,0.6867203712463379,1892.5968017578125
142,28.468334197998047,7.255833625793457,0.4930054535563424,1867.1444091796875,0.689429759979248,1867.1444091796875
143,29.135831832885742,7.413333892822266,0.4849985678479718,1871.0020751953125,0.6895867586135864,1871.0020751953125
144,29.54666519165039,7.579999923706055,0.5039481601328976,1855.8370361328125,0.6787436008453369,1855.8370361328125
145,29.232498168945312,7.347500324249268,0.5096472088835464,1862.0352783203125,0.6460856199264526,1862.0352783203125
146,29.20916748046875,7.40916633605957,0.4884849579157281,1875.2734375,0.6742649078369141,1875.2734375
147,28.335834503173828,7.311666965484619,0.467108308920942,1912.4412841796875,0.697201132774353,1912.4412841796875
148,29.51999855041504,7.394166946411133,0.5111653061527299,1853.033935546875,0.660697340965271,1853.033935546875
149,30.89083480834961,7.447499752044678,0.5051729254567932,1913.88623046875,0.683739423751831,1913.88623046875
150,29.63666534423828,7.491666793823242,0.5107288453697931,1865.7337646484375,0.6603889465332031,1865.7337646484375
151,30.03583335876465,7.423333168029785,0.5485643640894748,1857.5714111328125,0.6605281829833984,1857.5714111328125
152,30.210834503173828,7.577499866485596,0.47232225986021537,1877.3388671875,0.6497023105621338,1877.3388671875
153,30.674165725708008,7.695833683013916,0.4821090702765113,1831.0853271484375,0.6261981725692749,1831.0853271484375
154,29.9950008392334,7.701666831970215,0.46494326409916836,1877.6837158203125,0.6353918313980103,1877.6837158203125
155,30.179166793823242,7.664166450500488,0.5068127796261797,1879.656494140625,0.635662317276001,1879.656494140625
156,30.776668548583984,7.808333396911621,0.5250346378563319,1882.4449462890625,0.6348415613174438,1882.4449462890625
157,30.745834350585938,7.772500038146973,0.5001766585112701,1863.4945068359375,0.6236127614974976,1863.4945068359375
158,29.559165954589844,7.576666831970215,0.4804910230207067,1877.0291748046875,0.6550840139389038,1877.0291748046875
159,30.006668090820312,7.659999847412109,0.5042090939309893,1854.5538330078125,0.6638020277023315,1854.5538330078125
160,29.602500915527344,7.726666450500488,0.544351964896147,1854.2794189453125,0.6568716764450073,1854.2794189453125
161,30.28333282470703,7.714166641235352,0.503595362649762,1860.537109375,0.6304340362548828,1860.537109375
162,29.913333892822266,7.727499961853027,0.5286596098611102,1833.1080322265625,0.6430318355560303,1833.1080322265625
163,29.977500915527344,7.66083288192749,0.5339583568436137,1866.893310546875,0.6274241209030151,1866.893310546875
164,30.18833351135254,7.744166851043701,0.5127114639838717,1861.7642822265625,0.6292788982391357,1861.7642822265625
165,30.452499389648438,7.6533331871032715,0.48124612980456427,1864.539794921875,0.6006016731262207,1864.539794921875
166,30.28333282470703,7.833333492279053,0.5529171795033168,1821.01171875,0.6116464138031006,1821.01171875
167,29.559165954589844,7.668333530426025,0.4598190804894751,1869.17138671875,0.6188898086547852,1869.17138671875
168,29.17749786376953,7.626667022705078,0.46453747270822887,1828.2469482421875,0.6243869066238403,1828.2469482421875
169,30.182498931884766,7.803333759307861,0.5243024719310785,1831.767578125,0.6351422071456909,1831.767578125
170,29.688335418701172,7.699999809265137,0.48714704898270195,1844.868408203125,0.643485426902771,1844.868408203125
171,28.796667098999023,7.293333053588867,0.4855670617732297,1847.958740234375,0.6470489501953125,1847.958740234375
172,29.36750030517578,7.665832996368408,0.5011961542306014,1818.486328125,0.5854949951171875,1818.486328125
173,28.755834579467773,7.576666831970215,0.5209610251245929,1822.421142578125,0.6170030832290649,1822.421142578125
174,29.365835189819336,7.926666736602783,0.5236758987762798,1840.7086181640625,0.6194692850112915,1840.7086181640625
175,29.272499084472656,7.544166564941406,0.5425818728613543,1811.183349609375,0.660879373550415,1811.183349609375
176,29.484167098999023,7.53000020980835,0.505498290090024,1852.197509765625,0.6167408227920532,1852.197509765625
177,29.855833053588867,7.590000152587891,0.4932397941555632,1817.179443359375,0.7035870552062988,1817.179443359375
178,29.97249984741211,7.8458333015441895,0.5328341724807861,1846.462646484375,0.6351304054260254,1846.462646484375
179,28.697500228881836,7.641666412353516,0.5147006439814035,1807.68310546875,0.6689202785491943,1807.68310546875
180,29.51999855041504,7.607500076293945,0.5032077481452931,1801.3475341796875,0.6709061861038208,1801.3475341796875
181,29.246667861938477,7.824166774749756,0.5141080592878569,1838.7855224609375,0.622247576713562,1838.7855224609375
182,28.9858341217041,7.457499980926514,0.5302301828111914,1800.3682861328125,0.5957773923873901,1800.3682861328125
183,29.200834274291992,7.785833835601807,0.5367621045871346,1812.3856201171875,0.6364630460739136,1812.3856201171875
184,29.56916618347168,7.725833415985107,0.5555096232109531,1797.9185791015625,0.5927294492721558,1797.9185791015625
185,29.491666793823242,7.767499923706055,0.52955226009655,1812.938232421875,0.6165218353271484,1812.938232421875
186,29.130834579467773,7.793333530426025,0.5098628225406242,1799.583740234375,0.6362112760543823,1799.583740234375
187,30.600833892822266,7.837499618530273,0.5313859477460697,1828.8416748046875,0.622532844543457,1828.8416748046875
188,30.610000610351562,7.921666622161865,0.539877917333097,1795.0369873046875,0.6336262226104736,1795.0369873046875
189,29.9233341217041,8.039166450500488,0.5896600144697796,1807.86572265625,0.6106806993484497,1807.86572265625
190,29.319997787475586,7.880833148956299,0.566828534039495,1798.1982421875,0.5882675647735596,1798.1982421875
191,28.822500228881836,7.74666690826416,0.596272928754228,1781.1246337890625,0.6021174192428589,1781.1246337890625
192,30.429166793823242,7.87333345413208,0.5485898343551292,1786.0084228515625,0.5659430027008057,1786.0084228515625
193,29.294166564941406,7.694167137145996,0.6002989524529565,1812.7083740234375,0.5941884517669678,1812.7083740234375
194,30.054166793823242,7.970000267028809,0.5498634413539875,1801.455078125,0.5909284353256226,1801.455078125
195,29.60333251953125,7.938333511352539,0.5336012943155883,1811.7369384765625,0.6286065578460693,1811.7369384765625
196,29.939165115356445,8.237500190734863,0.5700689551111614,1798.1561279296875,0.6053626537322998,1798.1561279296875
197,29.969999313354492,8.099165916442871,0.5702075715164786,1792.588623046875,0.5519512891769409,1792.588623046875
198,30.50583267211914,8.070833206176758,0.5884548566825498,1797.4798583984375,0.6690841913223267,1797.4798583984375
199,29.044166564941406,7.867500305175781,0.5544495472940019,1779.453125,0.5789473056793213,1779.453125
200,30.334165573120117,8.157500267028809,0.5524015339821319,1790.1700439453125,0.5774657726287842,1790.1700439453125
201,30.16916847229004,8.155000686645508,0.5576443454173675,1773.4200439453125,0.6075869798660278,1773.4200439453125
202,28.321664810180664,7.722499847412109,0.5411951494588882,1775.5660400390625,0.5793730020523071,1775.5660400390625
203,30.029165267944336,8.054166793823242,0.5724273881834103,1776.62548828125,0.5562909841537476,1776.62548828125
204,31.239166259765625,8.164999961853027,0.5800606540254016,1781.0089111328125,0.521406888961792,1781.0089111328125
205,30.547500610351562,8.151666641235352,0.5412788956837161,1789.5867919921875,0.5693614482879639,1789.5867919921875
206,30.639999389648438,8.394166946411133,0.5551841588848582,1771.496337890625,0.5662868022918701,1771.496337890625
207,29.707500457763672,7.943333625793457,0.6388599165268407,1786.2401123046875,0.5841988325119019,1786.2401123046875
208,30.074167251586914,8.116666793823242,0.5812076048597851,1753.79052734375,0.6162968873977661,1753.79052734375
209,29.622501373291016,7.930000305175781,0.54623724436058,1775.939208984375,0.5950688123703003,1775.939208984375
210,29.690832138061523,7.957500457763672,0.5754442889789365,1800.057861328125,0.6153186559677124,1800.057861328125
211,29.517498016357422,8.183333396911621,0.5655828821421567,1790.0367431640625,0.5626260042190552,1790.0367431640625
212,30.928335189819336,8.433333396911621,0.6132469912577865,1768.6588134765625,0.5888267755508423,1768.6588134765625
213,29.4950008392334,8.045833587646484,0.5572042111712052,1746.722412109375,0.5590437650680542,1746.722412109375
214,29.420000076293945,8.061666488647461,0.5790728987684377,1745.2750244140625,0.5516606569290161,1745.2750244140625
215,29.23499870300293,8.017499923706055,0.5436845020428263,1741.6043701171875,0.5560433864593506,1741.6043701171875
216,30.06916618347168,8.43083381652832,0.6025121638747475,1749.5379638671875,0.5738095045089722,1749.5379638671875
217,30.500831604003906,8.432499885559082,0.5571281576545484,1725.8095703125,0.5770503282546997,1725.8095703125
218,29.837501525878906,8.208333969116211,0.5884509256464336,1775.0836181640625,0.5611981153488159,1775.0836181640625
219,30.78499984741211,8.558333396911621,0.5728376894748208,1740.33935546875,0.5327161550521851,1740.33935546875
220,29.65916633605957,8.389166831970215,0.5845229896214015,1730.0396728515625,0.5138429403305054,1730.0396728515625
221,30.031665802001953,8.467499732971191,0.5614094814114736,1726.423828125,0.572151780128479,1726.423828125
222,29.95083236694336,8.519999504089355,0.5623679035227671,1751.9677734375,0.5969481468200684,1751.9677734375
223,30.30666732788086,8.436666488647461,0.6099837912437647,1738.8502197265625,0.5736514329910278,1738.8502197265625
224,28.986665725708008,8.15333366394043,0.5474275402219037,1733.1710205078125,0.572657585144043,1733.1710205078125
225,31.0,8.716667175292969,0.5613143160018224,1735.4063720703125,0.5180761814117432,1735.4063720703125
226,29.989168167114258,8.416666984558105,0.5711547894583713,1735.1405029296875,0.5829576253890991,1735.1405029296875
227,29.432498931884766,8.329999923706055,0.6011740796547491,1752.33984375,0.5373852252960205,1752.33984375
228,30.148332595825195,8.864166259765625,0.584521702769889,1706.573486328125,0.5617363452911377,1706.573486328125
229,29.67999839782715,8.613332748413086,0.5842695738525011,1726.9046630859375,0.49960148334503174,1726.9046630859375
230,30.135000228881836,8.780000686645508,0.5372491383451785,1696.6287841796875,0.5488523244857788,1696.6287841796875
231,29.989999771118164,8.463333129882812,0.6026900529176455,1750.732177734375,0.5355198383331299,1750.732177734375
232,30.763334274291992,8.90250015258789,0.5819742310995831,1718.9969482421875,0.5335438251495361,1718.9969482421875
233,30.504167556762695,8.871665954589844,0.5850675478507034,1685.8868408203125,0.5077097415924072,1685.8868408203125
234,29.5433349609375,8.766666412353516,0.5659489362853518,1727.6510009765625,0.4926224946975708,1727.6510009765625
235,30.943334579467773,9.166666984558105,0.6147583718967901,1706.541748046875,0.506737470626831,1706.541748046875
236,29.99333381652832,8.601667404174805,0.5920572446934986,1712.5997314453125,0.5414296388626099,1712.5997314453125
237,30.3799991607666,9.09666633605957,0.549151063900529,1695.1927490234375,0.5594722032546997,1695.1927490234375
238,29.06166648864746,8.805000305175781,0.5874106147644864,1719.7440185546875,0.5390192270278931,1719.7440185546875
239,29.928333282470703,8.769166946411133,0.5330697258001198,1691.7843017578125,0.4709343910217285,1691.7843017578125
240,29.702499389648438,8.789999961853027,0.5689369250749019,1680.5059814453125,0.49506986141204834,1680.5059814453125
241,29.255834579467773,8.883333206176758,0.5684884271600813,1709.3035888671875,0.5911169052124023,1709.3035888671875
242,29.467498779296875,8.7475004196167,0.5758646016177421,1705.3572998046875,0.5164858102798462,1705.3572998046875
243,28.827499389648438,8.845833778381348,0.5918999657835768,1677.617431640625,0.5299272537231445,1677.617431640625
244,29.71583366394043,8.933333396911621,0.592943861624716,1721.6705322265625,0.4780224561691284,1721.6705322265625
245,30.155000686645508,9.199999809265137,0.5966525541680207,1704.25537109375,0.49365270137786865,1704.25537109375
246,30.018333435058594,9.05916690826416,0.6411615223831859,1677.13427734375,0.5376309156417847,1677.13427734375
247,30.429166793823242,9.345832824707031,0.6184212254022201,1680.6624755859375,0.5215487480163574,1680.6624755859375
248,29.255834579467773,8.720000267028809,0.5761983557266637,1674.4493408203125,0.5569089651107788,1674.4493408203125
249,29.949167251586914,9.300832748413086,0.6192584974108205,1684.3856201171875,0.5014222860336304,1684.3856201171875
250,30.354999542236328,9.354999542236328,0.6026001593003799,1684.957763671875,0.46104204654693604,1684.957763671875
251,30.503332138061523,9.381667137145996,0.6207310822014573,1687.451904296875,0.5102677345275879,1687.451904296875
252,29.88666534423828,9.463333129882812,0.6286013424469652,1658.3372802734375,0.45553719997406006,1658.3372802734375
253,29.704166412353516,9.354166984558105,0.6565784180463274,1694.4840087890625,0.47486412525177,1694.4840087890625
254,30.137500762939453,9.324999809265137,0.6254774803565695,1661.729736328125,0.5156632661819458,1661.729736328125
255,29.713333129882812,9.459166526794434,0.6141852180250861,1648.7760009765625,0.45939111709594727,1648.7760009765625
256,29.94750213623047,9.516666412353516,0.6216049667984012,1664.7344970703125,0.4436149597167969,1664.7344970703125
257,29.67999839782715,9.460000038146973,0.6110414633630953,1674.5943603515625,0.4561117887496948,1674.5943603515625
258,29.66083335876465,9.662500381469727,0.6169248409983703,1675.04736328125,0.4648771286010742,1675.04736328125
259,29.214168548583984,9.606666564941406,0.6139769723018673,1657.980224609375,0.4660862684249878,1657.980224609375
260,29.460832595825195,9.619166374206543,0.5912899372434852,1624.2269287109375,0.4727691411972046,1624.2269287109375
261,30.18166732788086,9.669166564941406,0.6146520248702234,1633.363525390625,0.45694541931152344,1633.363525390625
262,29.869165420532227,9.859166145324707,0.6162661848699611,1639.7320556640625,0.4812403917312622,1639.7320556640625
263,29.69416618347168,9.835833549499512,0.6461166564563112,1656.467041015625,0.45459091663360596,1656.467041015625
264,29.79666519165039,9.7475004196167,0.6213397038747724,1610.41015625,0.4767700433731079,1610.41015625
265,29.702499389648438,10.064167022705078,0.5924603965724451,1626.108154296875,0.39730191230773926,1626.108154296875
266,29.179168701171875,9.706665992736816,0.5923801843937562,1642.056396484375,0.4387991428375244,1642.056396484375
267,30.167499542236328,10.173333168029785,0.6343416640583912,1636.3018798828125,0.46281731128692627,1636.3018798828125
268,30.15250015258789,10.5625,0.6107495853433901,1616.436279296875,0.4354604482650757,1616.436279296875
269,30.103334426879883,10.174166679382324,0.6375943159916109,1634.9632568359375,0.41160500049591064,1634.9632568359375
270,29.46583366394043,9.801666259765625,0.6561236803124947,1667.56787109375,0.465326189994812,1667.56787109375
271,29.711666107177734,10.300000190734863,0.6175474700310091,1630.834716796875,0.4614752531051636,1630.834716796875
272,29.28333282470703,10.16333293914795,0.6414302810952807,1606.376953125,0.4352693557739258,1606.376953125
273,29.10333251953125,10.419166564941406,0.6251751969223,1581.76025390625,0.42526185512542725,1581.76025390625
274,30.123332977294922,10.500833511352539,0.6245585014345849,1584.3499755859375,0.47664546966552734,1584.3499755859375
275,28.552499771118164,10.150833129882812,0.62390120435225,1620.4490966796875,0.47323906421661377,1620.4490966796875
276,29.336666107177734,10.72166633605957,0.6449759211319743,1611.0103759765625,0.4636880159378052,1611.0103759765625
277,28.768333435058594,10.234999656677246,0.6218744703624558,1633.592041015625,0.42038261890411377,1633.592041015625
278,29.948333740234375,10.658333778381348,0.6229922767433047,1588.46240234375,0.47414398193359375,1588.46240234375
279,29.015832901000977,10.716667175292969,0.6583318352019979,1582.330810546875,0.4215884208679199,1582.330810546875
280,29.08416748046875,10.658333778381348,0.6483861503516497,1592.5220947265625,0.35958850383758545,1592.5220947265625
281,29.78583335876465,10.74333381652832,0.6411178423683934,1588.033447265625,0.39429593086242676,1588.033447265625
282,29.336666107177734,10.872499465942383,0.6344994344757302,1582.2293701171875,0.42272138595581055,1582.2293701171875
283,29.34083366394043,11.089166641235352,0.6307299042844546,1547.8358154296875,0.3649395704269409,1547.8358154296875
284,29.77166748046875,11.380833625793457,0.6110164903310713,1548.7603759765625,0.38863706588745117,1548.7603759765625
285,29.241666793823242,11.145833015441895,0.6319455331384032,1569.66259765625,0.4192695617675781,1569.66259765625
286,29.475831985473633,10.988332748413086,0.656620059704278,1578.89404296875,0.44484782218933105,1578.89404296875
287,28.987499237060547,10.947500228881836,0.6439315378103213,1578.9097900390625,0.42728888988494873,1578.9097900390625
288,29.35999870300293,11.204999923706055,0.6196480931939612,1562.975341796875,0.4236719608306885,1562.975341796875
289,28.051666259765625,10.90999984741211,0.6351143422211599,1589.7615966796875,0.3949120044708252,1589.7615966796875
290,28.413333892822266,11.06916618347168,0.6001287950990573,1550.312744140625,0.40436577796936035,1550.312744140625
291,27.9233341217041,11.19083309173584,0.594607497783914,1562.66796875,0.3313257694244385,1562.66796875
292,27.986665725708008,11.3100004196167,0.6239776268121592,1544.7586669921875,0.3836137056350708,1544.7586669921875
293,27.92583465576172,11.25333309173584,0.6175036775786824,1560.17724609375,0.34800100326538086,1560.17724609375
294,28.210834503173828,11.164166450500488,0.6053194655936016,1534.6856689453125,0.4282042980194092,1534.6856689453125
295,28.155834197998047,11.389999389648438,0.6356645307058603,1533.8280029296875,0.34210360050201416,1533.8280029296875
296,27.759998321533203,11.454999923706055,0.6599033877958,1536.04052734375,0.36723625659942627,1536.04052734375
297,28.28333282470703,11.331666946411133,0.654516047042961,1529.08056640625,0.3839542865753174,1529.08056640625
298,26.78333282470703,11.001667022705078,0.6177341193238639,1538.7314453125,0.37801694869995117,1538.7314453125
299,27.61250114440918,11.50999927520752,0.6348753982037851,1514.238037109375,0.3606390953063965,1514.238037109375
300,27.64333152770996,11.978333473205566,0.6412040453019245,1506.297607421875,0.3860323429107666,1506.297607421875
301,27.766666412353516,12.201666831970215,0.61207971586862,1488.8389892578125,0.3290286064147949,1488.8389892578125
302,27.724166870117188,12.114166259765625,0.611458065862979,1519.8753662109375,0.35450196266174316,1519.8753662109375
303,27.2450008392334,11.880833625793457,0.6247989266922331,1491.5526123046875,0.3392294645309448,1491.5526123046875
304,27.947500228881836,12.206666946411133,0.5659172662647578,1495.357666015625,0.30192720890045166,1495.357666015625
305,27.264999389648438,12.425832748413086,0.5941658009760539,1458.376220703125,0.3378394842147827,1458.376220703125
306,27.18833351135254,12.474166870117188,0.6275293971815776,1462.6265869140625,0.30990874767303467,1462.6265869140625
307,27.37416648864746,12.548333168029785,0.6288531094687447,1467.5072021484375,0.3363865613937378,1467.5072021484375
308,27.315000534057617,12.90250015258789,0.5890767450027489,1453.3162841796875,0.2962472438812256,1453.3162841796875
309,27.155000686645508,12.47583293914795,0.6029558179235674,1483.849609375,0.33132433891296387,1483.849609375
310,26.65166473388672,12.69416618347168,0.6299912429057394,1467.6278076171875,0.314410924911499,1467.6278076171875
311,26.787498474121094,12.329166412353516,0.5952095634140369,1519.861083984375,0.3201425075531006,1519.861083984375
312,26.2450008392334,12.642499923706055,0.592964623493596,1443.2618408203125,0.2969214916229248,1443.2618408203125
313,26.331666946411133,12.775834083557129,0.6315636866842953,1449.3668212890625,0.32847511768341064,1449.3668212890625
314,26.792499542236328,12.720001220703125,0.5895390092592492,1478.2823486328125,0.328088641166687,1478.2823486328125
315,26.004165649414062,12.811666488647461,0.6343521071362677,1453.8291015625,0.34996140003204346,1453.8291015625
316,26.099166870117188,12.829166412353516,0.5856460119346647,1467.7626953125,0.3019305467605591,1467.7626953125
317,25.53333282470703,12.90583324432373,0.5846138401172052,1466.300537109375,0.3372035026550293,1466.300537109375
318,25.87583351135254,13.339166641235352,0.6015356496111626,1414.1549072265625,0.274006724357605,1414.1549072265625
319,25.560832977294922,13.075833320617676,0.6101043141959342,1449.4599609375,0.2907792329788208,1449.4599609375
320,25.087499618530273,13.362500190734863,0.5977835445004125,1402.7586669921875,0.3228440284729004,1402.7586669921875
321,25.230833053588867,13.420833587646484,0.6058069669575807,1454.581298828125,0.3386878967285156,1454.581298828125
322,25.51416778564453,13.735834121704102,0.6034091787569313,1415.6717529296875,0.294264554977417,1415.6717529296875
323,25.07583236694336,13.16333293914795,0.6118879324046456,1472.1103515625,0.3394261598587036,1472.1103515625
324,25.110000610351562,13.723333358764648,0.6247222003743318,1458.68896484375,0.2838926315307617,1458.68896484375
325,24.760000228881836,13.60666561126709,0.5865909432996017,1451.1292724609375,0.2758840322494507,1451.1292724609375
326,25.0575008392334,13.802499771118164,0.6043195347013856,1472.27685546875,0.31773316860198975,1472.27685546875
327,24.36750030517578,14.149999618530273,0.6109412010735493,1382.3046875,0.24215233325958252,1382.3046875
328,24.94499969482422,14.107500076293945,0.622820355764981,1427.4376220703125,0.2659597396850586,1427.4376220703125
329,24.31833267211914,14.285832405090332,0.5931229031102234,1394.4661865234375,0.2728145122528076,1394.4661865234375
330,24.055831909179688,14.282501220703125,0.635552987962554,1441.6141357421875,0.2066739797592163,1441.6141357421875
331,24.34833335876465,14.441665649414062,0.6354116054029022,1401.1982421875,0.23323428630828857,1401.1982421875
332,23.564167022705078,14.325833320617676,0.6075310514909844,1433.24658203125,0.2640533447265625,1433.24658203125
333,23.542499542236328,14.907500267028809,0.6198464208670605,1352.5711669921875,0.22209501266479492,1352.5711669921875
334,24.00583267211914,14.470000267028809,0.5883957021636415,1408.1680908203125,0.2155628204345703,1408.1680908203125
335,23.69333267211914,14.74333381652832,0.6050915383785509,1408.4598388671875,0.2313936948776245,1408.4598388671875
336,23.275833129882812,14.05916690826416,0.614583190774824,1410.929931640625,0.2640780210494995,1410.929931640625
337,23.34083366394043,14.669999122619629,0.6049250849487092,1431.562744140625,0.2535794973373413,1431.562744140625
338,23.234167098999023,14.8725004196167,0.5948704506860641,1389.4434814453125,0.24767160415649414,1389.4434814453125
339,23.540000915527344,15.116665840148926,0.5906782276981803,1391.811767578125,0.19678544998168945,1391.811767578125
340,22.994998931884766,15.262499809265137,0.5950338603434804,1334.30908203125,0.21746337413787842,1334.30908203125
341,23.219165802001953,15.523333549499512,0.602635680654455,1391.4852294921875,0.23278260231018066,1391.4852294921875
342,23.643333435058594,15.911666870117188,0.6472091443668203,1384.8388671875,0.19887566566467285,1384.8388671875
343,22.927499771118164,15.555832862854004,0.6180421275308752,1375.5537109375,0.25292932987213135,1375.5537109375
344,22.713333129882812,15.729166984558105,0.6414996728288984,1359.027587890625,0.19926023483276367,1359.027587890625
345,22.864168167114258,15.684999465942383,0.6278458468015193,1365.2811279296875,0.1970430612564087,1365.2811279296875
346,22.685832977294922,15.852500915527344,0.6190854788767757,1383.595458984375,0.23634624481201172,1383.595458984375
347,22.78499984741211,16.113332748413086,0.6030680668751296,1388.5986328125,0.16703224182128906,1388.5986328125
348,22.691667556762695,16.0141658782959,0.6113484726719407,1357.8201904296875,0.1985403299331665,1357.8201904296875
349,22.55500030517578,16.245832443237305,0.567557200050572,1390.3670654296875,0.18036365509033203,1390.3670654296875
350,22.104999542236328,16.09000015258789,0.5838996055738859,1409.375732421875,0.22071075439453125,1409.375732421875
351,22.13083267211914,16.114166259765625,0.5823237798504901,1380.836181640625,0.2037285566329956,1380.836181640625
352,22.273332595825195,16.54083251953125,0.5955005351901376,1363.9105224609375,0.1971893310546875,1363.9105224609375
353,22.600000381469727,16.498332977294922,0.6082578331304771,1374.0975341796875,0.17924928665161133,1374.0975341796875
354,21.783334732055664,17.323333740234375,0.5963428029210924,1375.6865234375,0.13142716884613037,1375.6865234375
355,22.040000915527344,17.23833465576172,0.5837424715788981,1385.4486083984375,0.18187236785888672,1385.4486083984375
356,21.63749885559082,16.76999855041504,0.5825016997349668,1373.219482421875,0.15021240711212158,1373.219482421875
357,21.446666717529297,17.190834045410156,0.6064929985407463,1373.409912109375,0.1815425157546997,1373.409912109375
358,21.959165573120117,17.399999618530273,0.5673904792907616,1388.7291259765625,0.13999462127685547,1388.7291259765625
359,21.885833740234375,17.662500381469727,0.6242201901137456,1373.9117431640625,0.14587509632110596,1373.9117431640625
360,21.74333381652832,17.595001220703125,0.5968583301854861,1389.607421875,0.1590421199798584,1389.607421875
361,21.670000076293945,17.620832443237305,0.5832368937540492,1306.8651123046875,0.1434081792831421,1306.8651123046875
362,21.349998474121094,17.741666793823242,0.6504789737521184,1362.4639892578125,0.14401578903198242,1362.4639892578125
363,21.52083396911621,18.15333366394043,0.6012336403125133,1356.7288818359375,0.09967350959777832,1356.7288818359375
364,20.734167098999023,18.38083267211914,0.5941050174985717,1339.48046875,0.17797720432281494,1339.48046875
365,21.523332595825195,17.89666748046875,0.6245530747722665,1357.438232421875,0.11485612392425537,1357.438232421875
366,21.60416603088379,18.344999313354492,0.6321315645122279,1339.2705078125,0.10464859008789062,1339.2705078125
367,21.189998626708984,18.647499084472656,0.6217409107370288,1334.1009521484375,0.1708465814590454,1334.1009521484375
368,20.939167022705078,18.700834274291992,0.6106049007678916,1339.1741943359375,0.1483302116394043,1339.1741943359375
369,21.045833587646484,18.70333480834961,0.6496010919288973,1349.9801025390625,0.09592199325561523,1349.9801025390625
370,21.307498931884766,18.75,0.6026059800513278,1368.853515625,0.08763349056243896,1368.853515625
371,20.86166763305664,19.601667404174805,0.6382456657829346,1323.18994140625,0.13157951831817627,1323.18994140625
372,21.27083396911621,18.667499542236328,0.6215384536942978,1386.8958740234375,0.11672496795654297,1386.8958740234375
373,20.49916648864746,19.06166648864746,0.611425134864509,1378.223876953125,0.1298201084136963,1378.223876953125
374,20.584165573120117,19.504167556762695,0.6273371871382893,1355.277587890625,0.12671375274658203,1355.277587890625
375,21.093332290649414,18.689165115356445,0.6196650823749409,1366.6605224609375,0.11723113059997559,1366.6605224609375
376,20.559165954589844,19.425832748413086,0.6276195617660438,1363.7664794921875,0.11726200580596924,1363.7664794921875
377,20.07499885559082,19.560832977294922,0.60086308195294,1317.396484375,0.11645305156707764,1317.396484375
378,20.47083282470703,20.65333366394043,0.5946772633502178,1322.431640625,0.09409070014953613,1322.431640625
379,20.093334197998047,19.65166664123535,0.6067491481740178,1371.702880859375,0.09949207305908203,1371.702880859375
380,20.11833381652832,20.093334197998047,0.6423939915835,1344.4693603515625,0.1160207986831665,1344.4693603515625
381,20.52666664123535,19.781667709350586,0.6367075638108662,1346.239990234375,0.08997046947479248,1346.239990234375
382,20.406665802001953,20.017499923706055,0.6201274835855886,1345.4925537109375,0.0792161226272583,1345.4925537109375
383,20.070833206176758,20.70250129699707,0.6223789244665998,1307.7359619140625,0.0685352087020874,1307.7359619140625
384,19.987499237060547,20.52916717529297,0.6231256921100349,1305.762451171875,0.09823107719421387,1305.762451171875
385,20.315000534057617,20.80666732788086,0.6434228706964213,1310.988037109375,0.08143031597137451,1310.988037109375
386,20.334165573120117,20.353334426879883,0.6070983385114961,1345.09033203125,0.09123694896697998,1345.09033203125
387,20.002500534057617,20.273334503173828,0.6198250560282628,1309.9464111328125,0.07387959957122803,1309.9464111328125
388,19.497499465942383,20.979999542236328,0.6124800554670083,1322.39501953125,0.08249235153198242,1322.39501953125
389,20.100833892822266,21.524999618530273,0.6557966792797424,1306.203369140625,0.08250164985656738,1306.203369140625
390,19.71416664123535,20.715831756591797,0.6382522791932013,1347.9638671875,0.09627294540405273,1347.9638671875
391,19.496667861938477,21.585834503173828,0.6268226476876714,1318.3858642578125,0.09422087669372559,1318.3858642578125
392,19.512500762939453,21.34583282470703,0.6477842542778811,1320.0159912109375,0.07023847103118896,1320.0159912109375
393,19.27916717529297,21.452499389648438,0.6032398540134108,1328.986328125,0.06889045238494873,1328.986328125
394,19.29916763305664,21.84000015258789,0.6228808977687139,1334.3253173828125,0.06949245929718018,1334.3253173828125
395,19.655832290649414,21.735000610351562,0.6219888576829432,1329.6878662109375,0.08035087585449219,1329.6878662109375
396,19.65416717529297,21.233333587646484,0.6392191108136251,1360.726806640625,0.05938553810119629,1360.726806640625
397,19.395832061767578,22.23750114440918,0.6261724756003926,1357.6280517578125,0.057224154472351074,1357.6280517578125
398,18.77083396911621,23.00583267211914,0.6297634193148333,1297.597412109375,0.07647955417633057,1297.597412109375
399,19.532499313354492,22.170000076293945,0.6549807502963119,1327.5888671875,0.057974934577941895,1327.5888671875
400,19.787498474121094,21.5674991607666,0.6469636772195617,1352.1982421875,0.08406078815460205,1352.1982421875
401,19.273332595825195,21.832500457763672,0.6324903863148046,1297.2039794921875,0.06069326400756836,1297.2039794921875
402,19.262500762939453,22.18000030517578,0.6423891571663765,1290.3079833984375,0.04553353786468506,1290.3079833984375
403,19.269166946411133,21.718334197998047,0.6143166524965935,1308.9644775390625,0.04526317119598389,1308.9644775390625
404,18.832500457763672,23.05500030517578,0.6386591155293545,1271.2308349609375,0.0600818395614624,1271.2308349609375
405,19.141666412353516,21.899166107177734,0.6180051567980299,1356.1114501953125,0.05986452102661133,1356.1114501953125
406,19.342500686645508,22.648332595825195,0.6537244460666368,1307.8739013671875,0.04141879081726074,1307.8739013671875
407,19.240833282470703,22.3266658782959,0.6777028389410215,1282.260009765625,0.04587280750274658,1282.260009765625
408,18.469999313354492,23.094999313354492,0.6633939978408959,1331.4141845703125,0.0475008487701416,1331.4141845703125
409,18.744165420532227,23.8266658782959,0.6404953558520962,1355.143310546875,0.05752718448638916,1355.143310546875
410,18.836666107177734,23.851667404174805,0.6762801539163101,1312.5413818359375,0.05966806411743164,1312.5413818359375
411,18.823333740234375,23.366666793823242,0.7093959146330008,1302.112060546875,0.04546964168548584,1302.112060546875
412,18.94333267211914,24.79166603088379,0.6563082660465556,1321.1885986328125,0.03523671627044678,1321.1885986328125
413,18.90916633605957,23.609167098999023,0.6472765581817134,1293.317138671875,0.04301893711090088,1293.317138671875
414,18.84833335876465,23.79166603088379,0.6245702197183767,1314.3160400390625,0.04098105430603027,1314.3160400390625
415,19.15833282470703,23.890832901000977,0.6644206890076652,1325.3426513671875,0.046010613441467285,1325.3426513671875
416,18.950000762939453,24.22249984741211,0.6633152446667572,1294.031982421875,0.04532361030578613,1294.031982421875
417,18.769166946411133,24.237499237060547,0.6564318438035283,1308.006591796875,0.042481064796447754,1308.006591796875
418,18.68666648864746,23.565834045410156,0.6209049991447254,1312.2645263671875,0.04116177558898926,1312.2645263671875
419,18.384166717529297,24.579166412353516,0.6646436441417878,1322.4278564453125,0.04366493225097656,1322.4278564453125
420,18.307498931884766,24.479167938232422,0.6608941201690097,1303.9521484375,0.049729347229003906,1303.9521484375
421,18.44499969482422,25.22833251953125,0.667697055204393,1332.651123046875,0.03608834743499756,1332.651123046875
422,18.49916648864746,24.994165420532227,0.6503360280422488,1269.932861328125,0.04364335536956787,1269.932861328125
423,18.27166748046875,24.580833435058594,0.6679028250017218,1330.6689453125,0.038918256759643555,1330.6689453125
424,18.386667251586914,24.994165420532227,0.6467411377962715,1311.8538818359375,0.035515427589416504,1311.8538818359375
425,18.17416763305664,25.171667098999023,0.6717469203240863,1287.2669677734375,0.03613853454589844,1287.2669677734375
426,18.343334197998047,24.72083282470703,0.6806773305968955,1307.2310791015625,0.04443097114562988,1307.2310791015625
427,18.106666564941406,24.866666793823242,0.6904061625016111,1318.68701171875,0.037047386169433594,1318.68701171875
428,18.125,24.875,0.670470756649511,1275.90771484375,0.042682647705078125,1275.90771484375
429,18.190834045410156,24.959165573120117,0.6660363089914938,1314.1737060546875,0.0395885705947876,1314.1737060546875
430,18.455833435058594,25.479999542236328,0.6659657778846545,1293.2113037109375,0.03055274486541748,1293.2113037109375
431,17.913333892822266,24.670000076293945,0.6799251775158026,1363.6920166015625,0.04875481128692627,1363.6920166015625
432,17.775001525878906,26.156667709350586,0.6946010400730093,1274.988525390625,0.03188955783843994,1274.988525390625
433,18.263334274291992,25.244998931884766,0.7002513099330856,1302.659423828125,0.031069517135620117,1302.659423828125
434,17.947500228881836,25.755001068115234,0.646360072582292,1312.54736328125,0.033257246017456055,1312.54736328125
435,17.628332138061523,25.895000457763672,0.6950510296814545,1307.7230224609375,0.0330352783203125,1307.7230224609375
436,17.79250144958496,26.476665496826172,0.6969391854087593,1317.6241455078125,0.03165388107299805,1317.6241455078125
437,17.87583351135254,25.5674991607666,0.6784141748448527,1317.9405517578125,0.02807772159576416,1317.9405517578125
438,18.04916763305664,25.872499465942383,0.6365609912544948,1311.5950927734375,0.032631516456604004,1311.5950927734375
439,17.765832901000977,25.071664810180664,0.6593245247992056,1332.4599609375,0.029145359992980957,1332.4599609375
440,17.926666259765625,26.452499389648438,0.6767087105506225,1311.96826171875,0.03320729732513428,1311.96826171875
441,17.564167022705078,26.3799991607666,0.6423543292291461,1281.93017578125,0.04267704486846924,1281.93017578125
442,17.835832595825195,25.94333267211914,0.6391534191765285,1328.7032470703125,0.0257338285446167,1328.7032470703125
443,18.13749885559082,25.58083152770996,0.6810590145560498,1315.695068359375,0.032552123069763184,1315.695068359375
444,17.90833282470703,25.453332901000977,0.6612517309205869,1325.2442626953125,0.02761662006378174,1325.2442626953125
445,17.63166618347168,26.697498321533203,0.6858802793579132,1315.8968505859375,0.03354525566101074,1315.8968505859375
446,17.539167404174805,26.457500457763672,0.6289374479525942,1303.38623046875,0.03370082378387451,1303.38623046875
447,17.920833587646484,26.17083168029785,0.7222174213084053,1314.3780517578125,0.025519132614135742,1314.3780517578125
448,17.851667404174805,26.141666412353516,0.6507355944179412,1297.6551513671875,0.025095820426940918,1297.6551513671875
449,17.715831756591797,26.851665496826172,0.6699058105829648,1295.2586669921875,0.03112804889678955,1295.2586669921875
450,17.887500762939453,26.94333267211914,0.6518683733067395,1305.5289306640625,0.03133392333984375,1305.5289306640625
451,17.59749984741211,26.885833740234375,0.6614865006811973,1284.2498779296875,0.03403329849243164,1284.2498779296875
452,18.157499313354492,27.227500915527344,0.6292795094703468,1298.541015625,0.03191637992858887,1298.541015625
453,17.653331756591797,26.88083267211914,0.6650589648865708,1282.80908203125,0.0324937105178833,1282.80908203125
454,17.73666763305664,27.315834045410156,0.6443901389548217,1259.6243896484375,0.032691240310668945,1259.6243896484375
455,17.4516658782959,27.344999313354492,0.678693179256943,1312.3623046875,0.04070925712585449,1312.3623046875
456,17.83500099182129,26.561664581298828,0.6627771214676773,1313.552978515625,0.02969670295715332,1313.552978515625
457,18.268333435058594,25.913333892822266,0.6531234717766323,1281.7659912109375,0.0326998233795166,1281.7659912109375
458,17.875,26.631664276123047,0.6788380557221394,1309.3448486328125,0.03148806095123291,1309.3448486328125
459,17.90916633605957,26.497501373291016,0.6994971806866183,1320.6575927734375,0.043424248695373535,1320.6575927734375
460,18.139999389648438,26.904165267944336,0.6499583811429616,1318.0078125,0.026097536087036133,1318.0078125
461,18.09749984741211,26.29166603088379,0.654578026032522,1307.2598876953125,0.024007320404052734,1307.2598876953125
462,18.05500030517578,26.038333892822266,0.673517544504918,1326.1820068359375,0.025358200073242188,1326.1820068359375
463,17.67500114440918,26.77666473388672,0.643151214809198,1269.0992431640625,0.027629971504211426,1269.0992431640625
464,17.979999542236328,26.88666534423828,0.674385064345378,1313.96484375,0.02976202964782715,1313.96484375
465,18.32666778564453,25.969165802001953,0.6868571324867809,1295.320068359375,0.028414130210876465,1295.320068359375
466,18.099166870117188,26.788333892822266,0.6583570945489983,1317.6512451171875,0.028697729110717773,1317.6512451171875
467,17.726667404174805,27.336666107177734,0.6587524148272372,1309.293701171875,0.02699410915374756,1309.293701171875
468,18.17249870300293,26.545000076293945,0.6264515456845591,1289.4598388671875,0.04065382480621338,1289.4598388671875
469,18.057498931884766,26.571666717529297,0.6977649158330437,1294.9207763671875,0.02837824821472168,1294.9207763671875
470,17.56166648864746,26.851665496826172,0.6508324076121362,1308.144287109375,0.02929210662841797,1308.144287109375
471,18.123332977294922,26.911666870117188,0.6744214620712506,1285.576416015625,0.0330430269241333,1285.576416015625
472,17.78333282470703,27.404165267944336,0.6784032552087185,1319.3653564453125,0.02372288703918457,1319.3653564453125
473,18.34166717529297,25.82416534423828,0.666965815174239,1318.8260498046875,0.034375786781311035,1318.8260498046875
474,17.810001373291016,26.814165115356445,0.6598104246536193,1283.392333984375,0.029020071029663086,1283.392333984375
475,17.3700008392334,27.769166946411133,0.6539685906880155,1283.6368408203125,0.02860391139984131,1283.6368408203125
476,18.02833366394043,26.94416618347168,0.6431107487341503,1277.9100341796875,0.028357505798339844,1277.9100341796875
477,17.428333282470703,27.344167709350586,0.6821950968671596,1309.908447265625,0.026738882064819336,1309.908447265625
478,18.27916717529297,26.560834884643555,0.6786212316231875,1266.079833984375,0.03236246109008789,1266.079833984375
479,17.963333129882812,26.74333381652832,0.6760831098967446,1342.4052734375,0.02523338794708252,1342.4052734375
480,18.194168090820312,25.79833221435547,0.64785818462444,1309.5875244140625,0.026790618896484375,1309.5875244140625
481,17.939167022705078,27.138334274291992,0.6543880851854232,1249.548828125,0.02798616886138916,1249.548828125
482,17.636667251586914,26.9566650390625,0.6793863834756322,1289.787109375,0.028848648071289062,1289.787109375
483,17.92416763305664,26.57000160217285,0.6651293883131806,1251.0662841796875,0.028793931007385254,1251.0662841796875
484,17.684165954589844,27.529998779296875,0.6414129550319867,1311.366455078125,0.030608654022216797,1311.366455078125
485,17.79166603088379,27.295000076293945,0.6454500024260931,1283.0396728515625,0.027985572814941406,1283.0396728515625
486,17.77750015258789,26.52166748046875,0.6691335127976997,1293.5087890625,0.02467954158782959,1293.5087890625
487,17.872501373291016,27.17833137512207,0.672919472759287,1271.894287109375,0.02843022346496582,1271.894287109375
488,18.100833892822266,26.207500457763672,0.6811390343033303,1297.3643798828125,0.033589959144592285,1297.3643798828125
489,18.046667098999023,26.697498321533203,0.6981639450854302,1311.2750244140625,0.035016655921936035,1311.2750244140625
490,17.626667022705078,27.35833168029785,0.6853251116604979,1334.7371826171875,0.02878880500793457,1334.7371826171875
491,17.876667022705078,26.3700008392334,0.7013375830483071,1307.239501953125,0.024540305137634277,1307.239501953125
492,17.566665649414062,27.030000686645508,0.6719036266415053,1311.617431640625,0.027457475662231445,1311.617431640625
493,17.60333251953125,27.112499237060547,0.6660197363799483,1270.8935546875,0.02360224723815918,1270.8935546875
494,17.929166793823242,27.29416847229004,0.6869494030177834,1333.1981201171875,0.022366046905517578,1333.1981201171875
495,17.83916664123535,27.1875,0.6617062015186154,1298.833740234375,0.024512767791748047,1298.833740234375
496,18.19499969482422,26.286666870117188,0.684802011219053,1305.734130859375,0.02581334114074707,1305.734130859375
497,18.045000076293945,26.975000381469727,0.6690468979119204,1291.8232421875,0.03156554698944092,1291.8232421875
498,18.047500610351562,26.726665496826172,0.6341573839384257,1309.468505859375,0.032742857933044434,1309.468505859375
499,17.837501525878906,26.65333366394043,0.6970541832620546,1272.003662109375,0.031093239784240723,1272.003662109375
500,17.88166618347168,27.01166534423828,0.6859692092574048,1316.4578857421875,0.02457606792449951,1316.4578857421875
501,17.536666870117188,27.780834197998047,0.6538713003876406,1277.99072265625,0.02903902530670166,1277.99072265625
502,17.828332901000977,26.464998245239258,0.6604261657268987,1283.752197265625,0.032283663749694824,1283.752197265625
503,18.060832977294922,27.102500915527344,0.672036344480442,1270.2999267578125,0.03578686714172363,1270.2999267578125
504,18.206666946411133,26.356666564941406,0.6932597721070302,1307.802978515625,0.0379413366317749,1307.802978515625
505,17.47083282470703,27.189165115356445,0.7049609229251594,1334.4317626953125,0.027646422386169434,1334.4317626953125
506,18.320833206176758,25.47083282470703,0.6900772689535151,1308.85009765625,0.02924954891204834,1308.85009765625
507,17.78499984741211,27.34916877746582,0.6491122063644444,1292.9820556640625,0.025400757789611816,1292.9820556640625
508,17.600831985473633,27.090831756591797,0.6838193159379355,1282.90380859375,0.02641606330871582,1282.90380859375
509,17.945833206176758,26.269166946411133,0.6984740724227635,1301.7030029296875,0.02721428871154785,1301.7030029296875
510,17.98666763305664,26.69999885559082,0.6567790297020719,1285.613525390625,0.026876449584960938,1285.613525390625
511,17.884166717529297,26.34666633605957,0.6794054552280152,1279.245361328125,0.026257753372192383,1279.245361328125
512,17.820833206176758,27.101665496826172,0.6996530709436142,1312.6400146484375,0.030862808227539062,1312.6400146484375
513,17.72833251953125,27.856666564941406,0.7033286439297095,1313.776611328125,0.033278584480285645,1313.776611328125
514,17.863332748413086,27.211666107177734,0.7096021850241465,1316.1380615234375,0.02478504180908203,1316.1380615234375
515,18.24916648864746,26.349166870117188,0.6597083961733436,1299.5042724609375,0.041721463203430176,1299.5042724609375
516,17.921667098999023,26.28416633605957,0.6831269375893041,1291.21728515625,0.027302026748657227,1291.21728515625
517,17.481666564941406,26.667499542236328,0.6706587432401245,1300.9678955078125,0.03127574920654297,1300.9678955078125
518,17.599166870117188,27.316665649414062,0.6646593317869685,1290.2994384765625,0.025307178497314453,1290.2994384765625
519,17.505001068115234,27.353334426879883,0.6622960980461894,1314.7552490234375,0.03356623649597168,1314.7552490234375
520,18.07583236694336,26.33416748046875,0.7105435673277103,1315.1754150390625,0.024556994438171387,1315.1754150390625
521,18.064167022705078,26.147499084472656,0.6866061367654664,1352.4639892578125,0.0331423282623291,1352.4639892578125
522,18.02833366394043,26.483333587646484,0.647737736458368,1320.359130859375,0.029235243797302246,1320.359130859375
523,17.86916732788086,27.353334426879883,0.7037619793902381,1344.9110107421875,0.036918044090270996,1344.9110107421875
524,17.369165420532227,26.391666412353516,0.663839695914503,1305.4853515625,0.02959740161895752,1305.4853515625
525,17.613332748413086,27.029165267944336,0.6895511121443985,1333.71142578125,0.02311992645263672,1333.71142578125
526,17.689167022705078,27.297500610351562,0.7186119024190047,1288.6971435546875,0.027915477752685547,1288.6971435546875
527,17.73583221435547,26.409997940063477,0.6968731513771325,1286.4051513671875,0.02595210075378418,1286.4051513671875
528,18.07499885559082,26.140832901000977,0.6958171077315818,1287.135009765625,0.03161120414733887,1287.135009765625
529,17.79250144958496,26.628334045410156,0.7109371785406833,1331.544921875,0.022406458854675293,1331.544921875
530,18.029998779296875,26.00083351135254,0.653967122159948,1267.6497802734375,0.033112287521362305,1267.6497802734375
531,18.196666717529297,26.80000114440918,0.7016218718245193,1267.8323974609375,0.04071664810180664,1267.8323974609375
532,17.539167404174805,27.47333335876465,0.6793980936606816,1298.1004638671875,0.027909159660339355,1298.1004638671875
533,17.73666763305664,27.227500915527344,0.6685036968625979,1277.9903564453125,0.03197789192199707,1277.9903564453125
534,17.995832443237305,26.843334197998047,0.6970178168637409,1296.501953125,0.03279471397399902,1296.501953125
535,17.308334350585938,27.88749885559082,0.6891848285095024,1287.6409912109375,0.027663230895996094,1287.6409912109375
536,17.73750114440918,27.155834197998047,0.6570044091938991,1272.3406982421875,0.028226494789123535,1272.3406982421875
537,17.90250015258789,26.378334045410156,0.6643067531653264,1288.210205078125,0.03095269203186035,1288.210205078125
538,17.766666412353516,27.584999084472656,0.6645580325119729,1289.28369140625,0.023705720901489258,1289.28369140625
539,18.261667251586914,26.509166717529297,0.7025887666755272,1305.8101806640625,0.031919002532958984,1305.8101806640625
540,18.09583282470703,26.424165725708008,0.6674821348647488,1295.198486328125,0.03097987174987793,1295.198486328125
541,17.780832290649414,27.908334732055664,0.6117476010789916,1263.793701171875,0.031224370002746582,1263.793701171875
542,18.03999900817871,26.252498626708984,0.6979613198846584,1322.592529296875,0.035942792892456055,1322.592529296875
543,17.610000610351562,27.241668701171875,0.6839566741896645,1314.3642578125,0.029323577880859375,1314.3642578125
544,17.914167404174805,26.816665649414062,0.6831169076142058,1302.9005126953125,0.027912020683288574,1302.9005126953125
545,17.68000030517578,26.843334197998047,0.6695200814610678,1301.2308349609375,0.030892252922058105,1301.2308349609375
546,17.60333251953125,26.739164352416992,0.6533643625344614,1332.0833740234375,0.023258566856384277,1332.0833740234375
547,17.79250144958496,26.785001754760742,0.6527427043533344,1305.294189453125,0.030018925666809082,1305.294189453125
548,17.59749984741211,26.967498779296875,0.6699164107761195,1362.4791259765625,0.026567578315734863,1362.4791259765625
549,18.156667709350586,25.938331604003906,0.6842640798028043,1302.60986328125,0.031529903411865234,1302.60986328125
550,18.08916664123535,27.019166946411133,0.6545688342378688,1290.7252197265625,0.03272593021392822,1290.7252197265625
551,17.842500686645508,27.782499313354492,0.6767908046956861,1280.3873291015625,0.03149545192718506,1280.3873291015625
552,18.064998626708984,26.612499237060547,0.686546231581202,1304.4879150390625,0.032906532287597656,1304.4879150390625
553,17.758333206176758,27.385000228881836,0.6500056750237361,1263.377197265625,0.030510783195495605,1263.377197265625
554,18.00583267211914,26.35416603088379,0.6577264136718337,1311.282958984375,0.02714252471923828,1311.282958984375
555,18.003332138061523,26.926666259765625,0.690235926813195,1252.403564453125,0.030285358428955078,1252.403564453125
556,18.13749885559082,26.320833206176758,0.6838822897474925,1269.91064453125,0.036512017250061035,1269.91064453125
557,17.746665954589844,27.230831146240234,0.6924555735447528,1321.9539794921875,0.02568376064300537,1321.9539794921875
558,17.9325008392334,26.797500610351562,0.6677696424588409,1296.6070556640625,0.026237845420837402,1296.6070556640625
559,18.024999618530273,26.59083366394043,0.6229500588520391,1258.0931396484375,0.03150534629821777,1258.0931396484375
560,17.854999542236328,26.746665954589844,0.7045678656265186,1291.139892578125,0.024946212768554688,1291.139892578125
561,17.572500228881836,27.699167251586914,0.6199707376133149,1282.8927001953125,0.028521299362182617,1282.8927001953125
562,18.00749969482422,26.450834274291992,0.6571159757911821,1302.0970458984375,0.02954387664794922,1302.0970458984375
563,17.442501068115234,27.590831756591797,0.6527388480789649,1288.111328125,0.030475616455078125,1288.111328125
564,17.91083335876465,26.36750030517578,0.7191387938602898,1329.6046142578125,0.023783445358276367,1329.6046142578125
565,17.789167404174805,27.459165573120117,0.6776095466462154,1327.330322265625,0.024589896202087402,1327.330322265625
566,18.07499885559082,26.11333465576172,0.6853042798762032,1314.6494140625,0.036132097244262695,1314.6494140625
567,17.726667404174805,26.965002059936523,0.7153648804139631,1311.0882568359375,0.024871110916137695,1311.0882568359375
568,17.919166564941406,26.71583366394043,0.695251280957482,1291.28076171875,0.02659761905670166,1291.28076171875
569,17.79166603088379,26.929166793823242,0.6886218714723001,1300.0732421875,0.024915695190429688,1300.0732421875
570,18.36833381652832,26.213333129882812,0.6676987436416614,1276.6060791015625,0.036122918128967285,1276.6060791015625
571,17.676666259765625,26.781665802001953,0.667639811936369,1300.77587890625,0.03082585334777832,1300.77587890625
572,17.892499923706055,27.215831756591797,0.6773661072068416,1276.6834716796875,0.029303908348083496,1276.6834716796875
573,17.90166664123535,27.057498931884766,0.6925837373190888,1274.5382080078125,0.03150820732116699,1274.5382080078125
574,17.926666259765625,26.733333587646484,0.6732152683780025,1310.6981201171875,0.02305924892425537,1310.6981201171875
575,18.20166778564453,26.00833511352539,0.7033636179877094,1308.0841064453125,0.027468204498291016,1308.0841064453125
576,18.256668090820312,26.393333435058594,0.6796189073158172,1300.4371337890625,0.02710866928100586,1300.4371337890625
577,18.022499084472656,26.759164810180664,0.627176238446317,1290.9229736328125,0.02385246753692627,1290.9229736328125
578,17.93833351135254,26.48666763305664,0.6346309912599942,1288.9449462890625,0.028267741203308105,1288.9449462890625
579,17.75666618347168,27.68000030517578,0.6749529077529646,1256.7882080078125,0.031517624855041504,1256.7882080078125
580,17.921667098999023,26.80666732788086,0.6382610941001116,1254.585693359375,0.029084205627441406,1254.585693359375
581,18.004167556762695,26.864168167114258,0.6799911395679166,1291.869140625,0.0283585786819458,1291.869140625
582,17.84583282470703,27.052501678466797,0.6716437388198817,1293.6658935546875,0.023389697074890137,1293.6658935546875
583,17.928333282470703,26.767501831054688,0.6381730252509462,1337.5731201171875,0.028050899505615234,1337.5731201171875
584,17.648332595825195,26.809999465942383,0.6726916881747779,1328.4627685546875,0.026172995567321777,1328.4627685546875
585,17.900833129882812,27.191665649414062,0.7127008622649693,1280.9522705078125,0.03303980827331543,1280.9522705078125
586,17.782501220703125,27.440834045410156,0.6501158769846626,1251.4227294921875,0.028548240661621094,1251.4227294921875
587,17.766666412353516,27.209165573120117,0.6680180506955191,1290.30419921875,0.029210567474365234,1290.30419921875
588,17.817501068115234,26.84749984741211,0.6632476754437245,1327.1654052734375,0.029491186141967773,1327.1654052734375
589,17.263334274291992,27.101665496826172,0.6325989760575254,1289.6136474609375,0.02521824836730957,1289.6136474609375
590,17.582500457763672,27.4233341217041,0.6823594505575948,1291.6888427734375,0.0329514741897583,1291.6888427734375
591,17.72083282470703,26.614999771118164,0.7336260190074981,1317.3233642578125,0.027634143829345703,1317.3233642578125
592,17.99250030517578,26.42999839782715,0.709581563320204,1276.8394775390625,0.026931405067443848,1276.8394775390625
593,17.79166603088379,26.94416618347168,0.6468854678493033,1254.919921875,0.029914021492004395,1254.919921875
594,17.741666793823242,26.7549991607666,0.6619926642494938,1319.15478515625,0.0280454158782959,1319.15478515625
595,18.09000015258789,26.50749969482422,0.716006606138042,1311.37255859375,0.024115562438964844,1311.37255859375
596,17.89750099182129,26.810832977294922,0.6563640029778932,1254.533447265625,0.03254044055938721,1254.533447265625
597,17.69333267211914,27.323331832885742,0.6570886505767587,1292.737548828125,0.0325700044631958,1292.737548828125
598,17.727500915527344,27.270000457763672,0.6640723073931365,1314.1229248046875,0.030352234840393066,1314.1229248046875
599,17.81833267211914,27.684167861938477,0.6790280149231822,1280.6502685546875,0.03523564338684082,1280.6502685546875
600,17.740833282470703,27.292499542236328,0.6825781095353007,1283.8970947265625,0.027917027473449707,1283.8970947265625
601,18.049999237060547,26.684167861938477,0.710882125938687,1287.646728515625,0.02674257755279541,1287.646728515625
602,17.697500228881836,26.98666763305664,0.6794275912906497,1263.171142578125,0.02520930767059326,1263.171142578125
603,17.71666717529297,26.754167556762695,0.681114992055098,1314.6446533203125,0.02459847927093506,1314.6446533203125
604,18.09666633605957,26.913333892822266,0.6876093569159805,1293.8660888671875,0.027676105499267578,1293.8660888671875
605,17.887500762939453,26.82666778564453,0.6972442658395486,1291.2728271484375,0.025216102600097656,1291.2728271484375
606,17.948333740234375,27.020000457763672,0.6659305887118554,1292.9080810546875,0.031331777572631836,1292.9080810546875
607,17.782501220703125,26.750001907348633,0.6908126616354106,1290.1324462890625,0.03328871726989746,1290.1324462890625
608,18.031667709350586,26.948333740234375,0.6749807198804251,1282.978515625,0.026897072792053223,1282.978515625
609,18.231666564941406,26.320833206176758,0.6705335853097383,1310.737060546875,0.02713334560394287,1310.737060546875
610,17.583332061767578,27.947500228881836,0.6515457234946059,1306.15869140625,0.030338168144226074,1306.15869140625
611,17.823333740234375,26.489999771118164,0.635523915773897,1303.796875,0.026834607124328613,1303.796875
612,17.963333129882812,26.965831756591797,0.6544565091454515,1293.04150390625,0.02821481227874756,1293.04150390625
613,17.805831909179688,26.920833587646484,0.65657449692394,1284.52734375,0.026482820510864258,1284.52734375
614,17.588333129882812,27.334999084472656,0.6426071125744299,1284.5579833984375,0.02966165542602539,1284.5579833984375
615,17.91666603088379,26.30666732788086,0.6707617190527928,1289.4447021484375,0.02631688117980957,1289.4447021484375
616,18.02666664123535,26.619165420532227,0.628336894511352,1262.5902099609375,0.03186535835266113,1262.5902099609375
617,17.918333053588867,26.539167404174805,0.6663095292724532,1299.46044921875,0.028793692588806152,1299.46044921875
618,17.979999542236328,26.71000099182129,0.7399160349323738,1342.2412109375,0.022805333137512207,1342.2412109375
619,17.725000381469727,27.10416603088379,0.6876077683587595,1274.3978271484375,0.027824759483337402,1274.3978271484375
620,17.789167404174805,26.775833129882812,0.6557449102657835,1257.8677978515625,0.030305981636047363,1257.8677978515625
621,17.8075008392334,26.733333587646484,0.7121872940174738,1275.8255615234375,0.02984142303466797,1275.8255615234375
622,17.559165954589844,26.918333053588867,0.7233385867101043,1348.5650634765625,0.03264296054840088,1348.5650634765625
623,17.915000915527344,27.305831909179688,0.691631621860155,1254.921142578125,0.036074161529541016,1254.921142578125
624,17.832500457763672,26.808334350585938,0.6708470550064733,1324.050537109375,0.02471005916595459,1324.050537109375
625,18.030832290649414,27.260833740234375,0.6374607308609911,1273.5745849609375,0.03206968307495117,1273.5745849609375
626,17.99250030517578,26.83333396911621,0.6863092060726238,1293.1038818359375,0.02809286117553711,1293.1038818359375
627,17.837501525878906,27.64999771118164,0.7298429589325071,1289.95751953125,0.028277039527893066,1289.95751953125
628,18.011667251586914,27.08333396911621,0.6503343033208144,1292.97265625,0.030997633934020996,1292.97265625
629,17.502500534057617,27.513334274291992,0.6848559455959933,1275.5701904296875,0.03597307205200195,1275.5701904296875
630,17.820833206176758,27.11166763305664,0.6344445267133457,1319.5501708984375,0.022666454315185547,1319.5501708984375
631,17.822500228881836,27.75583267211914,0.6260185417566144,1290.6754150390625,0.02955329418182373,1290.6754150390625
632,17.768333435058594,27.60416603088379,0.662910362649674,1298.968994140625,0.02406024932861328,1298.968994140625
633,18.030832290649414,27.023332595825195,0.693546831312153,1354.042724609375,0.02850949764251709,1354.042724609375
634,18.364999771118164,25.24333381652832,0.6488263438120996,1313.273681640625,0.03696107864379883,1313.273681640625
635,17.760000228881836,26.53999900817871,0.6956826013802315,1268.0538330078125,0.02886199951171875,1268.0538330078125
636,17.96666717529297,27.33916664123535,0.716696713659702,1299.4713134765625,0.02634584903717041,1299.4713134765625
637,17.703332901000977,26.942501068115234,0.6870905618956806,1284.125244140625,0.02851998805999756,1284.125244140625
638,17.65916633605957,26.424165725708008,0.6938563556705754,1313.735595703125,0.028044700622558594,1313.735595703125
639,17.383333206176758,27.791667938232422,0.6970248046672181,1321.203369140625,0.02998960018157959,1321.203369140625
640,17.708332061767578,26.969999313354492,0.6397457557962696,1284.6890869140625,0.029027581214904785,1284.6890869140625
641,18.065834045410156,26.77750015258789,0.6761010360785975,1306.734130859375,0.026573896408081055,1306.734130859375
642,17.836666107177734,25.809999465942383,0.6365628666499815,1290.8876953125,0.03267955780029297,1290.8876953125
643,17.997499465942383,26.56916618347168,0.6799960793533901,1301.999267578125,0.025120854377746582,1301.999267578125
644,17.734167098999023,26.350831985473633,0.6858888942960755,1349.628662109375,0.03279697895050049,1349.628662109375
645,17.77250099182129,27.502500534057617,0.6598817852997074,1308.9564208984375,0.028975248336791992,1308.9564208984375
646,17.69499969482422,26.192501068115234,0.6424920405081006,1288.9130859375,0.02810990810394287,1288.9130859375
647,17.655832290649414,26.721664428710938,0.6978573559862309,1290.31494140625,0.02905571460723877,1290.31494140625
648,17.633333206176758,27.018333435058594,0.6449025260647526,1307.338134765625,0.028133034706115723,1307.338134765625
649,17.89750099182129,26.36916732788086,0.6478245012362387,1340.6671142578125,0.02792537212371826,1340.6671142578125
650,17.47083282470703,27.324167251586914,0.6812021089734506,1296.5032958984375,0.027466416358947754,1296.5032958984375
651,17.710832595825195,27.526668548583984,0.6480667498113036,1305.242919921875,0.030361294746398926,1305.242919921875
652,17.739999771118164,26.6200008392334,0.6917982971705268,1286.1541748046875,0.024166584014892578,1286.1541748046875
653,17.671667098999023,26.965002059936523,0.6492558876346912,1315.7158203125,0.025830864906311035,1315.7158203125
654,17.891666412353516,27.131668090820312,0.6552234798471008,1260.16015625,0.036858201026916504,1260.16015625
655,17.84083366394043,26.13166618347168,0.6847302885099864,1300.65283203125,0.028668880462646484,1300.65283203125
656,17.705833435058594,27.2641658782959,0.6463622499938075,1283.00146484375,0.025661110877990723,1283.00146484375
657,17.72916603088379,27.3799991607666,0.6829612878624536,1284.3887939453125,0.027996301651000977,1284.3887939453125
658,18.20749855041504,27.128332138061523,0.6962214745062877,1285.2030029296875,0.028795957565307617,1285.2030029296875
659,18.15416717529297,26.197498321533203,0.654484035552049,1301.7830810546875,0.02719879150390625,1301.7830810546875
660,18.284168243408203,26.691665649414062,0.667371438035983,1303.7899169921875,0.02746725082397461,1303.7899169921875
661,17.748332977294922,26.85333251953125,0.5971567318859661,1296.3602294921875,0.028521418571472168,1296.3602294921875
662,18.024166107177734,27.21666717529297,0.7003504245998937,1322.54541015625,0.02450382709503174,1322.54541015625
663,18.238332748413086,26.462501525878906,0.6606639443545744,1314.505615234375,0.03563809394836426,1314.505615234375
664,17.269166946411133,27.935832977294922,0.6717516304940232,1263.8355712890625,0.033109426498413086,1263.8355712890625
665,18.057498931884766,26.333332061767578,0.67502845044322,1285.416748046875,0.0275726318359375,1285.416748046875
666,17.84000015258789,27.310832977294922,0.6806497227652993,1295.48046875,0.028858304023742676,1295.48046875
667,17.830833435058594,27.105831146240234,0.6818101243811073,1314.6243896484375,0.026884913444519043,1314.6243896484375
668,18.199167251586914,26.022499084472656,0.6597551782649593,1286.045166015625,0.03602457046508789,1286.045166015625
669,18.057498931884766,26.661666870117188,0.7389955542174793,1302.1759033203125,0.028424739837646484,1302.1759033203125
670,17.81999969482422,26.962501525878906,0.6747605507771901,1286.390380859375,0.02707803249359131,1286.390380859375
671,18.251667022705078,25.91083335876465,0.6760756236444859,1298.1993408203125,0.04272806644439697,1298.1993408203125
672,18.04916763305664,26.14583396911621,0.6794535986241383,1285.6182861328125,0.024219870567321777,1285.6182861328125
673,17.66666603088379,26.998332977294922,0.6810187893747137,1317.620849609375,0.030884623527526855,1317.620849609375
674,17.960832595825195,26.121667861938477,0.7353539958078534,1321.513916015625,0.02481687068939209,1321.513916015625
675,18.01333236694336,26.72083282470703,0.7001084332989062,1327.561767578125,0.02338433265686035,1327.561767578125
676,18.38249969482422,25.970834732055664,0.6651825041728624,1278.56396484375,0.02978038787841797,1278.56396484375
677,17.983333587646484,27.395832061767578,0.6829935744972445,1308.79833984375,0.03002607822418213,1308.79833984375
678,17.5625,27.540000915527344,0.6502416950274081,1288.1483154296875,0.03076648712158203,1288.1483154296875
679,18.03583335876465,26.601665496826172,0.6873207443211911,1316.2535400390625,0.027706503868103027,1316.2535400390625
680,17.711666107177734,27.21500015258789,0.6450713730176902,1253.3177490234375,0.032691359519958496,1253.3177490234375
681,18.100833892822266,26.265832901000977,0.6830653014676067,1295.525634765625,0.02977299690246582,1295.525634765625
682,17.766666412353516,27.34583282470703,0.663533779423201,1262.6781005859375,0.02975022792816162,1262.6781005859375
683,17.7641658782959,26.489166259765625,0.669224165112387,1291.03125,0.03037714958190918,1291.03125
684,18.498332977294922,26.502498626708984,0.6962816913112259,1291.2169189453125,0.033528804779052734,1291.2169189453125
685,17.54833221435547,26.920000076293945,0.6891289765588022,1294.8702392578125,0.02686440944671631,1294.8702392578125
686,17.760000228881836,27.399168014526367,0.6836463706062996,1300.3173828125,0.027373075485229492,1300.3173828125
687,17.995832443237305,27.07916831970215,0.687999416037208,1291.787841796875,0.028645038604736328,1291.787841796875
688,18.344999313354492,26.16083335876465,0.6970369903210272,1312.087890625,0.02786123752593994,1312.087890625
689,17.94416618347168,27.13666534423828,0.6448174094810394,1287.61181640625,0.029288411140441895,1287.61181640625
690,18.27083396911621,26.063331604003906,0.6497406539011041,1295.903564453125,0.027722835540771484,1295.903564453125
691,18.19333267211914,26.405832290649414,0.6791531525356402,1321.2344970703125,0.031113266944885254,1321.2344970703125
692,17.66666603088379,27.314165115356445,0.6575695955212347,1273.766357421875,0.03134047985076904,1273.766357421875
693,17.377500534057617,27.456668853759766,0.6768822191848316,1318.5233154296875,0.029167652130126953,1318.5233154296875
694,17.521665573120117,27.23333168029785,0.6749741295547249,1309.960205078125,0.025201082229614258,1309.960205078125
695,17.96500015258789,27.003332138061523,0.6637313335629784,1298.7542724609375,0.025865912437438965,1298.7542724609375
696,17.856666564941406,27.16499900817871,0.6797673441759231,1272.6414794921875,0.02823925018310547,1272.6414794921875
697,17.945833206176758,25.73833465576172,0.695562283401944,1337.4300537109375,0.024145960807800293,1337.4300537109375
698,18.21500015258789,26.602500915527344,0.6919644329134815,1300.237548828125,0.027639031410217285,1300.237548828125
699,17.918333053588867,27.094167709350586,0.685721417672271,1327.6134033203125,0.026675939559936523,1327.6134033203125
700,17.837501525878906,27.275833129882812,0.6851444839137503,1308.083984375,0.029766440391540527,1308.083984375
701,18.04083251953125,26.495832443237305,0.6868206856879446,1304.1588134765625,0.027929306030273438,1304.1588134765625
702,18.15416717529297,25.858333587646484,0.6861536038192391,1268.3968505859375,0.029288291931152344,1268.3968505859375
703,17.608333587646484,26.316665649414062,0.67896934502195,1326.703857421875,0.030492544174194336,1326.703857421875
704,17.477500915527344,26.864999771118164,0.6300362465762585,1291.8458251953125,0.029974937438964844,1291.8458251953125
705,17.656665802001953,27.594167709350586,0.697626189738116,1274.0401611328125,0.028397440910339355,1274.0401611328125
706,17.699167251586914,27.56333351135254,0.6484699133233547,1295.56201171875,0.029579639434814453,1295.56201171875
707,18.139999389648438,26.156667709350586,0.6827680991277152,1292.7344970703125,0.02788853645324707,1292.7344970703125
708,17.74250030517578,26.662498474121094,0.6374433288501286,1307.7547607421875,0.025580286979675293,1307.7547607421875
709,18.09166717529297,26.515832901000977,0.6588949305338798,1319.0762939453125,0.027915596961975098,1319.0762939453125
710,17.989166259765625,27.585834503173828,0.6650639857219175,1270.68896484375,0.034842610359191895,1270.68896484375
711,18.008333206176758,26.434999465942383,0.6657957504171694,1302.25537109375,0.025385141372680664,1302.25537109375
712,17.72833251953125,27.68166732788086,0.6749642659208672,1300.455810546875,0.034229278564453125,1300.455810546875
713,18.003332138061523,26.9233341217041,0.6959463485987893,1320.0638427734375,0.027274489402770996,1320.0638427734375
714,18.011667251586914,26.99333381652832,0.700460039211779,1292.8651123046875,0.023403286933898926,1292.8651123046875
715,18.04833221435547,27.112499237060547,0.6785793478032349,1281.5452880859375,0.03194582462310791,1281.5452880859375
716,18.06333351135254,26.28999900817871,0.6963943200071527,1283.6217041015625,0.02674996852874756,1283.6217041015625
717,17.39583396911621,27.97916603088379,0.6384070113110276,1271.4671630859375,0.03464794158935547,1271.4671630859375
718,17.718332290649414,27.661666870117188,0.6455941648323501,1296.6942138671875,0.025925397872924805,1296.6942138671875
719,18.210832595825195,26.233333587646484,0.707891525730149,1349.7392578125,0.026755332946777344,1349.7392578125
720,18.229999542236328,26.92166519165039,0.6798468160318243,1311.7730712890625,0.03476905822753906,1311.7730712890625
721,17.83500099182129,27.052501678466797,0.6291169829694268,1311.603515625,0.021868467330932617,1311.603515625
722,17.918333053588867,26.753334045410156,0.6865943451983254,1272.125732421875,0.029056072235107422,1272.125732421875
723,17.679166793823242,27.05000114440918,0.6574492254308022,1282.6744384765625,0.030301332473754883,1282.6744384765625
724,17.6391658782959,26.907501220703125,0.6949334556958179,1280.9986572265625,0.026096701622009277,1280.9986572265625
725,17.78583335876465,27.328332901000977,0.6227203245550343,1251.43603515625,0.02858269214630127,1251.43603515625
726,17.72916603088379,27.642499923706055,0.692120747978958,1284.7554931640625,0.02799046039581299,1284.7554931640625
727,17.851667404174805,26.713333129882812,0.6704723726976926,1299.0833740234375,0.031681180000305176,1299.0833740234375
728,17.892499923706055,26.838333129882812,0.6367627408444624,1287.0047607421875,0.0339810848236084,1287.0047607421875
729,18.1875,26.80666732788086,0.6635630074028588,1279.2579345703125,0.033754587173461914,1279.2579345703125
730,18.043333053588867,26.775833129882812,0.6741761969378245,1277.0853271484375,0.03371250629425049,1277.0853271484375
731,17.998332977294922,26.781665802001953,0.6783166834529573,1278.2078857421875,0.031244874000549316,1278.2078857421875
732,18.21583366394043,26.81916618347168,0.6540187734365794,1296.962646484375,0.033486247062683105,1296.962646484375
733,17.898332595825195,26.85333251953125,0.6240773090626575,1277.199462890625,0.02784121036529541,1277.199462890625
734,17.990833282470703,26.5816650390625,0.7038450823836805,1335.0126953125,0.02850520610809326,1335.0126953125
735,18.22333335876465,26.364999771118164,0.678142725673722,1363.688720703125,0.027088642120361328,1363.688720703125
736,18.024999618530273,26.702499389648438,0.6421729851218714,1271.693603515625,0.02527141571044922,1271.693603515625
737,17.74250030517578,26.769166946411133,0.6613317036722912,1266.1224365234375,0.028336286544799805,1266.1224365234375
738,17.987499237060547,26.65333366394043,0.6890358240662035,1287.6575927734375,0.028431296348571777,1287.6575927734375
739,18.036666870117188,26.8125,0.6866639243090747,1262.286865234375,0.0301511287689209,1262.286865234375
740,18.434165954589844,25.6441650390625,0.6750292620884385,1325.186279296875,0.03878498077392578,1325.186279296875
741,18.018333435058594,26.332500457763672,0.6864843225698672,1322.1507568359375,0.03072333335876465,1322.1507568359375
742,18.219999313354492,26.76333236694336,0.6869899278896114,1282.5767822265625,0.040198326110839844,1282.5767822265625
743,18.064998626708984,27.15999984741211,0.7169597667346268,1310.4267578125,0.033489227294921875,1310.4267578125
744,18.080833435058594,26.501667022705078,0.6826410061753088,1314.29736328125,0.0348895788192749,1314.29736328125
745,17.588333129882812,26.74333381652832,0.6697308187560767,1276.96337890625,0.028365254402160645,1276.96337890625
746,18.029998779296875,26.27916717529297,0.6693543970791772,1316.684814453125,0.03647160530090332,1316.684814453125
747,17.805831909179688,27.329999923706055,0.6541185840758876,1272.7650146484375,0.03752589225769043,1272.7650146484375
748,18.02750015258789,27.053333282470703,0.6874921883431369,1289.2977294921875,0.031839728355407715,1289.2977294921875
749,17.735000610351562,26.989168167114258,0.692755858128717,1298.533935546875,0.028983116149902344,1298.533935546875
750,18.044166564941406,26.83333396911621,0.6623728753533482,1296.970947265625,0.030173301696777344,1296.970947265625
751,17.6875,27.587499618530273,0.7042075537597666,1297.2078857421875,0.03044891357421875,1297.2078857421875
752,17.81916618347168,25.976667404174805,0.598854658099878,1308.8785400390625,0.02438485622406006,1308.8785400390625
753,17.713333129882812,27.462499618530273,0.7032990889219852,1319.1435546875,0.02857375144958496,1319.1435546875
754,17.780832290649414,27.156665802001953,0.6633364034038329,1279.7225341796875,0.03504800796508789,1279.7225341796875
755,18.14583396911621,26.156667709350586,0.6894347403697635,1335.7581787109375,0.02560710906982422,1335.7581787109375
756,18.217498779296875,26.282501220703125,0.6218600070195122,1311.4263916015625,0.02725958824157715,1311.4263916015625
757,17.75750160217285,28.04749870300293,0.6838077177538466,1292.461181640625,0.025379538536071777,1292.461181640625
758,18.168333053588867,26.446666717529297,0.7527457370024756,1313.24267578125,0.036032676696777344,1313.24267578125
759,18.22333335876465,26.40250015258789,0.6628562374424464,1290.769775390625,0.03149843215942383,1290.769775390625
760,17.864166259765625,26.780000686645508,0.677941938375436,1271.061279296875,0.02710092067718506,1271.061279296875
761,18.13916778564453,26.984167098999023,0.6511631496107805,1228.6876220703125,0.03179299831390381,1228.6876220703125
762,18.05500030517578,26.4566650390625,0.706141681244755,1322.1639404296875,0.023977279663085938,1322.1639404296875
763,17.983333587646484,26.692501068115234,0.705364515964056,1297.621337890625,0.03463399410247803,1297.621337890625
764,17.8125,26.631664276123047,0.6761830572842247,1317.031005859375,0.02691328525543213,1317.031005859375
765,18.09166717529297,26.385835647583008,0.6760939691369326,1282.612548828125,0.027541041374206543,1282.612548828125
766,17.601667404174805,26.711666107177734,0.6913746000456856,1296.427490234375,0.027440309524536133,1296.427490234375
767,18.03333282470703,27.008333206176758,0.6804663824890995,1269.869384765625,0.03603851795196533,1269.869384765625
768,17.620832443237305,27.939998626708984,0.6627132554148483,1274.40478515625,0.03898978233337402,1274.40478515625
769,17.815000534057617,26.65333366394043,0.6623348028955715,1296.5167236328125,0.030025601387023926,1296.5167236328125
770,17.664167404174805,27.4325008392334,0.6454931304256263,1317.466064453125,0.026857733726501465,1317.466064453125
771,17.975833892822266,26.600000381469727,0.6789041255367478,1256.4757080078125,0.026477813720703125,1256.4757080078125
772,17.625,27.920833587646484,0.6402518042673617,1270.874755859375,0.03310370445251465,1270.874755859375
773,17.81916618347168,26.65166473388672,0.6899131851909391,1301.2032470703125,0.022415995597839355,1301.2032470703125
774,18.197500228881836,25.979167938232422,0.6725696022164604,1316.488037109375,0.03225517272949219,1316.488037109375
775,17.66583251953125,26.962501525878906,0.679151494419254,1300.0977783203125,0.023530960083007812,1300.0977783203125
776,17.899999618530273,26.529165267944336,0.6717018181856511,1320.7215576171875,0.024932384490966797,1320.7215576171875
777,18.20749855041504,26.802501678466797,0.6702033694562363,1282.2025146484375,0.036580562591552734,1282.2025146484375
778,18.149168014526367,26.815000534057617,0.6597656897734838,1312.46875,0.029520392417907715,1312.46875
779,17.636667251586914,27.1200008392334,0.6516822489525063,1300.9091796875,0.03087925910949707,1300.9091796875
780,18.183332443237305,25.688331604003906,0.6576177291160574,1323.6522216796875,0.03556966781616211,1323.6522216796875
781,17.765832901000977,26.75749969482422,0.6809390828789353,1308.6611328125,0.02694547176361084,1308.6611328125
782,18.04083251953125,25.854167938232422,0.67222594489681,1306.2598876953125,0.025740385055541992,1306.2598876953125
783,17.712501525878906,27.225000381469727,0.6748670176064551,1336.2298583984375,0.029111504554748535,1336.2298583984375
784,17.512500762939453,27.55333137512207,0.6810881055056914,1293.022705078125,0.03350949287414551,1293.022705078125
785,17.7641658782959,27.282501220703125,0.683380942784441,1275.239013671875,0.02495110034942627,1275.239013671875
786,17.96416664123535,27.02166748046875,0.6533939485870817,1284.50390625,0.04485440254211426,1284.50390625
787,18.166667938232422,26.297500610351562,0.6898219301896591,1294.444580078125,0.026254773139953613,1294.444580078125
788,17.804166793823242,26.6875,0.730403936064252,1306.4842529296875,0.02517402172088623,1306.4842529296875
789,17.88166618347168,27.40333366394043,0.7010618385147103,1266.649658203125,0.027898311614990234,1266.649658203125
790,18.127498626708984,26.643333435058594,0.671839687607556,1303.251953125,0.034465909004211426,1303.251953125
791,17.501667022705078,27.372499465942383,0.6722622091405985,1299.3388671875,0.027190446853637695,1299.3388671875
792,17.885000228881836,26.712501525878906,0.6934801723027307,1283.230224609375,0.02531301975250244,1283.230224609375
793,18.16499900817871,25.86750030517578,0.6634016676975414,1318.8817138671875,0.03178870677947998,1318.8817138671875
794,18.1875,25.857500076293945,0.6731493202925092,1288.5084228515625,0.029289722442626953,1288.5084228515625
795,17.59000015258789,27.18166732788086,0.6972064683494898,1303.2369384765625,0.028557181358337402,1303.2369384765625
796,17.78333282470703,26.967498779296875,0.7359909684479315,1320.047607421875,0.02429831027984619,1320.047607421875
797,17.860000610351562,26.711666107177734,0.6570048333804437,1320.0858154296875,0.030788660049438477,1320.0858154296875
798,17.952499389648438,26.983333587646484,0.6850527564053303,1294.762939453125,0.023824453353881836,1294.762939453125
799,18.010833740234375,26.592498779296875,0.6561832362631241,1276.7193603515625,0.036872029304504395,1276.7193603515625
800,17.692501068115234,26.844999313354492,0.6832270779439806,1322.100341796875,0.024485349655151367,1322.100341796875
801,17.969999313354492,26.55583381652832,0.6572188939201458,1303.056640625,0.025062084197998047,1303.056640625
802,18.224998474121094,25.82833480834961,0.648340922970449,1299.71875,0.03705596923828125,1299.71875
803,17.905832290649414,26.963333129882812,0.6828863047194724,1284.695556640625,0.02640986442565918,1284.695556640625
804,17.90416717529297,26.394166946411133,0.6820051820672219,1267.2298583984375,0.02559208869934082,1267.2298583984375
805,17.479999542236328,27.86833381652832,0.6614081807816768,1299.7769775390625,0.025299072265625,1299.7769775390625
806,17.690000534057617,27.894166946411133,0.6928073999823257,1261.515625,0.03230738639831543,1261.515625
807,18.150833129882812,26.108333587646484,0.6969265074051534,1320.153076171875,0.03223133087158203,1320.153076171875
808,17.81999969482422,26.60999870300293,0.677023396593269,1275.776611328125,0.02659928798675537,1275.776611328125
809,17.517499923706055,27.552499771118164,0.6597302342066292,1272.64208984375,0.029510498046875,1272.64208984375
810,17.712501525878906,27.059999465942383,0.6793356226855313,1311.856689453125,0.032428622245788574,1311.856689453125
811,17.626667022705078,27.019166946411133,0.673302936165263,1289.4090576171875,0.025780677795410156,1289.4090576171875
812,17.96666717529297,26.558334350585938,0.6477741180906067,1290.9083251953125,0.03161811828613281,1290.9083251953125
813,17.616666793823242,27.06916618347168,0.6703836686978784,1306.6441650390625,0.03246808052062988,1306.6441650390625
814,17.555831909179688,27.245834350585938,0.683847026815096,1288.949951171875,0.03072977066040039,1288.949951171875
815,17.671667098999023,27.552499771118164,0.6447528857008407,1267.05078125,0.03576171398162842,1267.05078125
816,17.762500762939453,27.46666717529297,0.653627941944211,1302.1226806640625,0.03190481662750244,1302.1226806640625
817,17.90166664123535,26.75583267211914,0.6893432450088506,1271.76611328125,0.022801756858825684,1271.76611328125
818,18.018333435058594,26.13333511352539,0.6894181969969924,1317.822265625,0.030596375465393066,1317.822265625
819,18.004167556762695,26.6391658782959,0.6603227054080786,1280.4674072265625,0.03660011291503906,1280.4674072265625
820,18.08333396911621,26.292499542236328,0.6798692764239678,1283.088623046875,0.03526186943054199,1283.088623046875
821,17.751667022705078,27.252500534057617,0.6997968930466884,1285.3458251953125,0.025919318199157715,1285.3458251953125
822,17.60416603088379,27.327499389648438,0.6893127923256233,1324.262939453125,0.023836255073547363,1324.262939453125
823,17.877500534057617,27.219167709350586,0.6582001193598368,1330.9432373046875,0.029103875160217285,1330.9432373046875
824,17.5575008392334,27.292499542236328,0.6985907916105516,1311.355224609375,0.031023263931274414,1311.355224609375
825,18.029998779296875,26.892501831054688,0.6783684396262938,1289.417236328125,0.030516624450683594,1289.417236328125
826,18.29083251953125,26.148334503173828,0.6818971368892921,1313.38134765625,0.025529980659484863,1313.38134765625
827,17.593332290649414,27.10416603088379,0.6502149581150343,1301.1597900390625,0.0265272855758667,1301.1597900390625
828,17.864166259765625,26.275835037231445,0.6960624034263913,1316.343994140625,0.026498913764953613,1316.343994140625
829,17.905000686645508,27.329999923706055,0.6429309649880616,1296.68212890625,0.028836965560913086,1296.68212890625
830,17.758333206176758,26.64666748046875,0.7082057942888871,1338.381103515625,0.022851943969726562,1338.381103515625
831,18.230833053588867,26.1875,0.6480127341905504,1263.2852783203125,0.029393315315246582,1263.2852783203125
832,17.537500381469727,27.6924991607666,0.6795944596466954,1302.679443359375,0.0335613489151001,1302.679443359375
833,17.537500381469727,27.549165725708008,0.64307953070262,1276.1051025390625,0.0276186466217041,1276.1051025390625
834,17.609167098999023,27.703332901000977,0.6901481279860777,1281.593017578125,0.030533194541931152,1281.593017578125
835,17.60333251953125,26.674165725708008,0.6549951230891006,1282.434814453125,0.034848570823669434,1282.434814453125
836,18.212499618530273,26.70333480834961,0.6863161705006757,1290.010498046875,0.02468264102935791,1290.010498046875
837,17.77250099182129,27.309999465942383,0.6454293607384372,1267.9552001953125,0.02936267852783203,1267.9552001953125
838,18.121667861938477,26.14000129699707,0.6762127949001909,1298.4473876953125,0.024010658264160156,1298.4473876953125
839,17.952499389648438,26.575834274291992,0.7241079583873806,1329.8441162109375,0.024944186210632324,1329.8441162109375
840,17.815000534057617,26.788333892822266,0.6108096755703869,1281.689697265625,0.0231173038482666,1281.689697265625
841,17.48750114440918,27.636667251586914,0.7187569479587544,1303.2584228515625,0.02762019634246826,1303.2584228515625
842,18.1108341217041,27.157501220703125,0.6665150074568609,1302.5694580078125,0.026973605155944824,1302.5694580078125
843,17.735000610351562,26.61333465576172,0.6604105931787215,1300.7532958984375,0.023351311683654785,1300.7532958984375
844,18.18083381652832,26.939165115356445,0.713051974958939,1306.8045654296875,0.035442471504211426,1306.8045654296875
845,18.09166717529297,25.909168243408203,0.6302864153126477,1328.61767578125,0.029309511184692383,1328.61767578125
846,18.38916778564453,26.587501525878906,0.6841364340165318,1285.8575439453125,0.04169154167175293,1285.8575439453125
847,18.53333282470703,26.329999923706055,0.7272060989413811,1335.8955078125,0.035509705543518066,1335.8955078125
848,18.195833206176758,26.730833053588867,0.6861594385515137,1278.6717529296875,0.03588056564331055,1278.6717529296875
849,17.692501068115234,27.435832977294922,0.6373633906271359,1282.098876953125,0.02471017837524414,1282.098876953125
850,17.61250114440918,27.207500457763672,0.6548860758553928,1288.687255859375,0.03141498565673828,1288.687255859375
851,17.670833587646484,26.69999885559082,0.6796712854331262,1285.2559814453125,0.03184676170349121,1285.2559814453125
852,17.81999969482422,26.561664581298828,0.6633612959624204,1261.056396484375,0.026361584663391113,1261.056396484375
853,18.00583267211914,26.29166603088379,0.6388845835185817,1272.9256591796875,0.034779906272888184,1272.9256591796875
854,17.7450008392334,26.426666259765625,0.6565287144127618,1276.778564453125,0.028621792793273926,1276.778564453125
855,17.248334884643555,27.90999984741211,0.6769683351460701,1324.794921875,0.02990877628326416,1324.794921875
856,18.321666717529297,25.42333221435547,0.6826854950995085,1313.0604248046875,0.030354857444763184,1313.0604248046875
857,17.921667098999023,26.90333366394043,0.649862734430946,1288.66064453125,0.028949499130249023,1288.66064453125
858,18.077499389648438,26.579166412353516,0.6758762777659695,1254.4779052734375,0.03211987018585205,1254.4779052734375
859,18.05583381652832,26.605833053588867,0.6632553149327576,1279.5501708984375,0.03269791603088379,1279.5501708984375
860,17.947500228881836,26.89666748046875,0.6794471880060382,1291.681396484375,0.028989076614379883,1291.681396484375
861,17.93166732788086,26.95416831970215,0.6745981828537103,1319.9176025390625,0.0308229923248291,1319.9176025390625
862,18.03999900817871,26.47333526611328,0.6314245616392125,1279.10888671875,0.030490517616271973,1279.10888671875
863,18.35249900817871,26.04833221435547,0.65033011504713,1273.6038818359375,0.026369571685791016,1273.6038818359375
864,17.829166412353516,27.45083236694336,0.68971037979102,1304.113037109375,0.02721989154815674,1304.113037109375
865,17.84833335876465,27.346668243408203,0.6549227750325202,1315.6591796875,0.02746284008026123,1315.6591796875
866,17.97166633605957,26.01666831970215,0.7110923620774029,1302.6107177734375,0.034070372581481934,1302.6107177734375
867,17.606666564941406,27.614168167114258,0.6919237629889785,1263.9195556640625,0.03620755672454834,1263.9195556640625
868,17.584165573120117,27.594167709350586,0.6836391798438697,1309.6153564453125,0.03952336311340332,1309.6153564453125
869,18.02166748046875,26.316665649414062,0.6910223996215794,1296.489013671875,0.03236210346221924,1296.489013671875
870,17.95916748046875,27.13666534423828,0.6618594403866568,1260.9725341796875,0.03168213367462158,1260.9725341796875
871,17.786666870117188,27.231666564941406,0.6683730174124825,1281.088134765625,0.02977466583251953,1281.088134765625
872,17.922500610351562,26.821666717529297,0.6826194957693601,1314.329833984375,0.02557659149169922,1314.329833984375
873,17.941667556762695,26.71000099182129,0.7169898853313091,1309.5902099609375,0.030185341835021973,1309.5902099609375
874,17.89666748046875,26.53416633605957,0.6786854918622467,1331.3822021484375,0.03723430633544922,1331.3822021484375
875,17.86083221435547,27.400833129882812,0.6380339553488822,1312.8023681640625,0.028161048889160156,1312.8023681640625
876,17.981666564941406,26.262500762939453,0.6928454613356818,1301.203125,0.036512136459350586,1301.203125
877,18.33916664123535,25.439167022705078,0.6638223026203297,1328.337890625,0.035387635231018066,1328.337890625
878,18.307498931884766,26.280832290649414,0.6862493860607313,1277.57763671875,0.03189098834991455,1277.57763671875
879,17.72166633605957,27.309999465942383,0.6487168111104414,1257.2347412109375,0.03137516975402832,1257.2347412109375
880,17.747501373291016,26.92500114440918,0.6807546884636507,1328.388916015625,0.026380062103271484,1328.388916015625
881,18.02750015258789,26.8125,0.6918090515682447,1291.760986328125,0.02840280532836914,1291.760986328125
882,18.22249984741211,26.15833282470703,0.6459082729991078,1295.35302734375,0.028778791427612305,1295.35302734375
883,17.73750114440918,26.60999870300293,0.6123282562367296,1268.5302734375,0.027861356735229492,1268.5302734375
884,18.354999542236328,26.47333526611328,0.6679400741549608,1272.5537109375,0.03540921211242676,1272.5537109375
885,17.808332443237305,27.16583251953125,0.6679680076179554,1305.911376953125,0.03141140937805176,1305.911376953125
886,17.83500099182129,26.760000228881836,0.6691014364452298,1313.98046875,0.028797030448913574,1313.98046875
887,17.99416732788086,27.031665802001953,0.629614763200644,1289.915283203125,0.032814860343933105,1289.915283203125
888,17.73583221435547,27.524168014526367,0.6644135042059428,1268.2926025390625,0.031754374504089355,1268.2926025390625
889,17.809165954589844,27.4325008392334,0.7024027130141083,1295.0050048828125,0.027446866035461426,1295.0050048828125
890,18.116666793823242,27.024999618530273,0.6846471576532764,1289.5738525390625,0.033828020095825195,1289.5738525390625
891,18.02916717529297,26.553333282470703,0.6885957913154994,1300.91943359375,0.023505568504333496,1300.91943359375
892,18.08333396911621,26.106666564941406,0.706324865468359,1343.81640625,0.028090476989746094,1343.81640625
893,17.85333251953125,26.922500610351562,0.7191698198292479,1337.09814453125,0.023239612579345703,1337.09814453125
894,18.452499389648438,26.528335571289062,0.6677226035056858,1334.711181640625,0.03044915199279785,1334.711181640625
895,17.81833267211914,27.604999542236328,0.657987215095563,1281.5435791015625,0.03027939796447754,1281.5435791015625
896,18.02916717529297,26.331666946411133,0.6485884857602069,1281.80908203125,0.02992558479309082,1281.80908203125
897,18.036666870117188,26.442501068115234,0.6659878456099922,1263.7901611328125,0.030124902725219727,1263.7901611328125
898,18.230833053588867,25.886667251586914,0.6568080768647029,1296.50634765625,0.027244091033935547,1296.50634765625
899,17.915000915527344,26.76999855041504,0.7028143634705275,1289.6256103515625,0.033916592597961426,1289.6256103515625
900,18.136667251586914,26.828332901000977,0.7046777946890315,1293.378662109375,0.03200936317443848,1293.378662109375
901,17.59000015258789,27.21666717529297,0.6522252435272395,1275.57666015625,0.031647443771362305,1275.57666015625
902,18.157499313354492,26.267498016357422,0.6688942682362,1299.881591796875,0.027521252632141113,1299.881591796875
903,17.545000076293945,27.379167556762695,0.6674393338975498,1300.9788818359375,0.03226602077484131,1300.9788818359375
904,17.581666946411133,27.756668090820312,0.6662737463180137,1310.0843505859375,0.027686238288879395,1310.0843505859375
905,17.886667251586914,27.5575008392334,0.6807000602857718,1289.86474609375,0.02472221851348877,1289.86474609375
906,18.107500076293945,26.689165115356445,0.6937700806566288,1301.7896728515625,0.02556431293487549,1301.7896728515625
907,17.595001220703125,27.788331985473633,0.6829845237890513,1294.95263671875,0.03255188465118408,1294.95263671875
908,17.75750160217285,27.179166793823242,0.6788245311401916,1257.9110107421875,0.028596162796020508,1257.9110107421875
909,18.49916648864746,26.489166259765625,0.6999109550738136,1345.238525390625,0.02935945987701416,1345.238525390625
910,17.2358341217041,27.775833129882812,0.6944864940524066,1292.920166015625,0.03426969051361084,1292.920166015625
911,17.803333282470703,26.5049991607666,0.6663823724111746,1315.1375732421875,0.024331331253051758,1315.1375732421875
912,18.064998626708984,26.059999465942383,0.6989570990837646,1339.4298095703125,0.029805898666381836,1339.4298095703125
913,17.70916748046875,26.959165573120117,0.6796053466583531,1325.0008544921875,0.02674245834350586,1325.0008544921875
914,17.822500228881836,25.90416717529297,0.6547817499796367,1323.6793212890625,0.030121803283691406,1323.6793212890625
915,17.952499389648438,26.86750030517578,0.6991293630566715,1312.793212890625,0.03236544132232666,1312.793212890625
916,18.362499237060547,26.599164962768555,0.71635672958571,1299.4896240234375,0.032076120376586914,1299.4896240234375
917,18.226667404174805,26.206666946411133,0.6670267905497762,1320.2799072265625,0.03992867469787598,1320.2799072265625
918,17.991666793823242,26.89499855041504,0.6659710971122219,1290.279296875,0.03097689151763916,1290.279296875
919,17.969999313354492,26.864168167114258,0.648695991389657,1312.489013671875,0.025577664375305176,1312.489013671875
920,17.954166412353516,27.010833740234375,0.6768860665697845,1288.1038818359375,0.034651994705200195,1288.1038818359375
921,17.699167251586914,27.30333137512207,0.632230628844442,1288.2503662109375,0.02779531478881836,1288.2503662109375
922,17.592500686645508,26.769166946411133,0.6529559267859498,1262.3480224609375,0.032210588455200195,1262.3480224609375
923,18.059167861938477,26.82666778564453,0.6535814616307509,1292.6363525390625,0.023794174194335938,1292.6363525390625
924,17.755001068115234,27.40333366394043,0.6659086591637005,1279.77880859375,0.03711557388305664,1279.77880859375
925,17.84083366394043,26.571666717529297,0.6892730039861601,1288.534912109375,0.027450084686279297,1288.534912109375
926,18.064998626708984,26.856666564941406,0.6797210999277983,1318.88720703125,0.03378462791442871,1318.88720703125
927,17.704166412353516,26.6299991607666,0.642103279510593,1273.1246337890625,0.032121896743774414,1273.1246337890625
928,17.55000114440918,26.836666107177734,0.71234829406929,1319.8480224609375,0.03136312961578369,1319.8480224609375
929,18.0674991607666,25.907499313354492,0.6742591114941324,1313.225830078125,0.03998565673828125,1313.225830078125
930,17.523332595825195,27.155834197998047,0.6014271242548742,1308.4515380859375,0.02993035316467285,1308.4515380859375
931,17.304166793823242,27.19416618347168,0.7153776221385474,1322.7901611328125,0.029349923133850098,1322.7901611328125
932,17.86916732788086,26.766666412353516,0.6622296698609258,1330.41650390625,0.029099702835083008,1330.41650390625
933,17.440000534057617,27.010000228881836,0.6419183789412792,1321.5750732421875,0.0217820405960083,1321.5750732421875
934,17.336666107177734,28.287500381469727,0.6780582977622616,1293.7545166015625,0.036116719245910645,1293.7545166015625
935,17.60416603088379,27.62416648864746,0.6535285519039171,1282.1949462890625,0.035769104957580566,1282.1949462890625
936,17.680831909179688,26.97249984741211,0.6857347735280592,1284.372802734375,0.028652548789978027,1284.372802734375
937,17.8266658782959,26.5625,0.6912456247447886,1326.9088134765625,0.02375936508178711,1326.9088134765625
938,17.592500686645508,27.577499389648438,0.6783688868372195,1274.22216796875,0.03140056133270264,1274.22216796875
939,17.644166946411133,26.72083282470703,0.6470862687509956,1268.4661865234375,0.033681273460388184,1268.4661865234375
940,17.74250030517578,26.89499855041504,0.7168069691239787,1314.7257080078125,0.028223395347595215,1314.7257080078125
941,17.545000076293945,26.77166748046875,0.7101888210849128,1320.89208984375,0.028782367706298828,1320.89208984375
942,17.79916763305664,26.169166564941406,0.685768420656192,1288.8018798828125,0.022644877433776855,1288.8018798828125
943,17.52833366394043,27.07000160217285,0.6865554546514306,1306.4085693359375,0.028576970100402832,1306.4085693359375
944,18.154998779296875,26.4858341217041,0.6892457604776816,1258.7291259765625,0.029219627380371094,1258.7291259765625
945,17.758333206176758,26.60500144958496,0.6701293236690304,1316.10400390625,0.025656938552856445,1316.10400390625
946,18.045833587646484,25.898334503173828,0.6515777342760709,1300.11669921875,0.029197096824645996,1300.11669921875
947,18.17249870300293,26.835832595825195,0.6436089013825763,1296.1572265625,0.04135406017303467,1296.1572265625
948,18.03583335876465,26.135831832885742,0.6488057182292131,1282.813232421875,0.024066567420959473,1282.813232421875
949,18.293333053588867,26.9566650390625,0.6688869150772019,1305.3486328125,0.038597822189331055,1305.3486328125
950,17.97166633605957,26.46416664123535,0.7169382923477774,1328.963134765625,0.028052568435668945,1328.963134765625
951,17.75,27.21333122253418,0.692571645930264,1289.5751953125,0.030182480812072754,1289.5751953125
952,17.984167098999023,26.405000686645508,0.6842561787817416,1326.7547607421875,0.03394508361816406,1326.7547607421875
953,18.18833351135254,26.490835189819336,0.6705721590494578,1277.41796875,0.026231884956359863,1277.41796875
954,17.634166717529297,27.88250160217285,0.6442128336451616,1292.1353759765625,0.026265263557434082,1292.1353759765625
955,17.741666793823242,27.103334426879883,0.6727075002667775,1307.6201171875,0.023430705070495605,1307.6201171875
956,17.554166793823242,27.47916603088379,0.6600065383231932,1292.4752197265625,0.027691245079040527,1292.4752197265625
957,17.885833740234375,26.74166488647461,0.6607119184098498,1255.4822998046875,0.03145468235015869,1255.4822998046875
958,18.041667938232422,26.969167709350586,0.6344401953367116,1302.2803955078125,0.02706170082092285,1302.2803955078125
959,17.770000457763672,27.11083221435547,0.6732916579584899,1269.00341796875,0.026773929595947266,1269.00341796875
960,17.61750030517578,27.462499618530273,0.7013965195803916,1322.2086181640625,0.029402494430541992,1322.2086181640625
961,17.671667098999023,27.244165420532227,0.6326325581174768,1282.3824462890625,0.025791168212890625,1282.3824462890625
962,17.479999542236328,27.19499969482422,0.6305337139498889,1236.8743896484375,0.03276503086090088,1236.8743896484375
963,17.895832061767578,26.65916633605957,0.6743275475422913,1298.367919921875,0.032066941261291504,1298.367919921875
964,17.821666717529297,26.72833251953125,0.7007228384925139,1271.9610595703125,0.02447342872619629,1271.9610595703125
965,18.041667938232422,26.34833526611328,0.6302432105404587,1309.0428466796875,0.02618122100830078,1309.0428466796875
966,17.80000114440918,26.989168167114258,0.6572684291984936,1274.3192138671875,0.02753925323486328,1274.3192138671875
967,18.107500076293945,26.38166618347168,0.6520651702381152,1295.1331787109375,0.03068709373474121,1295.1331787109375
968,18.210832595825195,26.274999618530273,0.6812188957404235,1294.4091796875,0.03502535820007324,1294.4091796875
969,17.616666793823242,27.77499771118164,0.6710957386244931,1291.7073974609375,0.02908945083618164,1291.7073974609375
970,17.531665802001953,26.758333206176758,0.6221693242570341,1300.5811767578125,0.032858848571777344,1300.5811767578125
971,18.19999885559082,26.47249984741211,0.6900512139272514,1319.404052734375,0.03234124183654785,1319.404052734375
972,17.863332748413086,27.00749969482422,0.6700660670391421,1275.3370361328125,0.028685688972473145,1275.3370361328125
973,17.71000099182129,26.565000534057617,0.6703433861471169,1322.506591796875,0.024933338165283203,1322.506591796875
974,17.398334503173828,27.650833129882812,0.6692803828153012,1311.243408203125,0.02998816967010498,1311.243408203125
975,18.421667098999023,25.6441650390625,0.6671014957373204,1308.680419921875,0.0303499698638916,1308.680419921875
976,18.15999984741211,26.407501220703125,0.6884019537512951,1321.2760009765625,0.03431081771850586,1321.2760009765625
977,17.84000015258789,27.127500534057617,0.7010593436007372,1313.1024169921875,0.03408968448638916,1313.1024169921875
978,17.52666664123535,27.16499900817871,0.6710569859687696,1305.4342041015625,0.03416550159454346,1305.4342041015625
979,17.753332138061523,26.82666778564453,0.699404567115492,1309.9129638671875,0.027895331382751465,1309.9129638671875
980,18.13083267211914,26.55666732788086,0.6936836232785827,1311.5672607421875,0.03303563594818115,1311.5672607421875
981,17.960832595825195,27.17833137512207,0.6819562033643631,1319.496826171875,0.0360029935836792,1319.496826171875
982,18.09666633605957,26.10999870300293,0.6718337560478407,1334.3126220703125,0.03260624408721924,1334.3126220703125
983,17.560832977294922,27.26583480834961,0.7009735355893822,1300.3203125,0.02611863613128662,1300.3203125
984,17.885833740234375,26.57499885559082,0.6681742242197086,1317.106201171875,0.025418519973754883,1317.106201171875
985,17.95916748046875,27.2450008392334,0.6748097360761591,1280.47802734375,0.02724611759185791,1280.47802734375
986,17.962499618530273,26.498332977294922,0.6464844416636406,1272.7945556640625,0.03374207019805908,1272.7945556640625
987,18.060832977294922,26.942501068115234,0.6612974946342149,1304.1864013671875,0.027188777923583984,1304.1864013671875
988,17.650833129882812,27.13249969482422,0.63783838379188,1280.2969970703125,0.027840137481689453,1280.2969970703125
989,17.838333129882812,27.221668243408203,0.6928354114364729,1272.1273193359375,0.025604605674743652,1272.1273193359375
990,17.926666259765625,27.60833168029785,0.6753086173332313,1291.3016357421875,0.028344392776489258,1291.3016357421875
991,17.919166564941406,26.59833526611328,0.6720754818456384,1343.0980224609375,0.025526762008666992,1343.0980224609375
992,17.905000686645508,27.012500762939453,0.6867146939004618,1301.460693359375,0.025609374046325684,1301.460693359375
993,18.322500228881836,26.100831985473633,0.6881758150533448,1305.8974609375,0.024942398071289062,1305.8974609375
994,17.60500144958496,27.43833351135254,0.6688504153272075,1268.8934326171875,0.030160069465637207,1268.8934326171875
995,17.60416603088379,27.35833168029785,0.6744361253562956,1314.410888671875,0.030089259147644043,1314.410888671875
996,17.246665954589844,27.976667404174805,0.6225639430286067,1285.608154296875,0.036471009254455566,1285.608154296875
997,17.36333465576172,26.76999855041504,0.6912310768337214,1289.3565673828125,0.028159379959106445,1289.3565673828125
998,17.77916717529297,27.085834503173828,0.6791849465844664,1272.3294677734375,0.028693675994873047,1272.3294677734375
999,17.854999542236328,26.649168014526367,0.7010682770087263,1271.1832275390625,0.0316166877746582,1271.1832275390625
1000,18.077499389648438,26.584165573120117,0.6721147127910831,1293.671875,0.032657623291015625,1293.671875
1001,17.629165649414062,27.225833892822266,0.660224180873959,1267.2896728515625,0.033864498138427734,1267.2896728515625
1002,18.272499084472656,25.560832977294922,0.7159019115870345,1302.238037109375,0.022249579429626465,1302.238037109375
1003,17.45083236694336,27.735000610351562,0.6720788605536374,1286.534423828125,0.03682732582092285,1286.534423828125
1004,17.445833206176758,27.560832977294922,0.7008372015419279,1294.8397216796875,0.033965229988098145,1294.8397216796875
1005,17.315834045410156,27.224164962768555,0.693772024134899,1319.7994384765625,0.02701413631439209,1319.7994384765625
1006,17.370834350585938,27.641666412353516,0.674025210168925,1301.457275390625,0.03146982192993164,1301.457275390625
1007,18.101667404174805,26.35500144958496,0.699505484350436,1289.3814697265625,0.033131957054138184,1289.3814697265625
1008,17.84000015258789,26.61750030517578,0.6791451319773927,1290.560302734375,0.030299067497253418,1290.560302734375
1009,18.26249885559082,26.127498626708984,0.6348125070777983,1241.1246337890625,0.035515427589416504,1241.1246337890625
1010,17.994998931884766,26.335832595825195,0.6939387446657606,1318.947265625,0.03062736988067627,1318.947265625
1011,17.996667861938477,26.844167709350586,0.6827256824623216,1313.796142578125,0.027802348136901855,1313.796142578125
1012,17.485000610351562,27.748334884643555,0.6840440630312035,1279.7435302734375,0.03012561798095703,1279.7435302734375
1013,17.935832977294922,26.522499084472656,0.6200780118348114,1272.5023193359375,0.04317665100097656,1272.5023193359375
1014,18.100833892822266,25.72249984741211,0.6912410289195987,1324.7752685546875,0.026166439056396484,1324.7752685546875
1015,17.79166603088379,26.22249984741211,0.6756341265903737,1296.10498046875,0.038384199142456055,1296.10498046875
1016,17.193334579467773,28.000835418701172,0.6213708344680331,1286.353271484375,0.03830409049987793,1286.353271484375
1017,17.6825008392334,27.100000381469727,0.6778626647352202,1278.7135009765625,0.029268383979797363,1278.7135009765625
1018,17.662500381469727,27.884166717529297,0.6857731061768761,1307.1248779296875,0.029061079025268555,1307.1248779296875
1019,17.8700008392334,27.49250030517578,0.6791217546181658,1305.1182861328125,0.028321146965026855,1305.1182861328125
1020,17.58916664123535,26.2358341217041,0.6846410481180585,1327.8963623046875,0.027182698249816895,1327.8963623046875
1021,17.614166259765625,26.705833435058594,0.6855397902780356,1283.029296875,0.025195717811584473,1283.029296875
1022,17.627500534057617,27.241668701171875,0.6695351411667321,1300.1346435546875,0.027055859565734863,1300.1346435546875
1023,17.760000228881836,27.34583282470703,0.660427591985788,1277.3001708984375,0.025182127952575684,1277.3001708984375
1024,17.84749984741211,25.864999771118164,0.6409932793257904,1298.64794921875,0.025402188301086426,1298.64794921875
1025,17.505001068115234,27.429166793823242,0.6576956795481531,1282.52587890625,0.030901312828063965,1282.52587890625
1026,17.358333587646484,27.520000457763672,0.6553384515505729,1286.2288818359375,0.028890371322631836,1286.2288818359375
1027,17.93166732788086,26.468334197998047,0.6906662544115517,1305.0382080078125,0.021497011184692383,1305.0382080078125
1028,17.304166793823242,28.031667709350586,0.6566466988219503,1243.9205322265625,0.036333560943603516,1243.9205322265625
1029,17.759166717529297,26.965831756591797,0.6349991760128816,1309.62158203125,0.027407050132751465,1309.62158203125
1030,17.668333053588867,26.35999870300293,0.6440618890470893,1280.2977294921875,0.027721524238586426,1280.2977294921875
1031,17.83916664123535,26.70166778564453,0.7174114003727023,1333.574462890625,0.026980876922607422,1333.574462890625
1032,17.671667098999023,27.54749870300293,0.6614527766981023,1299.109619140625,0.03465116024017334,1299.109619140625
1033,17.668333053588867,26.919164657592773,0.6341205502106284,1286.3724365234375,0.027498960494995117,1286.3724365234375
1034,17.481666564941406,27.777498245239258,0.634605332275837,1295.433349609375,0.03168988227844238,1295.433349609375
1035,17.5141658782959,27.30500030517578,0.6464582367691625,1318.1727294921875,0.028579354286193848,1318.1727294921875
1036,17.75583267211914,27.302499771118164,0.6827385662479868,1305.959228515625,0.03174936771392822,1305.959228515625
1037,17.441665649414062,27.292499542236328,0.6589220564281831,1301.9561767578125,0.029540061950683594,1301.9561767578125
1038,17.72166633605957,26.411666870117188,0.6132463849573917,1356.9853515625,0.02364945411682129,1356.9853515625
1039,17.838333129882812,27.080833435058594,0.6935404557597477,1274.107666015625,0.027662038803100586,1274.107666015625
1040,17.725000381469727,26.504167556762695,0.6580859406241781,1273.8212890625,0.026224255561828613,1273.8212890625
1041,18.052499771118164,26.208332061767578,0.6654207937247926,1305.597412109375,0.024925708770751953,1305.597412109375
1042,17.952499389648438,25.770000457763672,0.686998560923062,1320.8216552734375,0.02918410301208496,1320.8216552734375
1043,17.551666259765625,27.15999984741211,0.6948594288755752,1304.9639892578125,0.024039149284362793,1304.9639892578125
1044,18.17249870300293,26.184999465942383,0.6883035630758535,1315.6407470703125,0.03495514392852783,1315.6407470703125
1045,17.74416732788086,26.758333206176758,0.6691548578273068,1332.059814453125,0.025633692741394043,1332.059814453125
1046,17.854999542236328,26.47166633605957,0.7027059959223793,1313.0816650390625,0.026625394821166992,1313.0816650390625
1047,17.570833206176758,26.817501068115234,0.6498298433048157,1275.840576171875,0.029767990112304688,1275.840576171875
1048,17.781667709350586,26.929166793823242,0.6737251281395937,1289.949462890625,0.04112720489501953,1289.949462890625
1049,17.2983341217041,27.023332595825195,0.6545683406292654,1357.3836669921875,0.038681745529174805,1357.3836669921875
1050,17.963333129882812,27.387500762939453,0.6701916545723583,1285.47412109375,0.03418624401092529,1285.47412109375
1051,17.77250099182129,26.667499542236328,0.6895870567784042,1313.6304931640625,0.027979373931884766,1313.6304931640625
1052,17.725831985473633,26.74916648864746,0.6208601375378595,1269.7596435546875,0.028841257095336914,1269.7596435546875
1053,17.933332443237305,26.469167709350586,0.6901704167096164,1337.167724609375,0.027698278427124023,1337.167724609375
1054,18.233333587646484,25.866666793823242,0.6775654689235124,1285.8624267578125,0.03405308723449707,1285.8624267578125
1055,18.01333236694336,27.331668853759766,0.6481984923961346,1266.103515625,0.028605222702026367,1266.103515625
1056,17.297500610351562,27.260000228881836,0.691634853806874,1310.3409423828125,0.026758909225463867,1310.3409423828125
1057,17.679166793823242,26.190000534057617,0.6998485964868969,1328.7080078125,0.028855204582214355,1328.7080078125
1058,18.081666946411133,26.561664581298828,0.6583322238381516,1277.4368896484375,0.035274386405944824,1277.4368896484375
1059,17.8700008392334,26.946666717529297,0.6620493662565625,1304.002197265625,0.025547504425048828,1304.002197265625
1060,17.46666717529297,26.906665802001953,0.7019372729890884,1284.7103271484375,0.025318384170532227,1284.7103271484375
1061,17.989999771118164,26.204166412353516,0.6675522061375172,1287.990478515625,0.03212785720825195,1287.990478515625
1062,17.52750015258789,26.469167709350586,0.6819477332473984,1319.6707763671875,0.0316394567489624,1319.6707763671875
1063,17.559165954589844,26.98000144958496,0.6799507500358583,1328.1861572265625,0.025271058082580566,1328.1861572265625
1064,17.795833587646484,26.614166259765625,0.6953708028073959,1308.97705078125,0.031291961669921875,1308.97705078125
1065,17.69499969482422,26.69500160217285,0.6579042100150712,1262.522216796875,0.027164697647094727,1262.522216796875
1066,17.801666259765625,25.9183349609375,0.6368140401878473,1314.4903564453125,0.03203177452087402,1314.4903564453125
1067,17.69416618347168,27.299999237060547,0.6276834714458465,1282.6461181640625,0.028563857078552246,1282.6461181640625
1068,17.823333740234375,27.281665802001953,0.6551324243794667,1279.0584716796875,0.02683126926422119,1279.0584716796875
1069,17.505001068115234,27.101665496826172,0.6895289386927242,1329.436767578125,0.025158166885375977,1329.436767578125
1070,17.905000686645508,26.620832443237305,0.6533950277635464,1337.685546875,0.04553794860839844,1337.685546875
1071,17.969999313354492,27.08916664123535,0.6849274485956856,1303.6092529296875,0.027529597282409668,1303.6092529296875
1072,17.626667022705078,27.273332595825195,0.6582599046182771,1305.5615234375,0.02491581439971924,1305.5615234375
1073,17.74416732788086,26.724164962768555,0.7433951919651973,1277.934326171875,0.02509593963623047,1277.934326171875
1074,17.582500457763672,27.41583251953125,0.6918332638878708,1298.8052978515625,0.032819390296936035,1298.8052978515625
1075,17.918333053588867,26.126667022705078,0.6846605751699085,1345.601318359375,0.022936463356018066,1345.601318359375
1076,17.656665802001953,27.475833892822266,0.7059659733221069,1309.714111328125,0.02575516700744629,1309.714111328125
1077,18.13833236694336,25.90999984741211,0.7022532727481552,1314.580078125,0.025042414665222168,1314.580078125
1078,17.605833053588867,27.060832977294922,0.6917446037707551,1304.8408203125,0.033350348472595215,1304.8408203125
1079,17.83916664123535,27.017501831054688,0.6680499532098906,1289.3668212890625,0.029284954071044922,1289.3668212890625
1080,17.946666717529297,27.000831604003906,0.6421479825583687,1257.507568359375,0.030871033668518066,1257.507568359375
1081,17.674165725708008,26.79083251953125,0.6721184770579856,1332.0330810546875,0.02568376064300537,1332.0330810546875
1082,17.912500381469727,26.815000534057617,0.6851220702191158,1301.0732421875,0.037325263023376465,1301.0732421875
1083,18.078332901000977,26.73833465576172,0.7083726171973346,1249.5660400390625,0.027701258659362793,1249.5660400390625
1084,17.7450008392334,27.669166564941406,0.700458341655221,1261.9349365234375,0.03331935405731201,1261.9349365234375
1085,17.537500381469727,27.719167709350586,0.6818843867544413,1282.5096435546875,0.028788208961486816,1282.5096435546875
1086,17.6200008392334,26.935832977294922,0.6964840766599756,1297.5726318359375,0.02434539794921875,1297.5726318359375
1087,18.10249900817871,26.010831832885742,0.6642678264148673,1327.6712646484375,0.02706897258758545,1327.6712646484375
1088,17.987499237060547,26.855833053588867,0.6351855829611236,1279.6802978515625,0.02610170841217041,1279.6802978515625
1089,17.87583351135254,26.522499084472656,0.6847844877625795,1334.1875,0.026572465896606445,1334.1875
1090,17.351665496826172,27.86166763305664,0.6609049277569142,1292.7857666015625,0.042498230934143066,1292.7857666015625
1091,17.9325008392334,26.481666564941406,0.6928323910365827,1332.404052734375,0.021636247634887695,1332.404052734375
1092,17.468334197998047,27.529998779296875,0.6605316385057984,1298.4599609375,0.02831888198852539,1298.4599609375
1093,17.920000076293945,26.86833381652832,0.6673858240977211,1283.0291748046875,0.02750706672668457,1283.0291748046875
1094,18.024999618530273,26.36750030517578,0.684473634177032,1305.8486328125,0.028697848320007324,1305.8486328125
1095,17.918333053588867,26.364999771118164,0.6403556193435,1281.3402099609375,0.02691471576690674,1281.3402099609375
1096,17.997499465942383,26.840002059936523,0.6822924957166737,1302.3642578125,0.030193090438842773,1302.3642578125
1097,18.10999870300293,26.77833366394043,0.6481196841000672,1295.74462890625,0.028008341789245605,1295.74462890625
1098,17.968332290649414,25.832500457763672,0.6345634852657177,1304.5130615234375,0.029771924018859863,1304.5130615234375
1099,18.11916732788086,25.963333129882812,0.6987724684713681,1295.7110595703125,0.021812796592712402,1295.7110595703125
1100,17.25,27.45166778564453,0.6691992605275849,1343.4915771484375,0.02825188636779785,1343.4915771484375
1101,17.879167556762695,27.377500534057617,0.6884206995454901,1297.240478515625,0.024605751037597656,1297.240478515625
1102,17.803333282470703,27.054166793823242,0.6863707704225728,1319.66015625,0.030211925506591797,1319.66015625
1103,17.795833587646484,26.537498474121094,0.64206667148226,1282.870849609375,0.026707053184509277,1282.870849609375
1104,17.97166633605957,27.36750030517578,0.6817187702174161,1298.4072265625,0.030536293983459473,1298.4072265625
1105,17.583332061767578,27.286666870117188,0.6412006796319873,1270.38818359375,0.03822124004364014,1270.38818359375
1106,17.738332748413086,27.779998779296875,0.6834082585415637,1280.843994140625,0.02557539939880371,1280.843994140625
1107,17.768333435058594,27.15250015258789,0.6559941413107905,1295.837890625,0.036311984062194824,1295.837890625
1108,17.421667098999023,27.60249900817871,0.6489261035468357,1283.8214111328125,0.03136444091796875,1283.8214111328125
1109,17.805831909179688,26.391666412353516,0.6983056134006171,1317.6981201171875,0.02892482280731201,1317.6981201171875
1110,17.69333267211914,27.297500610351562,0.6868003433302585,1289.8216552734375,0.029991865158081055,1289.8216552734375
1111,17.945833206176758,26.774168014526367,0.6447519072417955,1315.5833740234375,0.03590285778045654,1315.5833740234375
1112,17.625,27.09166717529297,0.6873558813669954,1280.9176025390625,0.03258705139160156,1280.9176025390625
1113,17.953332901000977,26.773334503173828,0.6962835207971614,1284.0626220703125,0.03263425827026367,1284.0626220703125
1114,18.079999923706055,26.584165573120117,0.6691716099413257,1313.21533203125,0.02703392505645752,1313.21533203125
1115,17.7641658782959,26.61750030517578,0.656077600894073,1286.806884765625,0.031023502349853516,1286.806884765625
1116,18.281667709350586,25.92083168029785,0.6618552203952297,1272.1827392578125,0.03272593021392822,1272.1827392578125
1117,17.907501220703125,26.379167556762695,0.6848016043672163,1289.383056640625,0.02554178237915039,1289.383056640625
1118,17.725000381469727,27.443334579467773,0.6418588929233625,1281.5291748046875,0.024128317832946777,1281.5291748046875
1119,18.02916717529297,26.18666648864746,0.6772564688798688,1314.0428466796875,0.03042161464691162,1314.0428466796875
1120,17.78583335876465,26.850000381469727,0.666032912343125,1264.976806640625,0.03433036804199219,1264.976806640625
1121,17.99333381652832,26.55583381652832,0.6814691770111106,1292.9345703125,0.024532318115234375,1292.9345703125
1122,18.06916618347168,26.589998245239258,0.6686411696649575,1278.51171875,0.030925631523132324,1278.51171875
1123,18.100833892822266,26.503334045410156,0.7056421708135283,1324.2720947265625,0.02458333969116211,1324.2720947265625
1124,17.773332595825195,26.780000686645508,0.657338166734678,1337.9921875,0.03379106521606445,1337.9921875
1125,18.10333251953125,26.57499885559082,0.6842922468953541,1317.803955078125,0.032379865646362305,1317.803955078125
1126,18.167499542236328,26.946666717529297,0.7292082473506656,1342.14990234375,0.03402447700500488,1342.14990234375
1127,17.635000228881836,27.15833282470703,0.6680167182673992,1283.8541259765625,0.030817389488220215,1283.8541259765625
1128,18.11833381652832,26.832500457763672,0.7069189580550892,1307.5347900390625,0.02976691722869873,1307.5347900390625
1129,17.455833435058594,27.270832061767578,0.653119581161046,1281.5816650390625,0.030831217765808105,1281.5816650390625
1130,18.024999618530273,26.686664581298828,0.6786465393469264,1314.566650390625,0.026585102081298828,1314.566650390625
1131,17.838333129882812,27.238332748413086,0.6977855200702688,1312.351318359375,0.029711127281188965,1312.351318359375
1132,17.755001068115234,26.811664581298828,0.6692057346080309,1329.163330078125,0.023262739181518555,1329.163330078125
1133,17.516666412353516,27.133333206176758,0.6597655520695619,1278.8167724609375,0.030139684677124023,1278.8167724609375
1134,17.801666259765625,27.190834045410156,0.6792598429761811,1304.9161376953125,0.032848358154296875,1304.9161376953125
1135,17.905832290649414,26.379167556762695,0.6727058490538014,1300.6510009765625,0.026844143867492676,1300.6510009765625
1136,17.920000076293945,26.116666793823242,0.6487467428575405,1306.7421875,0.028839468955993652,1306.7421875
1137,17.920833587646484,26.76999855041504,0.7136898158022759,1352.1624755859375,0.025052428245544434,1352.1624755859375
1138,17.887500762939453,26.530000686645508,0.6637855678134759,1273.122802734375,0.03028392791748047,1273.122802734375
1139,18.037500381469727,26.7983341217041,0.6570442788105313,1297.841796875,0.024251341819763184,1297.841796875
1140,17.460832595825195,27.010000228881836,0.6468389515848267,1254.5767822265625,0.029328346252441406,1254.5767822265625
1141,17.6875,27.309167861938477,0.6651804476915091,1295.7601318359375,0.02597498893737793,1295.7601318359375
1142,17.828332901000977,27.706666946411133,0.6706059715968106,1298.8765869140625,0.029929518699645996,1298.8765869140625
1143,17.547500610351562,27.203332901000977,0.626665997160297,1274.6365966796875,0.02910017967224121,1274.6365966796875
1144,17.65833282470703,26.967498779296875,0.6721721253330346,1290.2222900390625,0.02891862392425537,1290.2222900390625
1145,17.754167556762695,26.87583351135254,0.6715845040402306,1301.868896484375,0.029742717742919922,1301.868896484375
1146,17.880001068115234,27.000001907348633,0.6807760600291697,1281.3829345703125,0.03294968605041504,1281.3829345703125
1147,17.920000076293945,26.94333267211914,0.6981955313017953,1306.5634765625,0.025204062461853027,1306.5634765625
1148,17.82583236694336,26.713333129882812,0.659612299075972,1293.4658203125,0.030073046684265137,1293.4658203125
1149,17.84666633605957,27.0483341217041,0.6687405604360379,1306.01904296875,0.027392268180847168,1306.01904296875
1150,17.570833206176758,26.686664581298828,0.7033356311876664,1351.212646484375,0.04189610481262207,1351.212646484375
1151,17.88833236694336,26.547500610351562,0.6542089300116976,1304.0877685546875,0.02616417407989502,1304.0877685546875
1152,17.939167022705078,26.72249984741211,0.6711818976167979,1281.502197265625,0.026321887969970703,1281.502197265625
1153,18.037500381469727,26.42500114440918,0.6624121011151414,1277.396728515625,0.03754782676696777,1277.396728515625
1154,17.665000915527344,27.57583236694336,0.6441163076678365,1312.0037841796875,0.037104010581970215,1312.0037841796875
1155,17.614999771118164,27.371665954589844,0.6866736304067198,1318.738525390625,0.02512991428375244,1318.738525390625
1156,17.588333129882812,26.656665802001953,0.663840748365258,1315.65234375,0.029053330421447754,1315.65234375
1157,17.536666870117188,26.84583282470703,0.7121547532689858,1313.06201171875,0.025340795516967773,1313.06201171875
1158,18.178333282470703,26.987499237060547,0.6888760462971818,1335.400146484375,0.035161495208740234,1335.400146484375
1159,17.865833282470703,27.40250015258789,0.7059732453857771,1301.0618896484375,0.029395222663879395,1301.0618896484375
1160,17.809165954589844,26.962501525878906,0.6769297449676861,1288.662841796875,0.03367209434509277,1288.662841796875
1161,17.842500686645508,27.125831604003906,0.644938642159492,1253.722412109375,0.03990328311920166,1253.722412109375
1162,17.780832290649414,26.623332977294922,0.6956145715349724,1313.0010986328125,0.028607606887817383,1313.0010986328125
1163,17.961666107177734,27.186668395996094,0.7227248891827976,1305.5767822265625,0.026729106903076172,1305.5767822265625
1164,17.33916664123535,27.357500076293945,0.6754554751211218,1306.220947265625,0.036762356758117676,1306.220947265625
1165,18.06916618347168,26.17999839782715,0.6878167586635733,1303.6981201171875,0.030634760856628418,1303.6981201171875
1166,18.064167022705078,26.464998245239258,0.6680594041679473,1272.9599609375,0.035747408866882324,1272.9599609375
1167,17.959999084472656,26.715002059936523,0.6937878126595047,1277.468994140625,0.030681729316711426,1277.468994140625
1168,17.99416732788086,26.961666107177734,0.6876557986426541,1291.6375732421875,0.0317615270614624,1291.6375732421875
1169,17.81833267211914,26.760000228881836,0.6700896157426517,1292.0693359375,0.02773463726043701,1292.0693359375
1170,18.02750015258789,26.707500457763672,0.6809313202108833,1333.4735107421875,0.03275489807128906,1333.4735107421875
1171,17.759166717529297,27.467500686645508,0.6568388509776601,1300.3287353515625,0.03451526165008545,1300.3287353515625
1172,18.31166648864746,25.926668167114258,0.7036495259044264,1329.98876953125,0.03211009502410889,1329.98876953125
1173,17.518333435058594,26.782501220703125,0.6371001202095677,1331.287841796875,0.02948462963104248,1331.287841796875
1174,17.815832138061523,27.177501678466797,0.6890910848820038,1310.7579345703125,0.0321277379989624,1310.7579345703125
1175,18.463333129882812,25.735000610351562,0.6820456238445591,1313.0924072265625,0.02909719944000244,1313.0924072265625
1176,17.957500457763672,26.595834732055664,0.7129281066691999,1322.0546875,0.03557121753692627,1322.0546875
1177,17.440000534057617,26.99166488647461,0.6650936603554817,1282.70263671875,0.025976061820983887,1282.70263671875
1178,17.50583267211914,28.108333587646484,0.6647374945963741,1267.2977294921875,0.03186655044555664,1267.2977294921875
1179,17.70916748046875,26.440832138061523,0.6295376753855335,1342.18603515625,0.025096654891967773,1342.18603515625
1180,17.56916618347168,27.07583236694336,0.632128047857471,1321.5184326171875,0.025835633277893066,1321.5184326171875
1181,17.914167404174805,26.449167251586914,0.6862425989086998,1304.97216796875,0.024625778198242188,1304.97216796875
1182,18.01333236694336,26.460832595825195,0.7251073425689447,1297.595947265625,0.03424477577209473,1297.595947265625
1183,17.775001525878906,27.406665802001953,0.6892206915659007,1271.23193359375,0.03025078773498535,1271.23193359375
1184,17.74250030517578,26.852500915527344,0.6653484768527418,1278.310302734375,0.026136159896850586,1278.310302734375
1185,17.720001220703125,26.95416831970215,0.7045788927303388,1283.2960205078125,0.029279112815856934,1283.2960205078125
1186,17.843332290649414,26.678333282470703,0.6993441834943535,1307.5556640625,0.0239945650100708,1307.5556640625
1187,18.134998321533203,26.454999923706055,0.6953732846629628,1262.8397216796875,0.0230637788772583,1262.8397216796875
1188,17.793333053588867,27.23333168029785,0.7007332357290932,1285.123779296875,0.02709174156188965,1285.123779296875
1189,17.91083335876465,27.435832977294922,0.7026049270402819,1269.4183349609375,0.03242695331573486,1269.4183349609375
1190,17.77250099182129,26.5433349609375,0.6453208661073541,1302.5830078125,0.0272141695022583,1302.5830078125
1191,17.65999984741211,27.595001220703125,0.6720600703944714,1295.00634765625,0.029639720916748047,1295.00634765625
1192,17.838333129882812,27.180831909179688,0.6314233006501613,1301.025390625,0.025377988815307617,1301.025390625
1193,17.730833053588867,27.15999984741211,0.6175681566389131,1293.7747802734375,0.028899550437927246,1293.7747802734375
1194,17.60500144958496,27.814167022705078,0.6856500266464944,1307.4366455078125,0.02506875991821289,1307.4366455078125
1195,18.045833587646484,26.793333053588867,0.6939428886393351,1285.0653076171875,0.02281653881072998,1285.0653076171875
1196,17.83416748046875,26.29833221435547,0.67220219813786,1316.4361572265625,0.03531193733215332,1316.4361572265625
1197,17.645832061767578,27.443334579467773,0.6777437966556816,1326.884033203125,0.026517271995544434,1326.884033203125
1198,17.0674991607666,28.349166870117188,0.643806966213001,1285.8370361328125,0.04131627082824707,1285.8370361328125
1199,17.8075008392334,27.34833335876465,0.6977384406803446,1305.990478515625,0.026422858238220215,1305.990478515625
1200,18.101667404174805,26.380834579467773,0.6987178012032581,1328.7410888671875,0.029435276985168457,1328.7410888671875
1201,17.75666618347168,26.38166618347168,0.6598363650945718,1277.898681640625,0.028660058975219727,1277.898681640625
1202,18.017499923706055,26.809167861938477,0.694948009684422,1275.5322265625,0.026382923126220703,1275.5322265625
1203,17.674165725708008,26.22249984741211,0.650131659069457,1284.208740234375,0.022945761680603027,1284.208740234375
1204,17.418333053588867,27.631668090820312,0.6693645482872658,1269.307373046875,0.03071606159210205,1269.307373046875
1205,17.678333282470703,25.841665267944336,0.7142049372623163,1341.51123046875,0.03457379341125488,1341.51123046875
1206,18.078332901000977,26.61166763305664,0.679703656324862,1283.1326904296875,0.031021952629089355,1283.1326904296875
1207,18.059999465942383,26.19999885559082,0.6308354106834769,1264.6019287109375,0.0269392728805542,1264.6019287109375
1208,17.441665649414062,27.043333053588867,0.6728254451156687,1311.9791259765625,0.030707716941833496,1311.9791259765625
1209,17.600831985473633,27.44416618347168,0.689428114840724,1333.6314697265625,0.025626301765441895,1333.6314697265625
1210,17.855833053588867,27.387500762939453,0.6645556479729824,1282.452880859375,0.02865743637084961,1282.452880859375
1211,17.77916717529297,26.724164962768555,0.6298695063125928,1274.101318359375,0.025548934936523438,1274.101318359375
1212,17.75583267211914,28.060001373291016,0.6856571768374913,1300.93310546875,0.028892159461975098,1300.93310546875
1213,17.80500030517578,26.940834045410156,0.6885991911522583,1286.7679443359375,0.026241302490234375,1286.7679443359375
1214,17.64000129699707,26.975833892822266,0.6719682087281124,1311.1573486328125,0.0290757417678833,1311.1573486328125
1215,18.042499542236328,26.990833282470703,0.6620483355187207,1290.163818359375,0.027946949005126953,1290.163818359375
1216,17.927499771118164,27.10833168029785,0.6857388781535914,1280.2923583984375,0.03323483467102051,1280.2923583984375
1217,17.76500129699707,26.98000144958496,0.6962697076455377,1279.2958984375,0.024321675300598145,1279.2958984375
1218,17.704166412353516,26.494165420532227,0.6415277998264414,1299.530517578125,0.03299546241760254,1299.530517578125
1219,17.426666259765625,27.00583267211914,0.6475049224503984,1307.0040283203125,0.027333378791809082,1307.0040283203125
1220,17.59666633605957,26.955833435058594,0.6700241019737805,1287.3255615234375,0.03051590919494629,1287.3255615234375
1221,17.90833282470703,27.497499465942383,0.6701505714473626,1317.8984375,0.028462648391723633,1317.8984375
1222,17.833332061767578,27.215831756591797,0.6866192523937984,1252.184326171875,0.030975818634033203,1252.184326171875
1223,17.79083251953125,26.614166259765625,0.7024444409049466,1313.0509033203125,0.025019168853759766,1313.0509033203125
1224,17.805831909179688,26.924165725708008,0.6733421838959999,1292.8624267578125,0.028360724449157715,1292.8624267578125
1225,17.685001373291016,27.086666107177734,0.6853637351351123,1281.1346435546875,0.02800166606903076,1281.1346435546875
1226,17.84166717529297,26.4950008392334,0.7373968451415048,1287.4595947265625,0.027913570404052734,1287.4595947265625
1227,17.83916664123535,26.726665496826172,0.6669218741475442,1306.546142578125,0.023654699325561523,1306.546142578125
1228,17.780000686645508,26.564165115356445,0.6993615904704877,1257.8592529296875,0.029346942901611328,1257.8592529296875
1229,17.899999618530273,26.70333480834961,0.6607867445880649,1300.6844482421875,0.031096696853637695,1300.6844482421875
1230,18.344167709350586,27.102500915527344,0.7161012109448301,1271.9619140625,0.02944314479827881,1271.9619140625
1231,17.864166259765625,26.210832595825195,0.6218893621371289,1349.9498291015625,0.030588150024414062,1349.9498291015625
1232,17.216665267944336,27.55083465576172,0.6845945230759548,1273.7813720703125,0.029665231704711914,1273.7813720703125
1233,17.88249969482422,26.54666519165039,0.7024264752304533,1286.02099609375,0.03181815147399902,1286.02099609375
1234,17.786666870117188,27.29083251953125,0.6509408754852073,1301.3017578125,0.02846705913543701,1301.3017578125
1235,17.57750129699707,27.292499542236328,0.7153639676369701,1291.435791015625,0.028336405754089355,1291.435791015625
1236,17.679166793823242,27.821666717529297,0.6483378615492306,1298.4630126953125,0.02885568141937256,1298.4630126953125
1237,17.753332138061523,26.86666488647461,0.6580845361831987,1307.5855712890625,0.023980379104614258,1307.5855712890625
1238,17.760831832885742,26.96416664123535,0.6365523502934293,1297.2760009765625,0.028417468070983887,1297.2760009765625
1239,17.905832290649414,26.075834274291992,0.6813317124749219,1315.3865966796875,0.03410530090332031,1315.3865966796875
1240,17.602500915527344,27.34749984741211,0.7076000147121271,1293.2095947265625,0.03710806369781494,1293.2095947265625
1241,17.738332748413086,27.27750015258789,0.657614175174593,1260.5753173828125,0.030312776565551758,1260.5753173828125
1242,17.968332290649414,26.753334045410156,0.6768971371862821,1316.4996337890625,0.02627241611480713,1316.4996337890625
1243,17.77750015258789,26.268333435058594,0.6904181795804498,1314.48046875,0.031198620796203613,1314.48046875
1244,17.620832443237305,26.124998092651367,0.696082272038878,1328.9112548828125,0.025383591651916504,1328.9112548828125
1245,17.501667022705078,27.39083480834961,0.7110082350832928,1312.8106689453125,0.024060726165771484,1312.8106689453125
1246,17.55000114440918,26.88249969482422,0.6480940652345798,1291.3953857421875,0.032100558280944824,1291.3953857421875
1247,17.663331985473633,26.49166488647461,0.6586896744971126,1312.7518310546875,0.02513706684112549,1312.7518310546875
1248,17.708332061767578,26.710832595825195,0.7088565520235555,1293.9052734375,0.030280113220214844,1293.9052734375
1249,17.475833892822266,27.32583236694336,0.6916643881990753,1291.4471435546875,0.03126215934753418,1291.4471435546875
1250,17.959999084472656,27.174165725708008,0.6583212257921998,1293.911865234375,0.03688621520996094,1293.911865234375
1251,17.495832443237305,27.147499084472656,0.668819419247884,1288.1566162109375,0.032422780990600586,1288.1566162109375
1252,17.79083251953125,27.48583221435547,0.6989584457514819,1298.4205322265625,0.03136932849884033,1298.4205322265625
1253,17.354999542236328,27.05000114440918,0.6666574222423566,1280.50537109375,0.030344128608703613,1280.50537109375
1254,17.395000457763672,27.288331985473633,0.6792144984688505,1255.468017578125,0.03140866756439209,1255.468017578125
1255,17.25749969482422,27.416667938232422,0.6311525567061509,1308.776123046875,0.04696023464202881,1308.776123046875
1256,18.09000015258789,26.415834426879883,0.6662827449163631,1307.507568359375,0.03258705139160156,1307.507568359375
1257,18.101667404174805,25.624168395996094,0.70171428075292,1288.4285888671875,0.03524196147918701,1288.4285888671875
1258,17.516666412353516,26.669164657592773,0.6920858351394635,1316.9437255859375,0.035386085510253906,1316.9437255859375
1259,18.01416778564453,26.52750015258789,0.6974173228577218,1314.9405517578125,0.03471529483795166,1314.9405517578125
1260,18.01416778564453,27.137500762939453,0.6792999725778135,1323.3125,0.02828824520111084,1323.3125
1261,17.787500381469727,26.41083335876465,0.6707008033018166,1313.8594970703125,0.026957035064697266,1313.8594970703125
1262,17.84166717529297,26.04166603088379,0.6697739038137531,1338.8837890625,0.028828024864196777,1338.8837890625
1263,17.65916633605957,26.47916603088379,0.6950604858247561,1267.0185546875,0.024463176727294922,1267.0185546875
1264,17.90250015258789,26.96666717529297,0.6963623887779784,1321.70703125,0.031285762786865234,1321.70703125
1265,18.239999771118164,26.070833206176758,0.6876792483192022,1300.8515625,0.026551008224487305,1300.8515625
1266,17.975833892822266,27.055831909179688,0.706266703803385,1316.5284423828125,0.03431522846221924,1316.5284423828125
1267,17.588333129882812,27.24833106994629,0.680438325322329,1309.28076171875,0.02406764030456543,1309.28076171875
1268,18.099998474121094,26.57000160217285,0.6781493823603286,1283.283447265625,0.031729817390441895,1283.283447265625
1269,17.58500099182129,26.678333282470703,0.6669194543561265,1300.093505859375,0.031859517097473145,1300.093505859375
1270,17.831666946411133,26.983333587646484,0.6570078773350574,1297.3516845703125,0.03327453136444092,1297.3516845703125
1271,17.900833129882812,26.905000686645508,0.6961282503467132,1281.2210693359375,0.026807308197021484,1281.2210693359375
1272,17.726667404174805,27.453332901000977,0.6786009750615964,1337.843017578125,0.02642667293548584,1337.843017578125
1273,18.295000076293945,26.019168853759766,0.679319234509616,1335.5023193359375,0.043897032737731934,1335.5023193359375
1274,17.873332977294922,26.732501983642578,0.6784928361989984,1283.35888671875,0.028946876525878906,1283.35888671875
1275,17.372499465942383,27.908334732055664,0.6460659036771619,1284.3193359375,0.030176758766174316,1284.3193359375
1276,17.663331985473633,26.899168014526367,0.6601103004570966,1284.7237548828125,0.028838276863098145,1284.7237548828125
1277,17.45833396911621,27.3799991607666,0.671883290868853,1301.2767333984375,0.0284576416015625,1301.2767333984375
1278,18.088333129882812,26.596664428710938,0.6891931608439219,1262.3154296875,0.02875804901123047,1262.3154296875
1279,17.84083366394043,26.752498626708984,0.6916560933624947,1340.014892578125,0.027304768562316895,1340.014892578125
1280,18.211668014526367,25.979999542236328,0.7066551402648635,1305.2447509765625,0.024776935577392578,1305.2447509765625
1281,17.751667022705078,27.260833740234375,0.677064561409443,1257.7939453125,0.02721107006072998,1257.7939453125
1282,17.595001220703125,26.919164657592773,0.6479239272894869,1281.91552734375,0.03048074245452881,1281.91552734375
1283,17.452499389648438,26.5049991607666,0.6355266512216178,1255.917724609375,0.028542518615722656,1255.917724609375
1284,17.309999465942383,27.595001220703125,0.6358280063548843,1326.0821533203125,0.027080774307250977,1326.0821533203125
1285,17.44499969482422,27.354999542236328,0.6295775705294022,1282.7847900390625,0.033040523529052734,1282.7847900390625
1286,17.870832443237305,26.284997940063477,0.7042002049393153,1284.4256591796875,0.023188114166259766,1284.4256591796875
1287,17.55500030517578,27.219999313354492,0.663110473674164,1280.8065185546875,0.0281982421875,1280.8065185546875
1288,18.03333282470703,26.217498779296875,0.6929683939840972,1296.4537353515625,0.030449628829956055,1296.4537353515625
1289,17.775001525878906,26.700834274291992,0.7152581219451685,1311.42236328125,0.03735506534576416,1311.42236328125
1290,17.358333587646484,27.321666717529297,0.6888536014952673,1335.9833984375,0.026750683784484863,1335.9833984375
1291,17.752500534057617,26.21249771118164,0.6701618091998268,1307.7568359375,0.030970454216003418,1307.7568359375
1292,17.74416732788086,27.066665649414062,0.6725319676711858,1308.77099609375,0.031874656677246094,1308.77099609375
1293,17.5625,26.885000228881836,0.6573284144997725,1268.4808349609375,0.02498602867126465,1268.4808349609375
1294,17.74916648864746,27.032501220703125,0.6747843729933594,1334.928955078125,0.023082494735717773,1334.928955078125
1295,17.752500534057617,27.24333381652832,0.671696240596164,1298.114013671875,0.028221726417541504,1298.114013671875
1296,18.15416717529297,26.15416717529297,0.6929731116132188,1309.8231201171875,0.02895522117614746,1309.8231201171875
1297,17.90833282470703,27.038331985473633,0.6464790005274035,1299.06005859375,0.026755809783935547,1299.06005859375
1298,18.00666618347168,26.797500610351562,0.6475037686880944,1315.4671630859375,0.028765559196472168,1315.4671630859375
1299,17.915000915527344,26.489999771118164,0.6977920171708757,1260.403076171875,0.028026700019836426,1260.403076171875
1300,17.80000114440918,27.133333206176758,0.6951393920632929,1319.844482421875,0.026147961616516113,1319.844482421875
1301,17.389999389648438,27.900833129882812,0.6491727834070865,1280.42041015625,0.028736591339111328,1280.42041015625
1302,17.801666259765625,26.641666412353516,0.7079041597794515,1290.0950927734375,0.0349806547164917,1290.0950927734375
