0,0.4816666841506958,1.1387499570846558,0.4760254240214714,2482.97607421875,1.4853609800338745,2482.97607421875,0.4760254240214714
1,0.9166666269302368,1.3795833587646484,0.5122381220980877,2465.756103515625,1.4744832515716553,2465.756103515625,0.5122381220980877
2,1.2016667127609253,1.8145833015441895,0.5484372951587642,2454.652099609375,1.4605449438095093,2454.652099609375,0.5484372951587642
3,1.8537501096725464,2.0283334255218506,0.5438370229471345,2435.753173828125,1.4643959999084473,2435.753173828125,0.5438370229471345
4,2.555000066757202,2.21875,0.5062173400017658,2415.00146484375,1.4607421159744263,2415.00146484375,0.5062173400017658
5,2.9783332347869873,2.4883334636688232,0.5046958719244177,2405.4169921875,1.4429786205291748,2405.4169921875,0.5046958719244177
6,4.1541666984558105,2.7766666412353516,0.5234760818449987,2364.083740234375,1.4311120510101318,2364.083740234375,0.5234760818449987
7,5.662499904632568,3.2183334827423096,0.5326653405658236,2319.78857421875,1.4301025867462158,2319.78857421875,0.5326653405658236
8,5.778749942779541,3.4625000953674316,0.5436273059268608,2324.479736328125,1.4208115339279175,2324.479736328125,0.5436273059268608
9,8.054583549499512,3.910416841506958,0.5027306146206719,2280.25439453125,1.4081143140792847,2280.25439453125,0.5027306146206719
10,10.295416831970215,4.257916450500488,0.4804473889354911,2255.10400390625,1.404430866241455,2255.10400390625,0.4804473889354911
11,12.188333511352539,4.677916526794434,0.4460318074753913,2247.413330078125,1.3915094137191772,2247.413330078125,0.4460318074753913
12,12.649166107177734,4.847916603088379,0.4186316758151669,2192.35302734375,1.387846827507019,2192.35302734375,0.4186316758151669
13,14.630000114440918,5.235833168029785,0.4054672270790619,2153.834716796875,1.3538950681686401,2153.834716796875,0.4054672270790619
14,16.78999900817871,5.677083492279053,0.40296509341555165,2182.312255859375,1.3530306816101074,2182.312255859375,0.40296509341555165
15,18.603750228881836,6.0366668701171875,0.3597070362077131,2153.284423828125,1.3533695936203003,2153.284423828125,0.3597070362077131
16,19.952499389648438,6.277083396911621,0.37126067385811123,2161.6435546875,1.344582438468933,2161.6435546875,0.37126067385811123
17,20.166250228881836,6.327083110809326,0.34628093608746124,2129.5859375,1.352972388267517,2129.5859375,0.34628093608746124
18,20.65833282470703,6.50499963760376,0.36603672886070915,2116.496826171875,1.3641523122787476,2116.496826171875,0.36603672886070915
19,23.776248931884766,7.138750076293945,0.33001640909038565,2120.3486328125,1.3249423503875732,2120.3486328125,0.33001640909038565
20,25.954999923706055,7.469583511352539,0.30921477573873113,2171.89404296875,1.3107048273086548,2171.89404296875,0.30921477573873113
21,26.25625228881836,7.558750152587891,0.2957737726710408,2113.768310546875,1.3029357194900513,2113.768310546875,0.2957737726710408
22,26.99041748046875,7.584166526794434,0.30721770668828385,2127.133056640625,1.309414029121399,2127.133056640625,0.30721770668828385
23,27.353334426879883,7.847499847412109,0.29934362621743693,2140.66650390625,1.2922598123550415,2140.66650390625,0.29934362621743693
24,28.66291618347168,8.077083587646484,0.28583571954206505,2157.86669921875,1.2888903617858887,2157.86669921875,0.28583571954206505
25,28.74541664123535,8.114583015441895,0.30877547418132356,2139.541748046875,1.2987831830978394,2139.541748046875,0.30877547418132356
26,29.617082595825195,8.299999237060547,0.29387331783888226,2153.850341796875,1.2814884185791016,2153.850341796875,0.29387331783888226
27,28.603750228881836,8.255833625793457,0.2673034158628802,2151.885986328125,1.2930635213851929,2151.885986328125,0.2673034158628802
28,30.35791778564453,8.498332977294922,0.28397537141705165,2110.167236328125,1.2926312685012817,2110.167236328125,0.28397537141705165
29,30.827083587646484,8.74625015258789,0.2873393607054534,2187.155517578125,1.2733601331710815,2187.155517578125,0.2873393607054534
30,30.818334579467773,8.616250038146973,0.27326577304828614,2141.6337890625,1.2687733173370361,2141.6337890625,0.27326577304828614
31,33.140830993652344,9.048749923706055,0.27837250053946777,2170.18115234375,1.2635835409164429,2170.18115234375,0.27837250053946777
32,31.938749313354492,8.837916374206543,0.282893914205096,2156.091796875,1.2763893604278564,2156.091796875,0.282893914205096
33,32.005001068115234,8.823333740234375,0.2609834944613714,2136.521484375,1.2615940570831299,2136.521484375,0.2609834944613714
34,30.85125160217285,8.587082862854004,0.2843112935939708,2162.566650390625,1.2660611867904663,2162.566650390625,0.2843112935939708
35,31.724584579467773,8.897500038146973,0.29388365243475323,2148.9599609375,1.2712912559509277,2148.9599609375,0.29388365243475323
36,31.881248474121094,8.757916450500488,0.30196645579761017,2085.157958984375,1.2659567594528198,2085.157958984375,0.30196645579761017
37,31.307918548583984,8.715832710266113,0.28850396384856536,2136.578857421875,1.2558711767196655,2136.578857421875,0.28850396384856536
38,32.0533332824707,8.939583778381348,0.29685243382307913,2167.607177734375,1.2481143474578857,2167.607177734375,0.29685243382307913
39,32.51124954223633,8.832916259765625,0.27323447121744837,2154.11962890625,1.2709012031555176,2154.11962890625,0.27323447121744837
40,30.811668395996094,8.447500228881836,0.28417689829829784,2098.2734375,1.2484291791915894,2098.2734375,0.28417689829829784
41,30.496665954589844,8.454166412353516,0.30022516868713445,2129.28466796875,1.2612913846969604,2129.28466796875,0.30022516868713445
42,32.08374786376953,8.719583511352539,0.2869796656002654,2137.5322265625,1.2492234706878662,2137.5322265625,0.2869796656002654
43,29.658750534057617,8.265833854675293,0.2644917625549567,2064.8515625,1.252044677734375,2064.8515625,0.2644917625549567
44,31.35791778564453,8.691666603088379,0.2617019951441073,2125.7919921875,1.2390884160995483,2125.7919921875,0.2617019951441073
45,30.341249465942383,8.37541675567627,0.2819232601883891,2114.247802734375,1.2589170932769775,2114.247802734375,0.2819232601883891
46,28.80583381652832,8.072500228881836,0.2853517394173903,2072.07080078125,1.2557799816131592,2072.07080078125,0.2853517394173903
47,29.53874969482422,8.199583053588867,0.2764321221521599,2091.412109375,1.2417376041412354,2091.412109375,0.2764321221521599
48,28.967082977294922,8.068750381469727,0.29096835414527245,2067.01318359375,1.2661144733428955,2067.01318359375,0.29096835414527245
49,28.02666664123535,7.836666584014893,0.2767844369138644,2025.95703125,1.250425100326538,2025.95703125,0.2767844369138644
50,28.724584579467773,8.00708293914795,0.27567217743002137,2041.055419921875,1.2550078630447388,2041.055419921875,0.27567217743002137
51,28.125417709350586,7.818750381469727,0.29140552915494045,2058.027587890625,1.2647504806518555,2058.027587890625,0.29140552915494045
52,28.615001678466797,7.837083339691162,0.27929183051896794,2042.200439453125,1.2595860958099365,2042.200439453125,0.27929183051896794
53,27.45291519165039,7.756250381469727,0.3022524289084403,2046.7757568359375,1.2612435817718506,2046.7757568359375,0.3022524289084403
54,27.324167251586914,7.7387495040893555,0.2887776392448536,2035.8865966796875,1.2491573095321655,2035.8865966796875,0.2887776392448536
55,28.0795841217041,7.735833644866943,0.280101806716963,2069.677978515625,1.2216111421585083,2069.677978515625,0.280101806716963
56,26.836666107177734,7.614167213439941,0.27974982302109036,2038.0535888671875,1.2528477907180786,2038.0535888671875,0.27974982302109036
57,25.535415649414062,7.354166507720947,0.3003085380167754,2050.053955078125,1.2761446237564087,2050.053955078125,0.3003085380167754
58,27.280834197998047,7.689999580383301,0.32888700493424833,2036.972412109375,1.223283052444458,2036.972412109375,0.32888700493424833
59,26.945417404174805,7.482499599456787,0.2862103090182101,2023.896484375,1.243520975112915,2023.896484375,0.2862103090182101
60,25.842498779296875,7.40333366394043,0.2939060256964873,2015.02294921875,1.2362971305847168,2015.02294921875,0.2939060256964873
61,25.74041748046875,7.40749979019165,0.2825366994738747,2052.9052734375,1.2483227252960205,2052.9052734375,0.2825366994738747
62,25.836668014526367,7.442083358764648,0.28550929398162767,2027.4705810546875,1.2538914680480957,2027.4705810546875,0.28550929398162767
63,25.5887508392334,7.384583473205566,0.296828748770674,2021.496826171875,1.2447774410247803,2021.496826171875,0.296828748770674
64,26.267498016357422,7.4066667556762695,0.31567822347188745,2008.9906005859375,1.2297309637069702,2008.9906005859375,0.31567822347188745
65,25.548749923706055,7.2166666984558105,0.27798411540808554,1994.3275146484375,1.235442876815796,1994.3275146484375,0.27798411540808554
66,26.321666717529297,7.37999963760376,0.2823335814013377,2015.4486083984375,1.2119077444076538,2015.4486083984375,0.2823335814013377
67,25.570833206176758,7.336249828338623,0.2974219781175155,2014.7882080078125,1.223952293395996,2014.7882080078125,0.2974219781175155
68,24.60124969482422,7.1229166984558105,0.2998264122518396,1964.0772705078125,1.2376785278320312,1964.0772705078125,0.2998264122518396
69,23.570417404174805,6.932499885559082,0.3299536606725398,2003.2869873046875,1.2315229177474976,2003.2869873046875,0.3299536606725398
70,25.48958396911621,7.229582786560059,0.2917776563653431,1971.704833984375,1.242752194404602,1971.704833984375,0.2917776563653431
71,24.812082290649414,7.160833358764648,0.30988237737044466,1998.4730224609375,1.2250514030456543,1998.4730224609375,0.30988237737044466
72,23.860000610351562,7.062916278839111,0.2841232418868982,1950.32421875,1.2292418479919434,1950.32421875,0.2841232418868982
73,23.806249618530273,6.920833110809326,0.31317956314137313,1964.4227294921875,1.2523523569107056,1964.4227294921875,0.31317956314137313
74,25.109582901000977,7.090000152587891,0.30561559748302614,2013.47216796875,1.2259483337402344,2013.47216796875,0.30561559748302614
75,24.844165802001953,7.151249885559082,0.30819910944472095,1991.8798828125,1.2091038227081299,1991.8798828125,0.30819910944472095
76,23.530000686645508,7.041250228881836,0.3277826911913131,1992.55615234375,1.2120351791381836,1992.55615234375,0.3277826911913131
77,23.68291664123535,6.932083606719971,0.3337545490319747,1989.537841796875,1.2199441194534302,1989.537841796875,0.3337545490319747
78,23.807083129882812,6.979166507720947,0.33989225615384866,1969.6771240234375,1.2167340517044067,1969.6771240234375,0.33989225615384866
79,24.34083366394043,7.075833320617676,0.31955457937403514,1988.60595703125,1.199320912361145,1988.60595703125,0.31955457937403514
80,23.92708396911621,7.003749847412109,0.3178704968629642,1964.3013916015625,1.2059028148651123,1964.3013916015625,0.3178704968629642
81,24.299999237060547,7.03291654586792,0.3100537769117683,1955.122314453125,1.2006850242614746,1955.122314453125,0.3100537769117683
82,23.483333587646484,6.976249694824219,0.3454343022936602,1972.2176513671875,1.1952126026153564,1972.2176513671875,0.3454343022936602
83,23.2954158782959,7.072083473205566,0.30131322308595804,1978.00341796875,1.2179937362670898,1978.00341796875,0.30131322308595804
84,24.61916732788086,7.112916469573975,0.30280123470270687,1964.147705078125,1.2010475397109985,1964.147705078125,0.30280123470270687
85,22.531667709350586,6.869583606719971,0.3261770429663664,1958.78759765625,1.2034534215927124,1958.78759765625,0.3261770429663664
86,23.902915954589844,7.076666355133057,0.3117400792103724,1944.96435546875,1.2239727973937988,1944.96435546875,0.3117400792103724
87,22.78041648864746,6.825832843780518,0.31768546347910565,1989.16259765625,1.1896369457244873,1989.16259765625,0.31768546347910565
88,23.46125030517578,6.891666412353516,0.33301673277923083,1960.1171875,1.178456425666809,1960.1171875,0.33301673277923083
89,24.69124984741211,7.056666851043701,0.30059131304882913,1951.8699951171875,1.1828908920288086,1951.8699951171875,0.30059131304882913
90,23.799583435058594,7.086250305175781,0.29514021757577386,1969.791015625,1.1780574321746826,1969.791015625,0.29514021757577386
91,24.723751068115234,7.134166240692139,0.3371062570912425,1963.3525390625,1.1980479955673218,1963.3525390625,0.3371062570912425
92,24.524999618530273,7.134583473205566,0.31635920052821065,1935.9007568359375,1.1773707866668701,1935.9007568359375,0.31635920052821065
93,24.042083740234375,7.0958333015441895,0.31658522770660813,1950.802490234375,1.187190055847168,1950.802490234375,0.31658522770660813
94,24.455415725708008,7.154582977294922,0.32988721084513184,1948.625732421875,1.186161994934082,1948.625732421875,0.32988721084513184
95,24.985000610351562,7.207499980926514,0.29876830335328686,1928.8558349609375,1.2025645971298218,1928.8558349609375,0.29876830335328686
96,25.334999084472656,7.319582939147949,0.302809342287066,1923.6185302734375,1.1659802198410034,1923.6185302734375,0.302809342287066
97,24.005001068115234,7.059166431427002,0.3261101118697892,1924.3028564453125,1.1777997016906738,1924.3028564453125,0.3261101118697892
98,24.703750610351562,7.205833435058594,0.29389504658481513,1934.60498046875,1.1737608909606934,1934.60498046875,0.29389504658481513
99,24.058332443237305,7.027916431427002,0.3231344931284169,1959.164306640625,1.1643449068069458,1959.164306640625,0.3231344931284169
100,24.670833587646484,7.197083473205566,0.3169514369391537,1921.9512939453125,1.1845881938934326,1921.9512939453125,0.3169514369391537
101,24.227916717529297,7.230416774749756,0.31193222790199826,1927.2880859375,1.1718429327011108,1927.2880859375,0.31193222790199826
102,24.967082977294922,7.265832901000977,0.308550527964292,1934.9940185546875,1.148586630821228,1934.9940185546875,0.308550527964292
103,24.382915496826172,7.1458330154418945,0.302077903365779,1924.0750732421875,1.1705751419067383,1924.0750732421875,0.302077903365779
104,24.20708465576172,7.207916736602783,0.31698708351856286,1908.5677490234375,1.1531498432159424,1908.5677490234375,0.31698708351856286
105,24.539583206176758,7.245833396911621,0.32514816074267394,1939.478515625,1.136504888534546,1939.478515625,0.32514816074267394
106,24.711666107177734,7.309166431427002,0.3283110981315864,1938.6348876953125,1.1582460403442383,1938.6348876953125,0.3283110981315864
107,24.4637508392334,7.228333473205566,0.3137708632320739,1933.4755859375,1.1486138105392456,1933.4755859375,0.3137708632320739
108,25.37125015258789,7.34499979019165,0.30727684937213817,1925.228271484375,1.1336696147918701,1925.228271484375,0.30727684937213817
109,23.721248626708984,7.103750228881836,0.32564788789285454,1917.8743896484375,1.1614394187927246,1917.8743896484375,0.32564788789285454
110,24.987916946411133,7.302917003631592,0.3188810418199048,1918.060302734375,1.1024446487426758,1918.060302734375,0.3188810418199048
111,25.284168243408203,7.382916450500488,0.3103388208673327,1930.686279296875,1.141250729560852,1930.686279296875,0.3103388208673327
112,25.510831832885742,7.4058332443237305,0.343989738954977,1926.5487060546875,1.1528462171554565,1926.5487060546875,0.343989738954977
113,25.472917556762695,7.382500171661377,0.3105477924419434,1905.84130859375,1.1317317485809326,1905.84130859375,0.3105477924419434
114,24.42999839782715,7.197916507720947,0.320846482909886,1924.28173828125,1.103422999382019,1924.28173828125,0.320846482909886
115,25.779584884643555,7.417083740234375,0.3390793092374918,1893.6480712890625,1.1342296600341797,1893.6480712890625,0.3390793092374918
116,25.39750099182129,7.462916374206543,0.32572180719219057,1903.1014404296875,1.1689778566360474,1903.1014404296875,0.32572180719219057
117,24.015417098999023,7.167916774749756,0.3172746496818194,1937.6134033203125,1.118797779083252,1937.6134033203125,0.3172746496818194
118,24.670833587646484,7.308333396911621,0.31097227804021965,1907.801513671875,1.1490459442138672,1907.801513671875,0.31097227804021965
119,24.722917556762695,7.316250324249268,0.3285085102848523,1926.910888671875,1.1163145303726196,1926.910888671875,0.3285085102848523
120,24.366666793823242,7.2808332443237305,0.33071798800735047,1908.2972412109375,1.1480430364608765,1908.2972412109375,0.33071798800735047
121,24.989582061767578,7.469583511352539,0.3383633262839724,1916.849609375,1.115896463394165,1916.849609375,0.3383633262839724
122,26.135831832885742,7.545833110809326,0.3279403092649918,1908.1278076171875,1.131110429763794,1908.1278076171875,0.3279403092649918
123,25.437501907348633,7.358333587646484,0.3271937668791111,1905.04150390625,1.1173334121704102,1905.04150390625,0.3271937668791111
124,24.513334274291992,7.336666584014893,0.3358693336933874,1911.3929443359375,1.1104635000228882,1911.3929443359375,0.3358693336933874
125,24.760833740234375,7.370833396911621,0.3498772892371317,1903.9586181640625,1.1245572566986084,1903.9586181640625,0.3498772892371317
126,24.925416946411133,7.47208309173584,0.33047125012584705,1883.9754638671875,1.1275668144226074,1883.9754638671875,0.33047125012584705
127,25.94499969482422,7.492083549499512,0.3179497967469178,1899.618896484375,1.0839159488677979,1899.618896484375,0.3179497967469178
128,25.390417098999023,7.575000286102295,0.3418676136642329,1893.56591796875,1.0947563648223877,1893.56591796875,0.3418676136642329
129,26.26416778564453,7.53791618347168,0.3412114359912606,1891.8291015625,1.1207332611083984,1891.8291015625,0.3412114359912606
130,25.44208526611328,7.507083415985107,0.3609139059946158,1915.148193359375,1.0611698627471924,1915.148193359375,0.3609139059946158
131,24.56624984741211,7.273749828338623,0.35416580371226186,1912.24755859375,1.1162902116775513,1912.24755859375,0.35416580371226186
132,25.72249984741211,7.485416412353516,0.3414868480840202,1893.2169189453125,1.1184972524642944,1893.2169189453125,0.3414868480840202
133,26.159997940063477,7.576250076293945,0.3297226797523157,1885.33837890625,1.0934189558029175,1885.33837890625,0.3297226797523157
134,25.664165496826172,7.517916679382324,0.3363831185195081,1900.6767578125,1.068454623222351,1900.6767578125,0.3363831185195081
135,25.424585342407227,7.556666374206543,0.34980448763723493,1899.416748046875,1.1154725551605225,1899.416748046875,0.34980448763723493
136,24.84375,7.433749675750732,0.37552258887611445,1905.9149169921875,1.1062159538269043,1905.9149169921875,0.37552258887611445
137,25.300832748413086,7.509583473205566,0.324132024631174,1883.4888916015625,1.0872809886932373,1883.4888916015625,0.324132024631174
138,26.147083282470703,7.655416488647461,0.33476700565293616,1876.4775390625,1.0670969486236572,1876.4775390625,0.33476700565293616
139,25.154584884643555,7.542916297912598,0.3613628128467508,1877.8834228515625,1.076235294342041,1877.8834228515625,0.3613628128467508
140,25.882917404174805,7.5858330726623535,0.3348811268127853,1894.0384521484375,1.1113373041152954,1894.0384521484375,0.3348811268127853
141,25.85541534423828,7.635833263397217,0.3394908133968453,1884.724853515625,1.0727344751358032,1884.724853515625,0.3394908133968453
142,25.158750534057617,7.665416717529297,0.3749072439653472,1858.0936279296875,1.074078917503357,1858.0936279296875,0.3749072439653472
143,25.25208282470703,7.514999866485596,0.36891377327987684,1884.0611572265625,1.0865702629089355,1884.0611572265625,0.36891377327987684
144,25.31999969482422,7.547083377838135,0.3626025266922007,1904.0533447265625,1.1175239086151123,1904.0533447265625,0.3626025266922007
145,25.138750076293945,7.575416564941406,0.33482014504963975,1852.5382080078125,1.0735886096954346,1852.5382080078125,0.33482014504963975
146,25.304582595825195,7.544166564941406,0.362250706946069,1887.049560546875,1.1117348670959473,1887.049560546875,0.362250706946069
147,25.101667404174805,7.594583034515381,0.3532322983775137,1880.6827392578125,1.0494720935821533,1880.6827392578125,0.3532322983775137
148,24.472084045410156,7.4287495613098145,0.3624635461935988,1888.3411865234375,1.0949668884277344,1888.3411865234375,0.3624635461935988
149,25.02916717529297,7.559999942779541,0.3852798993459341,1860.7626953125,1.0543243885040283,1860.7626953125,0.3852798993459341
150,26.285415649414062,7.743749618530273,0.3630728075110444,1872.16455078125,1.0416591167449951,1872.16455078125,0.3630728075110444
151,25.131248474121094,7.5858330726623535,0.3432262749297007,1859.0145263671875,1.0590851306915283,1859.0145263671875,0.3432262749297007
152,25.536664962768555,7.750833034515381,0.3126595435746612,1877.63330078125,1.0424466133117676,1877.63330078125,0.3126595435746612
153,26.99125099182129,7.799583435058594,0.34362246113584594,1851.520751953125,1.0353143215179443,1851.520751953125,0.34362246113584594
154,24.923749923706055,7.646249771118164,0.3580803732103374,1873.3284912109375,1.0256388187408447,1873.3284912109375,0.3580803732103374
155,25.31833267211914,7.665832996368408,0.3683573167897103,1870.0933837890625,1.0417914390563965,1870.0933837890625,0.3683573167897103
156,26.100000381469727,7.71875,0.3728372471145563,1852.74853515625,1.0477588176727295,1852.74853515625,0.3728372471145563
157,27.132081985473633,8.049583435058594,0.333589400993252,1867.6943359375,1.0589252710342407,1867.6943359375,0.333589400993252
158,26.269166946411133,7.718333721160889,0.3675155109711584,1877.070556640625,1.0631636381149292,1877.070556640625,0.3675155109711584
159,26.50874900817871,7.865417003631592,0.362655503832355,1854.1968994140625,1.0397350788116455,1854.1968994140625,0.362655503832355
160,26.119583129882812,7.962500095367432,0.37272191254229303,1848.5927734375,1.041520118713379,1848.5927734375,0.37272191254229303
161,27.106666564941406,8.047916412353516,0.38004000733374194,1845.44140625,1.0222684144973755,1845.44140625,0.38004000733374194
162,27.342500686645508,8.186249732971191,0.3602216777909283,1848.166015625,1.0409878492355347,1848.166015625,0.3602216777909283
163,27.262500762939453,8.047082901000977,0.33867565395867916,1835.525146484375,1.0425987243652344,1835.525146484375,0.33867565395867916
164,26.386249542236328,8.037500381469727,0.3785266948405569,1853.12841796875,1.082956075668335,1853.12841796875,0.3785266948405569
165,26.034168243408203,7.983750343322754,0.35591940670417654,1831.90771484375,1.04105806350708,1831.90771484375,0.35591940670417654
166,26.717498779296875,7.977083206176758,0.37373579530730383,1852.32666015625,1.0224435329437256,1852.32666015625,0.37373579530730383
167,26.292917251586914,7.9058332443237305,0.37940182007540824,1854.038330078125,1.0128954648971558,1854.038330078125,0.37940182007540824
168,26.69500160217285,8.112500190734863,0.38151912580665237,1847.712890625,1.0061676502227783,1847.712890625,0.38151912580665237
169,26.875001907348633,8.08708381652832,0.3878127509291739,1831.3934326171875,1.0251107215881348,1831.3934326171875,0.3878127509291739
170,24.897499084472656,7.7370829582214355,0.3757088100917386,1848.5279541015625,1.0247029066085815,1848.5279541015625,0.3757088100917386
171,26.767915725708008,8.081250190734863,0.37500962678080385,1841.32470703125,1.0059443712234497,1841.32470703125,0.37500962678080385
172,26.686250686645508,8.099583625793457,0.37536126425246175,1816.498291015625,1.047868251800537,1816.498291015625,0.37536126425246175
173,26.371665954589844,8.116666793823242,0.3892124758878206,1826.794677734375,0.9688840508460999,1826.794677734375,0.3892124758878206
174,26.086668014526367,8.010416030883789,0.3836497680349201,1828.585205078125,0.998552680015564,1828.585205078125,0.3836497680349201
175,25.49041748046875,7.942916393280029,0.4140636823190107,1842.7335205078125,0.9897928237915039,1842.7335205078125,0.4140636823190107
176,25.91874885559082,8.015416145324707,0.4330588499846265,1825.0823974609375,1.0302517414093018,1825.0823974609375,0.4330588499846265
177,24.727916717529297,7.677916526794434,0.39947855845253055,1850.0927734375,0.9998226165771484,1850.0927734375,0.39947855845253055
178,24.84749984741211,7.8466668128967285,0.41928629116074245,1837.145751953125,0.9948934316635132,1837.145751953125,0.41928629116074245
179,26.379167556762695,8.123332977294922,0.42209907756468046,1813.1927490234375,0.9868927001953125,1813.1927490234375,0.42209907756468046
180,26.712501525878906,8.097916603088379,0.38640984350658575,1823.4732666015625,0.9957459568977356,1823.4732666015625,0.38640984350658575
181,26.626249313354492,8.088333129882812,0.40574407505700744,1821.157470703125,0.9737962484359741,1821.157470703125,0.40574407505700744
182,25.39874839782715,7.927917003631592,0.397494545367955,1839.71533203125,0.9907519817352295,1839.71533203125,0.397494545367955
183,25.73833465576172,7.915833473205566,0.42528935207232704,1841.1556396484375,1.0089869499206543,1841.1556396484375,0.42528935207232704
184,25.58625030517578,7.958749771118164,0.42543761194468627,1818.0572509765625,1.0068213939666748,1818.0572509765625,0.42543761194468627
185,26.094999313354492,8.111249923706055,0.41117091937835637,1813.674072265625,0.9756724834442139,1813.674072265625,0.41117091937835637
186,26.279582977294922,8.121665954589844,0.4210565267952952,1798.3931884765625,0.9786179065704346,1798.3931884765625,0.4210565267952952
187,26.65791893005371,8.228333473205566,0.468827193212026,1803.8060302734375,0.9938691854476929,1803.8060302734375,0.468827193212026
188,26.81833267211914,8.100000381469727,0.4121880436583698,1798.943115234375,1.0065282583236694,1798.943115234375,0.4121880436583698
189,26.13833236694336,8.237916946411133,0.44525101598284833,1808.41455078125,0.942868173122406,1808.41455078125,0.44525101598284833
190,26.111665725708008,8.114166259765625,0.4430316543508285,1804.469970703125,0.9965794682502747,1804.469970703125,0.4430316543508285
191,25.95708465576172,8.217083930969238,0.38405597364815836,1789.6898193359375,0.9785460233688354,1789.6898193359375,0.38405597364815836
192,25.718748092651367,8.214166641235352,0.42689527518426174,1796.88916015625,0.9896627068519592,1796.88916015625,0.42689527518426174
193,25.661664962768555,8.080833435058594,0.4262773312890905,1805.49560546875,0.9838865995407104,1805.49560546875,0.4262773312890905
194,25.570833206176758,8.039583206176758,0.453217519931703,1805.0384521484375,0.9691922664642334,1805.0384521484375,0.453217519931703
195,26.39375114440918,8.201250076293945,0.4333369394382676,1784.204345703125,0.9831202030181885,1784.204345703125,0.4333369394382676
196,26.560834884643555,8.211250305175781,0.4605043426808886,1796.8017578125,0.92674720287323,1796.8017578125,0.4605043426808886
197,26.899581909179688,8.368749618530273,0.4357056481831633,1785.7431640625,0.994417130947113,1785.7431640625,0.4357056481831633
198,26.44208335876465,8.231249809265137,0.4432591495330923,1800.391357421875,0.9759845733642578,1800.391357421875,0.4432591495330923
199,26.10875129699707,8.201666831970215,0.4696746943164922,1796.77783203125,0.9883323311805725,1796.77783203125,0.4696746943164922
200,26.24916648864746,8.240833282470703,0.45254673186578526,1768.931884765625,0.9993430376052856,1768.931884765625,0.45254673186578526
201,26.564165115356445,8.404583930969238,0.47854272445589763,1786.730712890625,0.9491307735443115,1786.730712890625,0.47854272445589763
202,25.919584274291992,8.304999351501465,0.45024007771789376,1787.3026123046875,0.9589017033576965,1787.3026123046875,0.45024007771789376
203,26.110416412353516,8.261249542236328,0.43436053940739594,1806.628662109375,0.9615375995635986,1806.628662109375,0.43436053940739594
204,26.79458236694336,8.382499694824219,0.4507238332516185,1775.12939453125,0.9215047955513,1775.12939453125,0.4507238332516185
205,27.256250381469727,8.261249542236328,0.4549973195940074,1793.6007080078125,0.9810368418693542,1793.6007080078125,0.4549973195940074
206,25.493749618530273,8.154166221618652,0.44545363376041225,1786.2783203125,0.9561271667480469,1786.2783203125,0.44545363376041225
207,27.246248245239258,8.657500267028809,0.44665083414967466,1782.090087890625,0.9005553126335144,1782.090087890625,0.44665083414967466
208,26.755416870117188,8.338334083557129,0.4487254125433622,1765.1353759765625,0.9133114218711853,1765.1353759765625,0.4487254125433622
209,26.340415954589844,8.411666870117188,0.47841097448343795,1766.9962158203125,0.9225218892097473,1766.9962158203125,0.47841097448343795
210,25.7329158782959,8.226249694824219,0.4646274806685597,1773.3848876953125,0.9636626839637756,1773.3848876953125,0.4646274806685597
211,26.79458236694336,8.567500114440918,0.46969975651183826,1766.9720458984375,0.9658252596855164,1766.9720458984375,0.46969975651183826
212,26.86166763305664,8.43083381652832,0.4716513880626231,1786.6866455078125,0.9399150609970093,1786.6866455078125,0.4716513880626231
213,27.404165267944336,8.639582633972168,0.48784211695711766,1772.680419921875,0.9103521108627319,1772.680419921875,0.48784211695711766
214,27.070417404174805,8.532083511352539,0.49736753604186573,1762.8934326171875,0.953855037689209,1762.8934326171875,0.49736753604186573
215,26.649999618530273,8.58666706085205,0.47156675913943535,1760.727783203125,0.9394845366477966,1760.727783203125,0.47156675913943535
216,27.266666412353516,8.483749389648438,0.49786840051165493,1784.569091796875,0.9281867742538452,1784.569091796875,0.49786840051165493
217,27.502914428710938,8.610833168029785,0.48360503782571007,1770.961181640625,0.9474192261695862,1770.961181640625,0.48360503782571007
218,27.334999084472656,8.589583396911621,0.49848316787725067,1748.104736328125,0.9005281329154968,1748.104736328125,0.49848316787725067
219,26.685832977294922,8.606666564941406,0.49863329685780633,1756.3890380859375,0.9582926034927368,1756.3890380859375,0.49863329685780633
220,26.708749771118164,8.5625,0.5016667133053931,1780.6072998046875,0.9160253405570984,1780.6072998046875,0.5016667133053931
221,26.036251068115234,8.397083282470703,0.5031744856801075,1776.7049560546875,0.9087191820144653,1776.7049560546875,0.5031744856801075
222,26.82583236694336,8.59333324432373,0.5034716970604645,1762.393310546875,0.9458129405975342,1762.393310546875,0.5034716970604645
223,26.908748626708984,8.55875015258789,0.5058254681448022,1753.8463134765625,0.8733839988708496,1753.8463134765625,0.5058254681448022
224,27.59749984741211,8.777915954589844,0.47354367787097723,1749.5992431640625,0.89764004945755,1749.5992431640625,0.47354367787097723
225,27.471668243408203,8.69124984741211,0.523676178368428,1735.1512451171875,0.8970834612846375,1735.1512451171875,0.523676178368428
226,26.619583129882812,8.511667251586914,0.5239592088207295,1752.1103515625,0.9007982611656189,1752.1103515625,0.5239592088207295
227,27.42833137512207,8.837082862854004,0.5273977754548114,1745.2144775390625,0.8978333473205566,1745.2144775390625,0.5273977754548114
228,26.656665802001953,8.786666870117188,0.5421583038333273,1750.21826171875,0.8665986061096191,1750.21826171875,0.5421583038333273
229,27.635833740234375,8.831665992736816,0.5081401826036149,1740.2210693359375,0.856885552406311,1740.2210693359375,0.5081401826036149
230,26.504581451416016,8.466249465942383,0.5403856478109473,1757.0828857421875,0.8358283638954163,1757.0828857421875,0.5403856478109473
231,26.534584045410156,8.689167022705078,0.5703085022953126,1748.0804443359375,0.9017061591148376,1748.0804443359375,0.5703085022953126
232,27.00291633605957,8.647916793823242,0.5515889505077143,1736.94970703125,0.9317058324813843,1736.94970703125,0.5515889505077143
233,26.753334045410156,8.622082710266113,0.5384450290117713,1724.6683349609375,0.8749967217445374,1724.6683349609375,0.5384450290117713
234,26.200834274291992,8.726249694824219,0.5628427271817608,1735.2296142578125,0.8938446044921875,1735.2296142578125,0.5628427271817608
235,26.92041778564453,8.680000305175781,0.5796737557687726,1730.2205810546875,0.8559901714324951,1730.2205810546875,0.5796737557687726
236,26.977083206176758,8.639582633972168,0.5792096276108694,1726.5311279296875,0.8999271392822266,1726.5311279296875,0.5792096276108694
237,26.03583335876465,8.560832977294922,0.5712842602155547,1744.272705078125,0.8752177953720093,1744.272705078125,0.5712842602155547
238,27.388334274291992,8.692083358764648,0.5640715383273276,1721.069091796875,0.8374447226524353,1721.069091796875,0.5640715383273276
239,27.0625,8.75291633605957,0.5651066065496091,1737.73095703125,0.8684142827987671,1737.73095703125,0.5651066065496091
240,26.554166793823242,8.779582977294922,0.5623533454459377,1726.6492919921875,0.8634000420570374,1726.6492919921875,0.5623533454459377
241,27.45625114440918,9.00333309173584,0.5936477719056956,1717.365966796875,0.858906626701355,1717.365966796875,0.5936477719056956
242,28.13749885559082,9.203333854675293,0.5596337489928584,1693.6104736328125,0.862934947013855,1693.6104736328125,0.5596337489928584
243,27.894582748413086,9.040833473205566,0.5458007727367158,1718.9896240234375,0.8466187119483948,1718.9896240234375,0.5458007727367158
244,27.600833892822266,8.984166145324707,0.6055490876168336,1722.4224853515625,0.8791711926460266,1722.4224853515625,0.6055490876168336
245,28.007083892822266,9.131667137145996,0.6065999365455486,1718.387451171875,0.7887143492698669,1718.387451171875,0.6065999365455486
246,27.842500686645508,8.979999542236328,0.5743660184350335,1707.851318359375,0.8203873634338379,1707.851318359375,0.5743660184350335
247,27.615415573120117,8.995416641235352,0.6298649613806222,1726.6302490234375,0.8656942248344421,1726.6302490234375,0.6298649613806222
248,27.235000610351562,9.0024995803833,0.5909949988830474,1714.43994140625,0.8274180889129639,1714.43994140625,0.5909949988830474
249,27.7641658782959,9.102916717529297,0.5865289325043019,1716.642333984375,0.8264836072921753,1716.642333984375,0.5865289325043019
250,28.27916717529297,9.25624942779541,0.6022228959818944,1711.2449951171875,0.8233961462974548,1711.2449951171875,0.6022228959818944
251,27.592914581298828,9.045416831970215,0.6446013207124482,1719.915771484375,0.8511553406715393,1719.915771484375,0.6446013207124482
252,27.13458251953125,9.18416690826416,0.6271209712821927,1702.0521240234375,0.8083566427230835,1702.0521240234375,0.6271209712821927
253,28.55583381652832,9.196666717529297,0.591943693157069,1695.0106201171875,0.8423145413398743,1695.0106201171875,0.591943693157069
254,27.932918548583984,9.302916526794434,0.6202447353075817,1708.0728759765625,0.8241288661956787,1708.0728759765625,0.6202447353075817
255,28.938749313354492,9.356249809265137,0.6262387050861601,1698.4329833984375,0.851624608039856,1698.4329833984375,0.6262387050861601
256,27.82124900817871,9.119584083557129,0.6205216864350354,1711.3975830078125,0.8205997943878174,1711.3975830078125,0.6205216864350354
257,28.0483341217041,9.328332901000977,0.6218199154148814,1703.1304931640625,0.845499575138092,1703.1304931640625,0.6218199154148814
258,28.456249237060547,9.333333015441895,0.6138404900099104,1721.5400390625,0.8354514837265015,1721.5400390625,0.6138404900099104
259,27.695417404174805,9.198333740234375,0.6381387212305203,1688.6082763671875,0.8345056176185608,1688.6082763671875,0.6381387212305203
260,28.16750144958496,9.443750381469727,0.6145765826555526,1695.8668212890625,0.8535040020942688,1695.8668212890625,0.6145765826555526
261,27.49125099182129,9.25374984741211,0.6111493749683339,1704.4578857421875,0.8840955495834351,1704.4578857421875,0.6111493749683339
262,28.35208511352539,9.2837495803833,0.6231726027971425,1703.2911376953125,0.8099930882453918,1703.2911376953125,0.6231726027971425
263,28.145000457763672,9.143750190734863,0.6547708993150133,1680.3299560546875,0.8290620446205139,1680.3299560546875,0.6547708993150133
264,28.680416107177734,9.505000114440918,0.6501529344688813,1685.8001708984375,0.8280848264694214,1685.8001708984375,0.6501529344688813
265,27.440834045410156,9.08708381652832,0.6297930369491591,1693.3721923828125,0.855419397354126,1693.3721923828125,0.6297930369491591
266,28.31541633605957,9.334166526794434,0.6775169011565692,1693.6571044921875,0.7691423892974854,1693.6571044921875,0.6775169011565692
267,28.075000762939453,9.30666732788086,0.6459349723821686,1674.466552734375,0.7716418504714966,1674.466552734375,0.6459349723821686
268,27.318334579467773,9.245416641235352,0.6512212292749575,1683.241943359375,0.8577699661254883,1683.241943359375,0.6512212292749575
269,27.780834197998047,9.4037504196167,0.6508121917582397,1679.330078125,0.7991652488708496,1679.330078125,0.6508121917582397
270,28.39874839782715,9.364999771118164,0.6576924932727739,1677.0169677734375,0.8214791417121887,1677.0169677734375,0.6576924932727739
271,28.040000915527344,9.234999656677246,0.6724039253281124,1684.6695556640625,0.8370606303215027,1684.6695556640625,0.6724039253281124
272,28.545001983642578,9.60041618347168,0.6311841762302941,1677.140380859375,0.8070219159126282,1677.140380859375,0.6311841762302941
273,27.346668243408203,9.27791690826416,0.6688288510301952,1664.6922607421875,0.717278778553009,1664.6922607421875,0.6688288510301952
274,28.008750915527344,9.356666564941406,0.6600040426741777,1670.857177734375,0.7817196846008301,1670.857177734375,0.6600040426741777
275,27.41958236694336,9.444167137145996,0.6795882476686352,1671.068603515625,0.7448887228965759,1671.068603515625,0.6795882476686352
276,27.435832977294922,9.321666717529297,0.67894015037991,1680.2760009765625,0.8351725339889526,1680.2760009765625,0.67894015037991
277,27.05791664123535,9.171667098999023,0.6484211127481208,1691.0924072265625,0.7845582365989685,1691.0924072265625,0.6484211127481208
278,28.00458335876465,9.502082824707031,0.6524891355622626,1660.962890625,0.7999210953712463,1660.962890625,0.6524891355622626
279,27.245834350585938,9.350417137145996,0.6849933935864962,1674.0372314453125,0.7505757212638855,1674.0372314453125,0.6849933935864962
280,28.198749542236328,9.477499961853027,0.6990545665650978,1655.8895263671875,0.758276104927063,1655.8895263671875,0.6990545665650978
281,27.974584579467773,9.317083358764648,0.6533954076431976,1688.088623046875,0.7773295044898987,1688.088623046875,0.6533954076431976
282,28.001249313354492,9.43375015258789,0.6897911284757676,1682.077392578125,0.81117182970047,1682.077392578125,0.6897911284757676
283,28.013334274291992,9.63166618347168,0.6909110732331282,1672.9073486328125,0.7655931711196899,1672.9073486328125,0.6909110732331282
284,28.506248474121094,9.700000762939453,0.6712455189417387,1659.4212646484375,0.8009422421455383,1659.4212646484375,0.6712455189417387
285,28.677082061767578,9.795833587646484,0.6816457220535846,1649.57568359375,0.8118816018104553,1649.57568359375,0.6816457220535846
286,28.412500381469727,9.614166259765625,0.6984124664712932,1645.1790771484375,0.746532142162323,1645.1790771484375,0.6984124664712932
287,29.31166648864746,9.817916870117188,0.6755012598381054,1656.462646484375,0.7833967804908752,1656.462646484375,0.6755012598381054
288,30.016666412353516,9.887499809265137,0.7117552790786259,1649.819091796875,0.7674506306648254,1649.819091796875,0.7117552790786259
289,28.363332748413086,9.825833320617676,0.6594935099040996,1626.6971435546875,0.7429262399673462,1626.6971435546875,0.6594935099040996
290,27.970415115356445,9.623750686645508,0.7098160494375552,1658.107177734375,0.7434421181678772,1658.107177734375,0.7098160494375552
291,28.847084045410156,9.671666145324707,0.7142029147031899,1667.58447265625,0.7324721813201904,1667.58447265625,0.7142029147031899
292,29.147916793823242,9.832499504089355,0.7048358596264508,1647.737548828125,0.7446756958961487,1647.737548828125,0.7048358596264508
293,28.56999969482422,9.874166488647461,0.6921728909191337,1643.843994140625,0.731502890586853,1643.843994140625,0.6921728909191337
294,28.50583267211914,9.977499961853027,0.7472887146790739,1620.690673828125,0.755636990070343,1620.690673828125,0.7472887146790739
295,29.789167404174805,9.991666793823242,0.7297517681670588,1631.962890625,0.7295664548873901,1631.962890625,0.7297517681670588
296,29.27666664123535,9.743749618530273,0.716762573508937,1646.2626953125,0.7544429302215576,1646.2626953125,0.716762573508937
297,28.5766658782959,9.999166488647461,0.7051958480143639,1645.4951171875,0.7634283900260925,1645.4951171875,0.7051958480143639
298,29.74041748046875,9.970417022705078,0.7397347270637011,1627.7579345703125,0.7184175252914429,1627.7579345703125,0.7397347270637011
299,29.37041473388672,9.803333282470703,0.7052602573851525,1633.684326171875,0.7831016778945923,1633.684326171875,0.7052602573851525
300,28.60333251953125,9.96583366394043,0.6899189669173043,1637.9244384765625,0.7244970202445984,1637.9244384765625,0.6899189669173043
301,28.71125030517578,10.085832595825195,0.7131234710664658,1641.9788818359375,0.7268460392951965,1641.9788818359375,0.7131234710664658
302,28.699583053588867,10.261250495910645,0.7268236797825802,1622.489990234375,0.7645112872123718,1622.489990234375,0.7268236797825802
303,27.8629150390625,9.85374927520752,0.7326763894190391,1631.819091796875,0.733669638633728,1631.819091796875,0.7326763894190391
304,28.979999542236328,10.19124984741211,0.7245374253703497,1639.1126708984375,0.7334852814674377,1639.1126708984375,0.7245374253703497
305,28.660415649414062,10.173749923706055,0.7035064178781778,1613.1260986328125,0.6815454363822937,1613.1260986328125,0.7035064178781778
306,29.934999465942383,10.292916297912598,0.6915769217599137,1607.23779296875,0.7194782495498657,1607.23779296875,0.6915769217599137
307,29.202083587646484,10.227916717529297,0.7106129529280614,1617.9764404296875,0.7110878229141235,1617.9764404296875,0.7106129529280614
308,28.940832138061523,10.2162504196167,0.722237579417373,1620.125732421875,0.7498883605003357,1620.125732421875,0.722237579417373
309,28.776248931884766,10.202500343322754,0.7386550958932823,1638.15087890625,0.7037848830223083,1638.15087890625,0.7386550958932823
310,29.308334350585938,10.206250190734863,0.7435842407999808,1615.0916748046875,0.7325742244720459,1615.0916748046875,0.7435842407999808
311,28.854583740234375,10.21291732788086,0.6927864253922391,1605.6007080078125,0.7402930855751038,1605.6007080078125,0.6927864253922391
312,29.152917861938477,10.207500457763672,0.7177540787235451,1608.1268310546875,0.6973199248313904,1608.1268310546875,0.7177540787235451
313,28.847917556762695,10.12541675567627,0.6893362425387607,1642.2093505859375,0.757301926612854,1642.2093505859375,0.6893362425387607
314,29.650835037231445,10.282500267028809,0.6825734660339493,1614.59033203125,0.7036113739013672,1614.59033203125,0.6825734660339493
315,29.44875144958496,10.354166030883789,0.6907390086149492,1609.16943359375,0.6782817840576172,1609.16943359375,0.6907390086149492
316,29.697084426879883,10.46250057220459,0.7344722503711182,1605.2999267578125,0.7103503942489624,1605.2999267578125,0.7344722503711182
317,30.05124855041504,10.420000076293945,0.7234869611715801,1587.090576171875,0.6784906387329102,1587.090576171875,0.7234869611715801
318,29.225831985473633,10.370833396911621,0.6801444614514416,1619.2412109375,0.7636821866035461,1619.2412109375,0.6801444614514416
319,28.753747940063477,10.334166526794434,0.7110078021962533,1622.7972412109375,0.7001640796661377,1622.7972412109375,0.7110078021962533
320,29.128751754760742,10.305000305175781,0.7027030221014751,1629.842041015625,0.6882078647613525,1629.842041015625,0.7027030221014751
321,30.08374786376953,10.625833511352539,0.7219836574805495,1593.3189697265625,0.6418014764785767,1593.3189697265625,0.7219836574805495
322,29.303333282470703,10.44041633605957,0.7469877254894728,1613.890625,0.6857101917266846,1613.890625,0.7469877254894728
323,29.058334350585938,10.716667175292969,0.715264898189946,1575.114013671875,0.6898004412651062,1575.114013671875,0.715264898189946
324,28.89874839782715,10.351250648498535,0.7498492550097584,1585.0526123046875,0.756345808506012,1585.0526123046875,0.7498492550097584
325,29.342498779296875,10.395416259765625,0.7325888443533684,1618.3385009765625,0.6518324613571167,1618.3385009765625,0.7325888443533684
326,28.914165496826172,10.704166412353516,0.6902340350223352,1577.37939453125,0.6285842061042786,1577.37939453125,0.6902340350223352
327,28.868331909179688,10.747499465942383,0.719875787943639,1578.2037353515625,0.7229313850402832,1578.2037353515625,0.719875787943639
328,28.882917404174805,10.559999465942383,0.7181419595217298,1592.7501220703125,0.6588248014450073,1592.7501220703125,0.7181419595217298
329,29.88083267211914,10.866250038146973,0.7079735226592212,1566.8900146484375,0.6066927909851074,1566.8900146484375,0.7079735226592212
330,28.628334045410156,10.668334007263184,0.7158852107435936,1596.11865234375,0.665323793888092,1596.11865234375,0.7158852107435936
331,29.343334197998047,10.75041675567627,0.7263422697444393,1611.558349609375,0.6900742053985596,1611.558349609375,0.7263422697444393
332,28.152498245239258,10.635833740234375,0.721145402543121,1589.0103759765625,0.7288195490837097,1589.0103759765625,0.721145402543121
333,28.934165954589844,10.965832710266113,0.7504260232555223,1586.7939453125,0.6264277100563049,1586.7939453125,0.7504260232555223
334,28.58625030517578,10.787917137145996,0.7543676562723949,1588.7861328125,0.6399211287498474,1588.7861328125,0.7543676562723949
335,29.369583129882812,11.00333309173584,0.7001206329440859,1582.31689453125,0.6406529545783997,1582.31689453125,0.7001206329440859
336,28.692916870117188,11.033332824707031,0.7399015004560919,1605.3028564453125,0.6665780544281006,1605.3028564453125,0.7399015004560919
337,30.28208351135254,10.973333358764648,0.7312974025739167,1598.4249267578125,0.6528170704841614,1598.4249267578125,0.7312974025739167
338,29.669166564941406,10.894582748413086,0.7302281570689714,1621.4053955078125,0.6137652397155762,1621.4053955078125,0.7302281570689714
339,28.87708282470703,10.921250343322754,0.7543076097016519,1565.888916015625,0.6501345634460449,1565.888916015625,0.7543076097016519
340,29.46666717529297,11.285416603088379,0.7408420941921188,1556.638916015625,0.6638991236686707,1556.638916015625,0.7408420941921188
341,28.786664962768555,11.154582977294922,0.7524848199037601,1572.6925048828125,0.6774601340293884,1572.6925048828125,0.7524848199037601
342,28.459999084472656,11.148750305175781,0.729824937362113,1561.565185546875,0.6577754020690918,1561.565185546875,0.729824937362113
343,28.968334197998047,11.124166488647461,0.7531700158224034,1568.3065185546875,0.6290688514709473,1568.3065185546875,0.7531700158224034
344,29.617082595825195,11.084583282470703,0.7350504479307908,1548.2515869140625,0.6504034399986267,1548.2515869140625,0.7350504479307908
345,28.273332595825195,11.018750190734863,0.7061783349306558,1552.1451416015625,0.64101642370224,1552.1451416015625,0.7061783349306558
346,29.021251678466797,11.15625,0.7222483672928459,1579.5125732421875,0.623772382736206,1579.5125732421875,0.7222483672928459
347,29.453750610351562,11.298749923706055,0.769332802008629,1568.607177734375,0.6735207438468933,1568.607177734375,0.769332802008629
348,29.8920841217041,11.551249504089355,0.7501903348875225,1541.811767578125,0.6263889074325562,1541.811767578125,0.7501903348875225
349,30.156665802001953,11.588333129882812,0.7585445839007905,1557.6026611328125,0.5984625816345215,1557.6026611328125,0.7585445839007905
350,29.312917709350586,11.464583396911621,0.7248269252551935,1554.7637939453125,0.7357942461967468,1554.7637939453125,0.7248269252551935
351,30.292499542236328,11.55875015258789,0.7183735408220975,1571.6104736328125,0.6071805357933044,1571.6104736328125,0.7183735408220975
352,29.37416648864746,11.697916984558105,0.7574947277598008,1565.394775390625,0.5972434878349304,1565.394775390625,0.7574947277598008
353,28.907499313354492,11.39958381652832,0.7411771487919143,1566.803955078125,0.6806662082672119,1566.803955078125,0.7411771487919143
354,29.239582061767578,11.618332862854004,0.736681527961031,1536.908935546875,0.6394225358963013,1536.908935546875,0.736681527961031
355,30.030418395996094,11.960000038146973,0.7737768918997703,1545.417236328125,0.6709735989570618,1545.417236328125,0.7737768918997703
356,30.12958526611328,11.873749732971191,0.753240130212943,1529.697021484375,0.6141222715377808,1529.697021484375,0.753240130212943
357,30.07000160217285,12.061250686645508,0.7458121477163094,1530.58544921875,0.6420630216598511,1530.58544921875,0.7458121477163094
358,30.020416259765625,12.199166297912598,0.7445195930589361,1539.8214111328125,0.5475893020629883,1539.8214111328125,0.7445195930589361
359,29.39583396911621,12.102916717529297,0.7309873681309489,1548.456298828125,0.5804632306098938,1548.456298828125,0.7309873681309489
360,29.966249465942383,12.083333015441895,0.7333843081879713,1543.1947021484375,0.5950412154197693,1543.1947021484375,0.7333843081879713
361,30.25958251953125,12.129166603088379,0.7380502868543015,1554.7430419921875,0.5601487159729004,1554.7430419921875,0.7380502868543015
362,30.084165573120117,12.134166717529297,0.7540329607241185,1547.059814453125,0.5848889350891113,1547.059814453125,0.7540329607241185
363,29.46208381652832,12.25291633605957,0.7299580452311727,1521.146484375,0.556911826133728,1521.146484375,0.7299580452311727
364,30.22625160217285,11.984166145324707,0.7191767362071261,1550.01513671875,0.5697410702705383,1550.01513671875,0.7191767362071261
365,29.867918014526367,12.478750228881836,0.7303746637816733,1535.637939453125,0.6449975967407227,1535.637939453125,0.7303746637816733
366,30.077499389648438,12.49416732788086,0.7688509351288014,1534.499267578125,0.5984317064285278,1534.499267578125,0.7688509351288014
367,30.257081985473633,12.442916870117188,0.7338908455847994,1549.6207275390625,0.567875862121582,1549.6207275390625,0.7338908455847994
368,29.774581909179688,12.362916946411133,0.7459850170239818,1534.36865234375,0.5573581457138062,1534.36865234375,0.7459850170239818
369,29.770416259765625,12.591666221618652,0.7552256806725263,1518.7586669921875,0.5957601070404053,1518.7586669921875,0.7552256806725263
370,30.398332595825195,12.59749984741211,0.7549426659835021,1536.1802978515625,0.5619585514068604,1536.1802978515625,0.7549426659835021
371,30.29625129699707,12.830832481384277,0.7404361251830663,1516.003173828125,0.594540536403656,1516.003173828125,0.7404361251830663
372,29.81624984741211,12.362083435058594,0.7699447759374332,1547.9346923828125,0.5941839218139648,1547.9346923828125,0.7699447759374332
373,30.248748779296875,12.762083053588867,0.7602357225328644,1532.6846923828125,0.6034143567085266,1532.6846923828125,0.7602357225328644
374,30.012916564941406,12.837916374206543,0.7811436624721894,1533.6409912109375,0.5930664539337158,1533.6409912109375,0.7811436624721894
375,30.37208366394043,12.704999923706055,0.7453644751828645,1506.4697265625,0.5218611359596252,1506.4697265625,0.7453644751828645
376,29.71666717529297,12.379583358764648,0.7807682930521663,1519.4871826171875,0.6213614344596863,1519.4871826171875,0.7807682930521663
377,29.74916648864746,12.470832824707031,0.7555031461721067,1516.0592041015625,0.5942720174789429,1516.0592041015625,0.7555031461721067
378,30.123748779296875,13.132083892822266,0.7563319143752141,1515.4639892578125,0.5586002469062805,1515.4639892578125,0.7563319143752141
379,29.649166107177734,13.193750381469727,0.7589491706368676,1502.6669921875,0.5187209248542786,1502.6669921875,0.7589491706368676
380,29.516250610351562,12.791666030883789,0.7446169777926018,1521.40771484375,0.5064873099327087,1521.40771484375,0.7446169777926018
381,30.04083251953125,12.999584197998047,0.7464329393238511,1526.3045654296875,0.5270548462867737,1526.3045654296875,0.7464329393238511
382,30.53041648864746,12.921667098999023,0.7395048301561035,1504.73583984375,0.5495781898498535,1504.73583984375,0.7395048301561035
383,30.105417251586914,13.27791690826416,0.7619911607433432,1501.11376953125,0.5125935077667236,1501.11376953125,0.7619911607433432
384,30.367916107177734,13.255000114440918,0.7416489460226335,1506.5408935546875,0.48718202114105225,1506.5408935546875,0.7416489460226335
385,30.395000457763672,13.530834197998047,0.7583595851611095,1482.4107666015625,0.5074553489685059,1482.4107666015625,0.7583595851611095
386,30.352500915527344,13.435832977294922,0.7446946585394756,1495.79541015625,0.6062185168266296,1495.79541015625,0.7446946585394756
387,30.08374786376953,13.43375015258789,0.7362509220507676,1518.9735107421875,0.5155957937240601,1518.9735107421875,0.7362509220507676
388,30.373748779296875,13.294166564941406,0.6996833168167582,1502.2532958984375,0.4787946939468384,1502.2532958984375,0.6996833168167582
389,30.613750457763672,13.362916946411133,0.7239217183029898,1472.1041259765625,0.5221254825592041,1472.1041259765625,0.7239217183029898
390,30.64750099182129,13.562915802001953,0.725677963206252,1494.2757568359375,0.5382140278816223,1494.2757568359375,0.725677963206252
391,30.050416946411133,13.698750495910645,0.7439273614476622,1465.158203125,0.5002042055130005,1465.158203125,0.7439273614476622
392,31.253332138061523,13.667499542236328,0.722237851857629,1491.515380859375,0.5612001419067383,1491.515380859375,0.722237851857629
393,29.532501220703125,13.326666831970215,0.7602147264139467,1508.5762939453125,0.5787121057510376,1508.5762939453125,0.7602147264139467
394,30.19791603088379,13.965415954589844,0.7622231789878837,1485.4993896484375,0.5147955417633057,1485.4993896484375,0.7622231789878837
395,30.192501068115234,14.114999771118164,0.7389781924042611,1500.970703125,0.557325005531311,1500.970703125,0.7389781924042611
396,29.701250076293945,14.267499923706055,0.7277920738053266,1475.385986328125,0.46137577295303345,1475.385986328125,0.7277920738053266
397,30.25,14.006667137145996,0.7330860860124229,1465.4521484375,0.5370588302612305,1465.4521484375,0.7330860860124229
398,30.697917938232422,14.362500190734863,0.708397189767249,1477.2432861328125,0.44283849000930786,1477.2432861328125,0.708397189767249
399,29.264583587646484,14.292916297912598,0.7303044552880196,1489.4437255859375,0.4974963665008545,1489.4437255859375,0.7303044552880196
400,29.879167556762695,14.157083511352539,0.7490128392901204,1488.39892578125,0.5023136138916016,1488.39892578125,0.7490128392901204
401,29.35875129699707,14.25291633605957,0.7446906018006244,1474.403564453125,0.5073256492614746,1474.403564453125,0.7446906018006244
402,30.742916107177734,14.614999771118164,0.7375111502492715,1473.9136962890625,0.45827174186706543,1473.9136962890625,0.7375111502492715
403,30.388334274291992,14.56916618347168,0.7268860034148777,1472.489501953125,0.5453290939331055,1472.489501953125,0.7268860034148777
404,29.688335418701172,14.369583129882812,0.7391392040296545,1478.8170166015625,0.5220333933830261,1478.8170166015625,0.7391392040296545
405,30.03750228881836,14.672082901000977,0.7262601202188252,1465.3275146484375,0.46577733755111694,1465.3275146484375,0.7262601202188252
406,29.873332977294922,14.560416221618652,0.7169918030081277,1456.1495361328125,0.4629489779472351,1456.1495361328125,0.7169918030081277
407,29.641666412353516,14.322500228881836,0.7491136903805823,1490.1854248046875,0.5212868452072144,1490.1854248046875,0.7491136903805823
408,29.332918167114258,14.867083549499512,0.6991709394807052,1456.6307373046875,0.43787312507629395,1456.6307373046875,0.6991709394807052
409,29.71791648864746,14.536249160766602,0.7196558990773835,1472.6583251953125,0.5153950452804565,1472.6583251953125,0.7196558990773835
410,29.21000099182129,14.981666564941406,0.7363711513041816,1461.8697509765625,0.530632495880127,1461.8697509765625,0.7363711513041816
411,29.959583282470703,15.022916793823242,0.746669950077236,1478.712158203125,0.5166701674461365,1478.712158203125,0.746669950077236
412,28.799585342407227,15.245834350585938,0.7138156970669745,1422.750244140625,0.49142956733703613,1422.750244140625,0.7138156970669745
413,29.22458267211914,15.039584159851074,0.7370369158776946,1453.572509765625,0.5330114960670471,1453.572509765625,0.7370369158776946
414,30.02666473388672,15.56874942779541,0.7276515649532556,1419.5860595703125,0.4560233950614929,1419.5860595703125,0.7276515649532556
415,29.52750015258789,15.521666526794434,0.7508057775639692,1434.5478515625,0.5112863183021545,1434.5478515625,0.7508057775639692
416,29.611249923706055,15.43125057220459,0.7343094609087162,1445.41015625,0.4363851547241211,1445.41015625,0.7343094609087162
417,29.910001754760742,15.662500381469727,0.7259124809210196,1437.5166015625,0.49828362464904785,1437.5166015625,0.7259124809210196
418,29.251251220703125,15.419583320617676,0.7649681683933376,1427.676513671875,0.4536340832710266,1427.676513671875,0.7649681683933376
419,29.99125099182129,15.801666259765625,0.7628350954399787,1434.7216796875,0.43632227182388306,1434.7216796875,0.7628350954399787
420,29.62125015258789,15.680000305175781,0.7525592382950954,1430.237060546875,0.4883078932762146,1430.237060546875,0.7525592382950954
421,28.94208526611328,15.530000686645508,0.7531087802790295,1431.294189453125,0.45868629217147827,1431.294189453125,0.7531087802790295
422,29.82499885559082,15.217083930969238,0.7616729455888602,1445.6810302734375,0.4409826993942261,1445.6810302734375,0.7616729455888602
423,29.868749618530273,16.27750015258789,0.758908549750289,1432.796875,0.4531412124633789,1432.796875,0.758908549750289
424,29.657501220703125,15.885000228881836,0.7612515895827643,1446.8360595703125,0.445156991481781,1446.8360595703125,0.7612515895827643
425,29.49625015258789,16.192916870117188,0.7468871947087947,1411.244140625,0.4971199631690979,1411.244140625,0.7468871947087947
426,29.173749923706055,15.882083892822266,0.7586857284685761,1420.5738525390625,0.48591870069503784,1420.5738525390625,0.7586857284685761
427,29.572498321533203,16.185001373291016,0.7755697809232811,1422.1285400390625,0.43012601137161255,1422.1285400390625,0.7755697809232811
428,29.385417938232422,16.690834045410156,0.7457724650730122,1401.400390625,0.4340401887893677,1401.400390625,0.7457724650730122
429,29.071250915527344,16.812082290649414,0.7090581801738172,1389.6090087890625,0.4235451817512512,1389.6090087890625,0.7090581801738172
430,29.673749923706055,16.699583053588867,0.7431879805994488,1398.1065673828125,0.49535733461380005,1398.1065673828125,0.7431879805994488
431,29.59166717529297,16.314584732055664,0.7308190376675172,1442.2308349609375,0.3932647109031677,1442.2308349609375,0.7308190376675172
432,30.35041618347168,16.49625015258789,0.7720083345329276,1429.6361083984375,0.43406450748443604,1429.6361083984375,0.7720083345329276
433,29.595417022705078,16.994583129882812,0.7679279169321812,1389.03515625,0.4596961736679077,1389.03515625,0.7679279169321812
434,29.501667022705078,16.751251220703125,0.7744590458457072,1409.77734375,0.4148164391517639,1409.77734375,0.7744590458457072
435,29.368749618530273,17.23958396911621,0.7425858188515879,1370.3502197265625,0.4124069809913635,1370.3502197265625,0.7425858188515879
436,29.79541778564453,17.045000076293945,0.7715725521023306,1400.9078369140625,0.43082332611083984,1400.9078369140625,0.7715725521023306
437,29.382081985473633,17.26708221435547,0.7724580040807021,1401.5794677734375,0.39237117767333984,1401.5794677734375,0.7724580040807021
438,30.213748931884766,17.865833282470703,0.6913823803839029,1376.4703369140625,0.44150805473327637,1376.4703369140625,0.6913823803839029
439,29.281667709350586,17.157917022705078,0.7212855980544608,1403.446044921875,0.4219105839729309,1403.446044921875,0.7212855980544608
440,28.92875099182129,17.555418014526367,0.7314522937324182,1394.555419921875,0.42508214712142944,1394.555419921875,0.7314522937324182
441,29.44791603088379,17.47249984741211,0.7403244082438254,1386.083984375,0.41605645418167114,1386.083984375,0.7403244082438254
442,29.929166793823242,17.73124885559082,0.7321091334881838,1380.918212890625,0.4014403223991394,1380.918212890625,0.7321091334881838
443,28.703330993652344,17.584165573120117,0.7509465128966825,1352.973876953125,0.40631240606307983,1352.973876953125,0.7509465128966825
444,29.030832290649414,17.53125,0.7198425964410835,1390.0042724609375,0.43587058782577515,1390.0042724609375,0.7198425964410835
445,28.52458381652832,18.077083587646484,0.7431432543381156,1367.086669921875,0.40040123462677,1367.086669921875,0.7431432543381156
446,29.21208381652832,18.117916107177734,0.7367644931978714,1357.794189453125,0.418834388256073,1357.794189453125,0.7367644931978714
447,29.206666946411133,18.010000228881836,0.758917357374609,1387.6182861328125,0.3948463797569275,1387.6182861328125,0.758917357374609
448,28.621667861938477,17.9637508392334,0.754207217373698,1357.322509765625,0.4108532667160034,1357.322509765625,0.754207217373698
449,29.288333892822266,18.547916412353516,0.7212037866564669,1341.19677734375,0.4117072820663452,1341.19677734375,0.7212037866564669
450,29.073333740234375,18.71583366394043,0.7130035211088587,1351.6851806640625,0.40095728635787964,1351.6851806640625,0.7130035211088587
451,28.89208221435547,18.518333435058594,0.7315749070351041,1349.5765380859375,0.4277164340019226,1349.5765380859375,0.7315749070351041
452,28.85708236694336,18.67583465576172,0.7471475882523002,1324.3773193359375,0.377013623714447,1324.3773193359375,0.7471475882523002
453,29.03999900817871,18.778749465942383,0.6808538326347905,1328.5303955078125,0.35031771659851074,1328.5303955078125,0.6808538326347905
454,28.2137508392334,18.779582977294922,0.7439406372752125,1350.8876953125,0.38479721546173096,1350.8876953125,0.7439406372752125
455,28.993749618530273,18.792917251586914,0.7105279569555697,1350.8140869140625,0.41364115476608276,1350.8140869140625,0.7105279569555697
456,28.574583053588867,18.69208335876465,0.6967174718398734,1333.1748046875,0.38689661026000977,1333.1748046875,0.6967174718398734
457,28.97708511352539,18.480417251586914,0.7472355895522449,1362.79296875,0.4409239888191223,1362.79296875,0.7472355895522449
458,28.426668167114258,19.12125015258789,0.7448650516996635,1345.49365234375,0.36197805404663086,1345.49365234375,0.7448650516996635
459,28.530832290649414,18.905000686645508,0.7443175120718293,1333.1697998046875,0.38234657049179077,1333.1697998046875,0.7443175120718293
460,28.36250114440918,19.12125015258789,0.731474408984883,1350.4647216796875,0.4154801368713379,1350.4647216796875,0.731474408984883
461,28.425832748413086,19.43083381652832,0.7103648417231468,1320.8719482421875,0.3861424922943115,1320.8719482421875,0.7103648417231468
462,28.106250762939453,19.251667022705078,0.7139672259002644,1332.47314453125,0.3560944199562073,1332.47314453125,0.7139672259002644
463,28.0191650390625,19.57666778564453,0.7326584426805931,1322.462646484375,0.39345163106918335,1322.462646484375,0.7326584426805931
464,28.240001678466797,19.824167251586914,0.6820112818936743,1319.806396484375,0.3480602502822876,1319.806396484375,0.6820112818936743
465,28.51000213623047,19.045000076293945,0.7329692458070265,1353.6197509765625,0.39561891555786133,1353.6197509765625,0.7329692458070265
466,28.73166847229004,19.584583282470703,0.7232334107537193,1327.54248046875,0.3674641251564026,1327.54248046875,0.7232334107537193
467,27.891666412353516,19.748750686645508,0.7206908302084454,1325.658203125,0.36662375926971436,1325.658203125,0.7206908302084454
468,27.686668395996094,19.876667022705078,0.7495889785363388,1285.6920166015625,0.33036649227142334,1285.6920166015625,0.7495889785363388
469,27.55958366394043,19.49250030517578,0.7481969814141657,1343.8955078125,0.3717024326324463,1343.8955078125,0.7481969814141657
470,27.837499618530273,19.892915725708008,0.7193357379360654,1297.6905517578125,0.35148268938064575,1297.6905517578125,0.7193357379360654
471,28.027084350585938,19.97749900817871,0.7363362325165428,1332.341552734375,0.35697877407073975,1332.341552734375,0.7363362325165428
472,27.764583587646484,20.65625,0.6952873715385537,1275.904052734375,0.33115261793136597,1275.904052734375,0.6952873715385537
473,27.899166107177734,20.366249084472656,0.7235108028444179,1307.2677001953125,0.34522390365600586,1307.2677001953125,0.7235108028444179
474,28.03041648864746,20.820417404174805,0.7290675934856188,1293.3048095703125,0.3676809072494507,1293.3048095703125,0.7290675934856188
475,27.389583587646484,20.919584274291992,0.7323168478576693,1283.5172119140625,0.4075428247451782,1283.5172119140625,0.7323168478576693
476,27.257081985473633,20.754165649414062,0.7256591159439534,1275.5318603515625,0.39566928148269653,1275.5318603515625,0.7256591159439534
477,27.51624870300293,20.767499923706055,0.7209204802008041,1284.9510498046875,0.3430827856063843,1284.9510498046875,0.7209204802008041
478,27.265417098999023,20.509166717529297,0.7337292046843599,1309.2613525390625,0.3701639771461487,1309.2613525390625,0.7337292046843599
479,28.265417098999023,20.429166793823242,0.7490198009066029,1297.9794921875,0.30987799167633057,1297.9794921875,0.7490198009066029
480,27.326250076293945,20.92500114440918,0.723339149075553,1276.5413818359375,0.3393268585205078,1276.5413818359375,0.723339149075553
481,27.524168014526367,21.139999389648438,0.7320036385456984,1283.5169677734375,0.36447930335998535,1283.5169677734375,0.7320036385456984
482,27.197500228881836,20.988332748413086,0.7457612649708731,1286.5767822265625,0.35513049364089966,1286.5767822265625,0.7457612649708731
483,26.82583236694336,21.323333740234375,0.7282042506127653,1268.44140625,0.39889413118362427,1268.44140625,0.7282042506127653
484,27.14124870300293,21.48208236694336,0.7179734000827043,1274.4676513671875,0.32559943199157715,1274.4676513671875,0.7179734000827043
485,27.087501525878906,21.136667251586914,0.7441886042027047,1265.0888671875,0.3630162477493286,1265.0888671875,0.7441886042027047
486,26.582082748413086,21.481250762939453,0.7259015461952195,1255.406005859375,0.3772241473197937,1255.406005859375,0.7259015461952195
487,27.316251754760742,21.272083282470703,0.7398362285182869,1277.948486328125,0.33144086599349976,1277.948486328125,0.7398362285182869
488,26.99041748046875,21.397499084472656,0.7199533960561963,1297.2794189453125,0.3973594307899475,1297.2794189453125,0.7199533960561963
489,27.253332138061523,21.68375015258789,0.729578183132833,1284.672607421875,0.3701387643814087,1284.672607421875,0.729578183132833
490,27.175416946411133,21.828750610351562,0.7343509482750389,1269.4276123046875,0.38464826345443726,1269.4276123046875,0.7343509482750389
491,26.67500114440918,22.477500915527344,0.7182443119445568,1268.3126220703125,0.3151175379753113,1268.3126220703125,0.7182443119445568
492,26.667499542236328,22.004165649414062,0.7277719268098727,1288.294921875,0.3741450905799866,1288.294921875,0.7277719268098727
493,26.738750457763672,22.137916564941406,0.7270479575304027,1246.789306640625,0.3313865661621094,1246.789306640625,0.7270479575304027
494,27.38458251953125,21.760833740234375,0.7530069799884052,1282.013916015625,0.2868129014968872,1282.013916015625,0.7530069799884052
495,26.595417022705078,22.44791603088379,0.7577158718940024,1237.55126953125,0.3041697144508362,1237.55126953125,0.7577158718940024
496,26.793333053588867,22.637916564941406,0.7538163222399668,1248.7113037109375,0.35721808671951294,1248.7113037109375,0.7538163222399668
497,26.53333282470703,22.512083053588867,0.7358464410775369,1266.451416015625,0.3305182456970215,1266.451416015625,0.7358464410775369
498,25.94875144958496,23.179166793823242,0.7339315199216426,1246.2447509765625,0.31098127365112305,1246.2447509765625,0.7339315199216426
499,27.04083251953125,22.42416763305664,0.7186087594381542,1264.5732421875,0.33492976427078247,1264.5732421875,0.7186087594381542
500,26.328750610351562,22.687084197998047,0.7310023090049264,1226.6663818359375,0.33351272344589233,1226.6663818359375,0.7310023090049264
501,26.61666488647461,23.32416534423828,0.7164454442248193,1241.5269775390625,0.34361791610717773,1241.5269775390625,0.7164454442248193
502,26.537084579467773,23.067916870117188,0.7210061139711204,1250.155029296875,0.32545697689056396,1250.155029296875,0.7210061139711204
503,26.622915267944336,23.33125114440918,0.723329540820911,1222.5928955078125,0.2924368381500244,1222.5928955078125,0.723329540820911
504,26.26416778564453,23.115833282470703,0.7420518036475656,1207.58740234375,0.3391469120979309,1207.58740234375,0.7420518036475656
505,26.1299991607666,23.547916412353516,0.7094843792498586,1219.04248046875,0.3274853229522705,1219.04248046875,0.7094843792498586
506,26.013750076293945,23.826250076293945,0.7277422307314254,1210.5787353515625,0.281586229801178,1210.5787353515625,0.7277422307314254
507,26.663333892822266,23.06166648864746,0.7288711092702804,1262.8311767578125,0.313706636428833,1262.8311767578125,0.7288711092702804
508,26.445415496826172,23.25458335876465,0.7356004331639848,1241.10595703125,0.2922758460044861,1241.10595703125,0.7356004331639848
509,26.4183349609375,23.572917938232422,0.7419580716691633,1225.8680419921875,0.313015341758728,1225.8680419921875,0.7419580716691633
510,26.201251983642578,23.316665649414062,0.7571116817811663,1234.571044921875,0.302257239818573,1234.571044921875,0.7571116817811663
511,26.353750228881836,23.86541748046875,0.748093780696703,1246.4176025390625,0.32385414838790894,1246.4176025390625,0.748093780696703
512,25.575000762939453,25.05083465576172,0.7325911179271891,1201.9305419921875,0.29143524169921875,1201.9305419921875,0.7325911179271891
513,26.088333129882812,24.141250610351562,0.7243092440142347,1213.6600341796875,0.3151093125343323,1213.6600341796875,0.7243092440142347
514,25.93083381652832,23.91083335876465,0.7538648473733043,1254.504150390625,0.291670560836792,1254.504150390625,0.7538648473733043
515,26.118749618530273,24.30375099182129,0.7411569682805162,1240.40576171875,0.33197474479675293,1240.40576171875,0.7411569682805162
516,25.86541748046875,23.83500099182129,0.7578192329659132,1217.200927734375,0.29634636640548706,1217.200927734375,0.7578192329659132
517,25.51875114440918,24.632917404174805,0.7405487783400975,1228.390625,0.3069188594818115,1228.390625,0.7405487783400975
518,25.35208511352539,24.818334579467773,0.7392996032382573,1206.2178955078125,0.3149028420448303,1206.2178955078125,0.7392996032382573
519,25.757083892822266,24.498332977294922,0.747995095530186,1212.14501953125,0.29128628969192505,1212.14501953125,0.747995095530186
520,25.798749923706055,25.125,0.7488855864586947,1205.9862060546875,0.2940959334373474,1205.9862060546875,0.7488855864586947
521,25.56041717529297,24.78416633605957,0.7342026714642478,1208.9783935546875,0.3662946820259094,1208.9783935546875,0.7342026714642478
522,25.844999313354492,24.730417251586914,0.7353308740520159,1217.597900390625,0.2570192217826843,1217.597900390625,0.7353308740520159
523,25.75666618347168,25.14583396911621,0.7335821404219135,1223.2254638671875,0.33132416009902954,1223.2254638671875,0.7335821404219135
524,25.230833053588867,25.322917938232422,0.7530178245477275,1185.2520751953125,0.335487961769104,1185.2520751953125,0.7530178245477275
525,25.325834274291992,25.418333053588867,0.7605968757231674,1219.1959228515625,0.30089569091796875,1219.1959228515625,0.7605968757231674
526,25.14583396911621,25.192916870117188,0.7038771231104424,1236.358154296875,0.27229470014572144,1236.358154296875,0.7038771231104424
527,25.92208480834961,25.006250381469727,0.753682596447949,1211.7303466796875,0.2774415612220764,1211.7303466796875,0.753682596447949
528,25.41874885559082,25.930416107177734,0.7540845854997491,1182.8282470703125,0.31116265058517456,1182.8282470703125,0.7540845854997491
529,25.895416259765625,25.429582595825195,0.7426758110770373,1190.87744140625,0.30619823932647705,1190.87744140625,0.7426758110770373
530,25.44916534423828,25.386249542236328,0.745048877105301,1202.2015380859375,0.29566502571105957,1202.2015380859375,0.745048877105301
531,26.23499870300293,25.637916564941406,0.7397130027301587,1187.156982421875,0.262814998626709,1187.156982421875,0.7397130027301587
532,26.09166717529297,25.514585494995117,0.7342713574225865,1189.7879638671875,0.28715628385543823,1189.7879638671875,0.7342713574225865
533,25.559165954589844,26.048749923706055,0.7631419873013728,1192.990966796875,0.29598468542099,1192.990966796875,0.7631419873013728
534,25.772499084472656,25.880834579467773,0.765236194809455,1205.3355712890625,0.3089550733566284,1205.3355712890625,0.765236194809455
535,25.298749923706055,26.61625099182129,0.7526736743162833,1196.3995361328125,0.3131783604621887,1196.3995361328125,0.7526736743162833
536,25.902084350585938,25.688331604003906,0.7334658924381754,1198.3675537109375,0.2962043881416321,1198.3675537109375,0.7334658924381754
537,25.4858341217041,26.442501068115234,0.7364965228974854,1177.412353515625,0.27644020318984985,1177.412353515625,0.7364965228974854
538,25.319168090820312,26.37416648864746,0.7338624833285581,1167.056884765625,0.292682945728302,1167.056884765625,0.7338624833285581
539,25.122081756591797,26.488750457763672,0.7543659862876473,1197.8470458984375,0.2807660698890686,1197.8470458984375,0.7543659862876473
540,25.228750228881836,26.666250228881836,0.7504299285407423,1168.192626953125,0.2955687642097473,1168.192626953125,0.7504299285407423
541,25.334585189819336,26.77208137512207,0.7653645910415987,1185.4940185546875,0.21943587064743042,1185.4940185546875,0.7653645910415987
542,25.031667709350586,26.656665802001953,0.7570157831825689,1186.6583251953125,0.2907693386077881,1186.6583251953125,0.7570157831825689
543,25.00541877746582,26.434581756591797,0.7484137002656259,1182.28271484375,0.279787540435791,1182.28271484375,0.7484137002656259
544,24.397499084472656,26.909584045410156,0.7588180980696739,1175.6068115234375,0.27183955907821655,1175.6068115234375,0.7588180980696739
545,25.08208465576172,27.139583587646484,0.7561531139212174,1173.116943359375,0.23576271533966064,1173.116943359375,0.7561531139212174
546,25.23416519165039,26.94333267211914,0.7409964244012881,1148.1029052734375,0.26288890838623047,1148.1029052734375,0.7409964244012881
547,24.60124969482422,27.20291519165039,0.7312317825824621,1165.05029296875,0.30570703744888306,1165.05029296875,0.7312317825824621
548,25.028749465942383,26.6299991607666,0.749463817620841,1170.5211181640625,0.30826348066329956,1170.5211181640625,0.749463817620841
549,24.893333435058594,26.779165267944336,0.7318237632247548,1165.169189453125,0.26004719734191895,1165.169189453125,0.7318237632247548
550,24.878334045410156,27.028751373291016,0.7420229188802092,1134.390625,0.25474393367767334,1134.390625,0.7420229188802092
551,24.646249771118164,26.864582061767578,0.759437835990131,1156.220458984375,0.2242732048034668,1156.220458984375,0.759437835990131
552,24.536251068115234,27.40999984741211,0.7594352507181006,1160.0657958984375,0.29546821117401123,1160.0657958984375,0.7594352507181006
553,25.224166870117188,27.145000457763672,0.7628094475888872,1145.75244140625,0.2557016611099243,1145.75244140625,0.7628094475888872
554,24.35124969482422,27.14000129699707,0.7370580113674285,1162.4954833984375,0.2950197458267212,1162.4954833984375,0.7370580113674285
555,24.65916633605957,27.08333396911621,0.7402740430143484,1163.6700439453125,0.2658545970916748,1163.6700439453125,0.7402740430143484
556,24.659582138061523,27.638751983642578,0.7814162745455207,1150.2979736328125,0.29913532733917236,1150.2979736328125,0.7814162745455207
557,24.589582443237305,27.575414657592773,0.740688330780027,1125.77490234375,0.26957958936691284,1125.77490234375,0.740688330780027
558,24.792499542236328,27.854999542236328,0.7677934991562182,1132.4117431640625,0.28432607650756836,1132.4117431640625,0.7677934991562182
559,24.34083366394043,27.87041664123535,0.76822635723133,1119.713623046875,0.2727794051170349,1119.713623046875,0.76822635723133
560,24.012500762939453,28.12874984741211,0.7640111901331708,1113.593505859375,0.2726529836654663,1113.593505859375,0.7640111901331708
561,24.53041648864746,27.72541618347168,0.7641322890010783,1157.8602294921875,0.27145737409591675,1157.8602294921875,0.7641322890010783
562,24.5454158782959,28.024166107177734,0.7650041983353023,1147.6414794921875,0.26434987783432007,1147.6414794921875,0.7650041983353023
563,24.55958366394043,27.73333168029785,0.7658813549526826,1141.7994384765625,0.2631823420524597,1141.7994384765625,0.7658813549526826
564,24.21583366394043,28.312915802001953,0.7408759767878536,1148.395263671875,0.24368584156036377,1148.395263671875,0.7408759767878536
565,24.227916717529297,27.890417098999023,0.7711575435526532,1121.10546875,0.2308468222618103,1121.10546875,0.7711575435526532
566,24.80083465576172,27.619165420532227,0.7580032278764987,1175.8907470703125,0.24418896436691284,1175.8907470703125,0.7580032278764987
567,23.953332901000977,28.362918853759766,0.764577959534104,1132.745849609375,0.26172715425491333,1132.745849609375,0.764577959534104
568,24.362916946411133,28.356250762939453,0.7943945562746405,1135.7464599609375,0.2835426330566406,1135.7464599609375,0.7943945562746405
569,23.90041732788086,28.420001983642578,0.7517503784552921,1106.7862548828125,0.2291383147239685,1106.7862548828125,0.7517503784552921
570,23.970417022705078,28.282499313354492,0.7741669175857154,1119.90625,0.22494161128997803,1119.90625,0.7741669175857154
571,24.0766658782959,28.30416488647461,0.7634973498298377,1110.2576904296875,0.2585151791572571,1110.2576904296875,0.7634973498298377
572,23.7862491607666,28.98208236694336,0.7451307611860033,1110.57568359375,0.259358286857605,1110.57568359375,0.7451307611860033
573,23.771665573120117,28.693750381469727,0.7424896349657273,1097.635986328125,0.24183082580566406,1097.635986328125,0.7424896349657273
574,23.96791648864746,28.407917022705078,0.796185081497752,1119.1617431640625,0.275554895401001,1119.1617431640625,0.796185081497752
575,24.116249084472656,28.2983341217041,0.7712436368126425,1142.26318359375,0.2835688591003418,1142.26318359375,0.7712436368126425
576,23.62416648864746,28.880416870117188,0.7678711921780204,1128.4749755859375,0.23172885179519653,1128.4749755859375,0.7678711921780204
577,23.231250762939453,28.781667709350586,0.7611285880766729,1105.19580078125,0.2637147903442383,1105.19580078125,0.7611285880766729
578,23.987083435058594,28.342082977294922,0.777610113746421,1133.45654296875,0.22359246015548706,1133.45654296875,0.777610113746421
579,23.874584197998047,29.1875,0.7658033089319188,1111.917236328125,0.20343297719955444,1111.917236328125,0.7658033089319188
580,23.788333892822266,29.091251373291016,0.7604104231753921,1106.0364990234375,0.2682364583015442,1106.0364990234375,0.7604104231753921
581,23.600000381469727,29.118331909179688,0.7744122212054032,1130.4974365234375,0.29315781593322754,1130.4974365234375,0.7744122212054032
582,23.868331909179688,29.044166564941406,0.7538135351634736,1104.197265625,0.2430669069290161,1104.197265625,0.7538135351634736
583,23.867916107177734,28.814584732055664,0.7453279672979367,1110.3563232421875,0.25424349308013916,1110.3563232421875,0.7453279672979367
584,23.358749389648438,29.10999870300293,0.7667715810781475,1120.0245361328125,0.24828296899795532,1120.0245361328125,0.7667715810781475
585,23.770418167114258,29.300832748413086,0.7615858357185292,1106.705322265625,0.223239004611969,1106.705322265625,0.7615858357185292
586,23.385833740234375,29.78874969482422,0.7670070308150002,1090.4320068359375,0.22539091110229492,1090.4320068359375,0.7670070308150002
587,23.48416519165039,30.000001907348633,0.7620690878191521,1096.1829833984375,0.23968034982681274,1096.1829833984375,0.7620690878191521
588,23.31541633605957,29.503334045410156,0.7615093927797411,1080.0499267578125,0.20114988088607788,1080.0499267578125,0.7615093927797411
589,23.530834197998047,29.761249542236328,0.7602157754603569,1085.5902099609375,0.24109220504760742,1085.5902099609375,0.7602157754603569
590,23.8266658782959,29.804584503173828,0.7326433237008081,1076.95947265625,0.25519782304763794,1076.95947265625,0.7326433237008081
591,23.220417022705078,30.35833168029785,0.7696973780111416,1083.843505859375,0.24309557676315308,1083.843505859375,0.7696973780111416
592,23.304582595825195,30.215831756591797,0.7603922892147907,1114.087646484375,0.21562987565994263,1114.087646484375,0.7603922892147907
593,23.360416412353516,30.688751220703125,0.7562524704335699,1083.1923828125,0.2112276554107666,1083.1923828125,0.7562524704335699
594,23.62958335876465,29.75958251953125,0.7757028149893432,1099.1827392578125,0.2549259662628174,1099.1827392578125,0.7757028149893432
595,23.19124984741211,31.02833366394043,0.7723201048713878,1074.0631103515625,0.22435367107391357,1074.0631103515625,0.7723201048713878
596,23.692501068115234,30.219585418701172,0.7720476942621868,1103.3154296875,0.20965462923049927,1103.3154296875,0.7720476942621868
597,23.637083053588867,30.66791534423828,0.7604319221800913,1079.8482666015625,0.23118066787719727,1079.8482666015625,0.7604319221800913
598,23.721248626708984,30.490415573120117,0.7610440593209556,1099.2935791015625,0.2531917095184326,1099.2935791015625,0.7610440593209556
599,23.15916633605957,30.74541664123535,0.7544159100100862,1083.824462890625,0.22609293460845947,1083.824462890625,0.7544159100100862
600,23.47333335876465,31.159582138061523,0.7524860455379464,1058.3118896484375,0.25608694553375244,1058.3118896484375,0.7524860455379464
601,23.446250915527344,30.971250534057617,0.7790082369814961,1102.7894287109375,0.2348882555961609,1102.7894287109375,0.7790082369814961
602,23.859167098999023,30.54625129699707,0.7654542299758148,1083.4039306640625,0.2131112813949585,1083.4039306640625,0.7654542299758148
603,23.487083435058594,30.617916107177734,0.7770667653310644,1077.222412109375,0.19944751262664795,1077.222412109375,0.7770667653310644
604,23.49625015258789,31.308332443237305,0.7836735424877697,1073.53564453125,0.2302563190460205,1073.53564453125,0.7836735424877697
605,23.62416648864746,30.967918395996094,0.7415168934381874,1091.420654296875,0.2673029899597168,1091.420654296875,0.7415168934381874
606,22.83625030517578,31.84458351135254,0.7468143349996847,1068.7862548828125,0.21840840578079224,1068.7862548828125,0.7468143349996847
607,22.722084045410156,32.096248626708984,0.7725287577193464,1078.070556640625,0.2342691421508789,1078.070556640625,0.7725287577193464
608,23.466249465942383,31.421249389648438,0.7609794858155724,1062.714599609375,0.21002131700515747,1062.714599609375,0.7609794858155724
609,22.444583892822266,32.71125030517578,0.7861016828597968,1060.739501953125,0.21414124965667725,1060.739501953125,0.7861016828597968
610,23.098751068115234,31.474998474121094,0.7516663126446783,1080.1688232421875,0.21012985706329346,1080.1688232421875,0.7516663126446783
611,22.695415496826172,32.060001373291016,0.7663883368880349,1069.953125,0.21759051084518433,1069.953125,0.7663883368880349
612,22.889999389648438,32.17166519165039,0.7563702951628563,1068.202880859375,0.2337976098060608,1068.202880859375,0.7563702951628563
613,22.66374969482422,32.09083557128906,0.7553224406524441,1060.7552490234375,0.2289467453956604,1060.7552490234375,0.7553224406524441
614,22.78208351135254,32.36541748046875,0.7626950566636767,1064.850830078125,0.20790445804595947,1064.850830078125,0.7626950566636767
615,23.239999771118164,32.34791564941406,0.7467064858567036,1066.9302978515625,0.20686745643615723,1066.9302978515625,0.7467064858567036
616,23.22333335876465,31.664165496826172,0.7521690486593422,1049.6343994140625,0.18770098686218262,1049.6343994140625,0.7521690486593422
617,22.613750457763672,32.50791549682617,0.7631204783555455,1061.0830078125,0.22924059629440308,1061.0830078125,0.7631204783555455
618,22.7670841217041,32.38750076293945,0.7442069505494329,1046.3319091796875,0.21900790929794312,1046.3319091796875,0.7442069505494329
619,22.39875030517578,32.652915954589844,0.7525088895939002,1049.38330078125,0.21956950426101685,1049.38330078125,0.7525088895939002
620,22.943750381469727,32.23125076293945,0.7696285827186162,1043.9068603515625,0.19639140367507935,1043.9068603515625,0.7696285827186162
621,22.762916564941406,32.79666519165039,0.7742211484939343,1061.3843994140625,0.20730751752853394,1061.3843994140625,0.7742211484939343
622,22.587499618530273,32.96083068847656,0.7761235507671261,1043.41748046875,0.20000016689300537,1043.41748046875,0.7761235507671261
623,22.653749465942383,32.71833419799805,0.776847427149338,1048.885009765625,0.23707175254821777,1048.885009765625,0.776847427149338
624,22.612083435058594,32.90416717529297,0.7396660060345247,1028.513671875,0.23981481790542603,1028.513671875,0.7396660060345247
625,22.657499313354492,32.892913818359375,0.7811387065184453,1050.4910888671875,0.2119576334953308,1050.4910888671875,0.7811387065184453
626,22.461666107177734,33.20125198364258,0.764497648251965,1021.9568481445312,0.22349309921264648,1021.9568481445312,0.764497648251965
627,22.537084579467773,33.65250015258789,0.7713826602174547,1034.921875,0.19979482889175415,1034.921875,0.7713826602174547
628,22.411666870117188,33.08583068847656,0.7768893505008658,1058.147705078125,0.1961003541946411,1058.147705078125,0.7768893505008658
629,22.262916564941406,33.93499755859375,0.777318138461542,1044.5850830078125,0.19975554943084717,1044.5850830078125,0.777318138461542
630,22.537084579467773,33.52708053588867,0.7474539465803152,1027.2142333984375,0.205430805683136,1027.2142333984375,0.7474539465803152
631,22.462501525878906,33.77124786376953,0.7751184583139366,1057.212890625,0.197823166847229,1057.212890625,0.7751184583139366
632,22.465415954589844,33.60791778564453,0.7593155750279594,1056.2686767578125,0.199978768825531,1056.2686767578125,0.7593155750279594
633,22.30791664123535,33.8529167175293,0.7604076365565133,1022.9474487304688,0.20615506172180176,1022.9474487304688,0.7604076365565133
634,22.794584274291992,33.54083251953125,0.7750813992706301,1038.6656494140625,0.2143329381942749,1038.6656494140625,0.7750813992706301
635,22.382083892822266,34.420413970947266,0.7413431403225099,1034.9998779296875,0.20280498266220093,1034.9998779296875,0.7413431403225099
636,22.338333129882812,34.092918395996094,0.7569196785019897,1053.9869384765625,0.19684308767318726,1053.9869384765625,0.7569196785019897
637,22.411666870117188,33.981666564941406,0.7704154401038319,1053.764892578125,0.22067373991012573,1053.764892578125,0.7704154401038319
638,22.278749465942383,34.345001220703125,0.7502020628124257,1018.02197265625,0.2340661883354187,1018.02197265625,0.7502020628124257
639,22.289583206176758,34.362918853759766,0.749780062260732,1028.9046630859375,0.19509994983673096,1028.9046630859375,0.749780062260732
640,22.14291763305664,34.74583435058594,0.7593662835259443,1008.018310546875,0.202897846698761,1008.018310546875,0.7593662835259443
641,22.42333221435547,34.45291519165039,0.7576041422712685,1015.682861328125,0.21784842014312744,1015.682861328125,0.7576041422712685
642,22.41291618347168,35.014583587646484,0.7513098586794866,1039.122802734375,0.20979052782058716,1039.122802734375,0.7513098586794866
643,22.543750762939453,34.38916778564453,0.7738009427079093,1038.3204345703125,0.2066664695739746,1038.3204345703125,0.7738009427079093
644,22.312084197998047,35.147918701171875,0.7622097285270467,1044.2137451171875,0.18665939569473267,1044.2137451171875,0.7622097285270467
645,22.15333366394043,35.35541534423828,0.7825722707687726,1037.652099609375,0.18208593130111694,1037.652099609375,0.7825722707687726
646,22.372501373291016,35.19874954223633,0.7443169023908477,1057.8492431640625,0.19927728176116943,1057.8492431640625,0.7443169023908477
647,22.401248931884766,34.8466682434082,0.7726542388604836,1027.7716064453125,0.20707422494888306,1027.7716064453125,0.7726542388604836
648,22.263750076293945,35.18791961669922,0.7929569060075392,1031.52294921875,0.20423191785812378,1031.52294921875,0.7929569060075392
649,22.06708335876465,35.1370849609375,0.7576737705384504,1013.9566650390625,0.19457662105560303,1013.9566650390625,0.7576737705384504
650,22.250417709350586,35.9566650390625,0.7697861092233073,1043.9134521484375,0.18379080295562744,1043.9134521484375,0.7697861092233073
651,21.969999313354492,35.51041793823242,0.7487234365136552,1029.6468505859375,0.20758795738220215,1029.6468505859375,0.7487234365136552
652,22.215417861938477,35.50374984741211,0.7686410709288376,1032.46875,0.19836151599884033,1032.46875,0.7686410709288376
653,21.84000015258789,36.28874969482422,0.7495568966005033,1010.6890869140625,0.21159112453460693,1010.6890869140625,0.7495568966005033
654,21.984582901000977,36.23208236694336,0.7714320400701105,1025.7578125,0.1765492558479309,1025.7578125,0.7714320400701105
655,22.271665573120117,36.50666809082031,0.776866672886382,1024.2333984375,0.18682068586349487,1024.2333984375,0.776866672886382
656,22.272083282470703,36.00666427612305,0.7694706369046975,1045.2325439453125,0.19304829835891724,1045.2325439453125,0.7694706369046975
657,21.725000381469727,36.82999801635742,0.7600831082108335,1011.28564453125,0.1923283338546753,1011.28564453125,0.7600831082108335
658,22.196666717529297,36.11541748046875,0.7785974860269209,1030.0634765625,0.17757201194763184,1030.0634765625,0.7785974860269209
659,22.009166717529297,36.95249938964844,0.76741022176178,1004.7313232421875,0.18135982751846313,1004.7313232421875,0.76741022176178
660,22.045833587646484,36.99208068847656,0.7734695036101861,1032.4652099609375,0.19434446096420288,1032.4652099609375,0.7734695036101861
661,22.06833267211914,36.809165954589844,0.7849357843990595,1046.4688720703125,0.18640685081481934,1046.4688720703125,0.7849357843990595
662,21.954166412353516,36.7470817565918,0.7813227212849608,1029.5003662109375,0.18112045526504517,1029.5003662109375,0.7813227212849608
663,22.097917556762695,36.35750198364258,0.7407346847961469,1009.0380249023438,0.18260282278060913,1009.0380249023438,0.7407346847961469
664,21.735000610351562,37.352500915527344,0.7657579553977691,1027.479248046875,0.1800253987312317,1027.479248046875,0.7657579553977691
665,21.6875,37.0654182434082,0.796413161199234,1041.67919921875,0.1759122610092163,1041.67919921875,0.796413161199234
666,21.793750762939453,37.522918701171875,0.7715405110226466,1023.0615234375,0.17279541492462158,1023.0615234375,0.7715405110226466
667,21.987916946411133,37.438331604003906,0.7550449548432565,1014.775634765625,0.19353437423706055,1014.775634765625,0.7550449548432565
668,21.31166648864746,38.15166473388672,0.7828011431442833,1008.8880615234375,0.18804150819778442,1008.8880615234375,0.7828011431442833
669,21.800416946411133,38.0120849609375,0.7692171757289132,1024.9722900390625,0.20278126001358032,1024.9722900390625,0.7692171757289132
670,22.291250228881836,37.5533332824707,0.7577692539733222,1019.5128173828125,0.17494314908981323,1019.5128173828125,0.7577692539733222
671,22.097917556762695,38.09791946411133,0.7772719195547806,1040.672607421875,0.1588665246963501,1040.672607421875,0.7772719195547806
672,21.72624969482422,38.905418395996094,0.7730630762786137,1007.5148315429688,0.1735721230506897,1007.5148315429688,0.7730630762786137
673,21.883750915527344,38.08791732788086,0.786109916232136,1018.3223266601562,0.19778162240982056,1018.3223266601562,0.786109916232136
674,21.700416564941406,38.4466667175293,0.7567705431734881,1015.1395263671875,0.1824527382850647,1015.1395263671875,0.7567705431734881
675,21.512916564941406,38.5625,0.8008064069366916,1001.8697509765625,0.1943340301513672,1001.8697509765625,0.8008064069366916
676,21.51249885559082,38.65250015258789,0.780733135302409,1018.640869140625,0.16917181015014648,1018.640869140625,0.780733135302409
677,21.975833892822266,38.01333236694336,0.7678016288547679,1019.0515747070312,0.20661014318466187,1019.0515747070312,0.7678016288547679
678,21.790416717529297,39.00666427612305,0.7672155666244715,1021.3818359375,0.1930946707725525,1021.3818359375,0.7672155666244715
679,21.984167098999023,39.159584045410156,0.7687263079766404,1042.0802001953125,0.2134804129600525,1042.0802001953125,0.7687263079766404
680,21.782917022705078,39.40583419799805,0.7895926292033254,1004.1019897460938,0.16993921995162964,1004.1019897460938,0.7895926292033254
681,21.623750686645508,39.590415954589844,0.8011917012717,1037.4600830078125,0.18218064308166504,1037.4600830078125,0.8011917012717
682,21.75666618347168,39.61125183105469,0.7738842446751918,1026.70361328125,0.1811150312423706,1026.70361328125,0.7738842446751918
683,21.888334274291992,39.18208312988281,0.7797977706463244,1039.77880859375,0.16878843307495117,1039.77880859375,0.7797977706463244
684,21.661666870117188,39.59499740600586,0.7696692890090484,985.2908325195312,0.1825149655342102,985.2908325195312,0.7696692890090484
685,21.56541633605957,40.30791473388672,0.7936797899450603,1008.8057861328125,0.16457319259643555,1008.8057861328125,0.7936797899450603
686,21.329999923706055,40.27124786376953,0.7543452731226465,1018.04296875,0.18463629484176636,1018.04296875,0.7543452731226465
687,21.986665725708008,40.05833435058594,0.788556611055831,1014.5307006835938,0.17150849103927612,1014.5307006835938,0.788556611055831
688,21.2983341217041,40.85124969482422,0.7648901395665422,1012.59814453125,0.18567925691604614,1012.59814453125,0.7648901395665422
689,21.758750915527344,40.60625076293945,0.7720852191682198,1008.3226318359375,0.18805456161499023,1008.3226318359375,0.7720852191682198
690,21.47249984741211,40.4254150390625,0.7934557100520375,1002.68896484375,0.19394290447235107,1002.68896484375,0.7934557100520375
691,22.073333740234375,40.39624786376953,0.801805664020761,1019.0891723632812,0.1649499535560608,1019.0891723632812,0.801805664020761
692,21.597082138061523,40.66374969482422,0.7737325051750065,1000.1177978515625,0.18069493770599365,1000.1177978515625,0.7737325051750065
693,21.645416259765625,40.95833206176758,0.7516622522988471,1010.0166625976562,0.17541277408599854,1010.0166625976562,0.7516622522988471
694,21.74708366394043,41.644168853759766,0.7849323479933527,1039.61767578125,0.15562528371810913,1039.61767578125,0.7849323479933527
695,21.703750610351562,41.42791748046875,0.790410119651624,1010.2532958984375,0.16702544689178467,1010.2532958984375,0.790410119651624
696,21.83916664123535,41.07416534423828,0.7934431678000187,1016.0765380859375,0.16319352388381958,1016.0765380859375,0.7934431678000187
697,21.589582443237305,41.39833450317383,0.7828583117639257,1000.6995239257812,0.15495991706848145,1000.6995239257812,0.7828583117639257
698,21.57375144958496,41.74333190917969,0.8087830955313788,999.1968994140625,0.1564759612083435,999.1968994140625,0.8087830955313788
699,21.27833366394043,42.407081604003906,0.7970718477555656,984.1526489257812,0.19351187348365784,984.1526489257812,0.7970718477555656
700,21.638750076293945,41.99791717529297,0.7683820950470445,1027.85205078125,0.1583489179611206,1027.85205078125,0.7683820950470445
701,21.760833740234375,41.38833236694336,0.7816371305690655,1015.7791748046875,0.17584717273712158,1015.7791748046875,0.7816371305690655
702,21.065000534057617,41.98625183105469,0.768714817013604,981.3963623046875,0.1739126443862915,981.3963623046875,0.768714817013604
703,21.247499465942383,42.13833236694336,0.795078394053089,1005.5337524414062,0.1629212498664856,1005.5337524414062,0.795078394053089
704,21.26249885559082,42.333335876464844,0.7657413717531694,989.7923583984375,0.16485625505447388,989.7923583984375,0.7657413717531694
705,21.31166648864746,42.26958465576172,0.8067656087141688,1010.441650390625,0.16663938760757446,1010.441650390625,0.8067656087141688
706,21.209999084472656,42.774166107177734,0.7925457088918894,967.8862915039062,0.166306734085083,967.8862915039062,0.7925457088918894
707,21.8125,42.167083740234375,0.7909650761389044,1022.0269165039062,0.1527864933013916,1022.0269165039062,0.7909650761389044
708,19.821250915527344,42.377498626708984,0.6741562112072932,1126.953369140625,0.16621708869934082,1126.953369140625,0.6741562112072932
709,21.268333435058594,42.79083251953125,0.7843198931122113,1012.7930908203125,0.15476369857788086,1012.7930908203125,0.7843198931122113
710,21.100000381469727,43.38833236694336,0.815010908663453,1009.8583374023438,0.1608121395111084,1009.8583374023438,0.815010908663453
711,21.33625030517578,43.13083267211914,0.8077838230592662,1019.6868896484375,0.15146565437316895,1019.6868896484375,0.8077838230592662
712,21.24916648864746,43.294586181640625,0.8091344578367113,1009.7163696289062,0.16388791799545288,1009.7163696289062,0.8091344578367113
713,21.792499542236328,42.82958221435547,0.8072713088388295,1008.3744506835938,0.15609800815582275,1008.3744506835938,0.8072713088388295
714,21.387083053588867,43.10166549682617,0.8174355627867065,993.5511474609375,0.17158037424087524,993.5511474609375,0.8174355627867065
715,21.383750915527344,43.94291687011719,0.7841119307092401,1007.610107421875,0.15138208866119385,1007.610107421875,0.7841119307092401
716,21.080833435058594,44.29750061035156,0.7932637342323837,978.583740234375,0.15706264972686768,978.583740234375,0.7932637342323837
717,21.148332595825195,44.40250015258789,0.791175762971293,973.206298828125,0.1621266007423401,973.206298828125,0.791175762971293
718,21.233333587646484,44.133331298828125,0.7961731637782964,993.1052856445312,0.1653091311454773,993.1052856445312,0.7961731637782964
719,21.060832977294922,44.860416412353516,0.800714024699047,1003.92724609375,0.14392155408859253,1003.92724609375,0.800714024699047
720,21.45458221435547,44.079166412353516,0.8265967671616277,989.9664916992188,0.1502704620361328,989.9664916992188,0.8265967671616277
721,20.734167098999023,45.54291534423828,0.8172920454567072,979.547119140625,0.15631359815597534,979.547119140625,0.8172920454567072
722,21.39208221435547,45.0716667175293,0.8129208368797868,1000.1975708007812,0.15632104873657227,1000.1975708007812,0.8129208368797868
723,20.992084503173828,46.14833450317383,0.7587229876019382,998.4114379882812,0.15435165166854858,998.4114379882812,0.7587229876019382
724,21.40333366394043,44.95708465576172,0.7956564860011149,1004.3056640625,0.13396424055099487,1004.3056640625,0.7956564860011149
725,21.099166870117188,45.34749984741211,0.7936076091422487,992.8485107421875,0.15517568588256836,992.8485107421875,0.7936076091422487
726,22.90416717529297,46.149166107177734,0.786572621158749,1005.9434814453125,0.14430338144302368,1005.9434814453125,0.786572621158749
727,21.122915267944336,46.3337516784668,0.7976687574635675,997.52294921875,0.1342063546180725,997.52294921875,0.7976687574635675
728,21.0170841217041,46.12791442871094,0.7971958123675151,983.0611572265625,0.13656795024871826,983.0611572265625,0.7971958123675151
729,20.933332443237305,46.189998626708984,0.8004256624051077,977.5789794921875,0.14981961250305176,977.5789794921875,0.8004256624051077
730,21.27458381652832,46.37291717529297,0.814752752259087,1002.23828125,0.14455407857894897,1002.23828125,0.814752752259087
731,21.489999771118164,45.76874923706055,0.8199913849888179,1006.9324340820312,0.12657278776168823,1006.9324340820312,0.8199913849888179
732,21.368749618530273,46.5745849609375,0.8266423945829273,995.2902221679688,0.13814705610275269,995.2902221679688,0.8266423945829273
733,21.327917098999023,46.549163818359375,0.8027776815552685,987.3475952148438,0.1396479606628418,987.3475952148438,0.8027776815552685
734,21.09083366394043,47.63291931152344,0.8120936388364517,1001.1957397460938,0.14491665363311768,1001.1957397460938,0.8120936388364517
735,21.029582977294922,47.43708419799805,0.8114387715181854,1007.5621948242188,0.14678806066513062,1007.5621948242188,0.8114387715181854
736,21.29916763305664,47.159584045410156,0.8255805687130524,1018.7586059570312,0.12524068355560303,1018.7586059570312,0.8255805687130524
737,20.98958396911621,47.09000015258789,0.816165754849168,985.3056640625,0.14439928531646729,985.3056640625,0.816165754849168
738,21.153749465942383,46.831668853759766,0.8076197973372785,1002.24267578125,0.14393621683120728,1002.24267578125,0.8076197973372785
739,20.86916732788086,48.06999969482422,0.802370209807161,975.400634765625,0.14399510622024536,975.400634765625,0.802370209807161
740,20.967500686645508,48.85625076293945,0.820073012271865,1007.1854858398438,0.13048064708709717,1007.1854858398438,0.820073012271865
741,21.115415573120117,49.0,0.8125277956967958,1010.0801391601562,0.1305704116821289,1010.0801391601562,0.8125277956967958
742,21.05958366394043,48.79375076293945,0.8121935175651118,1005.8659057617188,0.13051921129226685,1005.8659057617188,0.8121935175651118
743,21.075000762939453,48.9154167175293,0.8085281725583852,1026.3148193359375,0.13973945379257202,1026.3148193359375,0.8085281725583852
744,20.93291664123535,48.93000030517578,0.8317978944509907,997.469482421875,0.13408249616622925,997.469482421875,0.8317978944509907
745,21.085416793823242,48.47125244140625,0.8247732113804076,1004.8544921875,0.13576006889343262,1004.8544921875,0.8247732113804076
746,20.940832138061523,48.72666549682617,0.8043708086852952,1025.418701171875,0.12952256202697754,1025.418701171875,0.8043708086852952
747,21.05875015258789,48.525001525878906,0.8528967462206999,987.5914916992188,0.14027175307273865,987.5914916992188,0.8528967462206999
748,20.919166564941406,49.532501220703125,0.7918523308538155,997.4817504882812,0.13258928060531616,997.4817504882812,0.7918523308538155
749,20.562917709350586,49.455833435058594,0.825992332392016,981.5202026367188,0.1347717046737671,981.5202026367188,0.825992332392016
750,20.688749313354492,50.15583038330078,0.8345376597053817,1029.3736572265625,0.13660937547683716,1029.3736572265625,0.8345376597053817
751,20.595001220703125,49.73500061035156,0.8218114167730045,1004.8119506835938,0.1303180456161499,1004.8119506835938,0.8218114167730045
752,20.90416717529297,49.78874969482422,0.8344759694691279,1025.8319091796875,0.12113511562347412,1025.8319091796875,0.8344759694691279
753,20.89958381652832,49.170833587646484,0.8189201058056816,993.9879150390625,0.1333346962928772,993.9879150390625,0.8189201058056816
754,20.815000534057617,49.83583450317383,0.8164631120017835,984.8518676757812,0.13268494606018066,984.8518676757812,0.8164631120017835
755,20.687084197998047,50.466251373291016,0.8238693965031896,1000.6533203125,0.12871235609054565,1000.6533203125,0.8238693965031896
756,20.318750381469727,51.15791702270508,0.8185576047700786,998.935546875,0.1309707760810852,998.935546875,0.8185576047700786
757,20.50874900817871,51.428749084472656,0.8294157544885865,1006.8785400390625,0.13647747039794922,1006.8785400390625,0.8294157544885865
758,20.645832061767578,51.28416442871094,0.8342551169225499,1013.9589233398438,0.12142366170883179,1013.9589233398438,0.8342551169225499
759,20.820417404174805,50.30916976928711,0.8416294268911066,999.0953979492188,0.12582367658615112,999.0953979492188,0.8416294268911066
760,20.49333381652832,50.799583435058594,0.8517730057828095,987.2371826171875,0.12467563152313232,987.2371826171875,0.8517730057828095
761,20.40541648864746,51.26958465576172,0.8211586398386661,1006.2936401367188,0.12825095653533936,1006.2936401367188,0.8211586398386661
762,20.799583435058594,51.15791702270508,0.812550184633012,1035.22998046875,0.12124431133270264,1035.22998046875,0.812550184633012
763,20.780832290649414,51.137916564941406,0.8305174804868358,1018.8997192382812,0.11141151189804077,1018.8997192382812,0.8305174804868358
764,20.68375015258789,50.497920989990234,0.829180357766788,989.7338256835938,0.13091272115707397,989.7338256835938,0.829180357766788
765,20.49708366394043,51.23458480834961,0.8312688959732654,1009.2896118164062,0.1292012333869934,1009.2896118164062,0.8312688959732654
766,20.485000610351562,52.06583023071289,0.8551464090559828,1014.5536499023438,0.11948221921920776,1014.5536499023438,0.8551464090559828
767,20.48874855041504,51.37583541870117,0.8236595350634709,976.691650390625,0.13289889693260193,976.691650390625,0.8236595350634709
768,20.96500015258789,51.324581146240234,0.8290054655856647,1001.9790649414062,0.12574979662895203,1001.9790649414062,0.8290054655856647
769,20.56833267211914,52.28750228881836,0.8283046617997356,1012.0731811523438,0.13654166460037231,1012.0731811523438,0.8283046617997356
770,20.55791664123535,52.25208282470703,0.8455168691983772,985.85791015625,0.11912596225738525,985.85791015625,0.8455168691983772
771,20.30291748046875,53.40250015258789,0.8229129962482536,993.0104370117188,0.12001574039459229,993.0104370117188,0.8229129962482536
772,20.56624984741211,52.342498779296875,0.8311341029881987,999.6204223632812,0.13252627849578857,999.6204223632812,0.8311341029881987
773,20.50583267211914,53.05958557128906,0.8313761687604392,1010.041015625,0.12104856967926025,1010.041015625,0.8313761687604392
774,20.546667098999023,53.31416702270508,0.8314581381372037,1006.0849609375,0.12326782941818237,1006.0849609375,0.8314581381372037
775,20.3891658782959,53.484580993652344,0.80267656865905,978.388671875,0.1395254135131836,978.388671875,0.80267656865905
776,20.857084274291992,52.686668395996094,0.8307234700122703,993.2680053710938,0.11341768503189087,993.2680053710938,0.8307234700122703
777,20.70083236694336,52.87874984741211,0.8480507056529188,1017.0775146484375,0.12082058191299438,1017.0775146484375,0.8480507056529188
778,20.285417556762695,54.36750030517578,0.8276488233344892,1002.4749145507812,0.12615123391151428,1002.4749145507812,0.8276488233344892
779,20.52750015258789,54.09208679199219,0.8397629068813157,1014.233642578125,0.11703133583068848,1014.233642578125,0.8397629068813157
780,20.63083267211914,53.196250915527344,0.8383758304862327,1003.50439453125,0.12854421138763428,1003.50439453125,0.8383758304862327
781,20.844165802001953,54.53666305541992,0.814895088874248,1015.7982788085938,0.11992698907852173,1015.7982788085938,0.814895088874248
782,20.56999969482422,53.55833053588867,0.8006731034145514,972.6595458984375,0.12370163202285767,972.6595458984375,0.8006731034145514
783,20.66666603088379,54.53916931152344,0.8274399887272476,1020.4998168945312,0.12143677473068237,1020.4998168945312,0.8274399887272476
784,20.414165496826172,54.745418548583984,0.8283886461008005,993.3290405273438,0.123257577419281,993.3290405273438,0.8283886461008005
785,20.592082977294922,55.950416564941406,0.8417056716645217,1012.93310546875,0.12603726983070374,1012.93310546875,0.8417056716645217
786,20.364999771118164,55.705833435058594,0.8203244273043601,999.3223266601562,0.12644827365875244,999.3223266601562,0.8203244273043601
787,20.429582595825195,54.49125289916992,0.8111106037654298,1006.5451049804688,0.13049626350402832,1006.5451049804688,0.8111106037654298
788,20.261249542236328,56.67832946777344,0.8351964170701882,993.7720947265625,0.13250157237052917,993.7720947265625,0.8351964170701882
789,20.59749984741211,55.84124755859375,0.8003805255058036,994.052490234375,0.12163212895393372,994.052490234375,0.8003805255058036
790,20.501667022705078,56.21458435058594,0.8091916460139482,1007.7515869140625,0.13575363159179688,1007.7515869140625,0.8091916460139482
791,20.3174991607666,57.12458419799805,0.8300744942623828,1015.1038208007812,0.1329748034477234,1015.1038208007812,0.8300744942623828
792,20.48291778564453,55.99625015258789,0.8113663588925316,1003.7489013671875,0.12020570039749146,1003.7489013671875,0.8113663588925316
793,20.551666259765625,56.75333023071289,0.8323429658774942,1036.2349853515625,0.11919340491294861,1036.2349853515625,0.8323429658774942
794,20.722084045410156,56.67124938964844,0.8329602458828532,1024.096923828125,0.11734288930892944,1024.096923828125,0.8329602458828532
795,20.262500762939453,58.54541778564453,0.8208537198503904,1036.3690185546875,0.1315212845802307,1036.3690185546875,0.8208537198503904
796,20.474166870117188,57.94916915893555,0.8253741462986457,1026.2352294921875,0.1302412450313568,1026.2352294921875,0.8253741462986457
797,20.694583892822266,57.45333480834961,0.8401716146863047,1027.8612060546875,0.12157872319221497,1027.8612060546875,0.8401716146863047
798,20.37208366394043,58.01625061035156,0.8174529313079358,1004.1243896484375,0.11981663107872009,1004.1243896484375,0.8174529313079358
799,20.550832748413086,58.81666564941406,0.8535903136547718,1052.01953125,0.11366015672683716,1052.01953125,0.8535903136547718
800,20.609167098999023,57.757503509521484,0.8219349817198259,1032.9510498046875,0.13444101810455322,1032.9510498046875,0.8219349817198259
801,20.77750015258789,57.95582962036133,0.8309704859254814,1031.3487548828125,0.12037667632102966,1031.3487548828125,0.8309704859254814
802,20.299583435058594,59.26583480834961,0.8206381162115791,1014.8423461914062,0.12357130646705627,1014.8423461914062,0.8206381162115791
803,20.78791618347168,58.34000015258789,0.8316935545684205,1010.3541259765625,0.11872890591621399,1010.3541259765625,0.8316935545684205
804,20.55208396911621,58.43916702270508,0.817875392966601,1024.726318359375,0.13082119822502136,1024.726318359375,0.817875392966601
805,20.31916618347168,59.30958557128906,0.8317939054615914,1013.329345703125,0.1376662254333496,1013.329345703125,0.8317939054615914
806,20.485000610351562,58.22749710083008,0.823168014751964,1016.3341674804688,0.12335419654846191,1016.3341674804688,0.823168014751964
807,20.457500457763672,59.566246032714844,0.8160171327338792,1039.4884033203125,0.1376277208328247,1039.4884033203125,0.8160171327338792
808,20.715417861938477,59.8912467956543,0.8204568089678989,1021.77490234375,0.14118897914886475,1021.77490234375,0.8204568089678989
809,20.537918090820312,59.7087516784668,0.8098292447247224,1017.09423828125,0.11796629428863525,1017.09423828125,0.8098292447247224
810,20.682083129882812,59.78916931152344,0.8363897377667553,1023.8489990234375,0.12526819109916687,1023.8489990234375,0.8363897377667553
811,20.417499542236328,61.3095817565918,0.7868123316361388,1030.080810546875,0.13162100315093994,1030.080810546875,0.7868123316361388
812,20.346250534057617,60.66250228881836,0.8241238953147794,1031.5216064453125,0.1221148669719696,1031.5216064453125,0.8241238953147794
813,20.492082595825195,60.306251525878906,0.8347217294925676,1019.96826171875,0.12539249658584595,1019.96826171875,0.8347217294925676
814,20.2137508392334,61.44416809082031,0.828942581617694,1023.4898071289062,0.1376725137233734,1023.4898071289062,0.828942581617694
815,20.010833740234375,62.009586334228516,0.8186477339287186,1037.7666015625,0.14076602458953857,1037.7666015625,0.8186477339287186
816,20.5,61.417503356933594,0.8201133105569662,1025.6591796875,0.13167816400527954,1025.6591796875,0.8201133105569662
817,20.209999084472656,61.470829010009766,0.86000372215685,1018.2579956054688,0.11467298865318298,1018.2579956054688,0.86000372215685
818,20.49791717529297,60.699581146240234,0.7956025110012334,1019.071044921875,0.12810778617858887,1019.071044921875,0.7956025110012334
819,20.211666107177734,61.307918548583984,0.8290150627320754,1018.36767578125,0.12352904677391052,1018.36767578125,0.8290150627320754
820,20.074167251586914,61.65625,0.8148775431446131,1012.4555053710938,0.13220685720443726,1012.4555053710938,0.8148775431446131
821,20.1924991607666,61.717079162597656,0.8339693996541202,1017.456787109375,0.14095687866210938,1017.456787109375,0.8339693996541202
822,20.486249923706055,61.13041687011719,0.8408790853188275,1018.2617797851562,0.12132367491722107,1018.2617797851562,0.8408790853188275
823,20.43083381652832,62.537086486816406,0.830728460021543,1034.8770751953125,0.15033471584320068,1034.8770751953125,0.830728460021543
824,20.6200008392334,62.107086181640625,0.8209117519271798,1008.8485107421875,0.1285298466682434,1008.8485107421875,0.8209117519271798
825,20.424999237060547,62.6441650390625,0.8200023257402559,1023.5039672851562,0.13309791684150696,1023.5039672851562,0.8200023257402559
826,20.192916870117188,62.44166564941406,0.8385743879164607,1035.2076416015625,0.1371821165084839,1035.2076416015625,0.8385743879164607
827,20.43833351135254,62.43000030517578,0.826359950266365,1044.6640625,0.12318068742752075,1044.6640625,0.826359950266365
828,20.322917938232422,63.41208267211914,0.8285121836123861,1023.4845581054688,0.1324472427368164,1023.4845581054688,0.8285121836123861
829,20.46000099182129,63.89374542236328,0.8346860517330716,1036.4222412109375,0.141313374042511,1036.4222412109375,0.8346860517330716
830,20.162500381469727,63.512081146240234,0.796446105433423,1022.3869018554688,0.12938937544822693,1022.3869018554688,0.796446105433423
831,20.51166534423828,63.938331604003906,0.8129109961886982,1056.3704833984375,0.1563970446586609,1056.3704833984375,0.8129109961886982
832,20.499582290649414,63.233333587646484,0.8251740592449335,1013.6307983398438,0.13871854543685913,1013.6307983398438,0.8251740592449335
833,18.690834045410156,63.792503356933594,0.7180360187588821,1140.746337890625,0.13639330863952637,1140.746337890625,0.7180360187588821
834,20.504165649414062,64.37833404541016,0.861348658885634,1039.6187744140625,0.1361744999885559,1039.6187744140625,0.861348658885634
835,20.306665420532227,64.66000366210938,0.8393643036754491,1041.416259765625,0.12704557180404663,1041.416259765625,0.8393643036754491
836,20.44124984741211,64.4816665649414,0.8135165171691042,1034.2060546875,0.12974819540977478,1034.2060546875,0.8135165171691042
837,20.393333435058594,65.0008316040039,0.810425742035201,1028.7940673828125,0.14320427179336548,1028.7940673828125,0.810425742035201
838,20.43375015258789,64.79541778564453,0.8281914101075329,1014.3983764648438,0.15298298001289368,1014.3983764648438,0.8281914101075329
839,20.749584197998047,64.52166748046875,0.8444719976257016,1027.0220947265625,0.14832764863967896,1027.0220947265625,0.8444719976257016
840,20.794584274291992,65.242919921875,0.828404784468428,1059.63037109375,0.12919557094573975,1059.63037109375,0.828404784468428
841,20.561248779296875,64.88542175292969,0.8548616107545317,1033.9537353515625,0.14747965335845947,1033.9537353515625,0.8548616107545317
842,20.40916633605957,65.34166717529297,0.8231837587191231,1042.426513671875,0.15496543049812317,1042.426513671875,0.8231837587191231
843,20.3891658782959,65.7699966430664,0.8296551713520062,1053.1458740234375,0.1334744393825531,1053.1458740234375,0.8296551713520062
844,20.698749542236328,65.79874420166016,0.8405188673048677,1065.9893798828125,0.1388643980026245,1065.9893798828125,0.8405188673048677
845,20.298749923706055,66.20874786376953,0.8295345613681275,1063.3087158203125,0.1191171407699585,1063.3087158203125,0.8295345613681275
846,20.647083282470703,65.97000122070312,0.8160318142501254,1026.034423828125,0.14324134588241577,1026.034423828125,0.8160318142501254
847,20.80791664123535,65.97250366210938,0.8625916817229702,1061.855712890625,0.1478225588798523,1061.855712890625,0.8625916817229702
848,20.349166870117188,65.71749877929688,0.8497981356154398,1032.18994140625,0.12495008111000061,1032.18994140625,0.8497981356154398
849,20.593334197998047,65.67166137695312,0.8522236477115244,1013.2410278320312,0.13681942224502563,1013.2410278320312,0.8522236477115244
850,20.353334426879883,66.97708129882812,0.8259650796218838,1057.908203125,0.15076646208763123,1057.908203125,0.8259650796218838
851,20.405834197998047,66.84625244140625,0.844675731788906,1048.7025146484375,0.13257727026939392,1048.7025146484375,0.844675731788906
852,20.546249389648438,66.53707885742188,0.837625844291133,1021.2354125976562,0.14583531022071838,1021.2354125976562,0.837625844291133
853,20.44416618347168,66.8566665649414,0.8329251538754613,1027.3619384765625,0.1435713768005371,1027.3619384765625,0.8329251538754613
854,20.546249389648438,67.91083526611328,0.8581319599008745,1064.99365234375,0.15160870552062988,1064.99365234375,0.8581319599008745
855,20.467500686645508,67.26041412353516,0.8504952317474875,1038.9112548828125,0.13709110021591187,1038.9112548828125,0.8504952317474875
856,20.448333740234375,67.14833068847656,0.8443565327546164,1042.8828125,0.14361679553985596,1042.8828125,0.8443565327546164
857,20.609167098999023,66.72750091552734,0.8396333697334599,1044.8258056640625,0.14833584427833557,1044.8258056640625,0.8396333697334599
858,20.766666412353516,68.01541137695312,0.8493639173241883,1077.874267578125,0.1558474600315094,1077.874267578125,0.8493639173241883
859,20.18541717529297,68.07791900634766,0.8397996050519091,1066.67333984375,0.15799939632415771,1066.67333984375,0.8397996050519091
860,20.4858341217041,68.07583618164062,0.8384529461047727,1059.820556640625,0.14727053046226501,1059.820556640625,0.8384529461047727
861,20.210416793823242,68.88916778564453,0.8389704193477974,1047.156494140625,0.1436091661453247,1047.156494140625,0.8389704193477974
862,20.452499389648438,69.22583770751953,0.8524059996101986,1059.8929443359375,0.16034045815467834,1059.8929443359375,0.8524059996101986
863,20.50583267211914,68.60416412353516,0.8497004215511864,1059.211669921875,0.15331518650054932,1059.211669921875,0.8497004215511864
864,20.366666793823242,69.81082916259766,0.8156622477377706,1078.915283203125,0.16027450561523438,1078.915283203125,0.8156622477377706
865,20.44708251953125,69.68958282470703,0.8406579148845715,1073.780517578125,0.17756006121635437,1073.780517578125,0.8406579148845715
866,20.41374969482422,69.71416473388672,0.8332611625926637,1070.3515625,0.16947722434997559,1070.3515625,0.8332611625926637
867,20.5625,70.13749694824219,0.8545016784883454,1075.556884765625,0.16191047430038452,1075.556884765625,0.8545016784883454
868,20.530834197998047,68.7754135131836,0.8257437137078146,1054.1593017578125,0.15688326954841614,1054.1593017578125,0.8257437137078146
869,20.690832138061523,69.29750061035156,0.837734971978245,1077.5015869140625,0.14660921692848206,1077.5015869140625,0.837734971978245
870,20.426666259765625,71.25833892822266,0.8445959041337616,1072.01953125,0.1812075972557068,1072.01953125,0.8445959041337616
871,20.513750076293945,69.91500091552734,0.8658491468815939,1078.614501953125,0.16986197233200073,1078.614501953125,0.8658491468815939
872,20.439167022705078,70.14374542236328,0.814610298622745,1042.6934814453125,0.17022156715393066,1042.6934814453125,0.814610298622745
873,20.230417251586914,71.27749633789062,0.8161053517953478,1061.8328857421875,0.16668421030044556,1061.8328857421875,0.8161053517953478
874,19.899581909179688,71.85333251953125,0.8328642771163183,1060.5777587890625,0.1873253881931305,1060.5777587890625,0.8328642771163183
875,20.130416870117188,71.9295883178711,0.8254331493651044,1064.6431884765625,0.17943710088729858,1064.6431884765625,0.8254331493651044
876,20.271665573120117,70.76457977294922,0.8303724189962224,1055.8934326171875,0.1542409360408783,1055.8934326171875,0.8303724189962224
877,20.196666717529297,70.47083282470703,0.8267139348232747,1057.0792236328125,0.19244465231895447,1057.0792236328125,0.8267139348232747
878,20.66374969482422,71.89291381835938,0.8505871187822704,1110.455078125,0.16558268666267395,1110.455078125,0.8505871187822704
879,20.242916107177734,71.3074951171875,0.8371767289112826,1064.8707275390625,0.18532928824424744,1064.8707275390625,0.8371767289112826
880,19.979167938232422,72.50499725341797,0.8133507817108286,1088.45068359375,0.1765649914741516,1088.45068359375,0.8133507817108286
881,20.264999389648438,72.84291076660156,0.804780559879207,1074.1766357421875,0.17252305150032043,1074.1766357421875,0.804780559879207
882,20.571666717529297,71.2058334350586,0.8442670799834457,1071.3839111328125,0.16219937801361084,1071.3839111328125,0.8442670799834457
883,20.441665649414062,72.32917022705078,0.8480696911281469,1087.6519775390625,0.17113742232322693,1087.6519775390625,0.8480696911281469
884,20.265417098999023,73.42333221435547,0.8394230078284277,1086.3946533203125,0.21173304319381714,1086.3946533203125,0.8394230078284277
885,20.318334579467773,71.99166107177734,0.8088656227270983,1069.857666015625,0.18428733944892883,1069.857666015625,0.8088656227270983
886,20.332082748413086,72.82208251953125,0.85190021570252,1068.822998046875,0.18084952235221863,1068.822998046875,0.85190021570252
887,20.50958251953125,71.55958557128906,0.8386485238064014,1066.62158203125,0.19026261568069458,1066.62158203125,0.8386485238064014
888,20.30083465576172,72.63416290283203,0.8346014252374749,1088.05078125,0.2058173418045044,1088.05078125,0.8346014252374749
889,20.399166107177734,72.89250183105469,0.8431625615333724,1067.975830078125,0.20916354656219482,1067.975830078125,0.8431625615333724
890,20.087081909179688,73.5183334350586,0.8414712919766121,1087.2781982421875,0.19689509272575378,1087.2781982421875,0.8414712919766121
891,20.116666793823242,73.05166625976562,0.8269168677611733,1084.797119140625,0.1929793655872345,1084.797119140625,0.8269168677611733
892,20.299165725708008,73.28458404541016,0.8595506202920249,1103.93994140625,0.19170209765434265,1103.93994140625,0.8595506202920249
893,20.00666618347168,73.62667083740234,0.8189203750708927,1083.6585693359375,0.19365856051445007,1083.6585693359375,0.8189203750708927
894,20.215415954589844,73.13249969482422,0.81216652653111,1105.35693359375,0.16910722851753235,1105.35693359375,0.81216652653111
895,20.46208381652832,73.15291595458984,0.8274862017697359,1070.7802734375,0.19571667909622192,1070.7802734375,0.8274862017697359
896,20.07375144958496,74.36000061035156,0.8207975494888888,1078.755126953125,0.2255886197090149,1078.755126953125,0.8207975494888888
897,20.05375099182129,74.42291259765625,0.8402237777790472,1105.258544921875,0.209002286195755,1105.258544921875,0.8402237777790472
898,20.096250534057617,75.3445816040039,0.8335298041332639,1111.9285888671875,0.23988473415374756,1111.9285888671875,0.8335298041332639
899,19.94499969482422,73.96707916259766,0.7979227989524109,1078.718994140625,0.20072591304779053,1078.718994140625,0.7979227989524109
900,20.09833335876465,74.71583557128906,0.8270499421465193,1079.8643798828125,0.22261002659797668,1079.8643798828125,0.8270499421465193
901,20.059999465942383,75.25917053222656,0.840594415125748,1105.0985107421875,0.22681009769439697,1105.0985107421875,0.840594415125748
902,20.110000610351562,74.33541107177734,0.8293275999325799,1099.1827392578125,0.22022950649261475,1099.1827392578125,0.8293275999325799
903,20.082082748413086,75.04374694824219,0.7968116566664398,1081.1077880859375,0.18818941712379456,1081.1077880859375,0.7968116566664398
904,19.892499923706055,74.1379165649414,0.8319653803290202,1104.0142822265625,0.19934841990470886,1104.0142822265625,0.8319653803290202
905,20.13249969482422,74.93374633789062,0.8231535406319362,1099.2166748046875,0.21255341172218323,1099.2166748046875,0.8231535406319362
906,20.0,74.94833374023438,0.8092561293059795,1106.1396484375,0.20887255668640137,1106.1396484375,0.8092561293059795
907,20.28499984741211,74.6433334350586,0.8060747546503937,1099.72265625,0.18432199954986572,1099.72265625,0.8060747546503937
908,20.144166946411133,75.46749877929688,0.8171604587314432,1089.7647705078125,0.21556216478347778,1089.7647705078125,0.8171604587314432
909,20.088333129882812,74.60791778564453,0.7964678141230878,1076.507080078125,0.20545169711112976,1076.507080078125,0.7964678141230878
910,20.25374984741211,75.36541748046875,0.8046060572546657,1109.5330810546875,0.22268828749656677,1109.5330810546875,0.8046060572546657
911,20.06458282470703,75.13916778564453,0.7973583092982801,1092.642578125,0.18632569909095764,1092.642578125,0.7973583092982801
912,19.967082977294922,76.31124877929688,0.7721009155730725,1099.66748046875,0.21460452675819397,1099.66748046875,0.7721009155730725
913,20.30791664123535,75.16583251953125,0.8154183100583462,1070.802490234375,0.20872405171394348,1070.802490234375,0.8154183100583462
914,20.17583465576172,76.43250274658203,0.8293325170905013,1116.795166015625,0.22595736384391785,1116.795166015625,0.8293325170905013
915,20.14291763305664,75.49958038330078,0.8151891002563882,1085.1270751953125,0.20915880799293518,1085.1270751953125,0.8151891002563882
916,20.340417861938477,74.19166564941406,0.8005477223644402,1096.7646484375,0.21246963739395142,1096.7646484375,0.8005477223644402
917,19.93291664123535,75.1683349609375,0.8173073685728782,1106.905029296875,0.18707668781280518,1106.905029296875,0.8173073685728782
918,20.297082901000977,74.73458099365234,0.8068854000824192,1094.707275390625,0.21019244194030762,1094.707275390625,0.8068854000824192
919,20.042081832885742,75.16000366210938,0.8111095948692653,1085.087646484375,0.2123410999774933,1085.087646484375,0.8111095948692653
920,20.207916259765625,75.53750610351562,0.8306509023269422,1087.0390625,0.20447182655334473,1087.0390625,0.8306509023269422
921,20.347917556762695,75.00499725341797,0.8172311489800822,1085.3277587890625,0.20311638712882996,1085.3277587890625,0.8172311489800822
922,19.786666870117188,76.2750015258789,0.8148224467839209,1086.8243408203125,0.2111157774925232,1086.8243408203125,0.8148224467839209
923,20.438749313354492,75.774169921875,0.8360434347494667,1089.429931640625,0.20205450057983398,1089.429931640625,0.8360434347494667
924,18.33791732788086,75.2629165649414,0.6914340800955042,1225.820068359375,0.21954938769340515,1225.820068359375,0.6914340800955042
925,20.380416870117188,75.05416870117188,0.8406372073984876,1111.3734130859375,0.1971614956855774,1111.3734130859375,0.8406372073984876
926,20.126251220703125,75.91041564941406,0.815482593739202,1127.9091796875,0.19377848505973816,1127.9091796875,0.815482593739202
927,20.06541633605957,75.1449966430664,0.8155937465464047,1100.6622314453125,0.19930824637413025,1100.6622314453125,0.8155937465464047
928,20.286666870117188,75.79208374023438,0.8191803847589754,1082.759521484375,0.19705995917320251,1082.759521484375,0.8191803847589754
929,20.1108341217041,76.33666229248047,0.8001096475498919,1112.8057861328125,0.21164783835411072,1112.8057861328125,0.8001096475498919
930,20.229583740234375,75.18499755859375,0.8097657657287446,1114.70458984375,0.1949351727962494,1114.70458984375,0.8097657657287446
931,20.28499984741211,75.39208221435547,0.8219494786795325,1075.02587890625,0.2042708694934845,1075.02587890625,0.8219494786795325
932,20.149999618530273,75.07833099365234,0.8155801957299156,1083.4415283203125,0.2198973298072815,1083.4415283203125,0.8155801957299156
933,20.225833892822266,75.43291473388672,0.803272969471109,1092.456787109375,0.2235010862350464,1092.456787109375,0.803272969471109
934,20.114999771118164,75.7195816040039,0.8036725738217834,1087.1864013671875,0.1947222650051117,1087.1864013671875,0.8036725738217834
935,20.422500610351562,75.66875457763672,0.8074240225997589,1095.3262939453125,0.2012578248977661,1095.3262939453125,0.8074240225997589
936,20.08791732788086,75.10750579833984,0.8203891521915636,1109.108642578125,0.21655848622322083,1109.108642578125,0.8203891521915636
937,19.96666717529297,76.89958190917969,0.8031040125884789,1108.2447509765625,0.21969115734100342,1108.2447509765625,0.8031040125884789
938,20.05875015258789,76.03333282470703,0.8178760231579425,1089.95458984375,0.20575416088104248,1089.95458984375,0.8178760231579425
939,20.356666564941406,76.48374938964844,0.8363859349703727,1107.44873046875,0.19131174683570862,1107.44873046875,0.8363859349703727
940,20.263334274291992,77.21624755859375,0.7944737361912186,1096.5408935546875,0.2025410234928131,1096.5408935546875,0.7944737361912186
941,19.945833206176758,76.43458557128906,0.7941017137074512,1093.6007080078125,0.2132837176322937,1093.6007080078125,0.7941017137074512
942,20.692916870117188,75.44124603271484,0.836127775700878,1122.817626953125,0.21807518601417542,1122.817626953125,0.836127775700878
943,20.315000534057617,76.60166931152344,0.8219636759362756,1108.254150390625,0.19909903407096863,1108.254150390625,0.8219636759362756
944,19.99250030517578,77.29875183105469,0.800283900709209,1119.2508544921875,0.21756020188331604,1119.2508544921875,0.800283900709209
945,20.375417709350586,77.20958709716797,0.8256055408971492,1146.12060546875,0.1934508979320526,1146.12060546875,0.8256055408971492
946,20.122499465942383,77.42375183105469,0.8316428533113239,1088.5245361328125,0.2011643946170807,1088.5245361328125,0.8316428533113239
947,19.8608341217041,77.88417053222656,0.8145751725509075,1107.593994140625,0.22895610332489014,1107.593994140625,0.8145751725509075
948,20.032499313354492,77.21916198730469,0.8279453975258665,1115.887451171875,0.2132694125175476,1115.887451171875,0.8279453975258665
949,20.26041603088379,76.96541595458984,0.8081140951771262,1105.1904296875,0.20421332120895386,1105.1904296875,0.8081140951771262
950,20.133750915527344,77.16666412353516,0.8000023261620978,1097.1759033203125,0.20802068710327148,1097.1759033203125,0.8000023261620978
951,20.21583366394043,77.24417114257812,0.763557848112789,1105.6446533203125,0.21892213821411133,1105.6446533203125,0.763557848112789
952,20.44124984741211,78.09666442871094,0.7863477815979281,1118.67578125,0.19376039505004883,1118.67578125,0.7863477815979281
953,20.40708351135254,77.1683349609375,0.793783464112817,1086.4127197265625,0.21070608496665955,1086.4127197265625,0.793783464112817
954,20.02666664123535,78.07250213623047,0.7752689828585009,1108.7403564453125,0.21034282445907593,1108.7403564453125,0.7752689828585009
955,20.225000381469727,77.3429183959961,0.8260221568400458,1112.60107421875,0.20608332753181458,1112.60107421875,0.8260221568400458
956,20.072500228881836,78.15208435058594,0.8068175022525539,1124.35400390625,0.20564478635787964,1124.35400390625,0.8068175022525539
957,20.352500915527344,77.43708801269531,0.7930657692602754,1090.057861328125,0.20613312721252441,1090.057861328125,0.7930657692602754
958,20.152915954589844,78.45500183105469,0.7966243273856112,1101.694091796875,0.22867447137832642,1101.694091796875,0.7966243273856112
959,20.18833351135254,78.88333129882812,0.792808752788925,1104.3131103515625,0.21053555607795715,1104.3131103515625,0.792808752788925
960,20.146251678466797,78.3237533569336,0.8130488703050585,1115.7088623046875,0.21264538168907166,1115.7088623046875,0.8130488703050585
961,20.62416648864746,78.1620864868164,0.8089195838853949,1133.8248291015625,0.21478936076164246,1133.8248291015625,0.8089195838853949
962,20.752500534057617,77.36125183105469,0.8326403565530942,1125.3529052734375,0.21702644228935242,1125.3529052734375,0.8326403565530942
963,20.626667022705078,78.4749984741211,0.7953473631935168,1121.8287353515625,0.1779024302959442,1121.8287353515625,0.7953473631935168
964,20.565000534057617,78.37667083740234,0.7904522493077621,1121.3367919921875,0.21678736805915833,1121.3367919921875,0.7904522493077621
965,20.292917251586914,77.53583526611328,0.7648074903168798,1092.125732421875,0.2070314884185791,1092.125732421875,0.7648074903168798
966,20.70374870300293,78.26000213623047,0.8166473102351338,1141.551513671875,0.1919383406639099,1141.551513671875,0.8166473102351338
967,20.38249969482422,78.78833770751953,0.8069429257185896,1129.42626953125,0.21379905939102173,1129.42626953125,0.8069429257185896
968,20.547500610351562,78.53791809082031,0.8131568563986117,1117.5081787109375,0.21392878890037537,1117.5081787109375,0.8131568563986117
969,20.494165420532227,78.55416870117188,0.7894602221078018,1097.1348876953125,0.21894395351409912,1097.1348876953125,0.7894602221078018
970,20.28416633605957,78.92333221435547,0.7764024830885579,1126.9678955078125,0.2061837911605835,1126.9678955078125,0.7764024830885579
971,20.32208251953125,78.92291259765625,0.7737280252992493,1121.289794921875,0.19188427925109863,1121.289794921875,0.7737280252992493
972,20.52916717529297,78.49083709716797,0.8011776701981497,1103.5433349609375,0.20668643712997437,1103.5433349609375,0.8011776701981497
973,20.464582443237305,77.94833374023438,0.8033784144696752,1107.71435546875,0.20645055174827576,1107.71435546875,0.8033784144696752
974,20.604583740234375,77.55291748046875,0.8004938249484054,1119.8099365234375,0.19527596235275269,1119.8099365234375,0.8004938249484054
975,20.64958381652832,78.31458282470703,0.8316979877456371,1134.4720458984375,0.23411250114440918,1134.4720458984375,0.8316979877456371
976,20.398334503173828,78.34333038330078,0.781114059810247,1129.275390625,0.22962865233421326,1129.275390625,0.781114059810247
977,20.116666793823242,79.50041961669922,0.7687146868967566,1117.519287109375,0.20587679743766785,1117.519287109375,0.7687146868967566
978,20.597084045410156,78.4375,0.7840887032496701,1129.2828369140625,0.2115592658519745,1129.2828369140625,0.7840887032496701
979,20.534584045410156,79.35416412353516,0.8132810556672754,1126.78271484375,0.1848239302635193,1126.78271484375,0.8132810556672754
980,20.306665420532227,79.90875244140625,0.7803951080777057,1118.210693359375,0.18561044335365295,1118.210693359375,0.7803951080777057
981,20.35791778564453,78.84041595458984,0.7802959687613032,1123.59033203125,0.21065744757652283,1123.59033203125,0.7802959687613032
982,20.499582290649414,79.02458190917969,0.7859693670761878,1109.3680419921875,0.22347718477249146,1109.3680419921875,0.7859693670761878
983,20.227083206176758,79.97124481201172,0.7735911568374438,1113.83984375,0.2286902815103531,1113.83984375,0.7735911568374438
984,20.466249465942383,79.0495834350586,0.8045509317978384,1138.4342041015625,0.20709607005119324,1138.4342041015625,0.8045509317978384
985,20.755001068115234,78.84833526611328,0.7953411938458841,1126.7557373046875,0.20913249254226685,1126.7557373046875,0.7953411938458841
986,20.49916648864746,79.63166809082031,0.7703824266208694,1131.5618896484375,0.2093433141708374,1131.5618896484375,0.7703824266208694
987,20.770416259765625,79.86042022705078,0.8136255353616682,1126.6590576171875,0.22363165020942688,1126.6590576171875,0.8136255353616682
988,20.737083435058594,79.32291412353516,0.8039193302923704,1116.466796875,0.19297045469284058,1116.466796875,0.8039193302923704
989,20.872501373291016,79.0495834350586,0.7856239482462872,1118.1953125,0.2203860580921173,1118.1953125,0.7856239482462872
990,20.681249618530273,79.87374877929688,0.7732588395858901,1108.7391357421875,0.2070799171924591,1108.7391357421875,0.7732588395858901
991,20.729583740234375,79.28583526611328,0.7949629947931287,1121.74365234375,0.20821520686149597,1121.74365234375,0.7949629947931287
992,21.02666664123535,79.35541534423828,0.7922134985104909,1127.7012939453125,0.20867985486984253,1127.7012939453125,0.7922134985104909
993,20.857500076293945,80.07875061035156,0.7740918807958008,1139.1488037109375,0.22712522745132446,1139.1488037109375,0.7740918807958008
994,20.751249313354492,79.52375030517578,0.7706571878744655,1120.244140625,0.21616119146347046,1120.244140625,0.7706571878744655
995,20.875415802001953,81.15166473388672,0.79132651351202,1123.513671875,0.2132071852684021,1123.513671875,0.79132651351202
996,20.66666603088379,80.25375366210938,0.7853036232230971,1139.9454345703125,0.20872125029563904,1139.9454345703125,0.7853036232230971
997,20.887083053588867,79.95541381835938,0.792644098713826,1129.39892578125,0.21602311730384827,1129.39892578125,0.792644098713826
998,20.753332138061523,80.86583709716797,0.7795053655638178,1135.5362548828125,0.1987060308456421,1135.5362548828125,0.7795053655638178
999,21.094167709350586,80.07707977294922,0.7708775478098815,1126.662109375,0.2328530102968216,1126.662109375,0.7708775478098815
1000,20.94333267211914,80.15833282470703,0.7833725409682452,1116.95263671875,0.2144164741039276,1116.95263671875,0.7833725409682452
1001,20.758333206176758,80.61917114257812,0.7964087792756466,1136.280029296875,0.22169120609760284,1136.280029296875,0.7964087792756466
1002,20.852916717529297,79.56958770751953,0.7716182856871205,1110.601318359375,0.20423626899719238,1110.601318359375,0.7716182856871205
1003,20.66666603088379,79.57208251953125,0.7871307649838835,1121.6451416015625,0.19343999028205872,1121.6451416015625,0.7871307649838835
1004,21.02250099182129,80.03375244140625,0.7706216085162088,1131.0865478515625,0.20981130003929138,1131.0865478515625,0.7706216085162088
1005,20.562917709350586,80.55166625976562,0.7541535836500309,1122.157470703125,0.2054923176765442,1122.157470703125,0.7541535836500309
1006,20.621665954589844,80.40416717529297,0.7768144599100951,1124.1219482421875,0.20191273093223572,1124.1219482421875,0.7768144599100951
1007,20.702083587646484,79.52749633789062,0.7733377004373925,1118.23974609375,0.18436357378959656,1118.23974609375,0.7733377004373925
1008,20.37291717529297,79.92333221435547,0.7514857704793825,1129.807373046875,0.20862671732902527,1129.807373046875,0.7514857704793825
1009,20.497499465942383,80.69999694824219,0.7934020594610228,1135.689697265625,0.19389194250106812,1135.689697265625,0.7934020594610228
1010,20.405834197998047,80.11166381835938,0.7887196115269699,1131.484619140625,0.20795971155166626,1131.484619140625,0.7887196115269699
1011,20.439167022705078,79.49666595458984,0.7691797190266146,1141.16748046875,0.20747050642967224,1141.16748046875,0.7691797190266146
1012,20.609582901000977,79.69583129882812,0.8232498507225833,1130.5230712890625,0.19438230991363525,1130.5230712890625,0.8232498507225833
1013,20.522916793823242,79.30833435058594,0.7913953803425675,1114.358642578125,0.20821791887283325,1114.358642578125,0.7913953803425675
1014,20.72458267211914,79.11833190917969,0.7745164739255457,1124.6314697265625,0.19278809428215027,1124.6314697265625,0.7745164739255457
1015,20.782501220703125,78.17916870117188,0.7660807903135507,1127.5531005859375,0.1905307173728943,1127.5531005859375,0.7660807903135507
1016,20.647083282470703,79.06500244140625,0.7975331960954491,1096.5601806640625,0.19808295369148254,1096.5601806640625,0.7975331960954491
1017,20.400833129882812,79.8620834350586,0.8111342493826723,1148.244384765625,0.16947999596595764,1148.244384765625,0.8111342493826723
1018,20.1733341217041,80.27208709716797,0.7461258553720395,1115.4674072265625,0.21240296959877014,1115.4674072265625,0.7461258553720395
1019,20.761667251586914,78.79874420166016,0.7528452921549199,1130.855712890625,0.19321247935295105,1130.855712890625,0.7528452921549199
1020,20.820417404174805,79.61083221435547,0.7736394418847239,1131.0228271484375,0.20496653020381927,1131.0228271484375,0.7736394418847239
1021,20.40541648864746,80.2804183959961,0.7544801122456845,1138.6243896484375,0.20722509920597076,1138.6243896484375,0.7544801122456845
1022,20.251251220703125,79.28416442871094,0.781992398792702,1124.585205078125,0.23406358063220978,1124.585205078125,0.781992398792702
1023,20.3608341217041,79.57791900634766,0.7611474562358357,1131.0052490234375,0.2051692008972168,1131.0052490234375,0.7611474562358357
1024,20.31333351135254,79.04083251953125,0.7471274809219943,1109.52880859375,0.2045557051897049,1109.52880859375,0.7471274809219943
1025,20.823749542236328,78.80208587646484,0.7372572995971922,1135.51953125,0.18489733338356018,1135.51953125,0.7372572995971922
1026,20.42791748046875,78.53458404541016,0.756472740148433,1116.2037353515625,0.2066311538219452,1116.2037353515625,0.756472740148433
1027,20.466665267944336,80.05583190917969,0.7891740819247108,1140.6055908203125,0.20050424337387085,1140.6055908203125,0.7891740819247108
1028,20.45374870300293,80.01625061035156,0.7410389169014981,1134.179443359375,0.2039376050233841,1134.179443359375,0.7410389169014981
1029,20.66583251953125,81.46333312988281,0.8032184801022229,1136.047119140625,0.18622258305549622,1136.047119140625,0.8032184801022229
1030,20.326250076293945,82.15416717529297,0.7409015996743922,1129.0667724609375,0.2213037610054016,1129.0667724609375,0.7409015996743922
1031,20.713333129882812,80.35291290283203,0.78065137341706,1158.5697021484375,0.21387816965579987,1158.5697021484375,0.78065137341706
1032,20.343334197998047,80.52625274658203,0.7412718912191931,1141.338134765625,0.18307709693908691,1141.338134765625,0.7412718912191931
1033,20.290834426879883,80.81208801269531,0.7482588311499925,1132.2330322265625,0.2022058218717575,1132.2330322265625,0.7482588311499925
1034,20.595001220703125,79.25875091552734,0.7808280412945516,1145.0526123046875,0.21094466745853424,1145.0526123046875,0.7808280412945516
1035,20.498332977294922,80.54249572753906,0.7424574860935468,1131.5902099609375,0.18861863017082214,1131.5902099609375,0.7424574860935468
1036,20.347917556762695,80.56416320800781,0.7741576133120665,1145.7239990234375,0.1918969750404358,1145.7239990234375,0.7741576133120665
1037,20.450416564941406,80.54374694824219,0.7768405046039608,1152.217041015625,0.18408936262130737,1152.217041015625,0.7768405046039608
1038,20.369165420532227,81.32291412353516,0.7780980759937075,1107.456298828125,0.1954817771911621,1107.456298828125,0.7780980759937075
1039,20.415000915527344,80.73999786376953,0.7461162188618993,1116.45361328125,0.19186890125274658,1116.45361328125,0.7461162188618993
1040,20.415416717529297,79.92208862304688,0.7600501563130437,1103.29248046875,0.21790732443332672,1103.29248046875,0.7600501563130437
1041,20.552499771118164,80.54750061035156,0.7637110654454675,1121.07470703125,0.19555795192718506,1121.07470703125,0.7637110654454675
1042,20.699167251586914,79.0737533569336,0.7420788053215279,1149.1168212890625,0.20764783024787903,1149.1168212890625,0.7420788053215279
1043,20.542499542236328,79.21458435058594,0.7729942260804903,1134.13671875,0.19005857408046722,1134.13671875,0.7729942260804903
1044,20.526248931884766,79.59333038330078,0.7716141206125017,1150.0670166015625,0.21330004930496216,1150.0670166015625,0.7716141206125017
1045,20.422916412353516,80.04792022705078,0.7606703700988533,1134.63525390625,0.20403751730918884,1134.63525390625,0.7606703700988533
1046,20.58625030517578,79.97166442871094,0.7429939489780156,1141.9310302734375,0.20225784182548523,1141.9310302734375,0.7429939489780156
1047,20.427499771118164,80.89167022705078,0.763022235274021,1135.7655029296875,0.18973462283611298,1135.7655029296875,0.763022235274021
1048,20.43541717529297,80.58416748046875,0.7646368948771984,1138.0205078125,0.20011380314826965,1138.0205078125,0.7646368948771984
1049,20.475418090820312,78.9991683959961,0.7264898496158839,1115.35107421875,0.19397996366024017,1115.35107421875,0.7264898496158839
1050,20.373334884643555,80.61708068847656,0.7780458999377129,1158.5318603515625,0.18013210594654083,1158.5318603515625,0.7780458999377129
1051,20.53499984741211,79.38707733154297,0.7729477127101303,1130.300537109375,0.2205653190612793,1130.300537109375,0.7729477127101303
1052,20.546249389648438,79.48333740234375,0.7595605286894188,1129.9615478515625,0.18024218082427979,1129.9615478515625,0.7595605286894188
1053,20.37125015258789,79.96666717529297,0.7137160129077064,1122.18505859375,0.1912388652563095,1122.18505859375,0.7137160129077064
1054,20.71791648864746,79.83541870117188,0.7659661355214902,1141.2608642578125,0.15291431546211243,1141.2608642578125,0.7659661355214902
1055,20.513750076293945,80.65750122070312,0.7502647703826393,1131.5185546875,0.19306445121765137,1131.5185546875,0.7502647703826393
1056,20.53041648864746,79.90249633789062,0.7785797583141922,1162.9322509765625,0.2076762169599533,1162.9322509765625,0.7785797583141922
1057,20.661666870117188,79.36000061035156,0.7490096704843808,1129.841064453125,0.2069365233182907,1129.841064453125,0.7490096704843808
1058,20.730417251586914,79.50875091552734,0.7587179144707974,1140.0177001953125,0.20814843475818634,1140.0177001953125,0.7587179144707974
1059,20.424999237060547,80.2750015258789,0.7498809541705894,1140.509765625,0.2073259949684143,1140.509765625,0.7498809541705894
1060,20.751667022705078,79.83541870117188,0.762012262372404,1142.7520751953125,0.23200196027755737,1142.7520751953125,0.762012262372404
1061,20.460416793823242,79.78666687011719,0.7341104586776558,1167.9072265625,0.1817096471786499,1167.9072265625,0.7341104586776558
1062,20.447500228881836,79.80874633789062,0.7553344928155277,1146.421630859375,0.19995585083961487,1146.421630859375,0.7553344928155277
1063,20.218334197998047,79.0374984741211,0.7204094488961209,1142.736328125,0.2121003121137619,1142.736328125,0.7204094488961209
1064,20.64000129699707,79.07707977294922,0.7663078319806786,1136.3951416015625,0.2194094955921173,1136.3951416015625,0.7663078319806786
1065,20.369583129882812,80.88082885742188,0.792445593327582,1163.07958984375,0.18243762850761414,1163.07958984375,0.792445593327582
1066,20.68833351135254,79.68083953857422,0.720878498172609,1129.5509033203125,0.1958921253681183,1129.5509033203125,0.720878498172609
1067,20.61833381652832,80.13874816894531,0.7461486839600682,1140.2996826171875,0.20296260714530945,1140.2996826171875,0.7461486839600682
1068,20.440000534057617,80.80000305175781,0.7480338352069424,1139.6705322265625,0.20974567532539368,1139.6705322265625,0.7480338352069424
1069,20.43958282470703,80.14500427246094,0.7483656740063291,1151.4146728515625,0.18756833672523499,1151.4146728515625,0.7483656740063291
1070,20.40916633605957,79.91792297363281,0.7526668840677923,1138.3013916015625,0.20388150215148926,1138.3013916015625,0.7526668840677923
1071,20.601665496826172,80.40750122070312,0.7350404943738349,1168.0224609375,0.198268324136734,1168.0224609375,0.7350404943738349
1072,20.726667404174805,80.98333740234375,0.7241762200793431,1137.1251220703125,0.2034427970647812,1137.1251220703125,0.7241762200793431
1073,20.396665573120117,80.32083129882812,0.7406041985926336,1152.66845703125,0.20590367913246155,1152.66845703125,0.7406041985926336
1074,20.48208236694336,80.50041961669922,0.7284543064983399,1125.687255859375,0.19353555142879486,1125.687255859375,0.7284543064983399
1075,20.724166870117188,80.51499938964844,0.757114520487727,1133.4991455078125,0.19075895845890045,1133.4991455078125,0.757114520487727
1076,20.49916648864746,80.41083526611328,0.7465011542788993,1130.2783203125,0.19750431180000305,1130.2783203125,0.7465011542788993
1077,20.294166564941406,80.42749786376953,0.7378088346299432,1164.9337158203125,0.2087235301733017,1164.9337158203125,0.7378088346299432
1078,20.556665420532227,80.36416625976562,0.7255078946863849,1157.5809326171875,0.19343045353889465,1157.5809326171875,0.7255078946863849
1079,20.97916603088379,82.70875549316406,0.7594252270016323,1160.4544677734375,0.1785285472869873,1160.4544677734375,0.7594252270016323
1080,20.514583587646484,81.35958099365234,0.7506720223545388,1151.416748046875,0.18624907732009888,1151.416748046875,0.7506720223545388
1081,20.396665573120117,81.1624984741211,0.7778997009620641,1167.4940185546875,0.21244023740291595,1167.4940185546875,0.7778997009620641
1082,20.556665420532227,81.07875061035156,0.7786603776215613,1165.839111328125,0.225856751203537,1165.839111328125,0.7786603776215613
1083,20.665000915527344,80.33208465576172,0.7524777594686287,1182.4141845703125,0.19420859217643738,1182.4141845703125,0.7524777594686287
1084,20.872501373291016,79.6675033569336,0.7341852669381286,1120.8516845703125,0.21418510377407074,1120.8516845703125,0.7341852669381286
1085,20.701250076293945,80.41083526611328,0.743593606995538,1157.8680419921875,0.197626531124115,1157.8680419921875,0.743593606995538
1086,20.870832443237305,81.4433364868164,0.7518071940280304,1144.59423828125,0.2159571498632431,1144.59423828125,0.7518071940280304
1087,20.929166793823242,80.61917114257812,0.7303290765701489,1138.29345703125,0.19001199305057526,1138.29345703125,0.7303290765701489
1088,20.84375,81.09375,0.7483973047690071,1134.8575439453125,0.19538158178329468,1134.8575439453125,0.7483973047690071
1089,20.94416618347168,80.76625061035156,0.7817792962429586,1134.20556640625,0.20230861008167267,1134.20556640625,0.7817792962429586
1090,20.802499771118164,81.4949951171875,0.7680802546133461,1141.3006591796875,0.20893147587776184,1141.3006591796875,0.7680802546133461
1091,20.351665496826172,81.4870834350586,0.7384573407803148,1130.4815673828125,0.181551992893219,1130.4815673828125,0.7384573407803148
1092,20.880001068115234,80.79291534423828,0.7764192643782789,1128.8817138671875,0.1649971753358841,1128.8817138671875,0.7764192643782789
1093,20.68833351135254,81.01124572753906,0.7798960689763949,1144.1453857421875,0.19699588418006897,1144.1453857421875,0.7798960689763949
1094,21.094999313354492,81.09249877929688,0.7777212044235872,1174.873779296875,0.17545141279697418,1174.873779296875,0.7777212044235872
1095,20.230417251586914,82.91000366210938,0.7377933418188358,1153.2186279296875,0.21063534915447235,1153.2186279296875,0.7377933418188358
1096,20.77250099182129,81.6120834350586,0.7420853740836422,1141.9403076171875,0.19535638391971588,1141.9403076171875,0.7420853740836422
1097,20.90166664123535,80.65208435058594,0.7646082575765961,1140.9356689453125,0.19069652259349823,1140.9356689453125,0.7646082575765961
1098,20.799583435058594,81.26541137695312,0.7462691316096223,1147.924560546875,0.1991303563117981,1147.924560546875,0.7462691316096223
1099,20.393333435058594,82.11000061035156,0.7552359552380606,1127.0360107421875,0.2018846869468689,1127.0360107421875,0.7552359552380606
1100,20.88250160217285,82.03125,0.7866659219915222,1147.1915283203125,0.1832394003868103,1147.1915283203125,0.7866659219915222
1101,21.169584274291992,79.6745834350586,0.7694620104363619,1159.1685791015625,0.203095480799675,1159.1685791015625,0.7694620104363619
1102,20.74416732788086,80.64666748046875,0.7747016526753843,1120.2144775390625,0.2027975171804428,1120.2144775390625,0.7747016526753843
1103,20.55500030517578,81.50625610351562,0.7257629977484101,1149.098876953125,0.19882084429264069,1149.098876953125,0.7257629977484101
1104,20.6612491607666,80.95957946777344,0.7620362452659473,1118.568359375,0.17714257538318634,1118.568359375,0.7620362452659473
1105,20.575416564941406,81.34333801269531,0.7867275027782585,1155.9842529296875,0.178884357213974,1155.9842529296875,0.7867275027782585
1106,20.748748779296875,81.37208557128906,0.7482034085994,1121.39208984375,0.19082105159759521,1121.39208984375,0.7482034085994
1107,20.9112491607666,80.8862533569336,0.7797826405397096,1150.2137451171875,0.19583557546138763,1150.2137451171875,0.7797826405397096
1108,20.61750030517578,81.3933334350586,0.7406960727107816,1128.111572265625,0.1931791603565216,1128.111572265625,0.7406960727107816
1109,21.043333053588867,81.32583618164062,0.7724156918936262,1161.1978759765625,0.1803790181875229,1161.1978759765625,0.7724156918936262
1110,20.72916603088379,82.01374816894531,0.7730996874014637,1145.826171875,0.1687193363904953,1145.826171875,0.7730996874014637
1111,21.010000228881836,81.08708190917969,0.7990158886465439,1170.3157958984375,0.17907842993736267,1170.3157958984375,0.7990158886465439
1112,20.74708366394043,80.8133316040039,0.8029844737310756,1165.4346923828125,0.18501253426074982,1165.4346923828125,0.8029844737310756
1113,20.827083587646484,81.31625366210938,0.7757307162128364,1158.7362060546875,0.2031937837600708,1158.7362060546875,0.7757307162128364
1114,20.789167404174805,81.43624877929688,0.7938532014362105,1148.3497314453125,0.20555689930915833,1148.3497314453125,0.7938532014362105
1115,20.791250228881836,81.94499969482422,0.7810035853965613,1158.3333740234375,0.1862403303384781,1158.3333740234375,0.7810035853965613
1116,20.959583282470703,81.56082916259766,0.7731408592691219,1126.2645263671875,0.19075609743595123,1126.2645263671875,0.7731408592691219
1117,20.463333129882812,81.54291534423828,0.775560774413237,1128.0546875,0.19640785455703735,1128.0546875,0.775560774413237
1118,20.707082748413086,81.07208251953125,0.7693294980415781,1162.2640380859375,0.20113173127174377,1162.2640380859375,0.7693294980415781
1119,20.414583206176758,82.0929183959961,0.7817406972695893,1147.81103515625,0.19137266278266907,1147.81103515625,0.7817406972695893
1120,19.949167251586914,80.85749816894531,0.7591076018914771,1151.4986572265625,0.1779034286737442,1151.4986572265625,0.7591076018914771
1121,20.674583435058594,81.62208557128906,0.7711695258992531,1122.8660888671875,0.1839848905801773,1122.8660888671875,0.7711695258992531
1122,20.261249542236328,81.59750366210938,0.7585578351574433,1148.1378173828125,0.19157779216766357,1148.1378173828125,0.7585578351574433
1123,20.318334579467773,82.2249984741211,0.7826082994937065,1149.8900146484375,0.19834046065807343,1149.8900146484375,0.7826082994937065
1124,20.546667098999023,80.50249481201172,0.7847306347925338,1155.5050048828125,0.19838516414165497,1155.5050048828125,0.7847306347925338
1125,20.314165115356445,81.4766616821289,0.7431512835870937,1139.1597900390625,0.18728961050510406,1139.1597900390625,0.7431512835870937
1126,20.436248779296875,81.14583587646484,0.799144725477551,1146.1322021484375,0.1808800995349884,1146.1322021484375,0.799144725477551
1127,20.44499969482422,81.15750122070312,0.804260074767085,1170.9779052734375,0.17790555953979492,1170.9779052734375,0.804260074767085
1128,20.55291748046875,81.08374786376953,0.7635223728393453,1122.9395751953125,0.18830882012844086,1122.9395751953125,0.7635223728393453
1129,20.759166717529297,80.80957794189453,0.7508941005141536,1137.89111328125,0.20195259153842926,1137.89111328125,0.7508941005141536
1130,20.840415954589844,81.53083038330078,0.7587537840444945,1142.651123046875,0.17997394502162933,1142.651123046875,0.7587537840444945
1131,20.59083366394043,80.91083526611328,0.7960487681438223,1161.8626708984375,0.18344004452228546,1161.8626708984375,0.7960487681438223
1132,20.837501525878906,80.74874877929688,0.7593334721485516,1137.6573486328125,0.1756799966096878,1137.6573486328125,0.7593334721485516
1133,20.389999389648438,80.18917083740234,0.7451873358247971,1126.264404296875,0.19447936117649078,1126.264404296875,0.7451873358247971
1134,20.796667098999023,82.632080078125,0.7719754238039008,1158.4085693359375,0.19185395538806915,1158.4085693359375,0.7719754238039008
1135,20.749584197998047,80.71875,0.7749528328915286,1148.3529052734375,0.1866450160741806,1148.3529052734375,0.7749528328915286
1136,20.765417098999023,80.81375122070312,0.7890798413827987,1156.4287109375,0.1790243685245514,1156.4287109375,0.7890798413827987
1137,20.730833053588867,80.95916748046875,0.7790066016917829,1141.085693359375,0.18234042823314667,1141.085693359375,0.7790066016917829
1138,20.604583740234375,80.46125030517578,0.7625704460110332,1125.8251953125,0.19901596009731293,1125.8251953125,0.7625704460110332
1139,20.674583435058594,81.45166778564453,0.7584895046010539,1140.51708984375,0.18576295673847198,1140.51708984375,0.7584895046010539
1140,20.967082977294922,81.61333465576172,0.7812026132593219,1154.755126953125,0.174643874168396,1154.755126953125,0.7812026132593219
1141,21.048749923706055,81.12249755859375,0.8053032277026904,1163.2205810546875,0.164260596036911,1163.2205810546875,0.8053032277026904
1142,20.56833267211914,81.61083221435547,0.7886960488401581,1172.6541748046875,0.18502168357372284,1172.6541748046875,0.7886960488401581
1143,20.975000381469727,80.93416595458984,0.7705125425004204,1170.889404296875,0.18356506526470184,1170.889404296875,0.7705125425004204
1144,20.455833435058594,81.07416534423828,0.8009695293278378,1163.81884765625,0.19143512845039368,1163.81884765625,0.8009695293278378
1145,20.7450008392334,81.13541412353516,0.7585276372697399,1157.528076171875,0.18729202449321747,1157.528076171875,0.7585276372697399
1146,20.890832901000977,81.4879150390625,0.8166409438974728,1170.376953125,0.17200994491577148,1170.376953125,0.8166409438974728
1147,20.62958335876465,80.95375061035156,0.771204066164212,1145.240478515625,0.17503313720226288,1145.240478515625,0.771204066164212
1148,20.454999923706055,81.62208557128906,0.7713705625040995,1159.96142578125,0.1731526404619217,1159.96142578125,0.7713705625040995
1149,20.746665954589844,80.58917236328125,0.7673007583926648,1135.82666015625,0.20747458934783936,1135.82666015625,0.7673007583926648
1150,20.456249237060547,82.15083312988281,0.7816765612197887,1182.5078125,0.17645767331123352,1182.5078125,0.7816765612197887
1151,20.640832901000977,82.25833129882812,0.796895811370947,1152.64599609375,0.18605002760887146,1152.64599609375,0.796895811370947
1152,20.79166603088379,81.57666778564453,0.8180409362688222,1179.0069580078125,0.20444737374782562,1179.0069580078125,0.8180409362688222
1153,20.718332290649414,81.31333923339844,0.7899173367227624,1143.888671875,0.18877629935741425,1143.888671875,0.7899173367227624
1154,20.632917404174805,81.07583618164062,0.7783240754848975,1153.25146484375,0.17097638547420502,1153.25146484375,0.7783240754848975
1155,20.96208381652832,81.649169921875,0.7542021534479412,1155.18359375,0.20987853407859802,1155.18359375,0.7542021534479412
1156,20.9516658782959,81.8566665649414,0.7772022207503838,1153.59130859375,0.16461344063282013,1153.59130859375,0.7772022207503838
1157,20.75749969482422,82.9183349609375,0.7565737708084203,1159.035888671875,0.17762568593025208,1159.035888671875,0.7565737708084203
1158,20.92416763305664,82.58625030517578,0.7942666674477749,1163.7564697265625,0.1739993393421173,1163.7564697265625,0.7942666674477749
1159,21.17333221435547,82.08000183105469,0.7755362141575836,1138.340576171875,0.17138533294200897,1138.340576171875,0.7755362141575836
1160,20.835416793823242,81.05500030517578,0.7321744053075259,1134.1243896484375,0.18221814930438995,1134.1243896484375,0.7321744053075259
1161,20.824583053588867,81.97333526611328,0.7677504003162128,1143.14013671875,0.16728079319000244,1143.14013671875,0.7677504003162128
1162,21.168333053588867,82.0808334350586,0.7532671642617926,1179.4937744140625,0.16291889548301697,1179.4937744140625,0.7532671642617926
1163,21.077499389648438,81.79083251953125,0.788132730620732,1173.7442626953125,0.15765105187892914,1173.7442626953125,0.788132730620732
1164,20.741249084472656,81.45291900634766,0.7751717254909742,1139.040771484375,0.17537443339824677,1139.040771484375,0.7751717254909742
1165,20.825000762939453,80.41541290283203,0.752511345020506,1158.0909423828125,0.16265270113945007,1158.0909423828125,0.752511345020506
1166,20.95916748046875,81.18958282470703,0.7616239987456552,1179.43017578125,0.1777273565530777,1179.43017578125,0.7616239987456552
1167,20.65708351135254,81.34041595458984,0.7768189491043844,1135.934326171875,0.16484542191028595,1135.934326171875,0.7768189491043844
1168,20.84166717529297,81.21041870117188,0.7740116915408867,1151.887939453125,0.1729370802640915,1151.887939453125,0.7740116915408867
1169,21.03041648864746,80.44833374023438,0.7972440292865294,1146.693603515625,0.1715686023235321,1146.693603515625,0.7972440292865294
1170,20.72458267211914,81.0616683959961,0.7834151779121648,1149.994873046875,0.19033028185367584,1149.994873046875,0.7834151779121648
1171,20.44041633605957,80.8308334350586,0.7420703318620432,1146.45068359375,0.18612051010131836,1146.45068359375,0.7420703318620432
1172,20.588748931884766,80.17666625976562,0.7349120986644726,1140.12548828125,0.2025344967842102,1140.12548828125,0.7349120986644726
1173,20.831666946411133,80.16999816894531,0.7768509864886245,1143.984375,0.17189207673072815,1143.984375,0.7768509864886245
1174,20.81458282470703,80.55750274658203,0.7963964200764356,1162.998779296875,0.18333499133586884,1162.998779296875,0.7963964200764356
1175,20.434165954589844,80.91999816894531,0.7574077301165161,1131.9599609375,0.1707579344511032,1131.9599609375,0.7574077301165161
1176,20.56166648864746,80.2370834350586,0.7424200268711533,1153.3782958984375,0.16490118205547333,1153.3782958984375,0.7424200268711533
1177,20.78333282470703,78.99749755859375,0.7929324210314418,1165.5057373046875,0.17989854514598846,1165.5057373046875,0.7929324210314418
1178,20.680831909179688,79.56999969482422,0.7550628642214272,1145.1695556640625,0.210396409034729,1145.1695556640625,0.7550628642214272
1179,20.769166946411133,80.38666534423828,0.765939246585328,1174.2247314453125,0.17893919348716736,1174.2247314453125,0.765939246585328
1180,20.372499465942383,79.65625,0.7627012626405423,1153.3597412109375,0.19052131474018097,1153.3597412109375,0.7627012626405423
1181,20.919584274291992,79.89624786376953,0.7845691593417412,1154.19287109375,0.17157427966594696,1154.19287109375,0.7845691593417412
1182,20.710832595825195,79.41291809082031,0.7636921723133778,1123.79248046875,0.18750818073749542,1123.79248046875,0.7636921723133778
1183,21.07291603088379,78.98958587646484,0.809196549772448,1168.949462890625,0.17569570243358612,1168.949462890625,0.809196549772448
1184,20.72249984741211,79.86458587646484,0.69350848481177,1128.9844970703125,0.1636742651462555,1128.9844970703125,0.69350848481177
1185,20.77750015258789,80.32749938964844,0.7636082782605379,1154.9503173828125,0.1719980388879776,1154.9503173828125,0.7636082782605379
1186,20.97624969482422,79.33291625976562,0.7819442728281443,1138.9630126953125,0.1967986673116684,1138.9630126953125,0.7819442728281443
1187,20.729583740234375,79.4749984741211,0.7617759597319358,1150.51708984375,0.17580628395080566,1150.51708984375,0.7617759597319358
1188,20.722084045410156,80.41666412353516,0.7808939356858493,1133.6787109375,0.17668800055980682,1133.6787109375,0.7808939356858493
1189,21.157499313354492,79.65291595458984,0.7409993274173563,1138.014404296875,0.1677263230085373,1138.014404296875,0.7409993274173563
1190,21.147916793823242,80.09416198730469,0.7723426776138202,1149.696533203125,0.1861906498670578,1149.696533203125,0.7723426776138202
1191,21.018333435058594,79.9679183959961,0.7833777819562023,1163.6925048828125,0.17092615365982056,1163.6925048828125,0.7833777819562023
1192,20.61750030517578,80.06041717529297,0.7824729613063015,1138.5498046875,0.16152742505073547,1138.5498046875,0.7824729613063015
1193,20.978750228881836,79.5,0.7327762914206799,1178.0328369140625,0.17078015208244324,1178.0328369140625,0.7327762914206799
1194,21.05958366394043,79.62291717529297,0.7951439406692101,1147.8382568359375,0.15453025698661804,1147.8382568359375,0.7951439406692101
1195,20.855417251586914,80.87708282470703,0.7679756604373345,1163.737060546875,0.19837667047977448,1163.737060546875,0.7679756604373345
1196,21.18083381652832,78.9679183959961,0.7923339828688757,1163.5343017578125,0.17340509593486786,1163.5343017578125,0.7923339828688757
1197,21.048749923706055,80.52416229248047,0.7934735297525067,1149.0047607421875,0.16684655845165253,1149.0047607421875,0.7934735297525067
1198,20.95708465576172,80.00333404541016,0.7484361771067497,1131.749267578125,0.16467469930648804,1131.749267578125,0.7484361771067497
1199,21.14458465576172,78.90166473388672,0.8015578493607202,1172.910888671875,0.16887444257736206,1172.910888671875,0.8015578493607202
1200,21.127500534057617,79.60124969482422,0.7578612132227045,1162.829833984375,0.17320691049098969,1162.829833984375,0.7578612132227045
1201,21.02916717529297,78.38999938964844,0.7409436135436336,1160.3984375,0.16517429053783417,1160.3984375,0.7409436135436336
1202,20.844165802001953,80.13500213623047,0.75303133584668,1125.10888671875,0.16055908799171448,1125.10888671875,0.75303133584668
1203,21.272499084472656,79.85375213623047,0.7566014239583119,1136.765869140625,0.16585685312747955,1136.765869140625,0.7566014239583119
1204,21.062084197998047,78.86624908447266,0.7726615998596997,1141.726806640625,0.17965254187583923,1141.726806640625,0.7726615998596997
1205,20.84000015258789,79.39624786376953,0.7484445825376262,1143.7147216796875,0.1696421355009079,1143.7147216796875,0.7484445825376262
1206,21.089584350585938,79.02083587646484,0.7383540632614378,1136.3724365234375,0.17289187014102936,1136.3724365234375,0.7383540632614378
1207,20.94499969482422,80.10375213623047,0.7671566012083622,1153.4146728515625,0.16055169701576233,1153.4146728515625,0.7671566012083622
1208,21.137916564941406,79.54666900634766,0.7555473864461216,1145.9422607421875,0.1843544989824295,1145.9422607421875,0.7555473864461216
1209,21.024166107177734,79.61582946777344,0.7468838651268106,1139.5084228515625,0.1650036722421646,1139.5084228515625,0.7468838651268106
1210,21.242084503173828,78.93208312988281,0.7752008659030238,1136.594482421875,0.18079888820648193,1136.594482421875,0.7752008659030238
1211,20.733333587646484,80.58958435058594,0.7539837115645405,1142.9482421875,0.16492295265197754,1142.9482421875,0.7539837115645405
1212,21.279582977294922,79.2125015258789,0.7673254626585132,1157.54150390625,0.1652505099773407,1157.54150390625,0.7673254626585132
1213,21.20166778564453,79.1875,0.7843245159089196,1134.4061279296875,0.1635531783103943,1134.4061279296875,0.7843245159089196
1214,20.909584045410156,79.8499984741211,0.7740617582641742,1144.00244140625,0.17287561297416687,1144.00244140625,0.7740617582641742
1215,20.892915725708008,78.91083526611328,0.7683460440267572,1142.7947998046875,0.18694882094860077,1142.7947998046875,0.7683460440267572
1216,20.64124870300293,79.39541625976562,0.7234171744932048,1156.2469482421875,0.1715407371520996,1156.2469482421875,0.7234171744932048
1217,20.717500686645508,78.6812515258789,0.785303937389927,1145.485107421875,0.15095928311347961,1145.485107421875,0.785303937389927
1218,20.842500686645508,78.67874908447266,0.7351892537272151,1156.30615234375,0.16025342047214508,1156.30615234375,0.7351892537272151
1219,21.12791633605957,79.50749969482422,0.78770826171766,1137.37255859375,0.17379111051559448,1137.37255859375,0.78770826171766
1220,20.637083053588867,80.07416534423828,0.776796261192188,1134.407470703125,0.16209933161735535,1134.407470703125,0.776796261192188
1221,20.91791534423828,79.77874755859375,0.7502019167901757,1143.8065185546875,0.1419822871685028,1143.8065185546875,0.7502019167901757
1222,20.991249084472656,79.31041717529297,0.7650378695508586,1146.2032470703125,0.16873875260353088,1146.2032470703125,0.7650378695508586
1223,21.049583435058594,79.0754165649414,0.779065787160766,1168.4144287109375,0.15910214185714722,1168.4144287109375,0.779065787160766
1224,20.996665954589844,79.31291198730469,0.7830180718612503,1129.3782958984375,0.14498849213123322,1129.3782958984375,0.7830180718612503
1225,21.205415725708008,78.26166534423828,0.7803597935293576,1135.8555908203125,0.1676962524652481,1135.8555908203125,0.7803597935293576
1226,20.998750686645508,79.38375091552734,0.7427182684464873,1152.5057373046875,0.1720079928636551,1152.5057373046875,0.7427182684464873
1227,21.5049991607666,78.43875122070312,0.7666633035571833,1154.7987060546875,0.14212550222873688,1154.7987060546875,0.7666633035571833
1228,21.248332977294922,78.81958770751953,0.7429100417386507,1140.2630615234375,0.180502250790596,1140.2630615234375,0.7429100417386507
1229,21.221250534057617,79.77083587646484,0.7804304075512001,1149.53173828125,0.1587672382593155,1149.53173828125,0.7804304075512001
1230,21.173749923706055,77.67500305175781,0.7297173295417484,1129.8673095703125,0.15182964503765106,1129.8673095703125,0.7297173295417484
1231,21.058332443237305,79.49166870117188,0.7886862232024168,1164.470703125,0.15911360085010529,1164.470703125,0.7886862232024168
1232,20.88833236694336,78.77041625976562,0.7503702983903724,1120.249267578125,0.16178426146507263,1120.249267578125,0.7503702983903724
1233,20.953750610351562,78.26958465576172,0.7316445621295417,1126.1544189453125,0.15558983385562897,1126.1544189453125,0.7316445621295417
1234,20.97249984741211,79.00917053222656,0.7529863794922695,1151.844482421875,0.16366130113601685,1151.844482421875,0.7529863794922695
1235,21.008333206176758,78.07457733154297,0.7559893396734986,1145.1474609375,0.16333602368831635,1145.1474609375,0.7559893396734986
1236,20.79833221435547,78.4679183959961,0.7764892859707723,1146.3680419921875,0.17722885310649872,1146.3680419921875,0.7764892859707723
1237,21.037084579467773,79.15166473388672,0.7408122979884002,1141.5125732421875,0.16050705313682556,1141.5125732421875,0.7408122979884002
1238,21.02833366394043,78.5808334350586,0.7620207160124187,1105.6925048828125,0.15997906029224396,1105.6925048828125,0.7620207160124187
1239,20.830833435058594,79.12999725341797,0.7419879655580953,1129.6610107421875,0.15184101462364197,1129.6610107421875,0.7419879655580953
1240,21.03583335876465,79.05374908447266,0.7742536054689152,1155.819091796875,0.17409484088420868,1155.819091796875,0.7742536054689152
1241,21.220417022705078,78.68458557128906,0.7285894455997729,1131.3787841796875,0.16831929981708527,1131.3787841796875,0.7285894455997729
1242,20.951250076293945,79.17707824707031,0.7692087133072045,1137.2672119140625,0.15020719170570374,1137.2672119140625,0.7692087133072045
1243,21.153749465942383,78.15250396728516,0.7457449922578088,1147.56884765625,0.1442936807870865,1147.56884765625,0.7457449922578088
1244,20.920000076293945,79.1433334350586,0.7763770693914145,1160.634765625,0.15066415071487427,1160.634765625,0.7763770693914145
1245,20.976667404174805,79.37750244140625,0.751418001628719,1153.0799560546875,0.15081749856472015,1153.0799560546875,0.751418001628719
1246,21.03791618347168,79.31541442871094,0.7191444344741804,1120.580322265625,0.15909932553768158,1120.580322265625,0.7191444344741804
1247,21.232084274291992,79.92707824707031,0.7804693908538163,1162.824462890625,0.13068683445453644,1162.824462890625,0.7804693908538163
1248,20.468334197998047,79.43250274658203,0.7436301612835496,1137.1060791015625,0.148578479886055,1137.1060791015625,0.7436301612835496
1249,20.558334350585938,78.34791564941406,0.7683466899783896,1108.04150390625,0.15405087172985077,1108.04150390625,0.7683466899783896
1250,20.734167098999023,78.59416961669922,0.7476319073602271,1154.491943359375,0.156097874045372,1154.491943359375,0.7476319073602271
1251,20.84291648864746,78.975830078125,0.7761216058379079,1137.7557373046875,0.14279985427856445,1137.7557373046875,0.7761216058379079
1252,20.80958366394043,79.49707794189453,0.7545183469531138,1113.749267578125,0.17887559533119202,1113.749267578125,0.7545183469531138
1253,20.93666648864746,79.7129135131836,0.719314042911642,1120.1805419921875,0.1681334227323532,1120.1805419921875,0.719314042911642
1254,20.81833267211914,79.12041473388672,0.7763115792565997,1159.43310546875,0.15143287181854248,1159.43310546875,0.7763115792565997
1255,20.824583053588867,79.1933364868164,0.7585365236120984,1117.4373779296875,0.1503044068813324,1117.4373779296875,0.7585365236120984
1256,20.87125015258789,79.57250213623047,0.7681466432036321,1135.1951904296875,0.16153080761432648,1135.1951904296875,0.7681466432036321
1257,20.844165802001953,79.46541595458984,0.7631671602633492,1125.90185546875,0.15509581565856934,1125.90185546875,0.7631671602633492
1258,21.069583892822266,79.63249969482422,0.7499890550111362,1158.6285400390625,0.1548139452934265,1158.6285400390625,0.7499890550111362
1259,20.838748931884766,79.10916900634766,0.7569549702001258,1146.7288818359375,0.15669050812721252,1146.7288818359375,0.7569549702001258
1260,20.685832977294922,79.02791595458984,0.759609889172241,1134.821044921875,0.15689189732074738,1134.821044921875,0.759609889172241
1261,20.684165954589844,80.52583312988281,0.7342237888899477,1126.54150390625,0.15154123306274414,1126.54150390625,0.7342237888899477
1262,20.864999771118164,80.66083526611328,0.7742883008535741,1143.32080078125,0.1533738672733307,1143.32080078125,0.7742883008535741
1263,20.97833251953125,80.40999603271484,0.7711468458447274,1147.1334228515625,0.142521470785141,1147.1334228515625,0.7711468458447274
1264,20.97333335876465,78.82250213623047,0.7700330369520054,1138.694580078125,0.15215063095092773,1138.694580078125,0.7700330369520054
1265,20.733749389648438,79.27583312988281,0.7541006655500844,1143.33740234375,0.16533401608467102,1143.33740234375,0.7541006655500844
1266,20.83916664123535,79.98291778564453,0.768035816370121,1130.47314453125,0.15654374659061432,1130.47314453125,0.768035816370121
1267,20.70083236694336,80.04375457763672,0.7977390230618079,1150.8988037109375,0.13288162648677826,1150.8988037109375,0.7977390230618079
1268,21.162084579467773,78.92666625976562,0.7968318771159861,1123.316650390625,0.15456156432628632,1123.316650390625,0.7968318771159861
1269,20.575416564941406,78.61333465576172,0.804803506662865,1146.5384521484375,0.16052162647247314,1146.5384521484375,0.804803506662865
1270,20.62958335876465,80.1937484741211,0.7500936963948412,1143.486572265625,0.15452779829502106,1143.486572265625,0.7500936963948412
1271,21.09083366394043,78.53125,0.8023159124823092,1145.6534423828125,0.17263855040073395,1145.6534423828125,0.8023159124823092
1272,21.182498931884766,78.40291595458984,0.7926475813904633,1114.1612548828125,0.14036932587623596,1114.1612548828125,0.7926475813904633
1273,20.739166259765625,79.16625213623047,0.7739752507166111,1131.7237548828125,0.14378294348716736,1131.7237548828125,0.7739752507166111
1274,20.81708335876465,79.7933349609375,0.7954333354714745,1118.474609375,0.1458771824836731,1118.474609375,0.7954333354714745
1275,20.922916412353516,80.33583068847656,0.736499251001032,1141.5316162109375,0.15122881531715393,1141.5316162109375,0.736499251001032
1276,21.139999389648438,79.5808334350586,0.7742531038757542,1133.209716796875,0.15547174215316772,1133.209716796875,0.7742531038757542
1277,21.123332977294922,78.97916412353516,0.757779397103524,1125.8653564453125,0.16112454235553741,1125.8653564453125,0.757779397103524
1278,21.34291648864746,79.72792053222656,0.7702883922940367,1180.1954345703125,0.1317288726568222,1180.1954345703125,0.7702883922940367
1279,20.949167251586914,79.90750122070312,0.7290501962546774,1123.81787109375,0.1853957176208496,1123.81787109375,0.7290501962546774
1280,20.924583435058594,78.78416442871094,0.7984828355277829,1144.7579345703125,0.14919792115688324,1144.7579345703125,0.7984828355277829
1281,21.1420841217041,80.5129165649414,0.766012352332184,1138.28125,0.17420074343681335,1138.28125,0.766012352332184
1282,21.10333251953125,79.25958251953125,0.7985093000156845,1141.403076171875,0.14809325337409973,1141.403076171875,0.7985093000156845
1283,21.189998626708984,79.16583251953125,0.7720181929584755,1146.629150390625,0.15077310800552368,1146.629150390625,0.7720181929584755
1284,21.02458381652832,80.08499908447266,0.7464321423932851,1159.3338623046875,0.1625676304101944,1159.3338623046875,0.7464321423932851
1285,20.725000381469727,78.64958190917969,0.7482770493435804,1137.19189453125,0.1453099101781845,1137.19189453125,0.7482770493435804
1286,20.761249542236328,79.45958709716797,0.743873233004194,1135.4124755859375,0.12209317088127136,1135.4124755859375,0.743873233004194
1287,20.474166870117188,79.07666778564453,0.7534030886768884,1145.0335693359375,0.13700290024280548,1145.0335693359375,0.7534030886768884
1288,20.805831909179688,79.18999481201172,0.7363176788998161,1148.9803466796875,0.15702711045742035,1148.9803466796875,0.7363176788998161
1289,20.92333221435547,79.70832824707031,0.7492546724673569,1132.4324951171875,0.1450720727443695,1132.4324951171875,0.7492546724673569
1290,20.83041763305664,80.22416687011719,0.7355368986788735,1145.802490234375,0.15869659185409546,1145.802490234375,0.7355368986788735
1291,21.030000686645508,78.67416381835938,0.7713322332798935,1141.1688232421875,0.14380034804344177,1141.1688232421875,0.7713322332798935
1292,21.353750228881836,79.13583374023438,0.7695227834782272,1165.080810546875,0.14796921610832214,1165.080810546875,0.7695227834782272
1293,21.2358341217041,80.03541564941406,0.7854906990943643,1147.206787109375,0.13848425447940826,1147.206787109375,0.7854906990943643
1294,21.194583892822266,79.06208038330078,0.7816536032963721,1163.2357177734375,0.15872417390346527,1163.2357177734375,0.7816536032963721
1295,21.40416717529297,79.69792175292969,0.8038438992958388,1120.6781005859375,0.1689080148935318,1120.6781005859375,0.8038438992958388
1296,21.29749870300293,80.30999755859375,0.7894977477407679,1126.2523193359375,0.16738885641098022,1126.2523193359375,0.7894977477407679
1297,21.444583892822266,78.9383316040039,0.7386238503466441,1153.2049560546875,0.16193747520446777,1153.2049560546875,0.7386238503466441
1298,21.46958351135254,79.86500549316406,0.7560535561256205,1161.8822021484375,0.14846131205558777,1161.8822021484375,0.7560535561256205
1299,21.156667709350586,80.11750030517578,0.7339439327914736,1126.7108154296875,0.16245117783546448,1126.7108154296875,0.7339439327914736
1300,21.35999870300293,79.06583404541016,0.7330248879342012,1140.006103515625,0.160297229886055,1140.006103515625,0.7330248879342012
1301,21.327917098999023,80.35541534423828,0.754143324315206,1147.7059326171875,0.1580132097005844,1147.7059326171875,0.754143324315206
1302,21.22166633605957,79.90541076660156,0.7892883296134019,1149.28515625,0.1484845131635666,1149.28515625,0.7892883296134019
1303,21.233749389648438,79.78874969482422,0.7530374272293288,1118.3623046875,0.15523259341716766,1118.3623046875,0.7530374272293288
1304,21.333749771118164,79.01333618164062,0.7903931210025641,1154.3739013671875,0.14775767922401428,1154.3739013671875,0.7903931210025641
1305,21.43958282470703,78.97166442871094,0.7635464063390671,1138.1004638671875,0.15997938811779022,1138.1004638671875,0.7635464063390671
1306,21.492082595825195,79.26083374023438,0.7965630333546001,1155.77685546875,0.1598168909549713,1155.77685546875,0.7965630333546001
1307,21.499582290649414,79.20124816894531,0.6964832333692155,1153.9356689453125,0.14441993832588196,1153.9356689453125,0.6964832333692155
1308,21.121667861938477,79.57124328613281,0.783194169131032,1134.5120849609375,0.1488143801689148,1134.5120849609375,0.783194169131032
1309,21.175416946411133,79.54166412353516,0.7268755122483601,1117.8668212890625,0.16052870452404022,1117.8668212890625,0.7268755122483601
1310,21.21791648864746,79.42916870117188,0.7633277421260981,1158.3551025390625,0.14217717945575714,1158.3551025390625,0.7633277421260981
1311,21.19416618347168,80.1933364868164,0.7425429161104151,1131.438232421875,0.1465819925069809,1131.438232421875,0.7425429161104151
1312,21.09583282470703,79.19874572753906,0.7382506803054003,1128.46484375,0.15569521486759186,1128.46484375,0.7382506803054003
1313,21.190834045410156,79.75166320800781,0.7570870040709932,1128.4390869140625,0.16323469579219818,1128.4390869140625,0.7570870040709932
1314,21.13166618347168,80.8499984741211,0.7741495152299347,1161.203125,0.13065922260284424,1161.203125,0.7741495152299347
1315,20.96958351135254,79.34249877929688,0.7571685910144226,1132.00244140625,0.15457315742969513,1132.00244140625,0.7571685910144226
1316,21.078750610351562,78.64791870117188,0.7671294519842209,1147.5386962890625,0.16749347746372223,1147.5386962890625,0.7671294519842209
1317,21.185832977294922,79.43917083740234,0.7755858718719192,1149.0631103515625,0.14142197370529175,1149.0631103515625,0.7755858718719192
1318,21.55791664123535,78.60749816894531,0.7565627755435349,1149.4234619140625,0.1555568128824234,1149.4234619140625,0.7565627755435349
1319,21.085416793823242,79.5491714477539,0.7557539878502111,1135.344970703125,0.1586800515651703,1135.344970703125,0.7557539878502111
1320,21.165416717529297,78.3941650390625,0.7721228717530356,1131.7303466796875,0.14993278682231903,1131.7303466796875,0.7721228717530356
1321,21.184999465942383,79.06707763671875,0.7820574527223946,1140.95166015625,0.15417395532131195,1140.95166015625,0.7820574527223946
1322,20.708749771118164,79.76083374023438,0.7527640516955552,1129.1009521484375,0.14554426074028015,1129.1009521484375,0.7527640516955552
1323,21.259998321533203,79.23916625976562,0.7661934752720202,1128.3236083984375,0.13946416974067688,1128.3236083984375,0.7661934752720202
1324,21.171249389648438,79.5808334350586,0.7805294625863275,1113.055908203125,0.14546945691108704,1113.055908203125,0.7805294625863275
1325,21.420000076293945,78.69416809082031,0.7498494244921527,1156.0411376953125,0.15193334221839905,1156.0411376953125,0.7498494244921527
1326,21.310832977294922,78.17749786376953,0.769243707339174,1161.6290283203125,0.1573053002357483,1161.6290283203125,0.769243707339174
1327,20.770832061767578,78.41542053222656,0.7689390003359574,1130.0804443359375,0.13966703414916992,1130.0804443359375,0.7689390003359574
1328,21.094999313354492,79.5374984741211,0.7302957382583979,1122.4273681640625,0.1473289132118225,1122.4273681640625,0.7302957382583979
1329,20.698333740234375,79.37874603271484,0.7551776926643856,1157.7464599609375,0.14231190085411072,1157.7464599609375,0.7551776926643856
1330,20.791250228881836,78.37166595458984,0.7647717304562913,1152.3486328125,0.14489609003067017,1152.3486328125,0.7647717304562913
1331,20.91791534423828,78.96749877929688,0.7260146268209186,1120.5635986328125,0.169087216258049,1120.5635986328125,0.7260146268209186
1332,20.747501373291016,78.3933334350586,0.7236170126479016,1113.4095458984375,0.14626435935497284,1113.4095458984375,0.7236170126479016
1333,20.85500144958496,78.34416961669922,0.7584427067161038,1127.21435546875,0.1351170390844345,1127.21435546875,0.7584427067161038
1334,20.800832748413086,79.62458038330078,0.7598225804017656,1128.9078369140625,0.15043576061725616,1128.9078369140625,0.7598225804017656
1335,20.990833282470703,79.32707977294922,0.7656865254113754,1133.0408935546875,0.14348135888576508,1133.0408935546875,0.7656865254113754
1336,20.708749771118164,78.52666473388672,0.7616765825535377,1133.4228515625,0.14907149970531464,1133.4228515625,0.7616765825535377
1337,21.107500076293945,79.67874908447266,0.7689199695895986,1134.2843017578125,0.16424930095672607,1134.2843017578125,0.7689199695895986
1338,20.989166259765625,78.09500122070312,0.7439536039014425,1113.4134521484375,0.14849606156349182,1113.4134521484375,0.7439536039014425
1339,20.879167556762695,77.43041229248047,0.7836232744916279,1142.007568359375,0.13172398507595062,1142.007568359375,0.7836232744916279
1340,20.70250129699707,79.04999542236328,0.7557358938017438,1128.1937255859375,0.1361912190914154,1128.1937255859375,0.7557358938017438
1341,20.809165954589844,78.74874877929688,0.7878975651886492,1127.5079345703125,0.13969984650611877,1127.5079345703125,0.7878975651886492
1342,21.18833351135254,77.13291931152344,0.7482170499011731,1145.1256103515625,0.13480918109416962,1145.1256103515625,0.7482170499011731
1343,20.98041534423828,78.11166381835938,0.752436400607414,1144.49169921875,0.1337316781282425,1144.49169921875,0.752436400607414
1344,20.98041534423828,80.20957946777344,0.7590370874964438,1140.75390625,0.16104967892169952,1140.75390625,0.7590370874964438
1345,21.05500030517578,77.95125579833984,0.7603656981124414,1175.0819091796875,0.15030333399772644,1175.0819091796875,0.7603656981124414
1346,20.618749618530273,79.21166229248047,0.7690379283766777,1104.52685546875,0.1580352932214737,1104.52685546875,0.7690379283766777
1347,20.88833236694336,78.59333038330078,0.7394073300813636,1133.8427734375,0.13361962139606476,1133.8427734375,0.7394073300813636
1348,20.67708396911621,78.47208404541016,0.712812477232673,1142.2164306640625,0.13937495648860931,1142.2164306640625,0.712812477232673
1349,20.611665725708008,78.6937484741211,0.7336824375680222,1129.946533203125,0.14732103049755096,1129.946533203125,0.7336824375680222
1350,20.803333282470703,79.15666961669922,0.7242396693548063,1121.89501953125,0.13410280644893646,1121.89501953125,0.7242396693548063
1351,20.733333587646484,78.54916381835938,0.7376338452639057,1129.34130859375,0.1537647545337677,1129.34130859375,0.7376338452639057
1352,20.926250457763672,79.01457977294922,0.7857258703762242,1144.3804931640625,0.14758460223674774,1144.3804931640625,0.7857258703762242
1353,21.085832595825195,78.50458526611328,0.7304548049492081,1113.784912109375,0.15156103670597076,1113.784912109375,0.7304548049492081
1354,20.967500686645508,79.59583282470703,0.7170223815762626,1134.05908203125,0.132394939661026,1134.05908203125,0.7170223815762626
1355,20.870832443237305,78.74166107177734,0.7331741381825865,1142.9827880859375,0.14783704280853271,1142.9827880859375,0.7331741381825865
1356,20.925416946411133,78.4316635131836,0.7633165640414863,1150.72900390625,0.14852745831012726,1150.72900390625,0.7633165640414863
1357,20.97333335876465,77.91999816894531,0.7052333951284095,1110.215576171875,0.1363387256860733,1110.215576171875,0.7052333951284095
1358,20.78208351135254,79.08208465576172,0.7552103675436896,1119.603271484375,0.1295672059059143,1119.603271484375,0.7552103675436896
1359,20.735000610351562,79.01124572753906,0.7760948945603782,1132.08251953125,0.13333556056022644,1132.08251953125,0.7760948945603782
1360,20.96125030517578,78.2995834350586,0.7306453678463496,1135.1640625,0.15694163739681244,1135.1640625,0.7306453678463496
1361,21.077499389648438,77.41041564941406,0.8087367874373144,1145.19970703125,0.1405007541179657,1145.19970703125,0.8087367874373144
1362,21.18000030517578,77.96166229248047,0.7904983502010712,1144.85400390625,0.12560684978961945,1144.85400390625,0.7904983502010712
1363,20.766666412353516,77.60708618164062,0.7296903575563127,1146.5362548828125,0.13122200965881348,1146.5362548828125,0.7296903575563127
1364,21.082500457763672,79.24541473388672,0.7871771577434181,1134.5186767578125,0.12948434054851532,1134.5186767578125,0.7871771577434181
1365,20.780000686645508,77.8187484741211,0.6834689243032737,1115.4783935546875,0.14341455698013306,1115.4783935546875,0.6834689243032737
1366,21.116249084472656,79.54499816894531,0.7982890545414274,1166.045654296875,0.14524103701114655,1166.045654296875,0.7982890545414274
1367,21.071666717529297,78.96416473388672,0.7307029876605793,1138.9468994140625,0.14941933751106262,1138.9468994140625,0.7307029876605793
1368,20.742082595825195,79.18499755859375,0.7709429257540078,1130.925048828125,0.1279570758342743,1130.925048828125,0.7709429257540078
1369,21.009166717529297,78.50666809082031,0.7396721205709436,1110.2001953125,0.1353009045124054,1110.2001953125,0.7396721205709436
1370,20.762916564941406,78.7820816040039,0.752374330815798,1145.388427734375,0.13052898645401,1145.388427734375,0.752374330815798
1371,20.666250228881836,78.85458374023438,0.7460887113643345,1130.9931640625,0.1352577954530716,1130.9931640625,0.7460887113643345
1372,20.899166107177734,78.62791442871094,0.7652679102460824,1116.23828125,0.14159169793128967,1116.23828125,0.7652679102460824
1373,20.868749618530273,77.94833374023438,0.7548020200209706,1115.2454833984375,0.12668950855731964,1115.2454833984375,0.7548020200209706
1374,20.95291519165039,78.43916320800781,0.7507503885613951,1141.0457763671875,0.14782695472240448,1141.0457763671875,0.7507503885613951
1375,20.92416763305664,78.84708404541016,0.7727266516990332,1150.019287109375,0.14337649941444397,1150.019287109375,0.7727266516990332
1376,20.99708366394043,78.66625213623047,0.781605853457725,1131.766845703125,0.14304521679878235,1131.766845703125,0.781605853457725
1377,20.572917938232422,79.53083801269531,0.7476762177864082,1117.426513671875,0.14695888757705688,1117.426513671875,0.7476762177864082
1378,20.79166603088379,77.9312515258789,0.7546077896583409,1136.9830322265625,0.13460926711559296,1136.9830322265625,0.7546077896583409
1379,20.53208351135254,78.80667114257812,0.7860013163452987,1130.2818603515625,0.1480201780796051,1130.2818603515625,0.7860013163452987
1380,20.678333282470703,79.30583190917969,0.7548269837827684,1126.497314453125,0.14149682223796844,1126.497314453125,0.7548269837827684
1381,20.836666107177734,79.06291198730469,0.778308254475151,1134.2138671875,0.118893563747406,1134.2138671875,0.778308254475151
1382,20.65708351135254,79.85041809082031,0.7582680734771108,1120.9554443359375,0.13414934277534485,1120.9554443359375,0.7582680734771108
1383,20.603750228881836,80.04291534423828,0.7733075483505139,1123.04736328125,0.14194715023040771,1123.04736328125,0.7733075483505139
1384,20.722084045410156,79.41291809082031,0.7756705734981404,1142.7447509765625,0.13429513573646545,1142.7447509765625,0.7756705734981404
1385,20.515832901000977,78.81791687011719,0.7638830362350392,1130.1839599609375,0.14811179041862488,1130.1839599609375,0.7638830362350392
1386,20.79833221435547,79.07125091552734,0.7669858705031057,1134.308837890625,0.12714090943336487,1134.308837890625,0.7669858705031057
1387,20.626667022705078,79.33708190917969,0.7531583369956975,1133.9820556640625,0.14710132777690887,1133.9820556640625,0.7531583369956975
1388,20.708332061767578,79.33792114257812,0.7838277280817338,1123.070556640625,0.13978861272335052,1123.070556640625,0.7838277280817338
1389,20.487083435058594,78.4879150390625,0.7755942355371577,1125.86474609375,0.14016006886959076,1125.86474609375,0.7755942355371577
1390,20.792083740234375,79.61833190917969,0.7758316008545715,1113.9697265625,0.12352308630943298,1113.9697265625,0.7758316008545715
1391,20.59833335876465,77.80416870117188,0.7552333405326828,1128.9893798828125,0.1303098052740097,1128.9893798828125,0.7552333405326828
1392,20.766666412353516,78.57125091552734,0.784253686258337,1138.1278076171875,0.1295032799243927,1138.1278076171875,0.784253686258337
1393,20.52916717529297,79.35375213623047,0.748088548720531,1138.64501953125,0.13836270570755005,1138.64501953125,0.748088548720531
1394,20.927915573120117,79.19041442871094,0.740548986837722,1115.5272216796875,0.1342489868402481,1115.5272216796875,0.740548986837722
1395,20.623748779296875,79.45541381835938,0.7672078862834879,1129.5028076171875,0.1240675300359726,1129.5028076171875,0.7672078862834879
1396,20.68458366394043,78.444580078125,0.7718227954570458,1136.40478515625,0.15011610090732574,1136.40478515625,0.7718227954570458
1397,20.574167251586914,78.22125244140625,0.762032543364775,1123.0174560546875,0.1515597105026245,1123.0174560546875,0.762032543364775
1398,20.59666633605957,79.44291687011719,0.7709497449398222,1131.698974609375,0.15472787618637085,1131.698974609375,0.7709497449398222
1399,20.657501220703125,78.75375366210938,0.7353959913264125,1120.3824462890625,0.13742384314537048,1120.3824462890625,0.7353959913264125
1400,20.74541664123535,77.98625183105469,0.7643823315234517,1111.736083984375,0.13643981516361237,1111.736083984375,0.7643823315234517
1401,20.614999771118164,78.94083404541016,0.7543128167490932,1148.1163330078125,0.13723888993263245,1148.1163330078125,0.7543128167490932
1402,20.62583351135254,78.81208038330078,0.7221219497813047,1114.5018310546875,0.13426204025745392,1114.5018310546875,0.7221219497813047
1403,20.451250076293945,78.6308364868164,0.7640191665294965,1121.567138671875,0.1392984539270401,1121.567138671875,0.7640191665294965
1404,20.866666793823242,78.7179183959961,0.7662671756696471,1127.3780517578125,0.12135697901248932,1127.3780517578125,0.7662671756696471
1405,20.547082901000977,79.45916748046875,0.779324391804846,1116.5333251953125,0.14957697689533234,1116.5333251953125,0.779324391804846
1406,20.83916664123535,78.90625,0.7194503595158495,1120.438720703125,0.14705315232276917,1120.438720703125,0.7194503595158495
1407,20.99916648864746,78.4120864868164,0.7793886689248394,1126.090087890625,0.14426694810390472,1126.090087890625,0.7793886689248394
1408,20.332916259765625,78.4366683959961,0.7572910721422808,1127.656494140625,0.14612433314323425,1127.656494140625,0.7572910721422808
1409,20.8891658782959,79.4679183959961,0.7805217198099542,1125.870849609375,0.13674473762512207,1125.870849609375,0.7805217198099542
1410,20.587499618530273,78.8237533569336,0.7619722129453126,1122.385986328125,0.13681310415267944,1122.385986328125,0.7619722129453126
1411,20.743331909179688,77.61000061035156,0.7372991343146026,1146.1314697265625,0.15066716074943542,1146.1314697265625,0.7372991343146026
1412,20.642499923706055,78.32875061035156,0.7455987103183498,1133.449951171875,0.14658625423908234,1133.449951171875,0.7455987103183498
1413,20.657501220703125,77.9879150390625,0.7725693567907631,1117.720458984375,0.1263953596353531,1117.720458984375,0.7725693567907631
1414,21.000415802001953,78.617919921875,0.7464357160526827,1126.249267578125,0.13305038213729858,1126.249267578125,0.7464357160526827
1415,20.798749923706055,78.01749420166016,0.7685136129377798,1132.352783203125,0.1407589465379715,1132.352783203125,0.7685136129377798
1416,20.834583282470703,78.41583251953125,0.7330183537954893,1112.3614501953125,0.12764990329742432,1112.3614501953125,0.7330183537954893
1417,21.002500534057617,78.68416595458984,0.7258182146597875,1155.8883056640625,0.11585700511932373,1155.8883056640625,0.7258182146597875
1418,20.697917938232422,78.92833709716797,0.7467033768486366,1118.00146484375,0.13110698759555817,1118.00146484375,0.7467033768486366
1419,21.06166648864746,78.14250183105469,0.7691693212525388,1130.07958984375,0.14875565469264984,1130.07958984375,0.7691693212525388
1420,20.87416648864746,79.13249969482422,0.7704749344891375,1117.923095703125,0.15058588981628418,1117.923095703125,0.7704749344891375
1421,20.786666870117188,79.78916931152344,0.780111977329353,1145.935302734375,0.13106752932071686,1145.935302734375,0.780111977329353
1422,21.01333236694336,78.38624572753906,0.7325800378084583,1127.8001708984375,0.14264598488807678,1127.8001708984375,0.7325800378084583
1423,21.06833267211914,78.71875,0.720988638588765,1127.5361328125,0.14697465300559998,1127.5361328125,0.720988638588765
1424,20.93375015258789,77.90708923339844,0.7163782156945847,1107.9615478515625,0.1403139978647232,1107.9615478515625,0.7163782156945847
1425,21.135833740234375,78.78999328613281,0.7460053490115928,1137.2919921875,0.1319083422422409,1137.2919921875,0.7460053490115928
1426,20.971250534057617,78.60333251953125,0.7334963200393119,1115.3955078125,0.13837017118930817,1115.3955078125,0.7334963200393119
1427,20.9325008392334,78.8870849609375,0.7830889240882832,1134.462646484375,0.11853159964084625,1134.462646484375,0.7830889240882832
1428,20.887083053588867,78.65999603271484,0.7133681918039076,1128.11962890625,0.12994742393493652,1128.11962890625,0.7133681918039076
1429,21.071666717529297,79.45291137695312,0.757672065687639,1125.37890625,0.138092041015625,1125.37890625,0.757672065687639
1430,20.70374870300293,81.18791198730469,0.7420598231140765,1112.7813720703125,0.14844904839992523,1112.7813720703125,0.7420598231140765
1431,21.01041603088379,79.04999542236328,0.7781284822771052,1150.4639892578125,0.13856810331344604,1150.4639892578125,0.7781284822771052
1432,20.888750076293945,79.22875213623047,0.7077156260132621,1139.635009765625,0.1362011730670929,1139.635009765625,0.7077156260132621
1433,20.62041664123535,79.9504165649414,0.7513986519592857,1124.0115966796875,0.1462114453315735,1124.0115966796875,0.7513986519592857
1434,20.887916564941406,77.81958770751953,0.7532510315026537,1132.6612548828125,0.13668100535869598,1132.6612548828125,0.7532510315026537
1435,20.96416664123535,80.02958679199219,0.7898496559690594,1134.876708984375,0.12505239248275757,1134.876708984375,0.7898496559690594
1436,20.61541748046875,79.25208282470703,0.7199634748379691,1133.02294921875,0.13824698328971863,1133.02294921875,0.7199634748379691
1437,20.84291648864746,79.0433349609375,0.7765051582840745,1145.4678955078125,0.1265736073255539,1145.4678955078125,0.7765051582840745
1438,20.710416793823242,80.1258316040039,0.7463564581079583,1105.1483154296875,0.14203695952892303,1105.1483154296875,0.7463564581079583
1439,20.711666107177734,78.87916564941406,0.7269304418729416,1115.7010498046875,0.12678220868110657,1115.7010498046875,0.7269304418729416
1440,20.95083236694336,78.85582733154297,0.7140929494598883,1093.7655029296875,0.13309340178966522,1093.7655029296875,0.7140929494598883
1441,20.5,78.78416442871094,0.7493035068365461,1114.7352294921875,0.13355255126953125,1114.7352294921875,0.7493035068365461
1442,21.044584274291992,77.38166809082031,0.7797206897032735,1141.7049560546875,0.14119406044483185,1141.7049560546875,0.7797206897032735
1443,20.761249542236328,77.98916625976562,0.757986198099137,1125.93798828125,0.12591052055358887,1125.93798828125,0.757986198099137
1444,20.697917938232422,78.14666748046875,0.7610336937602233,1151.412353515625,0.13612930476665497,1151.412353515625,0.7610336937602233
1445,21.041250228881836,78.52166748046875,0.7692728910341637,1119.097412109375,0.1336449831724167,1119.097412109375,0.7692728910341637
1446,21.102083206176758,79.12667083740234,0.7311174116189486,1136.8251953125,0.1223168820142746,1136.8251953125,0.7311174116189486
1447,20.66374969482422,79.16500091552734,0.7787454952650954,1127.771728515625,0.12873055040836334,1127.771728515625,0.7787454952650954
1448,21.081666946411133,78.8550033569336,0.7365467356175551,1122.52490234375,0.12334518134593964,1122.52490234375,0.7365467356175551
1449,20.747501373291016,77.97874450683594,0.7311221861934686,1101.7318115234375,0.1351577490568161,1101.7318115234375,0.7311221861934686
1450,20.992084503173828,79.16291809082031,0.7904937243318493,1143.1954345703125,0.13332128524780273,1143.1954345703125,0.7904937243318493
1451,20.89750099182129,78.25457763671875,0.7668923299104967,1124.7889404296875,0.1380167454481125,1124.7889404296875,0.7668923299104967
1452,20.97916603088379,78.00416564941406,0.7203413518409323,1123.621337890625,0.1354624330997467,1123.621337890625,0.7203413518409323
1453,20.599166870117188,78.8812484741211,0.7179665872782557,1106.27490234375,0.14313329756259918,1106.27490234375,0.7179665872782557
1454,20.660417556762695,78.2125015258789,0.7845929496858686,1131.178955078125,0.12678629159927368,1131.178955078125,0.7845929496858686
1455,20.842500686645508,79.13999938964844,0.772776484571383,1120.9205322265625,0.13215644657611847,1120.9205322265625,0.772776484571383
1456,20.772083282470703,78.4629135131836,0.7704928784264653,1148.4517822265625,0.14461153745651245,1148.4517822265625,0.7704928784264653
1457,20.887916564941406,77.9870834350586,0.7350701013545019,1114.0379638671875,0.12504087388515472,1114.0379638671875,0.7350701013545019
1458,20.73124885559082,78.23916625976562,0.7420876228307802,1113.0296630859375,0.12838251888751984,1113.0296630859375,0.7420876228307802
1459,20.64124870300293,78.35417175292969,0.7598862082546858,1125.729248046875,0.11301736533641815,1125.729248046875,0.7598862082546858
1460,20.815832138061523,78.4749984741211,0.7519215896099475,1116.974853515625,0.143210768699646,1116.974853515625,0.7519215896099475
1461,20.939167022705078,78.52542114257812,0.7388257719983572,1148.60205078125,0.12706425786018372,1148.60205078125,0.7388257719983572
1462,20.796249389648438,78.43916320800781,0.7442947585908486,1128.65087890625,0.14128181338310242,1128.65087890625,0.7442947585908486
1463,20.760831832885742,76.97125244140625,0.7446954902150067,1116.6041259765625,0.13416530191898346,1116.6041259765625,0.7446954902150067
1464,20.925832748413086,77.56958770751953,0.745325392685545,1116.40283203125,0.1262727528810501,1116.40283203125,0.745325392685545
1465,20.790000915527344,79.1362533569336,0.7717189525339234,1138.4036865234375,0.1495458334684372,1138.4036865234375,0.7717189525339234
1466,20.80875015258789,77.66458129882812,0.75148318818433,1112.503662109375,0.13073605298995972,1112.503662109375,0.75148318818433
1467,20.421667098999023,77.22374725341797,0.7496564147390709,1118.8245849609375,0.1270851045846939,1118.8245849609375,0.7496564147390709
1468,20.72333335876465,78.7620849609375,0.7343909306100824,1105.165283203125,0.1293375939130783,1105.165283203125,0.7343909306100824
1469,20.53125,78.36708068847656,0.7549177381133898,1123.2314453125,0.11939607560634613,1123.2314453125,0.7549177381133898
1470,20.59666633605957,78.72750091552734,0.7450059531742634,1103.342529296875,0.1433456838130951,1103.342529296875,0.7450059531742634
1471,20.79833221435547,78.62458038330078,0.7315875215877522,1144.2080078125,0.14381738007068634,1144.2080078125,0.7315875215877522
1472,20.88541603088379,78.98458099365234,0.7725902554190714,1109.712890625,0.14411239326000214,1109.712890625,0.7725902554190714
1473,20.51166534423828,78.30166625976562,0.7723128981872528,1130.0098876953125,0.14156591892242432,1130.0098876953125,0.7723128981872528
1474,20.419166564941406,78.1624984741211,0.7407057306870768,1105.4586181640625,0.12696900963783264,1105.4586181640625,0.7407057306870768
1475,20.768749237060547,78.13166046142578,0.7765494792675173,1102.0858154296875,0.11459389328956604,1102.0858154296875,0.7765494792675173
1476,20.88541603088379,77.61250305175781,0.7575332777326255,1108.4093017578125,0.12060120701789856,1108.4093017578125,0.7575332777326255
1477,20.347082138061523,77.91708374023438,0.7500869797205358,1132.926513671875,0.14773672819137573,1132.926513671875,0.7500869797205358
1478,20.975000381469727,77.48958587646484,0.7494907702488774,1132.5546875,0.12129135429859161,1132.5546875,0.7494907702488774
1479,21.147083282470703,80.2066650390625,0.7738794716061207,1129.90771484375,0.13322265446186066,1129.90771484375,0.7738794716061207
1480,20.49625015258789,78.42916870117188,0.7762085612916017,1122.53271484375,0.12314814329147339,1122.53271484375,0.7762085612916017
1481,20.635417938232422,78.72125244140625,0.7517699714081303,1133.0565185546875,0.13530610501766205,1133.0565185546875,0.7517699714081303
1482,20.797500610351562,78.3741683959961,0.7650947906681778,1139.0703125,0.12200804054737091,1139.0703125,0.7650947906681778
1483,20.683332443237305,77.99749755859375,0.7657561305637309,1146.46728515625,0.13809679448604584,1146.46728515625,0.7657561305637309
1484,20.577499389648438,76.85333251953125,0.7295608724075846,1096.5999755859375,0.13417504727840424,1096.5999755859375,0.7295608724075846
1485,20.46416664123535,77.32791900634766,0.7409520573032794,1115.91259765625,0.13254743814468384,1115.91259765625,0.7409520573032794
1486,20.89958381652832,78.7750015258789,0.748113756980732,1113.8426513671875,0.128084197640419,1113.8426513671875,0.748113756980732
1487,20.691665649414062,77.48749542236328,0.7626805951061728,1112.658447265625,0.125067800283432,1112.658447265625,0.7626805951061728
1488,20.837501525878906,78.35333251953125,0.749621316913208,1104.149169921875,0.11916281282901764,1104.149169921875,0.749621316913208
1489,20.720417022705078,78.14624786376953,0.776201049957463,1099.483154296875,0.13106778264045715,1099.483154296875,0.776201049957463
1490,20.689167022705078,78.34375,0.8079236487385438,1107.7003173828125,0.11538580060005188,1107.7003173828125,0.8079236487385438
1491,20.799165725708008,78.10417175292969,0.7269028720224606,1102.28125,0.13031728565692902,1102.28125,0.7269028720224606
1492,20.81333351135254,78.40792083740234,0.7488339907490282,1108.3358154296875,0.13002967834472656,1108.3358154296875,0.7488339907490282
1493,20.386249542236328,77.4262466430664,0.7669695612438592,1111.846923828125,0.13055455684661865,1111.846923828125,0.7669695612438592
1494,20.853750228881836,78.80958557128906,0.7811020651311755,1147.0068359375,0.13141921162605286,1147.0068359375,0.7811020651311755
1495,20.522083282470703,79.15874481201172,0.7633995882610669,1130.701416015625,0.13769280910491943,1130.701416015625,0.7633995882610669
1496,20.552499771118164,78.06417083740234,0.7675481847402323,1118.03662109375,0.12324826419353485,1118.03662109375,0.7675481847402323
1497,20.58500099182129,77.15208435058594,0.7554972961806491,1118.8192138671875,0.1199992299079895,1118.8192138671875,0.7554972961806491
1498,20.685001373291016,77.8387451171875,0.7454451803743722,1127.4107666015625,0.13411931693553925,1127.4107666015625,0.7454451803743722
1499,20.691665649414062,79.29124450683594,0.7196635578386393,1101.716064453125,0.1368870884180069,1101.716064453125,0.7196635578386393
1500,20.75666618347168,78.78707885742188,0.7713158004657168,1126.788818359375,0.1287919580936432,1126.788818359375,0.7713158004657168
1501,20.850831985473633,76.87166595458984,0.7773338570818826,1131.212890625,0.12204037606716156,1131.212890625,0.7773338570818826
1502,20.748332977294922,77.28874969482422,0.7421463665559882,1101.0015869140625,0.13405729830265045,1101.0015869140625,0.7421463665559882
1503,20.439167022705078,78.41500091552734,0.7288907383706683,1123.928466796875,0.12847505509853363,1123.928466796875,0.7288907383706683
1504,20.845417022705078,77.23875427246094,0.7547762606466016,1089.171630859375,0.13542520999908447,1089.171630859375,0.7547762606466016
1505,20.94041633605957,77.55958557128906,0.7492718738813522,1126.607421875,0.13033705949783325,1126.607421875,0.7492718738813522
1506,20.681249618530273,78.32791900634766,0.7589475889051442,1102.2879638671875,0.1316811591386795,1102.2879638671875,0.7589475889051442
1507,20.832916259765625,77.87916564941406,0.7507335615954083,1130.885986328125,0.1363401859998703,1130.885986328125,0.7507335615954083
1508,20.781665802001953,77.39041137695312,0.7195871791645687,1095.626708984375,0.13085675239562988,1095.626708984375,0.7195871791645687
1509,21.35041618347168,77.85749816894531,0.7323378609302639,1130.23291015625,0.11753226816654205,1130.23291015625,0.7323378609302639
1510,21.056249618530273,78.76166534423828,0.7514093988728943,1122.2110595703125,0.11969102919101715,1122.2110595703125,0.7514093988728943
1511,20.958749771118164,77.68208312988281,0.7534245886577029,1138.7508544921875,0.12711165845394135,1138.7508544921875,0.7534245886577029
1512,20.772083282470703,77.58583068847656,0.7716402427458653,1143.823486328125,0.12563076615333557,1143.823486328125,0.7716402427458653
1513,20.80666732788086,78.11541748046875,0.7994257321506677,1130.718505859375,0.11432965099811554,1130.718505859375,0.7994257321506677
1514,21.03416633605957,77.89041137695312,0.7424411327417566,1112.08056640625,0.11978325247764587,1112.08056640625,0.7424411327417566
1515,20.914167404174805,78.81999969482422,0.764134998359083,1121.5850830078125,0.13843117654323578,1121.5850830078125,0.764134998359083
1516,20.859167098999023,78.04541778564453,0.7551174292473009,1095.7733154296875,0.11995972692966461,1095.7733154296875,0.7551174292473009
1517,20.561248779296875,77.77583312988281,0.753820035900596,1095.96533203125,0.13663537800312042,1095.96533203125,0.753820035900596
1518,20.678333282470703,77.55083465576172,0.7608612045711991,1120.9329833984375,0.14133816957473755,1120.9329833984375,0.7608612045711991
1519,20.98041534423828,79.01541900634766,0.7635896702229514,1122.1898193359375,0.1160983294248581,1122.1898193359375,0.7635896702229514
1520,20.44624900817871,77.49791717529297,0.7493710682925565,1119.061767578125,0.12138772010803223,1119.061767578125,0.7493710682925565
1521,20.887083053588867,78.55416870117188,0.7760748993471236,1098.683349609375,0.1196126639842987,1098.683349609375,0.7760748993471236
1522,20.825000762939453,78.44791412353516,0.7227209749451237,1110.9822998046875,0.13314400613307953,1110.9822998046875,0.7227209749451237
1523,20.812084197998047,78.71500396728516,0.756112784657558,1118.29931640625,0.12058128416538239,1118.29931640625,0.756112784657558
1524,21.025833129882812,77.60958099365234,0.7733600788609433,1125.9029541015625,0.1204356700181961,1125.9029541015625,0.7733600788609433
1525,20.645418167114258,78.02041625976562,0.7413554034659254,1100.7022705078125,0.1377372145652771,1100.7022705078125,0.7413554034659254
1526,20.920833587646484,77.48416900634766,0.7454474771684669,1107.3765869140625,0.13576079905033112,1107.3765869140625,0.7454474771684669
1527,20.935832977294922,77.1504135131836,0.7726371453642352,1126.87548828125,0.11050176620483398,1126.87548828125,0.7726371453642352
1528,20.66083335876465,77.74583435058594,0.7674440415697461,1092.0032958984375,0.12418293952941895,1092.0032958984375,0.7674440415697461
1529,20.955833435058594,77.39375305175781,0.7494814860963848,1094.49365234375,0.1254066377878189,1094.49365234375,0.7494814860963848
1530,21.122915267944336,78.7066650390625,0.7473571956783333,1114.394287109375,0.12137646973133087,1114.394287109375,0.7473571956783333
1531,20.922500610351562,77.67124938964844,0.7638620520007301,1129.375244140625,0.13701032102108002,1129.375244140625,0.7638620520007301
1532,20.637916564941406,77.46292114257812,0.7388611530769039,1115.5015869140625,0.13283202052116394,1115.5015869140625,0.7388611530769039
1533,20.645832061767578,77.33749389648438,0.7480785182646376,1094.26611328125,0.11864310503005981,1094.26611328125,0.7480785182646376
1534,20.947084426879883,79.09291076660156,0.7765711426654458,1118.551513671875,0.12944701313972473,1118.551513671875,0.7765711426654458
1535,20.984582901000977,77.8187484741211,0.7731000657178482,1114.2607421875,0.13284507393836975,1114.2607421875,0.7731000657178482
1536,21.024166107177734,77.94999694824219,0.7504034715748722,1118.4722900390625,0.11554321646690369,1118.4722900390625,0.7504034715748722
1537,21.06333351135254,77.95500183105469,0.7642684775275917,1093.767333984375,0.14228712022304535,1093.767333984375,0.7642684775275917
1538,20.977916717529297,77.52125549316406,0.7427848866733819,1097.79833984375,0.1329827606678009,1097.79833984375,0.7427848866733819
1539,20.97083282470703,78.1016616821289,0.710491102897032,1107.30615234375,0.13869869709014893,1107.30615234375,0.710491102897032
1540,21.027084350585938,78.00958251953125,0.7617099508321097,1112.63818359375,0.12024961411952972,1112.63818359375,0.7617099508321097
1541,20.8920841217041,77.79374694824219,0.7706276603108039,1122.6927490234375,0.11573448777198792,1122.6927490234375,0.7706276603108039
1542,20.812084197998047,78.11958312988281,0.7527407803508959,1132.8326416015625,0.12889143824577332,1132.8326416015625,0.7527407803508959
1543,21.02833366394043,77.27083587646484,0.7526789003932391,1132.3094482421875,0.12860292196273804,1132.3094482421875,0.7526789003932391
1544,20.86250114440918,78.02249908447266,0.7769844903354752,1125.6839599609375,0.11976641416549683,1125.6839599609375,0.7769844903354752
1545,21.03583335876465,78.17542266845703,0.754616129397058,1126.353271484375,0.1349419802427292,1126.353271484375,0.754616129397058
1546,21.169166564941406,77.9495849609375,0.8089097709057478,1131.1519775390625,0.11949285864830017,1131.1519775390625,0.8089097709057478
1547,20.608333587646484,77.51875305175781,0.7742281273372021,1090.732421875,0.1173727810382843,1090.732421875,0.7742281273372021
1548,20.737916946411133,77.73374938964844,0.7249943132657957,1120.6500244140625,0.12376779317855835,1120.6500244140625,0.7249943132657957
1549,20.520418167114258,77.12125396728516,0.7577799047973107,1101.7088623046875,0.11505825817584991,1101.7088623046875,0.7577799047973107
1550,21.114999771118164,77.75291442871094,0.7711052796414963,1137.3802490234375,0.11691044270992279,1137.3802490234375,0.7711052796414963
1551,20.777084350585938,77.84416961669922,0.7425257251284152,1110.4925537109375,0.11290183663368225,1110.4925537109375,0.7425257251284152
1552,20.713333129882812,77.04208374023438,0.7972859622793889,1134.919921875,0.12571442127227783,1134.919921875,0.7972859622793889
1553,20.70083236694336,77.35624694824219,0.7553291703759426,1106.3843994140625,0.108544260263443,1106.3843994140625,0.7553291703759426
1554,20.4233341217041,77.06999969482422,0.7527281598218791,1119.0040283203125,0.12316839396953583,1119.0040283203125,0.7527281598218791
1555,20.59958267211914,77.3074951171875,0.7476001982739215,1121.9298095703125,0.11110086739063263,1121.9298095703125,0.7476001982739215
1556,20.859582901000977,77.13417053222656,0.7404759154711666,1111.478515625,0.12390224635601044,1111.478515625,0.7404759154711666
1557,20.76500129699707,78.44667053222656,0.7690016485210045,1118.0067138671875,0.13754060864448547,1118.0067138671875,0.7690016485210045
1558,20.863332748413086,77.94332885742188,0.7903163151440051,1117.335693359375,0.1207338273525238,1117.335693359375,0.7903163151440051
1559,20.95916748046875,78.05874633789062,0.7693875796981804,1101.8349609375,0.11824674904346466,1101.8349609375,0.7693875796981804
1560,20.62958335876465,76.90958404541016,0.7460764731598379,1097.074951171875,0.12777720391750336,1097.074951171875,0.7460764731598379
1561,20.636249542236328,77.3062515258789,0.7498253118713245,1102.6026611328125,0.13391298055648804,1102.6026611328125,0.7498253118713245
1562,20.803333282470703,77.75541687011719,0.8061531406091752,1133.281494140625,0.11984853446483612,1133.281494140625,0.8061531406091752
1563,20.810001373291016,77.60208129882812,0.7966013324830329,1128.27001953125,0.11761324107646942,1128.27001953125,0.7966013324830329
1564,20.576250076293945,78.125,0.763149172814496,1103.6971435546875,0.12840871512889862,1103.6971435546875,0.763149172814496
1565,20.52374839782715,76.33167266845703,0.7556110809413927,1122.783935546875,0.13093189895153046,1122.783935546875,0.7556110809413927
1566,21.04166603088379,76.86332702636719,0.7729941240725777,1131.54248046875,0.1182333379983902,1131.54248046875,0.7729941240725777
1567,20.522083282470703,77.89375305175781,0.7608133335462568,1095.053466796875,0.13722281157970428,1095.053466796875,0.7608133335462568
1568,20.48291778564453,77.53833770751953,0.7827288124953592,1113.929443359375,0.11400905251502991,1113.929443359375,0.7827288124953592
1569,20.637083053588867,77.07250213623047,0.7535095152489255,1106.7513427734375,0.11844368278980255,1106.7513427734375,0.7535095152489255
1570,20.494583129882812,77.73416900634766,0.7855674765126659,1113.2989501953125,0.11679640412330627,1113.2989501953125,0.7855674765126659
1571,20.85333251953125,77.61457824707031,0.7613707019795486,1102.0205078125,0.11892332136631012,1102.0205078125,0.7613707019795486
1572,20.467500686645508,77.0879135131836,0.7462038965960244,1116.5616455078125,0.1209067553281784,1116.5616455078125,0.7462038965960244
1573,20.81999969482422,77.28375244140625,0.7688664521718387,1111.4620361328125,0.12034645676612854,1111.4620361328125,0.7688664521718387
1574,20.645832061767578,77.8237533569336,0.7743252937640653,1120.9197998046875,0.12060591578483582,1120.9197998046875,0.7743252937640653
1575,20.414165496826172,78.50582885742188,0.7312213656841514,1100.90673828125,0.12343496084213257,1100.90673828125,0.7312213656841514
1576,20.546249389648438,78.08625030517578,0.7418712654316487,1120.37744140625,0.11537668108940125,1120.37744140625,0.7418712654316487
1577,20.73750114440918,77.03333282470703,0.7993282684362779,1124.0780029296875,0.11721470952033997,1124.0780029296875,0.7993282684362779
1578,20.796667098999023,77.08291625976562,0.7554937137015704,1109.8985595703125,0.10934165120124817,1109.8985595703125,0.7554937137015704
1579,20.941667556762695,77.47791290283203,0.797854487359706,1144.7811279296875,0.10690300166606903,1144.7811279296875,0.797854487359706
1580,20.63166618347168,77.80958557128906,0.7503193536219925,1115.798828125,0.1238403171300888,1115.798828125,0.7503193536219925
1581,20.498332977294922,77.90083312988281,0.8053638787216771,1120.8258056640625,0.1250513643026352,1120.8258056640625,0.8053638787216771
1582,20.350833892822266,77.55583190917969,0.7782933206679052,1088.4012451171875,0.13383042812347412,1088.4012451171875,0.7782933206679052
1583,20.83625030517578,77.44125366210938,0.812704358335519,1147.1363525390625,0.12177392840385437,1147.1363525390625,0.812704358335519
1584,20.59958267211914,78.32749938964844,0.7529055839658492,1108.1553955078125,0.13663403689861298,1108.1553955078125,0.7529055839658492
1585,20.77166748046875,78.35083770751953,0.7803422741077211,1132.1444091796875,0.11603015661239624,1132.1444091796875,0.7803422741077211
1586,20.66666603088379,77.33125305175781,0.7558130515026129,1106.1126708984375,0.12935903668403625,1106.1126708984375,0.7558130515026129
1587,20.567501068115234,77.2058334350586,0.7510959047523076,1120.8095703125,0.1338031142950058,1120.8095703125,0.7510959047523076
1588,20.433334350585938,78.42791748046875,0.8030154280723742,1107.8829345703125,0.1304418444633484,1107.8829345703125,0.8030154280723742
1589,20.694583892822266,77.77041625976562,0.7523917371907313,1113.71240234375,0.12540781497955322,1113.71240234375,0.7523917371907313
1590,20.544166564941406,77.96041107177734,0.8065621783230615,1110.86669921875,0.12756440043449402,1110.86669921875,0.8065621783230615
1591,20.607084274291992,78.0425033569336,0.7872154400342599,1131.8485107421875,0.13143901526927948,1131.8485107421875,0.7872154400342599
1592,20.358749389648438,78.30667114257812,0.7833617468885427,1103.199462890625,0.11482396721839905,1103.199462890625,0.7833617468885427
1593,20.45333480834961,77.78375244140625,0.7590225734968336,1146.8028564453125,0.1419145166873932,1146.8028564453125,0.7590225734968336
1594,20.823749542236328,77.81083679199219,0.7930250139220223,1113.2696533203125,0.1184171736240387,1113.2696533203125,0.7930250139220223
1595,20.75291633605957,78.2249984741211,0.7733542563152516,1132.2763671875,0.11676988005638123,1132.2763671875,0.7733542563152516
1596,20.63374900817871,77.27333068847656,0.7788511128824815,1130.2730712890625,0.13100768625736237,1130.2730712890625,0.7788511128824815
1597,20.8579158782959,78.60833740234375,0.7981103701644017,1112.4512939453125,0.11427713930606842,1112.4512939453125,0.7981103701644017
1598,20.75666618347168,78.0562515258789,0.775592420559917,1100.45849609375,0.12348170578479767,1100.45849609375,0.775592420559917
1599,20.770416259765625,76.90125274658203,0.7801136836128476,1138.2301025390625,0.11637698113918304,1138.2301025390625,0.7801136836128476
1600,20.869583129882812,77.57417297363281,0.7657447565053924,1123.3809814453125,0.12302486598491669,1123.3809814453125,0.7657447565053924
1601,20.5766658782959,76.02333068847656,0.7521153835032153,1131.4366455078125,0.12583383917808533,1131.4366455078125,0.7521153835032153
1602,20.707500457763672,78.23125457763672,0.7742294104668884,1101.5523681640625,0.11490260064601898,1101.5523681640625,0.7742294104668884
1603,20.876249313354492,77.77458190917969,0.7651569076628824,1102.7442626953125,0.11629019677639008,1102.7442626953125,0.7651569076628824
1604,20.44208335876465,76.43083190917969,0.7654579647466798,1110.1903076171875,0.12068833410739899,1110.1903076171875,0.7654579647466798
1605,20.79083251953125,77.01791381835938,0.7287911411157592,1108.2913818359375,0.11884163320064545,1108.2913818359375,0.7287911411157592
1606,20.43000030517578,77.75499725341797,0.7592975158133792,1114.8519287109375,0.1311337798833847,1114.8519287109375,0.7592975158133792
1607,20.435832977294922,78.10417175292969,0.7693175768017553,1124.5867919921875,0.10920299589633942,1124.5867919921875,0.7693175768017553
1608,20.404582977294922,77.22041320800781,0.7562649176403129,1109.0389404296875,0.13435892760753632,1109.0389404296875,0.7562649176403129
1609,20.590417861938477,77.632080078125,0.7247396793396643,1116.13720703125,0.11602598428726196,1116.13720703125,0.7247396793396643
1610,20.664167404174805,77.06541442871094,0.7841982860460259,1103.8875732421875,0.125151127576828,1103.8875732421875,0.7841982860460259
1611,20.72458267211914,78.83125305175781,0.7704727406550873,1115.5211181640625,0.11490708589553833,1115.5211181640625,0.7704727406550873
1612,20.712499618530273,77.2437515258789,0.7488843936128222,1135.445556640625,0.11303743720054626,1135.445556640625,0.7488843936128222
1613,20.68458366394043,77.65166473388672,0.7728714557834437,1104.82275390625,0.11311042308807373,1104.82275390625,0.7728714557834437
1614,20.703332901000977,77.94916534423828,0.7986513179807843,1112.7930908203125,0.12150795757770538,1112.7930908203125,0.7986513179807843
1615,20.617918014526367,76.8487548828125,0.7610023965780732,1111.86865234375,0.11403721570968628,1111.86865234375,0.7610023965780732
1616,20.364166259765625,76.95417022705078,0.7563884474212723,1109.599853515625,0.12818603217601776,1109.599853515625,0.7563884474212723
1617,20.623748779296875,76.75416564941406,0.7818297550269332,1111.7115478515625,0.13363970816135406,1111.7115478515625,0.7818297550269332
1618,20.600000381469727,76.2008285522461,0.738845221040114,1116.394287109375,0.11764536798000336,1116.394287109375,0.738845221040114
1619,21.022083282470703,77.58499908447266,0.7825059769409771,1097.6549072265625,0.11865685880184174,1097.6549072265625,0.7825059769409771
1620,20.391666412353516,77.98625183105469,0.7922529569208314,1090.7655029296875,0.1163254827260971,1090.7655029296875,0.7922529569208314
1621,20.547500610351562,78.03666687011719,0.7663324346997539,1108.1961669921875,0.12783801555633545,1108.1961669921875,0.7663324346997539
1622,20.27833366394043,77.27791595458984,0.7324095344341143,1118.99951171875,0.12360800802707672,1118.99951171875,0.7324095344341143
1623,20.44708251953125,76.97791290283203,0.762831992420197,1127.6865234375,0.1152467429637909,1127.6865234375,0.762831992420197
1624,20.73124885559082,77.4316635131836,0.7660543993297088,1098.94921875,0.11721144616603851,1098.94921875,0.7660543993297088
1625,20.4858341217041,76.08875274658203,0.7412781842502727,1101.1837158203125,0.12039436399936676,1101.1837158203125,0.7412781842502727
1626,20.700000762939453,77.65499877929688,0.7770073217951088,1121.277587890625,0.1316947191953659,1121.277587890625,0.7770073217951088
1627,20.796667098999023,76.78292083740234,0.756081201730588,1128.4483642578125,0.12086914479732513,1128.4483642578125,0.756081201730588
1628,20.627500534057617,76.80624389648438,0.7860069790095332,1106.89599609375,0.11855575442314148,1106.89599609375,0.7860069790095332
1629,20.74416732788086,77.56208038330078,0.7745951834906699,1119.2032470703125,0.11576983332633972,1119.2032470703125,0.7745951834906699
1630,20.80000114440918,75.7058334350586,0.781691721108506,1095.4156494140625,0.12150512635707855,1095.4156494140625,0.781691721108506
1631,20.409584045410156,78.24958801269531,0.7846397812194573,1136.89794921875,0.117586150765419,1136.89794921875,0.7846397812194573
1632,20.280834197998047,77.19625091552734,0.7693615769878701,1085.7904052734375,0.12792572379112244,1085.7904052734375,0.7693615769878701
1633,20.5483341217041,76.7370834350586,0.7350666401413382,1099.36376953125,0.12051087617874146,1099.36376953125,0.7350666401413382
1634,20.61374855041504,77.18791961669922,0.7728340608001167,1120.0933837890625,0.10465684533119202,1120.0933837890625,0.7728340608001167
1635,20.71666717529297,76.88458251953125,0.8059087770852996,1119.02490234375,0.1148982048034668,1119.02490234375,0.8059087770852996
1636,20.5987491607666,77.1612548828125,0.7538324860403546,1120.691650390625,0.12297345697879791,1120.691650390625,0.7538324860403546
1637,20.450000762939453,78.0183334350586,0.784958007823966,1112.7802734375,0.12115029990673065,1112.7802734375,0.784958007823966
1638,20.818750381469727,76.79167175292969,0.7544991176046056,1072.1292724609375,0.1204376071691513,1072.1292724609375,0.7544991176046056
1639,20.462499618530273,77.51041412353516,0.7467134693194641,1095.8861083984375,0.12276016175746918,1095.8861083984375,0.7467134693194641
1640,20.73000144958496,77.29041290283203,0.7711237321924693,1124.3704833984375,0.1145794540643692,1124.3704833984375,0.7711237321924693
1641,20.350000381469727,77.41458129882812,0.7816840065293891,1108.4599609375,0.11162680387496948,1108.4599609375,0.7816840065293891
1642,20.581249237060547,78.03250122070312,0.7792362297648232,1111.86279296875,0.11401215195655823,1111.86279296875,0.7792362297648232
1643,20.716249465942383,76.9437484741211,0.7570118929521059,1120.988525390625,0.11558409035205841,1120.988525390625,0.7570118929521059
1644,20.397083282470703,77.75333404541016,0.7771352257189126,1126.38330078125,0.12124617397785187,1126.38330078125,0.7771352257189126
1645,20.673749923706055,77.7620849609375,0.7625720452633981,1120.9671630859375,0.11344870924949646,1120.9671630859375,0.7625720452633981
1646,20.644582748413086,77.7933349609375,0.75327541234095,1091.42626953125,0.13002745807170868,1091.42626953125,0.75327541234095
1647,20.80958366394043,78.4679183959961,0.8132040890738934,1133.496337890625,0.10593977570533752,1133.496337890625,0.8132040890738934
1648,20.536666870117188,78.05250549316406,0.7763075400262388,1107.6531982421875,0.11321251094341278,1107.6531982421875,0.7763075400262388
1649,20.648332595825195,77.4191665649414,0.7533929410157538,1079.5030517578125,0.13046890497207642,1079.5030517578125,0.7533929410157538
1650,20.646665573120117,76.51541900634766,0.7702382810942237,1115.6356201171875,0.1148023009300232,1115.6356201171875,0.7702382810942237
1651,20.566665649414062,77.37041473388672,0.7922366743235967,1114.5240478515625,0.114905446767807,1114.5240478515625,0.7922366743235967
1652,20.606666564941406,77.79000091552734,0.7634363225859786,1076.9876708984375,0.11772660911083221,1076.9876708984375,0.7634363225859786
1653,20.75666618347168,77.86833190917969,0.7651888147315484,1097.5316162109375,0.11829933524131775,1097.5316162109375,0.7651888147315484
1654,20.69124984741211,77.29916381835938,0.7903262187625213,1127.5526123046875,0.10887603461742401,1127.5526123046875,0.7903262187625213
1655,20.456666946411133,76.97833251953125,0.7578592964913601,1078.822021484375,0.1112370640039444,1078.822021484375,0.7578592964913601
1656,20.643333435058594,77.80583190917969,0.7824836368559295,1098.4027099609375,0.1252685785293579,1098.4027099609375,0.7824836368559295
1657,20.369583129882812,77.70916748046875,0.7602020906704725,1091.810546875,0.12427841126918793,1091.810546875,0.7602020906704725
1658,20.71791648864746,77.20999908447266,0.7954656912027065,1122.3692626953125,0.11303183436393738,1122.3692626953125,0.7954656912027065
1659,20.331666946411133,77.09749603271484,0.780534471674267,1119.6824951171875,0.12168098986148834,1119.6824951171875,0.780534471674267
1660,20.518333435058594,77.29125213623047,0.7396169269128114,1107.418212890625,0.11817173659801483,1107.418212890625,0.7396169269128114
1661,20.467082977294922,78.43416595458984,0.7701790480408863,1095.6763916015625,0.1118537187576294,1095.6763916015625,0.7701790480408863
1662,20.55000114440918,78.45375061035156,0.7806398664530736,1118.4752197265625,0.11610689759254456,1118.4752197265625,0.7806398664530736
1663,20.79541778564453,78.28333282470703,0.7428740201064652,1105.0220947265625,0.12332504987716675,1105.0220947265625,0.7428740201064652
1664,20.54083251953125,76.163330078125,0.7357165896007286,1100.2987060546875,0.11364902555942535,1100.2987060546875,0.7357165896007286
1665,20.23291778564453,76.9991683959961,0.7569821258458813,1113.6810302734375,0.11394014954566956,1113.6810302734375,0.7569821258458813
1666,20.61750030517578,77.81124877929688,0.7480229892739969,1095.58740234375,0.12323744595050812,1095.58740234375,0.7480229892739969
1667,20.686248779296875,77.65916442871094,0.7618591574460609,1121.0133056640625,0.12456870079040527,1121.0133056640625,0.7618591574460609
1668,21.041250228881836,76.87583923339844,0.7717667953210103,1089.021240234375,0.11505044996738434,1089.021240234375,0.7717667953210103
1669,20.385833740234375,76.39708709716797,0.7510888019151474,1114.116943359375,0.11866243183612823,1114.116943359375,0.7510888019151474
1670,20.324583053588867,77.6433334350586,0.7509850286559734,1112.2952880859375,0.11576253175735474,1112.2952880859375,0.7509850286559734
1671,20.699583053588867,75.99833679199219,0.7851185605225566,1110.9034423828125,0.1105300635099411,1110.9034423828125,0.7851185605225566
1672,20.81333351135254,75.7683334350586,0.7653515720699688,1076.2908935546875,0.1167556494474411,1076.2908935546875,0.7653515720699688
1673,20.502500534057617,76.85749816894531,0.7500307096619727,1104.794921875,0.11568842828273773,1104.794921875,0.7500307096619727
1674,20.62958335876465,77.19791412353516,0.8195439853333013,1076.4556884765625,0.10280415415763855,1076.4556884765625,0.8195439853333013
1675,20.74916648864746,77.28583526611328,0.7884150755552422,1104.5382080078125,0.1148558259010315,1104.5382080078125,0.7884150755552422
1676,20.829166412353516,76.86250305175781,0.758618648297142,1097.5743408203125,0.11266922950744629,1097.5743408203125,0.758618648297142
1677,20.58500099182129,76.41124725341797,0.7724115447458434,1096.38134765625,0.11553478240966797,1096.38134765625,0.7724115447458434
1678,20.653749465942383,76.70624542236328,0.7906226094700073,1145.0333251953125,0.11965121328830719,1145.0333251953125,0.7906226094700073
1679,20.393333435058594,76.97958374023438,0.7289884603475458,1089.6129150390625,0.11209943890571594,1089.6129150390625,0.7289884603475458
1680,20.618749618530273,76.03166961669922,0.7980396876792486,1111.613037109375,0.12841084599494934,1111.613037109375,0.7980396876792486
1681,20.38458251953125,77.48833465576172,0.7503343169312582,1112.6094970703125,0.11908811330795288,1112.6094970703125,0.7503343169312582
1682,20.50083351135254,75.90499877929688,0.790159394919483,1104.3408203125,0.10172747075557709,1104.3408203125,0.790159394919483
1683,20.849166870117188,76.01249694824219,0.7884073395198555,1105.211181640625,0.10211096704006195,1105.211181640625,0.7884073395198555
1684,20.454166412353516,77.23666381835938,0.7766847313446998,1118.6221923828125,0.11130782961845398,1118.6221923828125,0.7766847313446998
1685,20.581249237060547,75.7066650390625,0.7408589722254987,1099.846435546875,0.11186449229717255,1099.846435546875,0.7408589722254987
1686,20.547916412353516,76.24624633789062,0.7415783675965605,1099.90087890625,0.11546285450458527,1099.90087890625,0.7415783675965605
1687,20.523334503173828,76.38833618164062,0.7725199715649553,1103.537353515625,0.10480903089046478,1103.537353515625,0.7725199715649553
1688,20.573333740234375,76.08666229248047,0.7704135304630366,1106.1063232421875,0.11964495480060577,1106.1063232421875,0.7704135304630366
1689,20.58500099182129,76.7508316040039,0.7615169276534973,1095.873779296875,0.11703675985336304,1095.873779296875,0.7615169276534973
1690,20.633333206176758,77.4262466430664,0.73482166722208,1110.95361328125,0.11612865328788757,1110.95361328125,0.73482166722208
1691,20.833749771118164,76.02166748046875,0.7555299468800987,1098.957275390625,0.09848904609680176,1098.957275390625,0.7555299468800987
1692,20.602500915527344,75.74750518798828,0.7843578240892727,1120.40771484375,0.1160610020160675,1120.40771484375,0.7843578240892727
1693,20.537500381469727,76.92041015625,0.774988177071662,1109.491943359375,0.10454823076725006,1109.491943359375,0.774988177071662
1694,20.653749465942383,75.74166870117188,0.7851705671672179,1117.43701171875,0.10331803560256958,1117.43701171875,0.7851705671672179
1695,20.655000686645508,76.93250274658203,0.7613854100480869,1079.07373046875,0.10465417802333832,1079.07373046875,0.7613854100480869
1696,20.456249237060547,77.52791595458984,0.7643897384903318,1094.2525634765625,0.11786401271820068,1094.2525634765625,0.7643897384903318
1697,20.805831909179688,76.39167022705078,0.73135333655712,1119.684814453125,0.11224809288978577,1119.684814453125,0.73135333655712
1698,20.565834045410156,76.81708526611328,0.8068780158410633,1126.966796875,0.11428730189800262,1126.966796875,0.8068780158410633
1699,20.468334197998047,77.27833557128906,0.7199893165366955,1094.3936767578125,0.11275310814380646,1094.3936767578125,0.7199893165366955
1700,20.538333892822266,76.54791259765625,0.7321938412452027,1104.1846923828125,0.11545538902282715,1104.1846923828125,0.7321938412452027
1701,20.7237491607666,77.3074951171875,0.76076499544349,1106.556884765625,0.12652423977851868,1106.556884765625,0.76076499544349
1702,20.396249771118164,76.99708557128906,0.7924851929577572,1100.5086669921875,0.10745283961296082,1100.5086669921875,0.7924851929577572
1703,20.57124900817871,77.06541442871094,0.7493856507307994,1079.403076171875,0.12596870958805084,1079.403076171875,0.7493856507307994
1704,20.471248626708984,76.38333129882812,0.7824971443682106,1110.9027099609375,0.11147962510585785,1110.9027099609375,0.7824971443682106
1705,20.626667022705078,75.94666290283203,0.7235999209797055,1094.4493408203125,0.10939693450927734,1094.4493408203125,0.7235999209797055
1706,20.788331985473633,76.96208190917969,0.8119720447845986,1122.00634765625,0.11892606317996979,1122.00634765625,0.8119720447845986
1707,20.78583335876465,76.00708770751953,0.7198083830076611,1110.6396484375,0.1105177253484726,1110.6396484375,0.7198083830076611
1708,20.368749618530273,76.61499786376953,0.7419440024135608,1097.706787109375,0.09556324779987335,1097.706787109375,0.7419440024135608
1709,20.524166107177734,76.66291809082031,0.7588271947244906,1073.0125732421875,0.11598016321659088,1073.0125732421875,0.7588271947244906
1710,20.61083221435547,76.47916412353516,0.7856373636590561,1128.2142333984375,0.10591068863868713,1128.2142333984375,0.7856373636590561
1711,20.967082977294922,77.80791473388672,0.7328455372988104,1093.3309326171875,0.11131545901298523,1093.3309326171875,0.7328455372988104
1712,20.59833335876465,76.61041259765625,0.7737009133038124,1086.8487548828125,0.10878607630729675,1086.8487548828125,0.7737009133038124
1713,20.855833053588867,76.95375061035156,0.7576673659817751,1082.759521484375,0.11780869960784912,1082.759521484375,0.7576673659817751
1714,20.645418167114258,78.24166107177734,0.7688038589759898,1125.776123046875,0.11243753135204315,1125.776123046875,0.7688038589759898
1715,20.739166259765625,77.03958129882812,0.7579191742314566,1097.6080322265625,0.12222637236118317,1097.6080322265625,0.7579191742314566
1716,20.564167022705078,76.79458618164062,0.7547329328744854,1114.4034423828125,0.11515584588050842,1114.4034423828125,0.7547329328744854
1717,20.66374969482422,76.82875061035156,0.7845738797395201,1104.6781005859375,0.11433522403240204,1104.6781005859375,0.7845738797395201
1718,20.71666717529297,75.350830078125,0.7605702752493908,1097.322265625,0.10320445895195007,1097.322265625,0.7605702752493908
1719,20.746665954589844,77.1433334350586,0.7484274297891906,1104.8843994140625,0.11525377631187439,1104.8843994140625,0.7484274297891906
1720,20.677499771118164,76.0129165649414,0.8068095046859428,1096.6617431640625,0.10592995584011078,1096.6617431640625,0.8068095046859428
1721,20.80666732788086,76.57875061035156,0.7380698552952868,1100.555908203125,0.10749539732933044,1100.555908203125,0.7380698552952868
1722,20.62583351135254,77.50708770751953,0.7560292150584027,1090.7718505859375,0.12438960373401642,1090.7718505859375,0.7560292150584027
1723,20.763750076293945,77.08749389648438,0.7582220319297848,1086.94873046875,0.11172327399253845,1086.94873046875,0.7582220319297848
1724,20.804166793823242,77.07708740234375,0.8074670249105232,1069.9814453125,0.1089213639497757,1069.9814453125,0.8074670249105232
1725,20.8579158782959,76.3379135131836,0.774251051796083,1117.5130615234375,0.12101107835769653,1117.5130615234375,0.774251051796083
1726,20.67624855041504,76.18583679199219,0.7784516507776731,1120.51220703125,0.12345929443836212,1120.51220703125,0.7784516507776731
1727,20.485416412353516,76.01625061035156,0.7734232184312184,1097.1749267578125,0.11029912531375885,1097.1749267578125,0.7734232184312184
1728,20.94499969482422,77.38333129882812,0.7676180376969647,1089.55322265625,0.11160075664520264,1089.55322265625,0.7676180376969647
1729,20.48958396911621,77.52083587646484,0.7917309489164852,1125.1961669921875,0.1191544234752655,1125.1961669921875,0.7917309489164852
1730,20.56833267211914,76.27124786376953,0.7749430748496526,1114.232421875,0.10326683521270752,1114.232421875,0.7749430748496526
1731,20.553333282470703,76.87125396728516,0.747054795838478,1081.7108154296875,0.10995492339134216,1081.7108154296875,0.747054795838478
1732,20.44624900817871,76.5945816040039,0.7502232995820329,1073.2713623046875,0.12178727984428406,1073.2713623046875,0.7502232995820329
1733,20.565000534057617,76.21041870117188,0.73569246381996,1092.46875,0.11206425726413727,1092.46875,0.73569246381996
1734,20.684165954589844,77.50708770751953,0.7567747558232636,1087.3544921875,0.10623796284198761,1087.3544921875,0.7567747558232636
1735,20.62583351135254,77.34500122070312,0.775771837253238,1087.1822509765625,0.11150793731212616,1087.1822509765625,0.775771837253238
1736,20.579166412353516,76.6762466430664,0.7384037942484477,1093.5986328125,0.118689626455307,1093.5986328125,0.7384037942484477
1737,20.64000129699707,77.9241714477539,0.7767433846568447,1098.416259765625,0.11201900243759155,1098.416259765625,0.7767433846568447
1738,20.671249389648438,76.24250030517578,0.7754531091471152,1081.587890625,0.11588752269744873,1081.587890625,0.7754531091471152
1739,20.477500915527344,74.87249755859375,0.7988204471927813,1101.01025390625,0.10193270444869995,1101.01025390625,0.7988204471927813
1740,20.55291748046875,76.85624694824219,0.7364401860474215,1095.6357421875,0.12122894823551178,1095.6357421875,0.7364401860474215
1741,20.680831909179688,76.7633285522461,0.7870728404561855,1085.009765625,0.10888773202896118,1085.009765625,0.7870728404561855
1742,20.72333335876465,75.65958404541016,0.7715964681879884,1102.6324462890625,0.12826168537139893,1102.6324462890625,0.7715964681879884
1743,20.857084274291992,75.9766616821289,0.7898514711559526,1112.2115478515625,0.11362145841121674,1112.2115478515625,0.7898514711559526
1744,20.944583892822266,78.33208465576172,0.7139908776932208,1105.5430908203125,0.12357011437416077,1105.5430908203125,0.7139908776932208
1745,20.69624900817871,75.67374420166016,0.7742670281024553,1131.2803955078125,0.10258619487285614,1131.2803955078125,0.7742670281024553
1746,20.550416946411133,77.63833618164062,0.7643905283543295,1067.38671875,0.12137748301029205,1067.38671875,0.7643905283543295
1747,20.680831909179688,76.56291961669922,0.7356399310383339,1092.9293212890625,0.10096563398838043,1092.9293212890625,0.7356399310383339
1748,20.584165573120117,76.80166625976562,0.7191692740778299,1109.9356689453125,0.12490816414356232,1109.9356689453125,0.7191692740778299
1749,20.485000610351562,77.01083374023438,0.7620404346298275,1099.043212890625,0.10571715235710144,1099.043212890625,0.7620404346298275
1750,20.662500381469727,77.36750030517578,0.7359521772529112,1085.7135009765625,0.10348726809024811,1085.7135009765625,0.7359521772529112
1751,20.31541633605957,76.84666442871094,0.7565919722168669,1090.409912109375,0.10780994594097137,1090.409912109375,0.7565919722168669
1752,20.542083740234375,77.05000305175781,0.7790319251494282,1101.3533935546875,0.10875247418880463,1101.3533935546875,0.7790319251494282
1753,20.54541778564453,76.70833587646484,0.7868819787876515,1070.4007568359375,0.10943658649921417,1070.4007568359375,0.7868819787876515
1754,20.79166603088379,77.74000549316406,0.7445498705472844,1107.03662109375,0.12834815680980682,1107.03662109375,0.7445498705472844
1755,20.413333892822266,76.80416870117188,0.7862609940597554,1101.1585693359375,0.11610859632492065,1101.1585693359375,0.7862609940597554
1756,20.670833587646484,76.56291961669922,0.7806480802976256,1111.9520263671875,0.10358138382434845,1111.9520263671875,0.7806480802976256
1757,20.68291664123535,76.15249633789062,0.7497288216250528,1072.03515625,0.11890925467014313,1072.03515625,0.7497288216250528
1758,20.796249389648438,77.5625,0.7600374109492347,1083.1585693359375,0.1139669120311737,1083.1585693359375,0.7600374109492347
1759,20.68166732788086,77.46333312988281,0.7971220524224778,1096.2198486328125,0.10575935244560242,1096.2198486328125,0.7971220524224778
1760,20.715831756591797,76.62958526611328,0.7454837444679521,1101.534423828125,0.11943104863166809,1101.534423828125,0.7454837444679521
1761,20.68375015258789,76.04791259765625,0.8046804936879584,1118.3836669921875,0.10484394431114197,1118.3836669921875,0.8046804936879584
1762,20.633333206176758,76.36041259765625,0.7789234044677367,1104.103759765625,0.10882435739040375,1104.103759765625,0.7789234044677367
1763,20.509166717529297,76.00499725341797,0.7677368026617621,1109.8515625,0.10484735667705536,1109.8515625,0.7677368026617621
1764,20.849584579467773,77.65250396728516,0.7656756689198415,1097.1002197265625,0.09981754422187805,1097.1002197265625,0.7656756689198415
1765,20.513750076293945,76.28499603271484,0.7317923821033578,1078.0970458984375,0.10824161767959595,1078.0970458984375,0.7317923821033578
1766,20.44208335876465,78.39250183105469,0.7901391810822695,1132.4403076171875,0.1098695695400238,1132.4403076171875,0.7901391810822695
1767,20.75,77.53666687011719,0.7582034677541003,1110.0751953125,0.10685335099697113,1110.0751953125,0.7582034677541003
1768,20.62041664123535,77.88624572753906,0.7765564681749382,1096.1279296875,0.10918420553207397,1096.1279296875,0.7765564681749382
1769,20.853750228881836,77.24041748046875,0.759273878629964,1079.7193603515625,0.11472788453102112,1079.7193603515625,0.759273878629964
1770,20.635000228881836,77.4241714477539,0.7584455267988249,1113.232666015625,0.11005634069442749,1113.232666015625,0.7584455267988249
1771,20.514999389648438,77.46417236328125,0.7846828258047023,1098.9652099609375,0.1368839293718338,1098.9652099609375,0.7846828258047023
1772,20.624584197998047,77.23249816894531,0.7554405786033327,1079.646484375,0.11285120248794556,1079.646484375,0.7554405786033327
1773,20.68666648864746,76.6187515258789,0.7664098938850172,1088.99755859375,0.10925714671611786,1088.99755859375,0.7664098938850172
1774,20.44124984741211,77.67749786376953,0.7850649699590836,1107.3116455078125,0.12031885981559753,1107.3116455078125,0.7850649699590836
1775,20.80291748046875,77.41749572753906,0.784732246443689,1116.2928466796875,0.10410290956497192,1116.2928466796875,0.784732246443689
1776,20.688749313354492,77.0566635131836,0.7446396668980627,1099.5679931640625,0.10165634751319885,1099.5679931640625,0.7446396668980627
1777,20.524166107177734,78.17041778564453,0.7588830551913301,1091.07177734375,0.11929331719875336,1091.07177734375,0.7588830551913301
1778,20.542083740234375,76.35416412353516,0.7803178632766603,1105.28857421875,0.10142046213150024,1105.28857421875,0.7803178632766603
1779,20.37583351135254,77.29791259765625,0.771205672924066,1101.2501220703125,0.11092658340930939,1101.2501220703125,0.771205672924066
1780,20.5766658782959,77.4937515258789,0.7527819636196003,1100.6414794921875,0.11232855916023254,1100.6414794921875,0.7527819636196003
1781,20.590417861938477,77.41458129882812,0.7863213437447797,1100.830078125,0.1080033928155899,1100.830078125,0.7863213437447797
1782,20.443334579467773,78.09249877929688,0.74375775896388,1087.3206787109375,0.10315649211406708,1087.3206787109375,0.74375775896388
1783,20.395000457763672,78.18791961669922,0.7449134753727296,1093.8751220703125,0.11929692327976227,1093.8751220703125,0.7449134753727296
1784,20.717500686645508,77.40833282470703,0.7587082706415643,1109.0447998046875,0.10969045758247375,1109.0447998046875,0.7587082706415643
1785,20.21875,76.7066650390625,0.7285683096500755,1092.763916015625,0.10265691578388214,1092.763916015625,0.7285683096500755
1786,20.582082748413086,77.12249755859375,0.7636595359781738,1097.9078369140625,0.096573606133461,1097.9078369140625,0.7636595359781738
1787,20.673749923706055,77.15166473388672,0.7579119354092885,1095.1258544921875,0.10372242331504822,1095.1258544921875,0.7579119354092885
1788,20.50291633605957,77.4054183959961,0.7994638348146459,1095.07861328125,0.1107235699892044,1095.07861328125,0.7994638348146459
1789,20.655000686645508,76.60708618164062,0.791785817082707,1085.418701171875,0.10711665451526642,1085.418701171875,0.791785817082707
1790,20.706249237060547,77.60499572753906,0.7266257292618241,1074.8438720703125,0.11342714726924896,1074.8438720703125,0.7266257292618241
1791,20.519582748413086,76.09375,0.7693448480305842,1095.838134765625,0.11267302930355072,1095.838134765625,0.7693448480305842
1792,20.755001068115234,76.35833740234375,0.7636300197620564,1096.2052001953125,0.1027144342660904,1096.2052001953125,0.7636300197620564
1793,20.52666664123535,77.56291961669922,0.7589774420043992,1096.8492431640625,0.10836757719516754,1096.8492431640625,0.7589774420043992
1794,20.691665649414062,77.07125091552734,0.7721377566602001,1079.0926513671875,0.12094514071941376,1079.0926513671875,0.7721377566602001
1795,20.562084197998047,77.28499603271484,0.7379021253239686,1098.95703125,0.10499666631221771,1098.95703125,0.7379021253239686
1796,20.62416648864746,76.60166931152344,0.7518807318084839,1095.4625244140625,0.10000348091125488,1095.4625244140625,0.7518807318084839
1797,20.768749237060547,76.29624938964844,0.7343130250670377,1082.5323486328125,0.10027408599853516,1082.5323486328125,0.7343130250670377
1798,20.641666412353516,77.5320816040039,0.7524217270266786,1094.6529541015625,0.11050114035606384,1094.6529541015625,0.7524217270266786
1799,20.677499771118164,76.77583312988281,0.7277759210425943,1084.0711669921875,0.11036962270736694,1084.0711669921875,0.7277759210425943
1800,20.588748931884766,75.8324966430664,0.7446911039634222,1066.839599609375,0.0999627560377121,1066.839599609375,0.7446911039634222
1801,20.417917251586914,77.07250213623047,0.7604578600987273,1110.1947021484375,0.09676681458950043,1110.1947021484375,0.7604578600987273
1802,20.45374870300293,76.82208251953125,0.7366943606514227,1073.7720947265625,0.11587095260620117,1073.7720947265625,0.7366943606514227
1803,20.323333740234375,77.10250091552734,0.765761081880084,1087.8392333984375,0.10096637904644012,1087.8392333984375,0.765761081880084
1804,20.820833206176758,77.0,0.7565626222895997,1089.9512939453125,0.11131562292575836,1089.9512939453125,0.7565626222895997
1805,20.61458396911621,78.02749633789062,0.7288797133337935,1086.4039306640625,0.1144084483385086,1086.4039306640625,0.7288797133337935
1806,21.074167251586914,77.45791625976562,0.756454168460762,1094.1689453125,0.10974788665771484,1094.1689453125,0.756454168460762
1807,20.725000381469727,76.72125244140625,0.7815609059359865,1086.507568359375,0.10423770546913147,1086.507568359375,0.7815609059359865
1808,20.437082290649414,76.98291778564453,0.7531579327569305,1098.168701171875,0.11748401820659637,1098.168701171875,0.7531579327569305
1809,19.108749389648438,77.49500274658203,0.773172799067616,1061.666015625,0.10477310419082642,1061.666015625,0.773172799067616
1810,20.54083251953125,77.01457977294922,0.740481533624103,1085.4876708984375,0.11766417324542999,1085.4876708984375,0.740481533624103
1811,20.745832443237305,75.87875366210938,0.7755799860001216,1109.9696044921875,0.10295708477497101,1109.9696044921875,0.7755799860001216
1812,20.706249237060547,76.61250305175781,0.7548958888604753,1095.2291259765625,0.11125905811786652,1095.2291259765625,0.7548958888604753
1813,20.742916107177734,76.23416900634766,0.7475927963403242,1073.921875,0.09225057065486908,1073.921875,0.7475927963403242
1814,20.938749313354492,76.93541717529297,0.7584164628973382,1090.352783203125,0.11321598291397095,1090.352783203125,0.7584164628973382
1815,20.47916603088379,76.51249694824219,0.7297353586081072,1091.2257080078125,0.10159425437450409,1091.2257080078125,0.7297353586081072
1816,20.644166946411133,76.74166870117188,0.7880209951755247,1072.3310546875,0.11761878430843353,1072.3310546875,0.7880209951755247
1817,20.678333282470703,76.69583892822266,0.7677967108741236,1114.2281494140625,0.10073740780353546,1114.2281494140625,0.7677967108741236
1818,20.397083282470703,76.88833618164062,0.7275264163728037,1079.7469482421875,0.10743831098079681,1079.7469482421875,0.7275264163728037
1819,20.60791778564453,76.40458679199219,0.7407759542801301,1091.7420654296875,0.10581809282302856,1091.7420654296875,0.7407759542801301
1820,20.602500915527344,77.49749755859375,0.7326876018869908,1081.677001953125,0.11950969696044922,1081.677001953125,0.7326876018869908
1821,20.69416618347168,77.47666931152344,0.7783532703975964,1108.4705810546875,0.10560494661331177,1108.4705810546875,0.7783532703975964
1822,20.66208267211914,76.16458892822266,0.7791089050744391,1082.70068359375,0.11360567808151245,1082.70068359375,0.7791089050744391
1823,20.577083587646484,76.48041534423828,0.7232789606271453,1086.6820068359375,0.1050051897764206,1086.6820068359375,0.7232789606271453
1824,20.49333381652832,75.68416595458984,0.7470515999794395,1069.21240234375,0.11739647388458252,1069.21240234375,0.7470515999794395
1825,20.727083206176758,76.38333129882812,0.7657281253854644,1091.453125,0.11026975512504578,1091.453125,0.7657281253854644
1826,20.681249618530273,76.694580078125,0.7336856517148324,1075.873779296875,0.11337988078594208,1075.873779296875,0.7336856517148324
1827,20.51166534423828,76.50208282470703,0.8011225771814906,1095.509521484375,0.10703840851783752,1095.509521484375,0.8011225771814906
1828,20.54458236694336,76.37541961669922,0.7690129718156575,1082.487548828125,0.1029592752456665,1082.487548828125,0.7690129718156575
1829,20.559999465942383,76.40499877929688,0.7721399938547042,1079.0057373046875,0.10983534157276154,1079.0057373046875,0.7721399938547042
1830,20.573333740234375,78.52749633789062,0.7353455599406383,1070.9652099609375,0.12026777863502502,1070.9652099609375,0.7353455599406383
1831,20.751249313354492,76.19666290283203,0.7808939388095519,1099.2611083984375,0.10150942206382751,1099.2611083984375,0.7808939388095519
1832,20.677499771118164,76.46583557128906,0.7643760469718817,1095.127197265625,0.11299344897270203,1095.127197265625,0.7643760469718817
1833,20.391666412353516,77.50333404541016,0.7403269001227055,1091.34716796875,0.1255161166191101,1091.34716796875,0.7403269001227055
1834,20.354999542236328,75.58458709716797,0.7705029631934828,1082.0018310546875,0.10771027207374573,1082.0018310546875,0.7705029631934828
1835,20.539165496826172,77.51083374023438,0.7853781190032991,1087.6341552734375,0.10581201314926147,1087.6341552734375,0.7853781190032991
1836,20.44124984741211,76.7437515258789,0.7724445426441091,1092.0692138671875,0.10629096627235413,1092.0692138671875,0.7724445426441091
1837,20.534584045410156,77.01958465576172,0.7758264202508474,1103.0018310546875,0.10471202433109283,1103.0018310546875,0.7758264202508474
1838,20.583749771118164,77.77166748046875,0.7661483968983342,1059.7034912109375,0.1214371770620346,1059.7034912109375,0.7661483968983342
1839,20.636667251586914,76.54291534423828,0.7409496931143819,1079.3680419921875,0.0946822315454483,1079.3680419921875,0.7409496931143819
1840,20.5575008392334,77.09041595458984,0.7386316503745594,1053.30712890625,0.11216753721237183,1053.30712890625,0.7386316503745594
1841,20.316665649414062,76.25875091552734,0.7316329054114694,1073.133544921875,0.10606271028518677,1073.133544921875,0.7316329054114694
1842,20.35791778564453,74.82125091552734,0.7518790410479746,1096.6656494140625,0.10528023540973663,1096.6656494140625,0.7518790410479746
1843,20.602500915527344,75.63041687011719,0.7819025409020494,1080.1129150390625,0.11626732349395752,1080.1129150390625,0.7819025409020494
1844,20.57124900817871,75.34833526611328,0.7749657180069704,1113.427490234375,0.10467319190502167,1113.427490234375,0.7749657180069704
1845,20.66374969482422,76.38499450683594,0.7782208592002999,1077.5640869140625,0.10282948613166809,1077.5640869140625,0.7782208592002999
1846,20.48291778564453,76.7558364868164,0.7695191212816022,1087.353759765625,0.09578979015350342,1087.353759765625,0.7695191212816022
1847,20.54166603088379,76.53958129882812,0.754272098724832,1094.5694580078125,0.11103397607803345,1094.5694580078125,0.754272098724832
1848,20.637083053588867,76.22249603271484,0.7743637142162336,1082.974609375,0.09842319786548615,1082.974609375,0.7743637142162336
1849,20.44208335876465,75.92666625976562,0.7414227841245872,1061.1795654296875,0.10823513567447662,1061.1795654296875,0.7414227841245872
1850,20.573749542236328,76.84916687011719,0.7914087873003239,1102.8548583984375,0.10773764550685883,1102.8548583984375,0.7914087873003239
1851,20.554582595825195,76.5008316040039,0.7364116254144522,1087.7847900390625,0.11934728920459747,1087.7847900390625,0.7364116254144522
1852,20.55500030517578,75.8929214477539,0.7555243894165036,1087.889892578125,0.10825543105602264,1087.889892578125,0.7555243894165036
1853,20.53208351135254,76.87750244140625,0.7281325273285115,1070.7764892578125,0.11197209358215332,1070.7764892578125,0.7281325273285115
1854,20.48291778564453,76.20417022705078,0.7734178869979949,1098.334228515625,0.1079956442117691,1098.334228515625,0.7734178869979949
1855,20.360000610351562,77.2612533569336,0.7756417695530774,1088.18115234375,0.10699182748794556,1088.18115234375,0.7756417695530774
1856,20.556249618530273,76.71708679199219,0.7783979531984254,1115.229248046875,0.10136717557907104,1115.229248046875,0.7783979531984254
1857,20.592082977294922,76.2941665649414,0.7777324875564121,1072.381591796875,0.10615706443786621,1072.381591796875,0.7777324875564121
1858,20.4858341217041,76.48041534423828,0.7506869729233894,1080.3839111328125,0.10649833083152771,1080.3839111328125,0.7506869729233894
1859,20.437917709350586,76.69249725341797,0.7599076484123234,1097.791748046875,0.10894297063350677,1097.791748046875,0.7599076484123234
1860,20.466665267944336,77.20000457763672,0.7629246961590472,1088.5557861328125,0.11744606494903564,1088.5557861328125,0.7629246961590472
1861,20.74250030517578,77.05875396728516,0.7526240695975918,1117.604248046875,0.10429705679416656,1117.604248046875,0.7526240695975918
1862,20.635000228881836,77.09000396728516,0.7653369350992869,1091.9576416015625,0.10509726405143738,1091.9576416015625,0.7653369350992869
1863,20.40708351135254,75.97708129882812,0.7577842437908777,1090.821044921875,0.10905751585960388,1090.821044921875,0.7577842437908777
1864,20.68000030517578,76.44833374023438,0.7738272322960909,1080.195068359375,0.10513971745967865,1080.195068359375,0.7738272322960909
1865,20.670833587646484,77.88833618164062,0.7961505370642767,1098.62451171875,0.10710369050502777,1098.62451171875,0.7961505370642767
1866,20.523334503173828,76.69249725341797,0.7633629703667578,1079.12158203125,0.10235826671123505,1079.12158203125,0.7633629703667578
1867,20.420833587646484,76.18250274658203,0.7662202084685669,1095.9771728515625,0.10302762687206268,1095.9771728515625,0.7662202084685669
1868,20.80000114440918,77.46417236328125,0.7637175331738133,1072.969970703125,0.10739265382289886,1072.969970703125,0.7637175331738133
1869,20.72916603088379,77.5929183959961,0.7831903120896193,1090.9412841796875,0.09792929887771606,1090.9412841796875,0.7831903120896193
1870,20.704166412353516,78.01041412353516,0.7838243744013583,1066.8626708984375,0.10355569422245026,1066.8626708984375,0.7838243744013583
1871,20.64291763305664,77.79582977294922,0.7987402052041424,1108.93603515625,0.10399176180362701,1108.93603515625,0.7987402052041424
1872,20.770000457763672,77.83208465576172,0.7905554543669558,1072.8795166015625,0.10454115271568298,1072.8795166015625,0.7905554543669558
1873,20.565000534057617,77.05833435058594,0.7695208359513638,1093.74560546875,0.10469536483287811,1093.74560546875,0.7695208359513638
1874,20.610416412353516,77.41958618164062,0.7462931019485204,1080.5042724609375,0.10307946801185608,1080.5042724609375,0.7462931019485204
1875,21.02250099182129,76.77791595458984,0.7717826061215738,1067.4443359375,0.10519333183765411,1067.4443359375,0.7717826061215738
1876,20.77541732788086,76.33499908447266,0.7496868362525358,1075.4578857421875,0.09414298832416534,1075.4578857421875,0.7496868362525358
1877,20.461666107177734,76.76750183105469,0.7644952578343636,1094.0977783203125,0.11446723341941833,1094.0977783203125,0.7644952578343636
1878,20.607500076293945,76.4191665649414,0.7629967464284013,1097.99462890625,0.0979958325624466,1097.99462890625,0.7629967464284013
1879,21.012083053588867,79.02625274658203,0.7989914228830741,1106.35888671875,0.09512670338153839,1106.35888671875,0.7989914228830741
1880,20.45541763305664,77.34708404541016,0.75970754760507,1085.939208984375,0.10722139477729797,1085.939208984375,0.75970754760507
1881,20.71666717529297,77.52207946777344,0.7443144681568332,1108.5,0.11824901401996613,1108.5,0.7443144681568332
1882,20.75749969482422,77.41708374023438,0.7740788467294873,1113.75048828125,0.11303608119487762,1113.75048828125,0.7740788467294873
1883,20.78125,77.11624908447266,0.7766026687914821,1108.9481201171875,0.09601064026355743,1108.9481201171875,0.7766026687914821
1884,20.458749771118164,75.9816665649414,0.7359673359561245,1067.330810546875,0.11031264066696167,1067.330810546875,0.7359673359561245
1885,20.489999771118164,76.5945816040039,0.747429775905234,1086.009765625,0.0973234623670578,1086.009765625,0.747429775905234
1886,20.708332061767578,77.47125244140625,0.7584661070150854,1080.7120361328125,0.10790589451789856,1080.7120361328125,0.7584661070150854
1887,20.550832748413086,76.55583953857422,0.7680310174693884,1074.2431640625,0.09983901679515839,1074.2431640625,0.7680310174693884
1888,20.646665573120117,77.44332885742188,0.7657614678149143,1068.814697265625,0.11217506229877472,1068.814697265625,0.7657614678149143
1889,20.730417251586914,77.18624877929688,0.7714417612439368,1060.064453125,0.10656575858592987,1060.064453125,0.7714417612439368
1890,20.59666633605957,77.4375,0.8083902045450237,1077.3135986328125,0.10935528576374054,1077.3135986328125,0.8083902045450237
1891,20.553333282470703,77.20874786376953,0.7528839940916566,1070.2606201171875,0.09399469196796417,1070.2606201171875,0.7528839940916566
1892,20.56708335876465,77.56291961669922,0.7804964674559427,1075.14599609375,0.10297606885433197,1075.14599609375,0.7804964674559427
1893,20.34749984741211,76.66374969482422,0.7347879633839932,1079.961181640625,0.10287286341190338,1079.961181640625,0.7347879633839932
1894,20.59375,78.27041625976562,0.7801076595717428,1107.2110595703125,0.09904715418815613,1107.2110595703125,0.7801076595717428
1895,20.55875015258789,78.4000015258789,0.7819226264327905,1105.9173583984375,0.10613073408603668,1105.9173583984375,0.7819226264327905
1896,20.272083282470703,77.22541809082031,0.7936455214414291,1085.593994140625,0.10023649036884308,1085.593994140625,0.7936455214414291
1897,20.387916564941406,76.04916381835938,0.7685766772859983,1084.887451171875,0.10032619535923004,1084.887451171875,0.7685766772859983
1898,20.40541648864746,77.1187515258789,0.7217705511575363,1102.939697265625,0.10843366384506226,1102.939697265625,0.7217705511575363
1899,20.478334426879883,78.55958557128906,0.7677739932153913,1075.662353515625,0.10734976828098297,1075.662353515625,0.7677739932153913
1900,20.632083892822266,78.1795883178711,0.7758407657232163,1097.693115234375,0.1026792973279953,1097.693115234375,0.7758407657232163
1901,20.209583282470703,76.19291687011719,0.7770682551035362,1094.2437744140625,0.10082919895648956,1094.2437744140625,0.7770682551035362
1902,20.40333366394043,76.30207824707031,0.7723522677959861,1070.2100830078125,0.11597926914691925,1070.2100830078125,0.7723522677959861
1903,20.463748931884766,77.68624877929688,0.761102491820064,1083.895751953125,0.10778041183948517,1083.895751953125,0.761102491820064
1904,20.431665420532227,76.36958312988281,0.7712387019743001,1062.110107421875,0.10183295607566833,1062.110107421875,0.7712387019743001
1905,20.39083480834961,76.86666870117188,0.7548031302025829,1091.833740234375,0.09873822331428528,1091.833740234375,0.7548031302025829
1906,20.53583335876465,77.56417083740234,0.7527133552768052,1069.4801025390625,0.10430559515953064,1069.4801025390625,0.7527133552768052
1907,20.519166946411133,76.93083190917969,0.7393898824660665,1089.0989990234375,0.11077751219272614,1089.0989990234375,0.7393898824660665
1908,20.539583206176758,76.47332763671875,0.7363039583785177,1051.051513671875,0.1052480936050415,1051.051513671875,0.7363039583785177
1909,20.805416107177734,76.7308349609375,0.74619989497537,1088.655029296875,0.11293579638004303,1088.655029296875,0.74619989497537
1910,20.626667022705078,78.03791809082031,0.7583935094662313,1082.74853515625,0.09525850415229797,1082.74853515625,0.7583935094662313
1911,20.579166412353516,76.82292175292969,0.7883777794507805,1100.28857421875,0.09696781635284424,1100.28857421875,0.7883777794507805
1912,20.535417556762695,76.99958038330078,0.8042184971622931,1107.466796875,0.10141143202781677,1107.466796875,0.8042184971622931
1913,20.53125,77.4124984741211,0.7729883998058547,1096.2337646484375,0.11083188652992249,1096.2337646484375,0.7729883998058547
1914,20.692916870117188,76.87833404541016,0.7560428869427989,1075.69873046875,0.10407562553882599,1075.69873046875,0.7560428869427989
1915,20.835416793823242,77.9000015258789,0.7703543548819027,1083.6207275390625,0.0985729843378067,1083.6207275390625,0.7703543548819027
1916,20.656665802001953,77.06291961669922,0.7370289807949955,1061.0823974609375,0.1015155017375946,1061.0823974609375,0.7370289807949955
1917,20.277082443237305,76.53624725341797,0.7514552700663643,1059.63330078125,0.11124245822429657,1059.63330078125,0.7514552700663643
1918,20.29541778564453,76.58625030517578,0.7788328499127022,1079.973388671875,0.12134778499603271,1079.973388671875,0.7788328499127022
1919,20.579999923706055,77.74124908447266,0.7612191164805167,1087.7464599609375,0.11318208277225494,1087.7464599609375,0.7612191164805167
1920,20.390417098999023,76.23374938964844,0.7453016107900845,1072.6514892578125,0.09603773057460785,1072.6514892578125,0.7453016107900845
1921,20.775833129882812,77.1612548828125,0.779491980701485,1060.1690673828125,0.10409076511859894,1060.1690673828125,0.779491980701485
1922,20.554582595825195,77.16083526611328,0.7672031708409023,1064.9598388671875,0.10361362993717194,1064.9598388671875,0.7672031708409023
1923,20.632083892822266,77.35041046142578,0.7888532666316057,1078.813232421875,0.10867498815059662,1078.813232421875,0.7888532666316057
1924,20.678749084472656,76.30708312988281,0.7819715626911181,1084.215087890625,0.10465636849403381,1084.215087890625,0.7819715626911181
1925,20.54166603088379,76.68708801269531,0.7379305301009143,1071.9197998046875,0.1106158196926117,1071.9197998046875,0.7379305301009143
1926,20.52666664123535,76.09041595458984,0.7506847686899736,1068.6597900390625,0.09639246761798859,1068.6597900390625,0.7506847686899736
1927,20.50749969482422,75.74124908447266,0.7972333561217725,1088.4278564453125,0.10199585556983948,1088.4278564453125,0.7972333561217725
1928,20.467500686645508,76.40833282470703,0.7619118235635579,1058.2744140625,0.10367946326732635,1058.2744140625,0.7619118235635579
1929,20.651248931884766,76.13999938964844,0.7794282755728343,1053.9061279296875,0.10742934048175812,1053.9061279296875,0.7794282755728343
1930,20.679582595825195,77.26791381835938,0.7730036053657242,1070.345703125,0.10190674662590027,1070.345703125,0.7730036053657242
1931,20.559165954589844,76.32125091552734,0.7544832185473835,1091.933837890625,0.1113215982913971,1091.933837890625,0.7544832185473835
1932,20.31624984741211,76.2995834350586,0.7186128486121517,1074.3502197265625,0.10139887034893036,1074.3502197265625,0.7186128486121517
1933,20.408334732055664,76.05999755859375,0.7495688470700407,1049.6707763671875,0.10584458708763123,1049.6707763671875,0.7495688470700407
1934,20.585832595825195,77.77708435058594,0.7604899415101218,1084.4039306640625,0.10649687051773071,1084.4039306640625,0.7604899415101218
1935,20.36541748046875,76.57499694824219,0.7487979879337358,1075.927490234375,0.10786409676074982,1075.927490234375,0.7487979879337358
1936,20.667917251586914,76.53958129882812,0.7597687605107346,1071.8380126953125,0.10186588764190674,1071.8380126953125,0.7597687605107346
1937,20.630001068115234,76.8445816040039,0.7785982536064283,1055.3851318359375,0.11268825829029083,1055.3851318359375,0.7785982536064283
1938,20.577083587646484,76.25499725341797,0.7631493410384639,1060.0528564453125,0.10328078269958496,1060.0528564453125,0.7631493410384639
1939,20.679582595825195,76.80916595458984,0.7162966125284023,1065.2269287109375,0.10153946280479431,1065.2269287109375,0.7162966125284023
1940,20.83791732788086,76.92000579833984,0.7648889620525299,1077.929931640625,0.10201303660869598,1077.929931640625,0.7648889620525299
1941,20.780000686645508,76.41875457763672,0.7708204122908427,1081.6617431640625,0.09833422303199768,1081.6617431640625,0.7708204122908427
1942,20.39875030517578,76.69499969482422,0.7992584651746131,1085.262939453125,0.10167121887207031,1085.262939453125,0.7992584651746131
1943,20.484167098999023,75.74541473388672,0.7607688745620396,1093.7703857421875,0.09876438975334167,1093.7703857421875,0.7607688745620396
1944,20.444583892822266,76.53292083740234,0.7710448132596225,1086.523681640625,0.10825631022453308,1086.523681640625,0.7710448132596225
1945,20.569583892822266,76.7762451171875,0.7501280807049855,1084.8504638671875,0.10338611900806427,1084.8504638671875,0.7501280807049855
1946,20.646249771118164,76.3870849609375,0.7849479751077033,1092.61572265625,0.09692981839179993,1092.61572265625,0.7849479751077033
1947,20.511249542236328,76.20249938964844,0.7836661055100383,1048.726318359375,0.10590671002864838,1048.726318359375,0.7836661055100383
1948,20.38166618347168,76.34583282470703,0.7550809629208914,1081.745361328125,0.10944387316703796,1081.745361328125,0.7550809629208914
1949,20.34375,75.61708068847656,0.7666189479966492,1065.099365234375,0.1056021898984909,1065.099365234375,0.7666189479966492
1950,20.599166870117188,76.57374572753906,0.7961962295011826,1103.897705078125,0.09527410566806793,1103.897705078125,0.7961962295011826
1951,20.385833740234375,76.46583557128906,0.7694356497021525,1067.3975830078125,0.10335290431976318,1067.3975830078125,0.7694356497021525
1952,20.353334426879883,75.9054183959961,0.799887866426191,1088.486083984375,0.09781292080879211,1088.486083984375,0.799887866426191
1953,20.424999237060547,76.22624969482422,0.7702118623224586,1062.8592529296875,0.10092590749263763,1062.8592529296875,0.7702118623224586
1954,20.350000381469727,75.99124908447266,0.7786521899222086,1076.84033203125,0.10781478881835938,1076.84033203125,0.7786521899222086
1955,20.264583587646484,76.04291534423828,0.7296823425670435,1079.603759765625,0.09993100166320801,1079.603759765625,0.7296823425670435
1956,20.56333351135254,75.93291473388672,0.7528102788727994,1075.7001953125,0.10019434988498688,1075.7001953125,0.7528102788727994
1957,20.55208396911621,76.9487533569336,0.7611390499984734,1079.634521484375,0.10830272734165192,1079.634521484375,0.7611390499984734
1958,20.629165649414062,76.75666809082031,0.789305832454465,1079.57275390625,0.09935472905635834,1079.57275390625,0.789305832454465
1959,20.814167022705078,76.60124969482422,0.8049119768991475,1048.0054931640625,0.10126829147338867,1048.0054931640625,0.8049119768991475
1960,20.334165573120117,75.4254150390625,0.7797350040294244,1056.13525390625,0.09603486955165863,1056.13525390625,0.7797350040294244
1961,20.385000228881836,75.71208190917969,0.7686382978909176,1059.3048095703125,0.10229510068893433,1059.3048095703125,0.7686382978909176
1962,20.6391658782959,76.7245864868164,0.7899028750869982,1091.9530029296875,0.10223178565502167,1091.9530029296875,0.7899028750869982
1963,20.569583892822266,76.17416381835938,0.8057646508123153,1078.2462158203125,0.09821304678916931,1078.2462158203125,0.8057646508123153
1964,20.511249542236328,76.73958587646484,0.7865751065071964,1062.80712890625,0.10514163970947266,1062.80712890625,0.7865751065071964
1965,20.37583351135254,74.99541473388672,0.7495457016749801,1080.581787109375,0.10764816403388977,1080.581787109375,0.7495457016749801
1966,20.579999923706055,75.38333892822266,0.7980871499215948,1086.995361328125,0.08953242003917694,1086.995361328125,0.7980871499215948
1967,20.31999969482422,76.42583465576172,0.772923433124743,1048.4632568359375,0.10910847783088684,1048.4632568359375,0.772923433124743
1968,20.439167022705078,76.18416595458984,0.7970430748729009,1073.3387451171875,0.1054392158985138,1073.3387451171875,0.7970430748729009
1969,20.40333366394043,75.74666595458984,0.7782562929160245,1059.088134765625,0.08894945681095123,1059.088134765625,0.7782562929160245
1970,20.29166603088379,76.49958038330078,0.7923706476553826,1075.47900390625,0.09484410285949707,1075.47900390625,0.7923706476553826
1971,20.657501220703125,76.1187515258789,0.7450908071214296,1059.9661865234375,0.10202786326408386,1059.9661865234375,0.7450908071214296
1972,20.34083366394043,75.44291687011719,0.7511265895410403,1070.094970703125,0.10666492581367493,1070.094970703125,0.7511265895410403
1973,20.484582901000977,75.8066635131836,0.7812163017542456,1065.8797607421875,0.09352251887321472,1065.8797607421875,0.7812163017542456
1974,20.553749084472656,76.14916229248047,0.7869028754452497,1073.4776611328125,0.0972612202167511,1073.4776611328125,0.7869028754452497
1975,20.19791603088379,77.0008316040039,0.7444571832003375,1060.32958984375,0.1075829416513443,1060.32958984375,0.7444571832003375
1976,20.275833129882812,76.65791320800781,0.8026495476251458,1073.1024169921875,0.08991074562072754,1073.1024169921875,0.8026495476251458
1977,20.36458396911621,75.73750305175781,0.7741852405888954,1076.2091064453125,0.11455072462558746,1076.2091064453125,0.7741852405888954
1978,20.519166946411133,75.26625061035156,0.7777923801653333,1057.570068359375,0.1116504967212677,1057.570068359375,0.7777923801653333
1979,20.52666664123535,75.48124694824219,0.7958302111369513,1088.3577880859375,0.09104259312152863,1088.3577880859375,0.7958302111369513
1980,20.530834197998047,76.20124816894531,0.7733625890027042,1063.2666015625,0.09737055003643036,1063.2666015625,0.7733625890027042
1981,20.16083335876465,76.2874984741211,0.7814384537282788,1070.6707763671875,0.10084348917007446,1070.6707763671875,0.7814384537282788
1982,20.232500076293945,76.06708526611328,0.7631488067647119,1038.23388671875,0.09973415732383728,1038.23388671875,0.7631488067647119
1983,20.476665496826172,75.57083129882812,0.7961134681248724,1096.525146484375,0.11093400418758392,1096.525146484375,0.7961134681248724
1984,20.31541633605957,76.20999908447266,0.774142404556811,1054.1766357421875,0.10210342705249786,1054.1766357421875,0.774142404556811
1985,20.47624969482422,76.40499877929688,0.7916002090544138,1080.7509765625,0.0879802256822586,1080.7509765625,0.7916002090544138
1986,20.405000686645508,75.48500061035156,0.7589530773368521,1059.074951171875,0.10086080431938171,1059.074951171875,0.7589530773368521
1987,20.326250076293945,75.00041961669922,0.7396354630219799,1066.8544921875,0.09820593893527985,1066.8544921875,0.7396354630219799
1988,20.364999771118164,76.54374694824219,0.7836834651623952,1061.1756591796875,0.09896203875541687,1061.1756591796875,0.7836834651623952
1989,20.36541748046875,75.88375091552734,0.7605597516049398,1066.7764892578125,0.11355538666248322,1066.7764892578125,0.7605597516049398
1990,20.38166618347168,76.2629165649414,0.786376588386776,1063.0028076171875,0.10450159013271332,1063.0028076171875,0.786376588386776
1991,20.339582443237305,76.6500015258789,0.7760531468555074,1086.46630859375,0.09843559563159943,1086.46630859375,0.7760531468555074
1992,20.13166618347168,76.81749725341797,0.7732646753993123,1058.8505859375,0.10140050947666168,1058.8505859375,0.7732646753993123
1993,20.327499389648438,76.28125,0.7657995584503661,1096.337646484375,0.0967477411031723,1096.337646484375,0.7657995584503661
1994,20.230833053588867,76.15416717529297,0.777341054004802,1061.3131103515625,0.10231311619281769,1061.3131103515625,0.777341054004802
1995,20.450416564941406,76.3125,0.7988225974144516,1085.9267578125,0.10212244093418121,1085.9267578125,0.7988225974144516
1996,20.210834503173828,75.60750579833984,0.7791837350674294,1078.8123779296875,0.10575222969055176,1078.8123779296875,0.7791837350674294
1997,20.423749923706055,76.88458251953125,0.7793685120500974,1062.9466552734375,0.08613535761833191,1062.9466552734375,0.7793685120500974
1998,20.50874900817871,76.22833251953125,0.7709927136161999,1052.372314453125,0.09187361598014832,1052.372314453125,0.7709927136161999
1999,20.35708236694336,75.41791534423828,0.7959066301152338,1094.39990234375,0.09028229117393494,1094.39990234375,0.7959066301152338
2000,20.566665649414062,75.9487533569336,0.7555162917333408,1078.770263671875,0.1102379560470581,1078.770263671875,0.7555162917333408
2001,19.94208335876465,74.29374694824219,0.7538873854919792,1094.2822265625,0.09353844821453094,1094.2822265625,0.7538873854919792
2002,20.508333206176758,76.2804183959961,0.7833555103242732,1055.5450439453125,0.09336856007575989,1055.5450439453125,0.7833555103242732
2003,20.3266658782959,76.04167175292969,0.7686987248238054,1053.111083984375,0.09271843731403351,1053.111083984375,0.7686987248238054
2004,20.399166107177734,74.61958312988281,0.7918576703623343,1063.6815185546875,0.09984385967254639,1063.6815185546875,0.7918576703623343
2005,20.44124984741211,75.37833404541016,0.7590257676781257,1063.13720703125,0.1068541556596756,1063.13720703125,0.7590257676781257
2006,20.248750686645508,76.34375,0.7570537694191531,1067.6778564453125,0.106559157371521,1067.6778564453125,0.7570537694191531
2007,20.2450008392334,76.7195816040039,0.7710973263861691,1079.55859375,0.09110185503959656,1079.55859375,0.7710973263861691
2008,20.141250610351562,75.71875,0.7437026399678909,1063.8870849609375,0.10589121282100677,1063.8870849609375,0.7437026399678909
2009,20.263750076293945,76.19332885742188,0.7578211382328134,1071.037841796875,0.10498520731925964,1071.037841796875,0.7578211382328134
2010,20.429166793823242,75.18208312988281,0.7746744117895927,1054.129638671875,0.09800681471824646,1054.129638671875,0.7746744117895927
2011,20.447917938232422,77.26166534423828,0.7487823639841109,1075.7430419921875,0.09929394721984863,1075.7430419921875,0.7487823639841109
2012,20.449583053588867,75.52000427246094,0.7630900058675638,1087.24951171875,0.08823686838150024,1087.24951171875,0.7630900058675638
2013,20.410417556762695,76.3949966430664,0.7805160871958323,1056.223876953125,0.0984610915184021,1056.223876953125,0.7805160871958323
2014,20.48833465576172,76.66458129882812,0.7661944629794539,1072.90234375,0.08982206881046295,1072.90234375,0.7661944629794539
2015,20.3487491607666,75.42041778564453,0.7551277224625244,1067.7503662109375,0.09325411915779114,1067.7503662109375,0.7551277224625244
2016,19.969999313354492,75.76249694824219,0.7274076217358713,1064.69189453125,0.1035209447145462,1064.69189453125,0.7274076217358713
2017,20.477500915527344,75.38874816894531,0.7893537036110013,1063.1226806640625,0.09346258640289307,1063.1226806640625,0.7893537036110013
2018,20.463748931884766,74.87833404541016,0.7457643013069528,1071.629150390625,0.09876301884651184,1071.629150390625,0.7457643013069528
2019,20.920833587646484,76.375,0.7617183619062715,1059.05908203125,0.09906066954135895,1059.05908203125,0.7617183619062715
2020,20.60124969482422,76.68624877929688,0.7911389258528092,1049.5830078125,0.1000969409942627,1049.5830078125,0.7911389258528092
2021,20.51624870300293,76.89958190917969,0.7541894262410429,1066.494140625,0.09963315725326538,1066.494140625,0.7541894262410429
2022,20.161666870117188,76.2137451171875,0.7478779435912359,1074.745849609375,0.10588382184505463,1074.745849609375,0.7478779435912359
2023,20.26166534423828,76.15291595458984,0.7684853466014229,1086.606201171875,0.10531733930110931,1086.606201171875,0.7684853466014229
2024,20.441665649414062,76.26333618164062,0.7939071720368395,1058.852783203125,0.09034626185894012,1058.852783203125,0.7939071720368395
2025,20.477083206176758,75.24166870117188,0.7603094290417923,1058.6837158203125,0.10737697780132294,1058.6837158203125,0.7603094290417923
2026,20.4183349609375,76.63957977294922,0.8114086108312005,1072.7911376953125,0.093608558177948,1072.7911376953125,0.8114086108312005
2027,20.62291717529297,76.02499389648438,0.7853057748680914,1083.1968994140625,0.10817475616931915,1083.1968994140625,0.7853057748680914
2028,20.626249313354492,75.8758316040039,0.8012989191653883,1063.96630859375,0.10259237885475159,1063.96630859375,0.8012989191653883
2029,20.776248931884766,76.39250183105469,0.7895143012604984,1073.0274658203125,0.09462380409240723,1073.0274658203125,0.7895143012604984
2030,20.533748626708984,74.79042053222656,0.7751238835453477,1048.965087890625,0.09633177518844604,1048.965087890625,0.7751238835453477
2031,20.323333740234375,77.29916381835938,0.7985699449999459,1098.8060302734375,0.10266882181167603,1098.8060302734375,0.7985699449999459
2032,20.286251068115234,76.13875579833984,0.7832569307112889,1049.2691650390625,0.10793426632881165,1049.2691650390625,0.7832569307112889
2033,20.701250076293945,75.86499786376953,0.7641254246567051,1067.074951171875,0.10450269281864166,1067.074951171875,0.7641254246567051
2034,20.42708396911621,75.89083099365234,0.7756987762486514,1077.2919921875,0.09566362202167511,1077.2919921875,0.7756987762486514
2035,20.603750228881836,75.8254165649414,0.7872868985689098,1080.332763671875,0.08986937999725342,1080.332763671875,0.7872868985689098
2036,20.424999237060547,76.15416717529297,0.7806146942735146,1084.15087890625,0.10078106820583344,1084.15087890625,0.7806146942735146
2037,20.433334350585938,76.75374603271484,0.748498652589505,1075.517333984375,0.09984776377677917,1075.517333984375,0.748498652589505
2038,20.611249923706055,75.54875183105469,0.7596238502181893,1024.5369873046875,0.10150450468063354,1024.5369873046875,0.7596238502181893
2039,20.3075008392334,76.32958221435547,0.7859602388256143,1050.4468994140625,0.09607400000095367,1050.4468994140625,0.7859602388256143
2040,20.163333892822266,75.774169921875,0.8014421038506858,1077.6331787109375,0.08894281089305878,1077.6331787109375,0.8014421038506858
2041,20.448333740234375,75.9487533569336,0.7493887899151863,1065.84423828125,0.09249289333820343,1065.84423828125,0.7493887899151863
2042,20.398334503173828,76.68083190917969,0.7782404978489874,1073.21044921875,0.08215975761413574,1073.21044921875,0.7782404978489874
2043,20.53708267211914,75.42958068847656,0.7985894783265417,1082.050537109375,0.09429554641246796,1082.050537109375,0.7985894783265417
2044,20.387083053588867,76.07416534423828,0.8084512062923335,1084.9708251953125,0.09456859529018402,1084.9708251953125,0.8084512062923335
2045,20.63249969482422,75.8741683959961,0.7801352195961743,1073.9366455078125,0.09164310991764069,1073.9366455078125,0.7801352195961743
2046,20.414583206176758,76.29791259765625,0.7647576492207522,1050.6439208984375,0.10857941210269928,1050.6439208984375,0.7647576492207522
2047,20.61458396911621,76.46833038330078,0.8103241479184555,1082.773193359375,0.09028658270835876,1082.773193359375,0.8103241479184555
2048,20.320417404174805,76.0824966430664,0.7715314213800325,1056.6461181640625,0.09660318493843079,1056.6461181640625,0.7715314213800325
2049,20.414165496826172,75.8558349609375,0.7778089389502234,1034.08349609375,0.10770577192306519,1034.08349609375,0.7778089389502234
2050,20.188751220703125,74.68708038330078,0.8217092802623392,1070.2869873046875,0.08322592079639435,1070.2869873046875,0.8217092802623392
2051,20.424165725708008,75.63499450683594,0.7713067896293146,1074.2999267578125,0.08578333258628845,1074.2999267578125,0.7713067896293146
2052,20.410417556762695,76.04458618164062,0.7760215381495827,1033.7037353515625,0.10915090143680573,1033.7037353515625,0.7760215381495827
2053,20.590417861938477,76.26374816894531,0.7655808780175218,1051.027099609375,0.09663760662078857,1051.027099609375,0.7655808780175218
2054,20.55291748046875,75.52166748046875,0.7928532378974504,1079.4658203125,0.1004948765039444,1079.4658203125,0.7928532378974504
2055,20.37125015258789,75.27999877929688,0.7758647578333261,1041.8836669921875,0.08912566304206848,1041.8836669921875,0.7758647578333261
2056,20.130834579467773,76.27708435058594,0.77140400242577,1058.6473388671875,0.0965985357761383,1058.6473388671875,0.77140400242577
2057,20.31166648864746,76.45166778564453,0.7836385611384317,1046.8519287109375,0.0901966243982315,1046.8519287109375,0.7836385611384317
2058,20.588748931884766,75.53750610351562,0.7715393166207911,1078.0625,0.08960554003715515,1078.0625,0.7715393166207911
2059,20.1512508392334,75.74708557128906,0.7616075603712518,1082.4072265625,0.09432099759578705,1082.4072265625,0.7616075603712518
2060,20.306249618530273,75.88291931152344,0.7803543693151523,1065.4210205078125,0.09058605134487152,1065.4210205078125,0.7803543693151523
2061,20.280834197998047,77.17208099365234,0.792317864195305,1050.59912109375,0.07992565631866455,1050.59912109375,0.792317864195305
2062,20.315000534057617,77.3741683959961,0.7984056019029799,1072.191650390625,0.08914665877819061,1072.191650390625,0.7984056019029799
2063,20.646665573120117,77.41500091552734,0.7549504447741879,1059.59375,0.08547504246234894,1059.59375,0.7549504447741879
2064,20.42583465576172,74.85292053222656,0.7744839812900138,1053.1453857421875,0.0962163507938385,1053.1453857421875,0.7744839812900138
2065,20.432083129882812,76.05500030517578,0.7565717774513137,1069.10888671875,0.09685753285884857,1069.10888671875,0.7565717774513137
2066,20.466665267944336,76.7925033569336,0.7696622425561302,1048.387939453125,0.09293663501739502,1048.387939453125,0.7696622425561302
2067,20.49041748046875,76.6379165649414,0.7794215163089044,1080.2620849609375,0.09579133987426758,1080.2620849609375,0.7794215163089044
2068,20.690832138061523,76.25,0.7870109794187559,1043.974853515625,0.09658347070217133,1043.974853515625,0.7870109794187559
2069,20.24333381652832,75.59708404541016,0.7591037327931146,1070.943115234375,0.0946904867887497,1070.943115234375,0.7591037327931146
2070,20.327917098999023,76.71749877929688,0.773114935124058,1072.9720458984375,0.11088497936725616,1072.9720458984375,0.773114935124058
2071,20.357500076293945,75.05042266845703,0.8018060518808665,1069.2559814453125,0.09588780999183655,1069.2559814453125,0.8018060518808665
2072,20.63166618347168,75.09916687011719,0.7715302513733714,1040.3568115234375,0.09173721075057983,1040.3568115234375,0.7715302513733714
2073,20.53208351135254,75.96125030517578,0.7704034986304542,1061.0426025390625,0.09628951549530029,1061.0426025390625,0.7704034986304542
2074,20.478334426879883,76.62791442871094,0.7816046542011877,1041.9476318359375,0.0909658670425415,1041.9476318359375,0.7816046542011877
2075,20.34666633605957,76.41458129882812,0.775312725260674,1068.44091796875,0.09510844945907593,1068.44091796875,0.775312725260674
2076,20.649166107177734,76.40208435058594,0.8036488450321582,1062.130615234375,0.09142173826694489,1062.130615234375,0.8036488450321582
2077,20.446666717529297,76.26000213623047,0.7606428544499833,1064.9281005859375,0.08229750394821167,1064.9281005859375,0.7606428544499833
2078,20.416250228881836,76.04750061035156,0.7933763748892517,1111.760009765625,0.08874957263469696,1111.760009765625,0.7933763748892517
2079,20.342082977294922,76.5495834350586,0.7205760598953184,1046.4344482421875,0.09149368107318878,1046.4344482421875,0.7205760598953184
2080,20.816667556762695,75.85166931152344,0.7907569226658665,1078.7406005859375,0.09645569324493408,1078.7406005859375,0.7907569226658665
2081,20.450834274291992,77.04208374023438,0.7671293484208939,1075.085205078125,0.09350989758968353,1075.085205078125,0.7671293484208939
2082,20.224166870117188,75.9312515258789,0.7749681597865958,1065.4393310546875,0.0826570987701416,1065.4393310546875,0.7749681597865958
2083,20.59291648864746,75.64083099365234,0.8009639656342291,1071.2283935546875,0.08719503879547119,1071.2283935546875,0.8009639656342291
2084,20.397083282470703,76.84249877929688,0.7841985317947381,1070.4610595703125,0.10394352674484253,1070.4610595703125,0.7841985317947381
2085,20.6200008392334,75.71624755859375,0.7578052373635612,1069.76171875,0.09089404344558716,1069.76171875,0.7578052373635612
2086,20.3700008392334,76.1066665649414,0.7626098004142284,1060.707763671875,0.09446752071380615,1060.707763671875,0.7626098004142284
2087,20.649999618530273,76.3429183959961,0.7513073343254392,1059.53271484375,0.08185428380966187,1059.53271484375,0.7513073343254392
2088,20.64291763305664,75.73291778564453,0.7605395691627479,1070.7833251953125,0.09283477067947388,1070.7833251953125,0.7605395691627479
2089,20.410417556762695,76.40416717529297,0.7823538924640359,1060.1842041015625,0.09136916697025299,1060.1842041015625,0.7823538924640359
2090,20.494165420532227,76.64916229248047,0.7404288750038553,1066.22265625,0.09852626919746399,1066.22265625,0.7404288750038553
2091,20.75583267211914,75.61541748046875,0.7805734494464323,1063.31787109375,0.09786640107631683,1063.31787109375,0.7805734494464323
2092,20.624584197998047,75.27458190917969,0.7581178687168314,1082.969970703125,0.10620400309562683,1082.969970703125,0.7581178687168314
2093,20.48958396911621,76.40167236328125,0.7829138639376321,1061.12646484375,0.0943031758069992,1061.12646484375,0.7829138639376321
2094,20.657917022705078,75.34416961669922,0.7488009722086575,1081.0128173828125,0.0823444277048111,1081.0128173828125,0.7488009722086575
2095,20.80208396911621,76.60124969482422,0.7535859668882675,1040.9976806640625,0.09722954034805298,1040.9976806640625,0.7535859668882675
2096,20.65833282470703,77.08041381835938,0.7552767329238597,1049.1837158203125,0.0911635160446167,1049.1837158203125,0.7552767329238597
2097,20.701250076293945,76.07708740234375,0.7425531947504731,1075.3526611328125,0.0847671777009964,1075.3526611328125,0.7425531947504731
2098,20.542499542236328,76.5683364868164,0.7479129173795906,1086.581298828125,0.08718404173851013,1086.581298828125,0.7479129173795906
2099,20.509166717529297,76.86666870117188,0.7421330136520352,1046.343994140625,0.09569822251796722,1046.343994140625,0.7421330136520352
2100,20.53125,75.99791717529297,0.7722312767689556,1057.8438720703125,0.08591222763061523,1057.8438720703125,0.7722312767689556
2101,20.5625,76.8800048828125,0.7508780654380114,1064.5267333984375,0.10163964331150055,1064.5267333984375,0.7508780654380114
2102,20.336666107177734,76.89624786376953,0.7718058103489401,1059.4791259765625,0.09585364162921906,1059.4791259765625,0.7718058103489401
2103,20.560832977294922,77.02249908447266,0.7515837077514469,1041.3983154296875,0.09996642172336578,1041.3983154296875,0.7515837077514469
2104,20.344999313354492,76.4183349609375,0.7779467927999902,1079.204833984375,0.10075829923152924,1079.204833984375,0.7779467927999902
2105,20.52666664123535,75.79499816894531,0.7435714619043274,1055.8731689453125,0.08984915912151337,1055.8731689453125,0.7435714619043274
2106,20.67791748046875,77.03333282470703,0.7727972188961406,1083.5345458984375,0.10826800763607025,1083.5345458984375,0.7727972188961406
2107,20.519166946411133,75.5824966430664,0.7395014056040937,1074.5147705078125,0.09143440425395966,1074.5147705078125,0.7395014056040937
2108,20.475000381469727,76.68292236328125,0.7826665686750907,1062.13427734375,0.08181637525558472,1062.13427734375,0.7826665686750907
2109,20.242082595825195,76.57916259765625,0.7570992566347661,1036.609619140625,0.08838698267936707,1036.609619140625,0.7570992566347661
2110,20.366666793823242,76.33666229248047,0.7399254910797948,1094.600341796875,0.09198617935180664,1094.600341796875,0.7399254910797948
2111,20.738332748413086,77.94625091552734,0.7638128698225046,1055.730712890625,0.09830908477306366,1055.730712890625,0.7638128698225046
2112,20.452499389648438,76.70999908447266,0.756143918946892,1054.93408203125,0.10159189999103546,1054.93408203125,0.756143918946892
2113,20.475000381469727,76.68624877929688,0.7919283899734559,1042.9078369140625,0.09942951798439026,1042.9078369140625,0.7919283899734559
2114,20.4183349609375,78.02083587646484,0.8005859086134484,1087.6593017578125,0.09270310401916504,1087.6593017578125,0.8005859086134484
2115,20.565000534057617,76.74082946777344,0.7211024015028255,1064.04052734375,0.09390774369239807,1064.04052734375,0.7211024015028255
2116,20.389583587646484,76.57208251953125,0.768851594693404,1068.614501953125,0.0999617725610733,1068.614501953125,0.768851594693404
2117,20.630001068115234,76.72208404541016,0.762963353292078,1068.4326171875,0.09421554207801819,1068.4326171875,0.762963353292078
2118,20.524999618530273,75.30291748046875,0.7861510422580276,1061.1663818359375,0.08390206098556519,1061.1663818359375,0.7861510422580276
2119,20.59749984741211,76.7437515258789,0.7661917153689504,1057.6136474609375,0.10116073489189148,1057.6136474609375,0.7661917153689504
2120,20.62958335876465,76.18416595458984,0.7821485456263493,1056.7420654296875,0.08579438924789429,1056.7420654296875,0.7821485456263493
2121,20.652084350585938,76.6120834350586,0.7728137942037518,1060.89404296875,0.0886497050523758,1060.89404296875,0.7728137942037518
2122,20.39875030517578,77.28292083740234,0.775156211027638,1050.3214111328125,0.10270647704601288,1050.3214111328125,0.775156211027638
2123,20.37708282470703,77.09542083740234,0.800088701725667,1048.607421875,0.09708745777606964,1048.607421875,0.800088701725667
2124,20.605833053588867,76.54624938964844,0.7909467895971621,1034.019287109375,0.09674307703971863,1034.019287109375,0.7909467895971621
2125,20.595001220703125,76.2308349609375,0.7852311129453209,1074.59423828125,0.09098207950592041,1074.59423828125,0.7852311129453209
2126,20.477500915527344,75.9937515258789,0.7814307569212284,1081.5089111328125,0.09730315208435059,1081.5089111328125,0.7814307569212284
2127,20.359582901000977,75.51583099365234,0.7733037307368531,1058.316162109375,0.097405806183815,1058.316162109375,0.7733037307368531
2128,20.48208236694336,76.85958099365234,0.7989428717961091,1049.613525390625,0.08967411518096924,1049.613525390625,0.7989428717961091
2129,20.5141658782959,76.96708679199219,0.7866709613643177,1089.4979248046875,0.1029379814863205,1089.4979248046875,0.7866709613643177
2130,20.416250228881836,75.61125183105469,0.7866938531184899,1080.6187744140625,0.08926962316036224,1080.6187744140625,0.7866938531184899
2131,20.165416717529297,76.44499969482422,0.7735546877127943,1043.5391845703125,0.10205167531967163,1043.5391845703125,0.7735546877127943
2132,20.376249313354492,76.22041320800781,0.7632206935958977,1035.388427734375,0.09885887801647186,1035.388427734375,0.7632206935958977
2133,20.20458221435547,75.36000061035156,0.7683539942287078,1057.1480712890625,0.09185145795345306,1057.1480712890625,0.7683539942287078
2134,20.356666564941406,76.27833557128906,0.7740670757782888,1045.046875,0.09768404066562653,1045.046875,0.7740670757782888
2135,20.329166412353516,76.52207946777344,0.7737483194681151,1053.542724609375,0.1043374091386795,1053.542724609375,0.7737483194681151
2136,20.42041778564453,75.67416381835938,0.7526721208006087,1052.6954345703125,0.09580209851264954,1052.6954345703125,0.7526721208006087
2137,20.332916259765625,76.9991683959961,0.7837308135814827,1055.7481689453125,0.09438216686248779,1055.7481689453125,0.7837308135814827
2138,20.3487491607666,75.75875091552734,0.7686752865386872,1047.421875,0.10970041155815125,1047.421875,0.7686752865386872
2139,20.219999313354492,73.80208587646484,0.7575999301586779,1061.7484130859375,0.09750749170780182,1061.7484130859375,0.7575999301586779
2140,20.233749389648438,75.8812484741211,0.7785758901125223,1054.647705078125,0.09225963056087494,1054.647705078125,0.7785758901125223
2141,20.209583282470703,75.82624816894531,0.7715552144463922,1044.234619140625,0.1008560061454773,1044.234619140625,0.7715552144463922
2142,20.45333480834961,75.09833526611328,0.7809532680246833,1064.6353759765625,0.10031096637248993,1064.6353759765625,0.7809532680246833
2143,20.5141658782959,75.24666595458984,0.7723627794873833,1074.48583984375,0.09417329728603363,1074.48583984375,0.7723627794873833
2144,20.5766658782959,76.83958435058594,0.7524343556084616,1062.1710205078125,0.09855248034000397,1062.1710205078125,0.7524343556084616
2145,20.59583282470703,74.84916687011719,0.7695961525152697,1094.512939453125,0.09290903806686401,1094.512939453125,0.7695961525152697
2146,20.346250534057617,76.66666412353516,0.7600058556167877,1029.535888671875,0.09881146252155304,1029.535888671875,0.7600058556167877
2147,20.399166107177734,75.76791381835938,0.77640063962172,1057.922607421875,0.08681242167949677,1057.922607421875,0.77640063962172
2148,20.175416946411133,75.8691635131836,0.7714470968128444,1067.5714111328125,0.09675857424736023,1067.5714111328125,0.7714470968128444
2149,20.196666717529297,76.32624816894531,0.7425060006487553,1059.39013671875,0.09350122511386871,1059.39013671875,0.7425060006487553
2150,20.559165954589844,76.62207794189453,0.7585462706366322,1044.6729736328125,0.09300506114959717,1044.6729736328125,0.7585462706366322
2151,20.186250686645508,75.9191665649414,0.7676408791789036,1050.0546875,0.08765776455402374,1050.0546875,0.7676408791789036
2152,20.325834274291992,76.08458709716797,0.7757626616175832,1059.39697265625,0.08951057493686676,1059.39697265625,0.7757626616175832
2153,20.40916633605957,76.0687484741211,0.7629578004448156,1036.8507080078125,0.0948735922574997,1036.8507080078125,0.7629578004448156
2154,20.514583587646484,76.79332733154297,0.7242666468341875,1055.656982421875,0.10410049557685852,1055.656982421875,0.7242666468341875
2155,20.346250534057617,76.22167205810547,0.7709406803649561,1067.2298583984375,0.09688854217529297,1067.2298583984375,0.7709406803649561
2156,20.372499465942383,75.76625061035156,0.7965465957968298,1074.4947509765625,0.08891688287258148,1074.4947509765625,0.7965465957968298
2157,20.450416564941406,75.54125213623047,0.7434755875665564,1033.6678466796875,0.09080801904201508,1033.6678466796875,0.7434755875665564
2158,20.335834503173828,76.38957977294922,0.7821715803408096,1040.9088134765625,0.09217779338359833,1040.9088134765625,0.7821715803408096
2159,20.53041648864746,76.3375015258789,0.7739341847123088,1057.8175048828125,0.08460770547389984,1057.8175048828125,0.7739341847123088
2160,20.445417404174805,75.53750610351562,0.7563115168785273,1057.8438720703125,0.08505012094974518,1057.8438720703125,0.7563115168785273
2161,20.533748626708984,74.82125091552734,0.776534839106525,1079.0965576171875,0.0894627571105957,1079.0965576171875,0.776534839106525
2162,20.45374870300293,75.16666412353516,0.7767081265269219,1061.1080322265625,0.08347679674625397,1061.1080322265625,0.7767081265269219
2163,20.179166793823242,75.10041809082031,0.8036640735909939,1076.1280517578125,0.08647766709327698,1076.1280517578125,0.8036640735909939
2164,20.43375015258789,76.5262451171875,0.7707391235861096,1058.2843017578125,0.08637011051177979,1058.2843017578125,0.7707391235861096
2165,20.300416946411133,75.17416381835938,0.758601913687711,1035.9246826171875,0.09099656343460083,1035.9246826171875,0.758601913687711
2166,20.428749084472656,77.5391616821289,0.7638775465296197,1087.9769287109375,0.08659891784191132,1087.9769287109375,0.7638775465296197
2167,20.479583740234375,76.58125305175781,0.7435416105986239,1069.46875,0.08501774072647095,1069.46875,0.7435416105986239
2168,20.55124855041504,77.0191650390625,0.7843168096353051,1063.85107421875,0.07981893420219421,1063.85107421875,0.7843168096353051
2169,20.395000457763672,76.24041748046875,0.7531089524687375,1039.95556640625,0.09056371450424194,1039.95556640625,0.7531089524687375
2170,20.544166564941406,76.17124938964844,0.7932244497577723,1074.5330810546875,0.0997655838727951,1074.5330810546875,0.7932244497577723
2171,20.3266658782959,76.37708282470703,0.7553875483041647,1061.825927734375,0.08677920699119568,1061.825927734375,0.7553875483041647
2172,20.420833587646484,76.68958282470703,0.7365826292773413,1047.9903564453125,0.09290555119514465,1047.9903564453125,0.7365826292773413
2173,20.458749771118164,75.8375015258789,0.7548006368929425,1052.9525146484375,0.08714470267295837,1052.9525146484375,0.7548006368929425
2174,20.244165420532227,76.95417022705078,0.780667227152533,1065.657470703125,0.10739579796791077,1065.657470703125,0.780667227152533
2175,20.542917251586914,76.61666870117188,0.7765126561977104,1071.112548828125,0.08711962401866913,1071.112548828125,0.7765126561977104
2176,20.810001373291016,76.43708801269531,0.7433543484784666,1061.09765625,0.09088253974914551,1061.09765625,0.7433543484784666
2177,20.5483341217041,77.02041625976562,0.7386274132874534,1048.25048828125,0.09635163843631744,1048.25048828125,0.7386274132874534
2178,20.359582901000977,75.99124908447266,0.7826299044304601,1074.47607421875,0.09315831959247589,1074.47607421875,0.7826299044304601
2179,20.361665725708008,76.83332824707031,0.7849260592915932,1068.2056884765625,0.09987922012805939,1068.2056884765625,0.7849260592915932
2180,20.583749771118164,76.52333068847656,0.7519658720986979,1065.2034912109375,0.09639632701873779,1065.2034912109375,0.7519658720986979
2181,20.38458251953125,77.00499725341797,0.8053813654626939,1063.945556640625,0.08180592954158783,1063.945556640625,0.8053813654626939
2182,20.132917404174805,77.5504150390625,0.7513712259773835,1049.1497802734375,0.09016729891300201,1049.1497802734375,0.7513712259773835
2183,20.230833053588867,77.33250427246094,0.7635264571198466,1058.686279296875,0.1054692268371582,1058.686279296875,0.7635264571198466
2184,20.54166603088379,76.56999969482422,0.799958051400885,1071.177734375,0.08603280782699585,1071.177734375,0.799958051400885
2185,20.138750076293945,76.23416900634766,0.7505701334338936,1058.203369140625,0.09047220647335052,1058.203369140625,0.7505701334338936
2186,20.24625015258789,76.3045883178711,0.7890944726404698,1061.13134765625,0.0934317409992218,1061.13134765625,0.7890944726404698
2187,20.432083129882812,76.87083435058594,0.7528715933720361,1054.4248046875,0.09022708237171173,1054.4248046875,0.7528715933720361
2188,20.278749465942383,76.8125,0.7629760101153207,1055.8497314453125,0.10261887311935425,1055.8497314453125,0.7629760101153207
2189,20.4375,76.23999786376953,0.792177048482976,1047.010986328125,0.0943584144115448,1047.010986328125,0.792177048482976
2190,20.65041732788086,77.0683364868164,0.7805605409765881,1046.3076171875,0.08473488688468933,1046.3076171875,0.7805605409765881
2191,20.3700008392334,75.77249908447266,0.784406872596785,1056.69677734375,0.09925298392772675,1056.69677734375,0.784406872596785
2192,20.59458351135254,75.98833465576172,0.7777094187757743,1054.5531005859375,0.09178087115287781,1054.5531005859375,0.7777094187757743
2193,20.21416664123535,77.31624603271484,0.7452184254483634,1058.7138671875,0.09130659699440002,1058.7138671875,0.7452184254483634
2194,20.482500076293945,76.63499450683594,0.7837454639765532,1035.6326904296875,0.0952208936214447,1035.6326904296875,0.7837454639765532
2195,20.440834045410156,76.5129165649414,0.7977619151158126,1065.8687744140625,0.0913366973400116,1065.8687744140625,0.7977619151158126
2196,20.47333335876465,75.97042083740234,0.7914120522904983,1055.290771484375,0.09737971425056458,1055.290771484375,0.7914120522904983
2197,20.567916870117188,76.0562515258789,0.7831268433080281,1043.779296875,0.10143406689167023,1043.779296875,0.7831268433080281
2198,20.331666946411133,76.77916717529297,0.7749441694750918,1058.482421875,0.08244849741458893,1058.482421875,0.7749441694750918
2199,20.215415954589844,75.7870864868164,0.776946703865828,1042.42236328125,0.09532029926776886,1042.42236328125,0.776946703865828
2200,20.344999313354492,75.46416473388672,0.7606103348369145,1031.651123046875,0.08185677230358124,1031.651123046875,0.7606103348369145
2201,20.158750534057617,76.42375183105469,0.793600098881148,1073.0113525390625,0.08928310871124268,1073.0113525390625,0.793600098881148
2202,20.274999618530273,76.382080078125,0.7630043915655875,1035.2291259765625,0.09824442863464355,1035.2291259765625,0.7630043915655875
2203,20.1391658782959,76.47833251953125,0.7725277622483351,1050.4991455078125,0.08084861934185028,1050.4991455078125,0.7725277622483351
2204,20.254165649414062,76.33499908447266,0.7782323541540074,1051.9925537109375,0.09663382172584534,1051.9925537109375,0.7782323541540074
2205,20.080833435058594,77.25125122070312,0.7645519923047419,1048.6246337890625,0.10137282311916351,1048.6246337890625,0.7645519923047419
2206,20.572917938232422,76.50125122070312,0.7414883959979309,1045.5545654296875,0.09172393381595612,1045.5545654296875,0.7414883959979309
2207,20.447917938232422,76.05000305175781,0.7992780857747823,1054.062744140625,0.0981750637292862,1054.062744140625,0.7992780857747823
2208,19.99041748046875,76.47750091552734,0.7466268737165065,1058.1051025390625,0.0947512835264206,1058.1051025390625,0.7466268737165065
2209,20.437082290649414,76.64666748046875,0.7703798074859702,1043.70751953125,0.08711123466491699,1043.70751953125,0.7703798074859702
2210,20.149999618530273,76.31041717529297,0.7783259391383448,1044.138427734375,0.09423243999481201,1044.138427734375,0.7783259391383448
2211,20.4112491607666,75.3116683959961,0.7539538080560029,1073.217529296875,0.08289003372192383,1073.217529296875,0.7539538080560029
2212,20.40541648864746,76.1570816040039,0.7726074472940304,1061.4244384765625,0.08987356722354889,1061.4244384765625,0.7726074472940304
2213,20.21791648864746,75.74666595458984,0.7875486305383617,1042.02783203125,0.0865907073020935,1042.02783203125,0.7875486305383617
2214,20.477916717529297,76.35375213623047,0.7739757084200853,1054.263916015625,0.07931549847126007,1054.263916015625,0.7739757084200853
2215,20.290416717529297,76.54708862304688,0.7707613418759611,1059.9713134765625,0.09598103165626526,1059.9713134765625,0.7707613418759611
2216,20.2066650390625,76.430419921875,0.7957770938469589,1044.527587890625,0.08510427176952362,1044.527587890625,0.7957770938469589
2217,20.337499618530273,76.08708190917969,0.7922209693158488,1076.5631103515625,0.08146561682224274,1076.5631103515625,0.7922209693158488
2218,19.97749900817871,76.53166961669922,0.7519815561494242,1045.5828857421875,0.08879785239696503,1045.5828857421875,0.7519815561494242
2219,20.445417404174805,76.29541778564453,0.7604191218127849,1058.4276123046875,0.09716303646564484,1058.4276123046875,0.7604191218127849
2220,20.34749984741211,77.33041381835938,0.8025820479343636,1052.879638671875,0.10217635333538055,1052.879638671875,0.8025820479343636
2221,20.542499542236328,76.97750091552734,0.7782572022234884,1071.1270751953125,0.08699224889278412,1071.1270751953125,0.7782572022234884
2222,20.385417938232422,76.01750183105469,0.7667089609355112,1052.1444091796875,0.1063852608203888,1052.1444091796875,0.7667089609355112
2223,20.14875030517578,76.21125030517578,0.7533263785023268,1048.9031982421875,0.08781199157238007,1048.9031982421875,0.7533263785023268
2224,20.202499389648438,75.67666625976562,0.7518056713302756,1035.43798828125,0.10046592354774475,1035.43798828125,0.7518056713302756
2225,20.550416946411133,76.2320785522461,0.7639576828645507,1056.200927734375,0.0913531482219696,1056.200927734375,0.7639576828645507
2226,20.510417938232422,76.88082885742188,0.7326598497171224,1044.3489990234375,0.08863486349582672,1044.3489990234375,0.7326598497171224
2227,20.263334274291992,76.49166870117188,0.7976257928463084,1068.2724609375,0.09082959592342377,1068.2724609375,0.7976257928463084
2228,20.475418090820312,76.67499542236328,0.741307933706505,1054.35986328125,0.09036171436309814,1054.35986328125,0.741307933706505
2229,20.33625030517578,76.56875610351562,0.8039344795101909,1054.2655029296875,0.08502636849880219,1054.2655029296875,0.8039344795101909
2230,20.216251373291016,78.40666961669922,0.7495053865725341,1037.3604736328125,0.10258686542510986,1037.3604736328125,0.7495053865725341
2231,20.546249389648438,76.12000274658203,0.7993152636169291,1063.4886474609375,0.07991380989551544,1063.4886474609375,0.7993152636169291
2232,20.158334732055664,76.319580078125,0.7810665440425397,1066.1826171875,0.09512868523597717,1066.1826171875,0.7810665440425397
2233,20.29666519165039,77.80667114257812,0.7774135857792975,1065.4451904296875,0.10767963528633118,1065.4451904296875,0.7774135857792975
2234,20.11333465576172,76.16291809082031,0.7517743866830118,1053.9453125,0.09363502264022827,1053.9453125,0.7517743866830118
2235,20.399166107177734,77.88291931152344,0.7873260385190243,1064.5714111328125,0.09139765799045563,1064.5714111328125,0.7873260385190243
2236,20.49916648864746,77.05416870117188,0.7709431742826254,1063.0460205078125,0.08938248455524445,1063.0460205078125,0.7709431742826254
2237,20.39958381652832,77.26000213623047,0.7753500816615184,1069.5709228515625,0.0830455869436264,1069.5709228515625,0.7753500816615184
2238,20.204999923706055,77.85958099365234,0.7675383149768609,1028.91015625,0.09596681594848633,1028.91015625,0.7675383149768609
2239,20.48958396911621,76.55458068847656,0.7711448235090652,1047.565673828125,0.09017367660999298,1047.565673828125,0.7711448235090652
2240,20.33041763305664,77.40457916259766,0.7260922962465373,1026.089111328125,0.09450040757656097,1026.089111328125,0.7260922962465373
2241,19.961666107177734,76.02999877929688,0.7498549597678363,1041.7877197265625,0.09523484110832214,1041.7877197265625,0.7498549597678363
2242,20.17125129699707,75.4495849609375,0.7680270828866047,1066.427734375,0.08979286253452301,1066.427734375,0.7680270828866047
2243,20.27541732788086,75.81375122070312,0.7912331398133097,1047.4268798828125,0.08478985726833344,1047.4268798828125,0.7912331398133097
2244,20.34291648864746,75.34625244140625,0.7622875472766537,1073.4332275390625,0.09453056752681732,1073.4332275390625,0.7622875472766537
2245,20.429582595825195,76.4637451171875,0.8031448863083268,1046.208251953125,0.08029021322727203,1046.208251953125,0.8031448863083268
2246,20.289165496826172,76.63957977294922,0.7575687507739959,1056.8189697265625,0.0848468691110611,1056.8189697265625,0.7575687507739959
2247,20.3125,76.34541320800781,0.7623566389604644,1059.72412109375,0.0991528183221817,1059.72412109375,0.7623566389604644
2248,20.280000686645508,75.97541809082031,0.7624110579773311,1053.022216796875,0.08469970524311066,1053.022216796875,0.7624110579773311
2249,20.18000030517578,75.93000030517578,0.7556901566358485,1031.0733642578125,0.09341298043727875,1031.0733642578125,0.7556901566358485
2250,20.291250228881836,76.4383316040039,0.7953645359027697,1068.5538330078125,0.07768192887306213,1068.5538330078125,0.7953645359027697
2251,20.3266658782959,76.1066665649414,0.7519542234784026,1053.01318359375,0.09403462707996368,1053.01318359375,0.7519542234784026
2252,20.169166564941406,75.30042266845703,0.7599152558048647,1052.8978271484375,0.09209312498569489,1052.8978271484375,0.7599152558048647
2253,20.110000610351562,76.26041412353516,0.7449841582111516,1038.5001220703125,0.10922303795814514,1038.5001220703125,0.7449841582111516
2254,20.022083282470703,75.29583740234375,0.7816078614770026,1055.7684326171875,0.09210269153118134,1055.7684326171875,0.7816078614770026
2255,20.070833206176758,76.29083251953125,0.7615770982340665,1053.5792236328125,0.09507128596305847,1053.5792236328125,0.7615770982340665
2256,20.286251068115234,76.14749908447266,0.75832433777886,1080.001953125,0.09066490828990936,1080.001953125,0.75832433777886
2257,20.22541618347168,75.79666137695312,0.7794487148045085,1037.875,0.08702424168586731,1037.875,0.7794487148045085
2258,20.078332901000977,76.03416442871094,0.7538723856486396,1049.6676025390625,0.09088331460952759,1049.6676025390625,0.7538723856486396
2259,19.96583366394043,75.66666412353516,0.772698766659827,1061.13330078125,0.08076301217079163,1061.13330078125,0.772698766659827
2260,20.153751373291016,76.77749633789062,0.7617796653328902,1053.19775390625,0.0898134708404541,1053.19775390625,0.7617796653328902
2261,20.375417709350586,76.29208374023438,0.7855142045225219,1083.5499267578125,0.08357517421245575,1083.5499267578125,0.7855142045225219
2262,20.172916412353516,76.211669921875,0.7799390605595332,1054.9664306640625,0.08846193552017212,1054.9664306640625,0.7799390605595332
2263,20.26041603088379,75.11708068847656,0.7530930303216952,1060.6571044921875,0.09249326586723328,1060.6571044921875,0.7530930303216952
2264,20.387916564941406,75.2008285522461,0.7710033679684075,1046.556640625,0.08371846377849579,1046.556640625,0.7710033679684075
2265,20.236665725708008,76.67708587646484,0.783409063206663,1063.443115234375,0.0914229303598404,1063.443115234375,0.783409063206663
2266,20.366666793823242,75.5824966430664,0.769635432791575,1043.6053466796875,0.08698715269565582,1043.6053466796875,0.769635432791575
2267,20.116666793823242,75.0199966430664,0.7726321855016951,1064.3424072265625,0.08492773771286011,1064.3424072265625,0.7726321855016951
2268,20.491249084472656,76.1675033569336,0.7638342243325293,1038.6065673828125,0.0903855711221695,1038.6065673828125,0.7638342243325293
2269,20.291250228881836,76.2995834350586,0.8077368958046041,1052.4365234375,0.0760844498872757,1052.4365234375,0.8077368958046041
2270,20.31999969482422,76.82292175292969,0.7700464527850897,1028.15478515625,0.09142005443572998,1028.15478515625,0.7700464527850897
2271,20.193750381469727,76.39250183105469,0.7863095346437912,1072.393310546875,0.08623617887496948,1072.393310546875,0.7863095346437912
2272,20.208749771118164,76.31208038330078,0.7845267724977871,1033.4915771484375,0.08705475926399231,1033.4915771484375,0.7845267724977871
2273,20.117916107177734,75.31916809082031,0.7641277404673154,1058.8775634765625,0.09879185259342194,1058.8775634765625,0.7641277404673154
2274,20.09000015258789,75.8687515258789,0.7414314829105731,1044.2557373046875,0.10238721966743469,1044.2557373046875,0.7414314829105731
2275,20.168333053588867,75.2733383178711,0.7767321646380936,1033.08837890625,0.08842651546001434,1033.08837890625,0.7767321646380936
2276,20.33916664123535,74.5566635131836,0.7749470349726113,1040.5289306640625,0.08904512226581573,1040.5289306640625,0.7749470349726113
2277,20.05875015258789,75.31791687011719,0.7734270299430711,1054.4202880859375,0.09737761318683624,1054.4202880859375,0.7734270299430711
2278,19.81333351135254,74.76499938964844,0.7647392622297722,1059.7235107421875,0.08937568962574005,1059.7235107421875,0.7647392622297722
2279,20.447500228881836,77.05583190917969,0.8187478205225496,1063.1396484375,0.07958224415779114,1063.1396484375,0.8187478205225496
2280,20.06458282470703,75.9558334350586,0.7708771822439944,1050.4776611328125,0.09062021970748901,1050.4776611328125,0.7708771822439944
2281,20.476665496826172,75.93333435058594,0.780623794923686,1067.1041259765625,0.08994673192501068,1067.1041259765625,0.780623794923686
2282,20.321250915527344,75.80416870117188,0.7773731429118447,1074.5318603515625,0.08974361419677734,1074.5318603515625,0.7773731429118447
2283,20.30500030517578,75.53666687011719,0.7890783489051383,1068.263671875,0.08114291727542877,1068.263671875,0.7890783489051383
2284,20.002500534057617,74.4695816040039,0.7639740579256212,1035.8243408203125,0.09685742855072021,1035.8243408203125,0.7639740579256212
2285,20.09833335876465,75.01708221435547,0.7823404881960743,1047.6004638671875,0.0930236428976059,1047.6004638671875,0.7823404881960743
2286,20.122499465942383,75.5808334350586,0.7697124328923899,1040.065673828125,0.08575023710727692,1040.065673828125,0.7697124328923899
2287,20.24791717529297,74.92333221435547,0.8108410203177738,1046.016845703125,0.08402298390865326,1046.016845703125,0.8108410203177738
2288,20.41874885559082,75.84708404541016,0.7564155186401624,1032.9710693359375,0.09637464582920074,1032.9710693359375,0.7564155186401624
2289,20.33625030517578,75.66999816894531,0.7854344658280401,1027.810791015625,0.08698204159736633,1027.810791015625,0.7854344658280401
2290,20.341665267944336,75.95249938964844,0.803165712017152,1036.2506103515625,0.08559761941432953,1036.2506103515625,0.803165712017152
2291,20.1733341217041,75.62249755859375,0.7991069812887235,1031.2747802734375,0.09062330424785614,1031.2747802734375,0.7991069812887235
2292,20.53208351135254,76.40625,0.8107733849362448,1034.77685546875,0.08314257860183716,1034.77685546875,0.8107733849362448
2293,20.100000381469727,75.39625549316406,0.7932615598868928,1043.5308837890625,0.08841867744922638,1043.5308837890625,0.7932615598868928
2294,20.389583587646484,76.96541595458984,0.8080485208120711,1068.3037109375,0.08161969482898712,1068.3037109375,0.8080485208120711
2295,20.285417556762695,76.805419921875,0.7707328233491519,1067.4627685546875,0.08651387691497803,1067.4627685546875,0.7707328233491519
2296,20.092498779296875,76.07583618164062,0.7810994669441741,1053.2337646484375,0.08294257521629333,1053.2337646484375,0.7810994669441741
2297,20.266250610351562,74.84333801269531,0.782530754742272,1047.309326171875,0.09303343296051025,1047.309326171875,0.782530754742272
2298,20.355417251586914,75.9625015258789,0.7575614285526032,1059.404541015625,0.09745623171329498,1059.404541015625,0.7575614285526032
2299,20.44041633605957,77.22958374023438,0.7694087984861068,1037.306884765625,0.08639457821846008,1037.306884765625,0.7694087984861068
2300,20.393333435058594,77.02041625976562,0.7679361944726826,1058.3524169921875,0.08492016792297363,1058.3524169921875,0.7679361944726826
2301,19.99416732788086,75.2245864868164,0.7722419558229617,1060.075439453125,0.0913303792476654,1060.075439453125,0.7722419558229617
2302,20.137083053588867,75.02708435058594,0.7526489726840591,1035.6060791015625,0.08813485503196716,1035.6060791015625,0.7526489726840591
2303,20.16958236694336,76.57791137695312,0.7558215437836886,1046.6180419921875,0.09005388617515564,1046.6180419921875,0.7558215437836886
2304,20.347917556762695,75.37750244140625,0.7864077957287126,1026.3192138671875,0.09547106921672821,1026.3192138671875,0.7864077957287126
2305,20.263750076293945,76.0616683959961,0.7755699778931802,1057.7630615234375,0.08844013512134552,1057.7630615234375,0.7755699778931802
2306,20.32416534423828,76.54083251953125,0.7656260537121332,1036.35498046875,0.09586918354034424,1036.35498046875,0.7656260537121332
2307,20.247499465942383,75.82333374023438,0.7553353184799779,1051.794189453125,0.08417746424674988,1051.794189453125,0.7553353184799779
2308,20.179166793823242,75.29708099365234,0.7612107257272364,1020.663818359375,0.09965844452381134,1020.663818359375,0.7612107257272364
2309,20.361249923706055,75.5441665649414,0.7660447782450984,1048.3370361328125,0.08745269477367401,1048.3370361328125,0.7660447782450984
2310,20.27750015258789,76.82083129882812,0.7620800662653369,1050.23779296875,0.08953778445720673,1050.23779296875,0.7620800662653369
2311,20.09166717529297,75.850830078125,0.7996534372180442,1068.7696533203125,0.08550819754600525,1068.7696533203125,0.7996534372180442
2312,20.241666793823242,75.79750061035156,0.7818657301818002,1069.4176025390625,0.08425593376159668,1069.4176025390625,0.7818657301818002
2313,20.350833892822266,76.56000518798828,0.763245348868042,1062.8416748046875,0.09334246814250946,1062.8416748046875,0.763245348868042
2314,20.415834426879883,75.78750610351562,0.7840156421173587,1038.0306396484375,0.08894369006156921,1038.0306396484375,0.7840156421173587
2315,20.353334426879883,76.75416564941406,0.7897265256147064,1049.765869140625,0.08160750567913055,1049.765869140625,0.7897265256147064
2316,20.434999465942383,76.02000427246094,0.7607532468380561,1034.823486328125,0.08770003914833069,1034.823486328125,0.7607532468380561
2317,20.24791717529297,75.55333709716797,0.7260652944938876,1035.965087890625,0.09044943749904633,1035.965087890625,0.7260652944938876
2318,20.003334045410156,75.67832946777344,0.77224361055898,1050.9266357421875,0.08254626393318176,1050.9266357421875,0.77224361055898
2319,20.372499465942383,76.55291748046875,0.7665410047516401,1056.8802490234375,0.07946880161762238,1056.8802490234375,0.7665410047516401
2320,19.942916870117188,74.99958038330078,0.7680062126222029,1037.0023193359375,0.08101733028888702,1037.0023193359375,0.7680062126222029
2321,20.44624900817871,76.13666534423828,0.7874806882027736,1022.74609375,0.09401115775108337,1022.74609375,0.7874806882027736
2322,20.11541748046875,76.09207916259766,0.801699794875792,1031.970947265625,0.09716436266899109,1031.970947265625,0.801699794875792
2323,20.12416648864746,76.35208129882812,0.7869561109931065,1050.8292236328125,0.08340427279472351,1050.8292236328125,0.7869561109931065
2324,20.22916603088379,75.62916564941406,0.7921327102529288,1049.1065673828125,0.08490316569805145,1049.1065673828125,0.7921327102529288
2325,20.085416793823242,75.87625122070312,0.7488837437348355,1040.1075439453125,0.0829744040966034,1040.1075439453125,0.7488837437348355
2326,20.269582748413086,75.29750061035156,0.7878701599352944,1042.2479248046875,0.0867147147655487,1042.2479248046875,0.7878701599352944
2327,20.22624969482422,74.89083099365234,0.794434482617169,1060.15380859375,0.07513207197189331,1060.15380859375,0.794434482617169
2328,20.167499542236328,75.84791564941406,0.7753455380017125,1025.0438232421875,0.08543479442596436,1025.0438232421875,0.7753455380017125
2329,20.295833587646484,75.58458709716797,0.7624090861554255,1024.3895263671875,0.08197836577892303,1024.3895263671875,0.7624090861554255
2330,20.62125015258789,76.64541625976562,0.7934531934336232,1045.620849609375,0.08455848693847656,1045.620849609375,0.7934531934336232
2331,19.90166664123535,75.61125183105469,0.7672811558373336,1056.609375,0.08521956205368042,1056.609375,0.7672811558373336
2332,19.92249870300293,75.72833251953125,0.7557100819036614,1045.6015625,0.09149807691574097,1045.6015625,0.7557100819036614
2333,20.03041648864746,75.67124938964844,0.7903768432430874,1029.1690673828125,0.0911308079957962,1029.1690673828125,0.7903768432430874
2334,20.184165954589844,77.3074951171875,0.7959205827182083,1052.7286376953125,0.08778074383735657,1052.7286376953125,0.7959205827182083
2335,20.18291664123535,76.04042053222656,0.758089589944832,1051.3291015625,0.07944321632385254,1051.3291015625,0.758089589944832
2336,20.432083129882812,76.14167022705078,0.7983469624417184,1042.183837890625,0.08093170821666718,1042.183837890625,0.7983469624417184
2337,20.375,76.430419921875,0.7744948861722953,1032.968994140625,0.07897715270519257,1032.968994140625,0.7744948861722953
2338,20.567916870117188,76.03791809082031,0.7509278563093863,1032.2896728515625,0.1009284108877182,1032.2896728515625,0.7509278563093863
2339,20.5,76.54291534423828,0.7423702939835752,1038.3756103515625,0.09314198791980743,1038.3756103515625,0.7423702939835752
2340,20.279165267944336,76.3620834350586,0.7801342887740847,1049.860595703125,0.08975604176521301,1049.860595703125,0.7801342887740847
2341,20.283334732055664,76.31916046142578,0.790474300425035,1054.3621826171875,0.08303146064281464,1054.3621826171875,0.790474300425035
2342,20.069581985473633,76.46708679199219,0.7947890941988517,1056.4296875,0.09004849195480347,1056.4296875,0.7947890941988517
2343,20.507917404174805,75.49166870117188,0.7722251187749383,1068.876220703125,0.09082476794719696,1068.876220703125,0.7722251187749383
2344,20.125,76.68958282470703,0.7923992328356491,1052.5291748046875,0.09412024915218353,1052.5291748046875,0.7923992328356491
2345,20.417083740234375,76.66542053222656,0.7592981114266969,1050.784423828125,0.10072395205497742,1050.784423828125,0.7592981114266969
2346,20.46500015258789,76.07749938964844,0.8089004034308275,1063.7958984375,0.07838822901248932,1063.7958984375,0.8089004034308275
2347,20.18958282470703,76.20624542236328,0.7799337424513034,1024.63427734375,0.09061667323112488,1024.63427734375,0.7799337424513034
2348,20.125417709350586,76.40916442871094,0.7759246594064357,1054.286865234375,0.09056514501571655,1054.286865234375,0.7759246594064357
2349,20.312082290649414,75.72583770751953,0.7705087277365801,1037.755859375,0.08377814292907715,1037.755859375,0.7705087277365801
2350,20.581666946411133,76.71499633789062,0.784544003603952,1077.77490234375,0.08908131718635559,1077.77490234375,0.784544003603952
2351,20.47916603088379,76.7691650390625,0.7533755818513335,1045.605224609375,0.08440360426902771,1045.605224609375,0.7533755818513335
2352,20.545833587646484,76.24124908447266,0.8014424573812144,1066.6064453125,0.08639813959598541,1066.6064453125,0.8014424573812144
2353,20.270000457763672,76.56417083740234,0.7823825304710601,1033.2891845703125,0.0833929032087326,1033.2891845703125,0.7823825304710601
2354,20.011667251586914,76.1675033569336,0.7825404213975241,1051.9178466796875,0.08784034848213196,1051.9178466796875,0.7825404213975241
2355,20.280834197998047,76.35708618164062,0.7753836429879535,1059.65625,0.09132437407970428,1059.65625,0.7753836429879535
2356,20.429582595825195,75.89916229248047,0.7586027509511395,1054.2904052734375,0.09492835402488708,1054.2904052734375,0.7586027509511395
2357,20.3487491607666,77.07708740234375,0.7585311463341253,1056.9951171875,0.0913335382938385,1056.9951171875,0.7585311463341253
2358,20.527917861938477,77.01083374023438,0.7944855731708812,1056.5753173828125,0.09409509599208832,1056.5753173828125,0.7944855731708812
2359,20.529582977294922,76.9566650390625,0.7855416590672899,1027.445068359375,0.07713361084461212,1027.445068359375,0.7855416590672899
2360,20.311250686645508,75.7683334350586,0.7552973446824657,1037.1334228515625,0.0830295979976654,1037.1334228515625,0.7552973446824657
2361,20.5575008392334,75.98541259765625,0.7486563446703357,1039.162353515625,0.08978882431983948,1039.162353515625,0.7486563446703357
2362,20.50208282470703,76.7612533569336,0.7869222053893947,1061.5517578125,0.07797402143478394,1061.5517578125,0.7869222053893947
2363,20.339582443237305,76.25499725341797,0.7898046646589352,1058.8548583984375,0.0786380022764206,1058.8548583984375,0.7898046646589352
2364,20.251251220703125,76.8316650390625,0.76601839002958,1035.4097900390625,0.10352294147014618,1035.4097900390625,0.76601839002958
2365,20.147083282470703,75.49750518798828,0.749555689659811,1060.7630615234375,0.09344980120658875,1060.7630615234375,0.749555689659811
2366,20.461666107177734,75.70291900634766,0.7752893554652301,1066.019775390625,0.08136217296123505,1066.019775390625,0.7752893554652301
2367,20.421667098999023,76.85624694824219,0.7830408223163906,1026.757080078125,0.09205593168735504,1026.757080078125,0.7830408223163906
2368,20.1079158782959,76.35708618164062,0.7872016835048714,1051.15625,0.08832837641239166,1051.15625,0.7872016835048714
2369,20.25666618347168,76.17583465576172,0.7701352230653948,1039.3828125,0.08356958627700806,1039.3828125,0.7701352230653948
2370,20.130834579467773,76.7683334350586,0.7951184988781572,1050.8658447265625,0.0849790871143341,1050.8658447265625,0.7951184988781572
2371,20.5483341217041,76.21624755859375,0.7502859169874441,1045.462646484375,0.08019210398197174,1045.462646484375,0.7502859169874441
2372,20.022916793823242,75.42583465576172,0.7551730733093589,1049.35400390625,0.09281247854232788,1049.35400390625,0.7551730733093589
2373,20.34833335876465,75.92333221435547,0.7766047045261905,1044.5220947265625,0.08210422098636627,1044.5220947265625,0.7766047045261905
2374,20.420833587646484,76.0320816040039,0.7766165685790324,1052.93310546875,0.0864490419626236,1052.93310546875,0.7766165685790324
2375,20.228334426879883,77.10541534423828,0.7491089482696448,1037.0362548828125,0.08786356449127197,1037.0362548828125,0.7491089482696448
2376,20.168333053588867,76.61083221435547,0.7842543302023365,1050.4241943359375,0.09162719547748566,1050.4241943359375,0.7842543302023365
2377,20.400833129882812,75.77291870117188,0.7857505792229923,1055.5732421875,0.08993807435035706,1055.5732421875,0.7857505792229923
2378,20.295833587646484,75.22125244140625,0.77775955687402,1041.347900390625,0.08618001639842987,1041.347900390625,0.77775955687402
2379,20.37041664123535,75.25875091552734,0.8041446289337972,1063.5230712890625,0.08017998933792114,1063.5230712890625,0.8041446289337972
2380,20.27458381652832,76.24874877929688,0.7692662838861247,1044.073486328125,0.086469367146492,1044.073486328125,0.7692662838861247
2381,20.24541664123535,76.08666229248047,0.8062398558847601,1053.842041015625,0.08165547251701355,1053.842041015625,0.8062398558847601
2382,20.301250457763672,75.99250030517578,0.7675579344524432,1021.0615234375,0.0869273692369461,1021.0615234375,0.7675579344524432
2383,20.307083129882812,75.33666229248047,0.7712726584399584,1068.940185546875,0.09641513228416443,1068.940185546875,0.7712726584399584
2384,20.45374870300293,76.06624603271484,0.7518307311580807,1030.447021484375,0.09158335626125336,1030.447021484375,0.7518307311580807
2385,20.61083221435547,76.29374694824219,0.7822300868339132,1060.6533203125,0.08840195834636688,1060.6533203125,0.7822300868339132
2386,20.412500381469727,75.29666137695312,0.7758292222319179,1041.824462890625,0.09033213555812836,1041.824462890625,0.7758292222319179
2387,20.283334732055664,74.8558349609375,0.7470524406679945,1047.0150146484375,0.08925691246986389,1047.0150146484375,0.7470524406679945
2388,20.29666519165039,76.32958221435547,0.7851148079278449,1041.3916015625,0.08829358220100403,1041.3916015625,0.7851148079278449
2389,20.407499313354492,75.81208038330078,0.7641538713913635,1037.240478515625,0.08550670742988586,1037.240478515625,0.7641538713913635
2390,20.554582595825195,76.09333038330078,0.8047269202482623,1040.732177734375,0.08767440915107727,1040.732177734375,0.8047269202482623
2391,20.477500915527344,76.86000061035156,0.8006146000882735,1064.3699951171875,0.09255149960517883,1064.3699951171875,0.8006146000882735
2392,20.257917404174805,76.74833679199219,0.7790627860391737,1035.08984375,0.08280809223651886,1035.08984375,0.7790627860391737
2393,20.577917098999023,76.40791320800781,0.7712963148610406,1068.3050537109375,0.0821039080619812,1068.3050537109375,0.7712963148610406
2394,20.44916534423828,76.40750122070312,0.7638988686699179,1039.00732421875,0.08481025695800781,1039.00732421875,0.7638988686699179
2395,20.683332443237305,76.34750366210938,0.7983549621866,1061.4471435546875,0.09044048190116882,1061.4471435546875,0.7983549621866
2396,20.408748626708984,76.02166748046875,0.7576276514557396,1055.588134765625,0.09021565318107605,1055.588134765625,0.7576276514557396
2397,20.582500457763672,77.20874786376953,0.7862864989204591,1045.0567626953125,0.08760698139667511,1045.0567626953125,0.7862864989204591
2398,20.549583435058594,76.74791717529297,0.7939708785897297,1033.97900390625,0.08282186090946198,1033.97900390625,0.7939708785897297
2399,20.741249084472656,75.82041931152344,0.8139167260507736,1074.2001953125,0.08392703533172607,1074.2001953125,0.8139167260507736
2400,20.795000076293945,76.42333221435547,0.7795957280472879,1060.8712158203125,0.08876892924308777,1060.8712158203125,0.7795957280472879
2401,20.61541748046875,74.51374816894531,0.7573320406067561,1059.719482421875,0.08739003539085388,1059.719482421875,0.7573320406067561
2402,20.595001220703125,76.51625061035156,0.7917134805728011,1037.5220947265625,0.08954618871212006,1037.5220947265625,0.7917134805728011
2403,20.50583267211914,76.40208435058594,0.7900947115349193,1031.8665771484375,0.07821489870548248,1031.8665771484375,0.7900947115349193
2404,20.398334503173828,74.80208587646484,0.7652741149800752,1044.3843994140625,0.08193868398666382,1044.3843994140625,0.7652741149800752
2405,20.5766658782959,75.73500061035156,0.7604393705923156,1044.552490234375,0.08498495817184448,1044.552490234375,0.7604393705923156
2406,20.55000114440918,76.69791412353516,0.7598058208974138,1042.5762939453125,0.0896233469247818,1042.5762939453125,0.7598058208974138
2407,20.438749313354492,77.1754150390625,0.8044459340188187,1056.8338623046875,0.07917429506778717,1056.8338623046875,0.8044459340188187
2408,20.26791763305664,76.12333679199219,0.7526098748542625,1040.72509765625,0.10384395718574524,1040.72509765625,0.7526098748542625
2409,20.324583053588867,76.27124786376953,0.7660261162959752,1050.7890625,0.08448655903339386,1050.7890625,0.7660261162959752
2410,20.309999465942383,75.11499786376953,0.7893033090427665,1031.480712890625,0.084788978099823,1031.480712890625,0.7893033090427665
2411,20.544166564941406,77.29208374023438,0.7805750805152447,1052.101318359375,0.08218689262866974,1052.101318359375,0.7805750805152447
2412,20.448749542236328,75.65167236328125,0.7998299320828575,1064.558837890625,0.0783509612083435,1064.558837890625,0.7998299320828575
2413,20.315834045410156,76.54791259765625,0.7903481141522127,1036.47705078125,0.0812351405620575,1036.47705078125,0.7903481141522127
2414,20.292917251586914,76.55833435058594,0.7918876864280671,1048.8212890625,0.08428655564785004,1048.8212890625,0.7918876864280671
2415,20.452499389648438,75.58625030517578,0.7754898947291923,1044.4005126953125,0.07300980389118195,1044.4005126953125,0.7754898947291923
2416,20.100000381469727,76.06041717529297,0.7645739290573323,1042.69287109375,0.0878436267375946,1042.69287109375,0.7645739290573323
2417,20.334583282470703,75.66374969482422,0.7787161096621449,1042.97705078125,0.09327204525470734,1042.97705078125,0.7787161096621449
2418,20.19499969482422,75.069580078125,0.7621374161401728,1050.904052734375,0.08321033418178558,1050.904052734375,0.7621374161401728
2419,20.811248779296875,76.4000015258789,0.7706378478245538,1040.14794921875,0.08086064457893372,1040.14794921875,0.7706378478245538
2420,20.318750381469727,76.7891616821289,0.7888272605970558,1032.870849609375,0.07961912453174591,1032.870849609375,0.7888272605970558
2421,20.330833435058594,77.1691665649414,0.7603811211248421,1043.6168212890625,0.08176864683628082,1043.6168212890625,0.7603811211248421
2422,20.080833435058594,76.37207794189453,0.7743151256959228,1052.195556640625,0.09562841057777405,1052.195556640625,0.7743151256959228
2423,20.149581909179688,76.30332946777344,0.762146408881307,1064.5953369140625,0.08995574712753296,1064.5953369140625,0.762146408881307
2424,20.720001220703125,76.524169921875,0.7836272005262788,1037.2158203125,0.08835728466510773,1037.2158203125,0.7836272005262788
2425,20.207916259765625,75.49791717529297,0.7690800821445666,1036.995361328125,0.09080880880355835,1036.995361328125,0.7690800821445666
2426,20.227916717529297,76.85708618164062,0.8014938881059186,1052.8616943359375,0.08047142624855042,1052.8616943359375,0.8014938881059186
2427,20.546667098999023,76.00291442871094,0.7856823674426765,1057.5400390625,0.07840932905673981,1057.5400390625,0.7856823674426765
2428,20.34958267211914,76.39708709716797,0.7985408775172959,1045.6563720703125,0.09268620610237122,1045.6563720703125,0.7985408775172959
2429,20.419166564941406,76.79125213623047,0.7942412066456905,1051.428466796875,0.08007586002349854,1051.428466796875,0.7942412066456905
2430,20.66666603088379,75.38666534423828,0.7828278110786516,1032.93701171875,0.08119857311248779,1032.93701171875,0.7828278110786516
2431,20.179166793823242,77.30874633789062,0.7839678062231665,1077.755126953125,0.08431251347064972,1077.755126953125,0.7839678062231665
2432,20.120834350585938,76.69791412353516,0.7845547692008905,1028.582275390625,0.0890001654624939,1028.582275390625,0.7845547692008905
2433,20.407499313354492,76.22083282470703,0.7543955025857441,1043.6663818359375,0.09057646989822388,1043.6663818359375,0.7543955025857441
2434,20.258750915527344,76.1691665649414,0.7984141302001663,1054.7042236328125,0.07889144122600555,1054.7042236328125,0.7984141302001663
2435,20.561248779296875,76.0879135131836,0.8215762637997328,1053.319580078125,0.08992046117782593,1053.319580078125,0.8215762637997328
2436,20.30958366394043,76.5495834350586,0.786310396460327,1057.8609619140625,0.0905667245388031,1057.8609619140625,0.786310396460327
2437,20.32416534423828,76.86125183105469,0.7814664401961222,1052.295654296875,0.0807267278432846,1052.295654296875,0.7814664401961222
2438,20.417499542236328,75.52875518798828,0.7530348785330233,1009.3401489257812,0.0818050354719162,1009.3401489257812,0.7530348785330233
2439,20.325834274291992,76.4637451171875,0.7807252324111826,1030.767578125,0.08339895308017731,1030.767578125,0.7807252324111826
2440,20.189167022705078,76.04291534423828,0.8027661393602779,1053.6890869140625,0.07579852640628815,1053.6890869140625,0.8027661393602779
2441,20.44416618347168,76.11499786376953,0.780427610236479,1041.1143798828125,0.0818580687046051,1041.1143798828125,0.780427610236479
2442,20.43291664123535,77.00125122070312,0.7899508119505398,1054.712646484375,0.08471164107322693,1054.712646484375,0.7899508119505398
2443,20.385833740234375,75.63874816894531,0.7907706598197661,1059.1962890625,0.09284363687038422,1059.1962890625,0.7907706598197661
2444,20.32833480834961,76.43791198730469,0.8156196321681227,1065.752197265625,0.08558589220046997,1065.752197265625,0.8156196321681227
2445,20.42041778564453,75.95833587646484,0.7847558508285926,1052.676513671875,0.08942119777202606,1052.676513671875,0.7847558508285926
2446,20.28041648864746,76.25333404541016,0.7798558116045747,1023.213134765625,0.09183791279792786,1023.213134765625,0.7798558116045747
2447,20.50208282470703,76.52124786376953,0.8214958270180566,1060.2464599609375,0.08111430704593658,1060.2464599609375,0.8214958270180566
2448,20.139999389648438,76.0370864868164,0.8065883440665222,1037.5203857421875,0.0819878876209259,1037.5203857421875,0.8065883440665222
2449,20.349166870117188,75.90583801269531,0.7865962635912135,1014.354736328125,0.09560473263263702,1014.354736328125,0.7865962635912135
2450,20.237916946411133,75.11125183105469,0.7914730368897424,1053.862548828125,0.07128217816352844,1053.862548828125,0.7914730368897424
2451,20.311250686645508,75.4383316040039,0.7898478399712046,1046.5015869140625,0.0853835791349411,1046.5015869140625,0.7898478399712046
2452,20.090415954589844,76.12541961669922,0.7792785273616906,1015.4432983398438,0.08951979875564575,1015.4432983398438,0.7792785273616906
2453,20.116666793823242,76.29875183105469,0.7832957817741006,1027.72509765625,0.08833733201026917,1027.72509765625,0.7832957817741006
2454,20.334165573120117,75.62000274658203,0.8142133452652771,1061.5537109375,0.08870097994804382,1061.5537109375,0.8142133452652771
2455,20.102083206176758,75.7175064086914,0.7894191835562765,1021.935791015625,0.08035491406917572,1021.935791015625,0.7894191835562765
2456,20.188751220703125,76.625,0.773188771096691,1034.0308837890625,0.08549223840236664,1034.0308837890625,0.773188771096691
2457,20.25,76.92708587646484,0.8104785799253467,1026.7921142578125,0.0954836755990982,1026.7921142578125,0.8104785799253467
2458,20.411666870117188,75.86833190917969,0.7951848703729768,1056.73388671875,0.08642274141311646,1056.73388671875,0.7951848703729768
2459,19.989999771118164,76.25958251953125,0.7955282813120744,1059.198974609375,0.083157479763031,1059.198974609375,0.7955282813120744
2460,20.31541633605957,76.12083435058594,0.800836633172689,1048.9449462890625,0.09032723307609558,1048.9449462890625,0.800836633172689
2461,20.249582290649414,77.58708953857422,0.7833177984552779,1032.5491943359375,0.08633565902709961,1032.5491943359375,0.7833177984552779
2462,20.29666519165039,77.58416748046875,0.8234413169963365,1053.5523681640625,0.07830268144607544,1053.5523681640625,0.8234413169963365
2463,20.52666664123535,77.84041595458984,0.7933398623459259,1035.7369384765625,0.0802973061800003,1035.7369384765625,0.7933398623459259
2464,20.40916633605957,75.39291381835938,0.7692587971245614,1038.5682373046875,0.08243878185749054,1038.5682373046875,0.7692587971245614
2465,20.28708267211914,76.30583190917969,0.799818295255138,1057.41943359375,0.07741133868694305,1057.41943359375,0.799818295255138
2466,20.31708335876465,77.16500091552734,0.8086467304395814,1031.1217041015625,0.08714336156845093,1031.1217041015625,0.8086467304395814
2467,20.589582443237305,76.8429183959961,0.813665822585331,1057.7442626953125,0.07967787981033325,1057.7442626953125,0.813665822585331
2468,20.554166793823242,76.56458282470703,0.8223129690016491,1029.917236328125,0.09230020642280579,1029.917236328125,0.8223129690016491
2469,20.023334503173828,76.05500030517578,0.7784837549874358,1049.87548828125,0.08711345493793488,1049.87548828125,0.7784837549874358
2470,20.04916763305664,77.08958435058594,0.7774495078699738,1048.03271484375,0.08607198297977448,1048.03271484375,0.7774495078699738
2471,20.446666717529297,75.6362533569336,0.8156842490604619,1051.62646484375,0.08554378151893616,1051.62646484375,0.8156842490604619
2472,20.22166633605957,75.51042175292969,0.8050565898898243,1022.3735961914062,0.07941371202468872,1022.3735961914062,0.8050565898898243
2473,20.301666259765625,76.2245864868164,0.7666744396024757,1040.9652099609375,0.08106887340545654,1040.9652099609375,0.7666744396024757
2474,20.251665115356445,77.1300048828125,0.8145495459402793,1022.5900268554688,0.08337154984474182,1022.5900268554688,0.8145495459402793
2475,20.39583396911621,76.73875427246094,0.7893869246297347,1043.94677734375,0.09184184670448303,1043.94677734375,0.7893869246297347
2476,20.56708335876465,76.74583435058594,0.7880085075819186,1039.6036376953125,0.07740779221057892,1039.6036376953125,0.7880085075819186
2477,20.300416946411133,76.62708282470703,0.7796183548206914,1039.81591796875,0.08303935825824738,1039.81591796875,0.7796183548206914
2478,20.366249084472656,76.30708312988281,0.818857448621088,1083.3685302734375,0.07986228168010712,1083.3685302734375,0.818857448621088
2479,20.072500228881836,76.85833740234375,0.7587112433344583,1022.9404907226562,0.08462896943092346,1022.9404907226562,0.7587112433344583
2480,20.648332595825195,76.07708740234375,0.7872576575220669,1057.0557861328125,0.08737769722938538,1057.0557861328125,0.7872576575220669
2481,20.164583206176758,77.14458465576172,0.7737821084928437,1050.4769287109375,0.08317136764526367,1050.4769287109375,0.7737821084928437
2482,20.27083396911621,76.53250122070312,0.800942010720604,1040.0748291015625,0.08400286734104156,1040.0748291015625,0.800942010720604
2483,20.34083366394043,75.88750457763672,0.7983464193512487,1050.7958984375,0.07507814466953278,1050.7958984375,0.7983464193512487
2484,20.232500076293945,77.2449951171875,0.783038537191019,1047.832763671875,0.09187015891075134,1047.832763671875,0.783038537191019
2485,20.274166107177734,75.7995834350586,0.7644398636164728,1047.4769287109375,0.07861104607582092,1047.4769287109375,0.7644398636164728
2486,20.06541633605957,76.35708618164062,0.7919454428210664,1037.623779296875,0.07835516333580017,1037.623779296875,0.7919454428210664
2487,20.309999465942383,76.55500030517578,0.7866142510207275,1033.0499267578125,0.08236779272556305,1033.0499267578125,0.7866142510207275
2488,20.29458236694336,76.11499786376953,0.7956156441357087,1046.847900390625,0.09168045222759247,1046.847900390625,0.7956156441357087
2489,20.22249984741211,76.64250183105469,0.8045117061727488,1041.239990234375,0.08412154018878937,1041.239990234375,0.8045117061727488
2490,19.941667556762695,76.74708557128906,0.7643905693029688,1042.42529296875,0.08687779307365417,1042.42529296875,0.7643905693029688
2491,20.364166259765625,75.74666595458984,0.8088440648523806,1038.7652587890625,0.08778877556324005,1038.7652587890625,0.8088440648523806
2492,20.411666870117188,75.62208557128906,0.7786100091832612,1060.18359375,0.0878208577632904,1060.18359375,0.7786100091832612
2493,20.15333366394043,76.67000579833984,0.7937532611496062,1035.2081298828125,0.07817433774471283,1035.2081298828125,0.7937532611496062
2494,20.320417404174805,75.7754135131836,0.7876482489794735,1066.3697509765625,0.07347728312015533,1066.3697509765625,0.7876482489794735
2495,20.15916633605957,77.08000183105469,0.8054461534787973,1021.5653686523438,0.0861915796995163,1021.5653686523438,0.8054461534787973
2496,20.352083206176758,77.12916564941406,0.8004121549452765,1029.623291015625,0.08375516533851624,1029.623291015625,0.8004121549452765
2497,20.416250228881836,76.41500091552734,0.779961869642332,1051.88427734375,0.07967379689216614,1051.88427734375,0.779961869642332
2498,20.283750534057617,76.64041137695312,0.8141103989917597,1062.4644775390625,0.07658402621746063,1062.4644775390625,0.8141103989917597
2499,20.165834426879883,77.16291809082031,0.7658714340614761,1025.3861083984375,0.08037915825843811,1025.3861083984375,0.7658714340614761
2500,20.39291763305664,76.29875183105469,0.7909728506861443,1038.9390869140625,0.07857507467269897,1038.9390869140625,0.7909728506861443
2501,20.372499465942383,76.73666381835938,0.7972011778421109,1041.73486328125,0.09236612915992737,1041.73486328125,0.7972011778421109
2502,20.228750228881836,77.02791595458984,0.8050557686227354,1035.310302734375,0.08074001967906952,1035.310302734375,0.8050557686227354
2503,20.176666259765625,77.04791259765625,0.785146850162744,1022.8446044921875,0.08378179371356964,1022.8446044921875,0.785146850162744
2504,20.12583351135254,76.25416564941406,0.7919738867273266,1057.4163818359375,0.07636840641498566,1057.4163818359375,0.7919738867273266
2505,20.053333282470703,75.6875,0.7838195868138167,1030.848876953125,0.07889935374259949,1030.848876953125,0.7838195868138167
2506,20.577917098999023,76.84333038330078,0.7912658011391139,1064.240478515625,0.08247295022010803,1064.240478515625,0.7912658011391139
2507,20.16208267211914,75.0625,0.7789909552425592,1048.430419921875,0.08254067599773407,1048.430419921875,0.7789909552425592
2508,20.226665496826172,76.33458709716797,0.8030917550976924,1038.9761962890625,0.08283348381519318,1038.9761962890625,0.8030917550976924
2509,19.804582595825195,76.18250274658203,0.7783367904423264,1013.6203002929688,0.0973837673664093,1013.6203002929688,0.7783367904423264
2510,20.09458351135254,75.75208282470703,0.7971254909529157,1067.7958984375,0.07466410100460052,1067.7958984375,0.7971254909529157
2511,20.441665649414062,77.5008316040039,0.8005770449925157,1031.6455078125,0.080587238073349,1031.6455078125,0.8005770449925157
2512,20.210416793823242,76.57250213623047,0.7903889089057915,1030.2440185546875,0.08858141303062439,1030.2440185546875,0.7903889089057915
2513,20.15625,76.17958068847656,0.7875830589765429,1019.0949096679688,0.08367787301540375,1019.0949096679688,0.7875830589765429
2514,20.210416793823242,77.52249908447266,0.8199141893018645,1062.5911865234375,0.07660272717475891,1062.5911865234375,0.8199141893018645
2515,20.297500610351562,76.41583251953125,0.7887031941421557,1043.077392578125,0.08914147317409515,1043.077392578125,0.7887031941421557
2516,20.221250534057617,76.39541625976562,0.7787079776271995,1046.1630859375,0.08849908411502838,1046.1630859375,0.7787079776271995
2517,20.399999618530273,76.49958038330078,0.7704795553205172,1050.86181640625,0.08355057239532471,1050.86181640625,0.7704795553205172
2518,20.078750610351562,75.24208068847656,0.7868372792201448,1041.9344482421875,0.08238145709037781,1041.9344482421875,0.7868372792201448
2519,20.21208381652832,76.47791290283203,0.7985827419509869,1034.47900390625,0.07777246832847595,1034.47900390625,0.7985827419509869
2520,20.352083206176758,75.85124969482422,0.8111165564473304,1039.293701171875,0.07495088875293732,1039.293701171875,0.8111165564473304
2521,20.376667022705078,76.37041473388672,0.7876574176280919,1037.50244140625,0.07664084434509277,1037.50244140625,0.7876574176280919
2522,20.4737491607666,77.27083587646484,0.7873050558823035,1034.17529296875,0.07984776794910431,1034.17529296875,0.7873050558823035
2523,20.410417556762695,77.3062515258789,0.7942680383994443,1030.836181640625,0.08745710551738739,1030.836181640625,0.7942680383994443
2524,20.46000099182129,76.74417114257812,0.8239289313029026,1017.1773681640625,0.0781976729631424,1017.1773681640625,0.8239289313029026
2525,20.429582595825195,76.45375061035156,0.799364827015022,1051.9678955078125,0.07576963305473328,1051.9678955078125,0.799364827015022
2526,20.602916717529297,76.30249786376953,0.7920416920953183,1067.7913818359375,0.07022090256214142,1067.7913818359375,0.7920416920953183
2527,20.213333129882812,75.59541320800781,0.802274525591401,1037.0289306640625,0.07723776996135712,1037.0289306640625,0.802274525591401
2528,20.260833740234375,76.91708374023438,0.7794631862051873,1027.6402587890625,0.08024515211582184,1027.6402587890625,0.7794631862051873
2529,20.271249771118164,77.0391616821289,0.7929406145743655,1071.1072998046875,0.07609723508358002,1071.1072998046875,0.7929406145743655
2530,20.125417709350586,75.91666412353516,0.8287458581100111,1056.7545166015625,0.09078551828861237,1056.7545166015625,0.8287458581100111
2531,20.065834045410156,76.74916076660156,0.7778881891909543,1022.0659790039062,0.07347777485847473,1022.0659790039062,0.7778881891909543
2532,20.089582443237305,76.2691650390625,0.7734517213020252,1016.9515380859375,0.07944424450397491,1016.9515380859375,0.7734517213020252
2533,20.044166564941406,75.819580078125,0.7752591226291663,1033.018310546875,0.07337281107902527,1033.018310546875,0.7752591226291663
2534,20.00958251953125,76.78666687011719,0.7759090910713021,1023.0505981445312,0.07681289315223694,1023.0505981445312,0.7759090910713021
2535,20.190834045410156,76.9937515258789,0.7607258054966408,1031.427734375,0.08193497359752655,1031.427734375,0.7607258054966408
2536,20.149166107177734,75.83916473388672,0.7590327363144898,1033.5247802734375,0.07552243769168854,1033.5247802734375,0.7590327363144898
2537,20.47624969482422,77.46749877929688,0.7806588078917919,1043.1163330078125,0.08428581058979034,1043.1163330078125,0.7806588078917919
2538,20.494165420532227,76.2691650390625,0.7477431599638086,1029.9144287109375,0.08948023617267609,1029.9144287109375,0.7477431599638086
2539,20.125,74.44083404541016,0.7728351846414155,1043.7388916015625,0.07965828478336334,1043.7388916015625,0.7728351846414155
2540,20.172082901000977,76.39958190917969,0.7587527617139023,1045.683349609375,0.07716453075408936,1045.683349609375,0.7587527617139023
2541,20.247499465942383,76.18083190917969,0.8007807996061119,1028.0703125,0.07270319759845734,1028.0703125,0.8007807996061119
2542,20.448333740234375,75.8379135131836,0.7873758205916588,1051.3555908203125,0.09223644435405731,1051.3555908203125,0.7873758205916588
2543,20.359582901000977,75.71875,0.8029943034874769,1058.54345703125,0.07560072839260101,1058.54345703125,0.8029943034874769
2544,20.327083587646484,77.45375061035156,0.7727452922776294,1040.6168212890625,0.08389651775360107,1040.6168212890625,0.7727452922776294
2545,20.597917556762695,75.66166687011719,0.7929954149856258,1074.8121337890625,0.07598376274108887,1074.8121337890625,0.7929954149856258
2546,20.17166519165039,77.2437515258789,0.7839411397033617,1016.04638671875,0.0888461321592331,1016.04638671875,0.7839411397033617
2547,20.507917404174805,76.36000061035156,0.7900654861647134,1037.6085205078125,0.07637457549571991,1037.6085205078125,0.7900654861647134
2548,20.269582748413086,76.4070816040039,0.7633213974359807,1052.6693115234375,0.09234195947647095,1052.6693115234375,0.7633213974359807
2549,20.345417022705078,76.80166625976562,0.7700847672730394,1042.978271484375,0.0869920551776886,1042.978271484375,0.7700847672730394
2550,20.467500686645508,77.11457824707031,0.7957341428065123,1024.533203125,0.07063913345336914,1024.533203125,0.7957341428065123
2551,19.954166412353516,76.68916320800781,0.7640181854797974,1029.65478515625,0.07896912097930908,1029.65478515625,0.7640181854797974
2552,20.219165802001953,76.89583587646484,0.8012413039893551,1040.475341796875,0.0794193297624588,1040.475341796875,0.8012413039893551
2553,20.235416412353516,76.64749908447266,0.7823132695771039,1019.822509765625,0.09541721642017365,1019.822509765625,0.7823132695771039
2554,20.506248474121094,76.96083068847656,0.7629826010314349,1034.44140625,0.09438540041446686,1034.44140625,0.7629826010314349
2555,20.183334350585938,76.67833709716797,0.7939440763115281,1050.8052978515625,0.07781840860843658,1050.8052978515625,0.7939440763115281
2556,20.563749313354492,76.34207916259766,0.815997511329235,1061.7664794921875,0.08023685216903687,1061.7664794921875,0.815997511329235
2557,20.454999923706055,75.88999938964844,0.7619132214425596,1017.1026000976562,0.08344443142414093,1017.1026000976562,0.7619132214425596
2558,20.18458366394043,76.86000061035156,0.7638823841175402,1026.697265625,0.08432748913764954,1026.697265625,0.7638823841175402
2559,20.356666564941406,76.73624420166016,0.7875046572814088,1037.4735107421875,0.08525495231151581,1037.4735107421875,0.7875046572814088
2560,20.44499969482422,75.930419921875,0.7716339563509034,1037.53759765625,0.08182995021343231,1037.53759765625,0.7716339563509034
2561,20.522083282470703,75.05082702636719,0.8077160953126492,1062.5350341796875,0.07878586649894714,1062.5350341796875,0.8077160953126492
2562,20.327917098999023,75.6883316040039,0.8106700556561425,1038.414794921875,0.07853387296199799,1038.414794921875,0.8106700556561425
2563,20.16208267211914,75.1441650390625,0.778357600610051,1052.996337890625,0.07683952152729034,1052.996337890625,0.778357600610051
2564,20.466249465942383,76.67333221435547,0.790953611810924,1041.9703369140625,0.08152441680431366,1041.9703369140625,0.790953611810924
2565,20.31999969482422,75.45207977294922,0.7686074264376416,1017.2890625,0.08241337537765503,1017.2890625,0.7686074264376416
2566,20.618749618530273,77.36791229248047,0.7810721276937973,1063.8631591796875,0.06944695115089417,1063.8631591796875,0.7810721276937973
2567,20.290000915527344,76.65125274658203,0.7851460862796547,1038.475830078125,0.08171799778938293,1038.475830078125,0.7851460862796547
2568,20.442501068115234,77.12916564941406,0.8027424162640859,1041.7532958984375,0.07324449717998505,1041.7532958984375,0.8027424162640859
2569,20.110000610351562,75.99583435058594,0.7730979960907695,1014.0745239257812,0.08367754518985748,1014.0745239257812,0.7730979960907695
2570,20.122499465942383,75.78666687011719,0.7971177426034229,1044.462646484375,0.08435703814029694,1044.462646484375,0.7971177426034229
2571,20.121665954589844,76.0879135131836,0.7914695138755178,1038.866943359375,0.0785980075597763,1038.866943359375,0.7914695138755178
2572,20.235000610351562,76.46749877929688,0.7716985020280442,1027.9544677734375,0.08691541850566864,1027.9544677734375,0.7716985020280442
2573,20.351665496826172,75.6137466430664,0.7670706787197175,1024.081787109375,0.07258062064647675,1024.081787109375,0.7670706787197175
2574,20.204166412353516,76.68791198730469,0.8004106531474899,1041.8955078125,0.08390451967716217,1041.8955078125,0.8004106531474899
2575,20.4375,76.18291473388672,0.8091479362752498,1046.2109375,0.07845050096511841,1046.2109375,0.8091479362752498
2576,20.510000228881836,76.35333251953125,0.784108413966071,1037.42431640625,0.08439591526985168,1037.42431640625,0.784108413966071
2577,20.293333053588867,76.66083526611328,0.7776604660638158,1023.5953979492188,0.07789754867553711,1023.5953979492188,0.7776604660638158
2578,20.37416648864746,75.43875122070312,0.8030618547226854,1043.9697265625,0.07882250845432281,1043.9697265625,0.8030618547226854
2579,20.23208236694336,76.47791290283203,0.8036176018628892,1044.0067138671875,0.0739026665687561,1044.0067138671875,0.8036176018628892
2580,20.515832901000977,76.3066635131836,0.7955781947717077,1043.613525390625,0.08607891201972961,1043.613525390625,0.7955781947717077
2581,20.327917098999023,76.67292022705078,0.8141280552825396,1046.7349853515625,0.08118447661399841,1046.7349853515625,0.8141280552825396
2582,20.195417404174805,77.33208465576172,0.8005454108045968,1025.956298828125,0.07598601281642914,1025.956298828125,0.8005454108045968
2583,19.950834274291992,76.83916473388672,0.7602356857488966,1035.10693359375,0.0810118168592453,1035.10693359375,0.7602356857488966
2584,20.386249542236328,75.98833465576172,0.7963218585173082,1048.9107666015625,0.07284681499004364,1048.9107666015625,0.7963218585173082
2585,19.99250030517578,76.01666259765625,0.7799515149270196,1032.51904296875,0.07568669319152832,1032.51904296875,0.7799515149270196
2586,20.08416748046875,75.88750457763672,0.7795541934281837,1039.15380859375,0.0789126306772232,1039.15380859375,0.7795541934281837
2587,20.576250076293945,76.1875,0.8093960346427569,1032.8038330078125,0.08266285061836243,1032.8038330078125,0.8093960346427569
2588,20.16958236694336,76.4808349609375,0.805893828602382,1032.2939453125,0.08264429867267609,1032.2939453125,0.805893828602382
2589,20.239999771118164,75.6137466430664,0.7935231680985005,1026.91015625,0.08090431988239288,1026.91015625,0.7935231680985005
2590,20.34291648864746,76.694580078125,0.7903480907142337,1019.2476806640625,0.07979123294353485,1019.2476806640625,0.7903480907142337
2591,20.282499313354492,75.0808334350586,0.8129004781307809,1035.4945068359375,0.07536599040031433,1035.4945068359375,0.8129004781307809
2592,20.530000686645508,75.54541778564453,0.8037930646194911,1033.530029296875,0.07834148406982422,1033.530029296875,0.8037930646194911
2593,20.1733341217041,76.8429183959961,0.8115122779029154,1032.4766845703125,0.07664194703102112,1032.4766845703125,0.8115122779029154
2594,20.20625114440918,76.19666290283203,0.8076905310605497,1011.1708374023438,0.07791908085346222,1011.1708374023438,0.8076905310605497
2595,20.231250762939453,76.16166687011719,0.7972684245196922,1043.01416015625,0.08707031607627869,1043.01416015625,0.7972684245196922
2596,20.286666870117188,75.49082946777344,0.7868492618229278,1035.2939453125,0.06986135244369507,1035.2939453125,0.7868492618229278
2597,20.24250030517578,75.5566635131836,0.7772941216952425,1026.0875244140625,0.08077625930309296,1026.0875244140625,0.7772941216952425
2598,20.35041618347168,76.44125366210938,0.7772379383532526,1035.26220703125,0.08260847628116608,1035.26220703125,0.7772379383532526
2599,20.1733341217041,75.5320816040039,0.7787464499017082,1022.9436645507812,0.0753147155046463,1022.9436645507812,0.7787464499017082
2600,20.255834579467773,75.03541564941406,0.7500725277714171,1013.7353515625,0.08870314061641693,1013.7353515625,0.7500725277714171
2601,20.325000762939453,76.0633316040039,0.8068863100111501,1055.9974365234375,0.0782950222492218,1055.9974365234375,0.8068863100111501
2602,20.34083366394043,76.12791442871094,0.771827489898218,1013.2034301757812,0.08426268398761749,1013.2034301757812,0.771827489898218
2603,20.147916793823242,76.13082885742188,0.7887311248608828,1029.2115478515625,0.07113970816135406,1029.2115478515625,0.7887311248608828
2604,20.203332901000977,76.24583435058594,0.8027967803311934,1025.383544921875,0.07775397598743439,1025.383544921875,0.8027967803311934
2605,20.237916946411133,77.15499877929688,0.7541741396686219,1028.2130126953125,0.08917838335037231,1028.2130126953125,0.7541741396686219
2606,20.554166793823242,76.24041748046875,0.7732244743823994,1024.7330322265625,0.07709309458732605,1024.7330322265625,0.7732244743823994
2607,20.382917404174805,76.04291534423828,0.8086392408832138,1035.209716796875,0.08002854883670807,1035.209716796875,0.8086392408832138
2608,20.117082595825195,76.19916534423828,0.7882066131595311,1044.9842529296875,0.08471010625362396,1044.9842529296875,0.7882066131595311
2609,20.426250457763672,76.46416473388672,0.8236428012329526,1027.4827880859375,0.07068678736686707,1027.4827880859375,0.8236428012329526
2610,20.12125015258789,76.19666290283203,0.8015446552137138,1024.1412353515625,0.07914711534976959,1024.1412353515625,0.8015446552137138
2611,20.505001068115234,75.30208587646484,0.7709723322571623,1044.932861328125,0.07946300506591797,1044.932861328125,0.7709723322571623
2612,20.464582443237305,75.87750244140625,0.7695108205539865,1043.825927734375,0.08053992688655853,1043.825927734375,0.7695108205539865
2613,20.242916107177734,75.39833068847656,0.7817944541051761,1022.0304565429688,0.071713387966156,1022.0304565429688,0.7817944541051761
2614,20.597084045410156,76.10166931152344,0.7990318691086062,1035.755859375,0.07374240458011627,1035.755859375,0.7990318691086062
2615,20.361249923706055,76.29624938964844,0.7853327039710675,1030.9793701171875,0.08230064809322357,1030.9793701171875,0.7853327039710675
2616,20.208749771118164,76.20791625976562,0.8131576290539496,1024.5323486328125,0.08191326260566711,1024.5323486328125,0.8131576290539496
2617,20.270416259765625,75.66666412353516,0.7925675064894556,1054.8084716796875,0.07303287088871002,1054.8084716796875,0.7925675064894556
2618,20.00083351135254,76.32250213623047,0.7589825402149213,1023.71337890625,0.08085232973098755,1023.71337890625,0.7589825402149213
2619,20.358333587646484,76.01958465576172,0.7874584611627914,1036.1072998046875,0.07066111266613007,1036.1072998046875,0.7874584611627914
2620,20.308334350585938,77.02166748046875,0.7992388466721286,1032.3011474609375,0.07951709628105164,1032.3011474609375,0.7992388466721286
2621,20.562917709350586,76.65167236328125,0.7892302690045163,1049.5452880859375,0.06909652054309845,1049.5452880859375,0.7892302690045163
2622,20.33625030517578,75.5495834350586,0.7832449780987821,1036.3275146484375,0.08211354911327362,1036.3275146484375,0.7832449780987821
2623,20.15999984741211,75.961669921875,0.7806317723633014,1025.13818359375,0.0815773457288742,1025.13818359375,0.7806317723633014
2624,20.24125099182129,75.6379165649414,0.7587496194791139,1017.5382690429688,0.08782041072845459,1017.5382690429688,0.7587496194791139
2625,20.37041664123535,75.9558334350586,0.7940615389804099,1032.158935546875,0.07436539232730865,1032.158935546875,0.7940615389804099
2626,20.509166717529297,76.52458190917969,0.7352117311753301,1025.406982421875,0.07444953918457031,1025.406982421875,0.7352117311753301
2627,20.33708381652832,75.7754135131836,0.8039251422902731,1054.30859375,0.07149387896060944,1054.30859375,0.8039251422902731
2628,20.54541778564453,76.03958129882812,0.7709944645650872,1030.9227294921875,0.07313470542430878,1030.9227294921875,0.7709944645650872
2629,20.176250457763672,75.87791442871094,0.8101876953644239,1030.6402587890625,0.07568413019180298,1030.6402587890625,0.8101876953644239
2630,20.395416259765625,77.97541809082031,0.7681829246743567,1021.83251953125,0.08543506264686584,1021.83251953125,0.7681829246743567
2631,20.384166717529297,75.37291717529297,0.7934277786869356,1042.8316650390625,0.07584892213344574,1042.8316650390625,0.7934277786869356
2632,20.20541763305664,75.68167114257812,0.7938688904173521,1045.8223876953125,0.07859107851982117,1045.8223876953125,0.7938688904173521
2633,20.15999984741211,77.19625091552734,0.7796617319173742,1043.50244140625,0.08413711190223694,1043.50244140625,0.7796617319173742
2634,20.19208335876465,75.47167205810547,0.7930677302309449,1031.641357421875,0.07916875183582306,1031.641357421875,0.7930677302309449
2635,20.272083282470703,77.03250122070312,0.781621849290366,1041.35693359375,0.07807211577892303,1041.35693359375,0.781621849290366
2636,20.22333335876465,76.33499908447266,0.7791458472068513,1041.1710205078125,0.08025908470153809,1041.1710205078125,0.7791458472068513
2637,20.160417556762695,76.27249908447266,0.7803801266129655,1047.4002685546875,0.07564093172550201,1047.4002685546875,0.7803801266129655
2638,20.14875030517578,77.18583679199219,0.7977785069138849,1012.306884765625,0.07649880647659302,1012.306884765625,0.7977785069138849
2639,20.362083435058594,75.31458282470703,0.7836451067358527,1023.9141845703125,0.07631427049636841,1023.9141845703125,0.7836451067358527
2640,20.213333129882812,76.61041259765625,0.7492818999814679,1006.8087768554688,0.08208760619163513,1006.8087768554688,0.7492818999814679
2641,19.937082290649414,75.28666687011719,0.7718954102356775,1020.3486938476562,0.08410713076591492,1020.3486938476562,0.7718954102356775
2642,20.035417556762695,74.4745864868164,0.7757715762892617,1045.5533447265625,0.07458439469337463,1045.5533447265625,0.7757715762892617
2643,20.110416412353516,75.07041931152344,0.8125583132267065,1026.5107421875,0.08291615545749664,1026.5107421875,0.8125583132267065
2644,20.01875114440918,74.61583709716797,0.7798706491443833,1057.6282958984375,0.07787282764911652,1057.6282958984375,0.7798706491443833
2645,20.34458351135254,76.1554183959961,0.8134098771325322,1031.613037109375,0.07263955473899841,1031.613037109375,0.8134098771325322
2646,20.315000534057617,76.14791107177734,0.7929312200139946,1032.3160400390625,0.07603751122951508,1032.3160400390625,0.7929312200139946
2647,20.338748931884766,76.30708312988281,0.7745964718191861,1038.6324462890625,0.08283117413520813,1038.6324462890625,0.7745964718191861
2648,20.41666603088379,75.69750213623047,0.7851939203925007,1037.6092529296875,0.08089345693588257,1037.6092529296875,0.7851939203925007
2649,20.204999923706055,75.8133316040039,0.7660841474627399,1014.9100952148438,0.08430498838424683,1014.9100952148438,0.7660841474627399
2650,20.328750610351562,76.22041320800781,0.7929405819519127,1040.5535888671875,0.07659894227981567,1040.5535888671875,0.7929405819519127
2651,20.33708381652832,75.78458404541016,0.7804967932963703,1033.648193359375,0.087819904088974,1033.648193359375,0.7804967932963703
2652,20.195833206176758,75.13041687011719,0.7884091568123041,1025.550048828125,0.07591992616653442,1025.550048828125,0.7884091568123041
2653,20.456249237060547,76.18791198730469,0.7715202903181904,1021.8904418945312,0.08755376935005188,1021.8904418945312,0.7715202903181904
2654,20.359582901000977,75.27999877929688,0.8014466759339186,1036.368896484375,0.08176055550575256,1036.368896484375,0.8014466759339186
2655,20.18666648864746,76.44499969482422,0.7721308663357156,1033.92724609375,0.07728511095046997,1033.92724609375,0.7721308663357156
2656,20.29458236694336,76.038330078125,0.8047517190504555,1055.03759765625,0.09043382108211517,1055.03759765625,0.8047517190504555
2657,20.477083206176758,76.10791778564453,0.7840742636219016,1020.8949584960938,0.08204084634780884,1020.8949584960938,0.7840742636219016
2658,20.492918014526367,76.0370864868164,0.7608545292719016,1031.04150390625,0.08272486925125122,1031.04150390625,0.7608545292719016
2659,20.252500534057617,75.8870849609375,0.8014501332267516,1045.2552490234375,0.08780530095100403,1045.2552490234375,0.8014501332267516
2660,20.332500457763672,77.09666442871094,0.7770632907191815,1032.113037109375,0.07717093825340271,1032.113037109375,0.7770632907191815
2661,20.485000610351562,76.5875015258789,0.7936071311719666,1066.590576171875,0.08228206634521484,1066.590576171875,0.7936071311719666
2662,20.502500534057617,76.57833099365234,0.7776032886913615,1035.0333251953125,0.07251240313053131,1035.0333251953125,0.7776032886913615
2663,20.395416259765625,75.39250183105469,0.7524223393598541,1037.4530029296875,0.07342056930065155,1037.4530029296875,0.7524223393598541
2664,20.622499465942383,75.63458251953125,0.7613232058792407,1026.60302734375,0.07710781693458557,1026.60302734375,0.7613232058792407
2665,20.443334579467773,77.24333190917969,0.7933499922479533,1043.4388427734375,0.0788208544254303,1043.4388427734375,0.7933499922479533
2666,20.600833892822266,75.90625,0.7722031806661314,1026.32568359375,0.07488195598125458,1026.32568359375,0.7722031806661314
2667,20.202917098999023,75.42583465576172,0.7761872031816119,1041.2337646484375,0.07575038075447083,1041.2337646484375,0.7761872031816119
2668,20.56999969482422,76.69833374023438,0.7674481190837845,1022.97412109375,0.07828450202941895,1022.97412109375,0.7674481190837845
2669,20.428749084472656,76.92708587646484,0.7892857218513294,1033.853759765625,0.07424566149711609,1033.853759765625,0.7892857218513294
2670,20.587499618530273,77.41542053222656,0.7962435295383998,1009.1856079101562,0.07479435205459595,1009.1856079101562,0.7962435295383998
2671,20.43291664123535,77.00416564941406,0.7888764117474532,1052.3621826171875,0.07923680543899536,1052.3621826171875,0.7888764117474532
2672,20.475418090820312,77.1624984741211,0.7745457600750325,1017.0672607421875,0.07846531271934509,1017.0672607421875,0.7745457600750325
2673,20.36750030517578,76.17208099365234,0.7965361168288835,1041.4876708984375,0.07934451103210449,1041.4876708984375,0.7965361168288835
2674,20.368749618530273,76.72791290283203,0.767668786375706,1030.0975341796875,0.09043250977993011,1030.0975341796875,0.767668786375706
2675,20.51624870300293,76.211669921875,0.7790651898339968,1015.12841796875,0.07885250449180603,1015.12841796875,0.7790651898339968
2676,20.489999771118164,75.23458862304688,0.784349409517836,1023.8438720703125,0.07384331524372101,1023.8438720703125,0.784349409517836
2677,20.26791763305664,76.09207916259766,0.7647342105752563,1035.694091796875,0.07875983417034149,1035.694091796875,0.7647342105752563
2678,20.30500030517578,75.77000427246094,0.779114632234992,1047.938232421875,0.08243995904922485,1047.938232421875,0.779114632234992
2679,20.742082595825195,78.23542022705078,0.8022142069299899,1047.224853515625,0.08535310626029968,1047.224853515625,0.8022142069299899
2680,20.54083251953125,76.97958374023438,0.7863710533410411,1035.2332763671875,0.0749502032995224,1035.2332763671875,0.7863710533410411
2681,20.7862491607666,76.58666229248047,0.7690253872278539,1051.590576171875,0.07521022856235504,1051.590576171875,0.7690253872278539
2682,20.347917556762695,76.53666687011719,0.7973215094485293,1057.2835693359375,0.07570835947990417,1057.2835693359375,0.7973215094485293
2683,20.53041648864746,76.163330078125,0.7803025511120192,1053.339111328125,0.08120258152484894,1053.339111328125,0.7803025511120192
2684,20.109167098999023,75.11042022705078,0.7685256824508533,1022.6439208984375,0.08227942883968353,1022.6439208984375,0.7685256824508533
2685,20.26791763305664,75.47042083740234,0.7682525405248612,1037.0858154296875,0.07958050072193146,1037.0858154296875,0.7682525405248612
2686,20.217082977294922,76.33708190917969,0.7808707417924469,1028.2265625,0.0777444839477539,1028.2265625,0.7808707417924469
2687,20.356250762939453,75.76541900634766,0.7884985765808437,1032.703857421875,0.07352432608604431,1032.703857421875,0.7884985765808437
2688,20.360416412353516,76.32499694824219,0.7597363501421477,1022.3988037109375,0.08337855339050293,1022.3988037109375,0.7597363501421477
2689,20.59458351135254,76.31458282470703,0.7766675264760379,1028.034912109375,0.07949168980121613,1028.034912109375,0.7766675264760379
2690,20.296249389648438,76.3941650390625,0.7915579749572901,1021.9854125976562,0.07918670773506165,1021.9854125976562,0.7915579749572901
2691,20.252500534057617,76.15374755859375,0.7922240131288013,1021.318359375,0.08665253221988678,1021.318359375,0.7922240131288013
2692,20.5,76.79750061035156,0.7847497546812859,1031.31396484375,0.07643237709999084,1031.31396484375,0.7847497546812859
2693,19.987083435058594,75.80708312988281,0.7714781594420895,1027.9639892578125,0.08111035823822021,1027.9639892578125,0.7714781594420895
2694,20.690832138061523,77.59874725341797,0.7987627906199238,1053.2738037109375,0.07385331392288208,1053.2738037109375,0.7987627906199238
2695,20.461666107177734,77.24124908447266,0.7696492151389251,1053.2781982421875,0.08071765303611755,1053.2781982421875,0.7696492151389251
2696,20.39750099182129,76.5320816040039,0.7991489076162848,1037.8367919921875,0.08353404700756073,1037.8367919921875,0.7991489076162848
2697,20.059999465942383,75.12625122070312,0.7860441120215702,1037.590576171875,0.0805334746837616,1037.590576171875,0.7860441120215702
2698,20.335834503173828,75.89916229248047,0.7702436459619182,1043.586181640625,0.08617138862609863,1043.586181640625,0.7702436459619182
2699,20.39583396911621,77.51583099365234,0.7646943901557024,1021.2169799804688,0.07616853713989258,1021.2169799804688,0.7646943901557024
2700,20.55875015258789,77.32166290283203,0.7747494429061582,1041.5634765625,0.07557207345962524,1041.5634765625,0.7747494429061582
2701,20.01416778564453,75.48875427246094,0.800676976293464,1043.3885498046875,0.07192225754261017,1043.3885498046875,0.800676976293464
2702,20.269582748413086,75.3862533569336,0.775006215070743,1016.3923950195312,0.07694308459758759,1016.3923950195312,0.775006215070743
2703,20.37583351135254,76.92082977294922,0.785954273342294,1033.50146484375,0.0739804357290268,1033.50146484375,0.785954273342294
2704,20.14875030517578,75.42416381835938,0.7587214654873384,1013.8118286132812,0.07142437994480133,1013.8118286132812,0.7587214654873384
2705,20.494583129882812,76.40750122070312,0.781988593368856,1039.7872314453125,0.06851942837238312,1039.7872314453125,0.781988593368856
2706,20.54458236694336,76.80916595458984,0.7547391435376911,1021.8939819335938,0.07938775420188904,1021.8939819335938,0.7547391435376911
2707,20.10875129699707,76.1554183959961,0.7851578178130618,1038.6741943359375,0.07718364894390106,1038.6741943359375,0.7851578178130618
2708,20.02375030517578,75.55583190917969,0.771665782464658,1003.0186767578125,0.08409935235977173,1003.0186767578125,0.771665782464658
2709,20.272083282470703,75.77875518798828,0.7873465897187645,1025.6619873046875,0.07904140651226044,1025.6619873046875,0.7873465897187645
2710,20.316665649414062,77.44166564941406,0.7878048589401517,1029.9576416015625,0.07522089779376984,1029.9576416015625,0.7878048589401517
2711,20.1924991607666,76.24041748046875,0.7888344898909303,1055.118896484375,0.07308375835418701,1055.118896484375,0.7888344898909303
2712,20.315834045410156,76.0,0.7632094198006598,1057.58056640625,0.07971122860908508,1057.58056640625,0.7632094198006598
2713,20.362916946411133,76.82916259765625,0.8014592640158725,1050.30029296875,0.08399726450443268,1050.30029296875,0.8014592640158725
2714,20.395000457763672,76.03583526611328,0.7935943918594208,1025.4952392578125,0.07276205718517303,1025.4952392578125,0.7935943918594208
2715,20.492082595825195,77.2179183959961,0.7920040559332504,1036.0716552734375,0.07700805366039276,1036.0716552734375,0.7920040559332504
2716,20.331666946411133,76.4879150390625,0.7773868685885519,1020.4584350585938,0.07339896261692047,1020.4584350585938,0.7773868685885519
2717,20.050832748413086,75.75416564941406,0.7581348885507535,1021.0128173828125,0.08368946611881256,1021.0128173828125,0.7581348885507535
2718,20.1108341217041,76.07083129882812,0.770387417316833,1033.99853515625,0.08524687588214874,1033.99853515625,0.770387417316833
2719,20.287500381469727,76.97916412353516,0.7839872352346464,1040.427734375,0.08192272484302521,1040.427734375,0.7839872352346464
2720,20.147916793823242,75.43458557128906,0.7791583759246492,1021.70166015625,0.07125802338123322,1021.70166015625,0.7791583759246492
2721,20.454166412353516,76.46833038330078,0.7810279390400339,1012.9725952148438,0.07679727673530579,1012.9725952148438,0.7810279390400339
2722,20.175416946411133,76.45624542236328,0.7922296247663494,1014.4529418945312,0.07674945890903473,1014.4529418945312,0.7922296247663494
2723,20.1733341217041,76.79875183105469,0.7905855991565973,1035.7318115234375,0.07587413489818573,1035.7318115234375,0.7905855991565973
2724,20.108333587646484,75.92874908447266,0.7891400203217958,1029.855224609375,0.06771036982536316,1029.855224609375,0.7891400203217958
2725,20.167917251586914,75.90458679199219,0.7630550224914556,1022.5997924804688,0.09183046221733093,1022.5997924804688,0.7630550224914556
2726,20.12958335876465,75.5079116821289,0.7850052086777557,1022.9440307617188,0.07698522508144379,1022.9440307617188,0.7850052086777557
2727,20.001251220703125,75.09750366210938,0.8027783071891113,1044.2327880859375,0.07892203330993652,1044.2327880859375,0.8027783071891113
2728,20.15250015258789,76.03750610351562,0.7913131503854705,1005.8990478515625,0.08154100179672241,1005.8990478515625,0.7913131503854705
2729,20.309999465942383,75.93000030517578,0.7769728228366458,1006.3953857421875,0.08290617167949677,1006.3953857421875,0.7769728228366458
2730,20.484167098999023,77.0062484741211,0.7969162720952911,1028.2066650390625,0.06991033256053925,1028.2066650390625,0.7969162720952911
2731,20.11750030517578,75.90625,0.7857013683519906,1041.198974609375,0.07314001023769379,1041.198974609375,0.7857013683519906
2732,20.07375144958496,76.05999755859375,0.8069570042261175,1021.5635986328125,0.0773133933544159,1021.5635986328125,0.8069570042261175
2733,20.045833587646484,75.87875366210938,0.7826560315071798,1015.228271484375,0.09662836790084839,1015.228271484375,0.7826560315071798
2734,20.190000534057617,77.66166687011719,0.798131751117229,1033.1328125,0.07860064506530762,1033.1328125,0.798131751117229
2735,20.012916564941406,76.19625091552734,0.7793860296555212,1035.5093994140625,0.07152143120765686,1035.5093994140625,0.7793860296555212
2736,20.43958282470703,76.31791687011719,0.7854658299579697,1026.724365234375,0.07059451937675476,1026.724365234375,0.7854658299579697
2737,20.34833335876465,76.1191635131836,0.7861804748719701,1022.4164428710938,0.07393378019332886,1022.4164428710938,0.7861804748719701
2738,20.10249900817871,75.95458984375,0.7846796030234359,1014.330078125,0.08173607289791107,1014.330078125,0.7846796030234359
2739,20.155834197998047,76.45333099365234,0.7667462379066756,1016.726318359375,0.07799659669399261,1016.726318359375,0.7667462379066756
2740,20.140417098999023,76.31708526611328,0.8030478918118351,1033.3333740234375,0.06960313022136688,1033.3333740234375,0.8030478918118351
2741,20.22249984741211,76.27458190917969,0.8046162705074438,1038.878662109375,0.0728750228881836,1038.878662109375,0.8046162705074438
2742,19.94333267211914,76.39749908447266,0.8084340669325991,1038.4656982421875,0.08069431781768799,1038.4656982421875,0.8084340669325991
2743,20.320417404174805,75.15416717529297,0.7645092658637532,1056.5115966796875,0.08533975481987,1056.5115966796875,0.7645092658637532
2744,20.101665496826172,76.49417114257812,0.7856013390980354,1038.8431396484375,0.0807410180568695,1038.8431396484375,0.7856013390980354
2745,20.189167022705078,76.42874908447266,0.7779952301885625,1030.371337890625,0.08630253374576569,1030.371337890625,0.7779952301885625
2746,20.297916412353516,75.51166534423828,0.8191552070028374,1047.9521484375,0.07091934978961945,1047.9521484375,0.8191552070028374
2747,20.111249923706055,76.25,0.8020593528592008,1010.299072265625,0.07197481393814087,1010.299072265625,0.8020593528592008
2748,19.868749618530273,76.100830078125,0.7897405047604423,1039.0755615234375,0.08098405599594116,1039.0755615234375,0.7897405047604423
2749,19.929166793823242,75.33583068847656,0.7879753331852369,1020.5088500976562,0.07297298312187195,1020.5088500976562,0.7879753331852369
2750,20.274166107177734,76.52041625976562,0.7938926905451242,1053.5341796875,0.07748392224311829,1053.5341796875,0.7938926905451242
2751,20.087081909179688,76.2316665649414,0.8071848503682638,1028.8861083984375,0.06824937462806702,1028.8861083984375,0.8071848503682638
2752,20.236665725708008,75.85333251953125,0.7936363277512939,1048.22900390625,0.0681174099445343,1048.22900390625,0.7936363277512939
2753,20.15166664123535,76.5079116821289,0.7857246979876574,1015.5752563476562,0.07362020015716553,1015.5752563476562,0.7857246979876574
2754,19.765832901000977,76.30000305175781,0.7845095855423753,1039.288330078125,0.08414283394813538,1039.288330078125,0.7845095855423753
2755,19.955415725708008,76.23249816894531,0.7670065709809593,1045.5421142578125,0.08335228264331818,1045.5421142578125,0.7670065709809593
2756,20.326250076293945,75.95000457763672,0.7910830779086071,1036.216064453125,0.06809891760349274,1036.216064453125,0.7910830779086071
2757,20.138750076293945,77.43416595458984,0.7904227942331398,1037.27783203125,0.08739630877971649,1037.27783203125,0.7904227942331398
2758,20.492918014526367,76.95624542236328,0.807153032487619,1041.6744384765625,0.07069137692451477,1041.6744384765625,0.807153032487619
2759,20.31458282470703,77.48916625976562,0.8091380162427534,1010.254150390625,0.0703502744436264,1010.254150390625,0.8091380162427534
2760,20.00458335876465,75.63417053222656,0.80098713430964,1016.77685546875,0.06976282596588135,1016.77685546875,0.80098713430964
2761,20.223751068115234,76.21833038330078,0.8008056981720368,1022.7052001953125,0.07729561626911163,1022.7052001953125,0.8008056981720368
2762,20.1733341217041,77.06000518798828,0.8071719082170807,1044.8477783203125,0.0727495551109314,1044.8477783203125,0.8071719082170807
2763,20.16208267211914,76.67875671386719,0.8029227412192769,1040.72216796875,0.06676273047924042,1040.72216796875,0.8029227412192769
2764,20.084583282470703,76.76666259765625,0.7999100233627522,1025.7298583984375,0.07600149512290955,1025.7298583984375,0.7999100233627522
2765,19.998750686645508,75.6370849609375,0.7857710109287696,1043.788330078125,0.07792170345783234,1043.788330078125,0.7857710109287696
2766,20.454999923706055,75.65833282470703,0.8121676521842371,1041.580078125,0.07506678998470306,1041.580078125,0.8121676521842371
2767,20.10249900817871,77.0,0.7885273355031321,1008.2627563476562,0.07774415612220764,1008.2627563476562,0.7885273355031321
2768,19.932083129882812,76.4437484741211,0.8049705209175982,1030.3182373046875,0.07704968750476837,1030.3182373046875,0.8049705209175982
2769,20.231250762939453,76.3800048828125,0.7822140913396354,1021.9188842773438,0.07180534303188324,1021.9188842773438,0.7822140913396354
2770,19.96125030517578,76.62750244140625,0.8114989459019507,1031.2938232421875,0.07917782664299011,1031.2938232421875,0.8114989459019507
2771,20.145416259765625,75.81375122070312,0.7498716169029928,1031.64404296875,0.08026142418384552,1031.64404296875,0.7498716169029928
2772,19.721250534057617,75.04125213623047,0.7670220377939357,1029.10986328125,0.07621133327484131,1029.10986328125,0.7670220377939357
2773,20.187082290649414,75.84625244140625,0.8191116584493509,1028.208251953125,0.0720779150724411,1028.208251953125,0.8191116584493509
2774,20.075834274291992,75.79708099365234,0.7856477496766676,1037.1478271484375,0.06855602562427521,1037.1478271484375,0.7856477496766676
2775,19.949583053588867,76.8316650390625,0.7734525060328068,1027.05908203125,0.0853167325258255,1027.05908203125,0.7734525060328068
2776,20.042499542236328,76.51041412353516,0.8073733520658242,1034.7513427734375,0.08215998113155365,1034.7513427734375,0.8073733520658242
2777,20.18541717529297,75.71791076660156,0.7898118413094064,1040.0146484375,0.07835809886455536,1040.0146484375,0.7898118413094064
2778,20.043750762939453,74.92583465576172,0.7750490926149686,1025.1514892578125,0.08366513252258301,1025.1514892578125,0.7750490926149686
2779,19.85999870300293,74.87666320800781,0.8061376768761975,1047.5341796875,0.0725506842136383,1047.5341796875,0.8061376768761975
2780,19.980417251586914,75.90958404541016,0.7568544328284206,1030.1767578125,0.07625502347946167,1030.1767578125,0.7568544328284206
2781,19.66083335876465,75.70375061035156,0.8196334211281894,1037.7567138671875,0.06750781834125519,1037.7567138671875,0.8196334211281894
2782,19.648332595825195,75.70875549316406,0.7623159534478137,1007.441650390625,0.07165837287902832,1007.441650390625,0.7623159534478137
2783,19.821250915527344,74.71541595458984,0.8017703202278064,1046.5057373046875,0.08026720583438873,1046.5057373046875,0.8017703202278064
2784,19.850833892822266,75.8812484741211,0.7733659927834595,1017.05078125,0.07581174373626709,1017.05078125,0.7733659927834595
2785,20.073333740234375,76.07125091552734,0.8201156871674595,1039.6531982421875,0.06978525221347809,1039.6531982421875,0.8201156871674595
2786,19.71125030517578,75.00041961669922,0.797818454942087,1021.9803466796875,0.08072841167449951,1021.9803466796875,0.797818454942087
2787,19.727083206176758,74.59041595458984,0.7703445543924801,1031.798583984375,0.07817085087299347,1031.798583984375,0.7703445543924801
2788,19.864582061767578,75.63375091552734,0.7983073458752346,1026.1180419921875,0.07758672535419464,1026.1180419921875,0.7983073458752346
2789,19.834583282470703,75.6191635131836,0.7898747088654773,1023.2499389648438,0.07455103099346161,1023.2499389648438,0.7898747088654773
2790,20.05375099182129,75.8870849609375,0.8102567030474874,1023.4448852539062,0.08196116983890533,1023.4448852539062,0.8102567030474874
2791,19.981250762939453,76.72250366210938,0.784807195574434,1051.519775390625,0.0726330429315567,1051.519775390625,0.784807195574434
2792,19.746667861938477,76.57791137695312,0.7983724242682287,1020.8779296875,0.07959692180156708,1020.8779296875,0.7983724242682287
2793,20.195833206176758,75.90750122070312,0.7813684815851006,1052.5738525390625,0.0713653713464737,1052.5738525390625,0.7813684815851006
2794,19.95458221435547,76.23666381835938,0.8289077874166626,1025.9761962890625,0.07500359416007996,1025.9761962890625,0.8289077874166626
2795,20.217500686645508,75.62708282470703,0.8046107356789327,1047.4801025390625,0.07173477113246918,1047.4801025390625,0.8046107356789327
2796,19.830415725708008,75.55166625976562,0.7573563975024158,1037.9290771484375,0.08533214032649994,1037.9290771484375,0.7573563975024158
2797,20.123750686645508,76.79458618164062,0.8027075847630398,1026.1732177734375,0.0811612457036972,1026.1732177734375,0.8027075847630398
2798,20.118751525878906,76.04458618164062,0.786591509389011,1020.4806518554688,0.07605993747711182,1020.4806518554688,0.786591509389011
2799,20.12041664123535,74.8254165649414,0.817314502526147,1057.978759765625,0.06834928691387177,1057.978759765625,0.817314502526147
2800,20.22458267211914,75.74750518798828,0.7896901212448206,1047.0528564453125,0.080837681889534,1047.0528564453125,0.7896901212448206
2801,19.953750610351562,73.42041778564453,0.7701195750974488,1047.083251953125,0.0703599601984024,1047.083251953125,0.7701195750974488
2802,19.925416946411133,75.59708404541016,0.7953855804445991,1023.6429443359375,0.0633353590965271,1023.6429443359375,0.7953855804445991
2803,19.705415725708008,75.38750457763672,0.8032884391677348,1021.8103637695312,0.07995535433292389,1021.8103637695312,0.8032884391677348
2804,19.77375030517578,73.7862548828125,0.8077112015060008,1032.4520263671875,0.0723624974489212,1032.4520263671875,0.8077112015060008
2805,19.959999084472656,74.9183349609375,0.7937951251956958,1031.5225830078125,0.06916947662830353,1031.5225830078125,0.7937951251956958
2806,19.896249771118164,76.26750183105469,0.7754074902263841,1030.901611328125,0.08703698217868805,1030.901611328125,0.7754074902263841
2807,20.087499618530273,76.58499908447266,0.8151938488814487,1044.6917724609375,0.07182621955871582,1044.6917724609375,0.8151938488814487
2808,19.694583892822266,75.50208282470703,0.7799820064782402,1021.722900390625,0.07253672182559967,1021.722900390625,0.7799820064782402
2809,19.78708267211914,75.28666687011719,0.7980494133046512,1028.192626953125,0.07141828536987305,1028.192626953125,0.7980494133046512
2810,19.829166412353516,74.17250061035156,0.8085820583734495,1018.7510986328125,0.0793871134519577,1018.7510986328125,0.8085820583734495
2811,20.227083206176758,76.54458618164062,0.8045187908481811,1040.843017578125,0.0750589370727539,1040.843017578125,0.8045187908481811
2812,19.99791717529297,74.86000061035156,0.8112904988406549,1047.874755859375,0.07013274729251862,1047.874755859375,0.8112904988406549
2813,20.059581756591797,75.87666320800781,0.8276263710509505,1024.76513671875,0.06887757778167725,1024.76513671875,0.8276263710509505
2814,20.051666259765625,75.9749984741211,0.8123092014011728,1035.1717529296875,0.07423795759677887,1035.1717529296875,0.8123092014011728
2815,20.110000610351562,74.91374969482422,0.7866829222484885,1026.4658203125,0.0674796998500824,1026.4658203125,0.7866829222484885
2816,19.72624969482422,75.31832885742188,0.7788356477488156,1021.9900512695312,0.07628720998764038,1021.9900512695312,0.7788356477488156
2817,20.25666618347168,74.83416748046875,0.7958968319967964,1034.94189453125,0.0710224062204361,1034.94189453125,0.7958968319967964
2818,19.63916778564453,74.36624908447266,0.7988263152999053,1033.6661376953125,0.07207755744457245,1033.6661376953125,0.7988263152999053
2819,20.4112491607666,75.82083129882812,0.808589610986195,1028.2479248046875,0.07419924437999725,1028.2479248046875,0.808589610986195
2820,20.08041763305664,76.25833129882812,0.8299055894267053,1020.9000244140625,0.07628703117370605,1020.9000244140625,0.8299055894267053
2821,20.06166648864746,76.61000061035156,0.7790023333850016,1031.7738037109375,0.08046646416187286,1031.7738037109375,0.7790023333850016
2822,19.68458366394043,75.60374450683594,0.7665477835463677,1038.9224853515625,0.07290291786193848,1038.9224853515625,0.7665477835463677
2823,20.042081832885742,75.79083251953125,0.7946738455207834,1052.272705078125,0.06565381586551666,1052.272705078125,0.7946738455207834
2824,20.239582061767578,76.04791259765625,0.8071215140633339,1024.7281494140625,0.07355423271656036,1024.7281494140625,0.8071215140633339
2825,20.068334579467773,74.98416900634766,0.7785317704847036,1025.538330078125,0.07336494326591492,1025.538330078125,0.7785317704847036
2826,20.06624984741211,76.25458526611328,0.8003702824228226,1037.2510986328125,0.0715472549200058,1037.2510986328125,0.8003702824228226
2827,20.15625,75.22833251953125,0.7887427431494265,1045.1402587890625,0.07313135266304016,1045.1402587890625,0.7887427431494265
2828,20.342082977294922,76.17124938964844,0.8129238382995185,1032.7332763671875,0.07942242920398712,1032.7332763671875,0.8129238382995185
2829,20.498332977294922,76.51499938964844,0.7769773665963924,1041.2818603515625,0.07843272387981415,1041.2818603515625,0.7769773665963924
2830,20.339582443237305,74.79583740234375,0.7785878801579664,1019.23828125,0.07201141119003296,1019.23828125,0.7785878801579664
2831,20.104581832885742,76.86416625976562,0.8065786669713501,1064.441650390625,0.07538984715938568,1064.441650390625,0.8065786669713501
2832,19.774999618530273,76.27791595458984,0.7977152486919967,1021.3865356445312,0.08068470656871796,1021.3865356445312,0.7977152486919967
2833,19.884166717529297,75.77000427246094,0.7751647348522481,1031.7591552734375,0.07160946726799011,1031.7591552734375,0.7751647348522481
2834,19.955415725708008,75.65625,0.8026198569270417,1044.3621826171875,0.0635179877281189,1044.3621826171875,0.8026198569270417
2835,20.281665802001953,75.63833618164062,0.8095287809368548,1044.3876953125,0.07270099222660065,1044.3876953125,0.8095287809368548
2836,19.921667098999023,76.02666473388672,0.8087163979896481,1048.296630859375,0.08165135979652405,1048.296630859375,0.8087163979896481
2837,20.035417556762695,76.55791473388672,0.780908814108757,1044.871826171875,0.070546954870224,1044.871826171875,0.780908814108757
2838,20.117916107177734,74.96083068847656,0.769825301661064,1006.211669921875,0.07543416321277618,1006.211669921875,0.769825301661064
2839,20.15041732788086,76.23332977294922,0.7876632178312559,1030.603271484375,0.07537226378917694,1030.603271484375,0.7876632178312559
2840,19.898332595825195,76.14583587646484,0.7839944480754626,1036.7340087890625,0.06572510302066803,1036.7340087890625,0.7839944480754626
2841,20.058334350585938,76.01708221435547,0.7899742623778315,1034.27197265625,0.07446606457233429,1034.27197265625,0.7899742623778315
2842,20.08416748046875,76.94499969482422,0.7859902147771257,1042.1441650390625,0.07249872386455536,1042.1441650390625,0.7859902147771257
2843,20.170000076293945,75.38249969482422,0.7755846595366737,1054.4654541015625,0.0753968358039856,1054.4654541015625,0.7755846595366737
2844,19.991666793823242,76.41542053222656,0.7907486712484755,1053.60791015625,0.07546557486057281,1053.60791015625,0.7907486712484755
2845,20.21791648864746,76.04750061035156,0.7757306178061207,1048.09228515625,0.0734897255897522,1048.09228515625,0.7757306178061207
2846,19.9424991607666,76.1987533569336,0.7781080402727097,1022.4757690429688,0.0765993595123291,1022.4757690429688,0.7781080402727097
2847,20.44124984741211,76.68000030517578,0.8137585490188413,1055.8697509765625,0.07016709446907043,1055.8697509765625,0.8137585490188413
2848,19.94875144958496,76.01958465576172,0.7926962245609024,1030.2200927734375,0.08210617303848267,1030.2200927734375,0.7926962245609024
2849,19.979999542236328,76.13916015625,0.7773343561317028,1007.2100219726562,0.0841841995716095,1007.2100219726562,0.7773343561317028
2850,20.15041732788086,75.56041717529297,0.7830294211809301,1052.4344482421875,0.07393768429756165,1052.4344482421875,0.7830294211809301
2851,19.959999084472656,75.37625122070312,0.7878871439657709,1041.3271484375,0.06546668708324432,1041.3271484375,0.7878871439657709
2852,19.944168090820312,76.50666809082031,0.764161884696923,1005.8710327148438,0.07771402597427368,1005.8710327148438,0.764161884696923
2853,19.96291732788086,76.40083312988281,0.7852149451070067,1012.9697875976562,0.06688655912876129,1012.9697875976562,0.7852149451070067
2854,20.239582061767578,75.5183334350586,0.802963915599328,1053.9072265625,0.06939540803432465,1053.9072265625,0.802963915599328
2855,19.86166763305664,75.72791290283203,0.7759102145934462,1010.2352905273438,0.0719783753156662,1010.2352905273438,0.7759102145934462
2856,20.0483341217041,76.82292175292969,0.7913274609841581,1025.1732177734375,0.07147940993309021,1025.1732177734375,0.7913274609841581
2857,20.049999237060547,76.91749572753906,0.7917290697557374,1021.7144775390625,0.0753163993358612,1021.7144775390625,0.7917290697557374
2858,20.061250686645508,75.8758316040039,0.790987793368721,1039.5728759765625,0.08166716992855072,1039.5728759765625,0.790987793368721
2859,19.836668014526367,76.18708801269531,0.8073717765643307,1048.1885986328125,0.07947421073913574,1048.1885986328125,0.8073717765643307
2860,19.993749618530273,75.70957946777344,0.782906800378224,1031.6796875,0.07512880861759186,1031.6796875,0.782906800378224
2861,20.159582138061523,77.46083068847656,0.8031055068783155,1027.089599609375,0.07507295906543732,1027.089599609375,0.8031055068783155
2862,20.184999465942383,77.35375213623047,0.7744064029513756,1042.8482666015625,0.07668331265449524,1042.8482666015625,0.7744064029513756
2863,20.289583206176758,77.74541473388672,0.7887802980693451,1029.7509765625,0.06879137456417084,1029.7509765625,0.7887802980693451
2864,20.17166519165039,74.9437484741211,0.7687316205362348,1033.2193603515625,0.07016785442829132,1033.2193603515625,0.7687316205362348
2865,19.92125129699707,75.83833312988281,0.8032381653621299,1040.8333740234375,0.07373122870922089,1040.8333740234375,0.8032381653621299
2866,20.06041717529297,76.7379150390625,0.7631467368148447,1022.9404296875,0.07165423035621643,1022.9404296875,0.7631467368148447
2867,20.347082138061523,76.44249725341797,0.7994130090076637,1044.8526611328125,0.0722724199295044,1044.8526611328125,0.7994130090076637
2868,19.97458267211914,76.06417083740234,0.817330832194322,1021.79296875,0.07508304715156555,1021.79296875,0.817330832194322
2869,19.800416946411133,75.48625183105469,0.7747656718847526,1037.6351318359375,0.07552185654640198,1037.6351318359375,0.7747656718847526
2870,20.04458236694336,76.52249908447266,0.7669630628253219,1038.8662109375,0.08739198744297028,1038.8662109375,0.7669630628253219
2871,20.220417022705078,75.30999755859375,0.8208734550923192,1035.9261474609375,0.06410691142082214,1035.9261474609375,0.8208734550923192
2872,19.985416412353516,74.96707916259766,0.7864267954262794,1011.7330322265625,0.07424981892108917,1011.7330322265625,0.7864267954262794
2873,20.187917709350586,75.57250213623047,0.7836794091399115,1030.715576171875,0.0692967027425766,1030.715576171875,0.7836794091399115
2874,20.112916946411133,76.72416687011719,0.7746835781085133,1014.238525390625,0.07062819600105286,1014.238525390625,0.7746835781085133
2875,20.153751373291016,76.27999877929688,0.8092397640613191,1029.035400390625,0.07333888113498688,1029.035400390625,0.8092397640613191
2876,20.147916793823242,76.22167205810547,0.7844245087973583,1027.8155517578125,0.0684957504272461,1027.8155517578125,0.7844245087973583
2877,20.327083587646484,76.3004150390625,0.7872612699345874,1032.0355224609375,0.0701124519109726,1032.0355224609375,0.7872612699345874
2878,20.132081985473633,75.86833190917969,0.8155744583996702,1065.0980224609375,0.07350997626781464,1065.0980224609375,0.8155744583996702
2879,19.87874984741211,76.29750061035156,0.7763469761632897,1012.7348022460938,0.07352562248706818,1012.7348022460938,0.7763469761632897
2880,20.45833396911621,75.39208221435547,0.7705793206510367,1046.9483642578125,0.07337816059589386,1046.9483642578125,0.7705793206510367
2881,20.09458351135254,76.72624969482422,0.8146366375492404,1038.6473388671875,0.07609602808952332,1038.6473388671875,0.8146366375492404
2882,19.97458267211914,76.2750015258789,0.8046034344682927,1028.256103515625,0.06743182241916656,1028.256103515625,0.8046034344682927
2883,20.164583206176758,75.44124603271484,0.8144643972213119,1039.45654296875,0.06528159976005554,1039.45654296875,0.8144643972213119
2884,20.23291778564453,76.78125,0.7983688473451576,1035.4903564453125,0.07739152014255524,1035.4903564453125,0.7983688473451576
2885,20.147916793823242,75.60958099365234,0.7844465530625989,1033.6656494140625,0.06355062127113342,1033.6656494140625,0.7844465530625989
2886,19.882083892822266,76.12833404541016,0.7835139330790526,1022.3019409179688,0.06900355219841003,1022.3019409179688,0.7835139330790526
2887,20.190000534057617,76.48291778564453,0.7860400405650667,1025.3751220703125,0.06512056291103363,1025.3751220703125,0.7860400405650667
2888,20.27833366394043,75.87124633789062,0.7700136976850276,1038.1973876953125,0.06826944649219513,1038.1973876953125,0.7700136976850276
2889,20.209165573120117,76.5320816040039,0.8173492532758413,1037.5887451171875,0.08132001757621765,1037.5887451171875,0.8173492532758413
2890,19.9233341217041,76.48041534423828,0.7787900200973278,1032.289794921875,0.06727147102355957,1032.289794921875,0.7787900200973278
2891,20.43541717529297,75.64875030517578,0.8037875700034465,1035.5986328125,0.07573306560516357,1035.5986328125,0.8037875700034465
2892,20.319583892822266,75.54499816894531,0.8254691576888644,1047.762939453125,0.06331486999988556,1047.762939453125,0.8254691576888644
2893,19.989166259765625,76.50458526611328,0.8130729503976937,1030.2408447265625,0.07922814786434174,1030.2408447265625,0.8130729503976937
2894,20.00958251953125,75.81417083740234,0.7949400964336264,1060.3975830078125,0.07131357491016388,1060.3975830078125,0.7949400964336264
2895,20.09166717529297,77.16207885742188,0.814628517414496,1011.1183471679688,0.06999073922634125,1011.1183471679688,0.814628517414496
2896,20.093334197998047,77.00208282470703,0.8123492465461071,1026.711181640625,0.07110993564128876,1026.711181640625,0.8123492465461071
2897,20.55500030517578,76.31458282470703,0.7795745382227204,1048.5689697265625,0.07140444219112396,1048.5689697265625,0.7795745382227204
2898,20.292917251586914,76.5879135131836,0.8268417829489094,1055.82763671875,0.0763799250125885,1055.82763671875,0.8268417829489094
2899,20.102916717529297,77.2308349609375,0.7731015908950567,1019.591552734375,0.07859402894973755,1019.591552734375,0.7731015908950567
2900,20.334165573120117,76.29541778564453,0.8105340461482553,1032.0811767578125,0.07367323338985443,1032.0811767578125,0.8105340461482553
2901,20.330833435058594,76.44249725341797,0.7677898291254743,1034.21923828125,0.07598425447940826,1034.21923828125,0.7677898291254743
2902,19.96958351135254,77.66416931152344,0.8048653366521986,1030.9405517578125,0.0759277194738388,1030.9405517578125,0.8048653366521986
2903,20.169166564941406,77.38417053222656,0.7906377373137944,1020.771728515625,0.07838569581508636,1020.771728515625,0.7906377373137944
2904,19.986249923706055,76.66624450683594,0.8305586270279295,1054.3358154296875,0.07130026817321777,1054.3358154296875,0.8305586270279295
2905,19.78708267211914,76.25708770751953,0.7988913088892797,1020.9636840820312,0.0732392817735672,1020.9636840820312,0.7988913088892797
2906,20.40916633605957,77.03624725341797,0.804136940339301,1053.558349609375,0.07427066564559937,1053.558349609375,0.804136940339301
2907,20.01416778564453,75.46499633789062,0.7898465195525021,1046.4041748046875,0.06751959025859833,1046.4041748046875,0.7898465195525021
2908,20.255416870117188,76.94125366210938,0.8292833957632502,1037.0670166015625,0.07326002418994904,1037.0670166015625,0.8292833957632502
2909,20.010000228881836,76.96292114257812,0.7841756466013325,1010.872802734375,0.0861063003540039,1010.872802734375,0.7841756466013325
2910,20.090415954589844,75.94291687011719,0.7907271243116167,1062.835205078125,0.07808665931224823,1062.835205078125,0.7907271243116167
2911,20.305416107177734,77.97000122070312,0.7974992672672103,1025.8106689453125,0.0759904533624649,1025.8106689453125,0.7974992672672103
2912,20.085834503173828,76.98958587646484,0.7835992818744343,1034.77490234375,0.0841187834739685,1034.77490234375,0.7835992818744343
2913,19.812915802001953,76.3620834350586,0.8176565619641127,1015.220947265625,0.07636694610118866,1015.220947265625,0.8176565619641127
2914,19.964582443237305,77.94791412353516,0.8216369139267575,1056.98779296875,0.07405805587768555,1056.98779296875,0.8216369139267575
2915,20.101665496826172,76.8558349609375,0.7816680220582338,1041.47802734375,0.08387616276741028,1041.47802734375,0.7816680220582338
2916,20.106666564941406,76.6683349609375,0.8078855492341666,1045.637451171875,0.0725318044424057,1045.637451171875,0.8078855492341666
2917,20.28208351135254,76.70249938964844,0.7968975945020265,1048.6436767578125,0.0707923173904419,1048.6436767578125,0.7968975945020265
2918,19.848751068115234,75.68499755859375,0.7964621401231134,1037.3245849609375,0.07171519100666046,1037.3245849609375,0.7964621401231134
2919,19.897499084472656,76.78250122070312,0.7870889658788045,1027.7916259765625,0.08249121904373169,1027.7916259765625,0.7870889658788045
2920,19.927499771118164,76.07875061035156,0.8018755707676398,1034.633544921875,0.06930728256702423,1034.633544921875,0.8018755707676398
2921,19.897916793823242,76.67333221435547,0.7881980502473379,1033.61376953125,0.07251621782779694,1033.61376953125,0.7881980502473379
2922,20.141250610351562,77.37625122070312,0.7883211644179471,1034.9168701171875,0.07318034768104553,1034.9168701171875,0.7883211644179471
2923,20.127500534057617,77.49041748046875,0.8014994747206423,1033.171630859375,0.07414810359477997,1033.171630859375,0.8014994747206423
2924,20.19208335876465,76.77333068847656,0.8236616528938401,1015.1101684570312,0.07728368043899536,1015.1101684570312,0.8236616528938401
2925,20.364166259765625,76.64541625976562,0.8023540604379256,1049.0167236328125,0.06927487254142761,1049.0167236328125,0.8023540604379256
2926,20.44041633605957,76.49583435058594,0.7996035488319171,1068.3465576171875,0.07537053525447845,1068.3465576171875,0.7996035488319171
2927,19.825416564941406,75.81791687011719,0.8110375568303704,1033.1929931640625,0.06838111579418182,1033.1929931640625,0.8110375568303704
2928,19.885833740234375,76.74666595458984,0.7789163599639246,1027.554443359375,0.07276381552219391,1027.554443359375,0.7789163599639246
2929,20.239582061767578,76.91749572753906,0.7773309113895985,1061.11279296875,0.06914377212524414,1061.11279296875,0.7773309113895985
2930,19.924999237060547,75.9766616821289,0.8218045456214567,1050.7962646484375,0.06869880855083466,1050.7962646484375,0.8218045456214567
2931,19.4879150390625,76.71833038330078,0.7822603188901764,1016.3089599609375,0.07191154360771179,1016.3089599609375,0.7822603188901764
2932,19.848751068115234,76.23999786376953,0.7833287241338164,1016.3287963867188,0.07504934072494507,1016.3287963867188,0.7833287241338164
2933,19.98666763305664,75.60458374023438,0.788188375303691,1027.7119140625,0.07695311307907104,1027.7119140625,0.788188375303691
2934,19.9424991607666,76.50833129882812,0.805622053305006,1016.9302368164062,0.07276470959186554,1016.9302368164062,0.805622053305006
2935,19.85999870300293,76.76708221435547,0.8085490726854591,1024.1072998046875,0.07402059435844421,1024.1072998046875,0.8085490726854591
2936,19.83125114440918,75.71083068847656,0.7922129298800473,1028.94091796875,0.07883547246456146,1028.94091796875,0.7922129298800473
2937,20.1924991607666,76.94416809082031,0.7907059057655353,1039.505615234375,0.07557730376720428,1039.505615234375,0.7907059057655353
2938,20.248750686645508,75.99250030517578,0.7711847009758768,1029.7200927734375,0.06967438757419586,1029.7200927734375,0.7711847009758768
2939,19.828332901000977,74.08416748046875,0.81196651337205,1041.5413818359375,0.07222329080104828,1041.5413818359375,0.81196651337205
2940,19.86750030517578,75.87124633789062,0.8178512801528547,1043.0240478515625,0.07479383051395416,1043.0240478515625,0.8178512801528547
2941,20.076250076293945,75.78916931152344,0.7923170849713528,1025.0302734375,0.0682118684053421,1025.0302734375,0.7923170849713528
2942,19.952917098999023,75.3116683959961,0.7899022167796679,1049.59423828125,0.07969042658805847,1049.59423828125,0.7899022167796679
2943,20.28416633605957,75.38499450683594,0.8283993300397002,1053.3123779296875,0.06653603911399841,1053.3123779296875,0.8283993300397002
2944,20.046667098999023,77.08749389648438,0.8131538452897247,1029.72021484375,0.0769495964050293,1029.72021484375,0.8131538452897247
2945,20.00458335876465,75.11750030517578,0.8032145107211295,1074.9061279296875,0.0714845061302185,1074.9061279296875,0.8032145107211295
2946,19.856250762939453,76.93791198730469,0.8148833508304889,1013.0521850585938,0.07178045809268951,1013.0521850585938,0.8148833508304889
2947,20.09833335876465,75.7804183959961,0.8055461990384072,1034.35302734375,0.07886362075805664,1034.35302734375,0.8055461990384072
2948,20.08333396911621,76.00749969482422,0.7867883114255145,1044.722412109375,0.07150466740131378,1044.722412109375,0.7867883114255145
2949,20.12208366394043,76.4745864868164,0.7880287661874545,1039.70556640625,0.08022642135620117,1039.70556640625,0.7880287661874545
2950,20.043750762939453,76.79541778564453,0.7945282837016532,1019.4691772460938,0.07371717691421509,1019.4691772460938,0.7945282837016532
2951,19.522499084472656,76.51374816894531,0.7865054761617873,1023.9728393554688,0.0719967931509018,1023.9728393554688,0.7865054761617873
2952,19.88541603088379,76.43916320800781,0.8075690087385619,1034.6236572265625,0.07085181772708893,1034.6236572265625,0.8075690087385619
2953,19.886249542236328,76.50666809082031,0.8160162160714128,1018.09521484375,0.07475645840167999,1018.09521484375,0.8160162160714128
2954,20.047916412353516,76.6883316040039,0.776720913158747,1029.625,0.08288304507732391,1029.625,0.776720913158747
2955,19.706666946411133,76.60749816894531,0.7931764755994007,1043.5355224609375,0.0697420984506607,1043.5355224609375,0.7931764755994007
2956,20.209999084472656,76.18916320800781,0.8305682693058186,1056.026123046875,0.07190161943435669,1056.026123046875,0.8305682693058186
2957,19.699583053588867,75.82083129882812,0.7817840714448411,1018.5394287109375,0.07566092908382416,1018.5394287109375,0.7817840714448411
2958,19.63916778564453,76.90499877929688,0.8028643073235093,1023.3936767578125,0.0694960504770279,1023.3936767578125,0.8028643073235093
2959,19.913333892822266,77.02874755859375,0.7875669937435021,1033.449462890625,0.0703030675649643,1033.449462890625,0.7875669937435021
2960,19.733333587646484,76.055419921875,0.7712083882099291,1039.239501953125,0.0687839686870575,1039.239501953125,0.7712083882099291
2961,20.112083435058594,75.38499450683594,0.8146454444422602,1064.0899658203125,0.07119634747505188,1064.0899658203125,0.8146454444422602
2962,19.921667098999023,76.15666198730469,0.7957645702420078,1038.2100830078125,0.07264319062232971,1038.2100830078125,0.7957645702420078
2963,19.631250381469727,75.52207946777344,0.8052194809160489,1055.5335693359375,0.0656682699918747,1055.5335693359375,0.8052194809160489
2964,19.95166778564453,76.99624633789062,0.795305533612604,1044.7081298828125,0.06730452179908752,1044.7081298828125,0.795305533612604
2965,19.75458335876465,75.67208099365234,0.7805277268101347,1028.2630615234375,0.07935266196727753,1028.2630615234375,0.7805277268101347
2966,19.997081756591797,78.16291809082031,0.7971215271490466,1066.7374267578125,0.06878186762332916,1066.7374267578125,0.7971215271490466
2967,19.824167251586914,77.01041412353516,0.805023996794999,1038.47314453125,0.060670316219329834,1038.47314453125,0.805023996794999
2968,20.07208251953125,77.73833465576172,0.8054804061280206,1046.8360595703125,0.06815303862094879,1046.8360595703125,0.8054804061280206
2969,19.643333435058594,76.45999908447266,0.8046142804224239,1012.75537109375,0.07119952142238617,1012.75537109375,0.8046142804224239
2970,19.878334045410156,76.20791625976562,0.7991409800261939,1042.7613525390625,0.07471694052219391,1042.7613525390625,0.7991409800261939
2971,19.805416107177734,76.77166748046875,0.7717343734983274,1039.9334716796875,0.06881748139858246,1039.9334716796875,0.7717343734983274
2972,19.842082977294922,77.12916564941406,0.7699067993442948,1031.114501953125,0.07074463367462158,1031.114501953125,0.7699067993442948
2973,19.782499313354492,76.23875427246094,0.7830886642698942,1027.199462890625,0.06940540671348572,1027.199462890625,0.7830886642698942
2974,19.779998779296875,77.02708435058594,0.7990949118285087,1039.419921875,0.06999862194061279,1039.419921875,0.7990949118285087
2975,19.865415573120117,76.62875366210938,0.8006661660610117,1046.3673095703125,0.07363022863864899,1046.3673095703125,0.8006661660610117
2976,20.126251220703125,76.60417175292969,0.7974190476630683,1037.7696533203125,0.07512736320495605,1037.7696533203125,0.7974190476630683
2977,19.883333206176758,76.95875549316406,0.78608691267681,1017.1493530273438,0.07017047703266144,1017.1493530273438,0.78608691267681
2978,19.857500076293945,75.7245864868164,0.8074407861944777,1047.68359375,0.07102526724338531,1047.68359375,0.8074407861944777
2979,19.945833206176758,76.90916442871094,0.7908391038769694,1043.0491943359375,0.07506959140300751,1043.0491943359375,0.7908391038769694
2980,20.010833740234375,76.41958618164062,0.7884699414928158,1041.216064453125,0.07521273195743561,1041.216064453125,0.7884699414928158
2981,19.967082977294922,76.88583374023438,0.7935019519718768,1041.191650390625,0.06953033804893494,1041.191650390625,0.7935019519718768
2982,19.640832901000977,77.61041259765625,0.7874891506666069,1020.5950317382812,0.07000450789928436,1020.5950317382812,0.7874891506666069
2983,19.761667251586914,77.19083404541016,0.8046685373260758,1023.668212890625,0.0715261697769165,1023.668212890625,0.8046685373260758
2984,20.02541732788086,75.7870864868164,0.8159111042641393,1041.8629150390625,0.06496326625347137,1041.8629150390625,0.8159111042641393
2985,19.502500534057617,76.33125305175781,0.8096521382101507,1024.0791015625,0.07329995930194855,1024.0791015625,0.8096521382101507
2986,19.77750015258789,75.77041625976562,0.8188536732412777,1032.638916015625,0.07394911348819733,1032.638916015625,0.8188536732412777
2987,20.123750686645508,76.21708679199219,0.8059486967120253,1027.9017333984375,0.06715159118175507,1027.9017333984375,0.8059486967120253
2988,19.796667098999023,76.49791717529297,0.8112032826751295,1029.3800048828125,0.0750107616186142,1029.3800048828125,0.8112032826751295
2989,19.581249237060547,75.66791534423828,0.8013414219510233,1020.9554443359375,0.07499302923679352,1020.9554443359375,0.8013414219510233
2990,19.88749885559082,76.74749755859375,0.7956709864863052,1011.9133911132812,0.07424090802669525,1011.9133911132812,0.7956709864863052
2991,19.597915649414062,75.11333465576172,0.820727981033033,1027.90673828125,0.07634663581848145,1027.90673828125,0.820727981033033
2992,20.089582443237305,75.34375,0.8184976746992781,1032.92626953125,0.06753674149513245,1032.92626953125,0.8184976746992781
2993,19.827499389648438,77.09375,0.8157765852980903,1026.7301025390625,0.08094331622123718,1026.7301025390625,0.8157765852980903
2994,19.80500030517578,76.07958221435547,0.8160191425877866,1014.182861328125,0.07286983728408813,1014.182861328125,0.8160191425877866
2995,19.897916793823242,76.16207885742188,0.8073324863231597,1032.5352783203125,0.06647051870822906,1032.5352783203125,0.8073324863231597
2996,19.912500381469727,75.51791381835938,0.8113854507464495,1032.92333984375,0.07918061316013336,1032.92333984375,0.8113854507464495
2997,19.60041618347168,75.65333557128906,0.78945663461079,1022.1177978515625,0.07817241549491882,1022.1177978515625,0.78945663461079
2998,19.906667709350586,76.50499725341797,0.8106005393723323,1030.72119140625,0.07119874656200409,1030.72119140625,0.8106005393723323
2999,19.834999084472656,75.77207946777344,0.8017576091681196,1015.6583251953125,0.07167384028434753,1015.6583251953125,0.8017576091681196
3000,19.597915649414062,74.78958129882812,0.7903055342826166,1012.039306640625,0.07639260590076447,1012.039306640625,0.7903055342826166
3001,19.697498321533203,76.20624542236328,0.8285516283196159,1052.2298583984375,0.07071693241596222,1052.2298583984375,0.8285516283196159
3002,19.668333053588867,75.9745864868164,0.8037542672714977,1013.7354736328125,0.07297098636627197,1013.7354736328125,0.8037542672714977
3003,19.536666870117188,75.8066635131836,0.8054888348669333,1021.5645751953125,0.06118914484977722,1021.5645751953125,0.8054888348669333
3004,19.47166633605957,75.91416931152344,0.8201768372990467,1026.1336669921875,0.06790518760681152,1026.1336669921875,0.8201768372990467
3005,19.59833335876465,76.6995849609375,0.7875412332339337,1021.7188110351562,0.08127723634243011,1021.7188110351562,0.7875412332339337
3006,19.72541618347168,75.75416564941406,0.7932646936998267,1018.6709594726562,0.0730815976858139,1018.6709594726562,0.7932646936998267
3007,19.5625,75.711669921875,0.8324486431904277,1030.697265625,0.06806831061840057,1030.697265625,0.8324486431904277
3008,19.658750534057617,75.85499572753906,0.8118343390972591,1041.6572265625,0.07354409992694855,1041.6572265625,0.8118343390972591
3009,19.833749771118164,75.74250030517578,0.8190435767774894,1021.1168212890625,0.07056282460689545,1021.1168212890625,0.8190435767774894
3010,19.614166259765625,75.8304214477539,0.825414164159526,1021.7593994140625,0.06190086901187897,1021.7593994140625,0.825414164159526
3011,19.647499084472656,75.06916809082031,0.7948487831427842,1039.230712890625,0.0614919513463974,1039.230712890625,0.7948487831427842
3012,19.474584579467773,75.3758316040039,0.79646784386976,1035.663330078125,0.07039888203144073,1035.663330078125,0.79646784386976
3013,19.562084197998047,74.86917114257812,0.7883062554394289,1013.1168823242188,0.06814418733119965,1013.1168823242188,0.7883062554394289
3014,19.84375,75.49458312988281,0.8125918948473694,1027.515380859375,0.0649220198392868,1027.515380859375,0.8125918948473694
3015,19.554584503173828,75.80374908447266,0.7807734394174962,1025.789306640625,0.07296310365200043,1025.789306640625,0.7807734394174962
3016,19.50458335876465,75.98541259765625,0.8093445062942486,1020.6674194335938,0.06952135264873505,1020.6674194335938,0.8093445062942486
3017,19.555416107177734,75.10416412353516,0.8137034637256061,1044.197998046875,0.0726909339427948,1044.197998046875,0.8137034637256061
3018,19.49416732788086,76.05332946777344,0.7825448202032441,1020.2589111328125,0.06642228364944458,1020.2589111328125,0.7825448202032441
3019,19.613750457763672,75.65833282470703,0.8093389570066476,1027.774658203125,0.07589524984359741,1027.774658203125,0.8093389570066476
3020,19.59833335876465,76.7562484741211,0.8188234753382192,1023.72509765625,0.07679407298564911,1023.72509765625,0.8188234753382192
3021,19.712915420532227,76.25167083740234,0.8224543645198651,1032.83447265625,0.07073090970516205,1032.83447265625,0.8224543645198651
3022,19.563749313354492,75.20833587646484,0.7915842058493268,1029.766845703125,0.07637445628643036,1029.766845703125,0.7915842058493268
3023,19.470001220703125,75.62625122070312,0.7947440944308803,1018.968017578125,0.07052531838417053,1018.968017578125,0.7947440944308803
3024,19.275001525878906,75.37124633789062,0.7747774868551598,1007.9618530273438,0.08432498574256897,1007.9618530273438,0.7747774868551598
3025,19.59375,75.85832977294922,0.8023981359720248,1026.295166015625,0.07057933509349823,1026.295166015625,0.8023981359720248
3026,19.695833206176758,76.2579116821289,0.7782821063234925,1011.5128784179688,0.06284971535205841,1011.5128784179688,0.7782821063234925
3027,19.689998626708984,75.55708312988281,0.8067975447557894,1041.59912109375,0.07162807881832123,1041.59912109375,0.8067975447557894
3028,19.87583351135254,76.08916473388672,0.7963263930465471,1021.2816772460938,0.07164855301380157,1021.2816772460938,0.7963263930465471
3029,19.64583396911621,76.15666198730469,0.824203038050335,1020.59228515625,0.061468303203582764,1020.59228515625,0.824203038050335
3030,19.916667938232422,77.84542083740234,0.7881617436032358,1014.6104736328125,0.0712873786687851,1014.6104736328125,0.7881617436032358
3031,19.782499313354492,75.4324951171875,0.8303679043059691,1037.67138671875,0.059701621532440186,1037.67138671875,0.8303679043059691
3032,19.848751068115234,75.875,0.8154671471929228,1034.6605224609375,0.07097563147544861,1034.6605224609375,0.8154671471929228
3033,19.689998626708984,77.3183364868164,0.8037466705414282,1034.13330078125,0.06835798919200897,1034.13330078125,0.8037466705414282
3034,19.55208396911621,75.99624633789062,0.8189575252623434,1024.1953125,0.0740431696176529,1024.1953125,0.8189575252623434
3035,19.908750534057617,77.51374816894531,0.8135261718939003,1029.6480712890625,0.07022741436958313,1029.6480712890625,0.8135261718939003
3036,19.64958381652832,76.87750244140625,0.8019378513437754,1029.68212890625,0.0701286792755127,1029.68212890625,0.8019378513437754
3037,19.97624969482422,77.07083129882812,0.8138351371767771,1041.11962890625,0.07510529458522797,1041.11962890625,0.8138351371767771
3038,19.558332443237305,77.94208526611328,0.8097547232561152,1005.00146484375,0.07813137769699097,1005.00146484375,0.8097547232561152
3039,18.1299991607666,76.12249755859375,0.7009791806585759,1159.26953125,0.07119852304458618,1159.26953125,0.7009791806585759
3040,19.77916717529297,77.34207916259766,0.8008933337609628,1001.5563354492188,0.07799637317657471,1001.5563354492188,0.8008933337609628
3041,19.347084045410156,76.27708435058594,0.7949164508183542,1022.1636962890625,0.07494856417179108,1022.1636962890625,0.7949164508183542
3042,19.63166618347168,75.63291931152344,0.7909503105471011,1048.8834228515625,0.06421183049678802,1048.8834228515625,0.7909503105471011
3043,19.68458366394043,76.02458953857422,0.7974766812878045,1023.1287841796875,0.07333599030971527,1023.1287841796875,0.7974766812878045
3044,19.642499923706055,75.53374481201172,0.7988555971262304,1051.4764404296875,0.07983940839767456,1051.4764404296875,0.7988555971262304
3045,20.047916412353516,77.31000518798828,0.8112683458291888,1023.3748779296875,0.06443145871162415,1023.3748779296875,0.8112683458291888
3046,20.13166618347168,77.33041381835938,0.7887462727054272,1032.6146240234375,0.06382322311401367,1032.6146240234375,0.7887462727054272
3047,19.886249542236328,77.10124969482422,0.7956524547903037,1033.8753662109375,0.06575100123882294,1033.8753662109375,0.7956524547903037
3048,19.707916259765625,76.80624389648438,0.8047732282870678,1034.5721435546875,0.06504948437213898,1034.5721435546875,0.8047732282870678
3049,19.55583381652832,76.86541748046875,0.7684299632586267,1018.282958984375,0.07962045073509216,1018.282958984375,0.7684299632586267
3050,19.87416648864746,77.4625015258789,0.8029936052531522,1033.265380859375,0.06618155539035797,1033.265380859375,0.8029936052531522
3051,19.905834197998047,76.64708709716797,0.7622665493769161,1030.67578125,0.06998252868652344,1030.67578125,0.7622665493769161
3052,19.84749984741211,75.98999786376953,0.7934173272193705,1026.13720703125,0.06964138150215149,1026.13720703125,0.7934173272193705
3053,19.81041717529297,76.95166778564453,0.7815021730978757,1022.56640625,0.07013925909996033,1022.56640625,0.7815021730978757
3054,19.62583351135254,76.06791687011719,0.8019623351723315,1034.6463623046875,0.07472743093967438,1034.6463623046875,0.8019623351723315
3055,19.782917022705078,77.29000091552734,0.8081101249890732,1025.1446533203125,0.06921383738517761,1025.1446533203125,0.8081101249890732
3056,19.714584350585938,76.55332946777344,0.7840683873472827,1048.2213134765625,0.0691957175731659,1048.2213134765625,0.7840683873472827
3057,19.799999237060547,76.80416870117188,0.7903219577542746,1016.4684448242188,0.07842612266540527,1016.4684448242188,0.7903219577542746
3058,19.80500030517578,76.93958282470703,0.7868192529416103,1032.737060546875,0.07371462881565094,1032.737060546875,0.7868192529416103
3059,19.850000381469727,76.38333129882812,0.8050720259344363,1043.304931640625,0.073240265250206,1043.304931640625,0.8050720259344363
3060,19.945417404174805,78.02874755859375,0.791570342433715,1025.906494140625,0.07866865396499634,1025.906494140625,0.791570342433715
3061,20.139999389648438,77.10874938964844,0.8022761142549981,1066.844970703125,0.06756167113780975,1066.844970703125,0.8022761142549981
3062,19.89666748046875,77.055419921875,0.79902834701607,1032.0863037109375,0.07628202438354492,1032.0863037109375,0.79902834701607
3063,19.676250457763672,75.9366683959961,0.7848914334829264,1035.3409423828125,0.06712734699249268,1035.3409423828125,0.7848914334829264
3064,19.97333335876465,76.26875305175781,0.7812629591478151,1027.6314697265625,0.0713738352060318,1027.6314697265625,0.7812629591478151
3065,19.850000381469727,77.64125061035156,0.8052579993181811,1040.14599609375,0.0725717842578888,1040.14599609375,0.8052579993181811
3066,19.958749771118164,76.18083190917969,0.789849434628843,1024.676513671875,0.06355735659599304,1024.676513671875,0.789849434628843
3067,19.57791519165039,75.76000213623047,0.806885811785236,1038.7117919921875,0.07230852544307709,1038.7117919921875,0.806885811785236
3068,20.022916793823242,76.89666748046875,0.7807931769273477,1017.4219360351562,0.0806838721036911,1017.4219360351562,0.7807931769273477
3069,20.056251525878906,77.35624694824219,0.819059992131479,1034.0494384765625,0.059050142765045166,1034.0494384765625,0.819059992131479
3070,19.861249923706055,77.59500122070312,0.7812921316319337,1013.7675170898438,0.07377597689628601,1013.7675170898438,0.7812921316319337
3071,19.852083206176758,77.19000244140625,0.7995038665951161,1046.2984619140625,0.06721572577953339,1046.2984619140625,0.7995038665951161
3072,19.807083129882812,77.08208465576172,0.7850266753628783,1015.1389770507812,0.061049312353134155,1015.1389770507812,0.7850266753628783
3073,19.753334045410156,75.93208312988281,0.7634772766627564,1042.5040283203125,0.07065451145172119,1042.5040283203125,0.7634772766627564
3074,19.947500228881836,76.81791687011719,0.7816605347043795,1029.7977294921875,0.07015982270240784,1029.7977294921875,0.7816605347043795
3075,19.81541633605957,75.882080078125,0.8137578130497838,1013.2406616210938,0.07440496981143951,1013.2406616210938,0.8137578130497838
3076,19.70916748046875,74.6937484741211,0.7819267116246993,1021.3152465820312,0.0686207115650177,1021.3152465820312,0.7819267116246993
3077,19.57791519165039,75.90875244140625,0.7656019316725733,1033.53173828125,0.0771106481552124,1033.53173828125,0.7656019316725733
3078,19.514583587646484,75.57666778564453,0.7809655359810213,1046.487060546875,0.07168461382389069,1046.487060546875,0.7809655359810213
3079,20.124582290649414,77.86250305175781,0.8148054538755912,1036.8643798828125,0.06071789562702179,1036.8643798828125,0.8148054538755912
3080,19.868749618530273,76.61041259765625,0.8049921842857146,1033.5526123046875,0.07135728001594543,1033.5526123046875,0.8049921842857146
3081,20.077499389648438,76.23416900634766,0.7854882180307659,1052.4586181640625,0.07357257604598999,1052.4586181640625,0.7854882180307659
3082,19.738750457763672,76.37791442871094,0.8095920337454637,1050.2838134765625,0.07004646956920624,1050.2838134765625,0.8095920337454637
3083,19.98666763305664,76.17082977294922,0.8140995821071637,1048.4097900390625,0.06310349702835083,1048.4097900390625,0.8140995821071637
3084,19.53333282470703,74.80791473388672,0.771585320235517,1021.1824951171875,0.06667020916938782,1021.1824951171875,0.771585320235517
3085,19.64458465576172,75.23208618164062,0.7923473517655102,1038.09912109375,0.06703649461269379,1038.09912109375,0.7923473517655102
3086,20.18375015258789,76.42791748046875,0.7884865164993635,1027.973388671875,0.06954236328601837,1027.973388671875,0.7884865164993635
3087,19.948333740234375,75.60541534423828,0.816840688830007,1037.9920654296875,0.06372921168804169,1037.9920654296875,0.816840688830007
3088,19.983333587646484,76.38333129882812,0.7951876385444439,1017.4749145507812,0.0782611221075058,1017.4749145507812,0.7951876385444439
3089,20.042081832885742,76.47958374023438,0.8132626973355154,1027.9150390625,0.06455078721046448,1027.9150390625,0.8132626973355154
3090,19.828750610351562,76.25833129882812,0.7884052662872147,1020.1332397460938,0.07367293536663055,1020.1332397460938,0.7884052662872147
3091,19.81458282470703,76.0824966430664,0.7942984926130441,1016.2767333984375,0.06962849199771881,1016.2767333984375,0.7942984926130441
3092,19.999582290649414,76.82791900634766,0.824154638709834,1023.9811401367188,0.06824615597724915,1023.9811401367188,0.824154638709834
3093,19.606666564941406,75.72000122070312,0.8140317795546207,1025.7740478515625,0.0673496425151825,1025.7740478515625,0.8140317795546207
3094,20.257917404174805,77.77375030517578,0.816034817476527,1058.731689453125,0.06625908613204956,1058.731689453125,0.816034817476527
3095,19.852916717529297,77.03083038330078,0.79659658834236,1054.181884765625,0.07225942611694336,1054.181884765625,0.79659658834236
3096,19.851667404174805,76.51458740234375,0.8124614530047749,1038.4293212890625,0.06607058644294739,1038.4293212890625,0.8124614530047749
3097,19.462915420532227,75.19416809082031,0.7875561312701822,1034.970947265625,0.06883484125137329,1034.970947265625,0.7875561312701822
3098,20.096250534057617,76.20624542236328,0.7905461980090889,1044.59423828125,0.06795664131641388,1044.59423828125,0.7905461980090889
3099,19.955833435058594,77.46333312988281,0.7947743726928871,1022.2776489257812,0.06848928332328796,1022.2776489257812,0.7947743726928871
3100,19.99916648864746,77.45874786376953,0.8014391400775944,1042.62744140625,0.06404541432857513,1042.62744140625,0.8014391400775944
3101,19.433332443237305,75.89916229248047,0.8176562392562451,1041.620849609375,0.06662806868553162,1041.620849609375,0.8176562392562451
3102,19.657499313354492,75.430419921875,0.7931628727858907,1018.7280883789062,0.0647488534450531,1018.7280883789062,0.7931628727858907
3103,20.06999969482422,77.1379165649414,0.7935957927228461,1032.301025390625,0.07014200091362,1032.301025390625,0.7935957927228461
3104,19.662498474121094,75.59416961669922,0.7941427659040551,1024.5147705078125,0.07732705771923065,1024.5147705078125,0.7941427659040551
3105,20.192916870117188,76.85916137695312,0.7817997221292277,1045.463623046875,0.06486652791500092,1045.463623046875,0.7817997221292277
3106,19.75291633605957,77.1370849609375,0.7809965366463406,1023.1050415039062,0.07712991535663605,1023.1050415039062,0.7809965366463406
3107,19.702083587646484,76.60124969482422,0.8006729231933387,1038.7940673828125,0.07027024030685425,1038.7940673828125,0.8006729231933387
3108,19.33625030517578,76.08541870117188,0.7715795789937128,1006.9578247070312,0.07326163351535797,1006.9578247070312,0.7715795789937128
3109,19.779998779296875,76.06082916259766,0.7958602512921924,1028.2830810546875,0.06895841658115387,1028.2830810546875,0.7958602512921924
3110,20.172500610351562,78.02916717529297,0.788968313983152,1035.9908447265625,0.06750732660293579,1035.9908447265625,0.788968313983152
3111,19.873332977294922,76.84583282470703,0.8117189828718453,1050.3907470703125,0.06579272449016571,1050.3907470703125,0.8117189828718453
3112,19.827083587646484,76.41624450683594,0.8016989796133186,1061.2686767578125,0.0715889185667038,1061.2686767578125,0.8016989796133186
3113,19.81333351135254,77.43250274658203,0.7889834829718512,1051.353271484375,0.08234642446041107,1051.353271484375,0.7889834829718512
3114,19.709583282470703,76.47167205810547,0.8017222555704837,1030.43359375,0.07235194742679596,1030.43359375,0.8017222555704837
3115,20.08416748046875,77.7004165649414,0.804440394433336,1041.72509765625,0.06677554547786713,1041.72509765625,0.804440394433336
3116,19.794166564941406,77.07958221435547,0.7936437178312353,1026.587158203125,0.07129447162151337,1026.587158203125,0.7936437178312353
3117,19.57666778564453,76.30000305175781,0.7597186298580276,1027.17529296875,0.07365688681602478,1027.17529296875,0.7597186298580276
3118,19.761667251586914,76.96416473388672,0.7918118832877121,1038.487060546875,0.0770866721868515,1038.487060546875,0.7918118832877121
3119,19.980833053588867,77.57624816894531,0.818409431308605,1038.664794921875,0.06816273927688599,1038.664794921875,0.818409431308605
3120,19.524166107177734,76.22916412353516,0.7929383793538317,1023.1559448242188,0.07425546646118164,1023.1559448242188,0.7929383793538317
3121,20.04166603088379,76.89250183105469,0.7831329963243644,1018.321533203125,0.0706634372472763,1018.321533203125,0.7831329963243644
3122,19.908750534057617,77.21749877929688,0.8025891743246146,1024.61328125,0.0745832622051239,1024.61328125,0.8025891743246146
3123,19.68666648864746,77.51041412353516,0.8009656131679883,1036.66796875,0.06710685789585114,1036.66796875,0.8009656131679883
3124,19.9637508392334,76.82333374023438,0.8145517760497435,1031.4615478515625,0.06778956949710846,1031.4615478515625,0.8145517760497435
3125,19.826250076293945,76.7633285522461,0.7509439559878908,1029.56982421875,0.07355624437332153,1029.56982421875,0.7509439559878908
3126,19.577083587646484,76.069580078125,0.7800890075592897,1023.3709716796875,0.0663938820362091,1023.3709716796875,0.7800890075592897
3127,19.715415954589844,75.89916229248047,0.8117647708320351,1048.72998046875,0.06374108791351318,1048.72998046875,0.8117647708320351
3128,19.627084732055664,76.60250091552734,0.8010304169895768,1011.7821044921875,0.07084494829177856,1011.7821044921875,0.8010304169895768
3129,19.682498931884766,76.32041931152344,0.7873129237857661,1011.00927734375,0.07841801643371582,1011.00927734375,0.7873129237857661
3130,19.9424991607666,77.4679183959961,0.798812812936626,1025.724609375,0.05951671302318573,1025.724609375,0.798812812936626
3131,19.440832138061523,76.31583404541016,0.7904512434562984,1043.007568359375,0.07420927286148071,1043.007568359375,0.7904512434562984
3132,19.602916717529297,76.63875579833984,0.7926641875615483,1024.1531982421875,0.07275338470935822,1024.1531982421875,0.7926641875615483
3133,19.635000228881836,76.38583374023438,0.7865323818487758,1025.3271484375,0.07297487556934357,1025.3271484375,0.7865323818487758
3134,19.727916717529297,77.9937515258789,0.7707131886137117,1031.1324462890625,0.07119737565517426,1031.1324462890625,0.7707131886137117
3135,19.702083587646484,76.82666778564453,0.7684242283062148,1035.0986328125,0.06572329998016357,1035.0986328125,0.7684242283062148
3136,19.972915649414062,76.98249816894531,0.7957628563039578,1021.3328247070312,0.06656402349472046,1021.3328247070312,0.7957628563039578
3137,19.554166793823242,76.74041748046875,0.7886782494931356,1022.3543701171875,0.0618792325258255,1022.3543701171875,0.7886782494931356
3138,19.641250610351562,76.51374816894531,0.7943570218350303,1013.7273559570312,0.06607067584991455,1013.7273559570312,0.7943570218350303
3139,19.830415725708008,76.83291625976562,0.7666340375180578,1016.8814086914062,0.07596606016159058,1016.8814086914062,0.7666340375180578
3140,19.82291603088379,76.9191665649414,0.8096151627186059,1036.674560546875,0.06247425079345703,1036.674560546875,0.8096151627186059
3141,19.84458351135254,76.6500015258789,0.8106754544622041,1037.3133544921875,0.06546896696090698,1037.3133544921875,0.8106754544622041
3142,19.514999389648438,76.64208221435547,0.7973867139044443,1036.0230712890625,0.0722825825214386,1036.0230712890625,0.7973867139044443
3143,19.83416748046875,75.42333984375,0.7773281452483284,1058.200927734375,0.07345528900623322,1058.200927734375,0.7773281452483284
3144,19.715415954589844,76.77583312988281,0.7846506531292472,1033.9334716796875,0.06312869489192963,1033.9334716796875,0.7846506531292472
3145,19.640832901000977,76.63749694824219,0.7763481096860485,1024.9774169921875,0.0732136070728302,1024.9774169921875,0.7763481096860485
3146,19.545833587646484,75.59708404541016,0.8203446479883538,1048.20849609375,0.061028510332107544,1048.20849609375,0.8203446479883538
3147,19.622499465942383,76.36125183105469,0.7779827002786494,1006.783203125,0.07238782942295074,1006.783203125,0.7779827002786494
3148,19.545000076293945,76.3741683959961,0.7787449360697011,1041.63232421875,0.06813359260559082,1041.63232421875,0.7787449360697011
3149,19.352916717529297,75.50125122070312,0.7835558032839103,1014.9027099609375,0.06731003522872925,1014.9027099609375,0.7835558032839103
3150,19.834999084472656,76.56208038330078,0.8184383126069344,1049.43408203125,0.06825441122055054,1049.43408203125,0.8184383126069344
3151,19.57291603088379,76.13499450683594,0.8079397833509582,1029.210205078125,0.07485249638557434,1029.210205078125,0.8079397833509582
3152,19.66583251953125,75.79875183105469,0.8173755658838255,1041.50439453125,0.06357571482658386,1041.50439453125,0.8173755658838255
3153,19.65916633605957,76.375,0.7964178383967813,1010.7415161132812,0.05901069939136505,1010.7415161132812,0.7964178383967813
3154,19.563749313354492,76.3870849609375,0.7992393924596221,1041.2578125,0.07159267365932465,1041.2578125,0.7992393924596221
3155,19.554584503173828,76.17791748046875,0.8103624630954644,1042.9571533203125,0.07177405059337616,1042.9571533203125,0.8103624630954644
3156,20.03333282470703,75.75291442871094,0.7967732332580167,1032.333251953125,0.0708332359790802,1032.333251953125,0.7967732332580167
3157,19.807498931884766,77.29916381835938,0.7892580111568095,1033.7215576171875,0.07490172982215881,1033.7215576171875,0.7892580111568095
3158,19.976667404174805,76.87332916259766,0.8068868626835474,1042.951416015625,0.06973488628864288,1042.951416015625,0.8068868626835474
3159,20.021249771118164,77.14458465576172,0.8114213619154912,1010.7741088867188,0.06374301016330719,1010.7741088867188,0.8114213619154912
3160,19.594999313354492,75.39708709716797,0.7824698639139427,1014.1865844726562,0.07158954441547394,1014.1865844726562,0.7824698639139427
3161,19.823749542236328,76.02333068847656,0.7854837455475848,1020.2703857421875,0.06577473878860474,1020.2703857421875,0.7854837455475848
3162,19.904582977294922,76.68167114257812,0.7915808402727647,1044.0216064453125,0.06789924204349518,1044.0216064453125,0.7915808402727647
3163,19.78499984741211,76.44624328613281,0.8165267209273366,1040.7418212890625,0.06519943475723267,1040.7418212890625,0.8165267209273366
3164,19.592084884643555,76.72416687011719,0.8043325818276734,1017.5130615234375,0.07432833313941956,1017.5130615234375,0.8043325818276734
3165,19.821250915527344,75.5120849609375,0.7609669372581567,1040.6724853515625,0.07869519293308258,1040.6724853515625,0.7609669372581567
3166,19.953332901000977,75.6120834350586,0.7849230449748363,1039.63525390625,0.06184035539627075,1039.63525390625,0.7849230449748363
3167,19.74333381652832,77.03874969482422,0.8016191054524096,1004.7501831054688,0.07183830440044403,1004.7501831054688,0.8016191054524096
3168,19.59458351135254,76.49124908447266,0.7889312355345763,1026.9564208984375,0.06605204939842224,1026.9564208984375,0.7889312355345763
3169,20.029582977294922,76.69833374023438,0.7731740173826162,1022.7698974609375,0.06781400740146637,1022.7698974609375,0.7731740173826162
3170,19.64458465576172,76.86624908447266,0.7910725442016998,1029.5447998046875,0.0635959804058075,1029.5447998046875,0.7910725442016998
3171,19.891666412353516,76.02708435058594,0.7652016171981946,1032.239990234375,0.06426069140434265,1032.239990234375,0.7652016171981946
3172,19.43291664123535,75.37875366210938,0.7821389664409854,1027.48095703125,0.07299421727657318,1027.48095703125,0.7821389664409854
3173,20.121665954589844,76.15666198730469,0.8021910803076864,1026.30810546875,0.06559930741786957,1026.30810546875,0.8021910803076864
3174,20.015832901000977,76.0441665649414,0.7862032066148562,1039.2774658203125,0.06995128095149994,1039.2774658203125,0.7862032066148562
3175,19.82666778564453,77.46166229248047,0.7660927833594318,1020.530029296875,0.07086396217346191,1020.530029296875,0.7660927833594318
3176,19.83333396911621,77.14250183105469,0.7986553106065094,1032.4365234375,0.0706215649843216,1032.4365234375,0.7986553106065094
3177,20.332916259765625,76.33833312988281,0.7691513723436355,1045.76025390625,0.059813812375068665,1045.76025390625,0.7691513723436355
3178,19.979581832885742,75.7004165649414,0.7991897118078504,1025.00634765625,0.07008345425128937,1025.00634765625,0.7991897118078504
3179,19.642915725708008,75.68708038330078,0.8078929399310113,1040.623779296875,0.06420305371284485,1040.623779296875,0.8078929399310113
3180,19.907917022705078,76.73458099365234,0.7849083824960281,1034.60791015625,0.07420556247234344,1034.60791015625,0.7849083824960281
3181,19.77750015258789,76.6624984741211,0.7901982816139482,1036.6248779296875,0.0765499472618103,1036.6248779296875,0.7901982816139482
3182,19.577083587646484,76.28874969482422,0.772591111932011,1004.9259033203125,0.0754871666431427,1004.9259033203125,0.772591111932011
3183,20.002500534057617,75.56791687011719,0.8127925748453937,1044.901611328125,0.06405802071094513,1044.901611328125,0.8127925748453937
3184,19.9637508392334,76.61833190917969,0.7744631655937503,1018.8766479492188,0.07206204533576965,1018.8766479492188,0.7744631655937503
3185,20.248332977294922,77.00958251953125,0.8087856314379234,1035.8372802734375,0.06487472355365753,1035.8372802734375,0.8087856314379234
3186,20.155000686645508,75.95750427246094,0.7989530669812808,1022.962646484375,0.07096363604068756,1022.962646484375,0.7989530669812808
3187,19.867916107177734,75.36000061035156,0.7944394248862633,1032.1611328125,0.07150700688362122,1032.1611328125,0.7944394248862633
3188,20.047916412353516,76.7179183959961,0.7840118898281121,1021.99560546875,0.0760243684053421,1021.99560546875,0.7840118898281121
3189,19.969999313354492,76.69332885742188,0.7795005766117721,1018.205078125,0.07845021784305573,1018.205078125,0.7795005766117721
3190,20.114582061767578,76.72332763671875,0.8160985400782085,1023.5809936523438,0.07639224827289581,1023.5809936523438,0.8160985400782085
3191,20.15416717529297,77.70833587646484,0.7966852194354158,1044.7108154296875,0.06082931160926819,1044.7108154296875,0.7966852194354158
3192,20.06624984741211,77.65791320800781,0.7699404146293574,1024.108642578125,0.06412485241889954,1024.108642578125,0.7699404146293574
3193,20.465417861938477,76.86666870117188,0.7682323280337038,1054.8721923828125,0.07174381613731384,1054.8721923828125,0.7682323280337038
3194,20.295000076293945,77.35166931152344,0.8147052928197979,1024.62109375,0.05777260661125183,1024.62109375,0.8147052928197979
3195,20.366666793823242,76.59583282470703,0.7637626319811592,1045.1983642578125,0.0642303079366684,1045.1983642578125,0.7637626319811592
3196,20.113750457763672,76.67333221435547,0.7823102463478757,1035.7138671875,0.07266929745674133,1035.7138671875,0.7823102463478757
3197,20.305416107177734,78.11874389648438,0.8073803173576762,1028.3978271484375,0.06650300323963165,1028.3978271484375,0.8073803173576762
3198,20.215415954589844,77.18083190917969,0.790283849246366,1020.5457763671875,0.06538023054599762,1020.5457763671875,0.790283849246366
3199,20.460834503173828,76.45750427246094,0.8210869463894926,1058.120849609375,0.06251536309719086,1058.120849609375,0.8210869463894926
3200,20.334165573120117,77.13916778564453,0.7756467985348161,1048.828857421875,0.07636667788028717,1048.828857421875,0.7756467985348161
3201,20.057498931884766,74.90875244140625,0.7719478772641506,1048.76318359375,0.06395594775676727,1048.76318359375,0.7719478772641506
3202,20.18000030517578,76.86041259765625,0.7778048945122501,1021.65625,0.06456336379051208,1021.65625,0.7778048945122501
3203,20.131250381469727,76.76708221435547,0.7950118555567769,1026.2154541015625,0.06414814293384552,1026.2154541015625,0.7950118555567769
3204,19.98208236694336,74.96499633789062,0.7815229980970866,1031.5443115234375,0.06312814354896545,1031.5443115234375,0.7815229980970866
3205,20.18375015258789,76.16291809082031,0.763980689643152,1031.0225830078125,0.06884942948818207,1031.0225830078125,0.763980689643152
3206,20.17166519165039,77.53375244140625,0.761419550514006,1034.1298828125,0.06977280974388123,1034.1298828125,0.761419550514006
3207,20.37041664123535,78.01874542236328,0.8196111239317388,1036.20751953125,0.06717337667942047,1036.20751953125,0.8196111239317388
3208,20.069581985473633,76.75041198730469,0.7744828968207382,1014.1441650390625,0.06793509423732758,1014.1441650390625,0.7744828968207382
3209,20.024999618530273,76.41166687011719,0.7812567859269891,1025.2972412109375,0.07060934603214264,1025.2972412109375,0.7812567859269891
3210,19.882083892822266,75.29042053222656,0.7992622853449549,1018.8348999023438,0.06783276796340942,1018.8348999023438,0.7992622853449549
3211,20.43541717529297,77.5625,0.7908658498165954,1039.5718994140625,0.06477685272693634,1039.5718994140625,0.7908658498165954
3212,20.17166519165039,76.07916259765625,0.7895854734609559,1046.0535888671875,0.06943728029727936,1046.0535888671875,0.7895854734609559
3213,20.356666564941406,77.16666412353516,0.8120675738949049,1019.0276489257812,0.06347380578517914,1019.0276489257812,0.8120675738949049
3214,20.224166870117188,77.21499633789062,0.8048452000304314,1038.616943359375,0.07364903390407562,1038.616943359375,0.8048452000304314
3215,19.905834197998047,76.08625030517578,0.7790969191159178,1030.1705322265625,0.061368510127067566,1030.1705322265625,0.7790969191159178
3216,19.931249618530273,76.62041473388672,0.7664483346935067,1025.1424560546875,0.06543585658073425,1025.1424560546875,0.7664483346935067
3217,20.101665496826172,75.9375,0.7939375775199874,1043.3453369140625,0.0761917382478714,1043.3453369140625,0.7939375775199874
3218,19.46416664123535,75.242919921875,0.7856100855577869,1029.01416015625,0.062473803758621216,1029.01416015625,0.7856100855577869
3219,20.434999465942383,76.69791412353516,0.7997514630851326,1029.818115234375,0.07310621440410614,1029.818115234375,0.7997514630851326
3220,20.115833282470703,77.2300033569336,0.8006644882070442,1021.2943725585938,0.06356386840343475,1021.2943725585938,0.8006644882070442
3221,20.18458366394043,77.8550033569336,0.7728311743202405,1026.0780029296875,0.06505408883094788,1026.0780029296875,0.7728311743202405
3222,19.370832443237305,76.8812484741211,0.7732884391595833,1038.375,0.07495304942131042,1038.375,0.7732884391595833
3223,19.87291717529297,77.03833770751953,0.7729487447065876,1057.4024658203125,0.05960939824581146,1057.4024658203125,0.7729487447065876
3224,20.104581832885742,77.07833099365234,0.812209851948436,1025.56884765625,0.06351332366466522,1025.56884765625,0.812209851948436
3225,20.077083587646484,76.39958190917969,0.7822621644882484,1028.874267578125,0.06552170217037201,1028.874267578125,0.7822621644882484
3226,20.252500534057617,77.4554214477539,0.7999597305785737,1034.39794921875,0.07216660678386688,1034.39794921875,0.7999597305785737
3227,20.25374984741211,76.62291717529297,0.7855683105772095,1047.2069091796875,0.07230919599533081,1047.2069091796875,0.7855683105772095
3228,20.37791633605957,77.43333435058594,0.8196109675123513,1033.836181640625,0.06994570791721344,1033.836181640625,0.8196109675123513
3229,20.514583587646484,77.59375,0.7924780473468862,1036.9903564453125,0.06405310332775116,1036.9903564453125,0.7924780473468862
3230,20.29458236694336,76.02291870117188,0.7780034512350071,1023.5487670898438,0.06332449615001678,1023.5487670898438,0.7780034512350071
3231,20.26791763305664,78.18541717529297,0.7987468038092096,1065.35009765625,0.06635284423828125,1065.35009765625,0.7987468038092096
3232,19.823333740234375,77.42250061035156,0.7997864899424546,1024.39794921875,0.06868305802345276,1024.39794921875,0.7997864899424546
3233,20.071250915527344,76.90666961669922,0.7883095886965487,1034.2452392578125,0.07070668041706085,1034.2452392578125,0.7883095886965487
3234,19.89208221435547,76.4437484741211,0.7823657952141012,1042.7930908203125,0.062655970454216,1042.7930908203125,0.7823657952141012
3235,20.279582977294922,76.56499481201172,0.8045237127769588,1045.5938720703125,0.053471654653549194,1045.5938720703125,0.8045237127769588
3236,20.138750076293945,77.11666870117188,0.7978601925199598,1045.7469482421875,0.07826213538646698,1045.7469482421875,0.7978601925199598
3237,20.201250076293945,77.32166290283203,0.7976002980104575,1049.8177490234375,0.06898419559001923,1049.8177490234375,0.7976002980104575
3238,19.709583282470703,75.37916564941406,0.7516220451241359,1006.4199829101562,0.06786271929740906,1006.4199829101562,0.7516220451241359
3239,19.893333435058594,76.85499572753906,0.7901013364631085,1022.3240356445312,0.06735400855541229,1022.3240356445312,0.7901013364631085
3240,20.106250762939453,76.8929214477539,0.7916755746213655,1028.74267578125,0.06551752984523773,1028.74267578125,0.7916755746213655
3241,19.791667938232422,76.3812484741211,0.7996134017981182,1031.81982421875,0.07072009146213531,1031.81982421875,0.7996134017981182
3242,20.09583282470703,77.50875091552734,0.7827294703413519,1040.6038818359375,0.0738450139760971,1040.6038818359375,0.7827294703413519
3243,20.00374984741211,75.96749877929688,0.7950225348780438,1057.3897705078125,0.0676795244216919,1057.3897705078125,0.7950225348780438
3244,20.091251373291016,76.88249969482422,0.8014605802565555,1048.67724609375,0.06260550022125244,1048.67724609375,0.8014605802565555
3245,20.041250228881836,76.25,0.7812881530188253,1049.8446044921875,0.06919969618320465,1049.8446044921875,0.7812881530188253
3246,19.80375099182129,76.53499603271484,0.7937653552791645,1022.945556640625,0.07349629700183868,1022.945556640625,0.7937653552791645
3247,20.181251525878906,77.04791259765625,0.7971424263408401,1054.8446044921875,0.06254129111766815,1054.8446044921875,0.7971424263408401
3248,19.740415573120117,76.20875549316406,0.7856357610085976,1021.5408325195312,0.06792549788951874,1021.5408325195312,0.7856357610085976
3249,19.90416717529297,76.11833190917969,0.7810532287968055,1000.662109375,0.07455854117870331,1000.662109375,0.7810532287968055
3250,19.894166946411133,75.50250244140625,0.7897602196225866,1044.962646484375,0.06521067023277283,1044.962646484375,0.7897602196225866
3251,19.9233341217041,75.24874877929688,0.7703272182625163,1038.247314453125,0.06150743365287781,1038.247314453125,0.7703272182625163
3252,19.789583206176758,76.2804183959961,0.7665451015288691,998.0616455078125,0.07286767661571503,998.0616455078125,0.7665451015288691
3253,19.846250534057617,76.35416412353516,0.7624904362520488,1007.3418579101562,0.06813091039657593,1007.3418579101562,0.7624904362520488
3254,20.382083892822266,75.50125122070312,0.8068304817106193,1052.3966064453125,0.06456059217453003,1052.3966064453125,0.8068304817106193
3255,19.81833267211914,75.5120849609375,0.7756394091124689,1009.1301879882812,0.061045899987220764,1009.1301879882812,0.7756394091124689
3256,20.078332901000977,76.69207763671875,0.7786514418487664,1019.52001953125,0.05998167395591736,1019.52001953125,0.7786514418487664
3257,20.018333435058594,76.56291961669922,0.7630593876459464,1025.150390625,0.07870815694332123,1025.150390625,0.7630593876459464
3258,20.169166564941406,75.72750091552734,0.7511936483733941,1038.36376953125,0.06540779769420624,1038.36376953125,0.7511936483733941
3259,20.02166748046875,76.09375,0.7955023012468744,1039.714111328125,0.07406225800514221,1039.714111328125,0.7955023012468744
3260,20.002500534057617,75.50875091552734,0.7929874671558084,1033.778076171875,0.07056978344917297,1033.778076171875,0.7929874671558084
3261,20.00458335876465,77.2891616821289,0.7864095424221733,1022.643798828125,0.07171821594238281,1022.643798828125,0.7864095424221733
3262,20.093334197998047,77.20166778564453,0.7892178965417863,1032.5001220703125,0.06671595573425293,1032.5001220703125,0.7892178965417863
3263,20.43291664123535,77.70000457763672,0.7767897694899828,1025.2373046875,0.06435561180114746,1025.2373046875,0.7767897694899828
3264,20.194581985473633,74.8637466430664,0.7610901490283921,1033.681884765625,0.07226003706455231,1033.681884765625,0.7610901490283921
3265,19.95458221435547,75.95750427246094,0.8001512558432022,1038.675537109375,0.06593713164329529,1038.675537109375,0.8001512558432022
3266,20.164165496826172,76.8566665649414,0.7569000991834444,1023.1458129882812,0.06749424338340759,1023.1458129882812,0.7569000991834444
3267,20.415416717529297,76.62666320800781,0.8053229025158773,1050.610107421875,0.06794080138206482,1050.610107421875,0.8053229025158773
3268,20.082500457763672,76.50916290283203,0.7969758004835066,1020.6699829101562,0.0725349485874176,1020.6699829101562,0.7969758004835066
3269,19.91208267211914,75.95333099365234,0.7753048067609155,1036.667236328125,0.06757466495037079,1036.667236328125,0.7753048067609155
3270,19.963333129882812,77.0250015258789,0.7579632713394908,1028.8701171875,0.08348818123340607,1028.8701171875,0.7579632713394908
3271,20.103334426879883,75.84207916259766,0.8169108392382474,1036.2896728515625,0.061296045780181885,1036.2896728515625,0.8169108392382474
3272,20.042081832885742,75.430419921875,0.8095718224048635,1007.5875854492188,0.0663689374923706,1007.5875854492188,0.8095718224048635
3273,20.296249389648438,76.20375061035156,0.7854822799455508,1029.0682373046875,0.06863652169704437,1029.0682373046875,0.7854822799455508
3274,19.9204158782959,77.51708984375,0.8060150620225983,1019.2549438476562,0.07038185000419617,1019.2549438476562,0.8060150620225983
3275,20.08041763305664,76.89541625976562,0.7867540883449762,1027.2864990234375,0.0660371482372284,1027.2864990234375,0.7867540883449762
3276,20.214582443237305,77.04791259765625,0.7946280104723711,1028.0074462890625,0.06620943546295166,1028.0074462890625,0.7946280104723711
3277,20.2450008392334,76.95083618164062,0.7718040719019235,1033.3052978515625,0.06359004974365234,1033.3052978515625,0.7718040719019235
3278,20.11541748046875,76.52249908447266,0.7997784797532446,1068.5157470703125,0.06280937790870667,1068.5157470703125,0.7997784797532446
3279,19.639583587646484,76.86624908447266,0.7477820367465128,1013.4522094726562,0.07596451044082642,1013.4522094726562,0.7477820367465128
3280,20.29541778564453,75.81708526611328,0.784256805662952,1044.7535400390625,0.07572349905967712,1044.7535400390625,0.784256805662952
3281,19.766666412353516,77.0129165649414,0.8022663882983052,1036.2227783203125,0.0677046924829483,1036.2227783203125,0.8022663882983052
3282,19.8799991607666,76.67791748046875,0.8050810120732812,1023.4107055664062,0.0623922199010849,1023.4107055664062,0.8050810120732812
3283,20.15916633605957,75.74666595458984,0.7949194673135405,1033.4219970703125,0.06366077065467834,1033.4219970703125,0.7949194673135405
3284,20.393749237060547,77.2058334350586,0.7670232283873906,1033.7625732421875,0.0754648745059967,1033.7625732421875,0.7670232283873906
3285,20.06999969482422,75.97208404541016,0.7679090926994578,1037.2362060546875,0.06611418724060059,1037.2362060546875,0.7679090926994578
3286,20.03874969482422,76.39458465576172,0.8027483922744196,1017.2981567382812,0.05936729907989502,1017.2981567382812,0.8027483922744196
3287,20.450834274291992,76.78041076660156,0.7619680520539704,1020.853271484375,0.06076569855213165,1020.853271484375,0.7619680520539704
3288,20.138750076293945,76.05000305175781,0.7792139689912699,1035.0394287109375,0.0656965970993042,1035.0394287109375,0.7792139689912699
3289,20.20458221435547,76.4637451171875,0.7995465819882942,1029.9375,0.06543686985969543,1029.9375,0.7995465819882942
3290,19.949167251586914,76.65666961669922,0.7608666004206697,1025.5654296875,0.06294424831867218,1025.5654296875,0.7608666004206697
3291,20.372499465942383,75.78499603271484,0.7889675347630822,1031.8221435546875,0.06622388958930969,1031.8221435546875,0.7889675347630822
3292,20.520418167114258,75.70000457763672,0.8049963173699264,1050.4130859375,0.06932605803012848,1050.4130859375,0.8049963173699264
3293,20.187917709350586,76.58708190917969,0.7903543997551081,1020.6194458007812,0.06317263841629028,1020.6194458007812,0.7903543997551081
3294,19.972915649414062,75.54624938964844,0.7959779449702842,1054.33544921875,0.06587159633636475,1054.33544921875,0.7959779449702842
3295,20.350833892822266,77.1683349609375,0.8015184070713504,1002.9111328125,0.06279490888118744,1002.9111328125,0.8015184070713504
3296,20.319583892822266,76.78166961669922,0.7868641157753902,1019.7867431640625,0.06382429599761963,1019.7867431640625,0.7868641157753902
3297,20.51791763305664,76.2370834350586,0.7703930464483162,1041.4197998046875,0.06270244717597961,1041.4197998046875,0.7703930464483162
3298,20.45333480834961,76.36750030517578,0.814940093864952,1044.4422607421875,0.06220732629299164,1044.4422607421875,0.814940093864952
3299,20.150833129882812,77.19332885742188,0.7727143355652311,1010.4046630859375,0.07047492265701294,1010.4046630859375,0.7727143355652311
3300,20.28125,76.09708404541016,0.7690072985478351,1029.0916748046875,0.06719276309013367,1029.0916748046875,0.7690072985478351
3301,20.627918243408203,76.3324966430664,0.7635247100196476,1036.787841796875,0.07495999336242676,1036.787841796875,0.7635247100196476
3302,20.00291633605957,77.38999938964844,0.7662528332419519,1022.2217407226562,0.06632794439792633,1022.2217407226562,0.7662528332419519
3303,20.193334579467773,77.13833618164062,0.76332859369803,1012.5145263671875,0.06121964752674103,1012.5145263671875,0.76332859369803
3304,20.112499237060547,76.52291870117188,0.7833413721980229,1053.28076171875,0.06903977692127228,1053.28076171875,0.7833413721980229
3305,19.7954158782959,76.1241683959961,0.7686274257842387,1010.36767578125,0.06561189889907837,1010.36767578125,0.7686274257842387
3306,20.434165954589844,77.05791473388672,0.758820309900265,1049.760009765625,0.06926649808883667,1049.760009765625,0.758820309900265
3307,20.273334503173828,75.00666046142578,0.778323619250931,1042.6748046875,0.06395521759986877,1042.6748046875,0.778323619250931
3308,20.27750015258789,76.74958038330078,0.7914653570565449,1032.6470947265625,0.05801504850387573,1032.6470947265625,0.7914653570565449
3309,19.998750686645508,76.67333221435547,0.7779090720824433,1003.7511596679688,0.06658706068992615,1003.7511596679688,0.7779090720824433
3310,20.207916259765625,75.61333465576172,0.7989991176737761,1054.6251220703125,0.06463643908500671,1054.6251220703125,0.7989991176737761
3311,20.703332901000977,77.77958679199219,0.7961071399046702,1037.2476806640625,0.06684939563274384,1037.2476806640625,0.7961071399046702
3312,20.139583587646484,76.70291900634766,0.7597279480063353,1024.4261474609375,0.07742281258106232,1024.4261474609375,0.7597279480063353
3313,20.015832901000977,76.1866683959961,0.7897495661648218,1009.17919921875,0.06334787607192993,1009.17919921875,0.7897495661648218
3314,20.287500381469727,77.73416900634766,0.802173874208868,1048.97705078125,0.06617800891399384,1048.97705078125,0.802173874208868
3315,20.13749885559082,76.64708709716797,0.7839621389825009,1034.0496826171875,0.07130280137062073,1034.0496826171875,0.7839621389825009
3316,20.21875,76.5262451171875,0.7781280903137493,1035.3590087890625,0.0677543580532074,1035.3590087890625,0.7781280903137493
3317,20.216251373291016,76.42833709716797,0.7874738042911398,1041.3536376953125,0.06319709122180939,1041.3536376953125,0.7874738042911398
3318,19.934999465942383,75.34249877929688,0.7815435439337671,1029.2950439453125,0.07091304659843445,1029.2950439453125,0.7815435439337671
3319,20.024999618530273,76.5058364868164,0.782221517092184,1025.783447265625,0.06588122248649597,1025.783447265625,0.782221517092184
3320,20.166250228881836,75.86249542236328,0.7742462485498027,1030.4892578125,0.05878095328807831,1030.4892578125,0.7742462485498027
3321,20.063751220703125,76.61583709716797,0.7716567012741955,1029.9244384765625,0.06739675998687744,1029.9244384765625,0.7716567012741955
3322,20.021249771118164,77.37083435058594,0.7644294864461464,1033.211181640625,0.06991560757160187,1033.211181640625,0.7644294864461464
3323,19.672916412353516,77.3870849609375,0.7706504671187207,1025.608154296875,0.06598205864429474,1025.608154296875,0.7706504671187207
3324,19.900833129882812,76.64833068847656,0.7903750756347245,1013.5379638671875,0.06626321375370026,1013.5379638671875,0.7903750756347245
3325,20.33916664123535,76.85916137695312,0.8179045802378389,1050.02880859375,0.0679386705160141,1050.02880859375,0.8179045802378389
3326,20.505416870117188,76.7066650390625,0.7911094700981365,1065.695556640625,0.06018678843975067,1065.695556640625,0.7911094700981365
3327,19.712499618530273,75.95833587646484,0.7889418513129451,1028.2071533203125,0.06711211800575256,1028.2071533203125,0.7889418513129451
3328,19.923749923706055,76.7691650390625,0.7816979137441011,1023.0723876953125,0.06869177520275116,1023.0723876953125,0.7816979137441011
3329,20.196666717529297,77.31375122070312,0.7687169116178671,1054.8612060546875,0.06876429915428162,1054.8612060546875,0.7687169116178671
3330,19.856666564941406,76.2179183959961,0.7995999556278507,1047.5604248046875,0.06456765532493591,1047.5604248046875,0.7995999556278507
3331,19.518333435058594,77.0858383178711,0.7751718941842115,1010.2247314453125,0.07141552865505219,1010.2247314453125,0.7751718941842115
3332,19.821250915527344,76.58708190917969,0.7676430066950495,1014.3294067382812,0.06894676387310028,1014.3294067382812,0.7676430066950495
3333,19.95458221435547,76.14125061035156,0.7924934750568071,1021.970703125,0.06443531811237335,1021.970703125,0.7924934750568071
3334,19.941667556762695,77.01583862304688,0.7519085673652794,1011.7332153320312,0.06904931366443634,1011.7332153320312,0.7519085673652794
3335,20.00958251953125,77.45874786376953,0.795094898407041,1029.267578125,0.06561045348644257,1029.267578125,0.795094898407041
3336,19.87583351135254,75.79458618164062,0.7503845005238378,1025.542236328125,0.0655161589384079,1025.542236328125,0.7503845005238378
3337,20.222082138061523,77.39749908447266,0.7714059690713299,1039.13720703125,0.06677673757076263,1039.13720703125,0.7714059690713299
3338,20.167917251586914,76.25,0.7695871799566367,1028.5704345703125,0.06670092046260834,1028.5704345703125,0.7695871799566367
3339,19.925832748413086,74.50458526611328,0.7811019239897555,1038.52587890625,0.06086614727973938,1038.52587890625,0.7811019239897555
3340,20.193750381469727,76.3691635131836,0.7933979383158025,1045.4696044921875,0.06419700384140015,1045.4696044921875,0.7933979383158025
3341,20.077917098999023,76.288330078125,0.7763897596438895,1021.7574462890625,0.06452593207359314,1021.7574462890625,0.7763897596438895
3342,20.13666534423828,75.91999816894531,0.7613447893308144,1049.57470703125,0.06467315554618835,1049.57470703125,0.7613447893308144
3343,20.228334426879883,75.80083465576172,0.8023041270383108,1048.775146484375,0.06676846742630005,1048.775146484375,0.8023041270383108
3344,20.264999389648438,77.43083190917969,0.7856279085470794,1025.755126953125,0.06936943531036377,1025.755126953125,0.7856279085470794
3345,20.285417556762695,75.49625396728516,0.7773829254444801,1073.988037109375,0.06181611120700836,1073.988037109375,0.7773829254444801
3346,19.812084197998047,77.45500183105469,0.7870373353509813,1010.2311401367188,0.0723772794008255,1010.2311401367188,0.7870373353509813
3347,20.452917098999023,76.24666595458984,0.8097321947468106,1033.3018798828125,0.0648106187582016,1033.3018798828125,0.8097321947468106
3348,20.17583465576172,76.4879150390625,0.7631582942789736,1039.8681640625,0.0673409104347229,1039.8681640625,0.7631582942789736
3349,20.329166412353516,77.00041198730469,0.7751407058834682,1036.6868896484375,0.07186058163642883,1036.6868896484375,0.7751407058834682
3350,20.176250457763672,77.2249984741211,0.7700014586342432,1014.804931640625,0.06615261733531952,1014.804931640625,0.7700014586342432
3351,20.015417098999023,76.88833618164062,0.7642673838748965,1017.5442504882812,0.0679970532655716,1017.5442504882812,0.7642673838748965
3352,20.180416107177734,76.86041259765625,0.7821469354748096,1032.1094970703125,0.06573736667633057,1032.1094970703125,0.7821469354748096
3353,20.09166717529297,77.00666809082031,0.7625902060895943,1011.6009521484375,0.0675964504480362,1011.6009521484375,0.7625902060895943
3354,20.161251068115234,77.14250183105469,0.7460851947512872,1030.1134033203125,0.07132697105407715,1030.1134033203125,0.7460851947512872
3355,19.769582748413086,76.99166870117188,0.7869054479691179,1042.879150390625,0.06365993618965149,1042.879150390625,0.7869054479691179
3356,20.15916633605957,76.62708282470703,0.8148493157902115,1057.8929443359375,0.06708857417106628,1057.8929443359375,0.8148493157902115
3357,19.866666793823242,76.24333190917969,0.7825125225784881,1020.295654296875,0.06820227205753326,1020.295654296875,0.7825125225784881
3358,19.758333206176758,77.21708679199219,0.7894807656570297,1021.2765502929688,0.062385380268096924,1021.2765502929688,0.7894807656570297
3359,20.283334732055664,77.24082946777344,0.7931137263777062,1029.834228515625,0.06425176560878754,1029.834228515625,0.7931137263777062
3360,20.012083053588867,76.44166564941406,0.7620386437308525,1032.5797119140625,0.07091537117958069,1032.5797119140625,0.7620386437308525
3361,20.49041748046875,75.45375061035156,0.8074663452246034,1056.5880126953125,0.06416343152523041,1056.5880126953125,0.8074663452246034
3362,20.2450008392334,76.17333221435547,0.7975844617244934,1028.2789306640625,0.05978752672672272,1028.2789306640625,0.7975844617244934
3363,19.929166793823242,75.79708099365234,0.7731226785154652,1045.2752685546875,0.06688818335533142,1045.2752685546875,0.7731226785154652
3364,20.328750610351562,77.08000183105469,0.8112665522983219,1040.9378662109375,0.05326768755912781,1040.9378662109375,0.8112665522983219
3365,20.112499237060547,75.81791687011719,0.7701952383459272,1025.5841064453125,0.06080424785614014,1025.5841064453125,0.7701952383459272
3366,20.56999969482422,78.02666473388672,0.795762713305308,1059.355224609375,0.06514742970466614,1059.355224609375,0.795762713305308
3367,20.288333892822266,77.1433334350586,0.7987782198371467,1032.9029541015625,0.06294810771942139,1032.9029541015625,0.7987782198371467
3368,20.24708366394043,77.79374694824219,0.799048137679552,1040.9539794921875,0.06449292600154877,1040.9539794921875,0.799048137679552
3369,19.800416946411133,76.49624633789062,0.7980101704607118,1004.1424560546875,0.06699667870998383,1004.1424560546875,0.7980101704607118
3370,20.20541763305664,76.29666900634766,0.8099961779631858,1037.1533203125,0.059621959924697876,1037.1533203125,0.8099961779631858
3371,20.086666107177734,76.7245864868164,0.7800622564054305,1028.7841796875,0.07010993361473083,1028.7841796875,0.7800622564054305
3372,20.340417861938477,77.25457763671875,0.7839482568182486,1023.44775390625,0.07065746188163757,1023.44775390625,0.7839482568182486
3373,19.96416664123535,76.29583740234375,0.7780901231423912,1020.2376708984375,0.06520068645477295,1020.2376708984375,0.7780901231423912
3374,20.049583435058594,77.22166442871094,0.802836462156715,1036.2540283203125,0.06617514789104462,1036.2540283203125,0.802836462156715
3375,20.159582138061523,76.90791320800781,0.7968567431515086,1043.2396240234375,0.05510149896144867,1043.2396240234375,0.7968567431515086
3376,20.412500381469727,77.0616683959961,0.7753230611885042,1035.3072509765625,0.06314167380332947,1035.3072509765625,0.7753230611885042
3377,20.1512508392334,77.24000549316406,0.7731514013735795,1010.630859375,0.07128879427909851,1010.630859375,0.7731514013735795
3378,20.165834426879883,76.24417114257812,0.7806051060548833,1045.6961669921875,0.059410661458969116,1045.6961669921875,0.7806051060548833
3379,20.356250762939453,77.54374694824219,0.7996500970514369,1040.5487060546875,0.06323285400867462,1040.5487060546875,0.7996500970514369
3380,20.24708366394043,77.00749969482422,0.7542773125693594,1039.6014404296875,0.06934475898742676,1039.6014404296875,0.7542773125693594
3381,20.215415954589844,77.61499786376953,0.7912385560634488,1043.6116943359375,0.05887484550476074,1043.6116943359375,0.7912385560634488
3382,19.884166717529297,78.17166137695312,0.7662797574031431,1014.98095703125,0.06847080588340759,1014.98095703125,0.7662797574031431
3383,19.89666748046875,77.94208526611328,0.7860912525924592,1015.610595703125,0.06563626229763031,1015.610595703125,0.7860912525924592
3384,20.256250381469727,76.42583465576172,0.7644224519108902,1037.103759765625,0.0716610699892044,1037.103759765625,0.7644224519108902
3385,19.892915725708008,77.15457916259766,0.771494955911574,1014.0293579101562,0.06977319717407227,1014.0293579101562,0.771494955911574
3386,20.169166564941406,76.54125213623047,0.7831913955766369,1028.970947265625,0.06676867604255676,1028.970947265625,0.7831913955766369
3387,20.239166259765625,77.36457824707031,0.7641417221125018,1033.6561279296875,0.063540980219841,1033.6561279296875,0.7641417221125018
3388,20.14875030517578,77.194580078125,0.7777868829657515,1028.740234375,0.07315586507320404,1028.740234375,0.7777868829657515
3389,19.836668014526367,76.39083099365234,0.7820891016629625,1019.8302612304688,0.06945975124835968,1019.8302612304688,0.7820891016629625
3390,20.043750762939453,77.26708221435547,0.7942290861966294,1006.84521484375,0.06483867764472961,1006.84521484375,0.7942290861966294
3391,19.945833206176758,75.875,0.806093087740375,1029.940673828125,0.06565640866756439,1029.940673828125,0.806093087740375
3392,19.95916748046875,75.8004150390625,0.7856951357858798,1040.33544921875,0.06719793379306793,1040.33544921875,0.7856951357858798
3393,19.896249771118164,77.76250457763672,0.7789363770157745,1029.233642578125,0.06488829851150513,1029.233642578125,0.7789363770157745
3394,19.713333129882812,76.89666748046875,0.7889154760255825,1019.0166015625,0.0732572078704834,1019.0166015625,0.7889154760255825
3395,20.104999542236328,76.99124908447266,0.7815753021412826,1032.16796875,0.06799833476543427,1032.16796875,0.7815753021412826
3396,20.028751373291016,76.46624755859375,0.7812196302238337,1027.19873046875,0.06907966732978821,1027.19873046875,0.7812196302238337
3397,19.90833282470703,76.54791259765625,0.7529899943595959,1021.6336669921875,0.07779142260551453,1021.6336669921875,0.7529899943595959
3398,20.42041778564453,77.50541687011719,0.7890332279808678,1039.3778076171875,0.06565473973751068,1039.3778076171875,0.7890332279808678
3399,20.19416618347168,76.77207946777344,0.7622942240429524,1018.3694458007812,0.06944045424461365,1018.3694458007812,0.7622942240429524
3400,19.65166664123535,75.6875,0.7323804828383893,1013.10205078125,0.06456500291824341,1013.10205078125,0.7323804828383893
3401,20.042917251586914,76.81708526611328,0.7925548847840453,1052.3868408203125,0.0639546662569046,1052.3868408203125,0.7925548847840453
3402,19.960416793823242,76.69791412353516,0.782325767667578,1012.0665283203125,0.06694677472114563,1012.0665283203125,0.782325767667578
3403,19.953332901000977,76.7762451171875,0.7854191599936975,1022.8816528320312,0.062490373849868774,1022.8816528320312,0.7854191599936975
3404,19.867082595825195,76.70291900634766,0.783717422257559,1018.1934204101562,0.06800590455532074,1018.1934204101562,0.783717422257559
3405,19.875,77.43041229248047,0.7641373613309721,1026.3599853515625,0.07581745088100433,1026.3599853515625,0.7641373613309721
3406,20.070417404174805,76.4191665649414,0.7698440801555365,1016.005126953125,0.06641516089439392,1016.005126953125,0.7698440801555365
3407,20.000415802001953,76.4508285522461,0.8086333432814654,1035.7042236328125,0.06133747100830078,1035.7042236328125,0.8086333432814654
3408,19.96666717529297,76.7558364868164,0.7719937078427783,1041.6888427734375,0.07296179234981537,1041.6888427734375,0.7719937078427783
3409,20.0,76.44125366210938,0.7890936213559173,1019.8468017578125,0.06678970158100128,1019.8468017578125,0.7890936213559173
3410,19.81624984741211,76.8074951171875,0.796704595620536,1020.00146484375,0.06105615198612213,1020.00146484375,0.796704595620536
3411,20.13458251953125,75.99041748046875,0.7876666453392092,1036.06005859375,0.06388373672962189,1036.06005859375,0.7876666453392092
3412,19.914583206176758,75.89583587646484,0.7835366848287986,1037.94140625,0.06015193462371826,1037.94140625,0.7835366848287986
3413,20.1299991607666,75.72167205810547,0.7827523129116769,1010.0411376953125,0.06527918577194214,1010.0411376953125,0.7827523129116769
3414,20.286251068115234,76.27207946777344,0.7977943740384612,1026.051025390625,0.06229938566684723,1026.051025390625,0.7977943740384612
3415,20.09083366394043,76.6500015258789,0.7657944089964839,1020.6600341796875,0.06257019937038422,1020.6600341796875,0.7657944089964839
3416,19.946666717529297,76.64250183105469,0.798298473598861,1022.9180908203125,0.06562712788581848,1022.9180908203125,0.798298473598861
3417,19.872499465942383,75.92041778564453,0.8077098300450949,1040.5745849609375,0.06872767210006714,1040.5745849609375,0.8077098300450949
3418,20.045833587646484,76.87708282470703,0.7849047460830454,1015.4744873046875,0.06783020496368408,1015.4744873046875,0.7849047460830454
3419,20.133333206176758,76.60624694824219,0.7753352415832717,1029.87939453125,0.06778289377689362,1029.87939453125,0.7753352415832717
3420,19.763750076293945,77.49958038330078,0.7917256494871828,1018.5592651367188,0.06719772517681122,1018.5592651367188,0.7917256494871828
3421,20.207082748413086,77.05875396728516,0.7850740101548774,1038.8587646484375,0.06246750056743622,1038.8587646484375,0.7850740101548774
3422,19.920833587646484,75.71041870117188,0.7873469904957573,1034.968994140625,0.06808006763458252,1034.968994140625,0.7873469904957573
3423,19.840415954589844,76.09500122070312,0.7527508051572994,1018.9885864257812,0.06479775905609131,1018.9885864257812,0.7527508051572994
3424,19.707916259765625,76.02957916259766,0.7606708171596156,1013.4087524414062,0.07248011231422424,1013.4087524414062,0.7606708171596156
3425,19.906667709350586,76.24417114257812,0.7580324080334269,1027.47998046875,0.06751316785812378,1027.47998046875,0.7580324080334269
3426,20.00083351135254,76.47541809082031,0.755246108362285,1013.0228881835938,0.06539832055568695,1013.0228881835938,0.755246108362285
3427,20.022499084472656,75.90666198730469,0.7947110811548954,1040.6976318359375,0.07086433470249176,1040.6976318359375,0.7947110811548954
3428,19.988332748413086,76.47000122070312,0.7540019504932126,1018.4009399414062,0.06925308704376221,1018.4009399414062,0.7540019504932126
3429,19.992082595825195,76.54041290283203,0.8196419311285248,1013.699462890625,0.06573241949081421,1013.699462890625,0.8196419311285248
3430,20.102916717529297,77.96125030517578,0.7317859842887202,1017.9286499023438,0.07407823204994202,1017.9286499023438,0.7317859842887202
3431,19.909168243408203,75.69916534423828,0.7721220539474017,1032.6376953125,0.06101256608963013,1032.6376953125,0.7721220539474017
3432,20.097917556762695,75.80291748046875,0.7838602701789112,1037.3570556640625,0.06836418807506561,1037.3570556640625,0.7838602701789112
3433,20.138334274291992,77.24666595458984,0.721710464171941,1032.63818359375,0.0674033910036087,1032.63818359375,0.721710464171941
3434,19.717082977294922,76.22791290283203,0.7632028301678968,1019.618896484375,0.060973361134529114,1019.618896484375,0.7632028301678968
3435,20.12041664123535,77.23458099365234,0.7617702583965805,1029.077392578125,0.061992958188056946,1029.077392578125,0.7617702583965805
3436,19.815834045410156,76.742919921875,0.7613605733909495,1027.5093994140625,0.060240015387535095,1027.5093994140625,0.7613605733909495
3437,20.199583053588867,76.84124755859375,0.7818559388012539,1038.379150390625,0.06627385318279266,1038.379150390625,0.7818559388012539
3438,19.832082748413086,77.89375305175781,0.765298438401498,1007.477783203125,0.06569741666316986,1007.477783203125,0.765298438401498
3439,20.037500381469727,75.4558334350586,0.7710899789258848,1013.7791748046875,0.06415659189224243,1013.7791748046875,0.7710899789258848
3440,19.932498931884766,76.87083435058594,0.7618285028999314,995.8140258789062,0.06814956665039062,995.8140258789062,0.7618285028999314
3441,19.86166763305664,76.06791687011719,0.762130433103104,1017.2328491210938,0.05698011815547943,1017.2328491210938,0.762130433103104
3442,19.713333129882812,75.04541778564453,0.7834427353115961,1032.816162109375,0.06197534501552582,1032.816162109375,0.7834427353115961
3443,19.832916259765625,75.63499450683594,0.7496044415425713,1025.4246826171875,0.06588657200336456,1025.4246826171875,0.7496044415425713
3444,20.029998779296875,74.86917114257812,0.7597310868682821,1042.71875,0.06959782540798187,1042.71875,0.7597310868682821
3445,20.35708236694336,76.80249786376953,0.8021885752196286,1019.973876953125,0.06675834953784943,1019.973876953125,0.8021885752196286
3446,20.341665267944336,76.41791534423828,0.7645563813107148,1019.7206420898438,0.060651347041130066,1019.7206420898438,0.7645563813107148
3447,20.022499084472656,76.4004135131836,0.75448470826682,1026.9500732421875,0.06266073882579803,1026.9500732421875,0.75448470826682
3448,19.802915573120117,75.86333465576172,0.776606924635032,1029.965087890625,0.05713854730129242,1029.965087890625,0.776606924635032
3449,19.913333892822266,76.2320785522461,0.7796595287724009,1009.9976806640625,0.061841800808906555,1009.9976806640625,0.7796595287724009
3450,20.055416107177734,76.92833709716797,0.8094559793057691,1020.2901000976562,0.061352089047431946,1020.2901000976562,0.8094559793057691
3451,19.971250534057617,76.24041748046875,0.7315174075665134,1025.36669921875,0.06796914339065552,1025.36669921875,0.7315174075665134
3452,19.934999465942383,75.45417022705078,0.7647990389019728,1016.965087890625,0.0642552524805069,1016.965087890625,0.7647990389019728
3453,19.95458221435547,76.41416931152344,0.7604743590223577,1014.5970458984375,0.06162458658218384,1014.5970458984375,0.7604743590223577
3454,19.77750015258789,75.5754165649414,0.7729770245667928,1023.68701171875,0.06614848971366882,1023.68701171875,0.7729770245667928
3455,20.019166946411133,76.76750183105469,0.781771890255794,1011.8689575195312,0.0614609569311142,1011.8689575195312,0.781771890255794
3456,19.96958351135254,76.30708312988281,0.779101128348269,1039.2720947265625,0.05923588573932648,1039.2720947265625,0.779101128348269
3457,19.737499237060547,76.26625061035156,0.7748582734717051,1009.5350341796875,0.06671075522899628,1009.5350341796875,0.7748582734717051
3458,19.758750915527344,76.31791687011719,0.750483993183316,1021.2894897460938,0.06485483050346375,1021.2894897460938,0.750483993183316
3459,19.985416412353516,76.12916564941406,0.7924739911269969,1031.3070068359375,0.06666216254234314,1031.3070068359375,0.7924739911269969
3460,20.149999618530273,77.8187484741211,0.7914675735574837,1012.2530517578125,0.06221352517604828,1012.2530517578125,0.7914675735574837
3461,20.100833892822266,76.80249786376953,0.7724045977900669,1058.1282958984375,0.06489057838916779,1058.1282958984375,0.7724045977900669
3462,18.574583053588867,76.89583587646484,0.6982716923915462,1165.763427734375,0.06210020184516907,1165.763427734375,0.6982716923915462
3463,19.861249923706055,75.64208221435547,0.7717251331613519,1028.490478515625,0.06502872705459595,1028.490478515625,0.7717251331613519
3464,20.01249885559082,76.14041900634766,0.7511214405449242,1025.0419921875,0.06620314717292786,1025.0419921875,0.7511214405449242
3465,20.02833366394043,77.3620834350586,0.782459361077108,1033.0345458984375,0.06373168528079987,1033.0345458984375,0.782459361077108
3466,19.871667861938477,75.93708038330078,0.7481612072884927,1022.123291015625,0.05829605460166931,1022.123291015625,0.7481612072884927
3467,19.7549991607666,75.84916687011719,0.7860704416449105,1027.9852294921875,0.06860469281673431,1027.9852294921875,0.7860704416449105
3468,20.05500030517578,76.81999969482422,0.7726964593340244,1013.9249267578125,0.0666012167930603,1013.9249267578125,0.7726964593340244
3469,20.162500381469727,77.2941665649414,0.793998966472985,1026.7822265625,0.06054750084877014,1026.7822265625,0.793998966472985
3470,20.170833587646484,77.69916534423828,0.7881995774219491,1008.8196411132812,0.06464667618274689,1008.8196411132812,0.7881995774219491
3471,20.155000686645508,77.42041778564453,0.7673112084636116,1042.0948486328125,0.06317567825317383,1042.0948486328125,0.7673112084636116
3472,19.91499900817871,77.10375213623047,0.7981030063135347,1010.991943359375,0.053601741790771484,1010.991943359375,0.7981030063135347
3473,20.104581832885742,76.13166809082031,0.7525271081741961,1030.167724609375,0.06154225766658783,1030.167724609375,0.7525271081741961
3474,20.153751373291016,77.31458282470703,0.7345282686157725,1026.7989501953125,0.06602191925048828,1026.7989501953125,0.7345282686157725
3475,20.09833335876465,76.19332885742188,0.7847924735567215,1005.0074462890625,0.05993358790874481,1005.0074462890625,0.7847924735567215
3476,20.03791618347168,75.01750183105469,0.7865461454749019,1015.2752685546875,0.06319546699523926,1015.2752685546875,0.7865461454749019
3477,20.054582595825195,76.55249786376953,0.7619227958391596,1029.5816650390625,0.06624849140644073,1029.5816650390625,0.7619227958391596
3478,19.883750915527344,76.16875457763672,0.764318089178933,1042.4755859375,0.0602177232503891,1042.4755859375,0.764318089178933
3479,20.494165420532227,78.32416534423828,0.7783208608858699,1034.2554931640625,0.06549374759197235,1034.2554931640625,0.7783208608858699
3480,20.176666259765625,77.45125579833984,0.7928776721862217,1020.5792846679688,0.06098553538322449,1020.5792846679688,0.7928776721862217
3481,20.502500534057617,76.70957946777344,0.7557501107790583,1049.189208984375,0.06505076587200165,1049.189208984375,0.7557501107790583
3482,20.173749923706055,77.1137466430664,0.7951035487355791,1045.0706787109375,0.06354740262031555,1045.0706787109375,0.7951035487355791
3483,20.337499618530273,76.98374938964844,0.7819336250297834,1042.3863525390625,0.058830320835113525,1042.3863525390625,0.7819336250297834
3484,19.68083381652832,75.50833129882812,0.771295796162897,1018.65234375,0.07067759335041046,1018.65234375,0.771295796162897
3485,19.9424991607666,76.18374633789062,0.7757055948288679,1028.6427001953125,0.06430909037590027,1028.6427001953125,0.7757055948288679
3486,20.438749313354492,76.95124816894531,0.7844940670651437,1018.5221557617188,0.06259045004844666,1018.5221557617188,0.7844940670651437
3487,20.163333892822266,76.35250091552734,0.8055326483674103,1030.9080810546875,0.06142352521419525,1030.9080810546875,0.8055326483674103
3488,20.363750457763672,77.0391616821289,0.7854366176085114,1011.7013549804688,0.06343364715576172,1011.7013549804688,0.7854366176085114
3489,20.045833587646484,76.99082946777344,0.7782546051661182,1019.5405883789062,0.07139904797077179,1019.5405883789062,0.7782546051661182
3490,19.875,76.82125091552734,0.7985453592397118,1011.4971923828125,0.05717833340167999,1011.4971923828125,0.7985453592397118
3491,20.227083206176758,76.79332733154297,0.7990239055750226,1008.359619140625,0.06088148057460785,1008.359619140625,0.7990239055750226
3492,20.362916946411133,77.61541748046875,0.8138900072737344,1016.3345947265625,0.057475388050079346,1016.3345947265625,0.8138900072737344
3493,19.899168014526367,76.41999816894531,0.7912668729186484,1016.7144165039062,0.06438300013542175,1016.7144165039062,0.7912668729186484
3494,20.460834503173828,78.56083679199219,0.7819598756796275,1047.5543212890625,0.07258491218090057,1047.5543212890625,0.7819598756796275
3495,19.955415725708008,77.5441665649414,0.7968885921935304,1045.6629638671875,0.0617673397064209,1045.6629638671875,0.7968885921935304
3496,20.100000381469727,76.70541381835938,0.8071391031366543,1028.8927001953125,0.06278540194034576,1028.8927001953125,0.8071391031366543
3497,19.944168090820312,75.70833587646484,0.7851729774897738,1024.1602783203125,0.05438520014286041,1024.1602783203125,0.7851729774897738
3498,20.21500015258789,76.51666259765625,0.772476103274397,1032.0712890625,0.06886003911495209,1032.0712890625,0.772476103274397
3499,20.047500610351562,77.90708923339844,0.7739788687049827,1009.8585205078125,0.061849191784858704,1009.8585205078125,0.7739788687049827
3500,19.97749900817871,77.68624877929688,0.7757085741891679,1031.0718994140625,0.059394776821136475,1031.0718994140625,0.7757085741891679
3501,19.96125030517578,76.29583740234375,0.8206937024472242,1028.2384033203125,0.060582831501960754,1028.2384033203125,0.8206937024472242
3502,19.6370849609375,75.55999755859375,0.7777274129318614,1008.6023559570312,0.06028886139392853,1008.6023559570312,0.7777274129318614
3503,20.085416793823242,77.17166900634766,0.7809162599686306,1020.428466796875,0.06469607353210449,1020.428466796875,0.7809162599686306
3504,19.807498931884766,75.70166778564453,0.8088694765114013,1010.8367919921875,0.06930513679981232,1010.8367919921875,0.8088694765114013
3505,20.052082061767578,76.81666564941406,0.7820293390253997,1030.606689453125,0.06626777350902557,1030.606689453125,0.7820293390253997
3506,20.228334426879883,77.23624420166016,0.7739910349586155,1014.9568481445312,0.06105761229991913,1014.9568481445312,0.7739910349586155
3507,19.924999237060547,76.72083282470703,0.7838326553691306,1028.7305908203125,0.06400290131568909,1028.7305908203125,0.7838326553691306
3508,19.32583236694336,75.97042083740234,0.7779196745637893,995.5153198242188,0.07114243507385254,995.5153198242188,0.7779196745637893
3509,19.7329158782959,75.8879165649414,0.7953521324016242,1012.8268432617188,0.05976693332195282,1012.8268432617188,0.7953521324016242
3510,20.14375114440918,77.64250183105469,0.7807653316105977,1018.1754150390625,0.05913439393043518,1018.1754150390625,0.7807653316105977
3511,19.92875099182129,76.67749786376953,0.7863252210680909,1036.4124755859375,0.06371033191680908,1036.4124755859375,0.7863252210680909
3512,19.981250762939453,76.39125061035156,0.7865559085059604,1050.4183349609375,0.05715551972389221,1050.4183349609375,0.7865559085059604
3513,19.81999969482422,77.14624786376953,0.807465673683514,1047.29248046875,0.06488586962223053,1047.29248046875,0.807465673683514
3514,19.827917098999023,76.15833282470703,0.7851601921599753,1018.2840576171875,0.06365422904491425,1018.2840576171875,0.7851601921599753
3515,19.92125129699707,77.49583435058594,0.7910757267007092,1033.156982421875,0.05902785062789917,1033.156982421875,0.7910757267007092
3516,19.87874984741211,76.74250030517578,0.7875207867049477,1015.9097900390625,0.06265634298324585,1015.9097900390625,0.7875207867049477
3517,19.796667098999023,76.17708587646484,0.7515510707961326,1015.9176025390625,0.06262226402759552,1015.9176025390625,0.7515510707961326
3518,19.80791664123535,76.82125091552734,0.7811024059108354,1024.8258056640625,0.0604122132062912,1024.8258056640625,0.7811024059108354
3519,19.875,77.26958465576172,0.7918604725809437,1023.1458740234375,0.05756303668022156,1023.1458740234375,0.7918604725809437
3520,19.56708335876465,76.0824966430664,0.7949261830419404,1011.9872436523438,0.06017675995826721,1011.9872436523438,0.7949261830419404
3521,20.09083366394043,76.90958404541016,0.7923941823463386,1009.4924926757812,0.07078272104263306,1009.4924926757812,0.7923941823463386
3522,19.882083892822266,77.23041534423828,0.789007697931171,1011.3330688476562,0.06260457634925842,1011.3330688476562,0.789007697931171
3523,19.775415420532227,77.26416778564453,0.7997035270359376,1022.0040283203125,0.06028026342391968,1022.0040283203125,0.7997035270359376
3524,20.077917098999023,76.961669921875,0.7908433771823707,1019.7343139648438,0.053887397050857544,1019.7343139648438,0.7908433771823707
3525,19.9012508392334,76.62332916259766,0.7348148569237267,1011.2967529296875,0.0655052661895752,1011.2967529296875,0.7348148569237267
3526,19.84291648864746,76.4558334350586,0.7592550636469175,1013.350341796875,0.05996420979499817,1013.350341796875,0.7592550636469175
3527,19.791667938232422,75.99166870117188,0.8105713903748849,1041.1827392578125,0.0652439147233963,1041.1827392578125,0.8105713903748849
3528,19.80583381652832,76.91708374023438,0.7732741444741376,1002.8160400390625,0.06353579461574554,1002.8160400390625,0.7732741444741376
3529,19.96291732788086,76.74082946777344,0.7678093418906737,1007.7850952148438,0.0647062212228775,1007.7850952148438,0.7678093418906737
3530,20.046667098999023,77.89041137695312,0.7737310256574548,1022.995849609375,0.06172695755958557,1022.995849609375,0.7737310256574548
3531,19.688749313354492,77.00749969482422,0.7808479436556982,1031.894287109375,0.06726445257663727,1031.894287109375,0.7808479436556982
3532,19.810832977294922,77.69749450683594,0.7901394564707704,1016.3244018554688,0.06112246215343475,1016.3244018554688,0.7901394564707704
3533,19.850833892822266,77.13666534423828,0.7863825970552456,1013.781494140625,0.07485002279281616,1013.781494140625,0.7863825970552456
3534,19.910415649414062,78.72624969482422,0.782787391148775,1018.7388916015625,0.06931421160697937,1018.7388916015625,0.782787391148775
3535,19.926250457763672,77.66500091552734,0.7753388847891125,1029.71044921875,0.06926919519901276,1029.71044921875,0.7753388847891125
3536,20.207082748413086,77.77375030517578,0.7732204910212754,1017.9096069335938,0.06252558529376984,1017.9096069335938,0.7732204910212754
3537,19.77750015258789,77.63417053222656,0.7950998875099775,1017.694091796875,0.07157914340496063,1017.694091796875,0.7950998875099775
3538,19.846250534057617,77.4241714477539,0.7765331218830944,1008.668701171875,0.06996136903762817,1008.668701171875,0.7765331218830944
3539,20.010000228881836,77.7370834350586,0.7608395724123656,1004.38720703125,0.06468506157398224,1004.38720703125,0.7608395724123656
3540,20.161251068115234,78.0816650390625,0.79414941017634,1027.53271484375,0.06486925482749939,1027.53271484375,0.79414941017634
3541,20.272083282470703,77.86125183105469,0.7925021466118378,1031.965576171875,0.06014928221702576,1031.965576171875,0.7925021466118378
3542,19.922916412353516,77.93916320800781,0.8068569905818845,1037.2484130859375,0.061322882771492004,1037.2484130859375,0.8068569905818845
3543,19.91499900817871,76.78041076660156,0.7664214992740754,1053.94921875,0.061739519238471985,1053.94921875,0.7664214992740754
3544,20.077499389648438,77.76416778564453,0.7618383872366672,1028.5682373046875,0.06320883333683014,1028.5682373046875,0.7618383872366672
3545,20.065000534057617,77.72416687011719,0.7614342597210635,1024.2386474609375,0.0686592310667038,1024.2386474609375,0.7614342597210635
3546,20.0454158782959,76.82708740234375,0.7881057604580122,1044.9443359375,0.06056377291679382,1044.9443359375,0.7881057604580122
3547,20.117082595825195,77.88249969482422,0.7826827664307383,1011.885986328125,0.059732288122177124,1011.885986328125,0.7826827664307383
3548,19.790416717529297,77.33708953857422,0.7694228268946448,1035.07666015625,0.06707002222537994,1035.07666015625,0.7694228268946448
3549,19.505001068115234,76.66083526611328,0.7612788052275243,1009.4977416992188,0.06522922217845917,1009.4977416992188,0.7612788052275243
3550,19.922916412353516,77.8062515258789,0.7885465329758666,1046.47802734375,0.0643593817949295,1046.47802734375,0.7885465329758666
3551,19.78499984741211,77.01499938964844,0.8066089312894125,1023.65283203125,0.06199602782726288,1023.65283203125,0.8066089312894125
3552,19.957916259765625,77.45916748046875,0.7968611902514955,1044.2041015625,0.05529408156871796,1044.2041015625,0.7968611902514955
3553,19.984582901000977,77.62874603271484,0.7846910168671987,1004.6397094726562,0.05431394279003143,1004.6397094726562,0.7846910168671987
3554,19.76416778564453,77.53583526611328,0.7688439623603476,1027.9930419921875,0.06379920244216919,1027.9930419921875,0.7688439623603476
3555,19.604999542236328,77.29125213623047,0.7828121788544304,1040.5406494140625,0.06393679976463318,1040.5406494140625,0.7828121788544304
3556,20.24041748046875,77.05166625976562,0.7743861577688829,1024.423583984375,0.06071878969669342,1024.423583984375,0.7743861577688829
3557,20.068750381469727,78.32666778564453,0.76300423685413,1027.7696533203125,0.07008537650108337,1027.7696533203125,0.76300423685413
3558,20.25083351135254,78.0758285522461,0.7955992973248236,1038.038818359375,0.05560119450092316,1038.038818359375,0.7955992973248236
3559,20.01416778564453,78.26499938964844,0.8023116411287856,1003.94970703125,0.061373934149742126,1003.94970703125,0.8023116411287856
3560,19.928333282470703,76.53666687011719,0.7591197429890104,1008.8650512695312,0.061715319752693176,1008.8650512695312,0.7591197429890104
3561,20.04458236694336,77.21208190917969,0.7860748054736164,1012.4918212890625,0.06302136182785034,1012.4918212890625,0.7860748054736164
3562,20.04458236694336,77.66000366210938,0.7816773975124619,1036.4827880859375,0.05736143887042999,1036.4827880859375,0.7816773975124619
3563,19.882917404174805,77.53541564941406,0.7938961535103646,1036.2646484375,0.0626194030046463,1036.2646484375,0.7938961535103646
3564,19.729583740234375,77.54374694824219,0.7939366808358641,1012.9662475585938,0.0683295726776123,1012.9662475585938,0.7939366808358641
3565,19.74416732788086,76.3687515258789,0.740788974288126,1038.114990234375,0.06426587700843811,1038.114990234375,0.740788974288126
3566,20.120834350585938,76.69750213623047,0.7861577451019282,1033.130859375,0.0583951473236084,1033.130859375,0.7861577451019282
3567,19.784584045410156,78.1620864868164,0.7648581078476285,997.1057739257812,0.06453189253807068,997.1057739257812,0.7648581078476285
3568,19.579166412353516,77.50041198730469,0.7792660336102505,1021.9493408203125,0.055167943239212036,1021.9493408203125,0.7792660336102505
3569,20.18833351135254,77.66000366210938,0.7724319474906125,1017.8255004882812,0.06131628155708313,1017.8255004882812,0.7724319474906125
3570,19.59000015258789,77.60458374023438,0.7882040794665726,1020.719482421875,0.07031764090061188,1020.719482421875,0.7882040794665726
3571,19.684999465942383,76.64083099365234,0.7451595351948919,1030.0479736328125,0.06131333112716675,1030.0479736328125,0.7451595351948919
3572,19.446666717529297,76.12958526611328,0.779237021306011,1019.7864379882812,0.06809951364994049,1019.7864379882812,0.779237021306011
3573,19.995834350585938,76.80000305175781,0.776493016637216,1018.9348754882812,0.06073307991027832,1018.9348754882812,0.776493016637216
3574,19.934167861938477,76.67583465576172,0.8022305417362412,1034.8380126953125,0.06051969528198242,1034.8380126953125,0.8022305417362412
3575,19.738332748413086,78.04874420166016,0.7686632509554684,1011.9635620117188,0.059408172965049744,1011.9635620117188,0.7686632509554684
3576,19.62583351135254,77.71417236328125,0.786453196027542,1021.7968139648438,0.06348919868469238,1021.7968139648438,0.786453196027542
3577,20.092498779296875,77.0808334350586,0.7884147630257101,1038.5245361328125,0.056209027767181396,1038.5245361328125,0.7884147630257101
3578,19.730833053588867,76.47291564941406,0.7748900699911169,1018.9717407226562,0.06589250266551971,1018.9717407226562,0.7748900699911169
3579,19.606250762939453,76.43208312988281,0.8158444241334581,1029.3201904296875,0.056373804807662964,1029.3201904296875,0.8158444241334581
3580,19.824583053588867,77.23958587646484,0.7535382819680276,1022.3016967773438,0.06377705931663513,1022.3016967773438,0.7535382819680276
3581,19.738750457763672,77.40875244140625,0.7536817373525716,1025.5770263671875,0.06250092387199402,1025.5770263671875,0.7536817373525716
3582,19.444583892822266,76.89250183105469,0.7592542128206385,993.0451049804688,0.06467950344085693,993.0451049804688,0.7592542128206385
3583,19.729999542236328,76.18208312988281,0.8012271840879039,1028.28564453125,0.06646881997585297,1028.28564453125,0.8012271840879039
3584,19.517499923706055,77.1483383178711,0.7606340161745995,1012.299072265625,0.06407152116298676,1012.299072265625,0.7606340161745995
3585,19.91499900817871,77.47291564941406,0.8010150825338953,1029.8697509765625,0.05636681616306305,1029.8697509765625,0.8010150825338953
3586,19.784584045410156,76.57083129882812,0.7781116220948043,1008.5286254882812,0.06403963267803192,1008.5286254882812,0.7781116220948043
3587,19.412084579467773,75.91541290283203,0.7629675304872412,1024.53369140625,0.0607534795999527,1024.53369140625,0.7629675304872412
3588,19.640417098999023,77.08499908447266,0.7699667352026272,1010.7241821289062,0.06204518675804138,1010.7241821289062,0.7699667352026272
3589,19.823333740234375,77.06375122070312,0.7782102308231821,1002.1690673828125,0.0632157176733017,1002.1690673828125,0.7782102308231821
3590,19.796667098999023,77.37125396728516,0.7845297977169824,1009.6944580078125,0.05945423245429993,1009.6944580078125,0.7845297977169824
3591,19.97333335876465,78.19041442871094,0.778893373058331,1029.074462890625,0.0619959831237793,1029.074462890625,0.778893373058331
3592,19.673749923706055,78.06208038330078,0.7801846023450281,1011.6343994140625,0.06649382412433624,1011.6343994140625,0.7801846023450281
3593,20.077083587646484,77.49082946777344,0.7551480809715554,1048.9495849609375,0.06254377961158752,1048.9495849609375,0.7551480809715554
3594,19.919166564941406,77.69041442871094,0.7803320978326315,1011.7469482421875,0.060293227434158325,1011.7469482421875,0.7803320978326315
3595,20.065000534057617,76.81791687011719,0.7680492598839506,1033.114990234375,0.06753788888454437,1033.114990234375,0.7680492598839506
3596,20.260833740234375,77.45000457763672,0.761222364698125,1014.3614501953125,0.07397785782814026,1014.3614501953125,0.761222364698125
3597,20.134166717529297,78.34500122070312,0.7810477379921483,1012.9547119140625,0.056401997804641724,1012.9547119140625,0.7810477379921483
3598,20.059999465942383,77.34749603271484,0.7962559409309674,1008.59033203125,0.058655500411987305,1008.59033203125,0.7962559409309674
3599,20.123332977294922,76.68499755859375,0.7887027568102761,1048.87841796875,0.05266787111759186,1048.87841796875,0.7887027568102761
3600,20.1079158782959,77.25749969482422,0.7510330629798,1030.52685546875,0.06553047895431519,1030.52685546875,0.7510330629798
3601,19.832082748413086,75.27957916259766,0.7886309632120705,1035.3155517578125,0.06095980107784271,1035.3155517578125,0.7886309632120705
3602,20.075834274291992,76.9749984741211,0.7826990785837136,1003.4598388671875,0.05481177568435669,1003.4598388671875,0.7826990785837136
3603,19.779582977294922,77.1449966430664,0.7767684544871827,1011.112548828125,0.05629955232143402,1011.112548828125,0.7767684544871827
3604,19.584583282470703,75.48082733154297,0.764944277244245,1022.6893920898438,0.05895179510116577,1022.6893920898438,0.764944277244245
3605,19.885000228881836,76.5425033569336,0.7700853010210187,1023.767822265625,0.057017967104911804,1023.767822265625,0.7700853010210187
3606,19.845417022705078,77.50708770751953,0.7485272161792754,1026.769287109375,0.06890407204627991,1026.769287109375,0.7485272161792754
3607,20.19791603088379,78.13417053222656,0.8106471121659171,1023.22705078125,0.056629300117492676,1023.22705078125,0.8106471121659171
3608,19.727916717529297,77.1241683959961,0.7826435200145386,1002.4058227539062,0.06369686126708984,1002.4058227539062,0.7826435200145386
3609,19.72541618347168,76.61624908447266,0.7677823024945135,1017.68505859375,0.062137216329574585,1017.68505859375,0.7677823024945135
3610,19.81541633605957,75.6433334350586,0.8058339146046574,1014.9693603515625,0.0597580224275589,1014.9693603515625,0.8058339146046574
3611,20.19791603088379,77.42708587646484,0.789603760851314,1025.4681396484375,0.0627911239862442,1025.4681396484375,0.789603760851314
3612,20.054166793823242,76.33291625976562,0.794181946727022,1034.323974609375,0.062231168150901794,1034.323974609375,0.794181946727022
3613,20.11625099182129,77.53417205810547,0.7960959519439815,1009.532470703125,0.07209639251232147,1009.532470703125,0.7960959519439815
3614,19.94791603088379,77.22250366210938,0.7920076918559473,1029.697509765625,0.06539109349250793,1029.697509765625,0.7920076918559473
3615,20.15166664123535,76.32125091552734,0.7578295440252774,1015.5772094726562,0.06054946780204773,1015.5772094726562,0.7578295440252774
3616,19.927499771118164,77.09249877929688,0.7526135440881252,1010.5203857421875,0.06208254396915436,1010.5203857421875,0.7526135440881252
3617,20.117916107177734,75.82916259765625,0.7627040694965538,1021.8328857421875,0.06327927112579346,1021.8328857421875,0.7627040694965538
3618,19.366249084472656,75.39167022705078,0.7797272078874634,1012.9725952148438,0.06217820942401886,1012.9725952148438,0.7797272078874634
3619,20.207916259765625,76.69000244140625,0.8075901083998156,1021.4385375976562,0.07059995830059052,1021.4385375976562,0.8075901083998156
3620,20.217500686645508,77.34583282470703,0.7879172557659693,1015.854248046875,0.0600818395614624,1015.854248046875,0.7879172557659693
3621,20.01041603088379,77.90208435058594,0.7392017432121324,1014.735595703125,0.0643024891614914,1014.735595703125,0.7392017432121324
3622,19.613332748413086,77.04083251953125,0.7468475559459296,1021.1853637695312,0.06373721361160278,1021.1853637695312,0.7468475559459296
3623,19.887916564941406,77.10499572753906,0.7612407331843914,1046.109130859375,0.06618574261665344,1046.109130859375,0.7612407331843914
3624,20.03791618347168,77.08499908447266,0.7914154906368644,1006.6709594726562,0.06721055507659912,1006.6709594726562,0.7914154906368644
3625,19.953332901000977,76.43250274658203,0.7668666089154872,1015.3197631835938,0.06976023316383362,1015.3197631835938,0.7668666089154872
3626,20.034582138061523,77.55000305175781,0.766120686143448,1018.9677124023438,0.06562010943889618,1018.9677124023438,0.766120686143448
3627,20.15041732788086,76.52875518798828,0.7441074331345694,1030.7540283203125,0.06360478699207306,1030.7540283203125,0.7441074331345694
3628,20.18291664123535,77.25666809082031,0.8099253724921133,1022.2965087890625,0.05773858726024628,1022.2965087890625,0.8099253724921133
3629,20.069581985473633,77.35124969482422,0.7914840575439245,1029.1995849609375,0.05744276940822601,1029.1995849609375,0.7914840575439245
3630,19.84083366394043,76.03250122070312,0.7493376664510487,1008.7857055664062,0.06153160333633423,1008.7857055664062,0.7493376664510487
3631,18.577499389648438,78.06500244140625,0.6914257232323613,1170.9345703125,0.06701286137104034,1170.9345703125,0.6914257232323613
3632,19.679584503173828,77.38583374023438,0.7772911823090008,1008.5464477539062,0.06932593882083893,1008.5464477539062,0.7772911823090008
3633,19.728750228881836,76.72791290283203,0.7574290366800146,1021.1214599609375,0.05774641036987305,1021.1214599609375,0.7574290366800146
3634,19.584583282470703,76.3933334350586,0.7759818000387823,1030.841796875,0.06057800352573395,1030.841796875,0.7759818000387823
3635,20.082500457763672,76.66083526611328,0.7976194668831724,1028.4730224609375,0.06294289231300354,1028.4730224609375,0.7976194668831724
3636,19.7137508392334,76.85333251953125,0.7368216067345487,1025.682861328125,0.06993366777896881,1025.682861328125,0.7368216067345487
3637,20.135000228881836,77.5625,0.7782325511644932,1035.873046875,0.055563703179359436,1035.873046875,0.7782325511644932
3638,19.584583282470703,75.93333435058594,0.7429869603181187,1000.364990234375,0.06373085081577301,1000.364990234375,0.7429869603181187
3639,19.678333282470703,77.08250427246094,0.7998688861703829,1008.927978515625,0.06131108105182648,1008.927978515625,0.7998688861703829
3640,19.713333129882812,76.82666778564453,0.7949054583046192,1015.8485107421875,0.061017945408821106,1015.8485107421875,0.7949054583046192
3641,19.762083053588867,76.74458312988281,0.7667993166731857,1019.2156982421875,0.059427738189697266,1019.2156982421875,0.7667993166731857
3642,19.735416412353516,77.59416961669922,0.7895250951592876,1026.0638427734375,0.06259608268737793,1026.0638427734375,0.7895250951592876
3643,19.94499969482422,76.12833404541016,0.7988624566393828,1036.5181884765625,0.06070101261138916,1036.5181884765625,0.7988624566393828
3644,19.694583892822266,77.05416870117188,0.8008238287793291,1026.4185791015625,0.05741685628890991,1026.4185791015625,0.8008238287793291
3645,19.91958236694336,76.49000549316406,0.7765090462464098,1031.9652099609375,0.058084964752197266,1031.9652099609375,0.7765090462464098
3646,19.650833129882812,77.10208129882812,0.7813373671379098,1013.786865234375,0.05770455300807953,1013.786865234375,0.7813373671379098
3647,20.31916618347168,77.39375305175781,0.782164863915165,1037.8753662109375,0.06198163330554962,1037.8753662109375,0.782164863915165
3648,19.657499313354492,76.8620834350586,0.793790076956435,1008.7225952148438,0.05424375832080841,1008.7225952148438,0.793790076956435
3649,19.688749313354492,76.70875549316406,0.7741822465476759,993.5507202148438,0.06692883372306824,993.5507202148438,0.7741822465476759
3650,19.58625030517578,76.18416595458984,0.7732520085587897,1032.3094482421875,0.05148233473300934,1032.3094482421875,0.7732520085587897
3651,19.71125030517578,76.20291900634766,0.8118541419135603,1023.7142944335938,0.05718877911567688,1023.7142944335938,0.8118541419135603
3652,19.633750915527344,77.04666900634766,0.7596446913829773,984.5941772460938,0.06959964334964752,984.5941772460938,0.7596446913829773
3653,19.803333282470703,77.23041534423828,0.7917086498212773,998.095703125,0.05820949375629425,998.095703125,0.7917086498212773
3654,20.056251525878906,76.43083190917969,0.775163186650755,1049.111328125,0.06258654594421387,1049.111328125,0.775163186650755
3655,19.85708236694336,76.6875,0.7872539777830063,999.4716186523438,0.057005420327186584,999.4716186523438,0.7872539777830063
3656,19.927499771118164,77.65958404541016,0.7601143194302487,1010.46923828125,0.06176503002643585,1010.46923828125,0.7601143194302487
3657,19.799583435058594,77.11457824707031,0.761833144027155,1018.8627319335938,0.062347277998924255,1018.8627319335938,0.761833144027155
3658,20.106666564941406,76.63166809082031,0.7684961982694424,1027.8143310546875,0.060987815260887146,1027.8143310546875,0.7684961982694424
3659,20.0674991607666,76.90458679199219,0.7855363909383383,1025.4658203125,0.05918996036052704,1025.4658203125,0.7855363909383383
3660,19.890417098999023,76.4870834350586,0.8161411626260526,1019.947265625,0.0710529237985611,1019.947265625,0.8161411626260526
3661,19.959999084472656,78.06041717529297,0.7737351674085221,1012.1098022460938,0.05811227858066559,1012.1098022460938,0.7737351674085221
3662,19.85708236694336,77.86375427246094,0.7820725109731659,1024.3028564453125,0.05991509556770325,1024.3028564453125,0.7820725109731659
3663,20.25291633605957,78.40958404541016,0.7842228742899835,1015.4412841796875,0.06923680007457733,1015.4412841796875,0.7842228742899835
3664,20.02916717529297,75.57708740234375,0.7632278912620007,1025.6148681640625,0.0648682564496994,1025.6148681640625,0.7632278912620007
3665,19.7670841217041,76.70999908447266,0.8045633522180332,1029.3739013671875,0.06267304718494415,1029.3739013671875,0.8045633522180332
3666,19.818750381469727,77.34542083740234,0.7641259703984868,1012.0974731445312,0.05784493684768677,1012.0974731445312,0.7641259703984868
3667,20.296249389648438,77.23958587646484,0.8292791935945516,1038.810546875,0.05673791468143463,1038.810546875,0.8292791935945516
3668,19.743749618530273,77.00208282470703,0.791373975843422,1009.219970703125,0.06284177303314209,1009.219970703125,0.791373975843422
3669,19.69333267211914,76.62249755859375,0.7791712081187949,1032.669677734375,0.058019354939460754,1032.669677734375,0.7791712081187949
3670,19.790416717529297,77.97041320800781,0.7774436051713693,1018.024658203125,0.06174752116203308,1018.024658203125,0.7774436051713693
3671,20.09291648864746,76.41041564941406,0.7975164487136323,1030.789306640625,0.06387455761432648,1030.789306640625,0.7975164487136323
3672,19.772499084472656,76.19291687011719,0.7924738872731945,999.1383666992188,0.06007702648639679,999.1383666992188,0.7924738872731945
3673,19.99625015258789,76.47208404541016,0.7917474711023247,1019.8660888671875,0.06819289922714233,1019.8660888671875,0.7917474711023247
3674,19.79083251953125,77.74124908447266,0.7847539108039879,1008.5628051757812,0.061940521001815796,1008.5628051757812,0.7847539108039879
3675,19.879167556762695,77.38417053222656,0.7845380935904476,1015.3422241210938,0.06302441656589508,1015.3422241210938,0.7845380935904476
3676,20.158334732055664,77.37708282470703,0.795258165800695,1014.9097900390625,0.062311604619026184,1014.9097900390625,0.795258165800695
3677,20.09083366394043,77.43875122070312,0.7766629155259462,1024.8829345703125,0.05628737807273865,1024.8829345703125,0.7766629155259462
3678,20.08041763305664,77.05458068847656,0.7986243876720804,1052.101806640625,0.05804984271526337,1052.101806640625,0.7986243876720804
3679,19.766250610351562,77.41166687011719,0.7545114377755349,1002.9320068359375,0.05994407832622528,1002.9320068359375,0.7545114377755349
3680,20.297500610351562,76.13333129882812,0.7838140339964936,1034.8089599609375,0.0556233674287796,1034.8089599609375,0.7838140339964936
3681,19.827083587646484,77.41207885742188,0.7871861390967727,1021.6729125976562,0.06416800618171692,1021.6729125976562,0.7871861390967727
3682,19.815834045410156,77.0816650390625,0.8025307270884388,1007.7750854492188,0.0526147186756134,1007.7750854492188,0.8025307270884388
3683,20.00083351135254,76.05916595458984,0.7846643960173402,1021.4322509765625,0.05722913146018982,1021.4322509765625,0.7846643960173402
3684,20.26708221435547,77.57499694824219,0.7363882425344925,1022.4572143554688,0.06846785545349121,1022.4572143554688,0.7363882425344925
3685,19.856666564941406,75.98500061035156,0.7569033379354266,1019.8037719726562,0.061262547969818115,1019.8037719726562,0.7569033379354266
3686,19.748750686645508,76.68875122070312,0.759555749195863,1005.7279663085938,0.054206326603889465,1005.7279663085938,0.759555749195863
3687,20.052082061767578,76.71666717529297,0.7703086105880967,1016.8666381835938,0.05786699056625366,1016.8666381835938,0.7703086105880967
3688,19.79749870300293,75.91124725341797,0.7717160408588368,1026.0738525390625,0.058849483728408813,1026.0738525390625,0.7717160408588368
3689,19.88541603088379,76.17333221435547,0.7896580377126214,1021.5276489257812,0.06556998193264008,1021.5276489257812,0.7896580377126214
3690,19.570833206176758,76.6987533569336,0.7501750175390112,1023.9739379882812,0.0597245991230011,1023.9739379882812,0.7501750175390112
3691,19.922082901000977,75.24458312988281,0.7914202523060414,1023.4970703125,0.05911269783973694,1023.4970703125,0.7914202523060414
3692,19.964582443237305,75.46916961669922,0.755934915490073,1036.0072021484375,0.05756208300590515,1036.0072021484375,0.755934915490073
3693,19.790416717529297,76.5129165649414,0.7886462471177716,1010.3231811523438,0.0527179092168808,1010.3231811523438,0.7886462471177716
3694,19.53874969482422,75.27625274658203,0.783342437506198,1041.817626953125,0.0572090744972229,1041.817626953125,0.783342437506198
3695,19.880416870117188,77.15208435058594,0.7828098977827757,997.9393920898438,0.0655878484249115,997.9393920898438,0.7828098977827757
3696,19.834999084472656,76.57666778564453,0.7920919872424509,1014.515380859375,0.052864909172058105,1014.515380859375,0.7920919872424509
3697,19.95166778564453,75.99333190917969,0.7728161420665882,1035.541015625,0.059318140149116516,1035.541015625,0.7728161420665882
3698,19.86625099182129,76.03083038330078,0.809760938094579,1039.7818603515625,0.058994874358177185,1039.7818603515625,0.809760938094579
3699,19.614166259765625,77.25875091552734,0.7515541758936248,1007.9696044921875,0.061271920800209045,1007.9696044921875,0.7515541758936248
3700,19.991666793823242,76.08458709716797,0.7523054874109791,1023.5201416015625,0.06262765824794769,1023.5201416015625,0.7523054874109791
3701,20.388334274291992,76.16458892822266,0.7691968739296371,1023.7471313476562,0.06801216304302216,1023.7471313476562,0.7691968739296371
3702,19.862083435058594,77.52749633789062,0.7764160037039606,1011.8355102539062,0.05675883591175079,1011.8355102539062,0.7764160037039606
3703,19.82499885559082,77.0929183959961,0.7648522593490479,1003.59765625,0.06348645687103271,1003.59765625,0.7648522593490479
3704,19.74625015258789,76.35041809082031,0.7655617357889023,1038.52734375,0.05687636137008667,1038.52734375,0.7655617357889023
3705,19.704999923706055,76.17041778564453,0.7631652413306017,1004.8268432617188,0.05515919625759125,1004.8268432617188,0.7631652413306017
3706,20.122499465942383,76.72416687011719,0.7780137427407279,1036.42822265625,0.06653168797492981,1036.42822265625,0.7780137427407279
3707,19.796249389648438,75.0804214477539,0.7603919563860482,1030.532470703125,0.06289783120155334,1030.532470703125,0.7603919563860482
3708,20.0483341217041,76.46458435058594,0.7899991468469616,1020.5916137695312,0.05325774848461151,1020.5916137695312,0.7899991468469616
3709,19.713333129882812,76.44249725341797,0.7461592760959079,995.7190551757812,0.059902921319007874,995.7190551757812,0.7461592760959079
3710,19.852083206176758,75.45999908447266,0.7959541324760913,1047.887451171875,0.067904993891716,1047.887451171875,0.7959541324760913
3711,20.121665954589844,77.56083679199219,0.7595647241706571,1018.5823974609375,0.059862732887268066,1018.5823974609375,0.7595647241706571
3712,19.94124984741211,76.62750244140625,0.7459330462782778,1014.71435546875,0.061455920338630676,1014.71435546875,0.7459330462782778
3713,19.625,76.17416381835938,0.7865118249201043,1003.7159423828125,0.05925638973712921,1003.7159423828125,0.7865118249201043
3714,20.066665649414062,77.69708251953125,0.7818353884482148,1040.3077392578125,0.059389546513557434,1040.3077392578125,0.7818353884482148
3715,20.03041648864746,76.6987533569336,0.7683063082362827,1028.6917724609375,0.061399027705192566,1028.6917724609375,0.7683063082362827
3716,20.201250076293945,76.73583984375,0.7536344888140242,1027.3917236328125,0.06630921363830566,1027.3917236328125,0.7536344888140242
3717,20.115833282470703,76.58833312988281,0.778481967620865,1033.8814697265625,0.05979052186012268,1033.8814697265625,0.778481967620865
3718,19.70749855041504,75.60208129882812,0.7894575820272722,1021.6970825195312,0.05630461871623993,1021.6970825195312,0.7894575820272722
3719,19.737083435058594,76.77041625976562,0.7688679012335692,1017.9042358398438,0.058820679783821106,1017.9042358398438,0.7688679012335692
3720,19.841249465942383,75.97958374023438,0.7711601393085957,1022.8155517578125,0.0584789514541626,1022.8155517578125,0.7711601393085957
3721,19.96500015258789,76.87875366210938,0.7653301301551921,1019.0992431640625,0.056738585233688354,1019.0992431640625,0.7653301301551921
3722,19.95458221435547,77.4808349609375,0.7645313048197531,1017.9107055664062,0.05779874324798584,1017.9107055664062,0.7645313048197531
3723,19.698749542236328,77.57333374023438,0.7818086041166392,1017.66357421875,0.06314140558242798,1017.66357421875,0.7818086041166392
3724,19.934167861938477,76.76541900634766,0.7912986244677502,1003.2938842773438,0.05719424784183502,1003.2938842773438,0.7912986244677502
3725,20.177082061767578,76.83875274658203,0.7911935961776777,1036.9227294921875,0.05894424021244049,1036.9227294921875,0.7911935961776777
3726,20.417083740234375,76.88749694824219,0.7817166886896002,1059.9285888671875,0.06065528094768524,1059.9285888671875,0.7817166886896002
3727,19.742916107177734,75.97833251953125,0.8117282001206171,1020.8326416015625,0.06393113732337952,1020.8326416015625,0.8117282001206171
3728,20.004167556762695,77.25708770751953,0.7683834950866472,1006.9923095703125,0.06478935480117798,1006.9923095703125,0.7683834950866472
3729,20.210834503173828,77.4566650390625,0.7751326631075797,1040.825439453125,0.05707655847072601,1040.825439453125,0.7751326631075797
3730,20.094999313354492,76.58875274658203,0.7962064390364753,1039.720458984375,0.05543947219848633,1039.720458984375,0.7962064390364753
3731,19.51041603088379,77.09207916259766,0.7979394759152602,1002.8516235351562,0.06451371312141418,1002.8516235351562,0.7979394759152602
3732,19.987499237060547,77.08916473388672,0.7539902462197743,1005.0001220703125,0.06515264511108398,1005.0001220703125,0.7539902462197743
3733,19.850000381469727,76.66374969482422,0.766163303968295,1009.2791137695312,0.06657189130783081,1009.2791137695312,0.766163303968295
3734,19.92125129699707,77.28333282470703,0.7616729250954202,1005.6358642578125,0.05463053286075592,1005.6358642578125,0.7616729250954202
3735,20.11541748046875,77.67666625976562,0.7855136986582052,1011.6255493164062,0.05594386160373688,1011.6255493164062,0.7855136986582052
3736,19.76333236694336,76.13833618164062,0.7542672836844316,1021.3475341796875,0.060077354311943054,1021.3475341796875,0.7542672836844316
3737,20.030834197998047,77.30332946777344,0.7582844003604342,1030.3463134765625,0.058809831738471985,1030.3463134765625,0.7582844003604342
3738,20.148334503173828,76.3620834350586,0.7690803723844231,1020.5545043945312,0.07365342974662781,1020.5545043945312,0.7690803723844231
3739,19.756250381469727,74.86958312988281,0.7976483047039475,1026.2073974609375,0.051154062151908875,1026.2073974609375,0.7976483047039475
3740,20.082500457763672,76.37583923339844,0.8099735930907594,1031.7015380859375,0.06232850253582001,1031.7015380859375,0.8099735930907594
3741,19.88749885559082,76.36583709716797,0.7888913251434049,1016.4244384765625,0.06697443127632141,1016.4244384765625,0.7888913251434049
3742,19.822500228881836,75.9625015258789,0.7718468195266006,1038.4632568359375,0.062322452664375305,1038.4632568359375,0.7718468195266006
3743,19.992082595825195,75.9000015258789,0.7943883079767452,1039.648193359375,0.05689753592014313,1039.648193359375,0.7943883079767452
3744,20.092082977294922,77.42958068847656,0.7680411359510828,1022.3508911132812,0.06551717221736908,1022.3508911132812,0.7680411359510828
3745,20.15625,75.42499542236328,0.7988914435421887,1064.207275390625,0.06522257626056671,1064.207275390625,0.7988914435421887
3746,19.858333587646484,77.29332733154297,0.7899519394894627,1000.2514038085938,0.06725066900253296,1000.2514038085938,0.7899519394894627
3747,20.10416603088379,75.90583801269531,0.7781320817538837,1020.5596313476562,0.06051336228847504,1020.5596313476562,0.7781320817538837
3748,20.133333206176758,76.59000396728516,0.7742863337254412,1026.7708740234375,0.06670945882797241,1026.7708740234375,0.7742863337254412
3749,20.15166664123535,76.96083068847656,0.7734245167721774,1023.9288940429688,0.05726771056652069,1023.9288940429688,0.7734245167721774
3750,20.01125144958496,77.34416961669922,0.7839741778806328,1009.0682373046875,0.056125983595848083,1009.0682373046875,0.7839741778806328
3751,19.706666946411133,77.06041717529297,0.7627293635657058,1008.6438598632812,0.06469710171222687,1008.6438598632812,0.7627293635657058
3752,20.00749969482422,76.82250213623047,0.7898119254663271,1021.6666870117188,0.05584794282913208,1021.6666870117188,0.7898119254663271
3753,19.844999313354492,77.0858383178711,0.7858598211933794,1008.0892944335938,0.060963451862335205,1008.0892944335938,0.7858598211933794
3754,19.914167404174805,77.00875091552734,0.7318321011134286,1018.9703979492188,0.07039186358451843,1018.9703979492188,0.7318321011134286
3755,19.6924991607666,77.04875183105469,0.7917361831350677,1026.0506591796875,0.06566727161407471,1026.0506591796875,0.7917361831350677
3756,20.185832977294922,76.37291717529297,0.7938810165407298,1042.52978515625,0.05813091993331909,1042.52978515625,0.7938810165407298
3757,19.816667556762695,76.19083404541016,0.7766149227714468,1007.4910278320312,0.061034202575683594,1007.4910278320312,0.7766149227714468
3758,19.661251068115234,77.35749816894531,0.7794927309451231,1011.038330078125,0.06544055044651031,1011.038330078125,0.7794927309451231
3759,20.024166107177734,77.31417083740234,0.7754169113875011,1019.7280883789062,0.054756343364715576,1019.7280883789062,0.7754169113875011
3760,20.077083587646484,76.62166595458984,0.7541667298651278,1018.575927734375,0.056339606642723083,1018.575927734375,0.7541667298651278
3761,20.412500381469727,75.9124984741211,0.7978205995341412,1041.211669921875,0.06163446605205536,1041.211669921875,0.7978205995341412
3762,20.174583435058594,76.74333190917969,0.7866292079893559,1021.1702270507812,0.060651421546936035,1021.1702270507812,0.7866292079893559
3763,19.74625015258789,76.18458557128906,0.7611384522288493,1031.340576171875,0.05694422125816345,1031.340576171875,0.7611384522288493
3764,20.174999237060547,77.32958221435547,0.8134124907496869,1024.6658935546875,0.06095275282859802,1024.6658935546875,0.8134124907496869
3765,19.694168090820312,76.24458312988281,0.7588017719136034,1012.2192993164062,0.07015246152877808,1012.2192993164062,0.7588017719136034
3766,20.325834274291992,78.19999694824219,0.7791085045387705,1049.7142333984375,0.060973554849624634,1049.7142333984375,0.7791085045387705
3767,20.06041717529297,77.33499908447266,0.7890633716442184,1021.0147094726562,0.06427861750125885,1021.0147094726562,0.7890633716442184
3768,19.950834274291992,77.81749725341797,0.7983436935231362,1031.125244140625,0.048628151416778564,1031.125244140625,0.7983436935231362
3769,19.570833206176758,76.96749877929688,0.7765840096065626,994.8278198242188,0.058656200766563416,994.8278198242188,0.7765840096065626
3770,19.734167098999023,76.48291778564453,0.7940689832484247,1021.1702270507812,0.06272481381893158,1021.1702270507812,0.7940689832484247
3771,19.765417098999023,77.22791290283203,0.7725589825231026,1020.9896850585938,0.05761849880218506,1020.9896850585938,0.7725589825231026
3772,19.85249900817871,77.02249908447266,0.7600215941535032,1009.2894897460938,0.06701686978340149,1009.2894897460938,0.7600215941535032
3773,19.793750762939453,76.57374572753906,0.7827270825993144,1012.482666015625,0.06222744286060333,1012.482666015625,0.7827270825993144
3774,19.794166564941406,77.41791534423828,0.7708048655882226,1023.1058349609375,0.07003316283226013,1023.1058349609375,0.7708048655882226
3775,19.920833587646484,76.9808349609375,0.802457107077596,1035.534423828125,0.06527632474899292,1035.534423828125,0.802457107077596
3776,20.008333206176758,77.05374908447266,0.7999956619585864,1025.220947265625,0.0625811368227005,1025.220947265625,0.7999956619585864
3777,19.684999465942383,77.33916473388672,0.7535600267955749,1004.4534912109375,0.06596681475639343,1004.4534912109375,0.7535600267955749
3778,19.771249771118164,76.37666320800781,0.8000672736816048,1038.7635498046875,0.057218968868255615,1038.7635498046875,0.8000672736816048
3779,20.079999923706055,77.66374969482422,0.7747503473323778,1030.1737060546875,0.06543748080730438,1030.1737060546875,0.7747503473323778
3780,19.842498779296875,76.82499694824219,0.7547552732911167,1028.0113525390625,0.05883359909057617,1028.0113525390625,0.7547552732911167
3781,20.073333740234375,77.6187515258789,0.7939096962819026,1031.3314208984375,0.06056797504425049,1031.3314208984375,0.7939096962819026
3782,19.71500015258789,78.08625030517578,0.7629676263344989,1006.7928466796875,0.06285408139228821,1006.7928466796875,0.7629676263344989
3783,19.70625114440918,78.225830078125,0.7672633058580834,1007.3197631835938,0.05855110287666321,1007.3197631835938,0.7672633058580834
3784,20.19708251953125,76.56666564941406,0.8117653656778335,1030.1978759765625,0.05837397277355194,1030.1978759765625,0.8117653656778335
3785,19.7762508392334,77.4112548828125,0.7892008630795743,1007.8161010742188,0.06401196122169495,1007.8161010742188,0.7892008630795743
3786,20.161251068115234,76.81666564941406,0.7992654015556941,1022.2113647460938,0.06098319590091705,1022.2113647460938,0.7992654015556941
3787,20.259166717529297,77.3183364868164,0.7891974949544727,1024.105712890625,0.059077829122543335,1024.105712890625,0.7891974949544727
3788,20.38666534423828,77.586669921875,0.7801654090228516,1019.7265625,0.06410481035709381,1019.7265625,0.7801654090228516
3789,19.779582977294922,76.63916778564453,0.7831558932597418,1013.146728515625,0.0588497519493103,1013.146728515625,0.7831558932597418
3790,20.042917251586914,77.4816665649414,0.7742232518594967,1007.6539916992188,0.061076000332832336,1007.6539916992188,0.7742232518594967
3791,19.882083892822266,76.08167266845703,0.776227109963524,1016.1681518554688,0.05690227448940277,1016.1681518554688,0.776227109963524
3792,20.08625030517578,76.13458251953125,0.7948729173195049,1030.565185546875,0.05809915065765381,1030.565185546875,0.7948729173195049
3793,20.1108341217041,77.85874938964844,0.7877752788285672,1016.1942749023438,0.06173957884311676,1016.1942749023438,0.7877752788285672
3794,20.01125144958496,77.18000030517578,0.7637295203128343,1010.2902221679688,0.060641348361968994,1010.2902221679688,0.7637295203128343
3795,20.02750015258789,77.1066665649414,0.7819843822483411,1020.58447265625,0.06192551553249359,1020.58447265625,0.7819843822483411
3796,19.994998931884766,76.77291870117188,0.7720750363700859,1023.0535278320312,0.06606702506542206,1023.0535278320312,0.7720750363700859
3797,19.722915649414062,76.59375,0.7667774076296134,1011.6299438476562,0.06286025047302246,1011.6299438476562,0.7667774076296134
3798,20.155834197998047,77.72958374023438,0.7940931118331036,1025.6929931640625,0.061339110136032104,1025.6929931640625,0.7940931118331036
3799,20.03999900817871,77.04875183105469,0.763284061351588,1008.1422119140625,0.06140947341918945,1008.1422119140625,0.763284061351588
3800,19.512500762939453,75.8062515258789,0.779061203002558,1005.2056274414062,0.054821908473968506,1005.2056274414062,0.779061203002558
3801,19.979999542236328,76.9574966430664,0.799623404301808,1045.6094970703125,0.05869828164577484,1045.6094970703125,0.799623404301808
3802,19.752498626708984,76.9262466430664,0.7562793267113119,1008.3553466796875,0.06286923587322235,1008.3553466796875,0.7562793267113119
3803,19.965415954589844,77.14624786376953,0.7848725772022,1016.1084594726562,0.0605199933052063,1016.1084594726562,0.7848725772022
3804,19.714584350585938,77.03624725341797,0.7913000720990166,1010.7149658203125,0.06037968397140503,1010.7149658203125,0.7913000720990166
3805,19.5170841217041,77.67333221435547,0.7366542982605176,1017.15380859375,0.06841179728507996,1017.15380859375,0.7366542982605176
3806,19.854999542236328,76.68791198730469,0.7712563958846804,1005.72314453125,0.058953896164894104,1005.72314453125,0.7712563958846804
3807,19.758333206176758,76.6995849609375,0.8016607457586338,1023.4483032226562,0.0582972913980484,1023.4483032226562,0.8016607457586338
3808,19.4950008392334,76.85041809082031,0.8065365155351458,1030.1412353515625,0.07040823996067047,1030.1412353515625,0.8065365155351458
3809,19.681249618530273,76.7562484741211,0.7992656433103826,1004.7657470703125,0.055365294218063354,1004.7657470703125,0.7992656433103826
3810,19.81624984741211,77.15875244140625,0.7568974019773232,1009.32373046875,0.05914749205112457,1009.32373046875,0.7568974019773232
3811,19.657917022705078,76.20207977294922,0.7544644395547428,1026.908203125,0.05528321862220764,1026.908203125,0.7544644395547428
3812,19.623750686645508,76.16291809082031,0.7815018186807271,1026.8245849609375,0.06166617572307587,1026.8245849609375,0.7815018186807271
3813,19.814998626708984,76.33958435058594,0.7646121305604375,996.908935546875,0.06312733888626099,996.908935546875,0.7646121305604375
3814,20.096250534057617,76.54624938964844,0.792779057953777,1018.7772216796875,0.05847848951816559,1018.7772216796875,0.792779057953777
3815,19.74125099182129,77.01541900634766,0.7779829162884015,1009.9027099609375,0.06228780746459961,1009.9027099609375,0.7779829162884015
3816,19.445415496826172,77.04708862304688,0.7697581300008467,1015.4136962890625,0.06246562302112579,1015.4136962890625,0.7697581300008467
3817,19.604583740234375,76.55624389648438,0.796094890771907,1033.6346435546875,0.06181494891643524,1033.6346435546875,0.796094890771907
3818,19.72458267211914,77.41542053222656,0.7827592878783842,1002.4761352539062,0.05738839507102966,1002.4761352539062,0.7827592878783842
3819,19.886667251586914,77.12833404541016,0.7602205553628016,1017.844482421875,0.06030482053756714,1017.844482421875,0.7602205553628016
3820,19.545000076293945,77.76250457763672,0.8108633025760651,1010.9581909179688,0.06739741563796997,1010.9581909179688,0.8108633025760651
3821,20.16208267211914,77.56708526611328,0.7845222757319597,1025.0684814453125,0.0681690126657486,1025.0684814453125,0.7845222757319597
3822,19.716249465942383,76.21624755859375,0.7899936011644388,1023.0515747070312,0.0636821985244751,1023.0515747070312,0.7899936011644388
3823,19.6299991607666,76.59333038330078,0.7853291254957899,1010.2291870117188,0.06422485411167145,1010.2291870117188,0.7853291254957899
3824,19.40166664123535,76.4495849609375,0.7878818222415442,1004.893310546875,0.07000438868999481,1004.893310546875,0.7878818222415442
3825,19.642499923706055,76.8691635131836,0.752962905468639,1021.2606811523438,0.05990000069141388,1021.2606811523438,0.752962905468639
3826,19.73041534423828,77.11250305175781,0.7424722298135081,1005.5136108398438,0.060654908418655396,1005.5136108398438,0.7424722298135081
3827,19.731250762939453,76.28125,0.7986654003179146,1029.3570556640625,0.05904825031757355,1029.3570556640625,0.7986654003179146
3828,19.777915954589844,76.7870864868164,0.7763709669165146,1009.5006103515625,0.057656168937683105,1009.5006103515625,0.7763709669165146
3829,19.794166564941406,77.08332824707031,0.7976762465891247,1001.7893676757812,0.05937255918979645,1001.7893676757812,0.7976762465891247
3830,19.900833129882812,78.28833770751953,0.7699853293711404,1014.2278442382812,0.07454089820384979,1014.2278442382812,0.7699853293711404
3831,19.744583129882812,76.32499694824219,0.7969367660453509,1018.9344482421875,0.05319535732269287,1018.9344482421875,0.7969367660453509
3832,19.824583053588867,76.5745849609375,0.7753182199730828,1027.861328125,0.0618135929107666,1027.861328125,0.7753182199730828
3833,19.754167556762695,77.6129150390625,0.7700167742870139,1021.3399658203125,0.06917238235473633,1021.3399658203125,0.7700167742870139
3834,19.411666870117188,76.56082916259766,0.7719979622643678,1010.2714233398438,0.05977141857147217,1010.2714233398438,0.7719979622643678
3835,19.895416259765625,77.82417297363281,0.7735219435210351,1018.3080444335938,0.06259626150131226,1018.3080444335938,0.7735219435210351
3836,19.544584274291992,77.31082916259766,0.7642501207732104,1017.6691284179688,0.06288270652294159,1017.6691284179688,0.7642501207732104
3837,19.831666946411133,77.50457763671875,0.7908418646162254,1029.4456787109375,0.06157517433166504,1029.4456787109375,0.7908418646162254
3838,19.613750457763672,78.47083282470703,0.7835856407612471,994.3213500976562,0.059249043464660645,994.3213500976562,0.7835856407612471
3839,19.802499771118164,76.1866683959961,0.7882753351459135,1009.4754028320312,0.0562346875667572,1009.4754028320312,0.7882753351459135
3840,19.685415267944336,77.46499633789062,0.7755986106255104,989.1363525390625,0.06511323153972626,989.1363525390625,0.7755986106255104
3841,19.582916259765625,76.64749908447266,0.771214691221429,1010.8021850585938,0.05341021716594696,1010.8021850585938,0.771214691221429
3842,19.427499771118164,75.538330078125,0.7610466214842274,1032.2303466796875,0.05790916085243225,1032.2303466796875,0.7610466214842274
3843,19.61833381652832,76.33625030517578,0.7530105695862431,1019.3721313476562,0.06550692021846771,1019.3721313476562,0.7530105695862431
3844,19.46583366394043,75.80750274658203,0.7796658131684016,1034.9456787109375,0.06398561596870422,1034.9456787109375,0.7796658131684016
3845,20.078332901000977,77.55291748046875,0.7974993747750097,1010.8278198242188,0.06030486524105072,1010.8278198242188,0.7974993747750097
3846,19.96500015258789,77.20249938964844,0.7823798632205787,1014.1508178710938,0.059138864278793335,1014.1508178710938,0.7823798632205787
3847,19.764999389648438,77.0425033569336,0.77860646830068,1016.0753173828125,0.06201319396495819,1016.0753173828125,0.77860646830068
3848,19.495832443237305,76.41791534423828,0.7969502891486879,1019.9354858398438,0.05880868434906006,1019.9354858398438,0.7969502891486879
3849,19.581249237060547,76.81124877929688,0.7631269054463876,1000.1038208007812,0.06178918480873108,1000.1038208007812,0.7631269054463876
3850,19.81999969482422,77.62291717529297,0.8147815592292939,1012.7069091796875,0.0568854957818985,1012.7069091796875,0.8147815592292939
3851,19.840415954589844,77.0858383178711,0.7582418073219268,1018.7153930664062,0.0507938414812088,1018.7153930664062,0.7582418073219268
3852,19.583749771118164,76.13875579833984,0.7982576595998796,1012.0193481445312,0.06313838064670563,1012.0193481445312,0.7982576595998796
3853,19.68166732788086,77.0504150390625,0.7625669245138972,1010.0152587890625,0.0636124312877655,1010.0152587890625,0.7625669245138972
3854,19.7549991607666,76.33833312988281,0.7694423216387473,1018.1506958007812,0.05901159346103668,1018.1506958007812,0.7694423216387473
3855,19.696250915527344,77.35749816894531,0.7863547994581559,1005.7845458984375,0.06327907741069794,1005.7845458984375,0.7863547994581559
3856,19.51541519165039,76.76041412353516,0.8047562525357832,1035.75732421875,0.05779165029525757,1035.75732421875,0.8047562525357832
3857,19.349584579467773,76.89708709716797,0.7882292226412461,1002.7437133789062,0.061649203300476074,1002.7437133789062,0.7882292226412461
3858,19.46208381652832,77.02833557128906,0.7741392004969965,1025.514892578125,0.06030987203121185,1025.514892578125,0.7741392004969965
3859,19.783750534057617,76.5745849609375,0.7845559173861916,1028.3443603515625,0.05307166278362274,1028.3443603515625,0.7845559173861916
3860,19.912500381469727,78.20874786376953,0.7612396713377527,1003.9481201171875,0.06397074460983276,1003.9481201171875,0.7612396713377527
3861,19.86166763305664,77.29916381835938,0.7813106064452437,1053.2747802734375,0.05481289327144623,1053.2747802734375,0.7813106064452437
3862,19.730833053588867,77.27125549316406,0.7956480108242139,1024.600341796875,0.058708712458610535,1024.600341796875,0.7956480108242139
3863,18.18083381652832,76.23416900634766,0.7058280272606146,1158.778076171875,0.06966537237167358,1158.778076171875,0.7058280272606146
3864,19.99041748046875,76.71083068847656,0.7642731402585872,1019.0949096679688,0.05779315531253815,1019.0949096679688,0.7642731402585872
3865,19.951250076293945,78.18791961669922,0.7740142817453242,1032.2899169921875,0.0661454051733017,1032.2899169921875,0.7740142817453242
3866,19.730833053588867,76.5987548828125,0.788490464044582,1015.1262817382812,0.05792070925235748,1015.1262817382812,0.788490464044582
3867,19.490415573120117,76.4495849609375,0.8105661663007299,1021.3225708007812,0.05881749093532562,1021.3225708007812,0.8105661663007299
3868,20.05791664123535,77.42958068847656,0.7714136237191189,1008.7984619140625,0.05641321837902069,1008.7984619140625,0.7714136237191189
3869,19.945833206176758,78.10083770751953,0.8075465478350641,1021.0418090820312,0.05934697389602661,1021.0418090820312,0.8075465478350641
3870,20.015417098999023,78.41749572753906,0.7618496900874616,1007.5133666992188,0.06541594862937927,1007.5133666992188,0.7618496900874616
3871,20.040834426879883,78.46582794189453,0.7784599226644983,1033.2061767578125,0.05871494114398956,1033.2061767578125,0.7784599226644983
3872,19.675416946411133,77.74166107177734,0.8007615194409712,1008.5861206054688,0.05569714307785034,1008.5861206054688,0.8007615194409712
3873,19.890417098999023,76.73624420166016,0.7927471184117452,1025.714599609375,0.06747804582118988,1025.714599609375,0.7927471184117452
3874,20.011667251586914,77.95458221435547,0.7578078016532432,1021.7078247070312,0.06367075443267822,1021.7078247070312,0.7578078016532432
3875,19.918333053588867,76.87708282470703,0.8137235005355137,1002.8103637695312,0.06124383211135864,1002.8103637695312,0.8137235005355137
3876,19.697498321533203,75.73999786376953,0.8136447350265337,1014.9153442382812,0.059496402740478516,1014.9153442382812,0.8136447350265337
3877,19.68083381652832,77.3808364868164,0.7922765706845363,1027.5206298828125,0.06475956737995148,1027.5206298828125,0.7922765706845363
3878,19.616666793823242,76.85124969482422,0.7725891746598749,1038.457763671875,0.06034816801548004,1038.457763671875,0.7725891746598749
3879,20.254165649414062,78.63583374023438,0.7852601709074586,1032.1014404296875,0.058900728821754456,1032.1014404296875,0.7852601709074586
3880,19.888750076293945,77.80166625976562,0.8037495882643121,1018.734619140625,0.05671389400959015,1018.734619140625,0.8037495882643121
3881,20.236249923706055,77.02041625976562,0.7796166847826161,1045.4599609375,0.06703914701938629,1045.4599609375,0.7796166847826161
3882,19.888334274291992,77.29708862304688,0.8158946163908154,1038.0916748046875,0.056603312492370605,1038.0916748046875,0.8158946163908154
3883,20.112083435058594,77.25292205810547,0.8008505039717395,1045.7294921875,0.060837358236312866,1045.7294921875,0.8008505039717395
3884,19.372501373291016,75.83207702636719,0.7810916094278326,1020.2555541992188,0.060559362173080444,1020.2555541992188,0.7810916094278326
3885,19.916250228881836,76.22249603271484,0.7649980705569883,1032.291259765625,0.06340676546096802,1032.291259765625,0.7649980705569883
3886,20.271665573120117,77.22666931152344,0.7607794346945607,1018.3340454101562,0.0632055252790451,1018.3340454101562,0.7607794346945607
3887,19.84291648864746,76.54833221435547,0.8039610679840217,1031.5244140625,0.05480298399925232,1031.5244140625,0.8039610679840217
3888,20.082082748413086,77.16166687011719,0.7850910489599616,1012.3285522460938,0.05979380011558533,1012.3285522460938,0.7850910489599616
3889,20.036251068115234,76.98332977294922,0.7820796825286795,1025.9849853515625,0.06041945517063141,1025.9849853515625,0.7820796825286795
3890,19.708749771118164,76.8670883178711,0.8037326803098415,1009.9352416992188,0.0606415718793869,1009.9352416992188,0.8037326803098415
3891,20.165416717529297,76.90750122070312,0.8002464507986854,1011.3048095703125,0.05688941478729248,1011.3048095703125,0.8002464507986854
3892,20.053333282470703,77.33457946777344,0.7840592274089611,1010.7666015625,0.05740368366241455,1010.7666015625,0.7840592274089611
3893,19.669584274291992,76.11666870117188,0.7871856024052523,1015.2210083007812,0.05398024618625641,1015.2210083007812,0.7871856024052523
3894,20.371665954589844,78.27249908447266,0.7677206080780407,1049.21923828125,0.058406755328178406,1049.21923828125,0.7677206080780407
3895,19.81999969482422,77.17666625976562,0.7773000645853128,1046.3289794921875,0.06478066742420197,1046.3289794921875,0.7773000645853128
3896,19.93166732788086,76.56791687011719,0.787999103815733,1031.1578369140625,0.06035114824771881,1031.1578369140625,0.787999103815733
3897,19.69208335876465,75.70750427246094,0.7875380809696152,1024.62109375,0.05479532480239868,1024.62109375,0.7875380809696152
3898,20.085834503173828,76.32167053222656,0.763534498632253,1028.734130859375,0.0640704482793808,1028.734130859375,0.763534498632253
3899,19.821250915527344,77.71041107177734,0.7716218379940069,1005.5670776367188,0.057488396763801575,1005.5670776367188,0.7716218379940069
3900,19.911251068115234,77.51166534423828,0.7994153206007397,1031.701416015625,0.052652597427368164,1031.701416015625,0.7994153206007397
3901,19.657917022705078,76.34458923339844,0.8091435158442556,1029.709716796875,0.06021958589553833,1029.709716796875,0.8091435158442556
3902,19.47916603088379,75.4366683959961,0.7849872717250483,1008.12353515625,0.055175334215164185,1008.12353515625,0.7849872717250483
3903,19.84083366394043,77.11958312988281,0.7676853317824914,1021.9891357421875,0.057479411363601685,1021.9891357421875,0.7676853317824914
3904,19.578750610351562,75.34541320800781,0.806984652188504,1014.0315551757812,0.056950777769088745,1014.0315551757812,0.806984652188504
3905,19.76041603088379,76.71375274658203,0.7768215580318037,1030.69580078125,0.061102986335754395,1030.69580078125,0.7768215580318037
3906,19.832082748413086,77.00749969482422,0.7990214275940626,1009.2577514648438,0.06731589138507843,1009.2577514648438,0.7990214275940626
3907,19.55875015258789,76.55833435058594,0.764786748502307,1031.53759765625,0.05378203094005585,1031.53759765625,0.764786748502307
3908,19.156665802001953,76.02791595458984,0.7515325740175786,997.2616577148438,0.06247226893901825,997.2616577148438,0.7515325740175786
3909,19.61625099182129,75.71791076660156,0.7862970754201972,1014.2744750976562,0.05823366343975067,1014.2744750976562,0.7862970754201972
3910,19.888750076293945,77.50166320800781,0.780289695138854,1015.7487182617188,0.05830445885658264,1015.7487182617188,0.780289695138854
3911,19.703750610351562,76.5,0.779134785925977,1029.0982666015625,0.047884806990623474,1029.0982666015625,0.779134785925977
3912,19.8579158782959,76.49624633789062,0.7730033018106828,1053.5814208984375,0.06520359218120575,1053.5814208984375,0.7730033018106828
3913,19.854583740234375,76.87291717529297,0.7884974819905258,1048.8341064453125,0.0587344765663147,1048.8341064453125,0.7884974819905258
3914,19.594999313354492,76.00958251953125,0.8023274167922463,1021.1278686523438,0.06034897267818451,1021.1278686523438,0.8023274167922463
3915,19.732500076293945,76.97541809082031,0.7681414643435083,1029.1328125,0.05694971978664398,1029.1328125,0.7681414643435083
3916,19.784168243408203,76.5495834350586,0.7826337013671625,1017.3177490234375,0.0627550333738327,1017.3177490234375,0.7826337013671625
3917,19.5625,75.98291778564453,0.766699297977467,1013.2533569335938,0.058333978056907654,1013.2533569335938,0.766699297977467
3918,19.76875114440918,76.58708190917969,0.7744048224774758,1018.6936645507812,0.06906212866306305,1018.6936645507812,0.7744048224774758
3919,19.900833129882812,76.9000015258789,0.7950379978517913,1021.3667602539062,0.05593198537826538,1021.3667602539062,0.7950379978517913
3920,19.78874969482422,76.25458526611328,0.8174572650169798,1010.90087890625,0.057143017649650574,1010.90087890625,0.8174572650169798
3921,20.062915802001953,76.68333435058594,0.7740959729920787,1007.870361328125,0.06326988339424133,1007.870361328125,0.7740959729920787
3922,19.68666648864746,76.88666534423828,0.7701857015097752,1011.1585693359375,0.06275638937950134,1011.1585693359375,0.7701857015097752
3923,19.50666618347168,76.87958526611328,0.807082019664278,1012.8736572265625,0.053631991147994995,1012.8736572265625,0.807082019664278
3924,19.82291603088379,76.48958587646484,0.7844463697801954,1014.2811889648438,0.05166175961494446,1014.2811889648438,0.7844463697801954
3925,19.809167861938477,76.319580078125,0.753394606941642,1006.778564453125,0.059403181076049805,1006.778564453125,0.753394606941642
3926,19.660415649414062,75.94125366210938,0.7698691163373317,1014.6439819335938,0.05686196684837341,1014.6439819335938,0.7698691163373317
3927,19.72333335876465,75.41541290283203,0.7981284292180171,1032.361328125,0.04972811043262482,1032.361328125,0.7981284292180171
3928,19.77833366394043,76.41124725341797,0.798462906886496,997.2351684570312,0.05601842701435089,997.2351684570312,0.798462906886496
3929,19.922916412353516,75.98458862304688,0.7851374230932511,1000.132080078125,0.05750221014022827,1000.132080078125,0.7851374230932511
3930,19.820833206176758,77.10708618164062,0.7783910250934927,1019.8025512695312,0.05504010617733002,1019.8025512695312,0.7783910250934927
3931,19.5,76.49250030517578,0.7796981480987777,1032.4412841796875,0.05962207913398743,1032.4412841796875,0.7796981480987777
3932,19.787498474121094,77.06124877929688,0.7943895499542971,1009.6541137695312,0.06329478323459625,1009.6541137695312,0.7943895499542971
3933,19.54833221435547,76.21708679199219,0.7762602613384441,1010.76904296875,0.06735658645629883,1010.76904296875,0.7762602613384441
3934,20.039583206176758,77.61041259765625,0.7985395740281382,1018.3338012695312,0.060931578278541565,1018.3338012695312,0.7985395740281382
3935,19.969167709350586,76.8933334350586,0.751613968356931,1017.0475463867188,0.06587441265583038,1017.0475463867188,0.751613968356931
3936,20.31041717529297,76.7750015258789,0.7598321908784345,1017.2164306640625,0.05264370143413544,1017.2164306640625,0.7598321908784345
3937,19.802499771118164,76.81749725341797,0.7901017657414624,1016.926025390625,0.05766035616397858,1016.926025390625,0.7901017657414624
3938,19.63166618347168,76.47541809082031,0.780811356976794,1002.7916870117188,0.0566970556974411,1002.7916870117188,0.780811356976794
3939,20.011667251586914,76.82583618164062,0.7597495487142318,1002.3961181640625,0.07282407581806183,1002.3961181640625,0.7597495487142318
3940,20.193750381469727,76.78458404541016,0.8211720984541564,1024.6900634765625,0.05804218351840973,1024.6900634765625,0.8211720984541564
3941,19.88249969482422,76.67292022705078,0.8166213041058793,1028.1859130859375,0.05592505633831024,1028.1859130859375,0.8166213041058793
3942,19.761249542236328,76.8308334350586,0.7985141882766034,1033.836181640625,0.056690558791160583,1033.836181640625,0.7985141882766034
3943,19.705415725708008,75.7612533569336,0.7980998380070611,1050.875732421875,0.058551400899887085,1050.875732421875,0.7980998380070611
3944,19.94875144958496,77.0566635131836,0.7774465384713505,1027.0174560546875,0.05611233413219452,1027.0174560546875,0.7774465384713505
3945,20.104999542236328,77.19125366210938,0.7764728551082007,1023.3748168945312,0.06820657849311829,1023.3748168945312,0.7764728551082007
3946,20.092498779296875,75.93499755859375,0.8204394906075176,1037.68310546875,0.05642023682594299,1037.68310546875,0.8204394906075176
3947,20.09000015258789,77.32083129882812,0.7874084894726094,1006.7955932617188,0.0639139860868454,1006.7955932617188,0.7874084894726094
3948,20.010833740234375,76.62083435058594,0.7733084475784713,1028.40185546875,0.056874483823776245,1028.40185546875,0.7733084475784713
3949,19.696666717529297,76.18458557128906,0.7906106263447606,1003.1097412109375,0.059779345989227295,1003.1097412109375,0.7906106263447606
3950,20.116666793823242,77.12249755859375,0.7783861676038534,1038.641845703125,0.05771036446094513,1038.641845703125,0.7783861676038534
3951,19.81624984741211,76.49417114257812,0.7633739995413487,1020.3046875,0.05679111182689667,1020.3046875,0.7633739995413487
3952,19.96500015258789,77.1191635131836,0.7935844223728812,1043.43896484375,0.05807660520076752,1043.43896484375,0.7935844223728812
3953,20.1299991607666,77.25791931152344,0.8138869331745731,1003.6517333984375,0.05588822066783905,1003.6517333984375,0.8138869331745731
3954,19.896249771118164,77.25457763671875,0.7981626019229979,1023.512939453125,0.06750376522541046,1023.512939453125,0.7981626019229979
3955,19.729583740234375,76.85749816894531,0.7516539469320117,1034.912353515625,0.06365634500980377,1034.912353515625,0.7516539469320117
3956,20.30791664123535,76.8670883178711,0.7833609317848125,1021.531494140625,0.049408987164497375,1021.531494140625,0.7833609317848125
3957,20.09833335876465,78.22291564941406,0.7904317606749987,1017.3531494140625,0.057309508323669434,1017.3531494140625,0.7904317606749987
3958,20.34000015258789,77.90916442871094,0.7988663774728325,1032.4058837890625,0.05670511722564697,1032.4058837890625,0.7988663774728325
3959,20.187917709350586,78.13833618164062,0.776967944342938,1005.2523803710938,0.06115756928920746,1005.2523803710938,0.776967944342938
3960,20.05500030517578,76.53333282470703,0.8042280499218439,999.8236083984375,0.051058560609817505,999.8236083984375,0.8042280499218439
3961,20.18833351135254,77.00250244140625,0.7871398450561284,1007.2626953125,0.05517716705799103,1007.2626953125,0.7871398450561284
3962,20.18833351135254,77.8429183959961,0.7615323780284174,1037.50341796875,0.05845540761947632,1037.50341796875,0.7615323780284174
3963,20.10041618347168,77.57208251953125,0.8036036813451622,1040.50048828125,0.05590732395648956,1040.50048828125,0.8036036813451622
3964,20.13458251953125,77.77291870117188,0.7808783841463252,1009.619873046875,0.05778816342353821,1009.619873046875,0.7808783841463252
3965,19.882083892822266,76.4695816040039,0.7822574139700755,1031.2147216796875,0.06086139380931854,1031.2147216796875,0.7822574139700755
3966,20.43000030517578,76.92916107177734,0.7811777156797679,1027.6129150390625,0.052109599113464355,1027.6129150390625,0.7811777156797679
3967,20.093334197998047,78.16500091552734,0.7831484010299761,993.5614013671875,0.055565834045410156,993.5614013671875,0.7831484010299761
3968,19.96125030517578,77.70708465576172,0.7912868635302571,1013.3034057617188,0.057980015873909,1013.3034057617188,0.7912868635302571
3969,20.39083480834961,77.56541442871094,0.7621765588720038,1009.31787109375,0.056197717785835266,1009.31787109375,0.7621765588720038
3970,20.042081832885742,77.80667114257812,0.8001178181280113,1018.6347045898438,0.0667821615934372,1018.6347045898438,0.8001178181280113
3971,19.827083587646484,76.64666748046875,0.7741807037352887,1026.037841796875,0.05903339385986328,1026.037841796875,0.7741807037352887
3972,19.769582748413086,76.375,0.7722000727957268,1019.6292724609375,0.05884656310081482,1019.6292724609375,0.7722000727957268
3973,20.309999465942383,76.82833099365234,0.7994046444307563,1012.6679077148438,0.04625663161277771,1012.6679077148438,0.7994046444307563
3974,20.195417404174805,76.4487533569336,0.8095703790426751,1035.343017578125,0.058522820472717285,1035.343017578125,0.8095703790426751
3975,20.002500534057617,78.0758285522461,0.7597891737016824,1015.036376953125,0.05638076364994049,1015.036376953125,0.7597891737016824
3976,19.9204158782959,77.75166320800781,0.8033380246345899,1027.5390625,0.0611966997385025,1027.5390625,0.8033380246345899
3977,20.415834426879883,76.96875,0.7913596232812262,1034.90380859375,0.05802924931049347,1034.90380859375,0.7913596232812262
3978,19.914583206176758,76.36666870117188,0.7841982049423017,1012.008544921875,0.05481413006782532,1012.008544921875,0.7841982049423017
3979,19.93083381652832,76.15458679199219,0.8206714798709248,1030.138671875,0.05610106885433197,1030.138671875,0.8206714798709248
3980,20.01875114440918,76.87791442871094,0.7826434475371262,1024.16455078125,0.06406696140766144,1024.16455078125,0.7826434475371262
3981,19.885833740234375,77.10292053222656,0.7896029035919049,1026.2606201171875,0.0556638240814209,1026.2606201171875,0.7896029035919049
3982,19.7358341217041,76.84666442871094,0.7799620755973772,999.718994140625,0.059017613530159,999.718994140625,0.7799620755973772
3983,19.916667938232422,76.11499786376953,0.8106787871477314,1031.6405029296875,0.05144757032394409,1031.6405029296875,0.8106787871477314
3984,19.836668014526367,76.71666717529297,0.785827087855725,1019.0869140625,0.05610336363315582,1019.0869140625,0.785827087855725
3985,20.0674991607666,76.91166687011719,0.8051074571748597,1028.2840576171875,0.05737534165382385,1028.2840576171875,0.8051074571748597
3986,19.980417251586914,76.04624938964844,0.7791258192175574,1005.4161376953125,0.056575194001197815,1005.4161376953125,0.7791258192175574
3987,19.53791618347168,75.19499969482422,0.7840428424785584,1027.68994140625,0.06287479400634766,1027.68994140625,0.7840428424785584
3988,19.79749870300293,76.67292022705078,0.7943428507952361,1013.65625,0.06127682328224182,1013.65625,0.7943428507952361
3989,19.897916793823242,76.54125213623047,0.7933215935790914,1005.976806640625,0.06389006972312927,1005.976806640625,0.7933215935790914
3990,20.198749542236328,76.4695816040039,0.8078688874124296,1027.6512451171875,0.054190173745155334,1027.6512451171875,0.8078688874124296
3991,19.858333587646484,77.32916259765625,0.7763932973692454,1033.7193603515625,0.06346152722835541,1033.7193603515625,0.7763932973692454
3992,19.771249771118164,76.99624633789062,0.8034500115382138,1024.725830078125,0.05709517002105713,1024.725830078125,0.8034500115382138
3993,19.99333381652832,75.99958038330078,0.7446307851601452,1060.73291015625,0.060442909598350525,1060.73291015625,0.7446307851601452
3994,19.807498931884766,76.569580078125,0.810433962053482,1022.47412109375,0.05411867797374725,1022.47412109375,0.810433962053482
3995,19.876251220703125,75.58291625976562,0.7926071335917501,1039.046630859375,0.05371907353401184,1039.046630859375,0.7926071335917501
3996,19.8125,75.92708587646484,0.7766906403766121,1021.8087158203125,0.05536668002605438,1021.8087158203125,0.7766906403766121
3997,20.043750762939453,77.24333190917969,0.7892817884458422,1025.414306640625,0.05143074691295624,1025.414306640625,0.7892817884458422
3998,19.821666717529297,76.29374694824219,0.7964859726346021,1020.7980346679688,0.05551205575466156,1020.7980346679688,0.7964859726346021
3999,19.90625,75.49124908447266,0.8121884405781454,1062.57568359375,0.05444146692752838,1062.57568359375,0.8121884405781454
