0,77.59471893310547,0.960277795791626,0.3708782828103833,5498.3349609375,1.4960823059082031,5498.3349609375,0.3708782828103833
1,0.0,0.0,0.2499999925494193,2501.52294921875,1.52303946018219,2501.52294921875,0.2499999925494193
2,0.0,0.0,0.2499999925494193,2501.5126953125,1.5126402378082275,2501.5126953125,0.2499999925494193
3,0.0,0.0,0.2499999925494193,2501.51220703125,1.5122992992401123,2501.51220703125,0.2499999925494193
4,0.0,0.0,0.2499999925494193,2501.51611328125,1.5160270929336548,2501.51611328125,0.2499999925494193
5,0.0,0.0,0.2499999925494193,2501.50048828125,1.5005145072937012,2501.50048828125,0.2499999925494193
6,0.0,0.0,0.2499999925494193,2501.506103515625,1.5061893463134766,2501.506103515625,0.2499999925494193
7,0.0,0.0,0.2499999925494193,2501.5029296875,1.5028618574142456,2501.5029296875,0.2499999925494193
8,0.0,0.0,0.2499999925494193,2501.495849609375,1.495737075805664,2501.495849609375,0.2499999925494193
9,0.0,0.0,0.2499999925494193,2501.505126953125,1.505160927772522,2501.505126953125,0.2499999925494193
10,0.0,0.0,0.2499999925494193,2501.483154296875,1.483265995979309,2501.483154296875,0.2499999925494193
11,0.0,0.0,0.2499999925494193,2501.485595703125,1.4855098724365234,2501.485595703125,0.2499999925494193
12,0.0,0.0,0.2499999925494193,2501.490234375,1.4903342723846436,2501.490234375,0.2499999925494193
13,0.0,0.0,0.2499999925494193,2501.498291015625,1.4983046054840088,2501.498291015625,0.2499999925494193
14,0.0,0.0,0.2499999925494193,2501.48779296875,1.4877007007598877,2501.48779296875,0.2499999925494193
15,0.0,0.0,0.2499999925494193,2501.47607421875,1.4760491847991943,2501.47607421875,0.2499999925494193
16,0.0,0.0,0.2499999925494193,2501.483154296875,1.4830838441848755,2501.483154296875,0.2499999925494193
17,0.0,0.0,0.2499999925494193,2501.478759765625,1.4788113832473755,2501.478759765625,0.2499999925494193
18,0.0,0.0,0.2499999925494193,2501.478515625,1.4784995317459106,2501.478515625,0.2499999925494193
19,0.0,0.0,0.2499999925494193,2501.48046875,1.4803955554962158,2501.48046875,0.2499999925494193
20,0.0,0.0,0.2499999925494193,2501.4873046875,1.4872983694076538,2501.4873046875,0.2499999925494193
21,0.0,0.0,0.2499999925494193,2501.4736328125,1.473512053489685,2501.4736328125,0.2499999925494193
22,0.0,0.0,0.2499999925494193,2501.468994140625,1.468886375427246,2501.468994140625,0.2499999925494193
23,0.0,0.0,0.2499999925494193,2501.469482421875,1.4695184230804443,2501.469482421875,0.2499999925494193
24,0.0,0.0,0.2499999925494193,2501.47314453125,1.473235845565796,2501.47314453125,0.2499999925494193
25,0.0,0.0,0.2499999925494193,2501.460693359375,1.4605942964553833,2501.460693359375,0.2499999925494193
26,0.0,0.0,0.2499999925494193,2501.461181640625,1.4611942768096924,2501.461181640625,0.2499999925494193
27,0.0,0.0,0.2499999925494193,2501.461669921875,1.4616066217422485,2501.461669921875,0.2499999925494193
28,0.0,0.0,0.2499999925494193,2501.455322265625,1.455223560333252,2501.455322265625,0.2499999925494193
29,0.0,0.0,0.2499999925494193,2501.449462890625,1.4493612051010132,2501.449462890625,0.2499999925494193
30,0.0,0.0,0.2499999925494193,2501.45263671875,1.4525943994522095,2501.45263671875,0.2499999925494193
31,0.0,0.0,0.2499999925494193,2501.443603515625,1.4436852931976318,2501.443603515625,0.2499999925494193
32,0.0,0.0,0.2499999925494193,2501.447998046875,1.447877287864685,2501.447998046875,0.2499999925494193
33,0.0,0.0,0.2499999925494193,2501.4521484375,1.4520697593688965,2501.4521484375,0.2499999925494193
34,0.0,0.0,0.2499999925494193,2501.444091796875,1.443975567817688,2501.444091796875,0.2499999925494193
35,0.0,0.0,0.2499999925494193,2501.4453125,1.4452613592147827,2501.4453125,0.2499999925494193
36,0.0,0.0,0.2499999925494193,2501.43701171875,1.4369436502456665,2501.43701171875,0.2499999925494193
37,0.0,0.0,0.2499999925494193,2501.433837890625,1.4337838888168335,2501.433837890625,0.2499999925494193
38,0.0,0.0,0.2499999925494193,2501.439697265625,1.439792275428772,2501.439697265625,0.2499999925494193
39,0.0,0.0,0.2499999925494193,2501.421142578125,1.421255111694336,2501.421142578125,0.2499999925494193
40,0.0,0.0,0.2499999925494193,2501.432861328125,1.4328049421310425,2501.432861328125,0.2499999925494193
41,0.0,0.0,0.2499999925494193,2501.427734375,1.4277385473251343,2501.427734375,0.2499999925494193
42,0.0,0.0,0.2499999925494193,2501.43115234375,1.4312669038772583,2501.43115234375,0.2499999925494193
43,0.0,0.0,0.2499999925494193,2501.4169921875,1.4171077013015747,2501.4169921875,0.2499999925494193
44,0.0,0.0,0.2499999925494193,2501.41943359375,1.419419288635254,2501.41943359375,0.2499999925494193
45,0.0,0.0,0.2499999925494193,2501.416259765625,1.4162949323654175,2501.416259765625,0.2499999925494193
46,0.0,0.0,0.2499999925494193,2501.431396484375,1.4313709735870361,2501.431396484375,0.2499999925494193
47,0.0,0.0,0.2499999925494193,2501.42919921875,1.4291455745697021,2501.42919921875,0.2499999925494193
48,0.0,0.0,0.2499999925494193,2501.399169921875,1.3992828130722046,2501.399169921875,0.2499999925494193
49,0.0,0.0,0.2499999925494193,2501.404541015625,1.404494047164917,2501.404541015625,0.2499999925494193
50,0.0,0.0,0.2499999925494193,2501.3994140625,1.399518609046936,2501.3994140625,0.2499999925494193
51,0.0,0.0,0.2499999925494193,2501.413818359375,1.41371750831604,2501.413818359375,0.2499999925494193
52,0.0,0.0,0.2499999925494193,2501.423583984375,1.423541784286499,2501.423583984375,0.2499999925494193
53,0.0,0.0,0.2499999925494193,2501.40380859375,1.4037278890609741,2501.40380859375,0.2499999925494193
54,0.0,0.0,0.2499999925494193,2501.401611328125,1.4015271663665771,2501.401611328125,0.2499999925494193
55,0.0,0.0,0.2499999925494193,2501.41943359375,1.4194704294204712,2501.41943359375,0.2499999925494193
56,0.0,0.0,0.2499999925494193,2501.3994140625,1.3995214700698853,2501.3994140625,0.2499999925494193
57,0.0,0.0,0.2499999925494193,2501.39453125,1.394540786743164,2501.39453125,0.2499999925494193
58,0.0,0.0,0.2499999925494193,2501.396484375,1.3965399265289307,2501.396484375,0.2499999925494193
59,0.0,0.0,0.2499999925494193,2501.392333984375,1.3924076557159424,2501.392333984375,0.2499999925494193
60,0.0,0.0,0.2499999925494193,2501.3916015625,1.3916987180709839,2501.3916015625,0.2499999925494193
61,0.0,0.0,0.2499999925494193,2501.38818359375,1.3882777690887451,2501.38818359375,0.2499999925494193
62,0.0,0.0,0.2499999925494193,2501.39599609375,1.396067500114441,2501.39599609375,0.2499999925494193
63,0.0,0.0,0.2499999925494193,2501.389404296875,1.3892868757247925,2501.389404296875,0.2499999925494193
64,0.0,0.0,0.2499999925494193,2501.384521484375,1.3844268321990967,2501.384521484375,0.2499999925494193
65,0.0,0.0,0.2499999925494193,2501.370361328125,1.370360016822815,2501.370361328125,0.2499999925494193
66,0.0,0.0,0.2499999925494193,2501.37548828125,1.3753776550292969,2501.37548828125,0.2499999925494193
67,0.0,0.0,0.2499999925494193,2501.3662109375,1.3661221265792847,2501.3662109375,0.2499999925494193
68,0.0,0.0,0.2499999925494193,2501.3798828125,1.3799413442611694,2501.3798828125,0.2499999925494193
69,0.0,0.0,0.2499999925494193,2501.362548828125,1.3624628782272339,2501.362548828125,0.2499999925494193
70,0.0,0.0,0.2499999925494193,2501.3798828125,1.3799240589141846,2501.3798828125,0.2499999925494193
71,0.0,0.0,0.2499999925494193,2501.3720703125,1.3719806671142578,2501.3720703125,0.2499999925494193
72,0.0,0.0,0.2499999925494193,2501.356689453125,1.356779932975769,2501.356689453125,0.2499999925494193
73,0.0,0.0,0.2499999925494193,2501.3740234375,1.3739441633224487,2501.3740234375,0.2499999925494193
74,0.0,0.0,0.2499999925494193,2501.356201171875,1.3561431169509888,2501.356201171875,0.2499999925494193
75,0.0,0.0,0.2499999925494193,2501.36669921875,1.366654396057129,2501.36669921875,0.2499999925494193
76,0.0,0.0,0.2499999925494193,2501.37158203125,1.3716131448745728,2501.37158203125,0.2499999925494193
77,0.0,0.0,0.2499999925494193,2501.3486328125,1.348690390586853,2501.3486328125,0.2499999925494193
78,0.0,0.0,0.2499999925494193,2501.352783203125,1.352805256843567,2501.352783203125,0.2499999925494193
79,0.0,0.0,0.2499999925494193,2501.359375,1.359254002571106,2501.359375,0.2499999925494193
80,0.0,0.0,0.2499999925494193,2501.3544921875,1.354512095451355,2501.3544921875,0.2499999925494193
81,0.0,0.0,0.2499999925494193,2501.329345703125,1.3292558193206787,2501.329345703125,0.2499999925494193
82,0.0,0.0,0.2499999925494193,2501.352294921875,1.352184772491455,2501.352294921875,0.2499999925494193
83,0.0,0.0,0.2499999925494193,2501.346435546875,1.3464752435684204,2501.346435546875,0.2499999925494193
84,0.0,0.0,0.2499999925494193,2501.3271484375,1.327144980430603,2501.3271484375,0.2499999925494193
85,0.0,0.0,0.2499999925494193,2501.346435546875,1.3463503122329712,2501.346435546875,0.2499999925494193
86,0.0,0.0,0.2499999925494193,2501.32080078125,1.320851445198059,2501.32080078125,0.2499999925494193
87,0.0,0.0,0.2499999925494193,2501.350830078125,1.350866675376892,2501.350830078125,0.2499999925494193
88,0.0,0.0,0.2499999925494193,2501.3369140625,1.3368897438049316,2501.3369140625,0.2499999925494193
89,0.0,0.0,0.2499999925494193,2501.324951171875,1.3250648975372314,2501.324951171875,0.2499999925494193
90,0.0,0.0,0.2499999925494193,2501.335205078125,1.335269808769226,2501.335205078125,0.2499999925494193
91,0.0,0.0,0.2499999925494193,2501.33935546875,1.3393782377243042,2501.33935546875,0.2499999925494193
92,0.0,0.0,0.2499999925494193,2501.318359375,1.318375825881958,2501.318359375,0.2499999925494193
93,0.0,0.0,0.2499999925494193,2501.33056640625,1.3305652141571045,2501.33056640625,0.2499999925494193
94,0.0,0.0,0.2499999925494193,2501.312744140625,1.3126304149627686,2501.312744140625,0.2499999925494193
95,0.0,0.0,0.2499999925494193,2501.305419921875,1.3054940700531006,2501.305419921875,0.2499999925494193
96,0.0,0.0,0.2499999925494193,2501.31982421875,1.319891095161438,2501.31982421875,0.2499999925494193
97,0.0,0.0,0.2499999925494193,2501.320556640625,1.3204634189605713,2501.320556640625,0.2499999925494193
98,0.0,0.0,0.2499999925494193,2501.322021484375,1.3220750093460083,2501.322021484375,0.2499999925494193
99,0.0,0.0,0.2499999925494193,2501.305419921875,1.3053770065307617,2501.305419921875,0.2499999925494193
100,0.0,0.0,0.2499999925494193,2501.303955078125,1.3039652109146118,2501.303955078125,0.2499999925494193
101,0.0,0.0,0.2499999925494193,2501.31494140625,1.3148910999298096,2501.31494140625,0.2499999925494193
102,0.0,0.0,0.2499999925494193,2501.312255859375,1.3121691942214966,2501.312255859375,0.2499999925494193
103,0.0,0.0,0.2499999925494193,2501.31005859375,1.3101320266723633,2501.31005859375,0.2499999925494193
104,0.0,0.0,0.2499999925494193,2501.30126953125,1.3013168573379517,2501.30126953125,0.2499999925494193
105,0.0,0.0,0.2499999925494193,2501.288818359375,1.28877854347229,2501.288818359375,0.2499999925494193
106,0.0,0.0,0.2499999925494193,2501.29736328125,1.2974547147750854,2501.29736328125,0.2499999925494193
107,0.0,0.0,0.2499999925494193,2501.297607421875,1.2977197170257568,2501.297607421875,0.2499999925494193
108,0.0,0.0,0.2499999925494193,2501.29931640625,1.2992830276489258,2501.29931640625,0.2499999925494193
109,0.0,0.0,0.2499999925494193,2501.3037109375,1.3037009239196777,2501.3037109375,0.2499999925494193
110,0.0,0.0,0.2499999925494193,2501.3134765625,1.31340754032135,2501.3134765625,0.2499999925494193
111,0.0,0.0,0.2499999925494193,2501.27978515625,1.2797876596450806,2501.27978515625,0.2499999925494193
112,0.0,0.0,0.2499999925494193,2501.283447265625,1.28334379196167,2501.283447265625,0.2499999925494193
113,0.0,0.0,0.2499999925494193,2501.288818359375,1.2887845039367676,2501.288818359375,0.2499999925494193
114,0.0,0.0,0.2499999925494193,2501.296875,1.296972632408142,2501.296875,0.2499999925494193
115,0.0,0.0,0.2499999925494193,2501.286376953125,1.2864511013031006,2501.286376953125,0.2499999925494193
116,0.0,0.0,0.2499999925494193,2501.2880859375,1.2881863117218018,2501.2880859375,0.2499999925494193
117,0.0,0.0,0.2499999925494193,2501.2880859375,1.288203239440918,2501.2880859375,0.2499999925494193
118,0.0,0.0,0.2499999925494193,2501.281005859375,1.2809995412826538,2501.281005859375,0.2499999925494193
119,0.0,0.0,0.2499999925494193,2501.272705078125,1.2726737260818481,2501.272705078125,0.2499999925494193
120,0.0,0.0,0.2499999925494193,2501.28759765625,1.2876473665237427,2501.28759765625,0.2499999925494193
121,0.0,0.0,0.2499999925494193,2501.27197265625,1.271907091140747,2501.27197265625,0.2499999925494193
122,0.0,0.0,0.2499999925494193,2501.2822265625,1.2822623252868652,2501.2822265625,0.2499999925494193
123,0.0,0.0,0.2499999925494193,2501.267333984375,1.2673237323760986,2501.267333984375,0.2499999925494193
124,0.0,0.0,0.2499999925494193,2501.26416015625,1.2641459703445435,2501.26416015625,0.2499999925494193
125,0.0,0.0,0.2499999925494193,2501.268798828125,1.2686783075332642,2501.268798828125,0.2499999925494193
126,0.0,0.0,0.2499999925494193,2501.251953125,1.252066969871521,2501.251953125,0.2499999925494193
127,0.0,0.0,0.2499999925494193,2501.249267578125,1.249281644821167,2501.249267578125,0.2499999925494193
128,0.0,0.0,0.2499999925494193,2501.266845703125,1.2669140100479126,2501.266845703125,0.2499999925494193
129,0.0,0.0,0.2499999925494193,2501.272216796875,1.272203803062439,2501.272216796875,0.2499999925494193
130,0.0,0.0,0.2499999925494193,2501.24755859375,1.2475039958953857,2501.24755859375,0.2499999925494193
131,0.0,0.0,0.2499999925494193,2501.26904296875,1.2690730094909668,2501.26904296875,0.2499999925494193
132,0.0,0.0,0.2499999925494193,2501.251953125,1.251896858215332,2501.251953125,0.2499999925494193
133,0.0,0.0,0.2499999925494193,2501.265869140625,1.2657700777053833,2501.265869140625,0.2499999925494193
134,0.0,0.0,0.2499999925494193,2501.25,1.2498897314071655,2501.25,0.2499999925494193
135,0.0,0.0,0.2499999925494193,2501.255615234375,1.255556583404541,2501.255615234375,0.2499999925494193
136,0.0,0.0,0.2499999925494193,2501.246826171875,1.2469178438186646,2501.246826171875,0.2499999925494193
137,0.0,0.0,0.2499999925494193,2501.230712890625,1.2306543588638306,2501.230712890625,0.2499999925494193
138,0.0,0.0,0.2499999925494193,2501.258056640625,1.2580243349075317,2501.258056640625,0.2499999925494193
139,0.0,0.0,0.2499999925494193,2501.253173828125,1.2530670166015625,2501.253173828125,0.2499999925494193
140,0.0,0.0,0.2499999925494193,2501.245849609375,1.2458500862121582,2501.245849609375,0.2499999925494193
141,0.0,0.0,0.2499999925494193,2501.25048828125,1.2505806684494019,2501.25048828125,0.2499999925494193
142,0.0,0.0,0.2499999925494193,2501.241455078125,1.2414344549179077,2501.241455078125,0.2499999925494193
143,0.0,0.0,0.2499999925494193,2501.241455078125,1.2415452003479004,2501.241455078125,0.2499999925494193
144,0.0,0.0,0.2499999925494193,2501.24951171875,1.2495174407958984,2501.24951171875,0.2499999925494193
145,0.0,0.0,0.2499999925494193,2501.239013671875,1.2389912605285645,2501.239013671875,0.2499999925494193
146,0.0,0.0,0.2499999925494193,2501.22900390625,1.2290831804275513,2501.22900390625,0.2499999925494193
147,0.0,0.0,0.2499999925494193,2501.23486328125,1.2348730564117432,2501.23486328125,0.2499999925494193
148,0.0,0.0,0.2499999925494193,2501.22021484375,1.2201716899871826,2501.22021484375,0.2499999925494193
149,0.0,0.0,0.2499999925494193,2501.232177734375,1.232197642326355,2501.232177734375,0.2499999925494193
150,0.0,0.0,0.2499999925494193,2501.2412109375,1.2411503791809082,2501.2412109375,0.2499999925494193
151,0.0,0.0,0.2499999925494193,2501.234130859375,1.2342015504837036,2501.234130859375,0.2499999925494193
152,0.0,0.0,0.2499999925494193,2501.23388671875,1.233944296836853,2501.23388671875,0.2499999925494193
153,0.0,0.0,0.2499999925494193,2501.20947265625,1.2094130516052246,2501.20947265625,0.2499999925494193
154,0.0,0.0,0.2499999925494193,2501.22509765625,1.2250242233276367,2501.22509765625,0.2499999925494193
155,0.0,0.0,0.2499999925494193,2501.224365234375,1.2244383096694946,2501.224365234375,0.2499999925494193
156,0.0,0.0,0.2499999925494193,2501.229248046875,1.2292060852050781,2501.229248046875,0.2499999925494193
157,0.0,0.0,0.2499999925494193,2501.21923828125,1.2191588878631592,2501.21923828125,0.2499999925494193
158,0.0,0.0,0.2499999925494193,2501.21142578125,1.2113966941833496,2501.21142578125,0.2499999925494193
159,0.0,0.0,0.2499999925494193,2501.2236328125,1.2236930131912231,2501.2236328125,0.2499999925494193
160,0.0,0.0,0.2499999925494193,2501.2216796875,1.2216333150863647,2501.2216796875,0.2499999925494193
161,0.0,0.0,0.2499999925494193,2501.19921875,1.1991604566574097,2501.19921875,0.2499999925494193
162,0.0,0.0,0.2499999925494193,2501.198974609375,1.1990207433700562,2501.198974609375,0.2499999925494193
163,0.0,0.0,0.2499999925494193,2501.197509765625,1.1974762678146362,2501.197509765625,0.2499999925494193
164,0.0,0.0,0.2499999925494193,2501.21142578125,1.2114061117172241,2501.21142578125,0.2499999925494193
165,0.0,0.0,0.2499999925494193,2501.18994140625,1.1898597478866577,2501.18994140625,0.2499999925494193
166,0.0,0.0,0.2499999925494193,2501.20361328125,1.2037298679351807,2501.20361328125,0.2499999925494193
167,0.0,0.0,0.2499999925494193,2501.195556640625,1.1955177783966064,2501.195556640625,0.2499999925494193
168,0.0,0.0,0.2499999925494193,2501.2021484375,1.2020304203033447,2501.2021484375,0.2499999925494193
169,0.0,0.0,0.2499999925494193,2501.199951171875,1.1999164819717407,2501.199951171875,0.2499999925494193
170,0.0,0.0,0.2499999925494193,2501.208984375,1.209106206893921,2501.208984375,0.2499999925494193
171,0.0,0.0,0.2499999925494193,2501.18359375,1.1836957931518555,2501.18359375,0.2499999925494193
172,0.0,0.0,0.2499999925494193,2501.17578125,1.1757842302322388,2501.17578125,0.2499999925494193
173,0.0,0.0,0.2499999925494193,2501.195556640625,1.195518136024475,2501.195556640625,0.2499999925494193
174,0.0,0.0,0.2499999925494193,2501.181884765625,1.1819984912872314,2501.181884765625,0.2499999925494193
175,0.0,0.0,0.2499999925494193,2501.17578125,1.1757906675338745,2501.17578125,0.2499999925494193
176,0.0,0.0,0.2499999925494193,2501.1865234375,1.1864819526672363,2501.1865234375,0.2499999925494193
177,0.0,0.0,0.2499999925494193,2501.181396484375,1.181358814239502,2501.181396484375,0.2499999925494193
178,0.0,0.0,0.2499999925494193,2501.185546875,1.1855626106262207,2501.185546875,0.2499999925494193
179,0.0,0.0,0.2499999925494193,2501.185791015625,1.185675859451294,2501.185791015625,0.2499999925494193
180,0.0,0.0,0.2499999925494193,2501.17138671875,1.1712669134140015,2501.17138671875,0.2499999925494193
181,0.0,0.0,0.2499999925494193,2501.18896484375,1.1890244483947754,2501.18896484375,0.2499999925494193
182,0.0,0.0,0.2499999925494193,2501.174560546875,1.1744866371154785,2501.174560546875,0.2499999925494193
183,0.0,0.0,0.2499999925494193,2501.182861328125,1.1828513145446777,2501.182861328125,0.2499999925494193
184,0.0,0.0,0.2499999925494193,2501.19384765625,1.1938986778259277,2501.19384765625,0.2499999925494193
185,0.0,0.0,0.2499999925494193,2501.19140625,1.1914085149765015,2501.19140625,0.2499999925494193
186,0.0,0.0,0.2499999925494193,2501.182861328125,1.1828142404556274,2501.182861328125,0.2499999925494193
187,0.0,0.0,0.2499999925494193,2501.169677734375,1.1697825193405151,2501.169677734375,0.2499999925494193
188,0.0,0.0,0.2499999925494193,2501.181640625,1.181715488433838,2501.181640625,0.2499999925494193
189,0.0,0.0,0.2499999925494193,2501.169677734375,1.1695953607559204,2501.169677734375,0.2499999925494193
190,0.0,0.0,0.2499999925494193,2501.14208984375,1.1421254873275757,2501.14208984375,0.2499999925494193
191,0.0,0.0,0.2499999925494193,2501.16650390625,1.1665998697280884,2501.16650390625,0.2499999925494193
192,0.0,0.0,0.2499999925494193,2501.166259765625,1.1661752462387085,2501.166259765625,0.2499999925494193
193,0.0,0.0,0.2499999925494193,2501.15478515625,1.1547205448150635,2501.15478515625,0.2499999925494193
194,0.0,0.0,0.2499999925494193,2501.154541015625,1.1544229984283447,2501.154541015625,0.2499999925494193
195,0.0,0.0,0.2499999925494193,2501.1416015625,1.141554355621338,2501.1416015625,0.2499999925494193
196,0.0,0.0,0.2499999925494193,2501.146728515625,1.1466641426086426,2501.146728515625,0.2499999925494193
197,0.0,0.0,0.2499999925494193,2501.13720703125,1.137102484703064,2501.13720703125,0.2499999925494193
198,0.0,0.0,0.2499999925494193,2501.15234375,1.1523853540420532,2501.15234375,0.2499999925494193
199,0.0,0.0,0.2499999925494193,2501.15625,1.1563160419464111,2501.15625,0.2499999925494193
200,0.0,0.0,0.2499999925494193,2501.158203125,1.1581131219863892,2501.158203125,0.2499999925494193
201,0.0,0.0,0.2499999925494193,2501.159423828125,1.1593377590179443,2501.159423828125,0.2499999925494193
202,0.0,0.0,0.2499999925494193,2501.14697265625,1.1469292640686035,2501.14697265625,0.2499999925494193
203,0.0,0.0,0.2499999925494193,2501.15234375,1.1523901224136353,2501.15234375,0.2499999925494193
204,0.0,0.0,0.2499999925494193,2501.151123046875,1.1511895656585693,2501.151123046875,0.2499999925494193
205,0.0,0.0,0.2499999925494193,2501.1259765625,1.12587308883667,2501.1259765625,0.2499999925494193
206,0.0,0.0,0.2499999925494193,2501.170166015625,1.1702260971069336,2501.170166015625,0.2499999925494193
207,0.0,0.0,0.2499999925494193,2501.139404296875,1.1394565105438232,2501.139404296875,0.2499999925494193
208,0.0,0.0,0.2499999925494193,2501.151123046875,1.1511454582214355,2501.151123046875,0.2499999925494193
209,0.0,0.0,0.2499999925494193,2501.1796875,1.1795876026153564,2501.1796875,0.2499999925494193
210,0.0,0.0,0.2499999925494193,2501.151611328125,1.1515436172485352,2501.151611328125,0.2499999925494193
211,0.0,0.0,0.2499999925494193,2501.14697265625,1.1470637321472168,2501.14697265625,0.2499999925494193
212,0.0,0.0,0.2499999925494193,2501.134033203125,1.1339653730392456,2501.134033203125,0.2499999925494193
213,0.0,0.0,0.2499999925494193,2501.14208984375,1.1421432495117188,2501.14208984375,0.2499999925494193
214,0.0,0.0,0.2499999925494193,2501.15673828125,1.156794786453247,2501.15673828125,0.2499999925494193
215,0.0,0.0,0.2499999925494193,2501.154296875,1.1541781425476074,2501.154296875,0.2499999925494193
216,0.0,0.0,0.2499999925494193,2501.152099609375,1.1520228385925293,2501.152099609375,0.2499999925494193
217,0.0,0.0,0.2499999925494193,2501.11083984375,1.1107910871505737,2501.11083984375,0.2499999925494193
218,0.0,0.0,0.2499999925494193,2501.132080078125,1.1319758892059326,2501.132080078125,0.2499999925494193
219,0.0,0.0,0.2499999925494193,2501.134765625,1.1347461938858032,2501.134765625,0.2499999925494193
220,0.0,0.0,0.2499999925494193,2501.147216796875,1.1471277475357056,2501.147216796875,0.2499999925494193
221,0.0,0.0,0.2499999925494193,2501.1181640625,1.1181336641311646,2501.1181640625,0.2499999925494193
222,0.0,0.0,0.2499999925494193,2501.11962890625,1.1196763515472412,2501.11962890625,0.2499999925494193
223,0.0,0.0,0.2499999925494193,2501.135498046875,1.1355799436569214,2501.135498046875,0.2499999925494193
224,0.0,0.0,0.2499999925494193,2501.122314453125,1.122233510017395,2501.122314453125,0.2499999925494193
225,0.0,0.0,0.2499999925494193,2501.12451171875,1.1244256496429443,2501.12451171875,0.2499999925494193
226,0.0,0.0,0.2499999925494193,2501.11328125,1.1133184432983398,2501.11328125,0.2499999925494193
227,0.0,0.0,0.2499999925494193,2501.12158203125,1.121564507484436,2501.12158203125,0.2499999925494193
228,0.0,0.0,0.2499999925494193,2501.140380859375,1.1404385566711426,2501.140380859375,0.2499999925494193
229,0.0,0.0,0.2499999925494193,2501.132080078125,1.1319692134857178,2501.132080078125,0.2499999925494193
230,0.0,0.0,0.2499999925494193,2501.123291015625,1.1233713626861572,2501.123291015625,0.2499999925494193
231,0.0,0.0,0.2499999925494193,2501.12744140625,1.1273281574249268,2501.12744140625,0.2499999925494193
232,0.0,0.0,0.2499999925494193,2501.110107421875,1.1101815700531006,2501.110107421875,0.2499999925494193
233,0.0,0.0,0.2499999925494193,2501.11181640625,1.1117794513702393,2501.11181640625,0.2499999925494193
234,0.0,0.0,0.2499999925494193,2501.120361328125,1.1202795505523682,2501.120361328125,0.2499999925494193
235,0.0,0.0,0.2499999925494193,2501.109130859375,1.109071135520935,2501.109130859375,0.2499999925494193
236,0.0,0.0,0.2499999925494193,2501.087646484375,1.0876048803329468,2501.087646484375,0.2499999925494193
237,0.0,0.0,0.2499999925494193,2501.117431640625,1.1173555850982666,2501.117431640625,0.2499999925494193
238,0.0,0.0,0.2499999925494193,2501.108642578125,1.1086535453796387,2501.108642578125,0.2499999925494193
239,0.0,0.0,0.2499999925494193,2501.115478515625,1.1155190467834473,2501.115478515625,0.2499999925494193
240,0.0,0.0,0.2499999925494193,2501.078125,1.0782103538513184,2501.078125,0.2499999925494193
241,0.0,0.0,0.2499999925494193,2501.083740234375,1.0837244987487793,2501.083740234375,0.2499999925494193
242,0.0,0.0,0.2499999925494193,2501.0810546875,1.0809457302093506,2501.0810546875,0.2499999925494193
243,0.0,0.0,0.2499999925494193,2501.086181640625,1.0861395597457886,2501.086181640625,0.2499999925494193
244,0.0,0.0,0.2499999925494193,2501.08642578125,1.0863946676254272,2501.08642578125,0.2499999925494193
245,0.0,0.0,0.2499999925494193,2501.093505859375,1.0935149192810059,2501.093505859375,0.2499999925494193
246,0.0,0.0,0.2499999925494193,2501.0859375,1.0859529972076416,2501.0859375,0.2499999925494193
247,0.0,0.0,0.2499999925494193,2501.10009765625,1.1000920534133911,2501.10009765625,0.2499999925494193
248,0.0,0.0,0.2499999925494193,2501.094482421875,1.094477891921997,2501.094482421875,0.2499999925494193
249,0.0,0.0,0.2499999925494193,2501.108154296875,1.1082383394241333,2501.108154296875,0.2499999925494193
250,0.0,0.0,0.2499999925494193,2501.09521484375,1.0951443910598755,2501.09521484375,0.2499999925494193
251,0.0,0.0,0.2499999925494193,2501.082763671875,1.0826492309570312,2501.082763671875,0.2499999925494193
252,0.0,0.0,0.2499999925494193,2501.074951171875,1.0749475955963135,2501.074951171875,0.2499999925494193
253,0.0,0.0,0.2499999925494193,2501.083984375,1.083863377571106,2501.083984375,0.2499999925494193
254,0.0,0.0,0.2499999925494193,2501.067138671875,1.0672085285186768,2501.067138671875,0.2499999925494193
255,0.0,0.0,0.2499999925494193,2501.039794921875,1.0399105548858643,2501.039794921875,0.2499999925494193
256,0.0,0.0,0.2499999925494193,2501.09228515625,1.092303991317749,2501.09228515625,0.2499999925494193
257,0.0,0.0,0.2499999925494193,2501.084716796875,1.0847325325012207,2501.084716796875,0.2499999925494193
258,0.0,0.0,0.2499999925494193,2501.075439453125,1.0754212141036987,2501.075439453125,0.2499999925494193
259,0.0,0.0,0.2499999925494193,2501.08447265625,1.0845825672149658,2501.08447265625,0.2499999925494193
260,0.0,0.0,0.2499999925494193,2501.105224609375,1.1052517890930176,2501.105224609375,0.2499999925494193
261,0.0,0.0,0.2499999925494193,2501.061279296875,1.0613901615142822,2501.061279296875,0.2499999925494193
262,0.0,0.0,0.2499999925494193,2501.084716796875,1.0847256183624268,2501.084716796875,0.2499999925494193
263,0.0,0.0,0.2499999925494193,2501.087646484375,1.0877306461334229,2501.087646484375,0.2499999925494193
264,0.0,0.0,0.2499999925494193,2501.126220703125,1.126184105873108,2501.126220703125,0.2499999925494193
265,0.0,0.0,0.2499999925494193,2501.0869140625,1.0869171619415283,2501.0869140625,0.2499999925494193
266,0.0,0.0,0.20412413914855784,2501.068359375,1.068298101425171,2501.068359375,0.20412413914855784
267,0.0,0.0,0.2499999925494193,2501.0498046875,1.049752116203308,2501.0498046875,0.2499999925494193
268,0.0,0.0,0.2499999925494193,2501.03857421875,1.0384784936904907,2501.03857421875,0.2499999925494193
269,0.0,0.0,0.2499999925494193,2501.0908203125,1.0908749103546143,2501.0908203125,0.2499999925494193
270,0.0,0.0,0.2499999925494193,2501.06982421875,1.0698823928833008,2501.06982421875,0.2499999925494193
271,0.0,0.0,0.2499999925494193,2501.0693359375,1.0692487955093384,2501.0693359375,0.2499999925494193
272,0.0,0.0,0.2499999925494193,2501.064697265625,1.0647335052490234,2501.064697265625,0.2499999925494193
273,0.0,0.0,0.2499999925494193,2501.026611328125,1.0266398191452026,2501.026611328125,0.2499999925494193
274,0.0,0.0,0.2499999925494193,2501.072265625,1.0722664594650269,2501.072265625,0.2499999925494193
275,0.0,0.0,0.2499999925494193,2501.051025390625,1.0509434938430786,2501.051025390625,0.2499999925494193
276,0.0,0.0,0.2499999925494193,2501.066162109375,1.0662587881088257,2501.066162109375,0.2499999925494193
277,0.0,0.0,0.2499999925494193,2501.068115234375,1.0680651664733887,2501.068115234375,0.2499999925494193
278,0.0,0.0,0.2499999925494193,2501.058837890625,1.0588862895965576,2501.058837890625,0.2499999925494193
279,0.0,0.0,0.2499999925494193,2501.049560546875,1.0496803522109985,2501.049560546875,0.2499999925494193
280,0.0,0.0,0.2499999925494193,2501.017822265625,1.0177727937698364,2501.017822265625,0.2499999925494193
281,0.0,0.0,0.2499999925494193,2501.055908203125,1.0558274984359741,2501.055908203125,0.2499999925494193
282,0.0,0.0,0.2499999925494193,2501.037353515625,1.0373637676239014,2501.037353515625,0.2499999925494193
283,0.0,0.0,0.2499999925494193,2501.0458984375,1.0459495782852173,2501.0458984375,0.2499999925494193
284,0.0,0.0,0.2499999925494193,2501.06591796875,1.0658042430877686,2501.06591796875,0.2499999925494193
285,0.0,0.0,0.2499999925494193,2501.02978515625,1.0296963453292847,2501.02978515625,0.2499999925494193
286,0.0,0.0,0.2499999925494193,2501.04638671875,1.0464894771575928,2501.04638671875,0.2499999925494193
287,0.0,0.0,0.2499999925494193,2501.020751953125,1.0207172632217407,2501.020751953125,0.2499999925494193
288,0.0,0.0,0.2499999925494193,2501.0166015625,1.0165901184082031,2501.0166015625,0.2499999925494193
289,0.0,0.0,0.2499999925494193,2501.02392578125,1.0238521099090576,2501.02392578125,0.2499999925494193
290,0.0,0.0,0.2499999925494193,2501.029296875,1.0291882753372192,2501.029296875,0.2499999925494193
291,0.0,0.0,0.2499999925494193,2501.030517578125,1.0303984880447388,2501.030517578125,0.2499999925494193
292,0.0,0.0,0.2499999925494193,2501.02587890625,1.0258334875106812,2501.02587890625,0.2499999925494193
293,0.0,0.0,0.2499999925494193,2501.0263671875,1.0262870788574219,2501.0263671875,0.2499999925494193
294,0.0,0.0,0.2499999925494193,2500.9931640625,0.9931620359420776,2500.9931640625,0.2499999925494193
295,0.0,0.0,0.2499999925494193,2501.026123046875,1.02616286277771,2501.026123046875,0.2499999925494193
296,0.0,0.0,0.2499999925494193,2501.041015625,1.041063904762268,2501.041015625,0.2499999925494193
297,0.0,0.0,0.2499999925494193,2501.013427734375,1.0135263204574585,2501.013427734375,0.2499999925494193
298,0.0,0.0,0.2499999925494193,2501.019775390625,1.0197076797485352,2501.019775390625,0.2499999925494193
299,0.0,0.0,0.2499999925494193,2500.9873046875,0.9874058961868286,2500.9873046875,0.2499999925494193
300,0.0,0.0,0.2499999925494193,2500.9921875,0.992178201675415,2500.9921875,0.2499999925494193
301,0.0,0.0,0.2499999925494193,2501.005859375,1.0059115886688232,2501.005859375,0.2499999925494193
302,0.0,0.0,0.2499999925494193,2501.0166015625,1.0165646076202393,2501.0166015625,0.2499999925494193
303,0.0,0.0,0.2499999925494193,2501.037841796875,1.0379328727722168,2501.037841796875,0.2499999925494193
304,0.0,0.0,0.2499999925494193,2501.025634765625,1.0256001949310303,2501.025634765625,0.2499999925494193
305,0.0,0.0,0.2499999925494193,2501.052001953125,1.0518991947174072,2501.052001953125,0.2499999925494193
306,0.0,0.0,0.2499999925494193,2501.00048828125,1.000502347946167,2501.00048828125,0.2499999925494193
307,0.0,0.0,0.2499999925494193,2501.007080078125,1.007136344909668,2501.007080078125,0.2499999925494193
308,0.0,0.0,0.2499999925494193,2501.007080078125,1.0071430206298828,2501.007080078125,0.2499999925494193
309,0.0,0.0,0.2499999925494193,2501.003662109375,1.0035433769226074,2501.003662109375,0.2499999925494193
310,0.0,0.0,0.2499999925494193,2500.9716796875,0.9715678691864014,2500.9716796875,0.2499999925494193
311,0.0,0.0,0.2499999925494193,2500.991943359375,0.991885244846344,2500.991943359375,0.2499999925494193
312,0.0,0.0,0.2499999925494193,2501.0185546875,1.0184417963027954,2501.0185546875,0.2499999925494193
313,0.0,0.0,0.2499999925494193,2501.03271484375,1.0326273441314697,2501.03271484375,0.2499999925494193
314,0.0,0.0,0.2499999925494193,2501.00439453125,1.0044492483139038,2501.00439453125,0.2499999925494193
315,0.0,0.0,0.2499999925494193,2501.009521484375,1.009473443031311,2501.009521484375,0.2499999925494193
316,0.0,0.0,0.2499999925494193,2500.9912109375,0.9911210536956787,2500.9912109375,0.2499999925494193
317,0.0,0.0,0.2499999925494193,2500.98193359375,0.9819056391716003,2500.98193359375,0.2499999925494193
318,0.0,0.0,0.2499999925494193,2501.037109375,1.0370838642120361,2501.037109375,0.2499999925494193
319,0.0,0.0,0.2499999925494193,2500.94580078125,0.9458494186401367,2500.94580078125,0.2499999925494193
320,0.0,0.0,0.2499999925494193,2500.986083984375,0.9859678745269775,2500.986083984375,0.2499999925494193
321,0.0,0.0,0.2499999925494193,2501.01611328125,1.016082763671875,2501.01611328125,0.2499999925494193
322,0.0,0.0,0.2499999925494193,2501.001953125,1.0019664764404297,2501.001953125,0.2499999925494193
323,0.0,0.0,0.2499999925494193,2500.96533203125,0.9654368758201599,2500.96533203125,0.2499999925494193
324,0.0,0.0,0.2499999925494193,2501.023193359375,1.0232946872711182,2501.023193359375,0.2499999925494193
325,0.0,0.0,0.2499999925494193,2500.977294921875,0.9772090315818787,2500.977294921875,0.2499999925494193
326,0.0,0.0,0.2499999925494193,2500.973876953125,0.973766028881073,2500.973876953125,0.2499999925494193
327,0.0,0.0,0.2499999925494193,2500.98291015625,0.9828569889068604,2500.98291015625,0.2499999925494193
328,0.0,0.0,0.2499999925494193,2500.998291015625,0.9982746839523315,2500.998291015625,0.2499999925494193
329,0.0,0.0,0.2499999925494193,2500.998779296875,0.9987263083457947,2500.998779296875,0.2499999925494193
330,0.0,0.0,0.2499999925494193,2501.03857421875,1.0385749340057373,2501.03857421875,0.2499999925494193
331,0.0,0.0,0.2499999925494193,2501.017333984375,1.0173351764678955,2501.017333984375,0.2499999925494193
332,0.0,0.0,0.2499999925494193,2500.97216796875,0.9722833633422852,2500.97216796875,0.2499999925494193
333,0.0,0.0,0.2499999925494193,2500.989501953125,0.9894100427627563,2500.989501953125,0.2499999925494193
334,0.0,0.0,0.2499999925494193,2500.96826171875,0.9682711362838745,2500.96826171875,0.2499999925494193
335,0.0,0.0,0.2499999925494193,2500.988525390625,0.9885143637657166,2500.988525390625,0.2499999925494193
336,0.0,0.0,0.2499999925494193,2501.01708984375,1.0171350240707397,2501.01708984375,0.2499999925494193
337,0.0,0.0,0.2499999925494193,2500.9990234375,0.9990445375442505,2500.9990234375,0.2499999925494193
338,0.0,0.0,0.2499999925494193,2500.97509765625,0.9750332236289978,2500.97509765625,0.2499999925494193
339,0.0,0.0,0.2499999925494193,2500.963134765625,0.9631229043006897,2500.963134765625,0.2499999925494193
340,0.0,0.0,0.2499999925494193,2500.98046875,0.9805748462677002,2500.98046875,0.2499999925494193
341,0.0,0.0,0.2499999925494193,2501.005859375,1.0059731006622314,2501.005859375,0.2499999925494193
342,0.0,0.0,0.2499999925494193,2500.96728515625,0.9672995805740356,2500.96728515625,0.2499999925494193
343,0.0,0.0,0.2499999925494193,2500.93310546875,0.9331510066986084,2500.93310546875,0.2499999925494193
344,0.0,0.0,0.2499999925494193,2500.9814453125,0.9813855886459351,2500.9814453125,0.2499999925494193
345,0.0,0.0,0.2499999925494193,2500.952392578125,0.9523869752883911,2500.952392578125,0.2499999925494193
346,0.0,0.0,0.2499999925494193,2500.94091796875,0.9408872127532959,2500.94091796875,0.2499999925494193
347,0.0,0.0,0.2499999925494193,2500.9365234375,0.9365926384925842,2500.9365234375,0.2499999925494193
348,0.0,0.0,0.2499999925494193,2500.99267578125,0.9926812648773193,2500.99267578125,0.2499999925494193
349,0.0,0.0,0.2499999925494193,2500.978759765625,0.9787930250167847,2500.978759765625,0.2499999925494193
350,0.0,0.0,0.2499999925494193,2501.00634765625,1.0063039064407349,2501.00634765625,0.2499999925494193
351,0.0,0.0,0.2499999925494193,2500.9638671875,0.9637928605079651,2500.9638671875,0.2499999925494193
352,0.0,0.0,0.2499999925494193,2500.93603515625,0.9360682964324951,2500.93603515625,0.2499999925494193
353,0.0,0.0,0.2499999925494193,2500.918701171875,0.918656051158905,2500.918701171875,0.2499999925494193
354,0.0,0.0,0.2499999925494193,2500.902587890625,0.902572751045227,2500.902587890625,0.2499999925494193
355,0.0,0.0,0.2499999925494193,2500.95166015625,0.9516911506652832,2500.95166015625,0.2499999925494193
356,0.0,0.0,0.2499999925494193,2500.988525390625,0.9884361624717712,2500.988525390625,0.2499999925494193
357,0.0,0.0,0.2499999925494193,2500.95361328125,0.9535951614379883,2500.95361328125,0.2499999925494193
358,0.0,0.0,0.2499999925494193,2500.936279296875,0.9361972808837891,2500.936279296875,0.2499999925494193
359,0.0,0.0,0.2499999925494193,2500.953125,0.9531837701797485,2500.953125,0.2499999925494193
360,0.0,0.0,0.2499999925494193,2500.962890625,0.9628857374191284,2500.962890625,0.2499999925494193
361,0.0,0.0,0.2499999925494193,2500.91064453125,0.9107309579849243,2500.91064453125,0.2499999925494193
362,0.0,0.0,0.2499999925494193,2500.943603515625,0.9436508417129517,2500.943603515625,0.2499999925494193
363,0.0,0.0,0.2499999925494193,2500.927001953125,0.9269076585769653,2500.927001953125,0.2499999925494193
364,0.0,0.0,0.2499999925494193,2500.980224609375,0.9801810383796692,2500.980224609375,0.2499999925494193
365,0.0,0.0,0.2499999925494193,2501.0107421875,1.0107736587524414,2501.0107421875,0.2499999925494193
366,0.0,0.0,0.2499999925494193,2500.962890625,0.9628634452819824,2500.962890625,0.2499999925494193
367,0.0,0.0,0.2499999925494193,2500.940185546875,0.940270185470581,2500.940185546875,0.2499999925494193
368,0.0,0.0,0.2499999925494193,2500.91748046875,0.9175150394439697,2500.91748046875,0.2499999925494193
369,0.0,0.0,0.2499999925494193,2500.948486328125,0.9485483169555664,2500.948486328125,0.2499999925494193
370,0.0,0.0,0.2499999925494193,2500.927978515625,0.9278761148452759,2500.927978515625,0.2499999925494193
371,0.0,0.0,0.2499999925494193,2500.922607421875,0.9227126836776733,2500.922607421875,0.2499999925494193
372,0.0,0.0,0.2499999925494193,2500.93701171875,0.936910092830658,2500.93701171875,0.2499999925494193
373,0.0,0.0,0.2499999925494193,2500.96630859375,0.9662743806838989,2500.96630859375,0.2499999925494193
374,0.0,0.0,0.2499999925494193,2500.912353515625,0.912255048751831,2500.912353515625,0.2499999925494193
375,0.0,0.0,0.2499999925494193,2500.931396484375,0.9313639402389526,2500.931396484375,0.2499999925494193
376,0.0,0.0,0.2499999925494193,2500.9306640625,0.9307260513305664,2500.9306640625,0.2499999925494193
377,0.0,0.0,0.2499999925494193,2500.922119140625,0.9219975471496582,2500.922119140625,0.2499999925494193
378,0.0,0.0,0.2499999925494193,2500.9501953125,0.9501100778579712,2500.9501953125,0.2499999925494193
379,0.0,0.0,0.2499999925494193,2500.93212890625,0.9322164058685303,2500.93212890625,0.2499999925494193
380,0.0,0.0,0.2499999925494193,2500.94091796875,0.9407979249954224,2500.94091796875,0.2499999925494193
381,0.0,0.0,0.2499999925494193,2500.9208984375,0.9209023714065552,2500.9208984375,0.2499999925494193
382,0.0,0.0,0.2499999925494193,2500.9248046875,0.9248157739639282,2500.9248046875,0.2499999925494193
383,0.0,0.0,0.2499999925494193,2500.9375,0.9375999569892883,2500.9375,0.2499999925494193
384,0.0,0.0,0.2499999925494193,2500.981689453125,0.9816887378692627,2500.981689453125,0.2499999925494193
385,0.0,0.0,0.2499999925494193,2500.927490234375,0.9275667667388916,2500.927490234375,0.2499999925494193
386,0.0,0.0,0.2499999925494193,2500.937255859375,0.9372674226760864,2500.937255859375,0.2499999925494193
387,0.0,0.0,0.2499999925494193,2500.88330078125,0.8833633065223694,2500.88330078125,0.2499999925494193
388,0.0,0.0,0.2499999925494193,2500.94140625,0.9413960576057434,2500.94140625,0.2499999925494193
389,0.0,0.0,0.2499999925494193,2500.93701171875,0.9369897842407227,2500.93701171875,0.2499999925494193
390,0.0,0.0,0.2499999925494193,2500.889892578125,0.8899493217468262,2500.889892578125,0.2499999925494193
391,0.0,0.0,0.2499999925494193,2500.910888671875,0.9109890460968018,2500.910888671875,0.2499999925494193
392,0.0,0.0,0.2499999925494193,2500.921142578125,0.921209454536438,2500.921142578125,0.2499999925494193
393,0.0,0.0,0.2499999925494193,2500.908447265625,0.9083607196807861,2500.908447265625,0.2499999925494193
394,0.0,0.0,0.2499999925494193,2500.90478515625,0.9048771858215332,2500.90478515625,0.2499999925494193
395,0.0,0.0,0.2499999925494193,2500.911376953125,0.9114629030227661,2500.911376953125,0.2499999925494193
396,0.0,0.0,0.2499999925494193,2500.88525390625,0.8852093815803528,2500.88525390625,0.2499999925494193
397,0.0,0.0,0.2499999925494193,2500.9013671875,0.9013404846191406,2500.9013671875,0.2499999925494193
398,0.0,0.0,0.2499999925494193,2500.934326171875,0.9342083930969238,2500.934326171875,0.2499999925494193
399,0.0,0.0,0.2499999925494193,2500.93701171875,0.936964750289917,2500.93701171875,0.2499999925494193
400,0.0,0.0,0.2499999925494193,2500.871337890625,0.8713416457176208,2500.871337890625,0.2499999925494193
401,0.0,0.0,0.2499999925494193,2500.855712890625,0.8557225465774536,2500.855712890625,0.2499999925494193
402,0.0,0.0,0.2499999925494193,2500.9365234375,0.9366350173950195,2500.9365234375,0.2499999925494193
403,0.0,0.0,0.2499999925494193,2500.927734375,0.9276224374771118,2500.927734375,0.2499999925494193
404,0.0,0.0,0.2499999925494193,2500.91015625,0.9102563858032227,2500.91015625,0.2499999925494193
405,0.0,0.0,0.2499999925494193,2500.896728515625,0.8967981338500977,2500.896728515625,0.2499999925494193
406,0.0,0.0,0.2499999925494193,2500.884765625,0.8846603631973267,2500.884765625,0.2499999925494193
407,0.0,0.0,0.2499999925494193,2500.902099609375,0.9021812677383423,2500.902099609375,0.2499999925494193
408,0.0,0.0,0.2499999925494193,2500.880126953125,0.8801261782646179,2500.880126953125,0.2499999925494193
409,0.0,0.0,0.2499999925494193,2500.88427734375,0.8842024207115173,2500.88427734375,0.2499999925494193
410,0.0,0.0,0.2499999925494193,2500.878662109375,0.8787574768066406,2500.878662109375,0.2499999925494193
411,0.0,0.0,0.2499999925494193,2500.90087890625,0.9009456634521484,2500.90087890625,0.2499999925494193
412,0.0,0.0,0.2499999925494193,2500.86474609375,0.8646246790885925,2500.86474609375,0.2499999925494193
413,0.0,0.0,0.2499999925494193,2500.9267578125,0.9268617630004883,2500.9267578125,0.2499999925494193
414,0.0,0.0,0.2499999925494193,2500.89697265625,0.8969869613647461,2500.89697265625,0.2499999925494193
415,0.0,0.0,0.2499999925494193,2500.86474609375,0.8646501302719116,2500.86474609375,0.2499999925494193
416,0.0,0.0,0.2499999925494193,2500.856201171875,0.8562217950820923,2500.856201171875,0.2499999925494193
417,0.0,0.0,0.2499999925494193,2500.8603515625,0.8603305816650391,2500.8603515625,0.2499999925494193
418,0.0,0.0,0.2499999925494193,2500.896240234375,0.8963017463684082,2500.896240234375,0.2499999925494193
419,0.0,0.0,0.2499999925494193,2500.88916015625,0.8892370462417603,2500.88916015625,0.2499999925494193
420,0.0,0.0,0.2499999925494193,2500.889404296875,0.8894007205963135,2500.889404296875,0.2499999925494193
421,0.0,0.0,0.2499999925494193,2500.901123046875,0.9011778831481934,2500.901123046875,0.2499999925494193
422,0.0,0.0,0.2499999925494193,2500.861083984375,0.8611697554588318,2500.861083984375,0.2499999925494193
423,0.0,0.0,0.2499999925494193,2500.837890625,0.8378856778144836,2500.837890625,0.2499999925494193
424,0.0,0.0,0.2499999925494193,2500.8916015625,0.8916869163513184,2500.8916015625,0.2499999925494193
425,0.0,0.0,0.2499999925494193,2500.8974609375,0.8974191546440125,2500.8974609375,0.2499999925494193
426,0.0,0.0,0.2499999925494193,2500.896728515625,0.8967393040657043,2500.896728515625,0.2499999925494193
427,0.0,0.0,0.2499999925494193,2500.83349609375,0.8334284424781799,2500.83349609375,0.2499999925494193
428,0.0,0.0,0.2499999925494193,2500.821533203125,0.821450412273407,2500.821533203125,0.2499999925494193
429,0.0,0.0,0.2499999925494193,2500.83447265625,0.8343915939331055,2500.83447265625,0.2499999925494193
430,0.0,0.0,0.2499999925494193,2500.789794921875,0.7898277044296265,2500.789794921875,0.2499999925494193
431,0.0,0.0,0.2499999925494193,2500.865478515625,0.8653695583343506,2500.865478515625,0.2499999925494193
432,0.0,0.0,0.2499999925494193,2500.8720703125,0.8720313310623169,2500.8720703125,0.2499999925494193
433,0.0,0.0,0.2499999925494193,2500.84912109375,0.8491390943527222,2500.84912109375,0.2499999925494193
434,0.0,0.0,0.2499999925494193,2500.854248046875,0.8542014956474304,2500.854248046875,0.2499999925494193
435,0.0,0.0,0.2499999925494193,2500.90771484375,0.907683253288269,2500.90771484375,0.2499999925494193
436,0.0,0.0,0.2499999925494193,2500.8291015625,0.829197108745575,2500.8291015625,0.2499999925494193
437,0.0,0.0,0.2499999925494193,2500.856201171875,0.8561902046203613,2500.856201171875,0.2499999925494193
438,0.0,0.0,0.2499999925494193,2500.873291015625,0.8733832240104675,2500.873291015625,0.2499999925494193
439,0.0,0.0,0.2499999925494193,2500.81982421875,0.819887638092041,2500.81982421875,0.2499999925494193
440,0.0,0.0,0.2499999925494193,2500.85791015625,0.8577916622161865,2500.85791015625,0.2499999925494193
441,0.0,0.0,0.2499999925494193,2500.83203125,0.8320987820625305,2500.83203125,0.2499999925494193
442,0.0,0.0,0.2499999925494193,2500.891357421875,0.8913685083389282,2500.891357421875,0.2499999925494193
443,0.0,0.0,0.2499999925494193,2500.856201171875,0.8561669588088989,2500.856201171875,0.2499999925494193
444,0.0,0.0,0.2499999925494193,2500.8388671875,0.8387899398803711,2500.8388671875,0.2499999925494193
445,0.0,0.0,0.2499999925494193,2500.8515625,0.851568877696991,2500.8515625,0.2499999925494193
446,0.0,0.0,0.2499999925494193,2500.8369140625,0.836828351020813,2500.8369140625,0.2499999925494193
447,0.0,0.0,0.2499999925494193,2500.788818359375,0.7888867259025574,2500.788818359375,0.2499999925494193
448,0.0,0.0,0.2499999925494193,2500.86474609375,0.8647844195365906,2500.86474609375,0.2499999925494193
449,0.0,0.0,0.2499999925494193,2500.835693359375,0.835747241973877,2500.835693359375,0.2499999925494193
450,0.0,0.0,0.2499999925494193,2500.865478515625,0.8653686046600342,2500.865478515625,0.2499999925494193
451,0.0,0.0,0.2499999925494193,2500.884033203125,0.8841074705123901,2500.884033203125,0.2499999925494193
452,0.0,0.0,0.2499999925494193,2500.870849609375,0.8707742691040039,2500.870849609375,0.2499999925494193
453,0.0,0.0,0.2499999925494193,2500.83154296875,0.8316246271133423,2500.83154296875,0.2499999925494193
454,0.0,0.0,0.2499999925494193,2500.8310546875,0.8310618996620178,2500.8310546875,0.2499999925494193
455,0.0,0.0,0.2499999925494193,2500.8427734375,0.842695415019989,2500.8427734375,0.2499999925494193
456,0.0,0.0,0.2499999925494193,2500.870361328125,0.8703827857971191,2500.870361328125,0.2499999925494193
457,0.0,0.0,0.2499999925494193,2500.805908203125,0.8059365153312683,2500.805908203125,0.2499999925494193
458,0.0,0.0,0.2499999925494193,2500.8671875,0.8672932386398315,2500.8671875,0.2499999925494193
459,0.0,0.0,0.2499999925494193,2500.85595703125,0.8560265302658081,2500.85595703125,0.2499999925494193
460,0.0,0.0,0.2499999925494193,2500.84375,0.8438097238540649,2500.84375,0.2499999925494193
461,0.0,0.0,0.2499999925494193,2500.81689453125,0.8168213963508606,2500.81689453125,0.2499999925494193
462,0.0,0.0,0.2499999925494193,2500.85400390625,0.8540748953819275,2500.85400390625,0.2499999925494193
463,0.0,0.0,0.2499999925494193,2500.79833984375,0.7982863187789917,2500.79833984375,0.2499999925494193
464,0.0,0.0,0.2499999925494193,2500.836669921875,0.8367130160331726,2500.836669921875,0.2499999925494193
465,0.0,0.0,0.2499999925494193,2500.87353515625,0.8734782934188843,2500.87353515625,0.2499999925494193
466,0.0,0.0,0.2499999925494193,2500.84716796875,0.8470601439476013,2500.84716796875,0.2499999925494193
467,0.0,0.0,0.2499999925494193,2500.833984375,0.8340852856636047,2500.833984375,0.2499999925494193
468,0.0,0.0,0.2499999925494193,2500.830078125,0.8299688100814819,2500.830078125,0.2499999925494193
469,0.0,0.0,0.2499999925494193,2500.788818359375,0.7888592481613159,2500.788818359375,0.2499999925494193
470,0.0,0.0,0.2499999925494193,2500.86279296875,0.8626918196678162,2500.86279296875,0.2499999925494193
471,0.0,0.0,0.2499999925494193,2500.84716796875,0.8471257090568542,2500.84716796875,0.2499999925494193
472,0.0,0.0,0.2499999925494193,2500.855712890625,0.8557127118110657,2500.855712890625,0.2499999925494193
473,0.0,0.0,0.2499999925494193,2500.874755859375,0.8747863173484802,2500.874755859375,0.2499999925494193
474,0.0,0.0,0.2499999925494193,2500.7880859375,0.7882040739059448,2500.7880859375,0.2499999925494193
475,0.0,0.0,0.2499999925494193,2500.812255859375,0.8122918605804443,2500.812255859375,0.2499999925494193
476,0.0,0.0,0.2499999925494193,2500.80712890625,0.8071206212043762,2500.80712890625,0.2499999925494193
477,0.0,0.0,0.2499999925494193,2500.854736328125,0.8546985983848572,2500.854736328125,0.2499999925494193
478,0.0,0.0,0.2499999925494193,2500.847412109375,0.847495973110199,2500.847412109375,0.2499999925494193
479,0.0,0.0,0.2499999925494193,2500.7958984375,0.7957885265350342,2500.7958984375,0.2499999925494193
480,0.0,0.0,0.2499999925494193,2500.864501953125,0.8644105195999146,2500.864501953125,0.2499999925494193
481,0.0,0.0,0.2499999925494193,2500.84130859375,0.8413998484611511,2500.84130859375,0.2499999925494193
482,0.0,0.0,0.2499999925494193,2500.765869140625,0.7658737897872925,2500.765869140625,0.2499999925494193
483,0.0,0.0,0.2499999925494193,2500.82763671875,0.8275887370109558,2500.82763671875,0.2499999925494193
484,0.0,0.0,0.2499999925494193,2500.763916015625,0.7638170123100281,2500.763916015625,0.2499999925494193
485,0.0,0.0,0.2499999925494193,2500.865234375,0.8651165962219238,2500.865234375,0.2499999925494193
486,0.0,0.0,0.2499999925494193,2500.782958984375,0.7829099297523499,2500.782958984375,0.2499999925494193
487,0.0,0.0,0.2499999925494193,2500.80322265625,0.8031432628631592,2500.80322265625,0.2499999925494193
488,0.0,0.0,0.2499999925494193,2500.775146484375,0.7751020789146423,2500.775146484375,0.2499999925494193
489,0.0,0.0,0.2499999925494193,2500.822021484375,0.8220095634460449,2500.822021484375,0.2499999925494193
490,0.0,0.0,0.2499999925494193,2500.83935546875,0.8394482135772705,2500.83935546875,0.2499999925494193
491,0.0,0.0,0.2499999925494193,2500.77587890625,0.7757614850997925,2500.77587890625,0.2499999925494193
492,0.0,0.0,0.2499999925494193,2500.812255859375,0.812366783618927,2500.812255859375,0.2499999925494193
493,0.0,0.0,0.2499999925494193,2500.817138671875,0.8171530961990356,2500.817138671875,0.2499999925494193
494,0.0,0.0,0.2499999925494193,2500.8271484375,0.8272513747215271,2500.8271484375,0.2499999925494193
495,0.0,0.0,0.2499999925494193,2500.798828125,0.7988353967666626,2500.798828125,0.2499999925494193
496,0.0,0.0,0.2499999925494193,2500.76025390625,0.7603303790092468,2500.76025390625,0.2499999925494193
497,0.0,0.0,0.2499999925494193,2500.8203125,0.8203734755516052,2500.8203125,0.2499999925494193
498,0.0,0.0,0.2499999925494193,2500.80029296875,0.8002758622169495,2500.80029296875,0.2499999925494193
499,0.0,0.0,0.2499999925494193,2500.847412109375,0.8474717736244202,2500.847412109375,0.2499999925494193
500,0.0,0.0,0.2499999925494193,2500.79296875,0.792978823184967,2500.79296875,0.2499999925494193
501,0.0,0.0,0.2499999925494193,2500.760986328125,0.7609061002731323,2500.760986328125,0.2499999925494193
502,0.0,0.0,0.2499999925494193,2500.80859375,0.8086634278297424,2500.80859375,0.2499999925494193
503,0.0,0.0,0.2499999925494193,2500.762451171875,0.7624581456184387,2500.762451171875,0.2499999925494193
504,0.0,0.0,0.2499999925494193,2500.753173828125,0.7531195878982544,2500.753173828125,0.2499999925494193
505,0.0,0.0,0.2499999925494193,2500.795166015625,0.7951433658599854,2500.795166015625,0.2499999925494193
506,0.0,0.0,0.2499999925494193,2500.771728515625,0.7716675400733948,2500.771728515625,0.2499999925494193
507,0.0,0.0,0.2499999925494193,2500.7900390625,0.7899702787399292,2500.7900390625,0.2499999925494193
508,0.0,0.0,0.2499999925494193,2500.7900390625,0.7899183630943298,2500.7900390625,0.2499999925494193
509,0.0,0.0,0.2499999925494193,2500.73095703125,0.7310178279876709,2500.73095703125,0.2499999925494193
510,0.0,0.0,0.2499999925494193,2500.821044921875,0.8209232687950134,2500.821044921875,0.2499999925494193
511,0.0,0.0,0.2499999925494193,2500.77490234375,0.7749640941619873,2500.77490234375,0.2499999925494193
512,0.0,0.0,0.2499999925494193,2500.738037109375,0.7381243705749512,2500.738037109375,0.2499999925494193
513,0.0,0.0,0.2499999925494193,2500.7578125,0.7578170895576477,2500.7578125,0.2499999925494193
514,0.0,0.0,0.2499999925494193,2500.78125,0.7811441421508789,2500.78125,0.2499999925494193
515,0.0,0.0,0.2499999925494193,2500.812744140625,0.8127940893173218,2500.812744140625,0.2499999925494193
516,0.0,0.0,0.2499999925494193,2500.768310546875,0.7683179974555969,2500.768310546875,0.2499999925494193
517,0.0,0.0,0.2499999925494193,2500.773681640625,0.7736563682556152,2500.773681640625,0.2499999925494193
518,0.0,0.0,0.2499999925494193,2500.801025390625,0.8011003732681274,2500.801025390625,0.2499999925494193
519,0.0,0.0,0.2499999925494193,2500.726806640625,0.7267602682113647,2500.726806640625,0.2499999925494193
520,0.0,0.0,0.2499999925494193,2500.76708984375,0.7670035362243652,2500.76708984375,0.2499999925494193
521,0.0,0.0,0.2499999925494193,2500.792724609375,0.7926227450370789,2500.792724609375,0.2499999925494193
522,0.0,0.0,0.2499999925494193,2500.8193359375,0.8194065093994141,2500.8193359375,0.2499999925494193
523,0.0,0.0,0.2499999925494193,2500.815673828125,0.8157094717025757,2500.815673828125,0.2499999925494193
524,0.0,0.0,0.2499999925494193,2500.80908203125,0.80909663438797,2500.80908203125,0.2499999925494193
525,0.0,0.0,0.2499999925494193,2500.76953125,0.7694541811943054,2500.76953125,0.2499999925494193
526,0.0,0.0,0.2499999925494193,2500.760498046875,0.7604173421859741,2500.760498046875,0.2499999925494193
527,0.0,0.0,0.2499999925494193,2500.740234375,0.7403090596199036,2500.740234375,0.2499999925494193
528,0.0,0.0,0.2499999925494193,2500.745361328125,0.7454609870910645,2500.745361328125,0.2499999925494193
529,0.0,0.0,0.2499999925494193,2500.781982421875,0.7819008827209473,2500.781982421875,0.2499999925494193
530,0.0,0.0,0.2499999925494193,2500.70654296875,0.7066187262535095,2500.70654296875,0.2499999925494193
531,0.0,0.0,0.2499999925494193,2500.706787109375,0.7068160772323608,2500.706787109375,0.2499999925494193
532,0.0,0.0,0.2499999925494193,2500.782470703125,0.7824275493621826,2500.782470703125,0.2499999925494193
533,0.0,0.0,0.20412413914855784,2500.755126953125,0.7552433609962463,2500.755126953125,0.20412413914855784
534,0.0,0.0,0.2499999925494193,2500.784912109375,0.7848478555679321,2500.784912109375,0.2499999925494193
535,0.0,0.0,0.2499999925494193,2500.781982421875,0.7819401025772095,2500.781982421875,0.2499999925494193
536,0.0,0.0,0.2499999925494193,2500.811767578125,0.811852753162384,2500.811767578125,0.2499999925494193
537,0.0,0.0,0.2499999925494193,2500.83203125,0.8319151401519775,2500.83203125,0.2499999925494193
538,0.0,0.0,0.2499999925494193,2500.73388671875,0.73383629322052,2500.73388671875,0.2499999925494193
539,0.0,0.0,0.2499999925494193,2500.70556640625,0.7055893540382385,2500.70556640625,0.2499999925494193
540,0.0,0.0,0.2499999925494193,2500.76123046875,0.76125568151474,2500.76123046875,0.2499999925494193
541,0.0,0.0,0.2499999925494193,2500.783447265625,0.7833841443061829,2500.783447265625,0.2499999925494193
542,0.0,0.0,0.2499999925494193,2500.77880859375,0.778708815574646,2500.77880859375,0.2499999925494193
543,0.0,0.0,0.2499999925494193,2500.792236328125,0.7923301458358765,2500.792236328125,0.2499999925494193
544,0.0,0.0,0.2499999925494193,2500.786865234375,0.7867588400840759,2500.786865234375,0.2499999925494193
545,0.0,0.0,0.2499999925494193,2500.783935546875,0.7838557362556458,2500.783935546875,0.2499999925494193
546,0.0,0.0,0.2499999925494193,2500.775634765625,0.7756171822547913,2500.775634765625,0.2499999925494193
547,0.0,0.0,0.2499999925494193,2500.784423828125,0.7844529151916504,2500.784423828125,0.2499999925494193
548,0.0,0.0,0.2499999925494193,2500.72412109375,0.7241173982620239,2500.72412109375,0.2499999925494193
549,0.0,0.0,0.2499999925494193,2500.74560546875,0.7456539273262024,2500.74560546875,0.2499999925494193
550,0.0,0.0,0.2499999925494193,2500.769775390625,0.7696774005889893,2500.769775390625,0.2499999925494193
551,0.0,0.0,0.2499999925494193,2500.7626953125,0.7626818418502808,2500.7626953125,0.2499999925494193
552,0.0,0.0,0.2499999925494193,2500.7158203125,0.7157672047615051,2500.7158203125,0.2499999925494193
553,0.0,0.0,0.2499999925494193,2500.75244140625,0.7523659467697144,2500.75244140625,0.2499999925494193
554,0.0,0.0,0.2499999925494193,2500.7431640625,0.743201494216919,2500.7431640625,0.2499999925494193
555,0.0,0.0,0.2499999925494193,2500.805419921875,0.805343747138977,2500.805419921875,0.2499999925494193
556,0.0,0.0,0.2499999925494193,2500.78173828125,0.7816550731658936,2500.78173828125,0.2499999925494193
557,0.0,0.0,0.2499999925494193,2500.74560546875,0.7456110119819641,2500.74560546875,0.2499999925494193
558,0.0,0.0,0.2499999925494193,2500.763916015625,0.7639380097389221,2500.763916015625,0.2499999925494193
559,0.0,0.0,0.2499999925494193,2500.739013671875,0.738918662071228,2500.739013671875,0.2499999925494193
560,0.0,0.0,0.2499999925494193,2500.6865234375,0.6864056587219238,2500.6865234375,0.2499999925494193
561,0.0,0.0,0.2499999925494193,2500.78564453125,0.7856549024581909,2500.78564453125,0.2499999925494193
562,0.0,0.0,0.2499999925494193,2500.80078125,0.8007932305335999,2500.80078125,0.2499999925494193
563,0.0,0.0,0.2499999925494193,2500.749755859375,0.7497037053108215,2500.749755859375,0.2499999925494193
564,0.0,0.0,0.2499999925494193,2500.71728515625,0.7171860933303833,2500.71728515625,0.2499999925494193
565,0.0,0.0,0.2499999925494193,2500.69580078125,0.6957462430000305,2500.69580078125,0.2499999925494193
566,0.0,0.0,0.2499999925494193,2500.71337890625,0.7134585976600647,2500.71337890625,0.2499999925494193
567,0.0,0.0,0.2499999925494193,2500.767333984375,0.7672181725502014,2500.767333984375,0.2499999925494193
568,0.0,0.0,0.2499999925494193,2500.723876953125,0.7237719297409058,2500.723876953125,0.2499999925494193
569,0.0,0.0,0.2499999925494193,2500.7451171875,0.7450515031814575,2500.7451171875,0.2499999925494193
570,0.0,0.0,0.2499999925494193,2500.701416015625,0.7014052867889404,2500.701416015625,0.2499999925494193
571,0.0,0.0,0.2499999925494193,2500.785888671875,0.7858194708824158,2500.785888671875,0.2499999925494193
572,0.0,0.0,0.2499999925494193,2500.687255859375,0.6871790289878845,2500.687255859375,0.2499999925494193
573,0.0,0.0,0.2499999925494193,2500.7216796875,0.7216449975967407,2500.7216796875,0.2499999925494193
574,0.0,0.0,0.2499999925494193,2500.743408203125,0.7434353828430176,2500.743408203125,0.2499999925494193
575,0.0,0.0,0.2499999925494193,2500.721923828125,0.7218425869941711,2500.721923828125,0.2499999925494193
576,0.0,0.0,0.2499999925494193,2500.66943359375,0.6693382859230042,2500.66943359375,0.2499999925494193
577,0.0,0.0,0.2499999925494193,2500.74560546875,0.7455949783325195,2500.74560546875,0.2499999925494193
578,0.0,0.0,0.2499999925494193,2500.760986328125,0.7610834836959839,2500.760986328125,0.2499999925494193
579,0.0,0.0,0.2499999925494193,2500.682861328125,0.682874858379364,2500.682861328125,0.2499999925494193
580,0.0,0.0,0.2499999925494193,2500.75146484375,0.751530110836029,2500.75146484375,0.2499999925494193
581,0.0,0.0,0.2499999925494193,2500.710205078125,0.7100933790206909,2500.710205078125,0.2499999925494193
582,0.0,0.0,0.2499999925494193,2500.7255859375,0.7256374359130859,2500.7255859375,0.2499999925494193
583,0.0,0.0,0.2499999925494193,2500.686767578125,0.6867137551307678,2500.686767578125,0.2499999925494193
584,0.0,0.0,0.2499999925494193,2500.730224609375,0.7303205728530884,2500.730224609375,0.2499999925494193
585,0.0,0.0,0.2499999925494193,2500.686767578125,0.686824381351471,2500.686767578125,0.2499999925494193
586,0.0,0.0,0.2499999925494193,2500.706787109375,0.7067121863365173,2500.706787109375,0.2499999925494193
587,0.0,0.0,0.2499999925494193,2500.799072265625,0.799151599407196,2500.799072265625,0.2499999925494193
588,0.0,0.0,0.2499999925494193,2500.7080078125,0.7079644203186035,2500.7080078125,0.2499999925494193
589,0.0,0.0,0.2499999925494193,2500.74853515625,0.7484171390533447,2500.74853515625,0.2499999925494193
590,0.0,0.0,0.2499999925494193,2500.743896484375,0.743998646736145,2500.743896484375,0.2499999925494193
591,0.0,0.0,0.2499999925494193,2500.677001953125,0.6769989728927612,2500.677001953125,0.2499999925494193
592,0.0,0.0,0.2499999925494193,2500.666015625,0.6660452485084534,2500.666015625,0.2499999925494193
593,0.0,0.0,0.2499999925494193,2500.72802734375,0.7280644178390503,2500.72802734375,0.2499999925494193
594,0.0,0.0,0.2499999925494193,2500.763671875,0.7636362314224243,2500.763671875,0.2499999925494193
595,0.0,0.0,0.2499999925494193,2500.65234375,0.6524455547332764,2500.65234375,0.2499999925494193
596,0.0,0.0,0.2499999925494193,2500.709228515625,0.7091845273971558,2500.709228515625,0.2499999925494193
597,0.0,0.0,0.2499999925494193,2500.72216796875,0.7221230864524841,2500.72216796875,0.2499999925494193
598,0.0,0.0,0.2499999925494193,2500.72802734375,0.7280581593513489,2500.72802734375,0.2499999925494193
599,0.0,0.0,0.2499999925494193,2500.74462890625,0.7446534633636475,2500.74462890625,0.2499999925494193
600,0.0,0.0,0.2499999925494193,2500.719482421875,0.7194750905036926,2500.719482421875,0.2499999925494193
601,0.0,0.0,0.2499999925494193,2500.709228515625,0.7093147039413452,2500.709228515625,0.2499999925494193
602,0.0,0.0,0.2499999925494193,2500.700439453125,0.7005022168159485,2500.700439453125,0.2499999925494193
603,0.0,0.0,0.2499999925494193,2500.74267578125,0.7426020503044128,2500.74267578125,0.2499999925494193
604,0.0,0.0,0.2499999925494193,2500.676025390625,0.6760650873184204,2500.676025390625,0.2499999925494193
605,0.0,0.0,0.2499999925494193,2500.70654296875,0.7065000534057617,2500.70654296875,0.2499999925494193
606,0.0,0.0,0.2499999925494193,2500.697509765625,0.6974942684173584,2500.697509765625,0.2499999925494193
607,0.0,0.0,0.2499999925494193,2500.703857421875,0.703858494758606,2500.703857421875,0.2499999925494193
608,0.0,0.0,0.2499999925494193,2500.7119140625,0.7118924260139465,2500.7119140625,0.2499999925494193
609,0.0,0.0,0.2499999925494193,2500.73046875,0.730362594127655,2500.73046875,0.2499999925494193
610,0.0,0.0,0.2499999925494193,2500.75146484375,0.7515736222267151,2500.75146484375,0.2499999925494193
611,0.0,0.0,0.2499999925494193,2500.6767578125,0.6768724322319031,2500.6767578125,0.2499999925494193
612,0.0,0.0,0.2499999925494193,2500.66357421875,0.6636248230934143,2500.66357421875,0.2499999925494193
613,0.0,0.0,0.2499999925494193,2500.698486328125,0.6985430717468262,2500.698486328125,0.2499999925494193
614,0.0,0.0,0.2499999925494193,2500.714111328125,0.714023232460022,2500.714111328125,0.2499999925494193
615,0.0,0.0,0.2499999925494193,2500.662353515625,0.6623668074607849,2500.662353515625,0.2499999925494193
616,0.0,0.0,0.2499999925494193,2500.69677734375,0.6966689229011536,2500.69677734375,0.2499999925494193
617,0.0,0.0,0.2499999925494193,2500.72705078125,0.7269547581672668,2500.72705078125,0.2499999925494193
618,0.0,0.0,0.2499999925494193,2500.68994140625,0.6899514198303223,2500.68994140625,0.2499999925494193
619,0.0,0.0,0.2499999925494193,2500.737548828125,0.7375814318656921,2500.737548828125,0.2499999925494193
620,0.0,0.0,0.2499999925494193,2500.64111328125,0.6411270499229431,2500.64111328125,0.2499999925494193
621,0.0,0.0,0.2499999925494193,2500.6826171875,0.6825591921806335,2500.6826171875,0.2499999925494193
622,0.0,0.0,0.2499999925494193,2500.689697265625,0.6897295713424683,2500.689697265625,0.2499999925494193
623,0.0,0.0,0.2499999925494193,2500.690185546875,0.6902642846107483,2500.690185546875,0.2499999925494193
624,0.0,0.0,0.2499999925494193,2500.645751953125,0.6457245945930481,2500.645751953125,0.2499999925494193
625,0.0,0.0,0.2499999925494193,2500.6591796875,0.6590949892997742,2500.6591796875,0.2499999925494193
626,0.0,0.0,0.2499999925494193,2500.66455078125,0.6645042896270752,2500.66455078125,0.2499999925494193
627,0.0,0.0,0.2499999925494193,2500.724853515625,0.7249336838722229,2500.724853515625,0.2499999925494193
628,0.0,0.0,0.2499999925494193,2500.69091796875,0.6908460259437561,2500.69091796875,0.2499999925494193
629,0.0,0.0,0.2499999925494193,2500.671630859375,0.6716580390930176,2500.671630859375,0.2499999925494193
630,0.0,0.0,0.2499999925494193,2500.697998046875,0.6979590654373169,2500.697998046875,0.2499999925494193
631,0.0,0.0,0.2499999925494193,2500.72705078125,0.7271569967269897,2500.72705078125,0.2499999925494193
632,0.0,0.0,0.2499999925494193,2500.686767578125,0.6868608593940735,2500.686767578125,0.2499999925494193
633,0.0,0.0,0.2499999925494193,2500.681884765625,0.6818626523017883,2500.681884765625,0.2499999925494193
634,0.0,0.0,0.2499999925494193,2500.697021484375,0.6970247626304626,2500.697021484375,0.2499999925494193
635,0.0,0.0,0.2499999925494193,2500.721435546875,0.7214234471321106,2500.721435546875,0.2499999925494193
636,0.0,0.0,0.2499999925494193,2500.708984375,0.7088742852210999,2500.708984375,0.2499999925494193
637,0.0,0.0,0.2499999925494193,2500.656494140625,0.6563806533813477,2500.656494140625,0.2499999925494193
638,0.0,0.0,0.2499999925494193,2500.659423828125,0.659303605556488,2500.659423828125,0.2499999925494193
639,0.0,0.0,0.2499999925494193,2500.696044921875,0.696097731590271,2500.696044921875,0.2499999925494193
640,0.0,0.0,0.2499999925494193,2500.681396484375,0.6813845634460449,2500.681396484375,0.2499999925494193
641,0.0,0.0,0.2499999925494193,2500.663818359375,0.6637254357337952,2500.663818359375,0.2499999925494193
642,0.0,0.0,0.2499999925494193,2500.664794921875,0.6647062301635742,2500.664794921875,0.2499999925494193
643,0.0,0.0,0.2499999925494193,2500.6357421875,0.6357611417770386,2500.6357421875,0.2499999925494193
644,0.0,0.0,0.2499999925494193,2500.635009765625,0.6349160671234131,2500.635009765625,0.2499999925494193
645,0.0,0.0,0.2499999925494193,2500.675537109375,0.6754246950149536,2500.675537109375,0.2499999925494193
646,0.0,0.0,0.2499999925494193,2500.681396484375,0.6813628673553467,2500.681396484375,0.2499999925494193
647,0.0,0.0,0.2499999925494193,2500.656982421875,0.656899631023407,2500.656982421875,0.2499999925494193
648,0.0,0.0,0.2499999925494193,2500.649169921875,0.6490527391433716,2500.649169921875,0.2499999925494193
649,0.0,0.0,0.2499999925494193,2500.666015625,0.6660375595092773,2500.666015625,0.2499999925494193
650,0.0,0.0,0.2499999925494193,2500.638671875,0.6387583613395691,2500.638671875,0.2499999925494193
651,0.0,0.0,0.2499999925494193,2500.65771484375,0.6576158404350281,2500.65771484375,0.2499999925494193
652,0.0,0.0,0.2499999925494193,2500.6259765625,0.6259564161300659,2500.6259765625,0.2499999925494193
653,0.0,0.0,0.2499999925494193,2500.72265625,0.7225660085678101,2500.72265625,0.2499999925494193
654,0.0,0.0,0.2499999925494193,2500.675048828125,0.6751646995544434,2500.675048828125,0.2499999925494193
655,0.0,0.0,0.2499999925494193,2500.605712890625,0.6057685017585754,2500.605712890625,0.2499999925494193
656,0.0,0.0,0.2499999925494193,2500.6630859375,0.6631432771682739,2500.6630859375,0.2499999925494193
657,0.0,0.0,0.2499999925494193,2500.669189453125,0.6692131161689758,2500.669189453125,0.2499999925494193
658,0.0,0.0,0.2499999925494193,2500.64599609375,0.6460567116737366,2500.64599609375,0.2499999925494193
659,0.0,0.0,0.2499999925494193,2500.6494140625,0.6493548154830933,2500.6494140625,0.2499999925494193
660,0.0,0.0,0.2499999925494193,2500.637939453125,0.6379768252372742,2500.637939453125,0.2499999925494193
661,0.0,0.0,0.2499999925494193,2500.617919921875,0.6179406046867371,2500.617919921875,0.2499999925494193
662,0.0,0.0,0.2499999925494193,2500.64892578125,0.6490152478218079,2500.64892578125,0.2499999925494193
663,0.0,0.0,0.2499999925494193,2500.681640625,0.6817607283592224,2500.681640625,0.2499999925494193
664,0.0,0.0,0.2499999925494193,2500.6923828125,0.6922837495803833,2500.6923828125,0.2499999925494193
665,0.0,0.0,0.2499999925494193,2500.689697265625,0.6895871162414551,2500.689697265625,0.2499999925494193
666,0.0,0.0,0.2499999925494193,2500.560302734375,0.5603270530700684,2500.560302734375,0.2499999925494193
667,0.0,0.0,0.2499999925494193,2500.648193359375,0.6482923626899719,2500.648193359375,0.2499999925494193
668,0.0,0.0,0.2499999925494193,2500.6962890625,0.6963697075843811,2500.6962890625,0.2499999925494193
669,0.0,0.0,0.2499999925494193,2500.6083984375,0.6083254218101501,2500.6083984375,0.2499999925494193
670,0.0,0.0,0.2499999925494193,2500.6142578125,0.6142961978912354,2500.6142578125,0.2499999925494193
671,0.0,0.0,0.2499999925494193,2500.623779296875,0.6237795948982239,2500.623779296875,0.2499999925494193
672,0.0,0.0,0.2499999925494193,2500.6806640625,0.6805548667907715,2500.6806640625,0.2499999925494193
673,0.0,0.0,0.2499999925494193,2500.6787109375,0.6787432432174683,2500.6787109375,0.2499999925494193
674,0.0,0.0,0.2499999925494193,2500.630126953125,0.6300158500671387,2500.630126953125,0.2499999925494193
675,0.0,0.0,0.2499999925494193,2500.712646484375,0.7125791907310486,2500.712646484375,0.2499999925494193
676,0.0,0.0,0.2499999925494193,2500.636474609375,0.6364592909812927,2500.636474609375,0.2499999925494193
677,0.0,0.0,0.2499999925494193,2500.660888671875,0.6609290242195129,2500.660888671875,0.2499999925494193
678,0.0,0.0,0.2499999925494193,2500.65185546875,0.6517700552940369,2500.65185546875,0.2499999925494193
679,0.0,0.0,0.2499999925494193,2500.649169921875,0.6490567326545715,2500.649169921875,0.2499999925494193
680,0.0,0.0,0.2499999925494193,2500.6650390625,0.665013313293457,2500.6650390625,0.2499999925494193
681,0.0,0.0,0.2499999925494193,2500.611083984375,0.6111763715744019,2500.611083984375,0.2499999925494193
682,0.0,0.0,0.2499999925494193,2500.648193359375,0.6482506394386292,2500.648193359375,0.2499999925494193
683,0.0,0.0,0.2499999925494193,2500.60107421875,0.6011074185371399,2500.60107421875,0.2499999925494193
684,0.0,0.0,0.2499999925494193,2500.602783203125,0.6026908159255981,2500.602783203125,0.2499999925494193
685,0.0,0.0,0.2499999925494193,2500.668212890625,0.6680984497070312,2500.668212890625,0.2499999925494193
686,0.0,0.0,0.2499999925494193,2500.63671875,0.6366721391677856,2500.63671875,0.2499999925494193
687,0.0,0.0,0.2499999925494193,2500.60205078125,0.6019411087036133,2500.60205078125,0.2499999925494193
688,0.0,0.0,0.2499999925494193,2500.6611328125,0.661165714263916,2500.6611328125,0.2499999925494193
689,0.0,0.0,0.2499999925494193,2500.59423828125,0.5941876173019409,2500.59423828125,0.2499999925494193
690,0.0,0.0,0.2499999925494193,2500.633544921875,0.6334781646728516,2500.633544921875,0.2499999925494193
691,0.0,0.0,0.2499999925494193,2500.6240234375,0.624096691608429,2500.6240234375,0.2499999925494193
692,0.0,0.0,0.2499999925494193,2500.61865234375,0.6187433004379272,2500.61865234375,0.2499999925494193
693,0.0,0.0,0.2499999925494193,2500.64306640625,0.643096923828125,2500.64306640625,0.2499999925494193
694,0.0,0.0,0.2499999925494193,2500.672119140625,0.6721165180206299,2500.672119140625,0.2499999925494193
695,0.0,0.0,0.2499999925494193,2500.6103515625,0.6103427410125732,2500.6103515625,0.2499999925494193
696,0.0,0.0,0.2499999925494193,2500.593505859375,0.5933961272239685,2500.593505859375,0.2499999925494193
697,0.0,0.0,0.2499999925494193,2500.60205078125,0.6020897030830383,2500.60205078125,0.2499999925494193
698,0.0,0.0,0.2499999925494193,2500.626953125,0.6268997192382812,2500.626953125,0.2499999925494193
699,0.0,0.0,0.2499999925494193,2500.6162109375,0.6161699295043945,2500.6162109375,0.2499999925494193
700,0.0,0.0,0.2499999925494193,2500.640380859375,0.6404212117195129,2500.640380859375,0.2499999925494193
701,0.0,0.0,0.2499999925494193,2500.61083984375,0.6108620762825012,2500.61083984375,0.2499999925494193
702,0.0,0.0,0.2499999925494193,2500.650146484375,0.6500617265701294,2500.650146484375,0.2499999925494193
703,0.0,0.0,0.2499999925494193,2500.62744140625,0.6274220943450928,2500.62744140625,0.2499999925494193
704,0.0,0.0,0.2499999925494193,2500.65673828125,0.6567202806472778,2500.65673828125,0.2499999925494193
705,0.0,0.0,0.2499999925494193,2500.65185546875,0.6518893241882324,2500.65185546875,0.2499999925494193
706,0.0,0.0,0.2499999925494193,2500.657470703125,0.6575669646263123,2500.657470703125,0.2499999925494193
707,0.0,0.0,0.2499999925494193,2500.65576171875,0.6557598114013672,2500.65576171875,0.2499999925494193
708,0.0,0.0,0.2499999925494193,2500.708984375,0.7090470790863037,2500.708984375,0.2499999925494193
709,0.0,0.0,0.2499999925494193,2500.605224609375,0.6052562594413757,2500.605224609375,0.2499999925494193
710,0.0,0.0,0.2499999925494193,2500.654296875,0.6542190909385681,2500.654296875,0.2499999925494193
711,0.0,0.0,0.2499999925494193,2500.643310546875,0.6431965827941895,2500.643310546875,0.2499999925494193
712,0.0,0.0,0.2499999925494193,2500.65673828125,0.65669846534729,2500.65673828125,0.2499999925494193
713,0.0,0.0,0.2499999925494193,2500.68359375,0.6834977269172668,2500.68359375,0.2499999925494193
714,0.0,0.0,0.2499999925494193,2500.613525390625,0.6135440468788147,2500.613525390625,0.2499999925494193
715,0.0,0.0,0.2499999925494193,2500.65673828125,0.6567153334617615,2500.65673828125,0.2499999925494193
716,0.0,0.0,0.2499999925494193,2500.62841796875,0.6284906268119812,2500.62841796875,0.2499999925494193
717,0.0,0.0,0.2499999925494193,2500.606201171875,0.6062756180763245,2500.606201171875,0.2499999925494193
718,0.0,0.0,0.2499999925494193,2500.64599609375,0.6461142301559448,2500.64599609375,0.2499999925494193
719,0.0,0.0,0.2499999925494193,2500.60009765625,0.6001089215278625,2500.60009765625,0.2499999925494193
720,0.0,0.0,0.2499999925494193,2500.623291015625,0.6231716871261597,2500.623291015625,0.2499999925494193
721,0.0,0.0,0.2499999925494193,2500.6298828125,0.6298935413360596,2500.6298828125,0.2499999925494193
722,0.0,0.0,0.2499999925494193,2500.55859375,0.5586256980895996,2500.55859375,0.2499999925494193
723,0.0,0.0,0.2499999925494193,2500.576904296875,0.5769935250282288,2500.576904296875,0.2499999925494193
724,0.0,0.0,0.2499999925494193,2500.665283203125,0.6653777360916138,2500.665283203125,0.2499999925494193
725,0.0,0.0,0.2499999925494193,2500.702392578125,0.7023451328277588,2500.702392578125,0.2499999925494193
726,0.0,0.0,0.2499999925494193,2500.555908203125,0.5558249354362488,2500.555908203125,0.2499999925494193
727,0.0,0.0,0.2499999925494193,2500.6611328125,0.6611728072166443,2500.6611328125,0.2499999925494193
728,0.0,0.0,0.2499999925494193,2500.626708984375,0.6268305778503418,2500.626708984375,0.2499999925494193
729,0.0,0.0,0.2499999925494193,2500.577880859375,0.5778422355651855,2500.577880859375,0.2499999925494193
730,0.0,0.0,0.2499999925494193,2500.59326171875,0.5933395624160767,2500.59326171875,0.2499999925494193
731,0.0,0.0,0.2499999925494193,2500.64404296875,0.6441624760627747,2500.64404296875,0.2499999925494193
732,0.0,0.0,0.2499999925494193,2500.587158203125,0.5871973633766174,2500.587158203125,0.2499999925494193
733,0.0,0.0,0.2499999925494193,2500.591796875,0.591762125492096,2500.591796875,0.2499999925494193
734,0.0,0.0,0.2499999925494193,2500.597900390625,0.5979802012443542,2500.597900390625,0.2499999925494193
735,0.0,0.0,0.2499999925494193,2500.614501953125,0.6144490242004395,2500.614501953125,0.2499999925494193
736,0.0,0.0,0.2499999925494193,2500.638671875,0.638633131980896,2500.638671875,0.2499999925494193
737,0.0,0.0,0.2499999925494193,2500.607177734375,0.6071653962135315,2500.607177734375,0.2499999925494193
738,0.0,0.0,0.2499999925494193,2500.651123046875,0.651031494140625,2500.651123046875,0.2499999925494193
739,0.0,0.0,0.2499999925494193,2500.543701171875,0.5437074303627014,2500.543701171875,0.2499999925494193
740,0.0,0.0,0.2499999925494193,2500.57470703125,0.574712336063385,2500.57470703125,0.2499999925494193
741,0.0,0.0,0.2499999925494193,2500.573974609375,0.5739426612854004,2500.573974609375,0.2499999925494193
742,0.0,0.0,0.2499999925494193,2500.59326171875,0.5932973027229309,2500.59326171875,0.2499999925494193
743,0.0,0.0,0.2499999925494193,2500.60693359375,0.6068953275680542,2500.60693359375,0.2499999925494193
744,0.0,0.0,0.2499999925494193,2500.635009765625,0.6349092125892639,2500.635009765625,0.2499999925494193
745,0.0,0.0,0.2499999925494193,2500.62841796875,0.6284535527229309,2500.62841796875,0.2499999925494193
746,0.0,0.0,0.2499999925494193,2500.56689453125,0.5667978525161743,2500.56689453125,0.2499999925494193
747,0.0,0.0,0.2499999925494193,2500.627197265625,0.6271472573280334,2500.627197265625,0.2499999925494193
748,0.0,0.0,0.2499999925494193,2500.626708984375,0.6268160939216614,2500.626708984375,0.2499999925494193
749,0.0,0.0,0.2499999925494193,2500.64208984375,0.6420488953590393,2500.64208984375,0.2499999925494193
750,0.0,0.0,0.2499999925494193,2500.605224609375,0.6051415205001831,2500.605224609375,0.2499999925494193
751,0.0,0.0,0.2499999925494193,2500.564697265625,0.5645872950553894,2500.564697265625,0.2499999925494193
752,0.0,0.0,0.2499999925494193,2500.559814453125,0.5597270131111145,2500.559814453125,0.2499999925494193
753,0.0,0.0,0.2499999925494193,2500.64990234375,0.6498554348945618,2500.64990234375,0.2499999925494193
754,0.0,0.0,0.2499999925494193,2500.57275390625,0.5726834535598755,2500.57275390625,0.2499999925494193
755,0.0,0.0,0.2499999925494193,2500.573974609375,0.5739738941192627,2500.573974609375,0.2499999925494193
756,0.0,0.0,0.2499999925494193,2500.55126953125,0.5512890815734863,2500.55126953125,0.2499999925494193
757,0.0,0.0,0.2499999925494193,2500.601806640625,0.6017253398895264,2500.601806640625,0.2499999925494193
758,0.0,0.0,0.2499999925494193,2500.633056640625,0.6330294013023376,2500.633056640625,0.2499999925494193
759,0.0,0.0,0.2499999925494193,2500.59521484375,0.595196545124054,2500.59521484375,0.2499999925494193
760,0.0,0.0,0.2499999925494193,2500.57568359375,0.5756337642669678,2500.57568359375,0.2499999925494193
761,0.0,0.0,0.2499999925494193,2500.590576171875,0.5905477404594421,2500.590576171875,0.2499999925494193
762,0.0,0.0,0.2499999925494193,2500.5126953125,0.5127772688865662,2500.5126953125,0.2499999925494193
763,0.0,0.0,0.2499999925494193,2500.54443359375,0.5443522930145264,2500.54443359375,0.2499999925494193
764,0.0,0.0,0.2499999925494193,2500.564453125,0.5644668936729431,2500.564453125,0.2499999925494193
765,0.0,0.0,0.2499999925494193,2500.61279296875,0.612693727016449,2500.61279296875,0.2499999925494193
766,0.0,0.0,0.2499999925494193,2500.576416015625,0.576301097869873,2500.576416015625,0.2499999925494193
767,0.0,0.0,0.2499999925494193,2500.5732421875,0.5732340812683105,2500.5732421875,0.2499999925494193
768,0.0,0.0,0.2499999925494193,2500.585205078125,0.5852077007293701,2500.585205078125,0.2499999925494193
769,0.0,0.0,0.2499999925494193,2500.6171875,0.6171876788139343,2500.6171875,0.2499999925494193
770,0.0,0.0,0.2499999925494193,2500.48974609375,0.489704966545105,2500.48974609375,0.2499999925494193
771,0.0,0.0,0.2499999925494193,2500.58837890625,0.5884442329406738,2500.58837890625,0.2499999925494193
772,0.0,0.0,0.2499999925494193,2500.635986328125,0.636103093624115,2500.635986328125,0.2499999925494193
773,0.0,0.0,0.2499999925494193,2500.59521484375,0.5952312350273132,2500.59521484375,0.2499999925494193
774,0.0,0.0,0.2499999925494193,2500.59033203125,0.5904004573822021,2500.59033203125,0.2499999925494193
775,0.0,0.0,0.2499999925494193,2500.576171875,0.5760928392410278,2500.576171875,0.2499999925494193
776,0.0,0.0,0.2499999925494193,2500.5927734375,0.5927676558494568,2500.5927734375,0.2499999925494193
777,0.0,0.0,0.2499999925494193,2500.61669921875,0.6167818903923035,2500.61669921875,0.2499999925494193
778,0.0,0.0,0.2499999925494193,2500.63330078125,0.6331804990768433,2500.63330078125,0.2499999925494193
779,0.0,0.0,0.2499999925494193,2500.612548828125,0.6125866174697876,2500.612548828125,0.2499999925494193
780,0.0,0.0,0.2499999925494193,2500.57958984375,0.5795251727104187,2500.57958984375,0.2499999925494193
781,0.0,0.0,0.2499999925494193,2500.574462890625,0.5744917392730713,2500.574462890625,0.2499999925494193
782,0.0,0.0,0.2499999925494193,2500.636962890625,0.6368815898895264,2500.636962890625,0.2499999925494193
783,0.0,0.0,0.2499999925494193,2500.573486328125,0.5735252499580383,2500.573486328125,0.2499999925494193
784,0.0,0.0,0.2499999925494193,2500.62109375,0.6211825609207153,2500.62109375,0.2499999925494193
785,0.0,0.0,0.2499999925494193,2500.6298828125,0.6298621892929077,2500.6298828125,0.2499999925494193
786,0.0,0.0,0.2499999925494193,2500.6064453125,0.606543779373169,2500.6064453125,0.2499999925494193
787,0.0,0.0,0.2499999925494193,2500.5625,0.5624392032623291,2500.5625,0.2499999925494193
788,0.0,0.0,0.2499999925494193,2500.61572265625,0.6157279014587402,2500.61572265625,0.2499999925494193
789,0.0,0.0,0.2499999925494193,2500.580322265625,0.58038729429245,2500.580322265625,0.2499999925494193
790,0.0,0.0,0.2499999925494193,2500.634765625,0.6348299980163574,2500.634765625,0.2499999925494193
791,0.0,0.0,0.2499999925494193,2500.56884765625,0.568769097328186,2500.56884765625,0.2499999925494193
792,0.0,0.0,0.2499999925494193,2500.6005859375,0.6004878878593445,2500.6005859375,0.2499999925494193
793,0.0,0.0,0.2499999925494193,2500.563232421875,0.5631714463233948,2500.563232421875,0.2499999925494193
794,0.0,0.0,0.2499999925494193,2500.5751953125,0.5752961039543152,2500.5751953125,0.2499999925494193
795,0.0,0.0,0.2499999925494193,2500.61376953125,0.6136988401412964,2500.61376953125,0.2499999925494193
796,0.0,0.0,0.2499999925494193,2500.5703125,0.5702463984489441,2500.5703125,0.2499999925494193
797,0.0,0.0,0.2499999925494193,2500.571044921875,0.5711472034454346,2500.571044921875,0.2499999925494193
798,0.0,0.0,0.2499999925494193,2500.607666015625,0.6077543497085571,2500.607666015625,0.2499999925494193
799,0.0,0.0,0.2499999925494193,2500.616455078125,0.6165532469749451,2500.616455078125,0.2499999925494193
800,0.0,0.0,0.20412413914855784,2500.613037109375,0.613031804561615,2500.613037109375,0.20412413914855784
801,0.0,0.0,0.2499999925494193,2500.590087890625,0.5899859666824341,2500.590087890625,0.2499999925494193
802,0.0,0.0,0.2499999925494193,2500.59228515625,0.5921663045883179,2500.59228515625,0.2499999925494193
803,0.0,0.0,0.2499999925494193,2500.537841796875,0.537869393825531,2500.537841796875,0.2499999925494193
804,0.0,0.0,0.2499999925494193,2500.562744140625,0.5626918077468872,2500.562744140625,0.2499999925494193
805,0.0,0.0,0.2499999925494193,2500.556884765625,0.5569305419921875,2500.556884765625,0.2499999925494193
806,0.0,0.0,0.2499999925494193,2500.5302734375,0.5302609801292419,2500.5302734375,0.2499999925494193
807,0.0,0.0,0.2499999925494193,2500.5810546875,0.5811662673950195,2500.5810546875,0.2499999925494193
808,0.0,0.0,0.2499999925494193,2500.625244140625,0.6251552104949951,2500.625244140625,0.2499999925494193
809,0.0,0.0,0.2499999925494193,2500.5546875,0.554682731628418,2500.5546875,0.2499999925494193
810,0.0,0.0,0.2499999925494193,2500.6025390625,0.6024442315101624,2500.6025390625,0.2499999925494193
811,0.0,0.0,0.2499999925494193,2500.560302734375,0.5603405833244324,2500.560302734375,0.2499999925494193
812,0.0,0.0,0.2499999925494193,2500.59375,0.5936492681503296,2500.59375,0.2499999925494193
813,0.0,0.0,0.2499999925494193,2500.639404296875,0.6394188404083252,2500.639404296875,0.2499999925494193
814,0.0,0.0,0.2499999925494193,2500.555419921875,0.5554373860359192,2500.555419921875,0.2499999925494193
815,0.0,0.0,0.2499999925494193,2500.589111328125,0.5891148447990417,2500.589111328125,0.2499999925494193
816,0.0,0.0,0.2499999925494193,2500.54443359375,0.5443591475486755,2500.54443359375,0.2499999925494193
817,0.0,0.0,0.2499999925494193,2500.56982421875,0.5698532462120056,2500.56982421875,0.2499999925494193
818,0.0,0.0,0.2499999925494193,2500.549560546875,0.5496789813041687,2500.549560546875,0.2499999925494193
819,0.0,0.0,0.2499999925494193,2500.510498046875,0.5105282664299011,2500.510498046875,0.2499999925494193
820,0.0,0.0,0.2499999925494193,2500.5546875,0.554789662361145,2500.5546875,0.2499999925494193
821,0.0,0.0,0.2499999925494193,2500.544677734375,0.5447645783424377,2500.544677734375,0.2499999925494193
822,0.0,0.0,0.2499999925494193,2500.6611328125,0.661052942276001,2500.6611328125,0.2499999925494193
823,0.0,0.0,0.2499999925494193,2500.57275390625,0.5727293491363525,2500.57275390625,0.2499999925494193
824,0.0,0.0,0.2499999925494193,2500.58935546875,0.5892344117164612,2500.58935546875,0.2499999925494193
825,0.0,0.0,0.2499999925494193,2500.5419921875,0.541922390460968,2500.5419921875,0.2499999925494193
826,0.0,0.0,0.2499999925494193,2500.585693359375,0.5857684016227722,2500.585693359375,0.2499999925494193
827,0.0,0.0,0.2499999925494193,2500.666259765625,0.6661764979362488,2500.666259765625,0.2499999925494193
828,0.0,0.0,0.2499999925494193,2500.562744140625,0.5627757906913757,2500.562744140625,0.2499999925494193
829,0.0,0.0,0.2499999925494193,2500.542236328125,0.5422185063362122,2500.542236328125,0.2499999925494193
830,0.0,0.0,0.2499999925494193,2500.593994140625,0.5940200686454773,2500.593994140625,0.2499999925494193
831,0.0,0.0,0.2499999925494193,2500.58154296875,0.5815131664276123,2500.58154296875,0.2499999925494193
832,0.0,0.0,0.2499999925494193,2500.546875,0.5469724535942078,2500.546875,0.2499999925494193
833,0.0,0.0,0.2499999925494193,2500.601806640625,0.6017252802848816,2500.601806640625,0.2499999925494193
834,0.0,0.0,0.2499999925494193,2500.57421875,0.5742602944374084,2500.57421875,0.2499999925494193
835,0.0,0.0,0.2499999925494193,2500.556884765625,0.5569858551025391,2500.556884765625,0.2499999925494193
836,0.0,0.0,0.2499999925494193,2500.59375,0.5937001705169678,2500.59375,0.2499999925494193
837,0.0,0.0,0.2499999925494193,2500.513427734375,0.5134555101394653,2500.513427734375,0.2499999925494193
838,0.0,0.0,0.2499999925494193,2500.548828125,0.5488924384117126,2500.548828125,0.2499999925494193
839,0.0,0.0,0.2499999925494193,2500.526611328125,0.5266821980476379,2500.526611328125,0.2499999925494193
840,0.0,0.0,0.2499999925494193,2500.530517578125,0.5305930972099304,2500.530517578125,0.2499999925494193
841,0.0,0.0,0.2499999925494193,2500.60302734375,0.6029101014137268,2500.60302734375,0.2499999925494193
842,0.0,0.0,0.2499999925494193,2500.536865234375,0.5369032621383667,2500.536865234375,0.2499999925494193
843,0.0,0.0,0.2499999925494193,2500.5712890625,0.5712590217590332,2500.5712890625,0.2499999925494193
844,0.0,0.0,0.2499999925494193,2500.552978515625,0.5529679656028748,2500.552978515625,0.2499999925494193
845,0.0,0.0,0.2499999925494193,2500.509521484375,0.509575605392456,2500.509521484375,0.2499999925494193
846,0.0,0.0,0.2499999925494193,2500.58349609375,0.5834211707115173,2500.58349609375,0.2499999925494193
847,0.0,0.0,0.2499999925494193,2500.64208984375,0.642034113407135,2500.64208984375,0.2499999925494193
848,0.0,0.0,0.2499999925494193,2500.521484375,0.5214243531227112,2500.521484375,0.2499999925494193
849,0.0,0.0,0.2499999925494193,2500.61083984375,0.6107190847396851,2500.61083984375,0.2499999925494193
850,0.0,0.0,0.2499999925494193,2500.587646484375,0.5876755714416504,2500.587646484375,0.2499999925494193
851,0.0,0.0,0.2499999925494193,2500.566650390625,0.5667373538017273,2500.566650390625,0.2499999925494193
852,0.0,0.0,0.2499999925494193,2500.59912109375,0.5992001295089722,2500.59912109375,0.2499999925494193
853,0.0,0.0,0.2499999925494193,2500.528076171875,0.5281745195388794,2500.528076171875,0.2499999925494193
854,0.0,0.0,0.2499999925494193,2500.556396484375,0.5562930703163147,2500.556396484375,0.2499999925494193
855,0.0,0.0,0.2499999925494193,2500.53515625,0.5352514386177063,2500.53515625,0.2499999925494193
856,0.0,0.0,0.2499999925494193,2500.54833984375,0.5484418272972107,2500.54833984375,0.2499999925494193
857,0.0,0.0,0.2499999925494193,2500.556396484375,0.5564501285552979,2500.556396484375,0.2499999925494193
858,0.0,0.0,0.2499999925494193,2500.569580078125,0.569487452507019,2500.569580078125,0.2499999925494193
859,0.0,0.0,0.2499999925494193,2500.55078125,0.5508953332901001,2500.55078125,0.2499999925494193
860,0.0,0.0,0.2499999925494193,2500.631591796875,0.631601095199585,2500.631591796875,0.2499999925494193
861,0.0,0.0,0.2499999925494193,2500.512939453125,0.5129614472389221,2500.512939453125,0.2499999925494193
862,0.0,0.0,0.2499999925494193,2500.485595703125,0.4855584502220154,2500.485595703125,0.2499999925494193
863,0.0,0.0,0.2499999925494193,2500.458984375,0.4590262174606323,2500.458984375,0.2499999925494193
864,0.0,0.0,0.2499999925494193,2500.505615234375,0.505535900592804,2500.505615234375,0.2499999925494193
865,0.0,0.0,0.2499999925494193,2500.616455078125,0.6163838505744934,2500.616455078125,0.2499999925494193
866,0.0,0.0,0.2499999925494193,2500.633544921875,0.633661150932312,2500.633544921875,0.2499999925494193
867,0.0,0.0,0.2499999925494193,2500.501708984375,0.5016141533851624,2500.501708984375,0.2499999925494193
868,0.0,0.0,0.2499999925494193,2500.606201171875,0.6062591671943665,2500.606201171875,0.2499999925494193
869,0.0,0.0,0.2499999925494193,2500.541259765625,0.5412130951881409,2500.541259765625,0.2499999925494193
870,0.0,0.0,0.2499999925494193,2500.614501953125,0.6144947409629822,2500.614501953125,0.2499999925494193
871,0.0,0.0,0.2499999925494193,2500.568115234375,0.5681725740432739,2500.568115234375,0.2499999925494193
872,0.0,0.0,0.2499999925494193,2500.530517578125,0.5304847359657288,2500.530517578125,0.2499999925494193
873,0.0,0.0,0.2499999925494193,2500.54833984375,0.5483456254005432,2500.54833984375,0.2499999925494193
874,0.0,0.0,0.2499999925494193,2500.542724609375,0.5427222847938538,2500.542724609375,0.2499999925494193
875,0.0,0.0,0.2499999925494193,2500.498046875,0.4980853199958801,2500.498046875,0.2499999925494193
876,0.0,0.0,0.2499999925494193,2500.57958984375,0.579521894454956,2500.57958984375,0.2499999925494193
877,0.0,0.0,0.2499999925494193,2500.525634765625,0.5255263447761536,2500.525634765625,0.2499999925494193
878,0.0,0.0,0.2499999925494193,2500.54296875,0.5430484414100647,2500.54296875,0.2499999925494193
879,0.0,0.0,0.2499999925494193,2500.548095703125,0.5480437874794006,2500.548095703125,0.2499999925494193
880,0.0,0.0,0.2499999925494193,2500.52392578125,0.5240413546562195,2500.52392578125,0.2499999925494193
881,0.0,0.0,0.2499999925494193,2500.5927734375,0.5926820635795593,2500.5927734375,0.2499999925494193
882,0.0,0.0,0.2499999925494193,2500.588623046875,0.5887141227722168,2500.588623046875,0.2499999925494193
883,0.0,0.0,0.2499999925494193,2500.527099609375,0.527037501335144,2500.527099609375,0.2499999925494193
884,0.0,0.0,0.2499999925494193,2500.559326171875,0.5594382882118225,2500.559326171875,0.2499999925494193
885,0.0,0.0,0.2499999925494193,2500.57373046875,0.5736572742462158,2500.57373046875,0.2499999925494193
886,0.0,0.0,0.2499999925494193,2500.560302734375,0.560300886631012,2500.560302734375,0.2499999925494193
887,0.0,0.0,0.2499999925494193,2500.504150390625,0.5041967034339905,2500.504150390625,0.2499999925494193
888,0.0,0.0,0.2499999925494193,2500.49951171875,0.4995650053024292,2500.49951171875,0.2499999925494193
889,0.0,0.0,0.2499999925494193,2500.6083984375,0.6084843277931213,2500.6083984375,0.2499999925494193
890,0.0,0.0,0.2499999925494193,2500.468505859375,0.468506395816803,2500.468505859375,0.2499999925494193
891,0.0,0.0,0.2499999925494193,2500.548828125,0.5487911701202393,2500.548828125,0.2499999925494193
892,0.0,0.0,0.2499999925494193,2500.4931640625,0.49306756258010864,2500.4931640625,0.2499999925494193
893,0.0,0.0,0.2499999925494193,2500.554931640625,0.554916501045227,2500.554931640625,0.2499999925494193
894,0.0,0.0,0.2499999925494193,2500.496337890625,0.49639397859573364,2500.496337890625,0.2499999925494193
895,0.0,0.0,0.2499999925494193,2500.53076171875,0.5307930707931519,2500.53076171875,0.2499999925494193
896,0.0,0.0,0.2499999925494193,2500.56640625,0.566298246383667,2500.56640625,0.2499999925494193
897,0.0,0.0,0.2499999925494193,2500.572021484375,0.5720010995864868,2500.572021484375,0.2499999925494193
898,0.0,0.0,0.2499999925494193,2500.56494140625,0.5648338198661804,2500.56494140625,0.2499999925494193
899,0.0,0.0,0.2499999925494193,2500.50390625,0.5039407014846802,2500.50390625,0.2499999925494193
900,0.0,0.0,0.2499999925494193,2500.587890625,0.5877901911735535,2500.587890625,0.2499999925494193
901,0.0,0.0,0.2499999925494193,2500.52685546875,0.5268833637237549,2500.52685546875,0.2499999925494193
902,0.0,0.0,0.2499999925494193,2500.5595703125,0.5594692230224609,2500.5595703125,0.2499999925494193
903,0.0,0.0,0.2499999925494193,2500.461181640625,0.46113067865371704,2500.461181640625,0.2499999925494193
904,0.0,0.0,0.2499999925494193,2500.53564453125,0.5355649590492249,2500.53564453125,0.2499999925494193
905,0.0,0.0,0.2499999925494193,2500.570068359375,0.5701830387115479,2500.570068359375,0.2499999925494193
906,0.0,0.0,0.2499999925494193,2500.536865234375,0.5369105935096741,2500.536865234375,0.2499999925494193
907,0.0,0.0,0.2499999925494193,2500.549560546875,0.5495660305023193,2500.549560546875,0.2499999925494193
908,0.0,0.0,0.2499999925494193,2500.565185546875,0.5651710033416748,2500.565185546875,0.2499999925494193
909,0.0,0.0,0.2499999925494193,2500.556640625,0.5566120147705078,2500.556640625,0.2499999925494193
910,0.0,0.0,0.2499999925494193,2500.556396484375,0.5563493967056274,2500.556396484375,0.2499999925494193
911,0.0,0.0,0.2499999925494193,2500.506591796875,0.5065978169441223,2500.506591796875,0.2499999925494193
912,0.0,0.0,0.2499999925494193,2500.504638671875,0.5047515630722046,2500.504638671875,0.2499999925494193
913,0.0,0.0,0.2499999925494193,2500.567138671875,0.5672268271446228,2500.567138671875,0.2499999925494193
914,0.0,0.0,0.2499999925494193,2500.562744140625,0.5627784132957458,2500.562744140625,0.2499999925494193
915,0.0,0.0,0.2499999925494193,2500.513671875,0.5136244893074036,2500.513671875,0.2499999925494193
916,0.0,0.0,0.2499999925494193,2500.5224609375,0.5224494338035583,2500.5224609375,0.2499999925494193
917,0.0,0.0,0.2499999925494193,2500.50634765625,0.5062782764434814,2500.50634765625,0.2499999925494193
918,0.0,0.0,0.2499999925494193,2500.56494140625,0.5650227069854736,2500.56494140625,0.2499999925494193
919,0.0,0.0,0.2499999925494193,2500.530517578125,0.5304437279701233,2500.530517578125,0.2499999925494193
920,0.0,0.0,0.2499999925494193,2500.5859375,0.5859432220458984,2500.5859375,0.2499999925494193
921,0.0,0.0,0.2499999925494193,2500.53564453125,0.5355618596076965,2500.53564453125,0.2499999925494193
922,0.0,0.0,0.2499999925494193,2500.559814453125,0.5597143769264221,2500.559814453125,0.2499999925494193
923,0.0,0.0,0.2499999925494193,2500.537109375,0.5370450019836426,2500.537109375,0.2499999925494193
924,0.0,0.0,0.2499999925494193,2500.508056640625,0.5081217885017395,2500.508056640625,0.2499999925494193
925,0.0,0.0,0.2499999925494193,2500.508056640625,0.508176326751709,2500.508056640625,0.2499999925494193
926,0.0,0.0,0.2499999925494193,2500.552001953125,0.5521232485771179,2500.552001953125,0.2499999925494193
927,0.0,0.0,0.2499999925494193,2500.557861328125,0.5579093098640442,2500.557861328125,0.2499999925494193
928,0.0,0.0,0.2499999925494193,2500.471923828125,0.47198569774627686,2500.471923828125,0.2499999925494193
929,0.0,0.0,0.2499999925494193,2500.564208984375,0.5643187165260315,2500.564208984375,0.2499999925494193
930,0.0,0.0,0.2499999925494193,2500.5166015625,0.5166512727737427,2500.5166015625,0.2499999925494193
931,0.0,0.0,0.2499999925494193,2500.546142578125,0.54603511095047,2500.546142578125,0.2499999925494193
932,0.0,0.0,0.2499999925494193,2500.556884765625,0.5569994449615479,2500.556884765625,0.2499999925494193
933,0.0,0.0,0.2499999925494193,2500.49462890625,0.49471497535705566,2500.49462890625,0.2499999925494193
934,0.0,0.0,0.2499999925494193,2500.485595703125,0.48555606603622437,2500.485595703125,0.2499999925494193
935,0.0,0.0,0.2499999925494193,2500.5166015625,0.5164841413497925,2500.5166015625,0.2499999925494193
936,0.0,0.0,0.2499999925494193,2500.528564453125,0.5285981893539429,2500.528564453125,0.2499999925494193
937,0.0,0.0,0.2499999925494193,2500.515625,0.5155383944511414,2500.515625,0.2499999925494193
938,0.0,0.0,0.2499999925494193,2500.560791015625,0.5608963370323181,2500.560791015625,0.2499999925494193
939,0.0,0.0,0.2499999925494193,2500.53662109375,0.5367116928100586,2500.53662109375,0.2499999925494193
940,0.0,0.0,0.2499999925494193,2500.53125,0.5312175154685974,2500.53125,0.2499999925494193
941,0.0,0.0,0.2499999925494193,2500.573486328125,0.5735896825790405,2500.573486328125,0.2499999925494193
942,0.0,0.0,0.2499999925494193,2500.53515625,0.5350590944290161,2500.53515625,0.2499999925494193
943,0.0,0.0,0.2499999925494193,2500.552490234375,0.5525386929512024,2500.552490234375,0.2499999925494193
944,0.0,0.0,0.2499999925494193,2500.5390625,0.5390539169311523,2500.5390625,0.2499999925494193
945,0.0,0.0,0.2499999925494193,2500.533447265625,0.5334356427192688,2500.533447265625,0.2499999925494193
946,0.0,0.0,0.2499999925494193,2500.54248046875,0.5425373911857605,2500.54248046875,0.2499999925494193
947,0.0,0.0,0.2499999925494193,2500.56787109375,0.5678271055221558,2500.56787109375,0.2499999925494193
948,0.0,0.0,0.2499999925494193,2500.5390625,0.5390281677246094,2500.5390625,0.2499999925494193
949,0.0,0.0,0.2499999925494193,2500.534423828125,0.5343621969223022,2500.534423828125,0.2499999925494193
950,0.0,0.0,0.2499999925494193,2500.494140625,0.4942145347595215,2500.494140625,0.2499999925494193
951,0.0,0.0,0.2499999925494193,2500.584228515625,0.5841770768165588,2500.584228515625,0.2499999925494193
952,0.0,0.0,0.2499999925494193,2500.55322265625,0.5533382892608643,2500.55322265625,0.2499999925494193
953,0.0,0.0,0.2499999925494193,2500.461669921875,0.46178334951400757,2500.461669921875,0.2499999925494193
954,0.0,0.0,0.2499999925494193,2500.4990234375,0.49911564588546753,2500.4990234375,0.2499999925494193
955,0.0,0.0,0.2499999925494193,2500.520263671875,0.520376980304718,2500.520263671875,0.2499999925494193
956,0.0,0.0,0.2499999925494193,2500.568359375,0.5682792663574219,2500.568359375,0.2499999925494193
957,0.0,0.0,0.2499999925494193,2500.48828125,0.48821473121643066,2500.48828125,0.2499999925494193
958,0.0,0.0,0.2499999925494193,2500.54638671875,0.5464297533035278,2500.54638671875,0.2499999925494193
959,0.0,0.0,0.2499999925494193,2500.57568359375,0.5756166577339172,2500.57568359375,0.2499999925494193
960,0.0,0.0,0.2499999925494193,2500.53369140625,0.533806324005127,2500.53369140625,0.2499999925494193
961,0.0,0.0,0.2499999925494193,2500.5537109375,0.5536383986473083,2500.5537109375,0.2499999925494193
962,0.0,0.0,0.2499999925494193,2500.539306640625,0.5392890572547913,2500.539306640625,0.2499999925494193
963,0.0,0.0,0.2499999925494193,2500.532958984375,0.5328970551490784,2500.532958984375,0.2499999925494193
964,0.0,0.0,0.2499999925494193,2500.5751953125,0.5752845406532288,2500.5751953125,0.2499999925494193
965,0.0,0.0,0.2499999925494193,2500.50927734375,0.5092848539352417,2500.50927734375,0.2499999925494193
966,0.0,0.0,0.2499999925494193,2500.533447265625,0.5334895849227905,2500.533447265625,0.2499999925494193
967,0.0,0.0,0.2499999925494193,2500.486083984375,0.48611074686050415,2500.486083984375,0.2499999925494193
968,0.0,0.0,0.2499999925494193,2500.51025390625,0.5102019309997559,2500.51025390625,0.2499999925494193
969,0.0,0.0,0.2499999925494193,2500.576416015625,0.5764280557632446,2500.576416015625,0.2499999925494193
970,0.0,0.0,0.2499999925494193,2500.545654296875,0.5457593202590942,2500.545654296875,0.2499999925494193
971,0.0,0.0,0.2499999925494193,2500.5546875,0.5546126365661621,2500.5546875,0.2499999925494193
972,0.0,0.0,0.2499999925494193,2500.523193359375,0.5231999754905701,2500.523193359375,0.2499999925494193
973,0.0,0.0,0.2499999925494193,2500.5009765625,0.5009771585464478,2500.5009765625,0.2499999925494193
974,0.0,0.0,0.2499999925494193,2500.546142578125,0.5460357666015625,2500.546142578125,0.2499999925494193
975,0.0,0.0,0.2499999925494193,2500.568603515625,0.5685281157493591,2500.568603515625,0.2499999925494193
976,0.0,0.0,0.2499999925494193,2500.503173828125,0.5031778216362,2500.503173828125,0.2499999925494193
977,0.0,0.0,0.2499999925494193,2500.572998046875,0.572897732257843,2500.572998046875,0.2499999925494193
978,0.0,0.0,0.2499999925494193,2500.442626953125,0.4426612854003906,2500.442626953125,0.2499999925494193
979,0.0,0.0,0.2499999925494193,2500.508056640625,0.5079507231712341,2500.508056640625,0.2499999925494193
980,0.0,0.0,0.2499999925494193,2500.5830078125,0.5829068422317505,2500.5830078125,0.2499999925494193
981,0.0,0.0,0.2499999925494193,2500.47607421875,0.47599953413009644,2500.47607421875,0.2499999925494193
982,0.0,0.0,0.2499999925494193,2500.55908203125,0.5591027140617371,2500.55908203125,0.2499999925494193
983,0.0,0.0,0.2499999925494193,2500.53759765625,0.5375367999076843,2500.53759765625,0.2499999925494193
984,0.0,0.0,0.2499999925494193,2500.4951171875,0.4951912760734558,2500.4951171875,0.2499999925494193
985,0.0,0.0,0.2499999925494193,2500.4736328125,0.4736316204071045,2500.4736328125,0.2499999925494193
986,0.0,0.0,0.2499999925494193,2500.5517578125,0.5518367290496826,2500.5517578125,0.2499999925494193
987,0.0,0.0,0.2499999925494193,2500.5830078125,0.5830515027046204,2500.5830078125,0.2499999925494193
988,0.0,0.0,0.2499999925494193,2500.44873046875,0.448802649974823,2500.44873046875,0.2499999925494193
989,0.0,0.0,0.2499999925494193,2500.475341796875,0.47525936365127563,2500.475341796875,0.2499999925494193
990,0.0,0.0,0.2499999925494193,2500.566162109375,0.5660449266433716,2500.566162109375,0.2499999925494193
991,0.0,0.0,0.2499999925494193,2500.468994140625,0.46910005807876587,2500.468994140625,0.2499999925494193
992,0.0,0.0,0.2499999925494193,2500.625244140625,0.6252111196517944,2500.625244140625,0.2499999925494193
993,0.0,0.0,0.2499999925494193,2500.47607421875,0.4760555624961853,2500.47607421875,0.2499999925494193
994,0.0,0.0,0.2499999925494193,2500.520751953125,0.5207729935646057,2500.520751953125,0.2499999925494193
995,0.0,0.0,0.2499999925494193,2500.503173828125,0.5032287836074829,2500.503173828125,0.2499999925494193
996,0.0,0.0,0.2499999925494193,2500.49853515625,0.49847227334976196,2500.49853515625,0.2499999925494193
997,0.0,0.0,0.2499999925494193,2500.513916015625,0.5139068961143494,2500.513916015625,0.2499999925494193
998,0.0,0.0,0.2499999925494193,2500.489990234375,0.49008363485336304,2500.489990234375,0.2499999925494193
999,0.0,0.0,0.2499999925494193,2500.513916015625,0.5138992071151733,2500.513916015625,0.2499999925494193
1000,0.0,0.0,0.2499999925494193,2500.45166015625,0.4515953063964844,2500.45166015625,0.2499999925494193
1001,0.0,0.0,0.2499999925494193,2500.522705078125,0.5226243138313293,2500.522705078125,0.2499999925494193
1002,0.0,0.0,0.2499999925494193,2500.49560546875,0.49568718671798706,2500.49560546875,0.2499999925494193
1003,0.0,0.0,0.2499999925494193,2500.49755859375,0.4974890351295471,2500.49755859375,0.2499999925494193
1004,0.0,0.0,0.2499999925494193,2500.5498046875,0.5498234629631042,2500.5498046875,0.2499999925494193
1005,0.0,0.0,0.2499999925494193,2500.533935546875,0.5338857173919678,2500.533935546875,0.2499999925494193
1006,0.0,0.0,0.2499999925494193,2500.502197265625,0.5022781491279602,2500.502197265625,0.2499999925494193
1007,0.0,0.0,0.2499999925494193,2500.4462890625,0.4463244080543518,2500.4462890625,0.2499999925494193
1008,0.0,0.0,0.2499999925494193,2500.482421875,0.4823392629623413,2500.482421875,0.2499999925494193
1009,0.0,0.0,0.2499999925494193,2500.50390625,0.5040127635002136,2500.50390625,0.2499999925494193
1010,0.0,0.0,0.2499999925494193,2500.513427734375,0.5135345458984375,2500.513427734375,0.2499999925494193
1011,0.0,0.0,0.2499999925494193,2500.536865234375,0.5367672443389893,2500.536865234375,0.2499999925494193
1012,0.0,0.0,0.2499999925494193,2500.46826171875,0.4682311415672302,2500.46826171875,0.2499999925494193
1013,0.0,0.0,0.2499999925494193,2500.50390625,0.5039238929748535,2500.50390625,0.2499999925494193
1014,0.0,0.0,0.2499999925494193,2500.488525390625,0.48859626054763794,2500.488525390625,0.2499999925494193
1015,0.0,0.0,0.2499999925494193,2500.549072265625,0.5490722060203552,2500.549072265625,0.2499999925494193
1016,0.0,0.0,0.2499999925494193,2500.512939453125,0.5130206346511841,2500.512939453125,0.2499999925494193
1017,0.0,0.0,0.2499999925494193,2500.529052734375,0.5289766788482666,2500.529052734375,0.2499999925494193
1018,0.0,0.0,0.2499999925494193,2500.532958984375,0.5328643321990967,2500.532958984375,0.2499999925494193
1019,0.0,0.0,0.2499999925494193,2500.490234375,0.49032002687454224,2500.490234375,0.2499999925494193
1020,0.0,0.0,0.2499999925494193,2500.523681640625,0.5236175656318665,2500.523681640625,0.2499999925494193
1021,0.0,0.0,0.2499999925494193,2500.5166015625,0.5165217518806458,2500.5166015625,0.2499999925494193
1022,0.0,0.0,0.2499999925494193,2500.50830078125,0.5083698034286499,2500.50830078125,0.2499999925494193
1023,0.0,0.0,0.2499999925494193,2500.514404296875,0.5144839286804199,2500.514404296875,0.2499999925494193
1024,0.0,0.0,0.2499999925494193,2500.534912109375,0.5349048972129822,2500.534912109375,0.2499999925494193
1025,0.0,0.0,0.2499999925494193,2500.50830078125,0.5083755254745483,2500.50830078125,0.2499999925494193
1026,0.0,0.0,0.2499999925494193,2500.443603515625,0.4436560869216919,2500.443603515625,0.2499999925494193
1027,0.0,0.0,0.2499999925494193,2500.486083984375,0.48619896173477173,2500.486083984375,0.2499999925494193
1028,0.0,0.0,0.2499999925494193,2500.479736328125,0.47976356744766235,2500.479736328125,0.2499999925494193
1029,0.0,0.0,0.2499999925494193,2500.484375,0.48425328731536865,2500.484375,0.2499999925494193
1030,0.0,0.0,0.2499999925494193,2500.484375,0.48430997133255005,2500.484375,0.2499999925494193
1031,0.0,0.0,0.2499999925494193,2500.51220703125,0.5122244954109192,2500.51220703125,0.2499999925494193
1032,0.0,0.0,0.2499999925494193,2500.48583984375,0.48572856187820435,2500.48583984375,0.2499999925494193
1033,0.0,0.0,0.2499999925494193,2500.50634765625,0.5064610242843628,2500.50634765625,0.2499999925494193
1034,0.0,0.0,0.2499999925494193,2500.529296875,0.529178261756897,2500.529296875,0.2499999925494193
1035,0.0,0.0,0.2499999925494193,2500.52490234375,0.5248968005180359,2500.52490234375,0.2499999925494193
1036,0.0,0.0,0.2499999925494193,2500.504638671875,0.5045807361602783,2500.504638671875,0.2499999925494193
1037,0.0,0.0,0.2499999925494193,2500.484375,0.48442310094833374,2500.484375,0.2499999925494193
1038,0.0,0.0,0.2499999925494193,2500.4931640625,0.49321287870407104,2500.4931640625,0.2499999925494193
1039,0.0,0.0,0.2499999925494193,2500.47021484375,0.4703317880630493,2500.47021484375,0.2499999925494193
1040,0.0,0.0,0.2499999925494193,2500.518798828125,0.5188230872154236,2500.518798828125,0.2499999925494193
1041,0.0,0.0,0.2499999925494193,2500.5087890625,0.5087559819221497,2500.5087890625,0.2499999925494193
1042,0.0,0.0,0.2499999925494193,2500.495361328125,0.49526047706604004,2500.495361328125,0.2499999925494193
1043,0.0,0.0,0.2499999925494193,2500.46875,0.4686318635940552,2500.46875,0.2499999925494193
1044,0.0,0.0,0.2499999925494193,2500.521728515625,0.5218039751052856,2500.521728515625,0.2499999925494193
1045,0.0,0.0,0.2499999925494193,2500.5029296875,0.5028925538063049,2500.5029296875,0.2499999925494193
1046,0.0,0.0,0.2499999925494193,2500.447509765625,0.4475216865539551,2500.447509765625,0.2499999925494193
1047,0.0,0.0,0.2499999925494193,2500.478271484375,0.47835052013397217,2500.478271484375,0.2499999925494193
1048,0.0,0.0,0.2499999925494193,2500.483154296875,0.48322296142578125,2500.483154296875,0.2499999925494193
1049,0.0,0.0,0.2499999925494193,2500.5009765625,0.5009143352508545,2500.5009765625,0.2499999925494193
1050,0.0,0.0,0.2499999925494193,2500.496337890625,0.49629420042037964,2500.496337890625,0.2499999925494193
1051,0.0,0.0,0.2499999925494193,2500.49560546875,0.495604932308197,2500.49560546875,0.2499999925494193
1052,0.0,0.0,0.2499999925494193,2500.50927734375,0.5093041658401489,2500.50927734375,0.2499999925494193
1053,0.0,0.0,0.2499999925494193,2500.485107421875,0.485228955745697,2500.485107421875,0.2499999925494193
1054,0.0,0.0,0.2499999925494193,2500.460693359375,0.46063560247421265,2500.460693359375,0.2499999925494193
1055,0.0,0.0,0.2499999925494193,2500.506103515625,0.5060375928878784,2500.506103515625,0.2499999925494193
1056,0.0,0.0,0.2499999925494193,2500.50634765625,0.5064133405685425,2500.50634765625,0.2499999925494193
1057,0.0,0.0,0.2499999925494193,2500.4765625,0.47664713859558105,2500.4765625,0.2499999925494193
1058,0.0,0.0,0.2499999925494193,2500.4404296875,0.4403548240661621,2500.4404296875,0.2499999925494193
1059,0.0,0.0,0.2499999925494193,2500.50048828125,0.5005971193313599,2500.50048828125,0.2499999925494193
1060,0.0,0.0,0.2499999925494193,2500.50439453125,0.5043361783027649,2500.50439453125,0.2499999925494193
1061,0.0,0.0,0.2499999925494193,2500.482421875,0.48231714963912964,2500.482421875,0.2499999925494193
1062,0.0,0.0,0.2499999925494193,2500.505615234375,0.5057042241096497,2500.505615234375,0.2499999925494193
1063,0.0,0.0,0.2499999925494193,2500.47802734375,0.4780235290527344,2500.47802734375,0.2499999925494193
1064,0.0,0.0,0.2499999925494193,2500.48388671875,0.4838525056838989,2500.48388671875,0.2499999925494193
1065,0.0,0.0,0.2499999925494193,2500.422607421875,0.4226330518722534,2500.422607421875,0.2499999925494193
1066,0.0,0.0,0.2499999925494193,2500.5068359375,0.5068880319595337,2500.5068359375,0.2499999925494193
1067,0.0,0.0,0.20412413914855784,2500.49365234375,0.49371546506881714,2500.49365234375,0.20412413914855784
1068,0.0,0.0,0.2499999925494193,2500.486328125,0.48641520738601685,2500.486328125,0.2499999925494193
1069,0.0,0.0,0.2499999925494193,2500.4638671875,0.46388179063796997,2500.4638671875,0.2499999925494193
1070,0.0,0.0,0.2499999925494193,2500.503173828125,0.5030735731124878,2500.503173828125,0.2499999925494193
1071,0.0,0.0,0.2499999925494193,2500.469970703125,0.46998369693756104,2500.469970703125,0.2499999925494193
1072,0.0,0.0,0.2499999925494193,2500.497802734375,0.49777477979660034,2500.497802734375,0.2499999925494193
1073,0.0,0.0,0.2499999925494193,2500.481689453125,0.48173242807388306,2500.481689453125,0.2499999925494193
1074,0.0,0.0,0.2499999925494193,2500.426513671875,0.42658185958862305,2500.426513671875,0.2499999925494193
1075,0.0,0.0,0.2499999925494193,2500.47119140625,0.471272349357605,2500.47119140625,0.2499999925494193
1076,0.0,0.0,0.2499999925494193,2500.461181640625,0.4610821604728699,2500.461181640625,0.2499999925494193
1077,0.0,0.0,0.2499999925494193,2500.472412109375,0.4725029468536377,2500.472412109375,0.2499999925494193
1078,0.0,0.0,0.2499999925494193,2500.468017578125,0.46809911727905273,2500.468017578125,0.2499999925494193
1079,0.0,0.0,0.2499999925494193,2500.46044921875,0.46048223972320557,2500.46044921875,0.2499999925494193
1080,0.0,0.0,0.2499999925494193,2500.483642578125,0.48352283239364624,2500.483642578125,0.2499999925494193
1081,0.0,0.0,0.2499999925494193,2500.5185546875,0.5185133218765259,2500.5185546875,0.2499999925494193
1082,0.0,0.0,0.2499999925494193,2500.46337890625,0.4633238911628723,2500.46337890625,0.2499999925494193
1083,0.0,0.0,0.2499999925494193,2500.512451171875,0.5124567747116089,2500.512451171875,0.2499999925494193
1084,0.0,0.0,0.2499999925494193,2500.535888671875,0.5358173847198486,2500.535888671875,0.2499999925494193
1085,0.0,0.0,0.2499999925494193,2500.4775390625,0.4775208830833435,2500.4775390625,0.2499999925494193
1086,0.0,0.0,0.2499999925494193,2500.5048828125,0.5048646926879883,2500.5048828125,0.2499999925494193
1087,0.0,0.0,0.2499999925494193,2500.5478515625,0.5479419231414795,2500.5478515625,0.2499999925494193
1088,0.0,0.0,0.2499999925494193,2500.518798828125,0.5188583135604858,2500.518798828125,0.2499999925494193
1089,0.0,0.0,0.2499999925494193,2500.419189453125,0.419264554977417,2500.419189453125,0.2499999925494193
1090,0.0,0.0,0.2499999925494193,2500.52490234375,0.5248245000839233,2500.52490234375,0.2499999925494193
1091,0.0,0.0,0.2499999925494193,2500.487060546875,0.487143337726593,2500.487060546875,0.2499999925494193
1092,0.0,0.0,0.2499999925494193,2500.366455078125,0.366426944732666,2500.366455078125,0.2499999925494193
1093,0.0,0.0,0.2499999925494193,2500.50537109375,0.5053867697715759,2500.50537109375,0.2499999925494193
1094,0.0,0.0,0.2499999925494193,2500.439208984375,0.43914514780044556,2500.439208984375,0.2499999925494193
1095,0.0,0.0,0.2499999925494193,2500.51611328125,0.5161468386650085,2500.51611328125,0.2499999925494193
1096,0.0,0.0,0.2499999925494193,2500.447998046875,0.448032021522522,2500.447998046875,0.2499999925494193
1097,0.0,0.0,0.2499999925494193,2500.551025390625,0.5509656667709351,2500.551025390625,0.2499999925494193
1098,0.0,0.0,0.2499999925494193,2500.460205078125,0.4602445960044861,2500.460205078125,0.2499999925494193
1099,0.0,0.0,0.2499999925494193,2500.47705078125,0.47709929943084717,2500.47705078125,0.2499999925494193
1100,0.0,0.0,0.2499999925494193,2500.516845703125,0.5168831944465637,2500.516845703125,0.2499999925494193
1101,0.0,0.0,0.2499999925494193,2500.546142578125,0.5462009906768799,2500.546142578125,0.2499999925494193
1102,0.0,0.0,0.2499999925494193,2500.4541015625,0.4542040228843689,2500.4541015625,0.2499999925494193
1103,0.0,0.0,0.2499999925494193,2500.498779296875,0.49882084131240845,2500.498779296875,0.2499999925494193
1104,0.0,0.0,0.2499999925494193,2500.4541015625,0.4540174603462219,2500.4541015625,0.2499999925494193
1105,0.0,0.0,0.2499999925494193,2500.505859375,0.505782425403595,2500.505859375,0.2499999925494193
1106,0.0,0.0,0.2499999925494193,2500.497802734375,0.49781984090805054,2500.497802734375,0.2499999925494193
1107,0.0,0.0,0.2499999925494193,2500.487060546875,0.48704981803894043,2500.487060546875,0.2499999925494193
1108,0.0,0.0,0.2499999925494193,2500.5546875,0.5546298623085022,2500.5546875,0.2499999925494193
1109,0.0,0.0,0.2499999925494193,2500.4599609375,0.45985764265060425,2500.4599609375,0.2499999925494193
1110,0.0,0.0,0.2499999925494193,2500.39990234375,0.3998805284500122,2500.39990234375,0.2499999925494193
1111,0.0,0.0,0.2499999925494193,2500.468505859375,0.46841883659362793,2500.468505859375,0.2499999925494193
1112,0.0,0.0,0.2499999925494193,2500.47265625,0.47276437282562256,2500.47265625,0.2499999925494193
1113,0.0,0.0,0.2499999925494193,2500.452880859375,0.45299679040908813,2500.452880859375,0.2499999925494193
1114,0.0,0.0,0.2499999925494193,2500.4482421875,0.44812214374542236,2500.4482421875,0.2499999925494193
1115,0.0,0.0,0.2499999925494193,2500.491455078125,0.4914622902870178,2500.491455078125,0.2499999925494193
1116,0.0,0.0,0.2499999925494193,2500.47314453125,0.47320014238357544,2500.47314453125,0.2499999925494193
1117,0.0,0.0,0.2499999925494193,2500.4765625,0.4764435291290283,2500.4765625,0.2499999925494193
1118,0.0,0.0,0.2499999925494193,2500.5283203125,0.5282963514328003,2500.5283203125,0.2499999925494193
1119,0.0,0.0,0.2499999925494193,2500.545654296875,0.5456008911132812,2500.545654296875,0.2499999925494193
1120,0.0,0.0,0.2499999925494193,2500.50390625,0.503915548324585,2500.50390625,0.2499999925494193
1121,0.0,0.0,0.2499999925494193,2500.4833984375,0.4834105372428894,2500.4833984375,0.2499999925494193
1122,0.0,0.0,0.2499999925494193,2500.49462890625,0.4945521354675293,2500.49462890625,0.2499999925494193
1123,0.0,0.0,0.2499999925494193,2500.46533203125,0.4654328227043152,2500.46533203125,0.2499999925494193
1124,0.0,0.0,0.2499999925494193,2500.51806640625,0.5179665088653564,2500.51806640625,0.2499999925494193
1125,0.0,0.0,0.2499999925494193,2500.39697265625,0.39696764945983887,2500.39697265625,0.2499999925494193
1126,0.0,0.0,0.2499999925494193,2500.521728515625,0.5218347311019897,2500.521728515625,0.2499999925494193
1127,0.0,0.0,0.2499999925494193,2500.366943359375,0.3669264316558838,2500.366943359375,0.2499999925494193
1128,0.0,0.0,0.2499999925494193,2500.462890625,0.46295613050460815,2500.462890625,0.2499999925494193
1129,0.0,0.0,0.2499999925494193,2500.5,0.5000331401824951,2500.5,0.2499999925494193
1130,0.0,0.0,0.2499999925494193,2500.423583984375,0.4235243797302246,2500.423583984375,0.2499999925494193
1131,0.0,0.0,0.2499999925494193,2500.43115234375,0.4311603307723999,2500.43115234375,0.2499999925494193
1132,0.0,0.0,0.2499999925494193,2500.43115234375,0.43103528022766113,2500.43115234375,0.2499999925494193
1133,0.0,0.0,0.2499999925494193,2500.48095703125,0.48098671436309814,2500.48095703125,0.2499999925494193
1134,0.0,0.0,0.2499999925494193,2500.435791015625,0.4356842637062073,2500.435791015625,0.2499999925494193
1135,0.0,0.0,0.2499999925494193,2500.4501953125,0.45017921924591064,2500.4501953125,0.2499999925494193
1136,0.0,0.0,0.2499999925494193,2500.47265625,0.4727638363838196,2500.47265625,0.2499999925494193
1137,0.0,0.0,0.2499999925494193,2500.51123046875,0.5111280083656311,2500.51123046875,0.2499999925494193
1138,0.0,0.0,0.2499999925494193,2500.441650390625,0.44155335426330566,2500.441650390625,0.2499999925494193
1139,0.0,0.0,0.2499999925494193,2500.46533203125,0.46527326107025146,2500.46533203125,0.2499999925494193
1140,0.0,0.0,0.2499999925494193,2500.421142578125,0.42113757133483887,2500.421142578125,0.2499999925494193
1141,0.0,0.0,0.2499999925494193,2500.504150390625,0.504144549369812,2500.504150390625,0.2499999925494193
1142,0.0,0.0,0.2499999925494193,2500.480224609375,0.4801933169364929,2500.480224609375,0.2499999925494193
1143,0.0,0.0,0.2499999925494193,2500.434814453125,0.43483996391296387,2500.434814453125,0.2499999925494193
1144,0.0,0.0,0.2499999925494193,2500.4716796875,0.47169822454452515,2500.4716796875,0.2499999925494193
1145,0.0,0.0,0.2499999925494193,2500.511474609375,0.511529803276062,2500.511474609375,0.2499999925494193
1146,0.0,0.0,0.2499999925494193,2500.427001953125,0.4269167184829712,2500.427001953125,0.2499999925494193
1147,0.0,0.0,0.2499999925494193,2500.494384765625,0.49429184198379517,2500.494384765625,0.2499999925494193
1148,0.0,0.0,0.2499999925494193,2500.51611328125,0.5161457061767578,2500.51611328125,0.2499999925494193
1149,0.0,0.0,0.2499999925494193,2500.439453125,0.4393351078033447,2500.439453125,0.2499999925494193
1150,0.0,0.0,0.2499999925494193,2500.4267578125,0.42685770988464355,2500.4267578125,0.2499999925494193
1151,0.0,0.0,0.2499999925494193,2500.45849609375,0.45840078592300415,2500.45849609375,0.2499999925494193
1152,0.0,0.0,0.2499999925494193,2500.47998046875,0.4800228476524353,2500.47998046875,0.2499999925494193
1153,0.0,0.0,0.2499999925494193,2500.461669921875,0.4617677927017212,2500.461669921875,0.2499999925494193
1154,0.0,0.0,0.2499999925494193,2500.43896484375,0.43901360034942627,2500.43896484375,0.2499999925494193
1155,0.0,0.0,0.2499999925494193,2500.43994140625,0.4398547410964966,2500.43994140625,0.2499999925494193
1156,0.0,0.0,0.2499999925494193,2500.41357421875,0.4135855436325073,2500.41357421875,0.2499999925494193
1157,0.0,0.0,0.2499999925494193,2500.466552734375,0.46656858921051025,2500.466552734375,0.2499999925494193
1158,0.0,0.0,0.2499999925494193,2500.4892578125,0.48928678035736084,2500.4892578125,0.2499999925494193
1159,0.0,0.0,0.2499999925494193,2500.517333984375,0.5174438953399658,2500.517333984375,0.2499999925494193
1160,0.0,0.0,0.2499999925494193,2500.400390625,0.40036463737487793,2500.400390625,0.2499999925494193
1161,0.0,0.0,0.2499999925494193,2500.4560546875,0.45601433515548706,2500.4560546875,0.2499999925494193
1162,0.0,0.0,0.2499999925494193,2500.45166015625,0.4516064524650574,2500.45166015625,0.2499999925494193
1163,0.0,0.0,0.2499999925494193,2500.4697265625,0.4697977304458618,2500.4697265625,0.2499999925494193
1164,0.0,0.0,0.2499999925494193,2500.39111328125,0.39106714725494385,2500.39111328125,0.2499999925494193
1165,0.0,0.0,0.2499999925494193,2500.449462890625,0.4493468999862671,2500.449462890625,0.2499999925494193
1166,0.0,0.0,0.2499999925494193,2500.4970703125,0.49695396423339844,2500.4970703125,0.2499999925494193
1167,0.0,0.0,0.2499999925494193,2500.441650390625,0.44159114360809326,2500.441650390625,0.2499999925494193
1168,0.0,0.0,0.2499999925494193,2500.51318359375,0.5130871534347534,2500.51318359375,0.2499999925494193
1169,0.0,0.0,0.2499999925494193,2500.472412109375,0.47230279445648193,2500.472412109375,0.2499999925494193
1170,0.0,0.0,0.2499999925494193,2500.44091796875,0.44097089767456055,2500.44091796875,0.2499999925494193
1171,0.0,0.0,0.2499999925494193,2500.51708984375,0.5170736908912659,2500.51708984375,0.2499999925494193
1172,0.0,0.0,0.2499999925494193,2500.486083984375,0.4860185384750366,2500.486083984375,0.2499999925494193
1173,0.0,0.0,0.2499999925494193,2500.403564453125,0.40346527099609375,2500.403564453125,0.2499999925494193
1174,0.0,0.0,0.2499999925494193,2500.451171875,0.45123565196990967,2500.451171875,0.2499999925494193
1175,0.0,0.0,0.2499999925494193,2500.515869140625,0.515924334526062,2500.515869140625,0.2499999925494193
1176,0.0,0.0,0.2499999925494193,2500.45654296875,0.4566130042076111,2500.45654296875,0.2499999925494193
1177,0.0,0.0,0.2499999925494193,2500.521484375,0.5214592814445496,2500.521484375,0.2499999925494193
1178,0.0,0.0,0.2499999925494193,2500.4931640625,0.4932320713996887,2500.4931640625,0.2499999925494193
1179,0.0,0.0,0.2499999925494193,2500.54736328125,0.5472466349601746,2500.54736328125,0.2499999925494193
1180,0.0,0.0,0.2499999925494193,2500.528564453125,0.5284530520439148,2500.528564453125,0.2499999925494193
1181,0.0,0.0,0.2499999925494193,2500.3955078125,0.3955986499786377,2500.3955078125,0.2499999925494193
1182,0.0,0.0,0.2499999925494193,2500.494873046875,0.49490028619766235,2500.494873046875,0.2499999925494193
1183,0.0,0.0,0.2499999925494193,2500.447265625,0.44729965925216675,2500.447265625,0.2499999925494193
1184,0.0,0.0,0.2499999925494193,2500.4921875,0.49211955070495605,2500.4921875,0.2499999925494193
1185,0.0,0.0,0.2499999925494193,2500.43115234375,0.43103837966918945,2500.43115234375,0.2499999925494193
1186,0.0,0.0,0.2499999925494193,2500.477783203125,0.4776685833930969,2500.477783203125,0.2499999925494193
1187,0.0,0.0,0.2499999925494193,2500.449462890625,0.4494885802268982,2500.449462890625,0.2499999925494193
1188,0.0,0.0,0.2499999925494193,2500.4140625,0.41413068771362305,2500.4140625,0.2499999925494193
1189,0.0,0.0,0.2499999925494193,2500.484375,0.4843555688858032,2500.484375,0.2499999925494193
1190,0.0,0.0,0.2499999925494193,2500.40966796875,0.40958845615386963,2500.40966796875,0.2499999925494193
1191,0.0,0.0,0.2499999925494193,2500.462158203125,0.4621243476867676,2500.462158203125,0.2499999925494193
1192,0.0,0.0,0.2499999925494193,2500.490966796875,0.4908483028411865,2500.490966796875,0.2499999925494193
1193,0.0,0.0,0.2499999925494193,2500.450439453125,0.45054203271865845,2500.450439453125,0.2499999925494193
1194,0.0,0.0,0.2499999925494193,2500.3984375,0.3985118865966797,2500.3984375,0.2499999925494193
1195,0.0,0.0,0.2499999925494193,2500.478759765625,0.47873759269714355,2500.478759765625,0.2499999925494193
1196,0.0,0.0,0.2499999925494193,2500.447509765625,0.4474126100540161,2500.447509765625,0.2499999925494193
1197,0.0,0.0,0.2499999925494193,2500.4853515625,0.4852844476699829,2500.4853515625,0.2499999925494193
1198,0.0,0.0,0.2499999925494193,2500.45166015625,0.45168256759643555,2500.45166015625,0.2499999925494193
1199,0.0,0.0,0.2499999925494193,2500.517333984375,0.5173013210296631,2500.517333984375,0.2499999925494193
1200,0.0,0.0,0.2499999925494193,2500.399169921875,0.39926576614379883,2500.399169921875,0.2499999925494193
1201,0.0,0.0,0.2499999925494193,2500.432861328125,0.432880163192749,2500.432861328125,0.2499999925494193
1202,0.0,0.0,0.2499999925494193,2500.456787109375,0.45687127113342285,2500.456787109375,0.2499999925494193
1203,0.0,0.0,0.2499999925494193,2500.476318359375,0.47639769315719604,2500.476318359375,0.2499999925494193
1204,0.0,0.0,0.2499999925494193,2500.397216796875,0.397174596786499,2500.397216796875,0.2499999925494193
1205,0.0,0.0,0.2499999925494193,2500.397216796875,0.3973335027694702,2500.397216796875,0.2499999925494193
1206,0.0,0.0,0.2499999925494193,2500.4140625,0.4140610694885254,2500.4140625,0.2499999925494193
1207,0.0,0.0,0.2499999925494193,2500.447265625,0.4471609592437744,2500.447265625,0.2499999925494193
1208,0.0,0.0,0.2499999925494193,2500.437744140625,0.43779003620147705,2500.437744140625,0.2499999925494193
1209,0.0,0.0,0.2499999925494193,2500.44287109375,0.4427706003189087,2500.44287109375,0.2499999925494193
1210,0.0,0.0,0.2499999925494193,2500.46826171875,0.46815866231918335,2500.46826171875,0.2499999925494193
1211,0.0,0.0,0.2499999925494193,2500.40087890625,0.40087461471557617,2500.40087890625,0.2499999925494193
1212,0.0,0.0,0.2499999925494193,2500.414306640625,0.4142000675201416,2500.414306640625,0.2499999925494193
1213,0.0,0.0,0.2499999925494193,2500.42919921875,0.4291567802429199,2500.42919921875,0.2499999925494193
1214,0.0,0.0,0.2499999925494193,2500.440673828125,0.4405866861343384,2500.440673828125,0.2499999925494193
1215,0.0,0.0,0.2499999925494193,2500.463623046875,0.4636935591697693,2500.463623046875,0.2499999925494193
1216,0.0,0.0,0.2499999925494193,2500.4697265625,0.46980762481689453,2500.4697265625,0.2499999925494193
1217,0.0,0.0,0.2499999925494193,2500.458984375,0.4590088129043579,2500.458984375,0.2499999925494193
1218,0.0,0.0,0.2499999925494193,2500.4345703125,0.4345804452896118,2500.4345703125,0.2499999925494193
1219,0.0,0.0,0.2499999925494193,2500.452880859375,0.4528149366378784,2500.452880859375,0.2499999925494193
1220,0.0,0.0,0.2499999925494193,2500.5185546875,0.5186591744422913,2500.5185546875,0.2499999925494193
1221,0.0,0.0,0.2499999925494193,2500.439208984375,0.4391707181930542,2500.439208984375,0.2499999925494193
1222,0.0,0.0,0.2499999925494193,2500.4736328125,0.47367799282073975,2500.4736328125,0.2499999925494193
1223,0.0,0.0,0.2499999925494193,2500.4482421875,0.44826072454452515,2500.4482421875,0.2499999925494193
1224,0.0,0.0,0.2499999925494193,2500.435302734375,0.43536376953125,2500.435302734375,0.2499999925494193
1225,0.0,0.0,0.2499999925494193,2500.44677734375,0.4467748999595642,2500.44677734375,0.2499999925494193
1226,0.0,0.0,0.2499999925494193,2500.456787109375,0.45688319206237793,2500.456787109375,0.2499999925494193
1227,0.0,0.0,0.2499999925494193,2500.416259765625,0.41636180877685547,2500.416259765625,0.2499999925494193
1228,0.0,0.0,0.2499999925494193,2500.408447265625,0.40832698345184326,2500.408447265625,0.2499999925494193
1229,0.0,0.0,0.2499999925494193,2500.415283203125,0.4153571128845215,2500.415283203125,0.2499999925494193
1230,0.0,0.0,0.2499999925494193,2500.515625,0.5156581997871399,2500.515625,0.2499999925494193
1231,0.0,0.0,0.2499999925494193,2500.47119140625,0.4712828993797302,2500.47119140625,0.2499999925494193
1232,0.0,0.0,0.2499999925494193,2500.436279296875,0.4361759424209595,2500.436279296875,0.2499999925494193
1233,0.0,0.0,0.2499999925494193,2500.47412109375,0.47409117221832275,2500.47412109375,0.2499999925494193
1234,0.0,0.0,0.2499999925494193,2500.4326171875,0.4325782060623169,2500.4326171875,0.2499999925494193
1235,0.0,0.0,0.2499999925494193,2500.4287109375,0.4286653995513916,2500.4287109375,0.2499999925494193
1236,0.0,0.0,0.2499999925494193,2500.388671875,0.388694167137146,2500.388671875,0.2499999925494193
1237,0.0,0.0,0.2499999925494193,2500.3994140625,0.3995077610015869,2500.3994140625,0.2499999925494193
1238,0.0,0.0,0.2499999925494193,2500.483642578125,0.48375457525253296,2500.483642578125,0.2499999925494193
1239,0.0,0.0,0.2499999925494193,2500.464599609375,0.46456944942474365,2500.464599609375,0.2499999925494193
1240,0.0,0.0,0.2499999925494193,2500.381591796875,0.3817061185836792,2500.381591796875,0.2499999925494193
1241,0.0,0.0,0.2499999925494193,2500.46337890625,0.4634220004081726,2500.46337890625,0.2499999925494193
1242,0.0,0.0,0.2499999925494193,2500.40283203125,0.4027249813079834,2500.40283203125,0.2499999925494193
1243,0.0,0.0,0.2499999925494193,2500.45263671875,0.45275580883026123,2500.45263671875,0.2499999925494193
1244,0.0,0.0,0.2499999925494193,2500.425048828125,0.42505359649658203,2500.425048828125,0.2499999925494193
1245,0.0,0.0,0.2499999925494193,2500.49609375,0.49617743492126465,2500.49609375,0.2499999925494193
1246,0.0,0.0,0.2499999925494193,2500.5234375,0.5234106779098511,2500.5234375,0.2499999925494193
1247,0.0,0.0,0.2499999925494193,2500.442626953125,0.4427083730697632,2500.442626953125,0.2499999925494193
1248,0.0,0.0,0.2499999925494193,2500.46435546875,0.4643714427947998,2500.46435546875,0.2499999925494193
1249,0.0,0.0,0.2499999925494193,2500.42333984375,0.4233776330947876,2500.42333984375,0.2499999925494193
1250,0.0,0.0,0.2499999925494193,2500.5576171875,0.5576016902923584,2500.5576171875,0.2499999925494193
1251,0.0,0.0,0.2499999925494193,2500.46240234375,0.4623245596885681,2500.46240234375,0.2499999925494193
1252,0.0,0.0,0.2499999925494193,2500.423095703125,0.4230179786682129,2500.423095703125,0.2499999925494193
1253,0.0,0.0,0.2499999925494193,2500.4443359375,0.44424986839294434,2500.4443359375,0.2499999925494193
1254,0.0,0.0,0.2499999925494193,2500.441650390625,0.44166409969329834,2500.441650390625,0.2499999925494193
1255,0.0,0.0,0.2499999925494193,2500.41845703125,0.41839540004730225,2500.41845703125,0.2499999925494193
1256,0.0,0.0,0.2499999925494193,2500.425048828125,0.425112247467041,2500.425048828125,0.2499999925494193
1257,0.0,0.0,0.2499999925494193,2500.473388671875,0.4733343720436096,2500.473388671875,0.2499999925494193
1258,0.0,0.0,0.2499999925494193,2500.483154296875,0.48320281505584717,2500.483154296875,0.2499999925494193
1259,0.0,0.0,0.2499999925494193,2500.466552734375,0.4665544629096985,2500.466552734375,0.2499999925494193
1260,0.0,0.0,0.2499999925494193,2500.4462890625,0.44637876749038696,2500.4462890625,0.2499999925494193
1261,0.0,0.0,0.2499999925494193,2500.4375,0.43759632110595703,2500.4375,0.2499999925494193
1262,0.0,0.0,0.2499999925494193,2500.46435546875,0.46439194679260254,2500.46435546875,0.2499999925494193
1263,0.0,0.0,0.2499999925494193,2500.461669921875,0.4615633487701416,2500.461669921875,0.2499999925494193
1264,0.0,0.0,0.2499999925494193,2500.434814453125,0.43482840061187744,2500.434814453125,0.2499999925494193
1265,0.0,0.0,0.2499999925494193,2500.46875,0.46877503395080566,2500.46875,0.2499999925494193
1266,0.0,0.0,0.2499999925494193,2500.445556640625,0.44565367698669434,2500.445556640625,0.2499999925494193
1267,0.0,0.0,0.2499999925494193,2500.4306640625,0.4306868314743042,2500.4306640625,0.2499999925494193
1268,0.0,0.0,0.2499999925494193,2500.418701171875,0.41869068145751953,2500.418701171875,0.2499999925494193
1269,0.0,0.0,0.2499999925494193,2500.396728515625,0.3966176509857178,2500.396728515625,0.2499999925494193
1270,0.0,0.0,0.2499999925494193,2500.446044921875,0.4460660219192505,2500.446044921875,0.2499999925494193
1271,0.0,0.0,0.2499999925494193,2500.380859375,0.3807779550552368,2500.380859375,0.2499999925494193
1272,0.0,0.0,0.2499999925494193,2500.458984375,0.4590124487876892,2500.458984375,0.2499999925494193
1273,0.0,0.0,0.2499999925494193,2500.4765625,0.47653889656066895,2500.4765625,0.2499999925494193
1274,0.0,0.0,0.2499999925494193,2500.447265625,0.4471766948699951,2500.447265625,0.2499999925494193
1275,0.0,0.0,0.2499999925494193,2500.41845703125,0.41838395595550537,2500.41845703125,0.2499999925494193
1276,0.0,0.0,0.2499999925494193,2500.39892578125,0.39894866943359375,2500.39892578125,0.2499999925494193
1277,0.0,0.0,0.2499999925494193,2500.443603515625,0.4436962604522705,2500.443603515625,0.2499999925494193
1278,0.0,0.0,0.2499999925494193,2500.39404296875,0.3940235376358032,2500.39404296875,0.2499999925494193
1279,0.0,0.0,0.2499999925494193,2500.404052734375,0.40414178371429443,2500.404052734375,0.2499999925494193
1280,0.0,0.0,0.2499999925494193,2500.4150390625,0.41495823860168457,2500.4150390625,0.2499999925494193
1281,0.0,0.0,0.2499999925494193,2500.4365234375,0.4365581274032593,2500.4365234375,0.2499999925494193
1282,0.0,0.0,0.2499999925494193,2500.431640625,0.43175816535949707,2500.431640625,0.2499999925494193
1283,0.0,0.0,0.2499999925494193,2500.42822265625,0.42812013626098633,2500.42822265625,0.2499999925494193
1284,0.0,0.0,0.2499999925494193,2500.4482421875,0.4482695460319519,2500.4482421875,0.2499999925494193
1285,0.0,0.0,0.2499999925494193,2500.375732421875,0.3756403923034668,2500.375732421875,0.2499999925494193
1286,0.0,0.0,0.2499999925494193,2500.46142578125,0.4613257050514221,2500.46142578125,0.2499999925494193
1287,0.0,0.0,0.2499999925494193,2500.467529296875,0.4674290418624878,2500.467529296875,0.2499999925494193
1288,0.0,0.0,0.2499999925494193,2500.345703125,0.345611572265625,2500.345703125,0.2499999925494193
1289,0.0,0.0,0.2499999925494193,2500.38818359375,0.3881598711013794,2500.38818359375,0.2499999925494193
1290,0.0,0.0,0.2499999925494193,2500.3955078125,0.39551007747650146,2500.3955078125,0.2499999925494193
1291,0.0,0.0,0.2499999925494193,2500.449951171875,0.4499487280845642,2500.449951171875,0.2499999925494193
1292,0.0,0.0,0.2499999925494193,2500.389404296875,0.3894909620285034,2500.389404296875,0.2499999925494193
1293,0.0,0.0,0.2499999925494193,2500.40087890625,0.4008638858795166,2500.40087890625,0.2499999925494193
1294,0.0,0.0,0.2499999925494193,2500.434814453125,0.43493592739105225,2500.434814453125,0.2499999925494193
1295,0.0,0.0,0.2499999925494193,2500.42919921875,0.4292539358139038,2500.42919921875,0.2499999925494193
1296,0.0,0.0,0.2499999925494193,2500.423583984375,0.42353641986846924,2500.423583984375,0.2499999925494193
1297,0.0,0.0,0.2499999925494193,2500.42578125,0.42585301399230957,2500.42578125,0.2499999925494193
1298,0.0,0.0,0.2499999925494193,2500.421142578125,0.42103707790374756,2500.421142578125,0.2499999925494193
1299,0.0,0.0,0.2499999925494193,2500.471435546875,0.4714009761810303,2500.471435546875,0.2499999925494193
1300,0.0,0.0,0.2499999925494193,2500.4365234375,0.43642473220825195,2500.4365234375,0.2499999925494193
1301,0.0,0.0,0.2499999925494193,2500.39404296875,0.3940969705581665,2500.39404296875,0.2499999925494193
1302,0.0,0.0,0.2499999925494193,2500.373779296875,0.3736797571182251,2500.373779296875,0.2499999925494193
1303,0.0,0.0,0.2499999925494193,2500.457763671875,0.45770108699798584,2500.457763671875,0.2499999925494193
1304,0.0,0.0,0.2499999925494193,2500.41552734375,0.41557466983795166,2500.41552734375,0.2499999925494193
1305,0.0,0.0,0.2499999925494193,2500.43310546875,0.4330594539642334,2500.43310546875,0.2499999925494193
1306,0.0,0.0,0.2499999925494193,2500.435546875,0.43551933765411377,2500.435546875,0.2499999925494193
1307,0.0,0.0,0.2499999925494193,2500.45654296875,0.45649123191833496,2500.45654296875,0.2499999925494193
1308,0.0,0.0,0.2499999925494193,2500.47021484375,0.4700927734375,2500.47021484375,0.2499999925494193
1309,0.0,0.0,0.2499999925494193,2500.4345703125,0.43456149101257324,2500.4345703125,0.2499999925494193
1310,0.0,0.0,0.2499999925494193,2500.492431640625,0.4924912452697754,2500.492431640625,0.2499999925494193
1311,0.0,0.0,0.2499999925494193,2500.430908203125,0.4308727979660034,2500.430908203125,0.2499999925494193
1312,0.0,0.0,0.2499999925494193,2500.393310546875,0.3933619260787964,2500.393310546875,0.2499999925494193
1313,0.0,0.0,0.2499999925494193,2500.463134765625,0.4631425142288208,2500.463134765625,0.2499999925494193
1314,0.0,0.0,0.2499999925494193,2500.43212890625,0.43207812309265137,2500.43212890625,0.2499999925494193
1315,0.0,0.0,0.2499999925494193,2500.40478515625,0.4047393798828125,2500.40478515625,0.2499999925494193
1316,0.0,0.0,0.2499999925494193,2500.421142578125,0.4212169647216797,2500.421142578125,0.2499999925494193
1317,0.0,0.0,0.2499999925494193,2500.333984375,0.333962082862854,2500.333984375,0.2499999925494193
1318,0.0,0.0,0.2499999925494193,2500.43359375,0.43350040912628174,2500.43359375,0.2499999925494193
1319,0.0,0.0,0.2499999925494193,2500.435546875,0.4354287385940552,2500.435546875,0.2499999925494193
1320,0.0,0.0,0.2499999925494193,2500.441650390625,0.44161373376846313,2500.441650390625,0.2499999925494193
1321,0.0,0.0,0.2499999925494193,2500.441162109375,0.4410679340362549,2500.441162109375,0.2499999925494193
1322,0.0,0.0,0.2499999925494193,2500.47412109375,0.4741138815879822,2500.47412109375,0.2499999925494193
1323,0.0,0.0,0.2499999925494193,2500.428955078125,0.42903029918670654,2500.428955078125,0.2499999925494193
1324,0.0,0.0,0.2499999925494193,2500.44677734375,0.44687366485595703,2500.44677734375,0.2499999925494193
1325,0.0,0.0,0.2499999925494193,2500.433837890625,0.43379509449005127,2500.433837890625,0.2499999925494193
1326,0.0,0.0,0.2499999925494193,2500.431884765625,0.43189752101898193,2500.431884765625,0.2499999925494193
1327,0.0,0.0,0.2499999925494193,2500.39453125,0.3944556713104248,2500.39453125,0.2499999925494193
1328,0.0,0.0,0.2499999925494193,2500.386962890625,0.3869340419769287,2500.386962890625,0.2499999925494193
1329,0.0,0.0,0.2499999925494193,2500.421630859375,0.42154979705810547,2500.421630859375,0.2499999925494193
1330,0.0,0.0,0.2499999925494193,2500.403076171875,0.40316927433013916,2500.403076171875,0.2499999925494193
1331,0.0,0.0,0.2499999925494193,2500.44873046875,0.44863641262054443,2500.44873046875,0.2499999925494193
1332,0.0,0.0,0.2499999925494193,2500.53125,0.5311393737792969,2500.53125,0.2499999925494193
1333,0.0,0.0,0.2499999925494193,2500.40869140625,0.40872442722320557,2500.40869140625,0.2499999925494193
1334,0.0,0.0,0.20412413914855784,2500.42431640625,0.4243112802505493,2500.42431640625,0.20412413914855784
1335,0.0,0.0,0.2499999925494193,2500.423583984375,0.4235103130340576,2500.423583984375,0.2499999925494193
1336,0.0,0.0,0.2499999925494193,2500.376708984375,0.37679803371429443,2500.376708984375,0.2499999925494193
1337,0.0,0.0,0.2499999925494193,2500.363525390625,0.3635605573654175,2500.363525390625,0.2499999925494193
1338,0.0,0.0,0.2499999925494193,2500.41552734375,0.4155268669128418,2500.41552734375,0.2499999925494193
1339,0.0,0.0,0.2499999925494193,2500.404052734375,0.4040025472640991,2500.404052734375,0.2499999925494193
1340,0.0,0.0,0.2499999925494193,2500.47607421875,0.47605961561203003,2500.47607421875,0.2499999925494193
1341,0.0,0.0,0.2499999925494193,2500.3125,0.31241893768310547,2500.3125,0.2499999925494193
1342,0.0,0.0,0.2499999925494193,2500.34814453125,0.34825265407562256,2500.34814453125,0.2499999925494193
1343,0.0,0.0,0.2499999925494193,2500.462646484375,0.46256911754608154,2500.462646484375,0.2499999925494193
1344,0.0,0.0,0.2499999925494193,2500.376220703125,0.3761991262435913,2500.376220703125,0.2499999925494193
1345,0.0,0.0,0.2499999925494193,2500.404052734375,0.40412437915802,2500.404052734375,0.2499999925494193
1346,0.0,0.0,0.2499999925494193,2500.42431640625,0.4243375062942505,2500.42431640625,0.2499999925494193
1347,0.0,0.0,0.2499999925494193,2500.419677734375,0.41970551013946533,2500.419677734375,0.2499999925494193
1348,0.0,0.0,0.2499999925494193,2500.390625,0.39062583446502686,2500.390625,0.2499999925494193
1349,0.0,0.0,0.2499999925494193,2500.368896484375,0.36883795261383057,2500.368896484375,0.2499999925494193
1350,0.0,0.0,0.2499999925494193,2500.402099609375,0.4019894599914551,2500.402099609375,0.2499999925494193
1351,0.0,0.0,0.2499999925494193,2500.432861328125,0.4329054355621338,2500.432861328125,0.2499999925494193
1352,0.0,0.0,0.2499999925494193,2500.416259765625,0.41622161865234375,2500.416259765625,0.2499999925494193
1353,0.0,0.0,0.2499999925494193,2500.412109375,0.41214585304260254,2500.412109375,0.2499999925494193
1354,0.0,0.0,0.2499999925494193,2500.337158203125,0.3372645378112793,2500.337158203125,0.2499999925494193
1355,0.0,0.0,0.2499999925494193,2500.468505859375,0.468497097492218,2500.468505859375,0.2499999925494193
1356,0.0,0.0,0.2499999925494193,2500.468505859375,0.46860772371292114,2500.468505859375,0.2499999925494193
1357,0.0,0.0,0.2499999925494193,2500.464599609375,0.46469926834106445,2500.464599609375,0.2499999925494193
1358,0.0,0.0,0.2499999925494193,2500.406494140625,0.40653979778289795,2500.406494140625,0.2499999925494193
1359,0.0,0.0,0.2499999925494193,2500.399658203125,0.3996729850769043,2500.399658203125,0.2499999925494193
1360,0.0,0.0,0.2499999925494193,2500.416015625,0.41613686084747314,2500.416015625,0.2499999925494193
1361,0.0,0.0,0.2499999925494193,2500.412353515625,0.4123431444168091,2500.412353515625,0.2499999925494193
1362,0.0,0.0,0.2499999925494193,2500.369140625,0.36923742294311523,2500.369140625,0.2499999925494193
1363,0.0,0.0,0.2499999925494193,2500.429443359375,0.42945027351379395,2500.429443359375,0.2499999925494193
1364,0.0,0.0,0.2499999925494193,2500.361572265625,0.3615967035293579,2500.361572265625,0.2499999925494193
1365,0.0,0.0,0.2499999925494193,2500.39697265625,0.39686739444732666,2500.39697265625,0.2499999925494193
1366,0.0,0.0,0.2499999925494193,2500.396728515625,0.39673495292663574,2500.396728515625,0.2499999925494193
1367,0.0,0.0,0.2499999925494193,2500.384521484375,0.3845489025115967,2500.384521484375,0.2499999925494193
1368,0.0,0.0,0.2499999925494193,2500.50341796875,0.503437876701355,2500.50341796875,0.2499999925494193
1369,0.0,0.0,0.2499999925494193,2500.442626953125,0.4425790309906006,2500.442626953125,0.2499999925494193
1370,0.0,0.0,0.2499999925494193,2500.375732421875,0.3757667541503906,2500.375732421875,0.2499999925494193
1371,0.0,0.0,0.2499999925494193,2500.436279296875,0.4362819194793701,2500.436279296875,0.2499999925494193
1372,0.0,0.0,0.2499999925494193,2500.396240234375,0.3961387872695923,2500.396240234375,0.2499999925494193
1373,0.0,0.0,0.2499999925494193,2500.4443359375,0.44440770149230957,2500.4443359375,0.2499999925494193
1374,0.0,0.0,0.2499999925494193,2500.411865234375,0.4119306802749634,2500.411865234375,0.2499999925494193
1375,0.0,0.0,0.2499999925494193,2500.42626953125,0.4261941909790039,2500.42626953125,0.2499999925494193
1376,0.0,0.0,0.2499999925494193,2500.407470703125,0.4075148105621338,2500.407470703125,0.2499999925494193
1377,0.0,0.0,0.2499999925494193,2500.470458984375,0.4705144762992859,2500.470458984375,0.2499999925494193
1378,0.0,0.0,0.2499999925494193,2500.37841796875,0.3784043788909912,2500.37841796875,0.2499999925494193
1379,0.0,0.0,0.2499999925494193,2500.412109375,0.41201817989349365,2500.412109375,0.2499999925494193
1380,0.0,0.0,0.2499999925494193,2500.424560546875,0.4246704578399658,2500.424560546875,0.2499999925494193
1381,0.0,0.0,0.2499999925494193,2500.393798828125,0.39380836486816406,2500.393798828125,0.2499999925494193
1382,0.0,0.0,0.2499999925494193,2500.420654296875,0.4207470417022705,2500.420654296875,0.2499999925494193
1383,0.0,0.0,0.2499999925494193,2500.4072265625,0.4073413610458374,2500.4072265625,0.2499999925494193
1384,0.0,0.0,0.2499999925494193,2500.412109375,0.4121299982070923,2500.412109375,0.2499999925494193
1385,0.0,0.0,0.2499999925494193,2500.432861328125,0.43292236328125,2500.432861328125,0.2499999925494193
1386,0.0,0.0,0.2499999925494193,2500.454345703125,0.4542468190193176,2500.454345703125,0.2499999925494193
1387,0.0,0.0,0.2499999925494193,2500.38525390625,0.3851466178894043,2500.38525390625,0.2499999925494193
1388,0.0,0.0,0.2499999925494193,2500.439208984375,0.43924057483673096,2500.439208984375,0.2499999925494193
1389,0.0,0.0,0.2499999925494193,2500.3642578125,0.36435043811798096,2500.3642578125,0.2499999925494193
1390,0.0,0.0,0.2499999925494193,2500.399169921875,0.3991661071777344,2500.399169921875,0.2499999925494193
1391,0.0,0.0,0.2499999925494193,2500.456298828125,0.456415593624115,2500.456298828125,0.2499999925494193
1392,0.0,0.0,0.2499999925494193,2500.366455078125,0.3665248155593872,2500.366455078125,0.2499999925494193
1393,0.0,0.0,0.2499999925494193,2500.388671875,0.38863515853881836,2500.388671875,0.2499999925494193
1394,0.0,0.0,0.2499999925494193,2500.479248046875,0.4793688654899597,2500.479248046875,0.2499999925494193
1395,0.0,0.0,0.2499999925494193,2500.340087890625,0.3400120735168457,2500.340087890625,0.2499999925494193
1396,0.0,0.0,0.2499999925494193,2500.37548828125,0.3755509853363037,2500.37548828125,0.2499999925494193
1397,0.0,0.0,0.2499999925494193,2500.446044921875,0.44603657722473145,2500.446044921875,0.2499999925494193
1398,0.0,0.0,0.2499999925494193,2500.371826171875,0.3718533515930176,2500.371826171875,0.2499999925494193
1399,0.0,0.0,0.2499999925494193,2500.45703125,0.4571043848991394,2500.45703125,0.2499999925494193
1400,0.0,0.0,0.2499999925494193,2500.3916015625,0.39153003692626953,2500.3916015625,0.2499999925494193
1401,0.0,0.0,0.2499999925494193,2500.38720703125,0.387170672416687,2500.38720703125,0.2499999925494193
1402,0.0,0.0,0.2499999925494193,2500.408935546875,0.40902960300445557,2500.408935546875,0.2499999925494193
1403,0.0,0.0,0.2499999925494193,2500.43017578125,0.430131196975708,2500.43017578125,0.2499999925494193
1404,0.0,0.0,0.2499999925494193,2500.373046875,0.37314414978027344,2500.373046875,0.2499999925494193
1405,0.0,0.0,0.2499999925494193,2500.43505859375,0.43496453762054443,2500.43505859375,0.2499999925494193
1406,0.0,0.0,0.2499999925494193,2500.33837890625,0.3384140729904175,2500.33837890625,0.2499999925494193
1407,0.0,0.0,0.2499999925494193,2500.394287109375,0.394406795501709,2500.394287109375,0.2499999925494193
1408,0.0,0.0,0.2499999925494193,2500.4423828125,0.44245725870132446,2500.4423828125,0.2499999925494193
1409,0.0,0.0,0.2499999925494193,2500.39306640625,0.39311373233795166,2500.39306640625,0.2499999925494193
1410,0.0,0.0,0.2499999925494193,2500.41357421875,0.4136195182800293,2500.41357421875,0.2499999925494193
1411,0.0,0.0,0.2499999925494193,2500.40869140625,0.4088026285171509,2500.40869140625,0.2499999925494193
1412,0.0,0.0,0.2499999925494193,2500.440185546875,0.4402890205383301,2500.440185546875,0.2499999925494193
1413,0.0,0.0,0.2499999925494193,2500.361572265625,0.36146068572998047,2500.361572265625,0.2499999925494193
1414,0.0,0.0,0.2499999925494193,2500.39453125,0.3944699764251709,2500.39453125,0.2499999925494193
1415,0.0,0.0,0.2499999925494193,2500.44970703125,0.44974374771118164,2500.44970703125,0.2499999925494193
1416,0.0,0.0,0.2499999925494193,2500.385498046875,0.38551390171051025,2500.385498046875,0.2499999925494193
1417,0.0,0.0,0.2499999925494193,2500.33349609375,0.3334510326385498,2500.33349609375,0.2499999925494193
1418,0.0,0.0,0.2499999925494193,2500.4140625,0.414037823677063,2500.4140625,0.2499999925494193
1419,0.0,0.0,0.2499999925494193,2500.415771484375,0.41578471660614014,2500.415771484375,0.2499999925494193
1420,0.0,0.0,0.2499999925494193,2500.34716796875,0.34717369079589844,2500.34716796875,0.2499999925494193
1421,0.0,0.0,0.2499999925494193,2500.3876953125,0.3875753879547119,2500.3876953125,0.2499999925494193
1422,0.0,0.0,0.2499999925494193,2500.43701171875,0.4369523525238037,2500.43701171875,0.2499999925494193
1423,0.0,0.0,0.2499999925494193,2500.483154296875,0.48318713903427124,2500.483154296875,0.2499999925494193
1424,0.0,0.0,0.2499999925494193,2500.414306640625,0.4142338037490845,2500.414306640625,0.2499999925494193
1425,0.0,0.0,0.2499999925494193,2500.42236328125,0.4222491979598999,2500.42236328125,0.2499999925494193
1426,0.0,0.0,0.2499999925494193,2500.439453125,0.43941211700439453,2500.439453125,0.2499999925494193
1427,0.0,0.0,0.2499999925494193,2500.4052734375,0.40523695945739746,2500.4052734375,0.2499999925494193
1428,0.0,0.0,0.2499999925494193,2500.39013671875,0.3901585340499878,2500.39013671875,0.2499999925494193
1429,0.0,0.0,0.2499999925494193,2500.3828125,0.38272809982299805,2500.3828125,0.2499999925494193
1430,0.0,0.0,0.2499999925494193,2500.4150390625,0.41511237621307373,2500.4150390625,0.2499999925494193
1431,0.0,0.0,0.2499999925494193,2500.4453125,0.4452381134033203,2500.4453125,0.2499999925494193
1432,0.0,0.0,0.2499999925494193,2500.3974609375,0.3974372148513794,2500.3974609375,0.2499999925494193
1433,0.0,0.0,0.2499999925494193,2500.365966796875,0.36595797538757324,2500.365966796875,0.2499999925494193
1434,0.0,0.0,0.2499999925494193,2500.4541015625,0.4541066288948059,2500.4541015625,0.2499999925494193
1435,0.0,0.0,0.2499999925494193,2500.45068359375,0.4507650136947632,2500.45068359375,0.2499999925494193
1436,0.0,0.0,0.2499999925494193,2500.406982421875,0.40705668926239014,2500.406982421875,0.2499999925494193
1437,0.0,0.0,0.2499999925494193,2500.39453125,0.3945099115371704,2500.39453125,0.2499999925494193
1438,0.0,0.0,0.2499999925494193,2500.45166015625,0.4516069293022156,2500.45166015625,0.2499999925494193
1439,0.0,0.0,0.2499999925494193,2500.466064453125,0.4659953713417053,2500.466064453125,0.2499999925494193
1440,0.0,0.0,0.2499999925494193,2500.445556640625,0.44555771350860596,2500.445556640625,0.2499999925494193
1441,0.0,0.0,0.2499999925494193,2500.42529296875,0.42526447772979736,2500.42529296875,0.2499999925494193
1442,0.0,0.0,0.2499999925494193,2500.4619140625,0.4618878960609436,2500.4619140625,0.2499999925494193
1443,0.0,0.0,0.2499999925494193,2500.466552734375,0.46645450592041016,2500.466552734375,0.2499999925494193
1444,0.0,0.0,0.2499999925494193,2500.401611328125,0.4017181396484375,2500.401611328125,0.2499999925494193
1445,0.0,0.0,0.2499999925494193,2500.3623046875,0.3623253107070923,2500.3623046875,0.2499999925494193
1446,0.0,0.0,0.2499999925494193,2500.404296875,0.40436649322509766,2500.404296875,0.2499999925494193
1447,0.0,0.0,0.2499999925494193,2500.404052734375,0.40395545959472656,2500.404052734375,0.2499999925494193
1448,0.0,0.0,0.2499999925494193,2500.423095703125,0.4231516122817993,2500.423095703125,0.2499999925494193
1449,0.0,0.0,0.2499999925494193,2500.354736328125,0.35482215881347656,2500.354736328125,0.2499999925494193
1450,0.0,0.0,0.2499999925494193,2500.37158203125,0.3715355396270752,2500.37158203125,0.2499999925494193
1451,0.0,0.0,0.2499999925494193,2500.425537109375,0.42548155784606934,2500.425537109375,0.2499999925494193
1452,0.0,0.0,0.2499999925494193,2500.438720703125,0.4388183355331421,2500.438720703125,0.2499999925494193
1453,0.0,0.0,0.2499999925494193,2500.373046875,0.3731030225753784,2500.373046875,0.2499999925494193
1454,0.0,0.0,0.2499999925494193,2500.41748046875,0.4174835681915283,2500.41748046875,0.2499999925494193
1455,0.0,0.0,0.2499999925494193,2500.402099609375,0.4022042751312256,2500.402099609375,0.2499999925494193
1456,0.0,0.0,0.2499999925494193,2500.359619140625,0.3596385717391968,2500.359619140625,0.2499999925494193
1457,0.0,0.0,0.2499999925494193,2500.41845703125,0.4184986352920532,2500.41845703125,0.2499999925494193
1458,0.0,0.0,0.2499999925494193,2500.35693359375,0.3570452928543091,2500.35693359375,0.2499999925494193
1459,0.0,0.0,0.2499999925494193,2500.427734375,0.42774152755737305,2500.427734375,0.2499999925494193
1460,0.0,0.0,0.2499999925494193,2500.46142578125,0.4613427519798279,2500.46142578125,0.2499999925494193
1461,0.0,0.0,0.2499999925494193,2500.393310546875,0.3932572603225708,2500.393310546875,0.2499999925494193
1462,0.0,0.0,0.2499999925494193,2500.372802734375,0.3728600740432739,2500.372802734375,0.2499999925494193
1463,0.0,0.0,0.2499999925494193,2500.39111328125,0.3910040855407715,2500.39111328125,0.2499999925494193
1464,0.0,0.0,0.2499999925494193,2500.397705078125,0.3976602554321289,2500.397705078125,0.2499999925494193
1465,0.0,0.0,0.2499999925494193,2500.410400390625,0.4103569984436035,2500.410400390625,0.2499999925494193
1466,0.0,0.0,0.2499999925494193,2500.357177734375,0.3572477102279663,2500.357177734375,0.2499999925494193
1467,0.0,0.0,0.2499999925494193,2500.414794921875,0.4148881435394287,2500.414794921875,0.2499999925494193
1468,0.0,0.0,0.2499999925494193,2500.387451171875,0.3875296115875244,2500.387451171875,0.2499999925494193
1469,0.0,0.0,0.2499999925494193,2500.439453125,0.43953514099121094,2500.439453125,0.2499999925494193
1470,0.0,0.0,0.2499999925494193,2500.407958984375,0.4078911542892456,2500.407958984375,0.2499999925494193
1471,0.0,0.0,0.2499999925494193,2500.447021484375,0.44694674015045166,2500.447021484375,0.2499999925494193
1472,0.0,0.0,0.2499999925494193,2500.40185546875,0.40184831619262695,2500.40185546875,0.2499999925494193
1473,0.0,0.0,0.2499999925494193,2500.437744140625,0.43770551681518555,2500.437744140625,0.2499999925494193
1474,0.0,0.0,0.2499999925494193,2500.396240234375,0.39616239070892334,2500.396240234375,0.2499999925494193
1475,0.0,0.0,0.2499999925494193,2500.427978515625,0.42797017097473145,2500.427978515625,0.2499999925494193
1476,0.0,0.0,0.2499999925494193,2500.42333984375,0.42343008518218994,2500.42333984375,0.2499999925494193
1477,0.0,0.0,0.2499999925494193,2500.420166015625,0.4202001094818115,2500.420166015625,0.2499999925494193
1478,0.0,0.0,0.2499999925494193,2500.37939453125,0.3792839050292969,2500.37939453125,0.2499999925494193
1479,0.0,0.0,0.2499999925494193,2500.44287109375,0.4427887797355652,2500.44287109375,0.2499999925494193
1480,0.0,0.0,0.2499999925494193,2500.382080078125,0.3821554183959961,2500.382080078125,0.2499999925494193
1481,0.0,0.0,0.2499999925494193,2500.4169921875,0.4170687198638916,2500.4169921875,0.2499999925494193
1482,0.0,0.0,0.2499999925494193,2500.349609375,0.34950196743011475,2500.349609375,0.2499999925494193
1483,0.0,0.0,0.2499999925494193,2500.376708984375,0.3766411542892456,2500.376708984375,0.2499999925494193
1484,0.0,0.0,0.2499999925494193,2500.351318359375,0.35120129585266113,2500.351318359375,0.2499999925494193
1485,0.0,0.0,0.2499999925494193,2500.346435546875,0.3464609384536743,2500.346435546875,0.2499999925494193
1486,0.0,0.0,0.2499999925494193,2500.336181640625,0.33607208728790283,2500.336181640625,0.2499999925494193
1487,0.0,0.0,0.2499999925494193,2500.36474609375,0.3647536039352417,2500.36474609375,0.2499999925494193
1488,0.0,0.0,0.2499999925494193,2500.34716796875,0.3471829891204834,2500.34716796875,0.2499999925494193
1489,0.0,0.0,0.2499999925494193,2500.43310546875,0.4332127571105957,2500.43310546875,0.2499999925494193
1490,0.0,0.0,0.2499999925494193,2500.34033203125,0.3404155969619751,2500.34033203125,0.2499999925494193
1491,0.0,0.0,0.2499999925494193,2500.34619140625,0.346272349357605,2500.34619140625,0.2499999925494193
1492,0.0,0.0,0.2499999925494193,2500.373779296875,0.37369251251220703,2500.373779296875,0.2499999925494193
1493,0.0,0.0,0.2499999925494193,2500.376708984375,0.3766484260559082,2500.376708984375,0.2499999925494193
1494,0.0,0.0,0.2499999925494193,2500.465576171875,0.4656219482421875,2500.465576171875,0.2499999925494193
1495,0.0,0.0,0.2499999925494193,2500.36474609375,0.3647618293762207,2500.36474609375,0.2499999925494193
1496,0.0,0.0,0.2499999925494193,2500.367431640625,0.36747169494628906,2500.367431640625,0.2499999925494193
1497,0.0,0.0,0.2499999925494193,2500.396484375,0.39649784564971924,2500.396484375,0.2499999925494193
1498,0.0,0.0,0.2499999925494193,2500.421630859375,0.4217488765716553,2500.421630859375,0.2499999925494193
1499,0.0,0.0,0.2499999925494193,2500.436767578125,0.43669211864471436,2500.436767578125,0.2499999925494193
1500,0.0,0.0,0.2499999925494193,2500.417724609375,0.41768646240234375,2500.417724609375,0.2499999925494193
1501,0.0,0.0,0.2499999925494193,2500.342529296875,0.3425145149230957,2500.342529296875,0.2499999925494193
1502,0.0,0.0,0.2499999925494193,2500.4443359375,0.44425129890441895,2500.4443359375,0.2499999925494193
1503,0.0,0.0,0.2499999925494193,2500.34521484375,0.3451896905899048,2500.34521484375,0.2499999925494193
1504,0.0,0.0,0.2499999925494193,2500.432861328125,0.4328012466430664,2500.432861328125,0.2499999925494193
1505,0.0,0.0,0.2499999925494193,2500.330322265625,0.33037006855010986,2500.330322265625,0.2499999925494193
1506,0.0,0.0,0.2499999925494193,2500.3935546875,0.3936488628387451,2500.3935546875,0.2499999925494193
1507,0.0,0.0,0.2499999925494193,2500.401611328125,0.40167009830474854,2500.401611328125,0.2499999925494193
1508,0.0,0.0,0.2499999925494193,2500.3974609375,0.3975130319595337,2500.3974609375,0.2499999925494193
1509,0.0,0.0,0.2499999925494193,2500.35107421875,0.35119378566741943,2500.35107421875,0.2499999925494193
1510,0.0,0.0,0.2499999925494193,2500.390869140625,0.39087212085723877,2500.390869140625,0.2499999925494193
1511,0.0,0.0,0.2499999925494193,2500.336181640625,0.3361477851867676,2500.336181640625,0.2499999925494193
1512,0.0,0.0,0.2499999925494193,2500.37939453125,0.3793165683746338,2500.37939453125,0.2499999925494193
1513,0.0,0.0,0.2499999925494193,2500.3544921875,0.35443437099456787,2500.3544921875,0.2499999925494193
1514,0.0,0.0,0.2499999925494193,2500.36474609375,0.36481237411499023,2500.36474609375,0.2499999925494193
1515,0.0,0.0,0.2499999925494193,2500.351806640625,0.35177063941955566,2500.351806640625,0.2499999925494193
1516,0.0,0.0,0.2499999925494193,2500.355224609375,0.3552595376968384,2500.355224609375,0.2499999925494193
1517,0.0,0.0,0.2499999925494193,2500.3642578125,0.3642328977584839,2500.3642578125,0.2499999925494193
1518,0.0,0.0,0.2499999925494193,2500.3916015625,0.3915315866470337,2500.3916015625,0.2499999925494193
1519,0.0,0.0,0.2499999925494193,2500.39892578125,0.3988152742385864,2500.39892578125,0.2499999925494193
1520,0.0,0.0,0.2499999925494193,2500.37548828125,0.375598669052124,2500.37548828125,0.2499999925494193
1521,0.0,0.0,0.2499999925494193,2500.40771484375,0.4077388048171997,2500.40771484375,0.2499999925494193
1522,0.0,0.0,0.2499999925494193,2500.414794921875,0.4147580862045288,2500.414794921875,0.2499999925494193
1523,0.0,0.0,0.2499999925494193,2500.390869140625,0.3908517360687256,2500.390869140625,0.2499999925494193
1524,0.0,0.0,0.2499999925494193,2500.406982421875,0.4070667028427124,2500.406982421875,0.2499999925494193
1525,0.0,0.0,0.2499999925494193,2500.358154296875,0.3582723140716553,2500.358154296875,0.2499999925494193
1526,0.0,0.0,0.2499999925494193,2500.40966796875,0.40958476066589355,2500.40966796875,0.2499999925494193
1527,0.0,0.0,0.2499999925494193,2500.3935546875,0.3934541940689087,2500.3935546875,0.2499999925494193
1528,0.0,0.0,0.2499999925494193,2500.444091796875,0.444006085395813,2500.444091796875,0.2499999925494193
1529,0.0,0.0,0.2499999925494193,2500.405029296875,0.40492260456085205,2500.405029296875,0.2499999925494193
1530,0.0,0.0,0.2499999925494193,2500.35693359375,0.3569380044937134,2500.35693359375,0.2499999925494193
1531,0.0,0.0,0.2499999925494193,2500.45556640625,0.45547157526016235,2500.45556640625,0.2499999925494193
1532,0.0,0.0,0.2499999925494193,2500.3916015625,0.39172232151031494,2500.3916015625,0.2499999925494193
1533,0.0,0.0,0.2499999925494193,2500.422607421875,0.4225562810897827,2500.422607421875,0.2499999925494193
1534,0.0,0.0,0.2499999925494193,2500.330322265625,0.33029353618621826,2500.330322265625,0.2499999925494193
1535,0.0,0.0,0.2499999925494193,2500.353759765625,0.35386431217193604,2500.353759765625,0.2499999925494193
1536,0.0,0.0,0.2499999925494193,2500.3466796875,0.3467128276824951,2500.3466796875,0.2499999925494193
1537,0.0,0.0,0.2499999925494193,2500.43310546875,0.4331158399581909,2500.43310546875,0.2499999925494193
1538,0.0,0.0,0.2499999925494193,2500.365478515625,0.3654977083206177,2500.365478515625,0.2499999925494193
1539,0.0,0.0,0.2499999925494193,2500.432373046875,0.4323223829269409,2500.432373046875,0.2499999925494193
1540,0.0,0.0,0.2499999925494193,2500.402587890625,0.40270137786865234,2500.402587890625,0.2499999925494193
1541,0.0,0.0,0.2499999925494193,2500.45703125,0.45711416006088257,2500.45703125,0.2499999925494193
1542,0.0,0.0,0.2499999925494193,2500.39990234375,0.39998507499694824,2500.39990234375,0.2499999925494193
1543,0.0,0.0,0.2499999925494193,2500.431884765625,0.43197906017303467,2500.431884765625,0.2499999925494193
1544,0.0,0.0,0.2499999925494193,2500.417236328125,0.41713035106658936,2500.417236328125,0.2499999925494193
1545,0.0,0.0,0.2499999925494193,2500.340576171875,0.34067678451538086,2500.340576171875,0.2499999925494193
1546,0.0,0.0,0.2499999925494193,2500.358642578125,0.35865604877471924,2500.358642578125,0.2499999925494193
1547,0.0,0.0,0.2499999925494193,2500.370361328125,0.3703380823135376,2500.370361328125,0.2499999925494193
1548,0.0,0.0,0.2499999925494193,2500.430908203125,0.43087172508239746,2500.430908203125,0.2499999925494193
1549,0.0,0.0,0.2499999925494193,2500.357177734375,0.35722625255584717,2500.357177734375,0.2499999925494193
1550,0.0,0.0,0.2499999925494193,2500.35498046875,0.3549821376800537,2500.35498046875,0.2499999925494193
1551,0.0,0.0,0.2499999925494193,2500.406005859375,0.40591394901275635,2500.406005859375,0.2499999925494193
1552,0.0,0.0,0.2499999925494193,2500.363525390625,0.36353600025177,2500.363525390625,0.2499999925494193
1553,0.0,0.0,0.2499999925494193,2500.337890625,0.33780980110168457,2500.337890625,0.2499999925494193
1554,0.0,0.0,0.2499999925494193,2500.37548828125,0.3753833770751953,2500.37548828125,0.2499999925494193
1555,0.0,0.0,0.2499999925494193,2500.36474609375,0.3647674322128296,2500.36474609375,0.2499999925494193
1556,0.0,0.0,0.2499999925494193,2500.364501953125,0.36452293395996094,2500.364501953125,0.2499999925494193
1557,0.0,0.0,0.2499999925494193,2500.393798828125,0.39384591579437256,2500.393798828125,0.2499999925494193
1558,0.0,0.0,0.2499999925494193,2500.35986328125,0.35979151725769043,2500.35986328125,0.2499999925494193
1559,0.0,0.0,0.2499999925494193,2500.357421875,0.3575221300125122,2500.357421875,0.2499999925494193
1560,0.0,0.0,0.2499999925494193,2500.40185546875,0.40183329582214355,2500.40185546875,0.2499999925494193
1561,0.0,0.0,0.2499999925494193,2500.363037109375,0.3631364107131958,2500.363037109375,0.2499999925494193
1562,0.0,0.0,0.2499999925494193,2500.333984375,0.3339005708694458,2500.333984375,0.2499999925494193
1563,0.0,0.0,0.2499999925494193,2500.3662109375,0.3660888671875,2500.3662109375,0.2499999925494193
1564,0.0,0.0,0.2499999925494193,2500.36865234375,0.3685612678527832,2500.36865234375,0.2499999925494193
1565,0.0,0.0,0.2499999925494193,2500.341796875,0.3419041633605957,2500.341796875,0.2499999925494193
1566,0.0,0.0,0.2499999925494193,2500.35302734375,0.35298967361450195,2500.35302734375,0.2499999925494193
1567,0.0,0.0,0.2499999925494193,2500.405517578125,0.4054614305496216,2500.405517578125,0.2499999925494193
1568,0.0,0.0,0.2499999925494193,2500.34033203125,0.3402900695800781,2500.34033203125,0.2499999925494193
1569,0.0,0.0,0.2499999925494193,2500.403076171875,0.4031083583831787,2500.403076171875,0.2499999925494193
1570,0.0,0.0,0.2499999925494193,2500.3828125,0.38290345668792725,2500.3828125,0.2499999925494193
1571,0.0,0.0,0.2499999925494193,2500.3935546875,0.39364778995513916,2500.3935546875,0.2499999925494193
1572,0.0,0.0,0.2499999925494193,2500.447021484375,0.4469105005264282,2500.447021484375,0.2499999925494193
1573,0.0,0.0,0.2499999925494193,2500.313232421875,0.31317973136901855,2500.313232421875,0.2499999925494193
1574,0.0,0.0,0.2499999925494193,2500.408203125,0.408227801322937,2500.408203125,0.2499999925494193
1575,0.0,0.0,0.2499999925494193,2500.35546875,0.35548365116119385,2500.35546875,0.2499999925494193
1576,0.0,0.0,0.2499999925494193,2500.35693359375,0.3569619655609131,2500.35693359375,0.2499999925494193
1577,0.0,0.0,0.2499999925494193,2500.360107421875,0.36006784439086914,2500.360107421875,0.2499999925494193
1578,0.0,0.0,0.2499999925494193,2500.36767578125,0.36756348609924316,2500.36767578125,0.2499999925494193
1579,0.0,0.0,0.2499999925494193,2500.396728515625,0.3967956304550171,2500.396728515625,0.2499999925494193
1580,0.0,0.0,0.2499999925494193,2500.38818359375,0.388088583946228,2500.38818359375,0.2499999925494193
1581,0.0,0.0,0.2499999925494193,2500.38134765625,0.381245493888855,2500.38134765625,0.2499999925494193
1582,0.0,0.0,0.2499999925494193,2500.3642578125,0.36418259143829346,2500.3642578125,0.2499999925494193
1583,0.0,0.0,0.2499999925494193,2500.325439453125,0.3253962993621826,2500.325439453125,0.2499999925494193
1584,0.0,0.0,0.2499999925494193,2500.3935546875,0.3934929370880127,2500.3935546875,0.2499999925494193
1585,0.0,0.0,0.2499999925494193,2500.44970703125,0.4496755599975586,2500.44970703125,0.2499999925494193
1586,0.0,0.0,0.2499999925494193,2500.375,0.37499964237213135,2500.375,0.2499999925494193
1587,0.0,0.0,0.2499999925494193,2500.35400390625,0.3540745973587036,2500.35400390625,0.2499999925494193
1588,0.0,0.0,0.2499999925494193,2500.3671875,0.3670947551727295,2500.3671875,0.2499999925494193
1589,0.0,0.0,0.2499999925494193,2500.362060546875,0.361980676651001,2500.362060546875,0.2499999925494193
1590,0.0,0.0,0.2499999925494193,2500.356689453125,0.3567394018173218,2500.356689453125,0.2499999925494193
1591,0.0,0.0,0.2499999925494193,2500.399658203125,0.39961016178131104,2500.399658203125,0.2499999925494193
1592,0.0,0.0,0.2499999925494193,2500.41845703125,0.4184889793395996,2500.41845703125,0.2499999925494193
1593,0.0,0.0,0.2499999925494193,2500.353759765625,0.35366368293762207,2500.353759765625,0.2499999925494193
1594,0.0,0.0,0.2499999925494193,2500.3818359375,0.38177919387817383,2500.3818359375,0.2499999925494193
1595,0.0,0.0,0.2499999925494193,2500.3935546875,0.3934605121612549,2500.3935546875,0.2499999925494193
1596,0.0,0.0,0.2499999925494193,2500.364990234375,0.3649148941040039,2500.364990234375,0.2499999925494193
1597,0.0,0.0,0.2499999925494193,2500.41357421875,0.4136044979095459,2500.41357421875,0.2499999925494193
1598,0.0,0.0,0.2499999925494193,2500.42724609375,0.42735064029693604,2500.42724609375,0.2499999925494193
1599,0.0,0.0,0.2499999925494193,2500.292236328125,0.2922929525375366,2500.292236328125,0.2499999925494193
1600,0.0,0.0,0.2499999925494193,2500.366943359375,0.36702704429626465,2500.366943359375,0.2499999925494193
1601,0.0,0.0,0.20412413914855784,2500.348876953125,0.348885178565979,2500.348876953125,0.20412413914855784
1602,0.0,0.0,0.2499999925494193,2500.410888671875,0.41098201274871826,2500.410888671875,0.2499999925494193
1603,0.0,0.0,0.2499999925494193,2500.306884765625,0.30680036544799805,2500.306884765625,0.2499999925494193
1604,0.0,0.0,0.2499999925494193,2500.37890625,0.3788541555404663,2500.37890625,0.2499999925494193
1605,0.0,0.0,0.2499999925494193,2500.369384765625,0.36950016021728516,2500.369384765625,0.2499999925494193
1606,0.0,0.0,0.2499999925494193,2500.37646484375,0.3765615224838257,2500.37646484375,0.2499999925494193
1607,0.0,0.0,0.2499999925494193,2500.37939453125,0.3794137239456177,2500.37939453125,0.2499999925494193
1608,0.0,0.0,0.2499999925494193,2500.37841796875,0.3783837556838989,2500.37841796875,0.2499999925494193
1609,0.0,0.0,0.2499999925494193,2500.34326171875,0.3432745933532715,2500.34326171875,0.2499999925494193
1610,0.0,0.0,0.2499999925494193,2500.3837890625,0.38383984565734863,2500.3837890625,0.2499999925494193
1611,0.0,0.0,0.2499999925494193,2500.397216796875,0.397297739982605,2500.397216796875,0.2499999925494193
1612,0.0,0.0,0.2499999925494193,2500.356201171875,0.35622668266296387,2500.356201171875,0.2499999925494193
1613,0.0,0.0,0.2499999925494193,2500.325439453125,0.3253289461135864,2500.325439453125,0.2499999925494193
1614,0.0,0.0,0.2499999925494193,2500.443359375,0.44344794750213623,2500.443359375,0.2499999925494193
1615,0.0,0.0,0.2499999925494193,2500.37548828125,0.3755779266357422,2500.37548828125,0.2499999925494193
1616,0.0,0.0,0.2499999925494193,2500.40283203125,0.40273475646972656,2500.40283203125,0.2499999925494193
1617,0.0,0.0,0.2499999925494193,2500.338623046875,0.33872318267822266,2500.338623046875,0.2499999925494193
1618,0.0,0.0,0.2499999925494193,2500.379150390625,0.3791239261627197,2500.379150390625,0.2499999925494193
1619,0.0,0.0,0.2499999925494193,2500.35498046875,0.3548703193664551,2500.35498046875,0.2499999925494193
1620,0.0,0.0,0.2499999925494193,2500.3857421875,0.3857157230377197,2500.3857421875,0.2499999925494193
1621,0.0,0.0,0.2499999925494193,2500.416015625,0.41605377197265625,2500.416015625,0.2499999925494193
1622,0.0,0.0,0.2499999925494193,2500.392578125,0.392464280128479,2500.392578125,0.2499999925494193
1623,0.0,0.0,0.2499999925494193,2500.366455078125,0.36638903617858887,2500.366455078125,0.2499999925494193
1624,0.0,0.0,0.2499999925494193,2500.3974609375,0.39744293689727783,2500.3974609375,0.2499999925494193
1625,0.0,0.0,0.2499999925494193,2500.389892578125,0.3898026943206787,2500.389892578125,0.2499999925494193
1626,0.0,0.0,0.2499999925494193,2500.353515625,0.35359418392181396,2500.353515625,0.2499999925494193
1627,0.0,0.0,0.2499999925494193,2500.359375,0.3593626022338867,2500.359375,0.2499999925494193
1628,0.0,0.0,0.2499999925494193,2500.37158203125,0.37168896198272705,2500.37158203125,0.2499999925494193
1629,0.0,0.0,0.2499999925494193,2500.39697265625,0.39696812629699707,2500.39697265625,0.2499999925494193
1630,0.0,0.0,0.2499999925494193,2500.46240234375,0.4624791741371155,2500.46240234375,0.2499999925494193
1631,0.0,0.0,0.2499999925494193,2500.3349609375,0.3350672721862793,2500.3349609375,0.2499999925494193
1632,0.0,0.0,0.2499999925494193,2500.386474609375,0.38651931285858154,2500.386474609375,0.2499999925494193
1633,0.0,0.0,0.2499999925494193,2500.458251953125,0.45834630727767944,2500.458251953125,0.2499999925494193
1634,0.0,0.0,0.2499999925494193,2500.359619140625,0.3595438003540039,2500.359619140625,0.2499999925494193
1635,0.0,0.0,0.2499999925494193,2500.403564453125,0.4035254716873169,2500.403564453125,0.2499999925494193
1636,0.0,0.0,0.2499999925494193,2500.33642578125,0.33653271198272705,2500.33642578125,0.2499999925494193
1637,0.0,0.0,0.2499999925494193,2500.3349609375,0.3350590467453003,2500.3349609375,0.2499999925494193
1638,0.0,0.0,0.2499999925494193,2500.308349609375,0.3084636926651001,2500.308349609375,0.2499999925494193
1639,0.0,0.0,0.2499999925494193,2500.363525390625,0.3634124994277954,2500.363525390625,0.2499999925494193
1640,0.0,0.0,0.2499999925494193,2500.379638671875,0.37963926792144775,2500.379638671875,0.2499999925494193
1641,0.0,0.0,0.2499999925494193,2500.39990234375,0.3999403715133667,2500.39990234375,0.2499999925494193
1642,0.0,0.0,0.2499999925494193,2500.40625,0.40627241134643555,2500.40625,0.2499999925494193
1643,0.0,0.0,0.2499999925494193,2500.337646484375,0.33773648738861084,2500.337646484375,0.2499999925494193
1644,0.0,0.0,0.2499999925494193,2500.331298828125,0.3313279151916504,2500.331298828125,0.2499999925494193
1645,0.0,0.0,0.2499999925494193,2500.41650390625,0.41644489765167236,2500.41650390625,0.2499999925494193
1646,0.0,0.0,0.2499999925494193,2500.39599609375,0.39604008197784424,2500.39599609375,0.2499999925494193
1647,0.0,0.0,0.2499999925494193,2500.3349609375,0.33498096466064453,2500.3349609375,0.2499999925494193
1648,0.0,0.0,0.2499999925494193,2500.31298828125,0.313052773475647,2500.31298828125,0.2499999925494193
1649,0.0,0.0,0.2499999925494193,2500.321533203125,0.3216240406036377,2500.321533203125,0.2499999925494193
1650,0.0,0.0,0.2499999925494193,2500.421630859375,0.4216043949127197,2500.421630859375,0.2499999925494193
1651,0.0,0.0,0.2499999925494193,2500.40185546875,0.4017902612686157,2500.40185546875,0.2499999925494193
1652,0.0,0.0,0.2499999925494193,2500.400390625,0.40048539638519287,2500.400390625,0.2499999925494193
1653,0.0,0.0,0.2499999925494193,2500.388916015625,0.3889796733856201,2500.388916015625,0.2499999925494193
1654,0.0,0.0,0.2499999925494193,2500.35400390625,0.3540257215499878,2500.35400390625,0.2499999925494193
1655,0.0,0.0,0.2499999925494193,2500.35302734375,0.35313093662261963,2500.35302734375,0.2499999925494193
1656,0.0,0.0,0.2499999925494193,2500.443603515625,0.4436594247817993,2500.443603515625,0.2499999925494193
1657,0.0,0.0,0.2499999925494193,2500.441650390625,0.4416698217391968,2500.441650390625,0.2499999925494193
1658,0.0,0.0,0.2499999925494193,2500.321533203125,0.32160115242004395,2500.321533203125,0.2499999925494193
1659,0.0,0.0,0.2499999925494193,2500.391357421875,0.391391396522522,2500.391357421875,0.2499999925494193
1660,0.0,0.0,0.2499999925494193,2500.380126953125,0.38021552562713623,2500.380126953125,0.2499999925494193
1661,0.0,0.0,0.2499999925494193,2500.332275390625,0.3323512077331543,2500.332275390625,0.2499999925494193
1662,0.0,0.0,0.2499999925494193,2500.3798828125,0.37985074520111084,2500.3798828125,0.2499999925494193
1663,0.0,0.0,0.2499999925494193,2500.36376953125,0.36378419399261475,2500.36376953125,0.2499999925494193
1664,0.0,0.0,0.2499999925494193,2500.4248046875,0.4247322082519531,2500.4248046875,0.2499999925494193
1665,0.0,0.0,0.2499999925494193,2500.3837890625,0.3838003873825073,2500.3837890625,0.2499999925494193
1666,0.0,0.0,0.2499999925494193,2500.3603515625,0.3602592945098877,2500.3603515625,0.2499999925494193
1667,0.0,0.0,0.2499999925494193,2500.3505859375,0.3506312370300293,2500.3505859375,0.2499999925494193
1668,0.0,0.0,0.2499999925494193,2500.313720703125,0.31361567974090576,2500.313720703125,0.2499999925494193
1669,0.0,0.0,0.2499999925494193,2500.40380859375,0.40372180938720703,2500.40380859375,0.2499999925494193
1670,0.0,0.0,0.2499999925494193,2500.391845703125,0.39173388481140137,2500.391845703125,0.2499999925494193
1671,0.0,0.0,0.2499999925494193,2500.325439453125,0.32533740997314453,2500.325439453125,0.2499999925494193
1672,0.0,0.0,0.2499999925494193,2500.383056640625,0.3830784559249878,2500.383056640625,0.2499999925494193
1673,0.0,0.0,0.2499999925494193,2500.365234375,0.36519789695739746,2500.365234375,0.2499999925494193
1674,0.0,0.0,0.2499999925494193,2500.35107421875,0.3511958122253418,2500.35107421875,0.2499999925494193
1675,0.0,0.0,0.2499999925494193,2500.3349609375,0.33487796783447266,2500.3349609375,0.2499999925494193
1676,0.0,0.0,0.2499999925494193,2500.401611328125,0.4017249345779419,2500.401611328125,0.2499999925494193
1677,0.0,0.0,0.2499999925494193,2500.367919921875,0.36794090270996094,2500.367919921875,0.2499999925494193
1678,0.0,0.0,0.2499999925494193,2500.398681640625,0.39874494075775146,2500.398681640625,0.2499999925494193
1679,0.0,0.0,0.2499999925494193,2500.390869140625,0.3909432888031006,2500.390869140625,0.2499999925494193
1680,0.0,0.0,0.2499999925494193,2500.3349609375,0.33497798442840576,2500.3349609375,0.2499999925494193
1681,0.0,0.0,0.2499999925494193,2500.293701171875,0.2937202453613281,2500.293701171875,0.2499999925494193
1682,0.0,0.0,0.2499999925494193,2500.366455078125,0.3665299415588379,2500.366455078125,0.2499999925494193
1683,0.0,0.0,0.2499999925494193,2500.29833984375,0.29842448234558105,2500.29833984375,0.2499999925494193
1684,0.0,0.0,0.2499999925494193,2500.412109375,0.4120924472808838,2500.412109375,0.2499999925494193
1685,0.0,0.0,0.2499999925494193,2500.3251953125,0.32516753673553467,2500.3251953125,0.2499999925494193
1686,0.0,0.0,0.2499999925494193,2500.40087890625,0.40078556537628174,2500.40087890625,0.2499999925494193
1687,0.0,0.0,0.2499999925494193,2500.380615234375,0.3805720806121826,2500.380615234375,0.2499999925494193
1688,0.0,0.0,0.2499999925494193,2500.346923828125,0.3469017744064331,2500.346923828125,0.2499999925494193
1689,0.0,0.0,0.2499999925494193,2500.314208984375,0.3142979145050049,2500.314208984375,0.2499999925494193
1690,0.0,0.0,0.2499999925494193,2500.366455078125,0.3664747476577759,2500.366455078125,0.2499999925494193
1691,0.0,0.0,0.2499999925494193,2500.334716796875,0.33476805686950684,2500.334716796875,0.2499999925494193
1692,0.0,0.0,0.2499999925494193,2500.330078125,0.33006787300109863,2500.330078125,0.2499999925494193
1693,0.0,0.0,0.2499999925494193,2500.434326171875,0.4343637228012085,2500.434326171875,0.2499999925494193
1694,0.0,0.0,0.2499999925494193,2500.361328125,0.36139869689941406,2500.361328125,0.2499999925494193
1695,0.0,0.0,0.2499999925494193,2500.369873046875,0.36998021602630615,2500.369873046875,0.2499999925494193
1696,0.0,0.0,0.2499999925494193,2500.375732421875,0.3756680488586426,2500.375732421875,0.2499999925494193
1697,0.0,0.0,0.2499999925494193,2500.321044921875,0.32094550132751465,2500.321044921875,0.2499999925494193
1698,0.0,0.0,0.2499999925494193,2500.33984375,0.3399416208267212,2500.33984375,0.2499999925494193
1699,0.0,0.0,0.2499999925494193,2500.419677734375,0.41963279247283936,2500.419677734375,0.2499999925494193
1700,0.0,0.0,0.2499999925494193,2500.35498046875,0.35509538650512695,2500.35498046875,0.2499999925494193
1701,0.0,0.0,0.2499999925494193,2500.31396484375,0.31386423110961914,2500.31396484375,0.2499999925494193
1702,0.0,0.0,0.2499999925494193,2500.33837890625,0.33831048011779785,2500.33837890625,0.2499999925494193
1703,0.0,0.0,0.2499999925494193,2500.28369140625,0.2836345434188843,2500.28369140625,0.2499999925494193
1704,0.0,0.0,0.2499999925494193,2500.349609375,0.3495887517929077,2500.349609375,0.2499999925494193
1705,0.0,0.0,0.2499999925494193,2500.386474609375,0.3863639831542969,2500.386474609375,0.2499999925494193
1706,0.0,0.0,0.2499999925494193,2500.30810546875,0.3081326484680176,2500.30810546875,0.2499999925494193
1707,0.0,0.0,0.2499999925494193,2500.352783203125,0.3528132438659668,2500.352783203125,0.2499999925494193
1708,0.0,0.0,0.2499999925494193,2500.33642578125,0.3365187644958496,2500.33642578125,0.2499999925494193
1709,0.0,0.0,0.2499999925494193,2500.39697265625,0.3969156742095947,2500.39697265625,0.2499999925494193
1710,0.0,0.0,0.2499999925494193,2500.3076171875,0.30770623683929443,2500.3076171875,0.2499999925494193
1711,0.0,0.0,0.2499999925494193,2500.343505859375,0.34339284896850586,2500.343505859375,0.2499999925494193
1712,0.0,0.0,0.2499999925494193,2500.343505859375,0.34357988834381104,2500.343505859375,0.2499999925494193
1713,0.0,0.0,0.2499999925494193,2500.357421875,0.35746991634368896,2500.357421875,0.2499999925494193
1714,0.0,0.0,0.2499999925494193,2500.290771484375,0.29065096378326416,2500.290771484375,0.2499999925494193
1715,0.0,0.0,0.2499999925494193,2500.374267578125,0.37427353858947754,2500.374267578125,0.2499999925494193
1716,0.0,0.0,0.2499999925494193,2500.388671875,0.3886258602142334,2500.388671875,0.2499999925494193
1717,0.0,0.0,0.2499999925494193,2500.328125,0.32807719707489014,2500.328125,0.2499999925494193
1718,0.0,0.0,0.2499999925494193,2500.41455078125,0.414508581161499,2500.41455078125,0.2499999925494193
1719,0.0,0.0,0.2499999925494193,2500.28515625,0.2851593494415283,2500.28515625,0.2499999925494193
1720,0.0,0.0,0.2499999925494193,2500.39306640625,0.3931608200073242,2500.39306640625,0.2499999925494193
1721,0.0,0.0,0.2499999925494193,2500.3251953125,0.3251326084136963,2500.3251953125,0.2499999925494193
1722,0.0,0.0,0.2499999925494193,2500.3544921875,0.35453104972839355,2500.3544921875,0.2499999925494193
1723,0.0,0.0,0.2499999925494193,2500.3984375,0.39855778217315674,2500.3984375,0.2499999925494193
1724,0.0,0.0,0.2499999925494193,2500.413330078125,0.41333794593811035,2500.413330078125,0.2499999925494193
1725,0.0,0.0,0.2499999925494193,2500.403564453125,0.40362417697906494,2500.403564453125,0.2499999925494193
1726,0.0,0.0,0.2499999925494193,2500.334716796875,0.3347512483596802,2500.334716796875,0.2499999925494193
1727,0.0,0.0,0.2499999925494193,2500.382568359375,0.38256263732910156,2500.382568359375,0.2499999925494193
1728,0.0,0.0,0.2499999925494193,2500.327392578125,0.3274730443954468,2500.327392578125,0.2499999925494193
1729,0.0,0.0,0.2499999925494193,2500.33056640625,0.330486536026001,2500.33056640625,0.2499999925494193
1730,0.0,0.0,0.2499999925494193,2500.375732421875,0.3758277893066406,2500.375732421875,0.2499999925494193
1731,0.0,0.0,0.2499999925494193,2500.369384765625,0.3693368434906006,2500.369384765625,0.2499999925494193
1732,0.0,0.0,0.2499999925494193,2500.356689453125,0.35677027702331543,2500.356689453125,0.2499999925494193
1733,0.0,0.0,0.2499999925494193,2500.36328125,0.3632833957672119,2500.36328125,0.2499999925494193
1734,0.0,0.0,0.2499999925494193,2500.360107421875,0.3600449562072754,2500.360107421875,0.2499999925494193
1735,0.0,0.0,0.2499999925494193,2500.363037109375,0.36292898654937744,2500.363037109375,0.2499999925494193
1736,0.0,0.0,0.2499999925494193,2500.375244140625,0.37525129318237305,2500.375244140625,0.2499999925494193
1737,0.0,0.0,0.2499999925494193,2500.343017578125,0.3429666757583618,2500.343017578125,0.2499999925494193
1738,0.0,0.0,0.2499999925494193,2500.410400390625,0.41028928756713867,2500.410400390625,0.2499999925494193
1739,0.0,0.0,0.2499999925494193,2500.335205078125,0.3351142406463623,2500.335205078125,0.2499999925494193
1740,0.0,0.0,0.2499999925494193,2500.376708984375,0.37682485580444336,2500.376708984375,0.2499999925494193
1741,0.0,0.0,0.2499999925494193,2500.370849609375,0.3708254098892212,2500.370849609375,0.2499999925494193
1742,0.0,0.0,0.2499999925494193,2500.3974609375,0.39743101596832275,2500.3974609375,0.2499999925494193
1743,0.0,0.0,0.2499999925494193,2500.30419921875,0.30418097972869873,2500.30419921875,0.2499999925494193
1744,0.0,0.0,0.2499999925494193,2500.3359375,0.33603453636169434,2500.3359375,0.2499999925494193
1745,0.0,0.0,0.2499999925494193,2500.300537109375,0.3006168603897095,2500.300537109375,0.2499999925494193
1746,0.0,0.0,0.2499999925494193,2500.337646484375,0.33765292167663574,2500.337646484375,0.2499999925494193
1747,0.0,0.0,0.2499999925494193,2500.3447265625,0.3447868824005127,2500.3447265625,0.2499999925494193
1748,0.0,0.0,0.2499999925494193,2500.34228515625,0.34228408336639404,2500.34228515625,0.2499999925494193
1749,0.0,0.0,0.2499999925494193,2500.31591796875,0.3160252571105957,2500.31591796875,0.2499999925494193
1750,0.0,0.0,0.2499999925494193,2500.36279296875,0.3628361225128174,2500.36279296875,0.2499999925494193
1751,0.0,0.0,0.2499999925494193,2500.353759765625,0.35368311405181885,2500.353759765625,0.2499999925494193
1752,0.0,0.0,0.2499999925494193,2500.352783203125,0.3528040647506714,2500.352783203125,0.2499999925494193
1753,0.0,0.0,0.2499999925494193,2500.358642578125,0.35864996910095215,2500.358642578125,0.2499999925494193
1754,0.0,0.0,0.2499999925494193,2500.291015625,0.29109787940979004,2500.291015625,0.2499999925494193
1755,0.0,0.0,0.2499999925494193,2500.33203125,0.3321108818054199,2500.33203125,0.2499999925494193
1756,0.0,0.0,0.2499999925494193,2500.3828125,0.38284873962402344,2500.3828125,0.2499999925494193
1757,0.0,0.0,0.2499999925494193,2500.398193359375,0.39828574657440186,2500.398193359375,0.2499999925494193
1758,0.0,0.0,0.2499999925494193,2500.3515625,0.35144710540771484,2500.3515625,0.2499999925494193
1759,0.0,0.0,0.2499999925494193,2500.37109375,0.3710895776748657,2500.37109375,0.2499999925494193
1760,0.0,0.0,0.2499999925494193,2500.394287109375,0.39418351650238037,2500.394287109375,0.2499999925494193
1761,0.0,0.0,0.2499999925494193,2500.376953125,0.3768959045410156,2500.376953125,0.2499999925494193
1762,0.0,0.0,0.2499999925494193,2500.341796875,0.3418924808502197,2500.341796875,0.2499999925494193
1763,0.0,0.0,0.2499999925494193,2500.371337890625,0.3713482618331909,2500.371337890625,0.2499999925494193
1764,0.0,0.0,0.2499999925494193,2500.34716796875,0.3471834659576416,2500.34716796875,0.2499999925494193
1765,0.0,0.0,0.2499999925494193,2500.341552734375,0.34150075912475586,2500.341552734375,0.2499999925494193
1766,0.0,0.0,0.2499999925494193,2500.35791015625,0.35784029960632324,2500.35791015625,0.2499999925494193
1767,0.0,0.0,0.2499999925494193,2500.352783203125,0.35279154777526855,2500.352783203125,0.2499999925494193
1768,0.0,0.0,0.2499999925494193,2500.3515625,0.35146379470825195,2500.3515625,0.2499999925494193
1769,0.0,0.0,0.2499999925494193,2500.33935546875,0.33925366401672363,2500.33935546875,0.2499999925494193
1770,0.0,0.0,0.2499999925494193,2500.288330078125,0.28838586807250977,2500.288330078125,0.2499999925494193
1771,0.0,0.0,0.2499999925494193,2500.371826171875,0.37177300453186035,2500.371826171875,0.2499999925494193
1772,0.0,0.0,0.2499999925494193,2500.332275390625,0.33219730854034424,2500.332275390625,0.2499999925494193
1773,0.0,0.0,0.2499999925494193,2500.3544921875,0.3543959856033325,2500.3544921875,0.2499999925494193
1774,0.0,0.0,0.2499999925494193,2500.34130859375,0.341347336769104,2500.34130859375,0.2499999925494193
1775,0.0,0.0,0.2499999925494193,2500.399658203125,0.3997255563735962,2500.399658203125,0.2499999925494193
1776,0.0,0.0,0.2499999925494193,2500.359375,0.3594686985015869,2500.359375,0.2499999925494193
1777,0.0,0.0,0.2499999925494193,2500.305419921875,0.3055257797241211,2500.305419921875,0.2499999925494193
1778,0.0,0.0,0.2499999925494193,2500.35107421875,0.35101091861724854,2500.35107421875,0.2499999925494193
1779,0.0,0.0,0.2499999925494193,2500.32421875,0.3242884874343872,2500.32421875,0.2499999925494193
1780,0.0,0.0,0.2499999925494193,2500.31787109375,0.3178175687789917,2500.31787109375,0.2499999925494193
1781,0.0,0.0,0.2499999925494193,2500.32861328125,0.32858121395111084,2500.32861328125,0.2499999925494193
1782,0.0,0.0,0.2499999925494193,2500.368408203125,0.36844170093536377,2500.368408203125,0.2499999925494193
1783,0.0,0.0,0.2499999925494193,2500.353759765625,0.35387861728668213,2500.353759765625,0.2499999925494193
1784,0.0,0.0,0.2499999925494193,2500.331298828125,0.331304669380188,2500.331298828125,0.2499999925494193
1785,0.0,0.0,0.2499999925494193,2500.318115234375,0.3180168867111206,2500.318115234375,0.2499999925494193
1786,0.0,0.0,0.2499999925494193,2500.329833984375,0.32974421977996826,2500.329833984375,0.2499999925494193
1787,0.0,0.0,0.2499999925494193,2500.373779296875,0.3737478256225586,2500.373779296875,0.2499999925494193
1788,0.0,0.0,0.2499999925494193,2500.306884765625,0.30695223808288574,2500.306884765625,0.2499999925494193
1789,0.0,0.0,0.2499999925494193,2500.318359375,0.3183436393737793,2500.318359375,0.2499999925494193
1790,0.0,0.0,0.2499999925494193,2500.335693359375,0.33577191829681396,2500.335693359375,0.2499999925494193
1791,0.0,0.0,0.2499999925494193,2500.30029296875,0.30029988288879395,2500.30029296875,0.2499999925494193
1792,0.0,0.0,0.2499999925494193,2500.369384765625,0.3693307638168335,2500.369384765625,0.2499999925494193
1793,0.0,0.0,0.2499999925494193,2500.359619140625,0.3597297668457031,2500.359619140625,0.2499999925494193
1794,0.0,0.0,0.2499999925494193,2500.283203125,0.2833167314529419,2500.283203125,0.2499999925494193
1795,0.0,0.0,0.2499999925494193,2500.396484375,0.39642763137817383,2500.396484375,0.2499999925494193
1796,0.0,0.0,0.2499999925494193,2500.328369140625,0.32833802700042725,2500.328369140625,0.2499999925494193
1797,0.0,0.0,0.2499999925494193,2500.427490234375,0.42750000953674316,2500.427490234375,0.2499999925494193
1798,0.0,0.0,0.2499999925494193,2500.332763671875,0.3326765298843384,2500.332763671875,0.2499999925494193
1799,0.0,0.0,0.2499999925494193,2500.404541015625,0.4046581983566284,2500.404541015625,0.2499999925494193
1800,0.0,0.0,0.2499999925494193,2500.347412109375,0.34738636016845703,2500.347412109375,0.2499999925494193
1801,0.0,0.0,0.2499999925494193,2500.29443359375,0.2943849563598633,2500.29443359375,0.2499999925494193
1802,0.0,0.0,0.2499999925494193,2500.279052734375,0.27908241748809814,2500.279052734375,0.2499999925494193
1803,0.0,0.0,0.2499999925494193,2500.383544921875,0.383583664894104,2500.383544921875,0.2499999925494193
1804,0.0,0.0,0.2499999925494193,2500.32177734375,0.32183361053466797,2500.32177734375,0.2499999925494193
1805,0.0,0.0,0.2499999925494193,2500.32470703125,0.32470834255218506,2500.32470703125,0.2499999925494193
1806,0.0,0.0,0.2499999925494193,2500.319091796875,0.31921231746673584,2500.319091796875,0.2499999925494193
1807,0.0,0.0,0.2499999925494193,2500.29443359375,0.29438161849975586,2500.29443359375,0.2499999925494193
1808,0.0,0.0,0.2499999925494193,2500.376220703125,0.37621521949768066,2500.376220703125,0.2499999925494193
1809,0.0,0.0,0.2499999925494193,2500.34814453125,0.34812653064727783,2500.34814453125,0.2499999925494193
1810,0.0,0.0,0.2499999925494193,2500.387451171875,0.3874657154083252,2500.387451171875,0.2499999925494193
1811,0.0,0.0,0.2499999925494193,2500.34619140625,0.3461322784423828,2500.34619140625,0.2499999925494193
1812,0.0,0.0,0.2499999925494193,2500.424560546875,0.424679160118103,2500.424560546875,0.2499999925494193
1813,0.0,0.0,0.2499999925494193,2500.35791015625,0.35784709453582764,2500.35791015625,0.2499999925494193
1814,0.0,0.0,0.2499999925494193,2500.37890625,0.37884068489074707,2500.37890625,0.2499999925494193
1815,0.0,0.0,0.2499999925494193,2500.3818359375,0.3818471431732178,2500.3818359375,0.2499999925494193
1816,0.0,0.0,0.2499999925494193,2500.376220703125,0.37624025344848633,2500.376220703125,0.2499999925494193
1817,0.0,0.0,0.2499999925494193,2500.34716796875,0.3472468852996826,2500.34716796875,0.2499999925494193
1818,0.0,0.0,0.2499999925494193,2500.33349609375,0.33345532417297363,2500.33349609375,0.2499999925494193
1819,0.0,0.0,0.2499999925494193,2500.3310546875,0.3310892581939697,2500.3310546875,0.2499999925494193
1820,0.0,0.0,0.2499999925494193,2500.36474609375,0.3648442029953003,2500.36474609375,0.2499999925494193
1821,0.0,0.0,0.2499999925494193,2500.32568359375,0.3256261348724365,2500.32568359375,0.2499999925494193
1822,0.0,0.0,0.2499999925494193,2500.33935546875,0.33933866024017334,2500.33935546875,0.2499999925494193
1823,0.0,0.0,0.2499999925494193,2500.377685546875,0.37764227390289307,2500.377685546875,0.2499999925494193
1824,0.0,0.0,0.2499999925494193,2500.281494140625,0.28137362003326416,2500.281494140625,0.2499999925494193
1825,0.0,0.0,0.2499999925494193,2500.34912109375,0.3492377996444702,2500.34912109375,0.2499999925494193
1826,0.0,0.0,0.2499999925494193,2500.353515625,0.3534846305847168,2500.353515625,0.2499999925494193
1827,0.0,0.0,0.2499999925494193,2500.314697265625,0.3146512508392334,2500.314697265625,0.2499999925494193
1828,0.0,0.0,0.2499999925494193,2500.38232421875,0.3823510408401489,2500.38232421875,0.2499999925494193
1829,0.0,0.0,0.2499999925494193,2500.39697265625,0.39702022075653076,2500.39697265625,0.2499999925494193
1830,0.0,0.0,0.2499999925494193,2500.357177734375,0.3570680618286133,2500.357177734375,0.2499999925494193
1831,0.0,0.0,0.2499999925494193,2500.39697265625,0.3970528841018677,2500.39697265625,0.2499999925494193
1832,0.0,0.0,0.2499999925494193,2500.365478515625,0.3654521703720093,2500.365478515625,0.2499999925494193
1833,0.0,0.0,0.2499999925494193,2500.382568359375,0.382488489151001,2500.382568359375,0.2499999925494193
1834,0.0,0.0,0.2499999925494193,2500.30224609375,0.3023179769515991,2500.30224609375,0.2499999925494193
1835,0.0,0.0,0.2499999925494193,2500.330322265625,0.33041536808013916,2500.330322265625,0.2499999925494193
1836,0.0,0.0,0.2499999925494193,2500.30810546875,0.3080669641494751,2500.30810546875,0.2499999925494193
1837,0.0,0.0,0.2499999925494193,2500.33544921875,0.33550548553466797,2500.33544921875,0.2499999925494193
1838,0.0,0.0,0.2499999925494193,2500.2939453125,0.2939472198486328,2500.2939453125,0.2499999925494193
1839,0.0,0.0,0.2499999925494193,2500.3115234375,0.31163322925567627,2500.3115234375,0.2499999925494193
1840,0.0,0.0,0.2499999925494193,2500.310791015625,0.3107792139053345,2500.310791015625,0.2499999925494193
1841,0.0,0.0,0.2499999925494193,2500.411865234375,0.4119027853012085,2500.411865234375,0.2499999925494193
1842,0.0,0.0,0.2499999925494193,2500.333984375,0.3339841365814209,2500.333984375,0.2499999925494193
1843,0.0,0.0,0.2499999925494193,2500.350341796875,0.3503849506378174,2500.350341796875,0.2499999925494193
1844,0.0,0.0,0.2499999925494193,2500.357666015625,0.35770881175994873,2500.357666015625,0.2499999925494193
1845,0.0,0.0,0.2499999925494193,2500.34228515625,0.342226505279541,2500.34228515625,0.2499999925494193
1846,0.0,0.0,0.2499999925494193,2500.352783203125,0.3528817892074585,2500.352783203125,0.2499999925494193
1847,0.0,0.0,0.2499999925494193,2500.28466796875,0.28459131717681885,2500.28466796875,0.2499999925494193
1848,0.0,0.0,0.2499999925494193,2500.343994140625,0.34400272369384766,2500.343994140625,0.2499999925494193
1849,0.0,0.0,0.2499999925494193,2500.3251953125,0.32531416416168213,2500.3251953125,0.2499999925494193
1850,0.0,0.0,0.2499999925494193,2500.35498046875,0.35497915744781494,2500.35498046875,0.2499999925494193
1851,0.0,0.0,0.2499999925494193,2500.34912109375,0.3491322994232178,2500.34912109375,0.2499999925494193
1852,0.0,0.0,0.2499999925494193,2500.35400390625,0.3540990352630615,2500.35400390625,0.2499999925494193
1853,0.0,0.0,0.2499999925494193,2500.344482421875,0.3445233106613159,2500.344482421875,0.2499999925494193
1854,0.0,0.0,0.2499999925494193,2500.316162109375,0.31626462936401367,2500.316162109375,0.2499999925494193
1855,0.0,0.0,0.2499999925494193,2500.42578125,0.4258490800857544,2500.42578125,0.2499999925494193
1856,0.0,0.0,0.2499999925494193,2500.374267578125,0.3742889165878296,2500.374267578125,0.2499999925494193
1857,0.0,0.0,0.2499999925494193,2500.3408203125,0.34073781967163086,2500.3408203125,0.2499999925494193
1858,0.0,0.0,0.2499999925494193,2500.30029296875,0.30040884017944336,2500.30029296875,0.2499999925494193
1859,0.0,0.0,0.2499999925494193,2500.371826171875,0.3717118501663208,2500.371826171875,0.2499999925494193
1860,0.0,0.0,0.2499999925494193,2500.381591796875,0.38153111934661865,2500.381591796875,0.2499999925494193
1861,0.0,0.0,0.2499999925494193,2500.33740234375,0.3374490737915039,2500.33740234375,0.2499999925494193
1862,0.0,0.0,0.2499999925494193,2500.337158203125,0.33721983432769775,2500.337158203125,0.2499999925494193
1863,0.0,0.0,0.2499999925494193,2500.298828125,0.29876768589019775,2500.298828125,0.2499999925494193
1864,0.0,0.0,0.2499999925494193,2500.360595703125,0.3606891632080078,2500.360595703125,0.2499999925494193
1865,0.0,0.0,0.2499999925494193,2500.328369140625,0.32838666439056396,2500.328369140625,0.2499999925494193
1866,0.0,0.0,0.2499999925494193,2500.374755859375,0.37470555305480957,2500.374755859375,0.2499999925494193
1867,0.0,0.0,0.2499999925494193,2500.2646484375,0.2645496129989624,2500.2646484375,0.2499999925494193
1868,0.0,0.0,0.20412413914855784,2500.320068359375,0.3201282024383545,2500.320068359375,0.20412413914855784
1869,0.0,0.0,0.2499999925494193,2500.30029296875,0.3003929853439331,2500.30029296875,0.2499999925494193
1870,0.0,0.0,0.2499999925494193,2500.290771484375,0.29089176654815674,2500.290771484375,0.2499999925494193
1871,0.0,0.0,0.2499999925494193,2500.336669921875,0.3367431163787842,2500.336669921875,0.2499999925494193
1872,0.0,0.0,0.2499999925494193,2500.3037109375,0.3037986755371094,2500.3037109375,0.2499999925494193
1873,0.0,0.0,0.2499999925494193,2500.30908203125,0.30916357040405273,2500.30908203125,0.2499999925494193
1874,0.0,0.0,0.2499999925494193,2500.326904296875,0.32695472240448,2500.326904296875,0.2499999925494193
1875,0.0,0.0,0.2499999925494193,2500.3408203125,0.3409311771392822,2500.3408203125,0.2499999925494193
1876,0.0,0.0,0.2499999925494193,2500.2734375,0.2734103202819824,2500.2734375,0.2499999925494193
1877,0.0,0.0,0.2499999925494193,2500.37841796875,0.3784908056259155,2500.37841796875,0.2499999925494193
1878,0.0,0.0,0.2499999925494193,2500.363525390625,0.3636023998260498,2500.363525390625,0.2499999925494193
1879,0.0,0.0,0.2499999925494193,2500.331298828125,0.3313930034637451,2500.331298828125,0.2499999925494193
1880,0.0,0.0,0.2499999925494193,2500.315185546875,0.31508851051330566,2500.315185546875,0.2499999925494193
1881,0.0,0.0,0.2499999925494193,2500.350341796875,0.3504607677459717,2500.350341796875,0.2499999925494193
1882,0.0,0.0,0.2499999925494193,2500.34716796875,0.34728193283081055,2500.34716796875,0.2499999925494193
1883,0.0,0.0,0.2499999925494193,2500.28857421875,0.2886662483215332,2500.28857421875,0.2499999925494193
1884,0.0,0.0,0.2499999925494193,2500.376220703125,0.3762989044189453,2500.376220703125,0.2499999925494193
1885,0.0,0.0,0.2499999925494193,2500.3115234375,0.31146037578582764,2500.3115234375,0.2499999925494193
1886,0.0,0.0,0.2499999925494193,2500.338134765625,0.33806657791137695,2500.338134765625,0.2499999925494193
1887,0.0,0.0,0.2499999925494193,2500.30126953125,0.3012721538543701,2500.30126953125,0.2499999925494193
1888,0.0,0.0,0.2499999925494193,2500.36865234375,0.36873936653137207,2500.36865234375,0.2499999925494193
1889,0.0,0.0,0.2499999925494193,2500.30224609375,0.3022235631942749,2500.30224609375,0.2499999925494193
1890,0.0,0.0,0.2499999925494193,2500.3525390625,0.3525125980377197,2500.3525390625,0.2499999925494193
1891,0.0,0.0,0.2499999925494193,2500.31689453125,0.31691551208496094,2500.31689453125,0.2499999925494193
1892,0.0,0.0,0.2499999925494193,2500.31103515625,0.31103038787841797,2500.31103515625,0.2499999925494193
1893,0.0,0.0,0.2499999925494193,2500.333740234375,0.3336818218231201,2500.333740234375,0.2499999925494193
1894,0.0,0.0,0.2499999925494193,2500.3154296875,0.31543660163879395,2500.3154296875,0.2499999925494193
1895,0.0,0.0,0.2499999925494193,2500.3720703125,0.3721250295639038,2500.3720703125,0.2499999925494193
1896,0.0,0.0,0.2499999925494193,2500.31103515625,0.31103241443634033,2500.31103515625,0.2499999925494193
1897,0.0,0.0,0.2499999925494193,2500.323486328125,0.32353246212005615,2500.323486328125,0.2499999925494193
1898,0.0,0.0,0.2499999925494193,2500.375244140625,0.37534165382385254,2500.375244140625,0.2499999925494193
1899,0.0,0.0,0.2499999925494193,2500.360107421875,0.3602250814437866,2500.360107421875,0.2499999925494193
1900,0.0,0.0,0.2499999925494193,2500.27587890625,0.27586793899536133,2500.27587890625,0.2499999925494193
1901,0.0,0.0,0.2499999925494193,2500.29296875,0.2930793762207031,2500.29296875,0.2499999925494193
1902,0.0,0.0,0.2499999925494193,2500.34521484375,0.345284104347229,2500.34521484375,0.2499999925494193
1903,0.0,0.0,0.2499999925494193,2500.329833984375,0.3297584056854248,2500.329833984375,0.2499999925494193
1904,0.0,0.0,0.2499999925494193,2500.3232421875,0.32325077056884766,2500.3232421875,0.2499999925494193
1905,0.0,0.0,0.2499999925494193,2500.340087890625,0.3401740789413452,2500.340087890625,0.2499999925494193
1906,0.0,0.0,0.2499999925494193,2500.2919921875,0.2920224666595459,2500.2919921875,0.2499999925494193
1907,0.0,0.0,0.2499999925494193,2500.36279296875,0.36277031898498535,2500.36279296875,0.2499999925494193
1908,0.0,0.0,0.2499999925494193,2500.312255859375,0.3123776912689209,2500.312255859375,0.2499999925494193
1909,0.0,0.0,0.2499999925494193,2500.35205078125,0.3520911931991577,2500.35205078125,0.2499999925494193
1910,0.0,0.0,0.2499999925494193,2500.348876953125,0.3489335775375366,2500.348876953125,0.2499999925494193
1911,0.0,0.0,0.2499999925494193,2500.383544921875,0.3835808038711548,2500.383544921875,0.2499999925494193
1912,0.0,0.0,0.2499999925494193,2500.345458984375,0.3454784154891968,2500.345458984375,0.2499999925494193
1913,0.0,0.0,0.2499999925494193,2500.32763671875,0.32770824432373047,2500.32763671875,0.2499999925494193
1914,0.0,0.0,0.2499999925494193,2500.329833984375,0.32987260818481445,2500.329833984375,0.2499999925494193
1915,0.0,0.0,0.2499999925494193,2500.375732421875,0.37565410137176514,2500.375732421875,0.2499999925494193
1916,0.0,0.0,0.2499999925494193,2500.302978515625,0.3030812740325928,2500.302978515625,0.2499999925494193
1917,0.0,0.0,0.2499999925494193,2500.325927734375,0.32584500312805176,2500.325927734375,0.2499999925494193
1918,0.0,0.0,0.2499999925494193,2500.292724609375,0.2927769422531128,2500.292724609375,0.2499999925494193
1919,0.0,0.0,0.2499999925494193,2500.345458984375,0.34550321102142334,2500.345458984375,0.2499999925494193
1920,0.0,0.0,0.2499999925494193,2500.296142578125,0.29613208770751953,2500.296142578125,0.2499999925494193
1921,0.0,0.0,0.2499999925494193,2500.319091796875,0.3190513849258423,2500.319091796875,0.2499999925494193
1922,0.0,0.0,0.2499999925494193,2500.37890625,0.37897491455078125,2500.37890625,0.2499999925494193
1923,0.0,0.0,0.2499999925494193,2500.314208984375,0.3141021728515625,2500.314208984375,0.2499999925494193
1924,0.0,0.0,0.2499999925494193,2500.314697265625,0.31467366218566895,2500.314697265625,0.2499999925494193
1925,0.0,0.0,0.2499999925494193,2500.309814453125,0.3098524808883667,2500.309814453125,0.2499999925494193
1926,0.0,0.0,0.2499999925494193,2500.325927734375,0.3259928226470947,2500.325927734375,0.2499999925494193
1927,0.0,0.0,0.2499999925494193,2500.328125,0.3282458782196045,2500.328125,0.2499999925494193
1928,0.0,0.0,0.2499999925494193,2500.295166015625,0.2951699495315552,2500.295166015625,0.2499999925494193
1929,0.0,0.0,0.2499999925494193,2500.359375,0.3593837022781372,2500.359375,0.2499999925494193
1930,0.0,0.0,0.2499999925494193,2500.33544921875,0.33542633056640625,2500.33544921875,0.2499999925494193
1931,0.0,0.0,0.2499999925494193,2500.32080078125,0.3206930160522461,2500.32080078125,0.2499999925494193
1932,0.0,0.0,0.2499999925494193,2500.30810546875,0.3081434965133667,2500.30810546875,0.2499999925494193
1933,0.0,0.0,0.2499999925494193,2500.347900390625,0.3479090929031372,2500.347900390625,0.2499999925494193
1934,0.0,0.0,0.2499999925494193,2500.331298828125,0.33127593994140625,2500.331298828125,0.2499999925494193
1935,0.0,0.0,0.2499999925494193,2500.287109375,0.2870265245437622,2500.287109375,0.2499999925494193
1936,0.0,0.0,0.2499999925494193,2500.348388671875,0.3484257459640503,2500.348388671875,0.2499999925494193
1937,0.0,0.0,0.2499999925494193,2500.3525390625,0.3525865077972412,2500.3525390625,0.2499999925494193
1938,0.0,0.0,0.2499999925494193,2500.32470703125,0.32471907138824463,2500.32470703125,0.2499999925494193
1939,0.0,0.0,0.2499999925494193,2500.346923828125,0.3469109535217285,2500.346923828125,0.2499999925494193
1940,0.0,0.0,0.2499999925494193,2500.285888671875,0.2858879566192627,2500.285888671875,0.2499999925494193
1941,0.0,0.0,0.2499999925494193,2500.313720703125,0.31379568576812744,2500.313720703125,0.2499999925494193
1942,0.0,0.0,0.2499999925494193,2500.34716796875,0.3471381664276123,2500.34716796875,0.2499999925494193
1943,0.0,0.0,0.2499999925494193,2500.347412109375,0.34748172760009766,2500.347412109375,0.2499999925494193
1944,0.0,0.0,0.2499999925494193,2500.3212890625,0.3211669921875,2500.3212890625,0.2499999925494193
1945,0.0,0.0,0.2499999925494193,2500.35205078125,0.3520545959472656,2500.35205078125,0.2499999925494193
1946,0.0,0.0,0.2499999925494193,2500.3740234375,0.37396836280822754,2500.3740234375,0.2499999925494193
1947,0.0,0.0,0.2499999925494193,2500.334228515625,0.3342781066894531,2500.334228515625,0.2499999925494193
1948,0.0,0.0,0.2499999925494193,2500.299072265625,0.29909491539001465,2500.299072265625,0.2499999925494193
1949,0.0,0.0,0.2499999925494193,2500.397705078125,0.3976184129714966,2500.397705078125,0.2499999925494193
1950,0.0,0.0,0.2499999925494193,2500.319091796875,0.31898391246795654,2500.319091796875,0.2499999925494193
1951,0.0,0.0,0.2499999925494193,2500.30322265625,0.3033357858657837,2500.30322265625,0.2499999925494193
1952,0.0,0.0,0.2499999925494193,2500.321533203125,0.32147061824798584,2500.321533203125,0.2499999925494193
1953,0.0,0.0,0.2499999925494193,2500.342041015625,0.34193742275238037,2500.342041015625,0.2499999925494193
1954,0.0,0.0,0.2499999925494193,2500.380859375,0.3809441328048706,2500.380859375,0.2499999925494193
1955,0.0,0.0,0.2499999925494193,2500.303955078125,0.30387234687805176,2500.303955078125,0.2499999925494193
1956,0.0,0.0,0.2499999925494193,2500.343505859375,0.3434098958969116,2500.343505859375,0.2499999925494193
1957,0.0,0.0,0.2499999925494193,2500.3515625,0.3514605760574341,2500.3515625,0.2499999925494193
1958,0.0,0.0,0.2499999925494193,2500.344970703125,0.34486865997314453,2500.344970703125,0.2499999925494193
1959,0.0,0.0,0.2499999925494193,2500.34130859375,0.3413940668106079,2500.34130859375,0.2499999925494193
1960,0.0,0.0,0.2499999925494193,2500.384521484375,0.3845149278640747,2500.384521484375,0.2499999925494193
1961,0.0,0.0,0.2499999925494193,2500.383544921875,0.38362276554107666,2500.383544921875,0.2499999925494193
1962,0.0,0.0,0.2499999925494193,2500.264892578125,0.26493406295776367,2500.264892578125,0.2499999925494193
1963,0.0,0.0,0.2499999925494193,2500.32080078125,0.3208256959915161,2500.32080078125,0.2499999925494193
1964,0.0,0.0,0.2499999925494193,2500.3193359375,0.319394588470459,2500.3193359375,0.2499999925494193
1965,0.0,0.0,0.2499999925494193,2500.2939453125,0.29405081272125244,2500.2939453125,0.2499999925494193
1966,0.0,0.0,0.2499999925494193,2500.313720703125,0.3136793375015259,2500.313720703125,0.2499999925494193
1967,0.0,0.0,0.2499999925494193,2500.35400390625,0.35399961471557617,2500.35400390625,0.2499999925494193
1968,0.0,0.0,0.2499999925494193,2500.31005859375,0.310086727142334,2500.31005859375,0.2499999925494193
1969,0.0,0.0,0.2499999925494193,2500.276611328125,0.2767282724380493,2500.276611328125,0.2499999925494193
1970,0.0,0.0,0.2499999925494193,2500.3232421875,0.32330894470214844,2500.3232421875,0.2499999925494193
1971,0.0,0.0,0.2499999925494193,2500.33056640625,0.33049261569976807,2500.33056640625,0.2499999925494193
1972,0.0,0.0,0.2499999925494193,2500.319091796875,0.3191392421722412,2500.319091796875,0.2499999925494193
1973,0.0,0.0,0.2499999925494193,2500.31494140625,0.31482839584350586,2500.31494140625,0.2499999925494193
1974,0.0,0.0,0.2499999925494193,2500.286376953125,0.2863270044326782,2500.286376953125,0.2499999925494193
1975,0.0,0.0,0.2499999925494193,2500.340087890625,0.34008824825286865,2500.340087890625,0.2499999925494193
1976,0.0,0.0,0.2499999925494193,2500.30712890625,0.3070540428161621,2500.30712890625,0.2499999925494193
1977,0.0,0.0,0.2499999925494193,2500.3017578125,0.30173563957214355,2500.3017578125,0.2499999925494193
1978,0.0,0.0,0.2499999925494193,2500.331298828125,0.33128511905670166,2500.331298828125,0.2499999925494193
1979,0.0,0.0,0.2499999925494193,2500.358642578125,0.35857534408569336,2500.358642578125,0.2499999925494193
1980,0.0,0.0,0.2499999925494193,2500.3056640625,0.30577266216278076,2500.3056640625,0.2499999925494193
1981,0.0,0.0,0.2499999925494193,2500.341552734375,0.3416461944580078,2500.341552734375,0.2499999925494193
1982,0.0,0.0,0.2499999925494193,2500.337158203125,0.33704400062561035,2500.337158203125,0.2499999925494193
1983,0.0,0.0,0.2499999925494193,2500.28369140625,0.28372251987457275,2500.28369140625,0.2499999925494193
1984,0.0,0.0,0.2499999925494193,2500.364013671875,0.3640584945678711,2500.364013671875,0.2499999925494193
1985,0.0,0.0,0.2499999925494193,2500.302734375,0.3027538061141968,2500.302734375,0.2499999925494193
1986,0.0,0.0,0.2499999925494193,2500.35888671875,0.35900402069091797,2500.35888671875,0.2499999925494193
1987,0.0,0.0,0.2499999925494193,2500.361083984375,0.3611668348312378,2500.361083984375,0.2499999925494193
1988,0.0,0.0,0.2499999925494193,2500.284423828125,0.2844637632369995,2500.284423828125,0.2499999925494193
1989,0.0,0.0,0.2499999925494193,2500.32861328125,0.3286348581314087,2500.32861328125,0.2499999925494193
1990,0.0,0.0,0.2499999925494193,2500.30517578125,0.3051109313964844,2500.30517578125,0.2499999925494193
1991,0.0,0.0,0.2499999925494193,2500.3642578125,0.36415135860443115,2500.3642578125,0.2499999925494193
1992,0.0,0.0,0.2499999925494193,2500.308837890625,0.30879950523376465,2500.308837890625,0.2499999925494193
1993,0.0,0.0,0.2499999925494193,2500.302734375,0.3027082681655884,2500.302734375,0.2499999925494193
1994,0.0,0.0,0.2499999925494193,2500.33203125,0.33208489418029785,2500.33203125,0.2499999925494193
1995,0.0,0.0,0.2499999925494193,2500.321044921875,0.3210773468017578,2500.321044921875,0.2499999925494193
1996,0.0,0.0,0.2499999925494193,2500.33447265625,0.3343515396118164,2500.33447265625,0.2499999925494193
1997,0.0,0.0,0.2499999925494193,2500.34423828125,0.344357967376709,2500.34423828125,0.2499999925494193
1998,0.0,0.0,0.2499999925494193,2500.29150390625,0.29159820079803467,2500.29150390625,0.2499999925494193
1999,0.0,0.0,0.2499999925494193,2500.345703125,0.345644474029541,2500.345703125,0.2499999925494193
2000,0.0,0.0,0.2499999925494193,2500.3193359375,0.3192943334579468,2500.3193359375,0.2499999925494193
2001,0.0,0.0,0.2499999925494193,2500.337158203125,0.3370542526245117,2500.337158203125,0.2499999925494193
2002,0.0,0.0,0.2499999925494193,2500.369873046875,0.36987876892089844,2500.369873046875,0.2499999925494193
2003,0.0,0.0,0.2499999925494193,2500.326171875,0.32614386081695557,2500.326171875,0.2499999925494193
2004,0.0,0.0,0.2499999925494193,2500.328369140625,0.32843947410583496,2500.328369140625,0.2499999925494193
2005,0.0,0.0,0.2499999925494193,2500.337158203125,0.33717381954193115,2500.337158203125,0.2499999925494193
2006,0.0,0.0,0.2499999925494193,2500.30126953125,0.3013380765914917,2500.30126953125,0.2499999925494193
2007,0.0,0.0,0.2499999925494193,2500.278564453125,0.27861320972442627,2500.278564453125,0.2499999925494193
2008,0.0,0.0,0.2499999925494193,2500.398193359375,0.39812207221984863,2500.398193359375,0.2499999925494193
2009,0.0,0.0,0.2499999925494193,2500.258544921875,0.2584322690963745,2500.258544921875,0.2499999925494193
2010,0.0,0.0,0.2499999925494193,2500.27001953125,0.27010881900787354,2500.27001953125,0.2499999925494193
2011,0.0,0.0,0.2499999925494193,2500.283935546875,0.28397440910339355,2500.283935546875,0.2499999925494193
2012,0.0,0.0,0.2499999925494193,2500.32763671875,0.32754743099212646,2500.32763671875,0.2499999925494193
2013,0.0,0.0,0.2499999925494193,2500.31103515625,0.3109945058822632,2500.31103515625,0.2499999925494193
2014,0.0,0.0,0.2499999925494193,2500.294921875,0.2948368787765503,2500.294921875,0.2499999925494193
2015,0.0,0.0,0.2499999925494193,2500.33740234375,0.33752381801605225,2500.33740234375,0.2499999925494193
2016,0.0,0.0,0.2499999925494193,2500.335205078125,0.33517563343048096,2500.335205078125,0.2499999925494193
2017,0.0,0.0,0.2499999925494193,2500.272216796875,0.27212274074554443,2500.272216796875,0.2499999925494193
2018,0.0,0.0,0.2499999925494193,2500.323974609375,0.32399487495422363,2500.323974609375,0.2499999925494193
2019,0.0,0.0,0.2499999925494193,2500.353271484375,0.35317087173461914,2500.353271484375,0.2499999925494193
2020,0.0,0.0,0.2499999925494193,2500.3251953125,0.325236439704895,2500.3251953125,0.2499999925494193
2021,0.0,0.0,0.2499999925494193,2500.26220703125,0.2620980739593506,2500.26220703125,0.2499999925494193
2022,0.0,0.0,0.2499999925494193,2500.308349609375,0.3084524869918823,2500.308349609375,0.2499999925494193
2023,0.0,0.0,0.2499999925494193,2500.35009765625,0.3501121997833252,2500.35009765625,0.2499999925494193
2024,0.0,0.0,0.2499999925494193,2500.323974609375,0.3240853548049927,2500.323974609375,0.2499999925494193
2025,0.0,0.0,0.2499999925494193,2500.318359375,0.3183746337890625,2500.318359375,0.2499999925494193
2026,0.0,0.0,0.2499999925494193,2500.28076171875,0.2807924747467041,2500.28076171875,0.2499999925494193
2027,0.0,0.0,0.2499999925494193,2500.345947265625,0.3458336591720581,2500.345947265625,0.2499999925494193
2028,0.0,0.0,0.2499999925494193,2500.340576171875,0.3405568599700928,2500.340576171875,0.2499999925494193
2029,0.0,0.0,0.2499999925494193,2500.279541015625,0.27947235107421875,2500.279541015625,0.2499999925494193
2030,0.0,0.0,0.2499999925494193,2500.34130859375,0.341269850730896,2500.34130859375,0.2499999925494193
2031,0.0,0.0,0.2499999925494193,2500.372802734375,0.37286508083343506,2500.372802734375,0.2499999925494193
2032,0.0,0.0,0.2499999925494193,2500.349853515625,0.3497823476791382,2500.349853515625,0.2499999925494193
2033,0.0,0.0,0.2499999925494193,2500.306884765625,0.3068283796310425,2500.306884765625,0.2499999925494193
2034,0.0,0.0,0.2499999925494193,2500.305908203125,0.3058435916900635,2500.305908203125,0.2499999925494193
2035,0.0,0.0,0.2499999925494193,2500.33984375,0.33984506130218506,2500.33984375,0.2499999925494193
2036,0.0,0.0,0.2499999925494193,2500.29443359375,0.2944077253341675,2500.29443359375,0.2499999925494193
2037,0.0,0.0,0.2499999925494193,2500.26953125,0.26956427097320557,2500.26953125,0.2499999925494193
2038,0.0,0.0,0.2499999925494193,2500.3505859375,0.3506753444671631,2500.3505859375,0.2499999925494193
2039,0.0,0.0,0.2499999925494193,2500.279296875,0.2794152498245239,2500.279296875,0.2499999925494193
2040,0.0,0.0,0.2499999925494193,2500.322509765625,0.32245469093322754,2500.322509765625,0.2499999925494193
2041,0.0,0.0,0.2499999925494193,2500.303466796875,0.30347001552581787,2500.303466796875,0.2499999925494193
2042,0.0,0.0,0.2499999925494193,2500.31103515625,0.3111175298690796,2500.31103515625,0.2499999925494193
2043,0.0,0.0,0.2499999925494193,2500.313232421875,0.31314384937286377,2500.313232421875,0.2499999925494193
2044,0.0,0.0,0.2499999925494193,2500.300537109375,0.3006030321121216,2500.300537109375,0.2499999925494193
2045,0.0,0.0,0.2499999925494193,2500.3369140625,0.33685946464538574,2500.3369140625,0.2499999925494193
2046,0.0,0.0,0.2499999925494193,2500.324951171875,0.3248932361602783,2500.324951171875,0.2499999925494193
2047,0.0,0.0,0.2499999925494193,2500.264892578125,0.26483583450317383,2500.264892578125,0.2499999925494193
2048,0.0,0.0,0.2499999925494193,2500.29296875,0.2929110527038574,2500.29296875,0.2499999925494193
2049,0.0,0.0,0.2499999925494193,2500.289794921875,0.28974592685699463,2500.289794921875,0.2499999925494193
2050,0.0,0.0,0.2499999925494193,2500.27978515625,0.27988433837890625,2500.27978515625,0.2499999925494193
2051,0.0,0.0,0.2499999925494193,2500.27880859375,0.27882564067840576,2500.27880859375,0.2499999925494193
2052,0.0,0.0,0.2499999925494193,2500.30615234375,0.3061445951461792,2500.30615234375,0.2499999925494193
2053,0.0,0.0,0.2499999925494193,2500.33056640625,0.33061909675598145,2500.33056640625,0.2499999925494193
2054,0.0,0.0,0.2499999925494193,2500.313232421875,0.31331491470336914,2500.313232421875,0.2499999925494193
2055,0.0,0.0,0.2499999925494193,2500.29248046875,0.2925090789794922,2500.29248046875,0.2499999925494193
2056,0.0,0.0,0.2499999925494193,2500.39794921875,0.3978571891784668,2500.39794921875,0.2499999925494193
2057,0.0,0.0,0.2499999925494193,2500.300048828125,0.30012214183807373,2500.300048828125,0.2499999925494193
2058,0.0,0.0,0.2499999925494193,2500.308837890625,0.30884242057800293,2500.308837890625,0.2499999925494193
2059,0.0,0.0,0.2499999925494193,2500.295166015625,0.29509294033050537,2500.295166015625,0.2499999925494193
2060,0.0,0.0,0.2499999925494193,2500.302001953125,0.3019911050796509,2500.302001953125,0.2499999925494193
2061,0.0,0.0,0.2499999925494193,2500.279541015625,0.27956199645996094,2500.279541015625,0.2499999925494193
2062,0.0,0.0,0.2499999925494193,2500.291015625,0.2910735607147217,2500.291015625,0.2499999925494193
2063,0.0,0.0,0.2499999925494193,2500.324951171875,0.3248382806777954,2500.324951171875,0.2499999925494193
2064,0.0,0.0,0.2499999925494193,2500.34521484375,0.3451465368270874,2500.34521484375,0.2499999925494193
2065,0.0,0.0,0.2499999925494193,2500.291015625,0.2910933494567871,2500.291015625,0.2499999925494193
2066,0.0,0.0,0.2499999925494193,2500.296142578125,0.29622340202331543,2500.296142578125,0.2499999925494193
2067,0.0,0.0,0.2499999925494193,2500.252685546875,0.25263261795043945,2500.252685546875,0.2499999925494193
2068,0.0,0.0,0.2499999925494193,2500.2939453125,0.29405152797698975,2500.2939453125,0.2499999925494193
2069,0.0,0.0,0.2499999925494193,2500.312744140625,0.31275081634521484,2500.312744140625,0.2499999925494193
2070,0.0,0.0,0.2499999925494193,2500.293212890625,0.2931795120239258,2500.293212890625,0.2499999925494193
2071,0.0,0.0,0.2499999925494193,2500.333740234375,0.3338034152984619,2500.333740234375,0.2499999925494193
2072,0.0,0.0,0.2499999925494193,2500.3564453125,0.35639774799346924,2500.3564453125,0.2499999925494193
2073,0.0,0.0,0.2499999925494193,2500.29443359375,0.2945140600204468,2500.29443359375,0.2499999925494193
2074,0.0,0.0,0.2499999925494193,2500.294189453125,0.2942805290222168,2500.294189453125,0.2499999925494193
2075,0.0,0.0,0.2499999925494193,2500.33056640625,0.3306398391723633,2500.33056640625,0.2499999925494193
2076,0.0,0.0,0.2499999925494193,2500.316162109375,0.31617093086242676,2500.316162109375,0.2499999925494193
2077,0.0,0.0,0.2499999925494193,2500.345703125,0.3456629514694214,2500.345703125,0.2499999925494193
2078,0.0,0.0,0.2499999925494193,2500.316650390625,0.31674468517303467,2500.316650390625,0.2499999925494193
2079,0.0,0.0,0.2499999925494193,2500.28369140625,0.2837773561477661,2500.28369140625,0.2499999925494193
2080,0.0,0.0,0.2499999925494193,2500.252685546875,0.2526569366455078,2500.252685546875,0.2499999925494193
2081,0.0,0.0,0.2499999925494193,2500.317626953125,0.31768763065338135,2500.317626953125,0.2499999925494193
2082,0.0,0.0,0.2499999925494193,2500.353271484375,0.35334086418151855,2500.353271484375,0.2499999925494193
2083,0.0,0.0,0.2499999925494193,2500.27880859375,0.27874279022216797,2500.27880859375,0.2499999925494193
2084,0.0,0.0,0.2499999925494193,2500.341064453125,0.3409557342529297,2500.341064453125,0.2499999925494193
2085,0.0,0.0,0.2499999925494193,2500.30126953125,0.3012150526046753,2500.30126953125,0.2499999925494193
2086,0.0,0.0,0.2499999925494193,2500.354736328125,0.354683518409729,2500.354736328125,0.2499999925494193
2087,0.0,0.0,0.2499999925494193,2500.25244140625,0.25241518020629883,2500.25244140625,0.2499999925494193
2088,0.0,0.0,0.2499999925494193,2500.27685546875,0.27674341201782227,2500.27685546875,0.2499999925494193
2089,0.0,0.0,0.2499999925494193,2500.2763671875,0.2762875556945801,2500.2763671875,0.2499999925494193
2090,0.0,0.0,0.2499999925494193,2500.338134765625,0.3381483554840088,2500.338134765625,0.2499999925494193
2091,0.0,0.0,0.2499999925494193,2500.3134765625,0.3135334253311157,2500.3134765625,0.2499999925494193
2092,0.0,0.0,0.2499999925494193,2500.32666015625,0.326665997505188,2500.32666015625,0.2499999925494193
2093,0.0,0.0,0.2499999925494193,2500.281494140625,0.28153741359710693,2500.281494140625,0.2499999925494193
2094,0.0,0.0,0.2499999925494193,2500.3271484375,0.32713568210601807,2500.3271484375,0.2499999925494193
2095,0.0,0.0,0.2499999925494193,2500.3349609375,0.3348618745803833,2500.3349609375,0.2499999925494193
2096,0.0,0.0,0.2499999925494193,2500.3125,0.31256306171417236,2500.3125,0.2499999925494193
2097,0.0,0.0,0.2499999925494193,2500.25341796875,0.25345444679260254,2500.25341796875,0.2499999925494193
2098,0.0,0.0,0.2499999925494193,2500.3828125,0.3827756643295288,2500.3828125,0.2499999925494193
2099,0.0,0.0,0.2499999925494193,2500.2998046875,0.2997252941131592,2500.2998046875,0.2499999925494193
2100,0.0,0.0,0.2499999925494193,2500.30224609375,0.3021584749221802,2500.30224609375,0.2499999925494193
2101,0.0,0.0,0.2499999925494193,2500.247802734375,0.24771225452423096,2500.247802734375,0.2499999925494193
2102,0.0,0.0,0.2499999925494193,2500.262939453125,0.26281797885894775,2500.262939453125,0.2499999925494193
2103,0.0,0.0,0.2499999925494193,2500.297607421875,0.29770803451538086,2500.297607421875,0.2499999925494193
2104,0.0,0.0,0.2499999925494193,2500.32861328125,0.32859933376312256,2500.32861328125,0.2499999925494193
2105,0.0,0.0,0.2499999925494193,2500.338623046875,0.3386019468307495,2500.338623046875,0.2499999925494193
2106,0.0,0.0,0.2499999925494193,2500.318359375,0.31826770305633545,2500.318359375,0.2499999925494193
2107,0.0,0.0,0.2499999925494193,2500.284912109375,0.2848505973815918,2500.284912109375,0.2499999925494193
2108,0.0,0.0,0.2499999925494193,2500.32861328125,0.3285254240036011,2500.32861328125,0.2499999925494193
2109,0.0,0.0,0.2499999925494193,2500.34716796875,0.34721875190734863,2500.34716796875,0.2499999925494193
2110,0.0,0.0,0.2499999925494193,2500.327392578125,0.32734227180480957,2500.327392578125,0.2499999925494193
2111,0.0,0.0,0.2499999925494193,2500.251953125,0.2518357038497925,2500.251953125,0.2499999925494193
2112,0.0,0.0,0.2499999925494193,2500.27197265625,0.2719796895980835,2500.27197265625,0.2499999925494193
2113,0.0,0.0,0.2499999925494193,2500.314697265625,0.3146291971206665,2500.314697265625,0.2499999925494193
2114,0.0,0.0,0.2499999925494193,2500.333984375,0.33402442932128906,2500.333984375,0.2499999925494193
2115,0.0,0.0,0.2499999925494193,2500.28955078125,0.28952765464782715,2500.28955078125,0.2499999925494193
2116,0.0,0.0,0.2499999925494193,2500.2958984375,0.29582679271698,2500.2958984375,0.2499999925494193
2117,0.0,0.0,0.2499999925494193,2500.3173828125,0.3173987865447998,2500.3173828125,0.2499999925494193
2118,0.0,0.0,0.2499999925494193,2500.336181640625,0.336081862449646,2500.336181640625,0.2499999925494193
2119,0.0,0.0,0.2499999925494193,2500.287353515625,0.2872835397720337,2500.287353515625,0.2499999925494193
2120,0.0,0.0,0.2499999925494193,2500.308349609375,0.30827486515045166,2500.308349609375,0.2499999925494193
2121,0.0,0.0,0.2499999925494193,2500.31591796875,0.3158155679702759,2500.31591796875,0.2499999925494193
2122,0.0,0.0,0.2499999925494193,2500.297607421875,0.2975318431854248,2500.297607421875,0.2499999925494193
2123,0.0,0.0,0.2499999925494193,2500.298583984375,0.2986176013946533,2500.298583984375,0.2499999925494193
2124,0.0,0.0,0.2499999925494193,2500.319091796875,0.3190121650695801,2500.319091796875,0.2499999925494193
2125,0.0,0.0,0.2499999925494193,2500.32177734375,0.3218543529510498,2500.32177734375,0.2499999925494193
2126,0.0,0.0,0.2499999925494193,2500.276611328125,0.27672719955444336,2500.276611328125,0.2499999925494193
2127,0.0,0.0,0.2499999925494193,2500.272705078125,0.27262449264526367,2500.272705078125,0.2499999925494193
2128,0.0,0.0,0.2499999925494193,2500.284423828125,0.28446924686431885,2500.284423828125,0.2499999925494193
2129,0.0,0.0,0.2499999925494193,2500.307861328125,0.30782902240753174,2500.307861328125,0.2499999925494193
2130,0.0,0.0,0.2499999925494193,2500.321044921875,0.3210636377334595,2500.321044921875,0.2499999925494193
2131,0.0,0.0,0.2499999925494193,2500.29833984375,0.2982572317123413,2500.29833984375,0.2499999925494193
2132,0.0,0.0,0.2499999925494193,2500.28564453125,0.2856721878051758,2500.28564453125,0.2499999925494193
2133,0.0,0.0,0.2499999925494193,2500.32275390625,0.3227893114089966,2500.32275390625,0.2499999925494193
2134,0.0,0.0,0.2499999925494193,2500.302001953125,0.3019818067550659,2500.302001953125,0.2499999925494193
2135,0.0,0.0,0.20412413914855784,2500.31103515625,0.31113457679748535,2500.31103515625,0.20412413914855784
2136,0.0,0.0,0.2499999925494193,2500.320556640625,0.32057273387908936,2500.320556640625,0.2499999925494193
2137,0.0,0.0,0.2499999925494193,2500.406982421875,0.40704524517059326,2500.406982421875,0.2499999925494193
2138,0.0,0.0,0.2499999925494193,2500.322509765625,0.3225497007369995,2500.322509765625,0.2499999925494193
2139,0.0,0.0,0.2499999925494193,2500.282470703125,0.28239333629608154,2500.282470703125,0.2499999925494193
2140,0.0,0.0,0.2499999925494193,2500.3359375,0.3358194828033447,2500.3359375,0.2499999925494193
2141,0.0,0.0,0.2499999925494193,2500.298095703125,0.2982065677642822,2500.298095703125,0.2499999925494193
2142,0.0,0.0,0.2499999925494193,2500.26806640625,0.26802098751068115,2500.26806640625,0.2499999925494193
2143,0.0,0.0,0.2499999925494193,2500.328125,0.32801735401153564,2500.328125,0.2499999925494193
2144,0.0,0.0,0.2499999925494193,2500.36572265625,0.36568570137023926,2500.36572265625,0.2499999925494193
2145,0.0,0.0,0.2499999925494193,2500.337158203125,0.33725857734680176,2500.337158203125,0.2499999925494193
2146,0.0,0.0,0.2499999925494193,2500.290283203125,0.29037535190582275,2500.290283203125,0.2499999925494193
2147,0.0,0.0,0.2499999925494193,2500.297119140625,0.29714083671569824,2500.297119140625,0.2499999925494193
2148,0.0,0.0,0.2499999925494193,2500.38427734375,0.38427412509918213,2500.38427734375,0.2499999925494193
2149,0.0,0.0,0.2499999925494193,2500.240234375,0.240156888961792,2500.240234375,0.2499999925494193
2150,0.0,0.0,0.2499999925494193,2500.347900390625,0.3479330539703369,2500.347900390625,0.2499999925494193
2151,0.0,0.0,0.2499999925494193,2500.2568359375,0.2569420337677002,2500.2568359375,0.2499999925494193
2152,0.0,0.0,0.2499999925494193,2500.340087890625,0.340185284614563,2500.340087890625,0.2499999925494193
2153,0.0,0.0,0.2499999925494193,2500.3125,0.31248724460601807,2500.3125,0.2499999925494193
2154,0.0,0.0,0.2499999925494193,2500.28271484375,0.28276753425598145,2500.28271484375,0.2499999925494193
2155,0.0,0.0,0.2499999925494193,2500.281982421875,0.28208935260772705,2500.281982421875,0.2499999925494193
2156,0.0,0.0,0.2499999925494193,2500.3017578125,0.3017364740371704,2500.3017578125,0.2499999925494193
2157,0.0,0.0,0.2499999925494193,2500.311279296875,0.3113851547241211,2500.311279296875,0.2499999925494193
2158,0.0,0.0,0.2499999925494193,2500.333984375,0.33393537998199463,2500.333984375,0.2499999925494193
2159,0.0,0.0,0.2499999925494193,2500.24853515625,0.248421311378479,2500.24853515625,0.2499999925494193
2160,0.0,0.0,0.2499999925494193,2500.298095703125,0.2980198860168457,2500.298095703125,0.2499999925494193
2161,0.0,0.0,0.2499999925494193,2500.247314453125,0.2472996711730957,2500.247314453125,0.2499999925494193
2162,0.0,0.0,0.2499999925494193,2500.278564453125,0.27867913246154785,2500.278564453125,0.2499999925494193
2163,0.0,0.0,0.2499999925494193,2500.278076171875,0.27798521518707275,2500.278076171875,0.2499999925494193
2164,0.0,0.0,0.2499999925494193,2500.30712890625,0.3071293830871582,2500.30712890625,0.2499999925494193
2165,0.0,0.0,0.2499999925494193,2500.308837890625,0.3088735342025757,2500.308837890625,0.2499999925494193
2166,0.0,0.0,0.2499999925494193,2500.335693359375,0.3356046676635742,2500.335693359375,0.2499999925494193
2167,0.0,0.0,0.2499999925494193,2500.311767578125,0.31185996532440186,2500.311767578125,0.2499999925494193
2168,0.0,0.0,0.2499999925494193,2500.301513671875,0.30160069465637207,2500.301513671875,0.2499999925494193
2169,0.0,0.0,0.2499999925494193,2500.281982421875,0.28208374977111816,2500.281982421875,0.2499999925494193
2170,0.0,0.0,0.2499999925494193,2500.265380859375,0.265262246131897,2500.265380859375,0.2499999925494193
2171,0.0,0.0,0.2499999925494193,2500.25927734375,0.25931107997894287,2500.25927734375,0.2499999925494193
2172,0.0,0.0,0.2499999925494193,2500.26953125,0.26958537101745605,2500.26953125,0.2499999925494193
2173,0.0,0.0,0.2499999925494193,2500.30712890625,0.30713605880737305,2500.30712890625,0.2499999925494193
2174,0.0,0.0,0.2499999925494193,2500.3125,0.3124244213104248,2500.3125,0.2499999925494193
2175,0.0,0.0,0.2499999925494193,2500.288330078125,0.28836846351623535,2500.288330078125,0.2499999925494193
2176,0.0,0.0,0.2499999925494193,2500.292724609375,0.29279303550720215,2500.292724609375,0.2499999925494193
2177,0.0,0.0,0.2499999925494193,2500.351806640625,0.3518373966217041,2500.351806640625,0.2499999925494193
2178,0.0,0.0,0.2499999925494193,2500.249755859375,0.2498530149459839,2500.249755859375,0.2499999925494193
2179,0.0,0.0,0.2499999925494193,2500.27783203125,0.2778167724609375,2500.27783203125,0.2499999925494193
2180,0.0,0.0,0.2499999925494193,2500.25732421875,0.25726044178009033,2500.25732421875,0.2499999925494193
2181,0.0,0.0,0.2499999925494193,2500.294677734375,0.2946738004684448,2500.294677734375,0.2499999925494193
2182,0.0,0.0,0.2499999925494193,2500.241943359375,0.24184072017669678,2500.241943359375,0.2499999925494193
2183,0.0,0.0,0.2499999925494193,2500.26904296875,0.26905179023742676,2500.26904296875,0.2499999925494193
2184,0.0,0.0,0.2499999925494193,2500.252685546875,0.2527129650115967,2500.252685546875,0.2499999925494193
2185,0.0,0.0,0.2499999925494193,2500.299072265625,0.2989860773086548,2500.299072265625,0.2499999925494193
2186,0.0,0.0,0.2499999925494193,2500.261962890625,0.26199936866760254,2500.261962890625,0.2499999925494193
2187,0.0,0.0,0.2499999925494193,2500.254150390625,0.25425219535827637,2500.254150390625,0.2499999925494193
2188,0.0,0.0,0.2499999925494193,2500.330078125,0.330142617225647,2500.330078125,0.2499999925494193
2189,0.0,0.0,0.2499999925494193,2500.306884765625,0.30692362785339355,2500.306884765625,0.2499999925494193
2190,0.0,0.0,0.2499999925494193,2500.263916015625,0.2640012502670288,2500.263916015625,0.2499999925494193
2191,0.0,0.0,0.2499999925494193,2500.29541015625,0.295365571975708,2500.29541015625,0.2499999925494193
2192,0.0,0.0,0.2499999925494193,2500.316650390625,0.3167635202407837,2500.316650390625,0.2499999925494193
2193,0.0,0.0,0.2499999925494193,2500.294189453125,0.29409587383270264,2500.294189453125,0.2499999925494193
2194,0.0,0.0,0.2499999925494193,2500.244873046875,0.24486005306243896,2500.244873046875,0.2499999925494193
2195,0.0,0.0,0.2499999925494193,2500.264892578125,0.26493239402770996,2500.264892578125,0.2499999925494193
2196,0.0,0.0,0.2499999925494193,2500.302978515625,0.3029446601867676,2500.302978515625,0.2499999925494193
2197,0.0,0.0,0.2499999925494193,2500.2861328125,0.2862257957458496,2500.2861328125,0.2499999925494193
2198,0.0,0.0,0.2499999925494193,2500.3095703125,0.3094761371612549,2500.3095703125,0.2499999925494193
2199,0.0,0.0,0.2499999925494193,2500.35107421875,0.3510040044784546,2500.35107421875,0.2499999925494193
2200,0.0,0.0,0.2499999925494193,2500.274169921875,0.274289608001709,2500.274169921875,0.2499999925494193
2201,0.0,0.0,0.2499999925494193,2500.272705078125,0.2728085517883301,2500.272705078125,0.2499999925494193
2202,0.0,0.0,0.2499999925494193,2500.295654296875,0.29554319381713867,2500.295654296875,0.2499999925494193
2203,0.0,0.0,0.2499999925494193,2500.312744140625,0.3127666711807251,2500.312744140625,0.2499999925494193
2204,0.0,0.0,0.2499999925494193,2500.340087890625,0.3401223421096802,2500.340087890625,0.2499999925494193
2205,0.0,0.0,0.2499999925494193,2500.335693359375,0.3357992172241211,2500.335693359375,0.2499999925494193
2206,0.0,0.0,0.2499999925494193,2500.23388671875,0.23386609554290771,2500.23388671875,0.2499999925494193
2207,0.0,0.0,0.2499999925494193,2500.2939453125,0.2939457893371582,2500.2939453125,0.2499999925494193
2208,0.0,0.0,0.2499999925494193,2500.2900390625,0.2899872064590454,2500.2900390625,0.2499999925494193
2209,0.0,0.0,0.2499999925494193,2500.261962890625,0.26185429096221924,2500.261962890625,0.2499999925494193
2210,0.0,0.0,0.2499999925494193,2500.29541015625,0.29548370838165283,2500.29541015625,0.2499999925494193
2211,0.0,0.0,0.2499999925494193,2500.29833984375,0.298443078994751,2500.29833984375,0.2499999925494193
2212,0.0,0.0,0.2499999925494193,2500.306640625,0.30652129650115967,2500.306640625,0.2499999925494193
2213,0.0,0.0,0.2499999925494193,2500.265625,0.26554107666015625,2500.265625,0.2499999925494193
2214,0.0,0.0,0.2499999925494193,2500.296630859375,0.2965887784957886,2500.296630859375,0.2499999925494193
2215,0.0,0.0,0.2499999925494193,2500.231201171875,0.23124182224273682,2500.231201171875,0.2499999925494193
2216,0.0,0.0,0.2499999925494193,2500.28369140625,0.2836451530456543,2500.28369140625,0.2499999925494193
2217,0.0,0.0,0.2499999925494193,2500.30908203125,0.30905115604400635,2500.30908203125,0.2499999925494193
2218,0.0,0.0,0.2499999925494193,2500.291015625,0.2910081148147583,2500.291015625,0.2499999925494193
2219,0.0,0.0,0.2499999925494193,2500.2646484375,0.2646745443344116,2500.2646484375,0.2499999925494193
2220,0.0,0.0,0.2499999925494193,2500.29345703125,0.2933999300003052,2500.29345703125,0.2499999925494193
2221,0.0,0.0,0.2499999925494193,2500.28515625,0.2852367162704468,2500.28515625,0.2499999925494193
2222,0.0,0.0,0.2499999925494193,2500.264404296875,0.2643895149230957,2500.264404296875,0.2499999925494193
2223,0.0,0.0,0.2499999925494193,2500.266845703125,0.2669297456741333,2500.266845703125,0.2499999925494193
2224,0.0,0.0,0.2499999925494193,2500.300537109375,0.3006380796432495,2500.300537109375,0.2499999925494193
2225,0.0,0.0,0.2499999925494193,2500.276123046875,0.27601075172424316,2500.276123046875,0.2499999925494193
2226,0.0,0.0,0.2499999925494193,2500.321533203125,0.3215707540512085,2500.321533203125,0.2499999925494193
2227,0.0,0.0,0.2499999925494193,2500.29052734375,0.29046809673309326,2500.29052734375,0.2499999925494193
2228,0.0,0.0,0.2499999925494193,2500.299560546875,0.2995321750640869,2500.299560546875,0.2499999925494193
2229,0.0,0.0,0.2499999925494193,2500.297119140625,0.29707765579223633,2500.297119140625,0.2499999925494193
2230,0.0,0.0,0.2499999925494193,2500.280517578125,0.280450701713562,2500.280517578125,0.2499999925494193
2231,0.0,0.0,0.2499999925494193,2500.32275390625,0.3228442668914795,2500.32275390625,0.2499999925494193
2232,0.0,0.0,0.2499999925494193,2500.226318359375,0.2263932228088379,2500.226318359375,0.2499999925494193
2233,0.0,0.0,0.2499999925494193,2500.271728515625,0.27164125442504883,2500.271728515625,0.2499999925494193
2234,0.0,0.0,0.2499999925494193,2500.28662109375,0.28656911849975586,2500.28662109375,0.2499999925494193
2235,0.0,0.0,0.2499999925494193,2500.28369140625,0.2837873697280884,2500.28369140625,0.2499999925494193
2236,0.0,0.0,0.2499999925494193,2500.267333984375,0.267378568649292,2500.267333984375,0.2499999925494193
2237,0.0,0.0,0.2499999925494193,2500.310546875,0.31061887741088867,2500.310546875,0.2499999925494193
2238,0.0,0.0,0.2499999925494193,2500.347900390625,0.3477809429168701,2500.347900390625,0.2499999925494193
2239,0.0,0.0,0.2499999925494193,2500.2607421875,0.2606492042541504,2500.2607421875,0.2499999925494193
2240,0.0,0.0,0.2499999925494193,2500.315185546875,0.31511807441711426,2500.315185546875,0.2499999925494193
2241,0.0,0.0,0.2499999925494193,2500.324951171875,0.32484447956085205,2500.324951171875,0.2499999925494193
2242,0.0,0.0,0.2499999925494193,2500.283935546875,0.28393685817718506,2500.283935546875,0.2499999925494193
2243,0.0,0.0,0.2499999925494193,2500.3310546875,0.3311307430267334,2500.3310546875,0.2499999925494193
2244,0.0,0.0,0.2499999925494193,2500.251953125,0.2519872188568115,2500.251953125,0.2499999925494193
2245,0.0,0.0,0.2499999925494193,2500.34130859375,0.341410756111145,2500.34130859375,0.2499999925494193
2246,0.0,0.0,0.2499999925494193,2500.298828125,0.2987123727798462,2500.298828125,0.2499999925494193
2247,0.0,0.0,0.2499999925494193,2500.255859375,0.25594329833984375,2500.255859375,0.2499999925494193
2248,0.0,0.0,0.2499999925494193,2500.252197265625,0.25228917598724365,2500.252197265625,0.2499999925494193
2249,0.0,0.0,0.2499999925494193,2500.24560546875,0.24570393562316895,2500.24560546875,0.2499999925494193
2250,0.0,0.0,0.2499999925494193,2500.294677734375,0.294791579246521,2500.294677734375,0.2499999925494193
2251,0.0,0.0,0.2499999925494193,2500.281494140625,0.28144896030426025,2500.281494140625,0.2499999925494193
2252,0.0,0.0,0.2499999925494193,2500.35693359375,0.35681819915771484,2500.35693359375,0.2499999925494193
2253,0.0,0.0,0.2499999925494193,2500.34033203125,0.3402717113494873,2500.34033203125,0.2499999925494193
2254,0.0,0.0,0.2499999925494193,2500.275146484375,0.2752110958099365,2500.275146484375,0.2499999925494193
2255,0.0,0.0,0.2499999925494193,2500.25390625,0.25389742851257324,2500.25390625,0.2499999925494193
2256,0.0,0.0,0.2499999925494193,2500.296875,0.29694950580596924,2500.296875,0.2499999925494193
2257,0.0,0.0,0.2499999925494193,2500.28076171875,0.28076183795928955,2500.28076171875,0.2499999925494193
2258,0.0,0.0,0.2499999925494193,2500.27294921875,0.27288198471069336,2500.27294921875,0.2499999925494193
2259,0.0,0.0,0.2499999925494193,2500.318603515625,0.31871604919433594,2500.318603515625,0.2499999925494193
2260,0.0,0.0,0.2499999925494193,2500.286865234375,0.2869386672973633,2500.286865234375,0.2499999925494193
2261,0.0,0.0,0.2499999925494193,2500.293701171875,0.2937760353088379,2500.293701171875,0.2499999925494193
2262,0.0,0.0,0.2499999925494193,2500.309326171875,0.3093680143356323,2500.309326171875,0.2499999925494193
2263,0.0,0.0,0.2499999925494193,2500.291015625,0.2909163236618042,2500.291015625,0.2499999925494193
2264,0.0,0.0,0.2499999925494193,2500.322509765625,0.3225841522216797,2500.322509765625,0.2499999925494193
2265,0.0,0.0,0.2499999925494193,2500.267578125,0.26766741275787354,2500.267578125,0.2499999925494193
2266,0.0,0.0,0.2499999925494193,2500.2861328125,0.2862548828125,2500.2861328125,0.2499999925494193
2267,0.0,0.0,0.2499999925494193,2500.333251953125,0.33330392837524414,2500.333251953125,0.2499999925494193
2268,0.0,0.0,0.2499999925494193,2500.263916015625,0.2638585567474365,2500.263916015625,0.2499999925494193
2269,0.0,0.0,0.2499999925494193,2500.273193359375,0.27308547496795654,2500.273193359375,0.2499999925494193
2270,0.0,0.0,0.2499999925494193,2500.269775390625,0.26986372470855713,2500.269775390625,0.2499999925494193
2271,0.0,0.0,0.2499999925494193,2500.283203125,0.28311312198638916,2500.283203125,0.2499999925494193
2272,0.0,0.0,0.2499999925494193,2500.275634765625,0.2755671739578247,2500.275634765625,0.2499999925494193
2273,0.0,0.0,0.2499999925494193,2500.29931640625,0.2993149757385254,2500.29931640625,0.2499999925494193
2274,0.0,0.0,0.2499999925494193,2500.259521484375,0.25944089889526367,2500.259521484375,0.2499999925494193
2275,0.0,0.0,0.2499999925494193,2500.249755859375,0.24966537952423096,2500.249755859375,0.2499999925494193
2276,0.0,0.0,0.2499999925494193,2500.297607421875,0.29749035835266113,2500.297607421875,0.2499999925494193
2277,0.0,0.0,0.2499999925494193,2500.317138671875,0.31710922718048096,2500.317138671875,0.2499999925494193
2278,0.0,0.0,0.2499999925494193,2500.304931640625,0.3050333261489868,2500.304931640625,0.2499999925494193
2279,0.0,0.0,0.2499999925494193,2500.259521484375,0.2594161033630371,2500.259521484375,0.2499999925494193
2280,0.0,0.0,0.2499999925494193,2500.284912109375,0.2849005460739136,2500.284912109375,0.2499999925494193
2281,0.0,0.0,0.2499999925494193,2500.26953125,0.269542932510376,2500.26953125,0.2499999925494193
2282,0.0,0.0,0.2499999925494193,2500.292236328125,0.29228830337524414,2500.292236328125,0.2499999925494193
2283,0.0,0.0,0.2499999925494193,2500.33203125,0.33212172985076904,2500.33203125,0.2499999925494193
2284,0.0,0.0,0.2499999925494193,2500.260986328125,0.26098573207855225,2500.260986328125,0.2499999925494193
2285,0.0,0.0,0.2499999925494193,2500.299560546875,0.2996225357055664,2500.299560546875,0.2499999925494193
2286,0.0,0.0,0.2499999925494193,2500.324462890625,0.32456910610198975,2500.324462890625,0.2499999925494193
2287,0.0,0.0,0.2499999925494193,2500.283447265625,0.2833477258682251,2500.283447265625,0.2499999925494193
2288,0.0,0.0,0.2499999925494193,2500.281982421875,0.2819627523422241,2500.281982421875,0.2499999925494193
2289,0.0,0.0,0.2499999925494193,2500.303466796875,0.30337440967559814,2500.303466796875,0.2499999925494193
2290,0.0,0.0,0.2499999925494193,2500.253662109375,0.2536804676055908,2500.253662109375,0.2499999925494193
2291,0.0,0.0,0.2499999925494193,2500.304931640625,0.3048592805862427,2500.304931640625,0.2499999925494193
2292,0.0,0.0,0.2499999925494193,2500.267822265625,0.26791977882385254,2500.267822265625,0.2499999925494193
2293,0.0,0.0,0.2499999925494193,2500.25537109375,0.25532734394073486,2500.25537109375,0.2499999925494193
2294,0.0,0.0,0.2499999925494193,2500.2734375,0.27331864833831787,2500.2734375,0.2499999925494193
2295,0.0,0.0,0.2499999925494193,2500.284912109375,0.2848900556564331,2500.284912109375,0.2499999925494193
2296,0.0,0.0,0.2499999925494193,2500.275146484375,0.2752004861831665,2500.275146484375,0.2499999925494193
2297,0.0,0.0,0.2499999925494193,2500.274658203125,0.2746235132217407,2500.274658203125,0.2499999925494193
2298,0.0,0.0,0.2499999925494193,2500.2197265625,0.21971046924591064,2500.2197265625,0.2499999925494193
2299,0.0,0.0,0.2499999925494193,2500.32177734375,0.3216981887817383,2500.32177734375,0.2499999925494193
2300,0.0,0.0,0.2499999925494193,2500.3154296875,0.31542134284973145,2500.3154296875,0.2499999925494193
2301,0.0,0.0,0.2499999925494193,2500.304931640625,0.3050466775894165,2500.304931640625,0.2499999925494193
2302,0.0,0.0,0.2499999925494193,2500.2802734375,0.28033316135406494,2500.2802734375,0.2499999925494193
2303,0.0,0.0,0.2499999925494193,2500.259765625,0.2596912384033203,2500.259765625,0.2499999925494193
2304,0.0,0.0,0.2499999925494193,2500.29736328125,0.29726970195770264,2500.29736328125,0.2499999925494193
2305,0.0,0.0,0.2499999925494193,2500.28076171875,0.28080034255981445,2500.28076171875,0.2499999925494193
2306,0.0,0.0,0.2499999925494193,2500.303466796875,0.3033478260040283,2500.303466796875,0.2499999925494193
2307,0.0,0.0,0.2499999925494193,2500.278564453125,0.27851271629333496,2500.278564453125,0.2499999925494193
2308,0.0,0.0,0.2499999925494193,2500.305908203125,0.30594897270202637,2500.305908203125,0.2499999925494193
2309,0.0,0.0,0.2499999925494193,2500.203857421875,0.20391714572906494,2500.203857421875,0.2499999925494193
2310,0.0,0.0,0.2499999925494193,2500.28173828125,0.2816725969314575,2500.28173828125,0.2499999925494193
2311,0.0,0.0,0.2499999925494193,2500.31005859375,0.30995428562164307,2500.31005859375,0.2499999925494193
2312,0.0,0.0,0.2499999925494193,2500.287109375,0.2870088815689087,2500.287109375,0.2499999925494193
2313,0.0,0.0,0.2499999925494193,2500.274169921875,0.27414894104003906,2500.274169921875,0.2499999925494193
2314,0.0,0.0,0.2499999925494193,2500.31103515625,0.3111220598220825,2500.31103515625,0.2499999925494193
2315,0.0,0.0,0.2499999925494193,2500.25146484375,0.2514854669570923,2500.25146484375,0.2499999925494193
2316,0.0,0.0,0.2499999925494193,2500.268310546875,0.26829254627227783,2500.268310546875,0.2499999925494193
2317,0.0,0.0,0.2499999925494193,2500.280029296875,0.28009140491485596,2500.280029296875,0.2499999925494193
2318,0.0,0.0,0.2499999925494193,2500.306640625,0.30675506591796875,2500.306640625,0.2499999925494193
2319,0.0,0.0,0.2499999925494193,2500.32470703125,0.324823260307312,2500.32470703125,0.2499999925494193
2320,0.0,0.0,0.2499999925494193,2500.270751953125,0.2707383632659912,2500.270751953125,0.2499999925494193
2321,0.0,0.0,0.2499999925494193,2500.27490234375,0.2749960422515869,2500.27490234375,0.2499999925494193
2322,0.0,0.0,0.2499999925494193,2500.27294921875,0.2730374336242676,2500.27294921875,0.2499999925494193
2323,0.0,0.0,0.2499999925494193,2500.237060546875,0.23716449737548828,2500.237060546875,0.2499999925494193
2324,0.0,0.0,0.2499999925494193,2500.326904296875,0.32702064514160156,2500.326904296875,0.2499999925494193
2325,0.0,0.0,0.2499999925494193,2500.284423828125,0.2845184803009033,2500.284423828125,0.2499999925494193
2326,0.0,0.0,0.2499999925494193,2500.271240234375,0.2712196111679077,2500.271240234375,0.2499999925494193
2327,0.0,0.0,0.2499999925494193,2500.28857421875,0.28851842880249023,2500.28857421875,0.2499999925494193
2328,0.0,0.0,0.2499999925494193,2500.27001953125,0.26990747451782227,2500.27001953125,0.2499999925494193
2329,0.0,0.0,0.2499999925494193,2500.240234375,0.2401728630065918,2500.240234375,0.2499999925494193
2330,0.0,0.0,0.2499999925494193,2500.26806640625,0.26812005043029785,2500.26806640625,0.2499999925494193
2331,0.0,0.0,0.2499999925494193,2500.287353515625,0.28733766078948975,2500.287353515625,0.2499999925494193
2332,0.0,0.0,0.2499999925494193,2500.268798828125,0.26879703998565674,2500.268798828125,0.2499999925494193
2333,0.0,0.0,0.2499999925494193,2500.2822265625,0.2821570634841919,2500.2822265625,0.2499999925494193
2334,0.0,0.0,0.2499999925494193,2500.27880859375,0.27888286113739014,2500.27880859375,0.2499999925494193
2335,0.0,0.0,0.2499999925494193,2500.26708984375,0.26697707176208496,2500.26708984375,0.2499999925494193
2336,0.0,0.0,0.2499999925494193,2500.271484375,0.2715064287185669,2500.271484375,0.2499999925494193
2337,0.0,0.0,0.2499999925494193,2500.304443359375,0.30441856384277344,2500.304443359375,0.2499999925494193
2338,0.0,0.0,0.2499999925494193,2500.2958984375,0.29578351974487305,2500.2958984375,0.2499999925494193
2339,0.0,0.0,0.2499999925494193,2500.27880859375,0.2787100076675415,2500.27880859375,0.2499999925494193
2340,0.0,0.0,0.2499999925494193,2500.3154296875,0.31555044651031494,2500.3154296875,0.2499999925494193
2341,0.0,0.0,0.2499999925494193,2500.242919921875,0.24289941787719727,2500.242919921875,0.2499999925494193
2342,0.0,0.0,0.2499999925494193,2500.31884765625,0.3189539909362793,2500.31884765625,0.2499999925494193
2343,0.0,0.0,0.2499999925494193,2500.24755859375,0.24752581119537354,2500.24755859375,0.2499999925494193
2344,0.0,0.0,0.2499999925494193,2500.286376953125,0.2864212989807129,2500.286376953125,0.2499999925494193
2345,0.0,0.0,0.2499999925494193,2500.291748046875,0.2918130159378052,2500.291748046875,0.2499999925494193
2346,0.0,0.0,0.2499999925494193,2500.2802734375,0.28029966354370117,2500.2802734375,0.2499999925494193
2347,0.0,0.0,0.2499999925494193,2500.26416015625,0.2641758918762207,2500.26416015625,0.2499999925494193
2348,0.0,0.0,0.2499999925494193,2500.269287109375,0.2691701650619507,2500.269287109375,0.2499999925494193
2349,0.0,0.0,0.2499999925494193,2500.273193359375,0.2732198238372803,2500.273193359375,0.2499999925494193
2350,0.0,0.0,0.2499999925494193,2500.294921875,0.29501283168792725,2500.294921875,0.2499999925494193
2351,0.0,0.0,0.2499999925494193,2500.280517578125,0.2805522680282593,2500.280517578125,0.2499999925494193
2352,0.0,0.0,0.2499999925494193,2500.255859375,0.2558889389038086,2500.255859375,0.2499999925494193
2353,0.0,0.0,0.2499999925494193,2500.29296875,0.29307007789611816,2500.29296875,0.2499999925494193
2354,0.0,0.0,0.2499999925494193,2500.2958984375,0.2959299087524414,2500.2958984375,0.2499999925494193
2355,0.0,0.0,0.2499999925494193,2500.28857421875,0.2886589765548706,2500.28857421875,0.2499999925494193
2356,0.0,0.0,0.2499999925494193,2500.287841796875,0.28772735595703125,2500.287841796875,0.2499999925494193
2357,0.0,0.0,0.2499999925494193,2500.27587890625,0.2758888006210327,2500.27587890625,0.2499999925494193
2358,0.0,0.0,0.2499999925494193,2500.28759765625,0.28769969940185547,2500.28759765625,0.2499999925494193
2359,0.0,0.0,0.2499999925494193,2500.275390625,0.27547919750213623,2500.275390625,0.2499999925494193
2360,0.0,0.0,0.2499999925494193,2500.280517578125,0.2805333137512207,2500.280517578125,0.2499999925494193
2361,0.0,0.0,0.2499999925494193,2500.235595703125,0.23555505275726318,2500.235595703125,0.2499999925494193
2362,0.0,0.0,0.2499999925494193,2500.24658203125,0.24669909477233887,2500.24658203125,0.2499999925494193
2363,0.0,0.0,0.2499999925494193,2500.282470703125,0.2825545072555542,2500.282470703125,0.2499999925494193
2364,0.0,0.0,0.2499999925494193,2500.271240234375,0.27131569385528564,2500.271240234375,0.2499999925494193
2365,0.0,0.0,0.2499999925494193,2500.266357421875,0.2664761543273926,2500.266357421875,0.2499999925494193
2366,0.0,0.0,0.2499999925494193,2500.231201171875,0.23115766048431396,2500.231201171875,0.2499999925494193
2367,0.0,0.0,0.2499999925494193,2500.27294921875,0.2730339765548706,2500.27294921875,0.2499999925494193
2368,0.0,0.0,0.2499999925494193,2500.287841796875,0.2879449129104614,2500.287841796875,0.2499999925494193
2369,0.0,0.0,0.2499999925494193,2500.24365234375,0.24365520477294922,2500.24365234375,0.2499999925494193
2370,0.0,0.0,0.2499999925494193,2500.25634765625,0.2562577724456787,2500.25634765625,0.2499999925494193
2371,0.0,0.0,0.2499999925494193,2500.2802734375,0.2803713083267212,2500.2802734375,0.2499999925494193
2372,0.0,0.0,0.2499999925494193,2500.304931640625,0.30496466159820557,2500.304931640625,0.2499999925494193
2373,0.0,0.0,0.2499999925494193,2500.30615234375,0.3061791658401489,2500.30615234375,0.2499999925494193
2374,0.0,0.0,0.2499999925494193,2500.2919921875,0.292050838470459,2500.2919921875,0.2499999925494193
2375,0.0,0.0,0.2499999925494193,2500.27294921875,0.27302980422973633,2500.27294921875,0.2499999925494193
2376,0.0,0.0,0.2499999925494193,2500.283203125,0.2832578420639038,2500.283203125,0.2499999925494193
2377,0.0,0.0,0.2499999925494193,2500.29150390625,0.2913919687271118,2500.29150390625,0.2499999925494193
2378,0.0,0.0,0.2499999925494193,2500.271728515625,0.2716912031173706,2500.271728515625,0.2499999925494193
2379,0.0,0.0,0.2499999925494193,2500.25439453125,0.2544344663619995,2500.25439453125,0.2499999925494193
2380,0.0,0.0,0.2499999925494193,2500.262939453125,0.26294660568237305,2500.262939453125,0.2499999925494193
2381,0.0,0.0,0.2499999925494193,2500.272705078125,0.2726757526397705,2500.272705078125,0.2499999925494193
2382,0.0,0.0,0.2499999925494193,2500.278076171875,0.2780139446258545,2500.278076171875,0.2499999925494193
2383,0.0,0.0,0.2499999925494193,2500.24853515625,0.24853754043579102,2500.24853515625,0.2499999925494193
2384,0.0,0.0,0.2499999925494193,2500.26953125,0.269466757774353,2500.26953125,0.2499999925494193
2385,0.0,0.0,0.2499999925494193,2500.2509765625,0.25087273120880127,2500.2509765625,0.2499999925494193
2386,0.0,0.0,0.2499999925494193,2500.242919921875,0.24281096458435059,2500.242919921875,0.2499999925494193
2387,0.0,0.0,0.2499999925494193,2500.24072265625,0.2406536340713501,2500.24072265625,0.2499999925494193
2388,0.0,0.0,0.2499999925494193,2500.269287109375,0.26940906047821045,2500.269287109375,0.2499999925494193
2389,0.0,0.0,0.2499999925494193,2500.278076171875,0.27805888652801514,2500.278076171875,0.2499999925494193
2390,0.0,0.0,0.2499999925494193,2500.27294921875,0.27302777767181396,2500.27294921875,0.2499999925494193
2391,0.0,0.0,0.2499999925494193,2500.29345703125,0.29343557357788086,2500.29345703125,0.2499999925494193
2392,0.0,0.0,0.2499999925494193,2500.279541015625,0.27959144115448,2500.279541015625,0.2499999925494193
2393,0.0,0.0,0.2499999925494193,2500.250244140625,0.2503317594528198,2500.250244140625,0.2499999925494193
2394,0.0,0.0,0.2499999925494193,2500.24951171875,0.24952435493469238,2500.24951171875,0.2499999925494193
2395,0.0,0.0,0.2499999925494193,2500.279052734375,0.2791481018066406,2500.279052734375,0.2499999925494193
2396,0.0,0.0,0.2499999925494193,2500.265380859375,0.2653076648712158,2500.265380859375,0.2499999925494193
2397,0.0,0.0,0.2499999925494193,2500.327880859375,0.32776403427124023,2500.327880859375,0.2499999925494193
2398,0.0,0.0,0.2499999925494193,2500.279052734375,0.27898848056793213,2500.279052734375,0.2499999925494193
2399,0.0,0.0,0.2499999925494193,2500.23779296875,0.23774051666259766,2500.23779296875,0.2499999925494193
2400,0.0,0.0,0.2499999925494193,2500.291259765625,0.2911616563796997,2500.291259765625,0.2499999925494193
2401,0.0,0.0,0.2499999925494193,2500.291015625,0.2909219264984131,2500.291015625,0.2499999925494193
2402,0.0,0.0,0.20412413914855784,2500.232421875,0.23249530792236328,2500.232421875,0.20412413914855784
2403,0.0,0.0,0.2499999925494193,2500.262939453125,0.2630516290664673,2500.262939453125,0.2499999925494193
2404,0.0,0.0,0.2499999925494193,2500.306640625,0.3066753149032593,2500.306640625,0.2499999925494193
2405,0.0,0.0,0.2499999925494193,2500.253173828125,0.2532423734664917,2500.253173828125,0.2499999925494193
2406,0.0,0.0,0.2499999925494193,2500.2685546875,0.2686424255371094,2500.2685546875,0.2499999925494193
2407,0.0,0.0,0.2499999925494193,2500.23291015625,0.23283934593200684,2500.23291015625,0.2499999925494193
2408,0.0,0.0,0.2499999925494193,2500.267333984375,0.26738154888153076,2500.267333984375,0.2499999925494193
2409,0.0,0.0,0.2499999925494193,2500.284912109375,0.2847987413406372,2500.284912109375,0.2499999925494193
2410,0.0,0.0,0.2499999925494193,2500.2529296875,0.25291192531585693,2500.2529296875,0.2499999925494193
2411,0.0,0.0,0.2499999925494193,2500.26220703125,0.2623089551925659,2500.26220703125,0.2499999925494193
2412,0.0,0.0,0.2499999925494193,2500.24609375,0.24598145484924316,2500.24609375,0.2499999925494193
2413,0.0,0.0,0.2499999925494193,2500.24560546875,0.2456803321838379,2500.24560546875,0.2499999925494193
2414,0.0,0.0,0.2499999925494193,2500.290283203125,0.2903391122817993,2500.290283203125,0.2499999925494193
2415,0.0,0.0,0.2499999925494193,2500.251220703125,0.2511938810348511,2500.251220703125,0.2499999925494193
2416,0.0,0.0,0.2499999925494193,2500.305908203125,0.305843710899353,2500.305908203125,0.2499999925494193
2417,0.0,0.0,0.2499999925494193,2500.273193359375,0.2733020782470703,2500.273193359375,0.2499999925494193
2418,0.0,0.0,0.2499999925494193,2500.289794921875,0.289786696434021,2500.289794921875,0.2499999925494193
2419,0.0,0.0,0.2499999925494193,2500.2783203125,0.27820873260498047,2500.2783203125,0.2499999925494193
2420,0.0,0.0,0.2499999925494193,2500.224365234375,0.224401593208313,2500.224365234375,0.2499999925494193
2421,0.0,0.0,0.2499999925494193,2500.301513671875,0.301510214805603,2500.301513671875,0.2499999925494193
2422,0.0,0.0,0.2499999925494193,2500.29931640625,0.29932892322540283,2500.29931640625,0.2499999925494193
2423,0.0,0.0,0.2499999925494193,2500.296630859375,0.29651379585266113,2500.296630859375,0.2499999925494193
2424,0.0,0.0,0.2499999925494193,2500.27392578125,0.27381885051727295,2500.27392578125,0.2499999925494193
2425,0.0,0.0,0.2499999925494193,2500.2822265625,0.28210508823394775,2500.2822265625,0.2499999925494193
2426,0.0,0.0,0.2499999925494193,2500.27783203125,0.27794885635375977,2500.27783203125,0.2499999925494193
2427,0.0,0.0,0.2499999925494193,2500.258056640625,0.25811827182769775,2500.258056640625,0.2499999925494193
2428,0.0,0.0,0.2499999925494193,2500.30712890625,0.30705416202545166,2500.30712890625,0.2499999925494193
2429,0.0,0.0,0.2499999925494193,2500.265869140625,0.26576685905456543,2500.265869140625,0.2499999925494193
2430,0.0,0.0,0.2499999925494193,2500.284423828125,0.2844144105911255,2500.284423828125,0.2499999925494193
2431,0.0,0.0,0.2499999925494193,2500.3056640625,0.3057008981704712,2500.3056640625,0.2499999925494193
2432,0.0,0.0,0.2499999925494193,2500.27197265625,0.27209341526031494,2500.27197265625,0.2499999925494193
2433,0.0,0.0,0.2499999925494193,2500.26806640625,0.26799774169921875,2500.26806640625,0.2499999925494193
2434,0.0,0.0,0.2499999925494193,2500.25341796875,0.2533954381942749,2500.25341796875,0.2499999925494193
2435,0.0,0.0,0.2499999925494193,2500.268798828125,0.2688337564468384,2500.268798828125,0.2499999925494193
2436,0.0,0.0,0.2499999925494193,2500.28759765625,0.2874857187271118,2500.28759765625,0.2499999925494193
2437,0.0,0.0,0.2499999925494193,2500.25390625,0.25395071506500244,2500.25390625,0.2499999925494193
2438,0.0,0.0,0.2499999925494193,2500.245361328125,0.24534142017364502,2500.245361328125,0.2499999925494193
2439,0.0,0.0,0.2499999925494193,2500.260986328125,0.26094722747802734,2500.260986328125,0.2499999925494193
2440,0.0,0.0,0.2499999925494193,2500.231201171875,0.23122131824493408,2500.231201171875,0.2499999925494193
2441,0.0,0.0,0.2499999925494193,2500.249267578125,0.24930262565612793,2500.249267578125,0.2499999925494193
2442,0.0,0.0,0.2499999925494193,2500.3349609375,0.33498668670654297,2500.3349609375,0.2499999925494193
2443,0.0,0.0,0.2499999925494193,2500.284912109375,0.2848372459411621,2500.284912109375,0.2499999925494193
2444,0.0,0.0,0.2499999925494193,2500.27587890625,0.27595508098602295,2500.27587890625,0.2499999925494193
2445,0.0,0.0,0.2499999925494193,2500.24072265625,0.24084341526031494,2500.24072265625,0.2499999925494193
2446,0.0,0.0,0.2499999925494193,2500.235595703125,0.23554491996765137,2500.235595703125,0.2499999925494193
2447,0.0,0.0,0.2499999925494193,2500.27685546875,0.27687084674835205,2500.27685546875,0.2499999925494193
2448,0.0,0.0,0.2499999925494193,2500.256591796875,0.2566486597061157,2500.256591796875,0.2499999925494193
2449,0.0,0.0,0.2499999925494193,2500.251953125,0.25200212001800537,2500.251953125,0.2499999925494193
2450,0.0,0.0,0.2499999925494193,2500.291015625,0.2909156084060669,2500.291015625,0.2499999925494193
2451,0.0,0.0,0.2499999925494193,2500.281982421875,0.28197622299194336,2500.281982421875,0.2499999925494193
2452,0.0,0.0,0.2499999925494193,2500.208251953125,0.2081599235534668,2500.208251953125,0.2499999925494193
2453,0.0,0.0,0.2499999925494193,2500.243896484375,0.24384987354278564,2500.243896484375,0.2499999925494193
2454,0.0,0.0,0.2499999925494193,2500.27197265625,0.27197790145874023,2500.27197265625,0.2499999925494193
2455,0.0,0.0,0.2499999925494193,2500.21630859375,0.21624279022216797,2500.21630859375,0.2499999925494193
2456,0.0,0.0,0.2499999925494193,2500.2353515625,0.23541200160980225,2500.2353515625,0.2499999925494193
2457,0.0,0.0,0.2499999925494193,2500.236083984375,0.23609399795532227,2500.236083984375,0.2499999925494193
2458,0.0,0.0,0.2499999925494193,2500.231201171875,0.23130810260772705,2500.231201171875,0.2499999925494193
2459,0.0,0.0,0.2499999925494193,2500.272216796875,0.27220094203948975,2500.272216796875,0.2499999925494193
2460,0.0,0.0,0.2499999925494193,2500.26708984375,0.2669745683670044,2500.26708984375,0.2499999925494193
2461,0.0,0.0,0.2499999925494193,2500.2568359375,0.2567993402481079,2500.2568359375,0.2499999925494193
2462,0.0,0.0,0.2499999925494193,2500.29296875,0.2929394245147705,2500.29296875,0.2499999925494193
2463,0.0,0.0,0.2499999925494193,2500.263916015625,0.2638852596282959,2500.263916015625,0.2499999925494193
2464,0.0,0.0,0.2499999925494193,2500.1904296875,0.1904313564300537,2500.1904296875,0.2499999925494193
2465,0.0,0.0,0.2499999925494193,2500.251953125,0.2519392967224121,2500.251953125,0.2499999925494193
2466,0.0,0.0,0.2499999925494193,2500.311767578125,0.31181418895721436,2500.311767578125,0.2499999925494193
2467,0.0,0.0,0.2499999925494193,2500.2490234375,0.24894249439239502,2500.2490234375,0.2499999925494193
2468,0.0,0.0,0.2499999925494193,2500.226806640625,0.2267516851425171,2500.226806640625,0.2499999925494193
2469,0.0,0.0,0.2499999925494193,2500.25537109375,0.2553290128707886,2500.25537109375,0.2499999925494193
2470,0.0,0.0,0.2499999925494193,2500.299072265625,0.2990598678588867,2500.299072265625,0.2499999925494193
2471,0.0,0.0,0.2499999925494193,2500.3134765625,0.3135946989059448,2500.3134765625,0.2499999925494193
2472,0.0,0.0,0.2499999925494193,2500.2763671875,0.2764708995819092,2500.2763671875,0.2499999925494193
2473,0.0,0.0,0.2499999925494193,2500.23388671875,0.23393011093139648,2500.23388671875,0.2499999925494193
2474,0.0,0.0,0.2499999925494193,2500.21923828125,0.2193589210510254,2500.21923828125,0.2499999925494193
2475,0.0,0.0,0.2499999925494193,2500.296142578125,0.2960531711578369,2500.296142578125,0.2499999925494193
2476,0.0,0.0,0.2499999925494193,2500.220947265625,0.22100448608398438,2500.220947265625,0.2499999925494193
2477,0.0,0.0,0.2499999925494193,2500.26611328125,0.2661651372909546,2500.26611328125,0.2499999925494193
2478,0.0,0.0,0.2499999925494193,2500.24853515625,0.24849271774291992,2500.24853515625,0.2499999925494193
2479,0.0,0.0,0.2499999925494193,2500.251953125,0.2520618438720703,2500.251953125,0.2499999925494193
2480,0.0,0.0,0.2499999925494193,2500.26513671875,0.2650916576385498,2500.26513671875,0.2499999925494193
2481,0.0,0.0,0.2499999925494193,2500.301025390625,0.3010430335998535,2500.301025390625,0.2499999925494193
2482,0.0,0.0,0.2499999925494193,2500.28466796875,0.2845642566680908,2500.28466796875,0.2499999925494193
2483,0.0,0.0,0.2499999925494193,2500.270751953125,0.27073657512664795,2500.270751953125,0.2499999925494193
2484,0.0,0.0,0.2499999925494193,2500.22705078125,0.2271285057067871,2500.22705078125,0.2499999925494193
2485,0.0,0.0,0.2499999925494193,2500.286376953125,0.28639519214630127,2500.286376953125,0.2499999925494193
2486,0.0,0.0,0.2499999925494193,2500.265625,0.26551175117492676,2500.265625,0.2499999925494193
2487,0.0,0.0,0.2499999925494193,2500.277587890625,0.27752113342285156,2500.277587890625,0.2499999925494193
2488,0.0,0.0,0.2499999925494193,2500.248779296875,0.24887621402740479,2500.248779296875,0.2499999925494193
2489,0.0,0.0,0.2499999925494193,2500.27099609375,0.2708832025527954,2500.27099609375,0.2499999925494193
2490,0.0,0.0,0.2499999925494193,2500.247314453125,0.24740970134735107,2500.247314453125,0.2499999925494193
2491,0.0,0.0,0.2499999925494193,2500.257568359375,0.2574961185455322,2500.257568359375,0.2499999925494193
2492,0.0,0.0,0.2499999925494193,2500.2802734375,0.28032612800598145,2500.2802734375,0.2499999925494193
2493,0.0,0.0,0.2499999925494193,2500.2275390625,0.22744667530059814,2500.2275390625,0.2499999925494193
2494,0.0,0.0,0.2499999925494193,2500.259765625,0.25984060764312744,2500.259765625,0.2499999925494193
2495,0.0,0.0,0.2499999925494193,2500.191162109375,0.19126653671264648,2500.191162109375,0.2499999925494193
2496,0.0,0.0,0.2499999925494193,2500.242431640625,0.2425398826599121,2500.242431640625,0.2499999925494193
2497,0.0,0.0,0.2499999925494193,2500.288330078125,0.28844010829925537,2500.288330078125,0.2499999925494193
2498,0.0,0.0,0.2499999925494193,2500.314697265625,0.3146010637283325,2500.314697265625,0.2499999925494193
2499,0.0,0.0,0.2499999925494193,2500.252197265625,0.25216901302337646,2500.252197265625,0.2499999925494193
2500,0.0,0.0,0.2499999925494193,2500.2275390625,0.2275385856628418,2500.2275390625,0.2499999925494193
2501,0.0,0.0,0.2499999925494193,2500.277099609375,0.2771250009536743,2500.277099609375,0.2499999925494193
2502,0.0,0.0,0.2499999925494193,2500.288818359375,0.2888580560684204,2500.288818359375,0.2499999925494193
2503,0.0,0.0,0.2499999925494193,2500.247314453125,0.247228741645813,2500.247314453125,0.2499999925494193
2504,0.0,0.0,0.2499999925494193,2500.280029296875,0.2800816297531128,2500.280029296875,0.2499999925494193
2505,0.0,0.0,0.2499999925494193,2500.23681640625,0.2366948127746582,2500.23681640625,0.2499999925494193
2506,0.0,0.0,0.2499999925494193,2500.245849609375,0.24576103687286377,2500.245849609375,0.2499999925494193
2507,0.0,0.0,0.2499999925494193,2500.285888671875,0.28576958179473877,2500.285888671875,0.2499999925494193
2508,0.0,0.0,0.2499999925494193,2500.23046875,0.23041200637817383,2500.23046875,0.2499999925494193
2509,0.0,0.0,0.2499999925494193,2500.279296875,0.279191255569458,2500.279296875,0.2499999925494193
2510,0.0,0.0,0.2499999925494193,2500.24853515625,0.24852466583251953,2500.24853515625,0.2499999925494193
2511,0.0,0.0,0.2499999925494193,2500.257568359375,0.25758326053619385,2500.257568359375,0.2499999925494193
2512,0.0,0.0,0.2499999925494193,2500.22314453125,0.2231224775314331,2500.22314453125,0.2499999925494193
2513,0.0,0.0,0.2499999925494193,2500.249755859375,0.24967169761657715,2500.249755859375,0.2499999925494193
2514,0.0,0.0,0.2499999925494193,2500.27880859375,0.2787766456604004,2500.27880859375,0.2499999925494193
2515,0.0,0.0,0.2499999925494193,2500.288818359375,0.2887856960296631,2500.288818359375,0.2499999925494193
2516,0.0,0.0,0.2499999925494193,2500.255859375,0.2558490037918091,2500.255859375,0.2499999925494193
2517,0.0,0.0,0.2499999925494193,2500.223388671875,0.22337448596954346,2500.223388671875,0.2499999925494193
2518,0.0,0.0,0.2499999925494193,2500.24560546875,0.24550914764404297,2500.24560546875,0.2499999925494193
2519,0.0,0.0,0.2499999925494193,2500.2412109375,0.24122321605682373,2500.2412109375,0.2499999925494193
2520,0.0,0.0,0.2499999925494193,2500.252197265625,0.2521693706512451,2500.252197265625,0.2499999925494193
2521,0.0,0.0,0.2499999925494193,2500.219970703125,0.21996855735778809,2500.219970703125,0.2499999925494193
2522,0.0,0.0,0.2499999925494193,2500.254638671875,0.2546578645706177,2500.254638671875,0.2499999925494193
2523,0.0,0.0,0.2499999925494193,2500.2451171875,0.2451159954071045,2500.2451171875,0.2499999925494193
2524,0.0,0.0,0.2499999925494193,2500.247802734375,0.24770188331604004,2500.247802734375,0.2499999925494193
2525,0.0,0.0,0.2499999925494193,2500.2490234375,0.24898362159729004,2500.2490234375,0.2499999925494193
2526,0.0,0.0,0.2499999925494193,2500.21240234375,0.2123931646347046,2500.21240234375,0.2499999925494193
2527,0.0,0.0,0.2499999925494193,2500.2666015625,0.26652395725250244,2500.2666015625,0.2499999925494193
2528,0.0,0.0,0.2499999925494193,2500.30126953125,0.30119407176971436,2500.30126953125,0.2499999925494193
2529,0.0,0.0,0.2499999925494193,2500.234375,0.23442518711090088,2500.234375,0.2499999925494193
2530,0.0,0.0,0.2499999925494193,2500.244140625,0.2441922426223755,2500.244140625,0.2499999925494193
2531,0.0,0.0,0.2499999925494193,2500.2744140625,0.2744177579879761,2500.2744140625,0.2499999925494193
2532,0.0,0.0,0.2499999925494193,2500.212890625,0.2129833698272705,2500.212890625,0.2499999925494193
2533,0.0,0.0,0.2499999925494193,2500.271484375,0.27157115936279297,2500.271484375,0.2499999925494193
2534,0.0,0.0,0.2499999925494193,2500.2314453125,0.23148846626281738,2500.2314453125,0.2499999925494193
2535,0.0,0.0,0.2499999925494193,2500.29248046875,0.29259228706359863,2500.29248046875,0.2499999925494193
2536,0.0,0.0,0.2499999925494193,2500.25390625,0.253989577293396,2500.25390625,0.2499999925494193
2537,0.0,0.0,0.2499999925494193,2500.2431640625,0.24304544925689697,2500.2431640625,0.2499999925494193
2538,0.0,0.0,0.2499999925494193,2500.270263671875,0.27019762992858887,2500.270263671875,0.2499999925494193
2539,0.0,0.0,0.2499999925494193,2500.2490234375,0.24906063079833984,2500.2490234375,0.2499999925494193
2540,0.0,0.0,0.2499999925494193,2500.193115234375,0.19304072856903076,2500.193115234375,0.2499999925494193
2541,0.0,0.0,0.2499999925494193,2500.26806640625,0.26813483238220215,2500.26806640625,0.2499999925494193
2542,0.0,0.0,0.2499999925494193,2500.280029296875,0.2799570560455322,2500.280029296875,0.2499999925494193
2543,0.0,0.0,0.2499999925494193,2500.3017578125,0.3017009496688843,2500.3017578125,0.2499999925494193
2544,0.0,0.0,0.2499999925494193,2500.27734375,0.27740728855133057,2500.27734375,0.2499999925494193
2545,0.0,0.0,0.2499999925494193,2500.25830078125,0.2582453489303589,2500.25830078125,0.2499999925494193
2546,0.0,0.0,0.2499999925494193,2500.292236328125,0.29222822189331055,2500.292236328125,0.2499999925494193
2547,0.0,0.0,0.2499999925494193,2500.25927734375,0.25939249992370605,2500.25927734375,0.2499999925494193
2548,0.0,0.0,0.2499999925494193,2500.27001953125,0.2700244188308716,2500.27001953125,0.2499999925494193
2549,0.0,0.0,0.2499999925494193,2500.26953125,0.2696150541305542,2500.26953125,0.2499999925494193
2550,0.0,0.0,0.2499999925494193,2500.256103515625,0.2560943365097046,2500.256103515625,0.2499999925494193
2551,0.0,0.0,0.2499999925494193,2500.230224609375,0.23015940189361572,2500.230224609375,0.2499999925494193
2552,0.0,0.0,0.2499999925494193,2500.24462890625,0.24460387229919434,2500.24462890625,0.2499999925494193
2553,0.0,0.0,0.2499999925494193,2500.27099609375,0.2709141969680786,2500.27099609375,0.2499999925494193
2554,0.0,0.0,0.2499999925494193,2500.2607421875,0.260852575302124,2500.2607421875,0.2499999925494193
2555,0.0,0.0,0.2499999925494193,2500.272705078125,0.2727184295654297,2500.272705078125,0.2499999925494193
2556,0.0,0.0,0.2499999925494193,2500.21337890625,0.21330749988555908,2500.21337890625,0.2499999925494193
2557,0.0,0.0,0.2499999925494193,2500.254638671875,0.2545684576034546,2500.254638671875,0.2499999925494193
2558,0.0,0.0,0.2499999925494193,2500.233154296875,0.23315763473510742,2500.233154296875,0.2499999925494193
2559,0.0,0.0,0.2499999925494193,2500.22265625,0.2227163314819336,2500.22265625,0.2499999925494193
2560,0.0,0.0,0.2499999925494193,2500.254638671875,0.254524827003479,2500.254638671875,0.2499999925494193
2561,0.0,0.0,0.2499999925494193,2500.249755859375,0.2498478889465332,2500.249755859375,0.2499999925494193
2562,0.0,0.0,0.2499999925494193,2500.2412109375,0.24121057987213135,2500.2412109375,0.2499999925494193
2563,0.0,0.0,0.2499999925494193,2500.2255859375,0.225580096244812,2500.2255859375,0.2499999925494193
2564,0.0,0.0,0.2499999925494193,2500.27880859375,0.2786877155303955,2500.27880859375,0.2499999925494193
2565,0.0,0.0,0.2499999925494193,2500.244140625,0.2441091537475586,2500.244140625,0.2499999925494193
2566,0.0,0.0,0.2499999925494193,2500.219482421875,0.2194141149520874,2500.219482421875,0.2499999925494193
2567,0.0,0.0,0.2499999925494193,2500.252197265625,0.2521383762359619,2500.252197265625,0.2499999925494193
2568,0.0,0.0,0.2499999925494193,2500.264892578125,0.26497960090637207,2500.264892578125,0.2499999925494193
2569,0.0,0.0,0.2499999925494193,2500.251220703125,0.2511584758758545,2500.251220703125,0.2499999925494193
2570,0.0,0.0,0.2499999925494193,2500.29638671875,0.2964036464691162,2500.29638671875,0.2499999925494193
2571,0.0,0.0,0.2499999925494193,2500.25634765625,0.25641167163848877,2500.25634765625,0.2499999925494193
2572,0.0,0.0,0.2499999925494193,2500.25830078125,0.2582104206085205,2500.25830078125,0.2499999925494193
2573,0.0,0.0,0.2499999925494193,2500.292236328125,0.29224228858947754,2500.292236328125,0.2499999925494193
2574,0.0,0.0,0.2499999925494193,2500.303955078125,0.3038700819015503,2500.303955078125,0.2499999925494193
2575,0.0,0.0,0.2499999925494193,2500.261962890625,0.2620227336883545,2500.261962890625,0.2499999925494193
2576,0.0,0.0,0.2499999925494193,2500.2509765625,0.25098180770874023,2500.2509765625,0.2499999925494193
2577,0.0,0.0,0.2499999925494193,2500.243408203125,0.2432929277420044,2500.243408203125,0.2499999925494193
2578,0.0,0.0,0.2499999925494193,2500.240478515625,0.24048757553100586,2500.240478515625,0.2499999925494193
2579,0.0,0.0,0.2499999925494193,2500.26416015625,0.2642761468887329,2500.26416015625,0.2499999925494193
2580,0.0,0.0,0.2499999925494193,2500.251953125,0.25207459926605225,2500.251953125,0.2499999925494193
2581,0.0,0.0,0.2499999925494193,2500.257568359375,0.25766730308532715,2500.257568359375,0.2499999925494193
2582,0.0,0.0,0.2499999925494193,2500.244384765625,0.24450600147247314,2500.244384765625,0.2499999925494193
2583,0.0,0.0,0.2499999925494193,2500.23193359375,0.23193740844726562,2500.23193359375,0.2499999925494193
2584,0.0,0.0,0.2499999925494193,2500.260009765625,0.25990521907806396,2500.260009765625,0.2499999925494193
2585,0.0,0.0,0.2499999925494193,2500.234619140625,0.2345747947692871,2500.234619140625,0.2499999925494193
2586,0.0,0.0,0.2499999925494193,2500.2421875,0.24211490154266357,2500.2421875,0.2499999925494193
2587,0.0,0.0,0.2499999925494193,2500.2607421875,0.2607494592666626,2500.2607421875,0.2499999925494193
2588,0.0,0.0,0.2499999925494193,2500.25,0.25012075901031494,2500.25,0.2499999925494193
2589,0.0,0.0,0.2499999925494193,2500.275390625,0.275402307510376,2500.275390625,0.2499999925494193
2590,0.0,0.0,0.2499999925494193,2500.311767578125,0.3118244409561157,2500.311767578125,0.2499999925494193
2591,0.0,0.0,0.2499999925494193,2500.2666015625,0.26663339138031006,2500.2666015625,0.2499999925494193
2592,0.0,0.0,0.2499999925494193,2500.27099609375,0.27092230319976807,2500.27099609375,0.2499999925494193
2593,0.0,0.0,0.2499999925494193,2500.197265625,0.19730830192565918,2500.197265625,0.2499999925494193
2594,0.0,0.0,0.2499999925494193,2500.21435546875,0.21444785594940186,2500.21435546875,0.2499999925494193
2595,0.0,0.0,0.2499999925494193,2500.237548828125,0.23762965202331543,2500.237548828125,0.2499999925494193
2596,0.0,0.0,0.2499999925494193,2500.249755859375,0.24971497058868408,2500.249755859375,0.2499999925494193
2597,0.0,0.0,0.2499999925494193,2500.26806640625,0.2680553197860718,2500.26806640625,0.2499999925494193
2598,0.0,0.0,0.2499999925494193,2500.212890625,0.21283745765686035,2500.212890625,0.2499999925494193
2599,0.0,0.0,0.2499999925494193,2500.25,0.2500030994415283,2500.25,0.2499999925494193
2600,0.0,0.0,0.2499999925494193,2500.244873046875,0.24497449398040771,2500.244873046875,0.2499999925494193
2601,0.0,0.0,0.2499999925494193,2500.2216796875,0.22166955471038818,2500.2216796875,0.2499999925494193
2602,0.0,0.0,0.2499999925494193,2500.2373046875,0.237268328666687,2500.2373046875,0.2499999925494193
2603,0.0,0.0,0.2499999925494193,2500.213134765625,0.21323180198669434,2500.213134765625,0.2499999925494193
2604,0.0,0.0,0.2499999925494193,2500.2353515625,0.23523759841918945,2500.2353515625,0.2499999925494193
2605,0.0,0.0,0.2499999925494193,2500.240234375,0.24012243747711182,2500.240234375,0.2499999925494193
2606,0.0,0.0,0.2499999925494193,2500.22509765625,0.22513508796691895,2500.22509765625,0.2499999925494193
2607,0.0,0.0,0.2499999925494193,2500.18017578125,0.18019616603851318,2500.18017578125,0.2499999925494193
2608,0.0,0.0,0.2499999925494193,2500.2724609375,0.2724524736404419,2500.2724609375,0.2499999925494193
2609,0.0,0.0,0.2499999925494193,2500.20849609375,0.20854675769805908,2500.20849609375,0.2499999925494193
2610,0.0,0.0,0.2499999925494193,2500.196044921875,0.19602882862091064,2500.196044921875,0.2499999925494193
2611,0.0,0.0,0.2499999925494193,2500.28369140625,0.28364288806915283,2500.28369140625,0.2499999925494193
2612,0.0,0.0,0.2499999925494193,2500.271484375,0.2714211940765381,2500.271484375,0.2499999925494193
2613,0.0,0.0,0.2499999925494193,2500.22802734375,0.22800672054290771,2500.22802734375,0.2499999925494193
2614,0.0,0.0,0.2499999925494193,2500.20703125,0.20697569847106934,2500.20703125,0.2499999925494193
2615,0.0,0.0,0.2499999925494193,2500.244140625,0.24425268173217773,2500.244140625,0.2499999925494193
2616,0.0,0.0,0.2499999925494193,2500.194091796875,0.1941758394241333,2500.194091796875,0.2499999925494193
2617,0.0,0.0,0.2499999925494193,2500.22119140625,0.22121131420135498,2500.22119140625,0.2499999925494193
2618,0.0,0.0,0.2499999925494193,2500.239501953125,0.2395228147506714,2500.239501953125,0.2499999925494193
2619,0.0,0.0,0.2499999925494193,2500.23779296875,0.23787009716033936,2500.23779296875,0.2499999925494193
2620,0.0,0.0,0.2499999925494193,2500.187744140625,0.18767869472503662,2500.187744140625,0.2499999925494193
2621,0.0,0.0,0.2499999925494193,2500.197509765625,0.19739699363708496,2500.197509765625,0.2499999925494193
2622,0.0,0.0,0.2499999925494193,2500.236083984375,0.23596251010894775,2500.236083984375,0.2499999925494193
2623,0.0,0.0,0.2499999925494193,2500.239013671875,0.23892629146575928,2500.239013671875,0.2499999925494193
2624,0.0,0.0,0.2499999925494193,2500.240966796875,0.24099791049957275,2500.240966796875,0.2499999925494193
2625,0.0,0.0,0.2499999925494193,2500.26220703125,0.262287974357605,2500.26220703125,0.2499999925494193
2626,0.0,0.0,0.2499999925494193,2500.214599609375,0.2146674394607544,2500.214599609375,0.2499999925494193
2627,0.0,0.0,0.2499999925494193,2500.270263671875,0.2702716588973999,2500.270263671875,0.2499999925494193
2628,0.0,0.0,0.2499999925494193,2500.251953125,0.2519751787185669,2500.251953125,0.2499999925494193
2629,0.0,0.0,0.2499999925494193,2500.256591796875,0.2565953731536865,2500.256591796875,0.2499999925494193
2630,0.0,0.0,0.2499999925494193,2500.234619140625,0.23456346988677979,2500.234619140625,0.2499999925494193
2631,0.0,0.0,0.2499999925494193,2500.241943359375,0.2418534755706787,2500.241943359375,0.2499999925494193
2632,0.0,0.0,0.2499999925494193,2500.1943359375,0.1943068504333496,2500.1943359375,0.2499999925494193
2633,0.0,0.0,0.2499999925494193,2500.2373046875,0.23720061779022217,2500.2373046875,0.2499999925494193
2634,0.0,0.0,0.2499999925494193,2500.2783203125,0.2783939838409424,2500.2783203125,0.2499999925494193
2635,0.0,0.0,0.2499999925494193,2500.2431640625,0.2432723045349121,2500.2431640625,0.2499999925494193
2636,0.0,0.0,0.2499999925494193,2500.241455078125,0.24155843257904053,2500.241455078125,0.2499999925494193
2637,0.0,0.0,0.2499999925494193,2500.2373046875,0.23733246326446533,2500.2373046875,0.2499999925494193
2638,0.0,0.0,0.2499999925494193,2500.2421875,0.24217522144317627,2500.2421875,0.2499999925494193
2639,0.0,0.0,0.2499999925494193,2500.186767578125,0.18687939643859863,2500.186767578125,0.2499999925494193
2640,0.0,0.0,0.2499999925494193,2500.186279296875,0.18634819984436035,2500.186279296875,0.2499999925494193
2641,0.0,0.0,0.2499999925494193,2500.217529296875,0.21762239933013916,2500.217529296875,0.2499999925494193
2642,0.0,0.0,0.2499999925494193,2500.240966796875,0.24092316627502441,2500.240966796875,0.2499999925494193
2643,0.0,0.0,0.2499999925494193,2500.236328125,0.23635029792785645,2500.236328125,0.2499999925494193
2644,0.0,0.0,0.2499999925494193,2500.212158203125,0.21214056015014648,2500.212158203125,0.2499999925494193
2645,0.0,0.0,0.2499999925494193,2500.206298828125,0.2062063217163086,2500.206298828125,0.2499999925494193
2646,0.0,0.0,0.2499999925494193,2500.19189453125,0.19197463989257812,2500.19189453125,0.2499999925494193
2647,0.0,0.0,0.2499999925494193,2500.235595703125,0.23564982414245605,2500.235595703125,0.2499999925494193
2648,0.0,0.0,0.2499999925494193,2500.24072265625,0.24074029922485352,2500.24072265625,0.2499999925494193
2649,0.0,0.0,0.2499999925494193,2500.25732421875,0.2573518753051758,2500.25732421875,0.2499999925494193
2650,0.0,0.0,0.2499999925494193,2500.265869140625,0.2659265995025635,2500.265869140625,0.2499999925494193
2651,0.0,0.0,0.2499999925494193,2500.233642578125,0.23374056816101074,2500.233642578125,0.2499999925494193
2652,0.0,0.0,0.2499999925494193,2500.226318359375,0.2262347936630249,2500.226318359375,0.2499999925494193
2653,0.0,0.0,0.2499999925494193,2500.26025390625,0.26027798652648926,2500.26025390625,0.2499999925494193
2654,0.0,0.0,0.2499999925494193,2500.22021484375,0.22027504444122314,2500.22021484375,0.2499999925494193
2655,0.0,0.0,0.2499999925494193,2500.2412109375,0.24121081829071045,2500.2412109375,0.2499999925494193
2656,0.0,0.0,0.2499999925494193,2500.208740234375,0.20883715152740479,2500.208740234375,0.2499999925494193
2657,0.0,0.0,0.2499999925494193,2500.23974609375,0.23968040943145752,2500.23974609375,0.2499999925494193
2658,0.0,0.0,0.2499999925494193,2500.219970703125,0.21994173526763916,2500.219970703125,0.2499999925494193
2659,0.0,0.0,0.2499999925494193,2500.258056640625,0.2579970359802246,2500.258056640625,0.2499999925494193
2660,0.0,0.0,0.2499999925494193,2500.26123046875,0.2613406181335449,2500.26123046875,0.2499999925494193
2661,0.0,0.0,0.2499999925494193,2500.22412109375,0.22414076328277588,2500.22412109375,0.2499999925494193
2662,0.0,0.0,0.2499999925494193,2500.28173828125,0.28162992000579834,2500.28173828125,0.2499999925494193
2663,0.0,0.0,0.2499999925494193,2500.26708984375,0.26699912548065186,2500.26708984375,0.2499999925494193
2664,0.0,0.0,0.2499999925494193,2500.230224609375,0.23015284538269043,2500.230224609375,0.2499999925494193
2665,0.0,0.0,0.2499999925494193,2500.250244140625,0.2501331567764282,2500.250244140625,0.2499999925494193
2666,0.0,0.0,0.2499999925494193,2500.228515625,0.2285550832748413,2500.228515625,0.2499999925494193
2667,0.0,0.0,0.2499999925494193,2500.2412109375,0.2412257194519043,2500.2412109375,0.2499999925494193
2668,0.0,0.0,0.2499999925494193,2500.244873046875,0.24486112594604492,2500.244873046875,0.2499999925494193
2669,0.0,0.0,0.20412413914855784,2500.207763671875,0.20784425735473633,2500.207763671875,0.20412413914855784
