0,3.7275002002716064,2.1524999141693115,0.44072434720758324,2375.188720703125,1.4795897006988525,2375.188720703125
1,5.325833320617676,2.5208332538604736,0.4825703674007941,2347.588623046875,1.4713093042373657,2347.588623046875
2,5.920833587646484,2.7149999141693115,0.4637454461588961,2309.209228515625,1.4733737707138062,2309.209228515625
3,9.085000038146973,3.325833320617676,0.4390961838697372,2232.867431640625,1.4540393352508545,2232.867431640625
4,11.295833587646484,3.691666603088379,0.41945386729767886,2160.51806640625,1.4655998945236206,2160.51806640625
5,14.69749927520752,4.18583345413208,0.34394136288540134,2128.50244140625,1.4282934665679932,2128.50244140625
6,18.184167861938477,4.651666641235352,0.29269313869661384,2071.785400390625,1.4327689409255981,2071.785400390625
7,20.66666603088379,4.959167003631592,0.26697889366145244,2049.607177734375,1.4155066013336182,2049.607177734375
8,24.850000381469727,5.614166736602783,0.26590501889161555,2034.0087890625,1.3987557888031006,2034.0087890625
9,27.9808349609375,6.173333168029785,0.2798603363031622,2021.813232421875,1.387431025505066,2021.813232421875
10,28.386667251586914,6.179999828338623,0.29627339961900645,2050.912841796875,1.377951979637146,2050.912841796875
11,31.79166603088379,6.726666450500488,0.26634061548626087,2055.373291015625,1.3767595291137695,2055.373291015625
12,32.96833419799805,7.010833263397217,0.22789830722698384,2082.06591796875,1.3543131351470947,2082.06591796875
13,34.04750061035156,7.313333511352539,0.25637993259824127,2048.38427734375,1.353388786315918,2048.38427734375
14,36.165000915527344,7.610000133514404,0.26807996865580674,2140.83447265625,1.3510258197784424,2140.83447265625
15,38.42333221435547,8.160833358764648,0.22355435314492028,2164.686279296875,1.3461337089538574,2164.686279296875
16,37.12416458129883,8.023333549499512,0.2387843095780425,2105.980712890625,1.366397500038147,2105.980712890625
17,38.60749816894531,8.183333396911621,0.2590109010348947,2168.719482421875,1.3552998304367065,2168.719482421875
18,39.869998931884766,8.545832633972168,0.2616295412018279,2159.260009765625,1.3332902193069458,2159.260009765625
19,39.52666473388672,8.474166870117188,0.23271208718652514,2164.365966796875,1.3376652002334595,2164.365966796875
20,39.2408332824707,8.519166946411133,0.2338581690494805,2163.203369140625,1.3008028268814087,2163.203369140625
21,39.77750015258789,8.61916732788086,0.2490916107162154,2144.683837890625,1.3230518102645874,2144.683837890625
22,40.84416580200195,8.774166107177734,0.2701888566874003,2190.01513671875,1.2992773056030273,2190.01513671875
23,40.3558349609375,8.723333358764648,0.2583371749481932,2183.9794921875,1.2985703945159912,2183.9794921875
24,39.81083297729492,8.723333358764648,0.24890095466763623,2170.502685546875,1.3269145488739014,2170.502685546875
25,41.02166748046875,9.029999732971191,0.23615494217602534,2194.46826171875,1.3232821226119995,2194.46826171875
26,39.79750061035156,8.654999732971191,0.24472972461373943,2172.503173828125,1.3190556764602661,2172.503173828125
27,40.046669006347656,8.640000343322754,0.24770923290531408,2164.5,1.3267663717269897,2164.5
28,39.991668701171875,8.595000267028809,0.25614244579679246,2161.262451171875,1.3072658777236938,2161.262451171875
29,39.39999771118164,8.639166831970215,0.22689054931319952,2111.005859375,1.3142324686050415,2111.005859375
30,38.34666442871094,8.46166706085205,0.24934660584959845,2130.077880859375,1.339529275894165,2130.077880859375
31,38.10416793823242,8.348333358764648,0.243466946280727,2117.113037109375,1.3104610443115234,2117.113037109375
32,37.813331604003906,8.293334007263184,0.25100403420011863,2079.998291015625,1.2884190082550049,2079.998291015625
33,37.90583419799805,8.09416675567627,0.27161161104812637,2117.884521484375,1.3203880786895752,2117.884521484375
34,37.348331451416016,8.182499885559082,0.24678708890794526,2083.043701171875,1.3001865148544312,2083.043701171875
35,37.029998779296875,8.133333206176758,0.2681842350458891,2089.680419921875,1.2953521013259888,2089.680419921875
36,35.59166717529297,7.728332996368408,0.27764044525517717,2082.384033203125,1.3174926042556763,2082.384033203125
37,35.753334045410156,7.802499771118164,0.2790092623642763,2047.1346435546875,1.2897274494171143,2047.1346435546875
38,36.801666259765625,7.9191670417785645,0.2723055368189656,2085.797607421875,1.3124912977218628,2085.797607421875
39,32.95333480834961,7.319166660308838,0.2904352213908325,2011.5465087890625,1.306555986404419,2011.5465087890625
40,35.05666732788086,7.570833206176758,0.26435027881836026,2051.926513671875,1.293256163597107,2051.926513671875
41,32.24500274658203,7.168333053588867,0.2921817192004384,1996.430908203125,1.30416738986969,1996.430908203125
42,32.836666107177734,7.304166793823242,0.2698012126210906,1987.64892578125,1.302269697189331,1987.64892578125
43,31.65999984741211,7.047499656677246,0.2910434843880053,1997.7115478515625,1.299908995628357,1997.7115478515625
44,30.82083511352539,6.824999809265137,0.27654466024578817,1938.7236328125,1.2928684949874878,1938.7236328125
45,30.939167022705078,6.931666851043701,0.27202895612024175,1979.563720703125,1.317912220954895,1979.563720703125
46,29.33416748046875,6.766666412353516,0.30057316594145195,1965.05615234375,1.273674488067627,1965.05615234375
47,30.18833351135254,6.829999923706055,0.25388134155416175,1966.71435546875,1.3027570247650146,1966.71435546875
48,29.206666946411133,6.684999942779541,0.28265345868811786,1934.421630859375,1.3033721446990967,1934.421630859375
49,29.662498474121094,6.790832996368408,0.2900527876488137,1945.5634765625,1.2893621921539307,1945.5634765625
50,27.975833892822266,6.553333282470703,0.3025432717080756,1928.69091796875,1.3134361505508423,1928.69091796875
51,28.754165649414062,6.563333511352539,0.33821557357054527,1982.453369140625,1.3108612298965454,1982.453369140625
52,28.191667556762695,6.499166965484619,0.32020810274964534,1972.0826416015625,1.2760611772537231,1972.0826416015625
53,27.586666107177734,6.40166711807251,0.2998297766503502,1964.6505126953125,1.330625295639038,1964.6505126953125
54,26.571666717529297,6.2891669273376465,0.2874575567247804,1937.6988525390625,1.287197232246399,1937.6988525390625
55,26.019168853759766,6.193333625793457,0.3374822870280923,1939.6097412109375,1.3022041320800781,1939.6097412109375
56,24.809999465942383,6.057499885559082,0.3459625364657618,1929.0606689453125,1.2923972606658936,1929.0606689453125
57,25.209999084472656,6.154999732971191,0.2905505382029912,1956.1578369140625,1.3011970520019531,1956.1578369140625
58,25.20749855041504,6.282500267028809,0.3064207615460072,1928.401611328125,1.2674270868301392,1928.401611328125
59,25.27916717529297,6.119166851043701,0.32978003183695953,1915.98486328125,1.2890604734420776,1915.98486328125
60,25.616666793823242,6.215000152587891,0.33276524227144477,1930.013916015625,1.285529375076294,1930.013916015625
61,23.9516658782959,5.896666526794434,0.3437622921807949,1906.464111328125,1.2758070230484009,1906.464111328125
62,24.955833435058594,6.09499979019165,0.3451201045594121,1909.62548828125,1.282918095588684,1909.62548828125
63,24.177499771118164,5.986666679382324,0.3001979260576445,1939.0587158203125,1.2745535373687744,1939.0587158203125
64,24.43833351135254,6.025000095367432,0.34845555598401023,1875.8416748046875,1.276707649230957,1875.8416748046875
65,25.29166603088379,6.1583333015441895,0.30436345023176575,1916.8592529296875,1.2843199968338013,1916.8592529296875
66,24.078332901000977,5.985000133514404,0.37102871147109995,1935.537841796875,1.2928720712661743,1935.537841796875
67,25.505834579467773,6.112499713897705,0.3437500149067369,1919.2076416015625,1.2801369428634644,1919.2076416015625
68,24.53333282470703,6.012500286102295,0.32490091839934054,1892.769775390625,1.28476083278656,1892.769775390625
69,25.524166107177734,6.235833644866943,0.35393383092128977,1911.2723388671875,1.2699172496795654,1911.2723388671875
70,26.07499885559082,6.31083345413208,0.3467082193172688,1892.888916015625,1.2489535808563232,1892.888916015625
71,25.368331909179688,6.299166202545166,0.32822002351404855,1877.0848388671875,1.2681618928909302,1877.0848388671875
72,26.268333435058594,6.293333530426025,0.3589137509577033,1878.3349609375,1.2682616710662842,1878.3349609375
73,25.351667404174805,6.3566670417785645,0.3272875658607604,1908.849365234375,1.2709441184997559,1908.849365234375
74,24.797500610351562,6.260000228881836,0.37580752865897993,1925.545654296875,1.2714908123016357,1925.545654296875
75,26.60999870300293,6.402500152587891,0.3415554116062821,1894.4505615234375,1.260589838027954,1894.4505615234375
76,25.77916717529297,6.407500267028809,0.3369263527389263,1927.8076171875,1.2634357213974,1927.8076171875
77,24.573333740234375,6.246666431427002,0.35238388298670076,1932.057373046875,1.2439749240875244,1932.057373046875
78,26.5625,6.526666641235352,0.3320359563731172,1903.6800537109375,1.269158124923706,1903.6800537109375
79,27.17166519165039,6.619166374206543,0.38095031484555086,1907.15625,1.2546669244766235,1907.15625
80,26.963333129882812,6.5941667556762695,0.3639564080817763,1878.968017578125,1.2213599681854248,1878.968017578125
81,28.400001525878906,6.820000171661377,0.3908713517641591,1881.7119140625,1.2169684171676636,1881.7119140625
82,28.357500076293945,6.879166603088379,0.32371625861323683,1900.9844970703125,1.2202961444854736,1900.9844970703125
83,28.312501907348633,6.905833721160889,0.37771347547476897,1902.3380126953125,1.2605081796646118,1902.3380126953125
84,28.34583282470703,6.7833333015441895,0.3798063929654669,1894.14013671875,1.2125903367996216,1894.14013671875
85,28.330833435058594,6.896666526794434,0.34251797882948065,1864.6162109375,1.1987671852111816,1864.6162109375
86,28.36749839782715,7.034999847412109,0.33543025877346455,1908.705322265625,1.2394957542419434,1908.705322265625
87,28.119998931884766,6.948333263397217,0.36147606435576735,1871.6741943359375,1.2142184972763062,1871.6741943359375
88,28.76333236694336,7.1541666984558105,0.33244002335423667,1851.2042236328125,1.2209336757659912,1851.2042236328125
89,29.167499542236328,7.031666278839111,0.34461145450138847,1853.4385986328125,1.1811597347259521,1853.4385986328125
90,28.5191650390625,7.055000305175781,0.3245537719493098,1875.951171875,1.1937793493270874,1875.951171875
91,29.44500160217285,7.206666469573975,0.3327851134579875,1893.6920166015625,1.218672275543213,1893.6920166015625
92,29.780000686645508,7.292500019073486,0.36036895480696873,1879.64306640625,1.1914012432098389,1879.64306640625
93,29.838333129882812,7.299999713897705,0.3285179117596038,1890.9329833984375,1.2112855911254883,1890.9329833984375
94,28.319168090820312,7.06083345413208,0.3042379604121611,1886.875244140625,1.18100905418396,1886.875244140625
95,30.094999313354492,7.350832939147949,0.35003791207601515,1880.1182861328125,1.1649154424667358,1880.1182861328125
96,29.336666107177734,7.158332824707031,0.3725921328687658,1897.031494140625,1.1830956935882568,1897.031494140625
97,28.921667098999023,7.1541666984558105,0.35384799929002414,1869.9373779296875,1.1690419912338257,1869.9373779296875
98,28.723331451416016,7.148333549499512,0.36567552361071043,1869.8154296875,1.1921451091766357,1869.8154296875
99,29.664167404174805,7.436666488647461,0.3421878412190248,1880.392333984375,1.1930806636810303,1880.392333984375
100,28.786664962768555,7.30583381652832,0.35070601888931296,1850.1431884765625,1.1898304224014282,1850.1431884765625
101,30.712499618530273,7.502500057220459,0.3345051183164571,1876.87939453125,1.2035861015319824,1876.87939453125
102,29.362499237060547,7.241666316986084,0.3706465644795268,1883.5521240234375,1.1663099527359009,1883.5521240234375
103,30.285831451416016,7.62333345413208,0.32382573793039493,1844.914306640625,1.1583948135375977,1844.914306640625
104,30.219167709350586,7.693333148956299,0.391837916170407,1852.77783203125,1.1504403352737427,1852.77783203125
105,29.303333282470703,7.56083345413208,0.3886136215074492,1848.861328125,1.139636754989624,1848.861328125
106,30.170833587646484,7.507500171661377,0.3389130086864859,1840.1541748046875,1.1433271169662476,1840.1541748046875
107,29.08500099182129,7.455833435058594,0.3914870715206442,1856.8603515625,1.1470158100128174,1856.8603515625
108,30.50916862487793,7.740833759307861,0.425750581601104,1882.5477294921875,1.1302225589752197,1882.5477294921875
109,28.79916763305664,7.248332977294922,0.40752819309635613,1848.9910888671875,1.1652899980545044,1848.9910888671875
110,31.61250114440918,7.975000381469727,0.3559535761347306,1843.118408203125,1.1092407703399658,1843.118408203125
111,28.996667861938477,7.448333740234375,0.3894525403945558,1836.740478515625,1.1137683391571045,1836.740478515625
112,28.480833053588867,7.497499942779541,0.41984868013711885,1859.447509765625,1.1116846799850464,1859.447509765625
113,29.07833480834961,7.529166221618652,0.38796811651032004,1821.1044921875,1.1395162343978882,1821.1044921875
114,29.30499839782715,7.613333225250244,0.4419344415205662,1868.95654296875,1.1831982135772705,1868.95654296875
115,30.31916618347168,7.735833644866943,0.43127260229320863,1827.7880859375,1.1606779098510742,1827.7880859375
116,29.155832290649414,7.602499961853027,0.4050045336796991,1825.2220458984375,1.1395398378372192,1825.2220458984375
117,28.163333892822266,7.410000324249268,0.39851239625782076,1835.173095703125,1.1280347108840942,1835.173095703125
118,29.493331909179688,7.740833759307861,0.4036534357766246,1826.37646484375,1.1265032291412354,1826.37646484375
119,29.954999923706055,7.884166240692139,0.4397107291495699,1836.068115234375,1.1297214031219482,1836.068115234375
120,30.013334274291992,8.055832862854004,0.41416924871990923,1802.43896484375,1.1423933506011963,1802.43896484375
121,31.176666259765625,8.190000534057617,0.4199021637102378,1821.871337890625,1.1313080787658691,1821.871337890625
122,30.610000610351562,8.095833778381348,0.43272646767147316,1823.7696533203125,1.0862427949905396,1823.7696533203125
123,29.745832443237305,7.804166316986084,0.43009072464544384,1826.624267578125,1.1033670902252197,1826.624267578125
124,29.545000076293945,7.8466668128967285,0.4600428324773155,1837.341064453125,1.1177080869674683,1837.341064453125
125,29.68083381652832,8.018333435058594,0.39319112206298756,1820.7025146484375,1.111639380455017,1820.7025146484375
126,29.011667251586914,7.885833263397217,0.39096633432032146,1798.9530029296875,1.0897456407546997,1798.9530029296875
127,29.88833236694336,8.15583324432373,0.41613707292702756,1807.8626708984375,1.112714171409607,1807.8626708984375
128,30.949167251586914,8.303333282470703,0.43558283214705473,1807.44140625,1.0955287218093872,1807.44140625
129,29.73000144958496,8.119166374206543,0.4139328687683098,1818.348388671875,1.1367443799972534,1818.348388671875
130,31.245834350585938,8.375833511352539,0.4064201673781624,1789.9395751953125,1.0920751094818115,1789.9395751953125
131,30.18833351135254,8.375833511352539,0.43705724460240036,1790.4666748046875,1.0716280937194824,1790.4666748046875
132,29.920000076293945,8.320833206176758,0.4193769953999107,1780.21728515625,1.0805822610855103,1780.21728515625
133,28.690832138061523,8.199999809265137,0.47177656686047964,1791.5853271484375,1.0977669954299927,1791.5853271484375
134,31.210834503173828,8.742500305175781,0.4276397190501966,1732.5010986328125,1.0703237056732178,1732.5010986328125
135,30.485000610351562,8.481666564941406,0.43888080539975566,1759.4937744140625,1.0554804801940918,1759.4937744140625
136,30.928335189819336,8.653332710266113,0.45612507951823333,1782.95166015625,1.068333625793457,1782.95166015625
137,30.86916732788086,8.544166564941406,0.4187652759252084,1784.31591796875,1.1333863735198975,1784.31591796875
138,30.77250099182129,8.699999809265137,0.41586591939643264,1758.7030029296875,1.0471163988113403,1758.7030029296875
139,31.621667861938477,8.949999809265137,0.4393037387342492,1808.9212646484375,1.0679234266281128,1808.9212646484375
140,30.424165725708008,8.648333549499512,0.4308641575490896,1776.4788818359375,1.0730295181274414,1776.4788818359375
141,30.191665649414062,8.738332748413086,0.42783076219896676,1757.297119140625,1.0005415678024292,1757.297119140625
142,30.15166473388672,8.71833324432373,0.41625411701029713,1781.3719482421875,1.073550820350647,1781.3719482421875
143,31.64583396911621,9.023333549499512,0.4424349392768905,1765.607421875,1.0148334503173828,1765.607421875
144,31.038331985473633,8.960833549499512,0.43788459500265,1757.0179443359375,1.0595340728759766,1757.0179443359375
145,31.18666648864746,9.011666297912598,0.43685561867389455,1767.3909912109375,1.0393197536468506,1767.3909912109375
146,30.392499923706055,8.792500495910645,0.43717918860453575,1780.427734375,1.0034970045089722,1780.427734375
147,29.974164962768555,8.6875,0.40664984922935565,1745.2542724609375,1.0667595863342285,1745.2542724609375
148,30.67583465576172,8.929166793823242,0.45251649734450644,1738.4576416015625,1.0502257347106934,1738.4576416015625
149,30.915000915527344,8.873332977294922,0.4357514451349895,1749.334716796875,1.049709439277649,1749.334716796875
150,30.582500457763672,8.88166618347168,0.43433404186128466,1730.916015625,1.0085294246673584,1730.916015625
151,31.039165496826172,9.200833320617676,0.4411883454597868,1717.0286865234375,1.0245954990386963,1717.0286865234375
152,28.640832901000977,8.639166831970215,0.4366905115996349,1776.3382568359375,1.0257340669631958,1776.3382568359375
153,30.43833351135254,9.059999465942383,0.44108233173314415,1748.3485107421875,1.0151747465133667,1748.3485107421875
154,31.020832061767578,9.34416675567627,0.4375153147404009,1732.784423828125,1.0285987854003906,1732.784423828125
155,30.46500015258789,9.179999351501465,0.4452715882814524,1718.7496337890625,1.017941951751709,1718.7496337890625
156,30.135833740234375,9.34000015258789,0.4653285471266899,1727.0751953125,1.027719497680664,1727.0751953125
157,30.645832061767578,9.430832862854004,0.4536629107085359,1715.36669921875,0.9657942652702332,1715.36669921875
158,30.439165115356445,9.274999618530273,0.4353228968396577,1710.5203857421875,1.0112112760543823,1710.5203857421875
159,30.004167556762695,9.264166831970215,0.46963180902908996,1720.21533203125,1.0195233821868896,1720.21533203125
160,30.170833587646484,9.559165954589844,0.46009757319168393,1731.8409423828125,0.963526725769043,1731.8409423828125
161,30.253332138061523,9.515832901000977,0.5033107038733153,1724.4893798828125,0.9876294136047363,1724.4893798828125
162,31.27666664123535,10.017499923706055,0.46799570683269476,1697.0592041015625,0.9242416024208069,1697.0592041015625
163,30.134164810180664,9.365833282470703,0.44247315389915803,1702.781982421875,0.9927881956100464,1702.781982421875
164,30.590831756591797,10.080833435058594,0.46320962494790463,1693.0994873046875,1.0003198385238647,1693.0994873046875
165,30.2450008392334,9.841666221618652,0.4344399684631469,1678.925537109375,1.0072393417358398,1678.925537109375
166,30.72749900817871,9.919166564941406,0.48043197877922744,1714.8665771484375,0.9491395950317383,1714.8665771484375
167,30.024999618530273,9.855834007263184,0.45613318790649493,1680.8602294921875,1.0001870393753052,1680.8602294921875
168,29.59166717529297,9.704999923706055,0.43257076233987746,1706.135986328125,0.9909380674362183,1706.135986328125
169,30.996665954589844,10.33750057220459,0.4524794904669737,1696.8958740234375,0.9442229270935059,1696.8958740234375
170,30.0816650390625,10.16333293914795,0.46718730565395583,1636.4278564453125,0.9628452062606812,1636.4278564453125
171,29.53333282470703,9.856666564941406,0.45279682423971335,1687.0723876953125,0.9806791543960571,1687.0723876953125
172,30.71666717529297,10.363333702087402,0.5318220173421284,1681.5291748046875,0.9325454831123352,1681.5291748046875
173,29.789167404174805,10.183333396911621,0.4813049884215248,1676.8697509765625,0.9622939825057983,1676.8697509765625
174,29.850833892822266,10.289999961853027,0.5119563967850513,1659.432373046875,0.9215685725212097,1659.432373046875
175,30.096668243408203,10.228333473205566,0.47057823090152984,1677.81494140625,0.9499570727348328,1677.81494140625
176,30.157501220703125,10.359166145324707,0.5179799034192929,1667.6490478515625,0.9348766803741455,1667.6490478515625
177,29.8316650390625,10.212499618530273,0.5096091157977103,1671.920166015625,0.8901549577713013,1671.920166015625
178,30.071666717529297,10.95916748046875,0.5128943080309496,1701.159423828125,0.9144498109817505,1701.159423828125
179,29.626667022705078,10.587499618530273,0.4363528761923054,1660.12841796875,0.8716461062431335,1660.12841796875
180,29.565832138061523,10.349166870117188,0.504594849207505,1652.126953125,0.9427788257598877,1652.126953125
181,29.8608341217041,10.831666946411133,0.46679660053246413,1611.50732421875,0.9047838449478149,1611.50732421875
182,29.350831985473633,10.540833473205566,0.47389938831044914,1669.64501953125,0.8926138877868652,1669.64501953125
183,29.585832595825195,10.983332633972168,0.5075421123188991,1639.8441162109375,0.9148837327957153,1639.8441162109375
184,29.859167098999023,11.055000305175781,0.4787554139066258,1596.487548828125,0.9034558534622192,1596.487548828125
185,29.504167556762695,11.178333282470703,0.4903207001304999,1631.3975830078125,0.8967787623405457,1631.3975830078125
186,29.095834732055664,10.944167137145996,0.5119491704353426,1636.100830078125,0.9265843629837036,1636.100830078125
187,29.936664581298828,11.307499885559082,0.509048100751323,1613.9847412109375,0.9198203682899475,1613.9847412109375
188,29.84166717529297,11.415833473205566,0.47788659836841535,1667.833984375,0.8823721408843994,1667.833984375
189,30.614168167114258,11.420833587646484,0.534065715499683,1625.1236572265625,0.8694517612457275,1625.1236572265625
190,29.974164962768555,11.399999618530273,0.5034498825120592,1595.9034423828125,0.901016891002655,1595.9034423828125
191,29.725833892822266,11.335000038146973,0.5436984105921472,1633.447021484375,0.9028797149658203,1633.447021484375
192,29.272499084472656,11.182499885559082,0.5201240569128229,1627.390869140625,0.9049764275550842,1627.390869140625
193,29.70333480834961,11.385833740234375,0.51459679067778,1657.2071533203125,0.8637109994888306,1657.2071533203125
194,29.079999923706055,11.613332748413086,0.48014104726358475,1625.2344970703125,0.8644840717315674,1625.2344970703125
195,29.774999618530273,11.85083293914795,0.5040700138351266,1587.733642578125,0.8619034290313721,1587.733642578125
196,30.07583236694336,12.486666679382324,0.51585166595561,1599.954833984375,0.892392635345459,1599.954833984375
197,29.169166564941406,12.135833740234375,0.5188943806934234,1609.1466064453125,0.8458229303359985,1609.1466064453125
198,29.775833129882812,11.921666145324707,0.5377819191658868,1587.734375,0.863512396812439,1587.734375
199,29.579999923706055,12.005833625793457,0.5331432915075763,1601.4083251953125,0.8482223749160767,1601.4083251953125
200,29.13333511352539,12.083333015441895,0.46439736065254633,1581.9873046875,0.8505771160125732,1581.9873046875
201,29.755834579467773,12.682500839233398,0.5057506111626356,1556.1885986328125,0.8011919856071472,1556.1885986328125
202,28.845834732055664,12.00333309173584,0.5488478465086589,1617.8221435546875,0.8113114237785339,1617.8221435546875
203,28.592500686645508,12.53833293914795,0.47303469466968207,1592.4207763671875,0.8399229049682617,1592.4207763671875
204,29.278331756591797,12.085833549499512,0.5338277270292113,1602.887939453125,0.8378536701202393,1602.887939453125
205,29.225831985473633,12.319999694824219,0.5069184529626631,1604.664794921875,0.8139809370040894,1604.664794921875
206,29.21666717529297,12.897500038146973,0.538468319618172,1507.389892578125,0.7798815965652466,1507.389892578125
207,28.5575008392334,12.288333892822266,0.5573064387666822,1630.4345703125,0.8487602472305298,1630.4345703125
208,28.668331146240234,12.404167175292969,0.5488431482717004,1591.868408203125,0.8683849573135376,1591.868408203125
209,28.511667251586914,12.374166488647461,0.5420142671077518,1582.8331298828125,0.8515009880065918,1582.8331298828125
210,28.43000030517578,12.329999923706055,0.5617506249870272,1580.0362548828125,0.8363268375396729,1580.0362548828125
211,28.9516658782959,12.473333358764648,0.583747439268562,1582.762451171875,0.8124468922615051,1582.762451171875
212,29.531665802001953,13.479166984558105,0.5772586137074769,1594.746826171875,0.7968374490737915,1594.746826171875
213,28.152498245239258,13.024166107177734,0.533022481478286,1502.653076171875,0.7789185047149658,1502.653076171875
214,27.719167709350586,12.661666870117188,0.5221192583967162,1540.2010498046875,0.8069068193435669,1540.2010498046875
215,28.321664810180664,13.311666488647461,0.5463605305890926,1534.6884765625,0.7667864561080933,1534.6884765625
216,28.434165954589844,14.036666870117188,0.5843618247640125,1515.183837890625,0.7695973515510559,1515.183837890625
217,28.39583396911621,13.393333435058594,0.5432251439899097,1538.91259765625,0.8200087547302246,1538.91259765625
218,29.03666877746582,13.06583309173584,0.5548714727543838,1572.88818359375,0.8047956228256226,1572.88818359375
219,28.363332748413086,13.444167137145996,0.5284502181964552,1520.47314453125,0.7747612595558167,1520.47314453125
220,28.386667251586914,13.582499504089355,0.5204398642710882,1562.890869140625,0.7974848747253418,1562.890869140625
221,28.57750129699707,13.935832977294922,0.5462994121367262,1527.846923828125,0.764421820640564,1527.846923828125
222,28.390832901000977,13.709166526794434,0.5801326325387093,1534.244384765625,0.8186050653457642,1534.244384765625
223,28.47166633605957,13.844999313354492,0.5462862500448984,1522.2220458984375,0.7937560081481934,1522.2220458984375
224,27.508333206176758,13.491666793823242,0.5456472796636309,1577.27490234375,0.8082771301269531,1577.27490234375
225,27.935001373291016,13.971667289733887,0.5289564418957048,1497.2032470703125,0.8032485842704773,1497.2032470703125
226,27.824167251586914,14.155000686645508,0.5340558713725041,1531.2857666015625,0.7982127070426941,1531.2857666015625
227,27.48583221435547,13.967500686645508,0.561021226064268,1533.2257080078125,0.7265883684158325,1533.2257080078125
228,27.157501220703125,15.054999351501465,0.5566980687160337,1470.77001953125,0.712512195110321,1470.77001953125
229,26.803333282470703,14.425833702087402,0.5295852077809463,1503.3795166015625,0.7078599333763123,1503.3795166015625
230,26.918333053588867,14.433333396911621,0.5257405330666843,1435.402587890625,0.7942681312561035,1435.402587890625
231,27.200000762939453,13.860000610351562,0.5595396031927544,1533.5601806640625,0.7934609651565552,1533.5601806640625
232,27.1200008392334,14.292499542236328,0.5239900043720206,1489.90771484375,0.7594099640846252,1489.90771484375
233,26.935832977294922,14.6850004196167,0.526804478953127,1477.0343017578125,0.7617867588996887,1477.0343017578125
234,26.72833251953125,15.112500190734863,0.5617541928956961,1512.3017578125,0.7318028211593628,1512.3017578125
235,26.997501373291016,14.83416748046875,0.5556717525558588,1484.256591796875,0.7041253447532654,1484.256591796875
236,26.766666412353516,14.345833778381348,0.5428572339763936,1469.99462890625,0.8012731075286865,1469.99462890625
237,26.364999771118164,15.602500915527344,0.5332388341001695,1456.8411865234375,0.6994977593421936,1456.8411865234375
238,26.34833526611328,14.68166732788086,0.5542207449249907,1535.3023681640625,0.6790232062339783,1535.3023681640625
239,26.274166107177734,15.422500610351562,0.5390194761089628,1465.62158203125,0.7206940650939941,1465.62158203125
240,26.02083396911621,15.707500457763672,0.5544208628323327,1479.123046875,0.6672471761703491,1479.123046875
241,25.70916748046875,15.316666603088379,0.5415451164472949,1472.267822265625,0.7436249256134033,1472.267822265625
242,25.714168548583984,15.018333435058594,0.537031297593501,1476.8707275390625,0.7581721544265747,1476.8707275390625
243,25.838333129882812,15.381667137145996,0.5216716265177624,1471.70849609375,0.6884537935256958,1471.70849609375
244,25.806665420532227,15.600000381469727,0.557526534590375,1477.397705078125,0.7061032056808472,1477.397705078125
245,25.63166618347168,15.707500457763672,0.5602227351790651,1440.4046630859375,0.6746785640716553,1440.4046630859375
246,25.494998931884766,16.267499923706055,0.5604286918762367,1440.2142333984375,0.6242532134056091,1440.2142333984375
247,24.960834503173828,16.489166259765625,0.5750562081147526,1410.6865234375,0.6706992387771606,1410.6865234375
248,25.743331909179688,15.720833778381348,0.5252782012265997,1459.75048828125,0.6821231245994568,1459.75048828125
249,24.945833206176758,16.323333740234375,0.5655425116063837,1452.84130859375,0.6803928017616272,1452.84130859375
250,25.677499771118164,16.420833587646484,0.5307242876160093,1444.1669921875,0.7094477415084839,1444.1669921875
251,24.955833435058594,16.253332138061523,0.5514349801244953,1448.4207763671875,0.7049722075462341,1448.4207763671875
252,24.59833335876465,17.16083335876465,0.5477536369375194,1434.0322265625,0.6206583976745605,1434.0322265625
253,24.8125,17.016666412353516,0.5539542013333412,1390.406005859375,0.6035382151603699,1390.406005859375
254,24.581666946411133,16.689167022705078,0.5106394342911289,1444.650390625,0.685483455657959,1444.650390625
255,24.52916717529297,18.155832290649414,0.5045352859150326,1371.4339599609375,0.5948237776756287,1371.4339599609375
256,24.7549991607666,17.793333053588867,0.5081818431449736,1424.8863525390625,0.6514033079147339,1424.8863525390625
257,24.24333381652832,17.13249969482422,0.5577711919337169,1438.283447265625,0.6183789372444153,1438.283447265625
258,24.19499969482422,17.610000610351562,0.5052382194626382,1435.9202880859375,0.653545618057251,1435.9202880859375
259,23.915000915527344,18.00666618347168,0.5007332322802023,1451.0626220703125,0.6709520220756531,1451.0626220703125
260,23.349166870117188,18.016666412353516,0.5298536358813308,1447.1025390625,0.6316646337509155,1447.1025390625
261,23.672500610351562,17.86750030517578,0.5143689830467431,1391.6995849609375,0.6403434872627258,1391.6995849609375
262,23.25,18.468334197998047,0.5006431692177802,1403.931396484375,0.5846986174583435,1403.931396484375
263,23.958332061767578,18.127498626708984,0.5633002159493168,1445.42724609375,0.618928074836731,1445.42724609375
264,23.168333053588867,18.3799991607666,0.5391510278877244,1421.366943359375,0.6219449639320374,1421.366943359375
265,22.873332977294922,19.074167251586914,0.5335042485145413,1424.918212890625,0.5916125178337097,1424.918212890625
266,23.014999389648438,18.40999984741211,0.5250429245550532,1452.5079345703125,0.651259183883667,1452.5079345703125
267,23.11166763305664,19.071666717529297,0.5450378505333233,1418.4886474609375,0.6136719584465027,1418.4886474609375
268,22.989999771118164,19.70833396911621,0.5675530693087868,1367.183837890625,0.555577278137207,1367.183837890625
269,22.49416732788086,18.954999923706055,0.5147372430469175,1437.9825439453125,0.5851100087165833,1437.9825439453125
270,23.03999900817871,18.980833053588867,0.5257115131022547,1501.8453369140625,0.5936388969421387,1501.8453369140625
271,22.916667938232422,19.869998931884766,0.5415331409883194,1375.08740234375,0.594072163105011,1375.08740234375
272,22.621667861938477,19.918333053588867,0.5211913242252935,1395.91552734375,0.567110002040863,1395.91552734375
273,22.602500915527344,20.226665496826172,0.5379213671439165,1415.169189453125,0.5433076024055481,1415.169189453125
274,22.430831909179688,20.009166717529297,0.5386963338846296,1385.45361328125,0.5894240140914917,1385.45361328125
275,21.884166717529297,20.20833396911621,0.5380649292838142,1394.1678466796875,0.5203314423561096,1394.1678466796875
276,21.872499465942383,21.004167556762695,0.5453763968606289,1369.8333740234375,0.5326024889945984,1369.8333740234375
277,21.904165267944336,19.909168243408203,0.5434215250161489,1463.5140380859375,0.5698243975639343,1463.5140380859375
278,22.072500228881836,20.61250114440918,0.5552711014036342,1390.9771728515625,0.5396865606307983,1390.9771728515625
279,22.019166946411133,20.553333282470703,0.5299053384866653,1403.92333984375,0.5658437013626099,1403.92333984375
280,22.199167251586914,21.482500076293945,0.5591149088571079,1388.5091552734375,0.5233656167984009,1388.5091552734375
281,21.73416519165039,21.31333351135254,0.5826801958282334,1422.4383544921875,0.5391988158226013,1422.4383544921875
282,22.113332748413086,20.982500076293945,0.5601948173967127,1425.318115234375,0.5697687864303589,1425.318115234375
283,21.668333053588867,22.297500610351562,0.5115207600284233,1354.4017333984375,0.5134528875350952,1354.4017333984375
284,22.170833587646484,21.855833053588867,0.5644545034447639,1394.6595458984375,0.5321605205535889,1394.6595458984375
285,21.35249900817871,22.881668090820312,0.536634657684866,1375.3089599609375,0.5564649701118469,1375.3089599609375
286,21.433334350585938,22.502500534057617,0.5571737825034566,1418.159912109375,0.5348728895187378,1418.159912109375
287,21.748332977294922,22.18083381652832,0.5672918987136915,1421.5394287109375,0.5261169672012329,1421.5394287109375
288,21.54749870300293,23.052499771118164,0.5493547844982585,1406.2147216796875,0.4871455430984497,1406.2147216796875
289,20.97249984741211,22.635833740234375,0.5508213566794954,1455.7310791015625,0.5452761054039001,1455.7310791015625
290,20.74416732788086,23.479999542236328,0.5451749301002226,1408.3211669921875,0.5019251108169556,1408.3211669921875
291,21.43083381652832,23.77833366394043,0.5452399192578755,1395.1220703125,0.47456270456314087,1395.1220703125
292,20.52833366394043,24.435832977294922,0.5450776639670413,1380.745361328125,0.48701757192611694,1380.745361328125
293,20.935001373291016,23.984167098999023,0.5431162075637834,1440.463134765625,0.5015144944190979,1440.463134765625
294,21.170833587646484,24.030000686645508,0.5446637737613532,1390.3341064453125,0.46822935342788696,1390.3341064453125
295,20.690832138061523,23.912500381469727,0.540694501447471,1393.0318603515625,0.44930243492126465,1393.0318603515625
296,21.23666763305664,24.330833435058594,0.5710906689464057,1407.73388671875,0.4738558530807495,1407.73388671875
297,21.232500076293945,24.580833435058594,0.5413098021325419,1414.8634033203125,0.4825480580329895,1414.8634033203125
298,20.545833587646484,24.896665573120117,0.5601454900671143,1404.1591796875,0.44340211153030396,1404.1591796875
299,20.84666633605957,25.38749885559082,0.5547639769107809,1399.51611328125,0.43774598836898804,1399.51611328125
300,20.4516658782959,25.552499771118164,0.5582712406723244,1406.1075439453125,0.4692103862762451,1406.1075439453125
301,21.323333740234375,25.843334197998047,0.5627171974136904,1377.572021484375,0.4636915922164917,1377.572021484375
302,21.133333206176758,25.275001525878906,0.5584096042601611,1389.66259765625,0.444225013256073,1389.66259765625
303,20.255834579467773,25.9858341217041,0.5756605513699651,1405.4180908203125,0.4005966782569885,1405.4180908203125
304,21.100000381469727,27.04083251953125,0.5711477941361236,1418.396240234375,0.49286794662475586,1418.396240234375
305,20.946666717529297,26.793333053588867,0.5698155279231037,1331.30712890625,0.4253748655319214,1331.30712890625
306,20.808332443237305,27.237499237060547,0.5940793856432084,1375.922119140625,0.422066867351532,1375.922119140625
307,20.503334045410156,26.51500129699707,0.5719152962326318,1351.332275390625,0.5039485096931458,1351.332275390625
308,20.53499984741211,27.273332595825195,0.5896235526691136,1375.5875244140625,0.44752252101898193,1375.5875244140625
309,20.608333587646484,27.074167251586914,0.5662220820519707,1357.195068359375,0.42840105295181274,1357.195068359375
310,20.685001373291016,27.329999923706055,0.5582867263634618,1395.702392578125,0.45242905616760254,1395.702392578125
311,20.88083267211914,27.440834045410156,0.5959258302612217,1420.148681640625,0.4561729431152344,1420.148681640625
312,20.378334045410156,27.73583221435547,0.5740233823770746,1363.0203857421875,0.37701529264450073,1363.0203857421875
313,20.40250015258789,28.60916519165039,0.5640688245602872,1373.6607666015625,0.34830671548843384,1373.6607666015625
314,20.327499389648438,28.14750099182129,0.5990760668779553,1396.1026611328125,0.3951815366744995,1396.1026611328125
315,20.2016658782959,27.371665954589844,0.581675124734365,1390.053466796875,0.42669785022735596,1390.053466796875
316,20.364166259765625,28.495832443237305,0.555584832862461,1354.703125,0.36905866861343384,1354.703125
317,20.05666732788086,27.83916664123535,0.5706829731915822,1382.2626953125,0.34765100479125977,1382.2626953125
318,19.914167404174805,29.746665954589844,0.5803745746168651,1366.9688720703125,0.39964836835861206,1366.9688720703125
319,19.899168014526367,29.421667098999023,0.5934893199624776,1389.5047607421875,0.3938905596733093,1389.5047607421875
320,19.739168167114258,30.488332748413086,0.6227073366634137,1363.6160888671875,0.3969879746437073,1363.6160888671875
321,19.804166793823242,29.335832595825195,0.6125521349318117,1362.6146240234375,0.4004790782928467,1362.6146240234375
322,19.86750030517578,29.6200008392334,0.5949827872931848,1382.354736328125,0.3688356280326843,1382.354736328125
323,19.738332748413086,28.67916488647461,0.6124201786804482,1395.772705078125,0.3977128267288208,1395.772705078125
324,19.926666259765625,28.7691650390625,0.5974327166746469,1394.9022216796875,0.46054667234420776,1394.9022216796875
325,19.84083366394043,30.058332443237305,0.6247061805610648,1410.5863037109375,0.3437955379486084,1410.5863037109375
326,20.046667098999023,29.97833251953125,0.6217656736084467,1384.45947265625,0.3795012831687927,1384.45947265625
327,19.395832061767578,31.653331756591797,0.5577212586725335,1378.1116943359375,0.3592122793197632,1378.1116943359375
328,19.719167709350586,30.480831146240234,0.6313253228588251,1401.310791015625,0.3332255482673645,1401.310791015625
329,19.251667022705078,31.49249839782715,0.6151385833288391,1384.673095703125,0.4015262722969055,1384.673095703125
330,19.32000160217285,30.23000144958496,0.6259953718602344,1398.6683349609375,0.33667296171188354,1398.6683349609375
331,19.349166870117188,31.054166793823242,0.6183159444457709,1393.6474609375,0.3649775981903076,1393.6474609375
332,19.043333053588867,32.455833435058594,0.5805922149250009,1396.4935302734375,0.3068840503692627,1396.4935302734375
333,18.918333053588867,33.27833557128906,0.591665379592492,1356.9149169921875,0.3232511281967163,1356.9149169921875
334,18.905000686645508,34.1158332824707,0.5760712381847525,1413.263671875,0.352050244808197,1413.263671875
335,18.767499923706055,32.27583312988281,0.5905408431102922,1369.251220703125,0.32371997833251953,1369.251220703125
336,18.84000015258789,32.40500259399414,0.6062739247817389,1421.0479736328125,0.3062888979911804,1421.0479736328125
337,19.19333267211914,32.929168701171875,0.5753844793142224,1415.126220703125,0.33961349725723267,1415.126220703125
338,18.606666564941406,33.654998779296875,0.5932848029719419,1408.8536376953125,0.34865450859069824,1408.8536376953125
339,19.150833129882812,33.17499923706055,0.6299672253242965,1344.509521484375,0.34198838472366333,1344.509521484375
340,18.629165649414062,34.94916534423828,0.5979195820386053,1371.5325927734375,0.3234773278236389,1371.5325927734375
341,18.843334197998047,34.92916488647461,0.5584475477439946,1383.2821044921875,0.288815438747406,1383.2821044921875
342,19.395832061767578,33.89500045776367,0.6356944626279237,1384.93701171875,0.2695084810256958,1384.93701171875
343,18.650833129882812,35.075836181640625,0.6017032905943174,1328.9993896484375,0.26687490940093994,1328.9993896484375
344,18.554166793823242,36.850833892822266,0.5804241608011395,1359.16796875,0.2504565119743347,1359.16796875
345,18.954999923706055,34.848331451416016,0.6133179260194623,1390.0777587890625,0.27944058179855347,1390.0777587890625
346,18.89083480834961,35.00749969482422,0.6080181730768573,1393.403564453125,0.3144185543060303,1393.403564453125
347,18.957500457763672,34.948333740234375,0.5875883639121401,1376.248779296875,0.25293856859207153,1376.248779296875
348,18.65999984741211,35.807498931884766,0.6028742713622843,1363.5467529296875,0.2884295582771301,1363.5467529296875
349,18.9375,35.38833236694336,0.5961559355204702,1373.9256591796875,0.2698323130607605,1373.9256591796875
350,18.917499542236328,34.85749816894531,0.6492020059255119,1415.3597412109375,0.29726916551589966,1415.3597412109375
351,18.997499465942383,37.23250198364258,0.6461980556523692,1373.2850341796875,0.2791406512260437,1373.2850341796875
352,19.05666732788086,36.65999984741211,0.607919723634602,1383.3287353515625,0.25703293085098267,1383.3287353515625
353,19.060832977294922,36.195831298828125,0.6263761433863307,1382.635986328125,0.2901659607887268,1382.635986328125
354,18.837499618530273,37.17583465576172,0.6334564165262037,1387.659423828125,0.2719586491584778,1387.659423828125
355,19.243331909179688,37.79500198364258,0.6048279491277447,1370.8333740234375,0.2684895992279053,1370.8333740234375
356,19.018333435058594,38.61750030517578,0.6050204512514602,1380.150634765625,0.2555604577064514,1380.150634765625
357,18.870834350585938,38.440834045410156,0.5868004687744143,1376.833251953125,0.21575069427490234,1376.833251953125
358,19.20250129699707,38.96500015258789,0.6282447641717823,1404.75390625,0.24148958921432495,1404.75390625
359,19.33916664123535,39.17499923706055,0.6400044326098533,1360.25244140625,0.23824578523635864,1360.25244140625
360,19.218332290649414,39.1974983215332,0.6317287692494766,1405.97900390625,0.2623618245124817,1405.97900390625
361,18.905000686645508,40.93166732788086,0.6324960057939015,1332.2139892578125,0.22075212001800537,1332.2139892578125
362,19.233333587646484,40.334999084472656,0.6447301270759891,1367.8450927734375,0.20682179927825928,1367.8450927734375
363,19.289167404174805,40.98833084106445,0.6010993286704498,1372.05712890625,0.27464568614959717,1372.05712890625
364,18.850833892822266,40.967498779296875,0.6850823999101372,1371.497314453125,0.23309648036956787,1371.497314453125
365,18.898334503173828,39.63916778564453,0.6266264103934995,1373.201171875,0.2545289993286133,1373.201171875
366,18.935832977294922,41.981666564941406,0.6410640442548067,1363.4713134765625,0.1888183355331421,1363.4713134765625
367,18.614999771118164,39.85499954223633,0.6543849898431727,1345.7611083984375,0.23783749341964722,1345.7611083984375
368,18.66666603088379,41.520835876464844,0.6573819518235677,1372.2698974609375,0.18655329942703247,1372.2698974609375
369,18.844165802001953,41.880001068115234,0.6561613441705093,1359.0301513671875,0.19436872005462646,1359.0301513671875
370,18.6441650390625,42.163333892822266,0.6608803829031105,1393.460205078125,0.2160053849220276,1393.460205078125
371,18.950834274291992,41.69000244140625,0.6502240523589515,1372.994873046875,0.19738847017288208,1372.994873046875
372,18.448333740234375,42.02750015258789,0.6822152939543443,1371.433837890625,0.20057576894760132,1371.433837890625
373,18.233333587646484,44.44416809082031,0.6600544415469771,1389.726806640625,0.16849952936172485,1389.726806640625
374,18.542499542236328,41.75416564941406,0.6275256640017496,1377.2464599609375,0.17065370082855225,1377.2464599609375
375,18.426666259765625,43.128334045410156,0.6678131629745983,1396.5897216796875,0.17471760511398315,1396.5897216796875
376,18.46416664123535,41.81666564941406,0.6484658201934006,1417.5821533203125,0.1646612286567688,1417.5821533203125
377,18.5483341217041,44.90666580200195,0.647015380322261,1352.7852783203125,0.13366234302520752,1352.7852783203125
378,18.37416648864746,46.09166717529297,0.6462392339815495,1357.3145751953125,0.17867308855056763,1357.3145751953125
379,18.5625,43.438331604003906,0.650374852474981,1400.720703125,0.17654216289520264,1400.720703125
380,18.224998474121094,46.18166732788086,0.6771226237574424,1374.2879638671875,0.1746564507484436,1374.2879638671875
381,18.3174991607666,44.325836181640625,0.6655050597536879,1395.1917724609375,0.1859171986579895,1395.1917724609375
382,18.204999923706055,45.147499084472656,0.6809878421110969,1378.6522216796875,0.13889974355697632,1378.6522216796875
383,18.310832977294922,47.26749801635742,0.6546665847225667,1344.7725830078125,0.14842212200164795,1344.7725830078125
384,18.379167556762695,47.42333221435547,0.665622573654162,1350.6102294921875,0.1376703977584839,1350.6102294921875
385,18.509166717529297,46.55416488647461,0.6885192731727787,1377.447021484375,0.1478722095489502,1377.447021484375
386,18.099998474121094,48.33833312988281,0.6526815508538041,1395.1884765625,0.1601940393447876,1395.1884765625
387,18.354167938232422,48.339168548583984,0.6208352565541171,1378.720703125,0.1331424117088318,1378.720703125
388,18.19499969482422,46.334163665771484,0.6497575743642103,1359.7958984375,0.12584459781646729,1359.7958984375
389,18.184167861938477,48.176666259765625,0.670203212127596,1371.1048583984375,0.15067988634109497,1371.1048583984375
390,18.06833267211914,46.64083480834961,0.659793218787967,1397.802001953125,0.14869332313537598,1397.802001953125
391,18.252498626708984,45.86833572387695,0.6669479092897396,1349.30078125,0.14660459756851196,1349.30078125
392,18.191667556762695,48.994998931884766,0.6546711637500069,1386.5882568359375,0.1049850583076477,1386.5882568359375
393,18.09583282470703,48.290000915527344,0.6226369961560441,1380.6500244140625,0.1291811466217041,1380.6500244140625
394,18.04916763305664,48.57666778564453,0.6172716333048742,1363.547119140625,0.1229027509689331,1363.547119140625
395,17.987499237060547,48.432498931884766,0.6550626819350556,1381.7669677734375,0.10951399803161621,1381.7669677734375
396,18.071666717529297,47.16083526611328,0.6843377781468027,1399.416259765625,0.10787677764892578,1399.416259765625
397,18.025833129882812,47.97916793823242,0.6144640386010822,1409.9947509765625,0.14563608169555664,1409.9947509765625
398,18.11166763305664,49.616668701171875,0.5919478319067744,1350.625,0.12324374914169312,1350.625
399,18.1875,48.87333297729492,0.6766133264826366,1403.0224609375,0.11829471588134766,1403.0224609375
400,18.638334274291992,47.481666564941406,0.6687549314463566,1393.4398193359375,0.12814313173294067,1393.4398193359375
401,17.953332901000977,51.599998474121094,0.5954722921154606,1355.618408203125,0.10010099411010742,1355.618408203125
402,18.266666412353516,50.332496643066406,0.7025948854564481,1372.1864013671875,0.07643502950668335,1372.1864013671875
403,17.98583221435547,51.15833282470703,0.6248054977180907,1382.3050537109375,0.11081039905548096,1382.3050537109375
404,18.104999542236328,51.45499801635742,0.6098527357422877,1369.2177734375,0.10112124681472778,1369.2177734375
405,18.09666633605957,49.331668853759766,0.6381153006454923,1418.6060791015625,0.09103196859359741,1418.6060791015625
406,18.292499542236328,54.0191650390625,0.6428552694736681,1399.11181640625,0.09938812255859375,1399.11181640625
407,18.12583351135254,51.87249755859375,0.6626455042564586,1401.729248046875,0.10006237030029297,1401.729248046875
408,17.79166603088379,51.899166107177734,0.5899434295886834,1391.180419921875,0.10209929943084717,1391.180419921875
409,18.30666732788086,53.89249801635742,0.5937145960926764,1418.820068359375,0.08002644777297974,1418.820068359375
410,18.344999313354492,51.522499084472656,0.6370199857993452,1398.33447265625,0.1012110710144043,1398.33447265625
411,18.11916732788086,54.09333038330078,0.6304298297402878,1375.390380859375,0.10951238870620728,1375.390380859375
412,18.204166412353516,54.42583465576172,0.5835838646381332,1399.297607421875,0.091816246509552,1399.297607421875
413,18.025833129882812,54.154998779296875,0.615349372213077,1382.708251953125,0.08075988292694092,1382.708251953125
414,18.170000076293945,55.491668701171875,0.6418785296760988,1400.7623291015625,0.0857541561126709,1400.7623291015625
415,18.559165954589844,53.59416580200195,0.6371001380318415,1398.257080078125,0.06627357006072998,1398.257080078125
416,18.171667098999023,54.1875,0.6287276122420419,1398.260986328125,0.0876166820526123,1398.260986328125
417,18.44999885559082,55.4091682434082,0.6698282639086994,1388.1212158203125,0.07120168209075928,1388.1212158203125
418,18.057498931884766,54.182498931884766,0.6279714081681526,1378.7274169921875,0.10321474075317383,1378.7274169921875
419,18.20166778564453,54.454166412353516,0.6042027533147429,1412.3001708984375,0.08014023303985596,1412.3001708984375
420,18.489999771118164,52.61750030517578,0.6244605979818352,1373.3514404296875,0.08819502592086792,1373.3514404296875
421,18.392499923706055,54.5283317565918,0.5762856724471668,1390.30419921875,0.08165192604064941,1390.30419921875
422,18.349166870117188,54.045833587646484,0.6528176650648296,1382.1846923828125,0.07715821266174316,1382.1846923828125
423,18.043333053588867,54.189170837402344,0.63681152074225,1404.829345703125,0.08268612623214722,1404.829345703125
424,18.43083381652832,54.37333679199219,0.6697962283815939,1386.9776611328125,0.08674848079681396,1386.9776611328125
425,18.244998931884766,55.44416809082031,0.6583610841444176,1393.1436767578125,0.08707845211029053,1393.1436767578125
426,18.162498474121094,55.73583221435547,0.6427242993833083,1384.4271240234375,0.08295285701751709,1384.4271240234375
427,18.469999313354492,54.24416732788086,0.6363028406115284,1403.1527099609375,0.0810701847076416,1403.1527099609375
428,18.58916664123535,54.777496337890625,0.6606480896681558,1369.1005859375,0.07469964027404785,1369.1005859375
429,18.274999618530273,57.17166519165039,0.655092850600791,1404.742919921875,0.06956994533538818,1404.742919921875
430,18.80500030517578,57.07083511352539,0.6957466491869546,1357.98291015625,0.08785539865493774,1357.98291015625
431,18.551666259765625,55.432498931884766,0.6628935373088267,1443.94921875,0.0709761381149292,1443.94921875
432,18.81166648864746,55.96916580200195,0.6351335156395458,1358.532958984375,0.08626687526702881,1358.532958984375
433,18.635000228881836,54.143333435058594,0.6533358588440202,1369.3314208984375,0.08975934982299805,1369.3314208984375
434,18.5766658782959,56.75333023071289,0.6721775690337999,1393.39404296875,0.07414531707763672,1393.39404296875
435,18.670833587646484,56.27416229248047,0.6990376804966014,1386.51123046875,0.07878893613815308,1386.51123046875
436,18.766666412353516,57.024169921875,0.6091598025704634,1369.2691650390625,0.0808139443397522,1369.2691650390625
437,18.581666946411133,55.40166473388672,0.6581589458250492,1378.4012451171875,0.08133333921432495,1378.4012451171875
438,18.92500114440918,54.777496337890625,0.6745635778844961,1375.5059814453125,0.07597488164901733,1375.5059814453125
439,18.452499389648438,57.9033317565918,0.6153406560004783,1363.7879638671875,0.09044712781906128,1363.7879638671875
440,18.977500915527344,55.277503967285156,0.67667655478894,1359.273681640625,0.07292288541793823,1359.273681640625
441,19.030834197998047,55.65666580200195,0.6649095197952788,1369.0556640625,0.07807481288909912,1369.0556640625
442,18.75666618347168,54.44166564941406,0.6489699052118811,1362.912841796875,0.09120255708694458,1362.912841796875
443,18.9950008392334,51.849998474121094,0.6763926046735542,1351.5526123046875,0.1009780764579773,1351.5526123046875
444,18.8608341217041,55.2783317565918,0.6684903547656418,1377.554443359375,0.07693523168563843,1377.554443359375
445,18.795000076293945,59.018333435058594,0.6529295670946716,1364.9715576171875,0.0848691463470459,1364.9715576171875
446,18.772499084472656,55.124168395996094,0.6318346044829266,1366.3154296875,0.0878409743309021,1366.3154296875
447,18.849166870117188,55.88333511352539,0.6377403736794075,1384.5306396484375,0.08639496564865112,1384.5306396484375
448,18.870834350585938,54.61582946777344,0.6763481032480195,1368.1085205078125,0.07935011386871338,1368.1085205078125
449,19.05583381652832,56.06083297729492,0.6497000196339966,1365.258544921875,0.07610636949539185,1365.258544921875
450,19.1391658782959,54.431663513183594,0.6322765834652756,1332.9576416015625,0.09008508920669556,1332.9576416015625
451,18.639999389648438,55.371665954589844,0.6598449576816279,1349.541015625,0.10262054204940796,1349.541015625
452,19.060832977294922,55.311668395996094,0.6186139500994994,1345.5423583984375,0.08486586809158325,1345.5423583984375
453,18.60249900817871,56.86833190917969,0.5885253135149061,1367.00341796875,0.08921158313751221,1367.00341796875
454,18.82416534423828,56.70750045776367,0.6620939739481492,1323.177001953125,0.09295487403869629,1323.177001953125
455,18.6108341217041,53.296669006347656,0.6727605185267391,1386.911376953125,0.09216362237930298,1386.911376953125
456,18.845834732055664,53.310001373291016,0.6473129911859843,1352.3291015625,0.10154080390930176,1352.3291015625
457,18.4858341217041,51.49250030517578,0.6444648813186237,1347.7806396484375,0.11643832921981812,1347.7806396484375
458,18.338333129882812,56.233333587646484,0.6259297594101982,1341.4278564453125,0.07286107540130615,1341.4278564453125
459,18.365833282470703,53.06666564941406,0.6990268507506395,1359.0673828125,0.09160751104354858,1359.0673828125
460,18.799999237060547,55.59499740600586,0.6414550889122739,1356.842041015625,0.08208167552947998,1356.842041015625
461,18.773334503173828,52.4566650390625,0.6199392354611375,1355.8155517578125,0.09058272838592529,1355.8155517578125
462,18.501667022705078,52.795833587646484,0.6707434386579776,1358.070068359375,0.07832825183868408,1358.070068359375
463,18.364166259765625,57.80833435058594,0.6309327871947853,1318.9998779296875,0.09566032886505127,1318.9998779296875
464,18.78416633605957,54.90999984741211,0.6617152634813588,1358.772216796875,0.07301825284957886,1358.772216796875
465,18.581666946411133,52.29166793823242,0.6343247647090946,1336.39306640625,0.1030048131942749,1336.39306640625
466,18.86333465576172,53.763336181640625,0.6346377855969035,1335.9564208984375,0.08137506246566772,1335.9564208984375
467,18.595834732055664,57.18083190917969,0.6360360542776775,1340.50146484375,0.08233213424682617,1340.50146484375
468,18.594165802001953,52.46916580200195,0.6459429796481797,1308.3409423828125,0.11342054605484009,1308.3409423828125
469,18.354999542236328,53.66083526611328,0.6124070606439705,1340.9693603515625,0.08932089805603027,1340.9693603515625
470,18.78583335876465,56.83000183105469,0.5987318943255916,1347.7718505859375,0.08935892581939697,1347.7718505859375
471,18.827499389648438,53.20166778564453,0.6570102653955854,1330.705322265625,0.07117712497711182,1330.705322265625
472,18.483333587646484,56.13999938964844,0.6034713983678996,1320.84033203125,0.07196706533432007,1320.84033203125
473,18.65166664123535,50.951663970947266,0.677509012248133,1312.77392578125,0.11058014631271362,1312.77392578125
474,18.72916603088379,55.33000183105469,0.661142182664757,1324.2933349609375,0.07746446132659912,1324.2933349609375
475,18.47166633605957,59.86499786376953,0.6016147588404346,1326.4580078125,0.09631931781768799,1326.4580078125
476,18.123332977294922,56.14249801635742,0.5907267627751639,1304.4627685546875,0.09944307804107666,1304.4627685546875
477,18.25083351135254,54.794166564941406,0.6083960375374295,1346.017822265625,0.07357358932495117,1346.017822265625
478,18.485000610351562,52.46916580200195,0.690417931652578,1278.9278564453125,0.09787958860397339,1278.9278564453125
479,18.32499885559082,55.383331298828125,0.6044963718879234,1332.5625,0.08749628067016602,1332.5625
480,18.301668167114258,56.7349967956543,0.6348835816191097,1339.8829345703125,0.07625794410705566,1339.8829345703125
481,18.524166107177734,56.71500015258789,0.600839540953233,1320.5926513671875,0.0884900689125061,1320.5926513671875
482,18.157499313354492,53.99333190917969,0.6286407051624173,1325.1143798828125,0.08024430274963379,1325.1143798828125
483,17.96666717529297,55.43916702270508,0.6602183860545521,1308.2432861328125,0.08324980735778809,1308.2432861328125
484,17.957500457763672,58.019168853759766,0.5905039597460544,1329.0087890625,0.0978550910949707,1329.0087890625
485,18.22749900817871,55.418331146240234,0.6495134203379562,1311.7559814453125,0.1018059253692627,1311.7559814453125
486,17.9325008392334,55.54500198364258,0.6805282942310892,1311.5872802734375,0.07814985513687134,1311.5872802734375
487,18.219999313354492,56.69000244140625,0.657319399114126,1311.0704345703125,0.0871313214302063,1311.0704345703125
488,17.920833587646484,51.66749954223633,0.6754596969000952,1319.2486572265625,0.10113555192947388,1319.2486572265625
489,18.281667709350586,52.54166793823242,0.6686408932047428,1322.653076171875,0.10149455070495605,1322.653076171875
490,17.70916748046875,56.205833435058594,0.6485718004808548,1343.7237548828125,0.08784162998199463,1343.7237548828125
491,18.023332595825195,55.6875,0.6739684985203613,1340.3994140625,0.08938521146774292,1340.3994140625
492,18.24416732788086,53.253334045410156,0.6447443752806331,1318.40869140625,0.07784843444824219,1318.40869140625
493,18.134998321533203,57.96666717529297,0.6245845267020006,1317.06298828125,0.08455675840377808,1317.06298828125
494,18.266666412353516,53.71916961669922,0.6590893752583543,1335.451171875,0.07613968849182129,1335.451171875
495,17.963333129882812,54.75833511352539,0.6385651608488829,1312.82373046875,0.1037779450416565,1312.82373046875
496,17.928333282470703,52.76749801635742,0.6446760942118306,1308.632080078125,0.100483238697052,1308.632080078125
497,18.051666259765625,56.75749969482422,0.6021341484660547,1285.0594482421875,0.09775775671005249,1285.0594482421875
498,18.552499771118164,53.235836029052734,0.6808788898167561,1275.03271484375,0.10189521312713623,1275.03271484375
499,17.565000534057617,56.04750061035156,0.6582272854952285,1293.0667724609375,0.10010713338851929,1293.0667724609375
500,18.099998474121094,54.03083419799805,0.6630673511897447,1309.3515625,0.08482569456100464,1309.3515625
501,17.72166633605957,61.189998626708984,0.6542746814022042,1302.176025390625,0.08939242362976074,1302.176025390625
502,17.57583236694336,53.192501068115234,0.6724244461639152,1325.12353515625,0.07781845331192017,1325.12353515625
503,17.949167251586914,52.94583511352539,0.6485039213834594,1294.8458251953125,0.09826773405075073,1294.8458251953125
504,17.775001525878906,49.5966682434082,0.6726928440128909,1276.3199462890625,0.10823440551757812,1276.3199462890625
505,17.237499237060547,53.06166458129883,0.6505386416356516,1319.23681640625,0.1093970537185669,1319.23681640625
506,17.81999969482422,51.96999740600586,0.5932919270792605,1307.2313232421875,0.08806967735290527,1307.2313232421875
507,17.66083335876465,55.4908332824707,0.644363757421182,1273.4180908203125,0.09557253122329712,1273.4180908203125
508,18.17999839782715,55.751670837402344,0.6671891039934251,1260.056884765625,0.09190857410430908,1260.056884765625
509,17.49916648864746,55.418331146240234,0.6514512082465159,1298.768798828125,0.09128904342651367,1298.768798828125
510,18.16499900817871,51.99333572387695,0.6822584649316146,1276.4921875,0.08555829524993896,1276.4921875
511,17.73750114440918,56.329166412353516,0.61234158739334,1275.3348388671875,0.09725850820541382,1275.3348388671875
512,17.830833435058594,55.45083236694336,0.652869939303534,1291.681884765625,0.10108524560928345,1291.681884765625
513,17.81166648864746,52.894996643066406,0.6635533555781018,1293.7066650390625,0.10493701696395874,1293.7066650390625
514,17.80500030517578,52.9900016784668,0.6956768887769614,1251.8563232421875,0.08301669359207153,1251.8563232421875
515,17.920000076293945,47.20833206176758,0.6722967489653134,1257.6453857421875,0.14035248756408691,1257.6453857421875
516,17.560832977294922,53.098331451416016,0.6912408672582876,1269.890625,0.09312504529953003,1269.890625
517,17.74416732788086,56.935001373291016,0.6680407634472759,1271.37548828125,0.09455925226211548,1271.37548828125
518,17.88916778564453,55.60166931152344,0.6867992198259054,1288.0675048828125,0.08493757247924805,1288.0675048828125
519,18.064998626708984,54.537498474121094,0.6886087095141211,1317.6341552734375,0.08911144733428955,1317.6341552734375
520,17.63249969482422,53.393333435058594,0.659652794763572,1283.1195068359375,0.09203946590423584,1283.1195068359375
521,17.878332138061523,51.99082946777344,0.6435084919526767,1339.3165283203125,0.09314411878585815,1339.3165283203125
522,17.715831756591797,55.294166564941406,0.6541784765143774,1309.2578125,0.09532922506332397,1309.2578125
523,18.260833740234375,50.29750061035156,0.6866722046442457,1294.3714599609375,0.09898573160171509,1294.3714599609375
524,17.501667022705078,52.67583084106445,0.6792052311693788,1311.2919921875,0.09359884262084961,1311.2919921875
525,17.90166664123535,57.38166427612305,0.7034806941671365,1311.268310546875,0.08496391773223877,1311.268310546875
526,17.64750099182129,54.92583465576172,0.6600485565395051,1282.9920654296875,0.09616357088088989,1282.9920654296875
527,17.590831756591797,56.79833221435547,0.6783381769612209,1304.1783447265625,0.0990757942199707,1304.1783447265625
528,17.174999237060547,53.16749954223633,0.6929561578183687,1299.9625244140625,0.102480947971344,1299.9625244140625
529,17.873332977294922,54.3658332824707,0.7351852106367841,1324.042724609375,0.07108193635940552,1324.042724609375
530,17.68000030517578,54.725830078125,0.6679655864861874,1279.66650390625,0.09482872486114502,1279.66650390625
531,17.7016658782959,54.29999923706055,0.663779770555291,1290.3199462890625,0.09832441806793213,1290.3199462890625
532,17.653331756591797,55.41583251953125,0.6472302556955583,1300.287109375,0.10372680425643921,1300.287109375
533,17.571666717529297,56.68166732788086,0.672873984282908,1279.358642578125,0.12194836139678955,1279.358642578125
534,17.79083251953125,55.674163818359375,0.6286237445461231,1276.4833984375,0.10754835605621338,1276.4833984375
535,17.75,59.51250076293945,0.6379639608397039,1293.2998046875,0.08981084823608398,1293.2998046875
536,17.823333740234375,57.11333084106445,0.6305904634692779,1300.4686279296875,0.08534365892410278,1300.4686279296875
537,17.356666564941406,52.830833435058594,0.659094767921968,1300.881103515625,0.09447449445724487,1300.881103515625
538,17.748332977294922,58.057498931884766,0.6838756504710355,1279.01416015625,0.0908510684967041,1279.01416015625
539,17.66583251953125,52.74166488647461,0.6706427221941655,1301.2645263671875,0.08204478025436401,1301.2645263671875
540,17.60416603088379,53.38166809082031,0.6804592815559307,1263.5587158203125,0.09617537260055542,1263.5587158203125
541,17.68166732788086,55.628334045410156,0.6266940866988747,1254.2396240234375,0.1096760630607605,1254.2396240234375
542,17.65166664123535,52.3841667175293,0.6966776953697552,1322.5355224609375,0.133966863155365,1322.5355224609375
543,17.754167556762695,56.33416748046875,0.6953806716787073,1282.9874267578125,0.0849485993385315,1282.9874267578125
544,17.860000610351562,56.195003509521484,0.6527314969457871,1283.7486572265625,0.09858071804046631,1283.7486572265625
545,17.989999771118164,52.01667022705078,0.6634475586233148,1308.687255859375,0.09725356101989746,1308.687255859375
546,17.795000076293945,55.97249984741211,0.6731623198583169,1288.228271484375,0.104991614818573,1288.228271484375
547,17.977500915527344,55.82167053222656,0.6661478409082449,1274.6754150390625,0.08955651521682739,1274.6754150390625
548,17.948333740234375,52.69416427612305,0.629408305245093,1312.2706298828125,0.08729082345962524,1312.2706298828125
549,17.96583366394043,52.61750030517578,0.6553742699781745,1275.043212890625,0.09900569915771484,1275.043212890625
550,17.817501068115234,52.75833511352539,0.6570100115796041,1262.9979248046875,0.0920059084892273,1262.9979248046875
551,17.84000015258789,56.54666519165039,0.6450746048988307,1267.788330078125,0.10821545124053955,1267.788330078125
552,18.094167709350586,54.931663513183594,0.6816364717152795,1274.3704833984375,0.09625470638275146,1274.3704833984375
553,17.545833587646484,54.67333221435547,0.6385246561495345,1252.452880859375,0.1088172197341919,1252.452880859375
554,17.90999984741211,53.53999710083008,0.6563703890581037,1267.5186767578125,0.09034073352813721,1267.5186767578125
555,17.97166633605957,54.20083236694336,0.6972654619757969,1212.185791015625,0.09915667772293091,1212.185791015625
556,17.732500076293945,52.233333587646484,0.654698370927931,1254.1063232421875,0.08714109659194946,1254.1063232421875
557,17.920000076293945,52.5625,0.6637587038242418,1254.0361328125,0.11280733346939087,1254.0361328125
558,17.63083267211914,54.95833206176758,0.6912760761411605,1268.7269287109375,0.08774101734161377,1268.7269287109375
559,17.952499389648438,52.855831146240234,0.658490057339132,1206.706787109375,0.10265946388244629,1206.706787109375
560,18.1875,53.55833053588867,0.6800734126484848,1270.7626953125,0.09682190418243408,1270.7626953125
561,17.866666793823242,56.38416290283203,0.6372926721143025,1238.1241455078125,0.11585050821304321,1238.1241455078125
562,17.795000076293945,52.856666564941406,0.6767342656632642,1274.320556640625,0.10883206129074097,1274.320556640625
563,18.357500076293945,56.336666107177734,0.6554489060500538,1237.78466796875,0.11218923330307007,1237.78466796875
564,17.780000686645508,50.900001525878906,0.6855882744519146,1254.37890625,0.12892872095108032,1254.37890625
565,18.261667251586914,53.40916442871094,0.6657403950920393,1270.5318603515625,0.1067776083946228,1270.5318603515625
566,17.645832061767578,55.05500030517578,0.6590506793431226,1241.5584716796875,0.09098654985427856,1241.5584716796875
567,17.65166664123535,53.47083282470703,0.6648750917563067,1262.0604248046875,0.1020350456237793,1262.0604248046875
568,18.12583351135254,53.203330993652344,0.707751620039257,1258.876953125,0.09606099128723145,1258.876953125
569,17.629165649414062,54.171669006347656,0.6674017972803754,1262.649169921875,0.09493952989578247,1262.649169921875
570,17.525833129882812,50.99916458129883,0.6488429617046492,1214.74658203125,0.12567758560180664,1214.74658203125
571,17.55666732788086,55.32167053222656,0.6776244878097213,1254.63916015625,0.1025349497795105,1254.63916015625
572,17.60333251953125,53.46666717529297,0.6534491804839176,1246.495361328125,0.10034012794494629,1246.495361328125
573,17.49250030517578,53.38249969482422,0.6818833211522013,1251.751953125,0.09607481956481934,1251.751953125
574,17.79833221435547,55.68000030517578,0.7134836624042595,1252.045654296875,0.09564894437789917,1252.045654296875
575,17.780000686645508,51.82499694824219,0.6445183468501714,1245.608642578125,0.10696762800216675,1245.608642578125
576,18.0049991607666,55.15166473388672,0.6637737548584562,1256.25830078125,0.09002083539962769,1256.25830078125
577,17.485000610351562,57.27000427246094,0.6692636188362673,1251.2110595703125,0.11606985330581665,1251.2110595703125
578,17.47833251953125,53.97333526611328,0.6325840062376052,1234.4803466796875,0.11360472440719604,1234.4803466796875
579,17.704999923706055,57.03666687011719,0.6733718880291009,1231.3016357421875,0.10833251476287842,1231.3016357421875
580,17.320833206176758,55.54500198364258,0.6803616094370697,1212.380859375,0.10502177476882935,1212.380859375
581,17.505001068115234,57.940834045410156,0.6381451273105986,1253.212646484375,0.08589327335357666,1253.212646484375
582,17.73000144958496,56.58583068847656,0.6711325584775736,1222.89794921875,0.10637348890304565,1222.89794921875
583,17.74916648864746,53.97249984741211,0.650887334107421,1266.4022216796875,0.10977214574813843,1266.4022216796875
584,17.240833282470703,55.813331604003906,0.6781297696500128,1277.9508056640625,0.0949515700340271,1277.9508056640625
585,17.640832901000977,57.90583419799805,0.6842169185178022,1255.3956298828125,0.0998678207397461,1255.3956298828125
586,17.392499923706055,57.74082946777344,0.642243337817829,1266.7301025390625,0.10430014133453369,1266.7301025390625
587,17.641666412353516,53.122501373291016,0.6618152287453951,1245.5643310546875,0.09594976902008057,1245.5643310546875
588,17.422500610351562,53.29750061035156,0.6644422976893379,1236.6610107421875,0.1052178144454956,1236.6610107421875
589,17.294166564941406,57.904998779296875,0.6529397761658792,1238.851318359375,0.08041596412658691,1238.851318359375
590,17.56999969482422,57.9091682434082,0.6708324734617896,1266.75927734375,0.08925735950469971,1266.75927734375
591,17.648332595825195,54.47666549682617,0.7001891565360598,1260.1121826171875,0.08886843919754028,1260.1121826171875
592,17.446666717529297,54.58833694458008,0.6738519581035207,1235.3260498046875,0.09431910514831543,1235.3260498046875
593,17.169166564941406,59.42333221435547,0.625356486125444,1224.493896484375,0.10975766181945801,1224.493896484375
594,17.421667098999023,54.15083312988281,0.7115028408669617,1247.82275390625,0.08771759271621704,1247.82275390625
595,17.810001373291016,52.65999984741211,0.6950282899736079,1221.476318359375,0.09631514549255371,1221.476318359375
596,17.235000610351562,56.11833190917969,0.6400206943823555,1217.9412841796875,0.09287995100021362,1217.9412841796875
597,17.450000762939453,58.00166702270508,0.6247156924479124,1240.28759765625,0.07761526107788086,1240.28759765625
598,17.17166519165039,54.92499923706055,0.6610575053590707,1228.4454345703125,0.09040886163711548,1228.4454345703125
599,17.2358341217041,52.4566650390625,0.6944996258378655,1201.19482421875,0.08896535634994507,1201.19482421875
600,17.306665420532227,60.345001220703125,0.6559924070171028,1204.1875,0.09587955474853516,1204.1875
601,17.36250114440918,53.000831604003906,0.6371300374797926,1215.7918701171875,0.10101974010467529,1215.7918701171875
602,17.815832138061523,55.980003356933594,0.7056788054249952,1200.656494140625,0.09401184320449829,1200.656494140625
603,17.625,53.56083679199219,0.6528086904667069,1259.3782958984375,0.09667032957077026,1259.3782958984375
604,17.66083335876465,51.77916717529297,0.6968704492826062,1218.46630859375,0.09711050987243652,1218.46630859375
605,17.08333396911621,56.61000061035156,0.6540078606037217,1252.56591796875,0.08918190002441406,1252.56591796875
606,17.73583221435547,51.58666229248047,0.6425956591177178,1240.774169921875,0.101715087890625,1240.774169921875
607,17.433334350585938,55.604164123535156,0.6599676070545261,1206.207275390625,0.10730010271072388,1206.207275390625
608,17.55500030517578,54.17583465576172,0.6486596578285906,1224.2276611328125,0.10601204633712769,1224.2276611328125
609,17.587499618530273,54.78083419799805,0.6792112495270453,1229.1170654296875,0.09623754024505615,1229.1170654296875
610,17.516666412353516,52.939998626708984,0.6606028633839456,1221.2427978515625,0.10612708330154419,1221.2427978515625
611,17.713333129882812,51.125831604003906,0.669801616571932,1248.0831298828125,0.10315883159637451,1248.0831298828125
612,17.675832748413086,55.14167022705078,0.6451409608532801,1201.671142578125,0.10359054803848267,1201.671142578125
613,17.147499084472656,55.893333435058594,0.6638736706742029,1195.541259765625,0.09208118915557861,1195.541259765625
614,17.635000228881836,55.8650016784668,0.6476569368882708,1248.754150390625,0.0891614556312561,1248.754150390625
615,17.40166664123535,54.5525016784668,0.6347092532057212,1204.9569091796875,0.09360063076019287,1204.9569091796875
616,17.419166564941406,54.40083312988281,0.6942935842057933,1197.007568359375,0.1017153263092041,1197.007568359375
617,17.56999969482422,53.193328857421875,0.6757548895486686,1218.9127197265625,0.09601128101348877,1218.9127197265625
618,17.754167556762695,53.88666534423828,0.6664529158646108,1244.342041015625,0.10622304677963257,1244.342041015625
619,17.35416603088379,56.32083511352539,0.6619058002467074,1242.5499267578125,0.0873526930809021,1242.5499267578125
620,17.6200008392334,53.7400016784668,0.6605685510076342,1196.1923828125,0.09066051244735718,1196.1923828125
621,17.289165496826172,54.25917053222656,0.6293066287714265,1218.62158203125,0.08916747570037842,1218.62158203125
622,17.72249984741211,51.81583023071289,0.6803660033803589,1268.1260986328125,0.1119697093963623,1268.1260986328125
623,17.59000015258789,51.96916580200195,0.6883905798041452,1181.1954345703125,0.10205584764480591,1181.1954345703125
624,17.1875,56.044166564941406,0.6525077777903981,1216.773681640625,0.10449749231338501,1216.773681640625
625,17.524166107177734,54.798336029052734,0.6929585892559522,1220.9698486328125,0.10726916790008545,1220.9698486328125
626,17.719165802001953,52.073333740234375,0.6473988110768027,1229.5989990234375,0.11484354734420776,1229.5989990234375
627,17.353334426879883,54.334171295166016,0.6753573391246027,1216.6649169921875,0.08827430009841919,1216.6649169921875
628,17.864166259765625,54.34333038330078,0.6883417392294127,1215.3800048828125,0.11088556051254272,1215.3800048828125
629,17.60333251953125,51.96833801269531,0.6444519319712618,1216.68017578125,0.11184811592102051,1216.68017578125
630,17.675832748413086,54.94083023071289,0.6688032493848302,1207.5750732421875,0.10097599029541016,1207.5750732421875
631,17.797500610351562,51.62916946411133,0.6628010813992739,1219.2828369140625,0.09031671285629272,1219.2828369140625
632,17.78416633605957,56.14833068847656,0.6699182587286296,1218.3253173828125,0.0828058123588562,1218.3253173828125
633,17.650833129882812,53.30500030517578,0.6958396111138045,1201.103271484375,0.0841187834739685,1201.103271484375
634,17.44499969482422,51.28499984741211,0.6768008289203022,1203.9493408203125,0.10598641633987427,1203.9493408203125
635,17.600831985473633,52.70833206176758,0.6633818131173744,1224.0970458984375,0.08785432577133179,1224.0970458984375
636,17.697500228881836,55.13833236694336,0.6634510876293432,1216.452880859375,0.10706305503845215,1216.452880859375
637,17.718332290649414,53.35333251953125,0.6465512216063685,1219.19677734375,0.11686515808105469,1219.19677734375
638,17.98666763305664,53.16666793823242,0.6416429846526293,1233.201171875,0.08947116136550903,1233.201171875
639,17.435832977294922,56.26083755493164,0.6984866346589673,1218.3221435546875,0.09631657600402832,1218.3221435546875
640,17.979167938232422,56.181671142578125,0.6534756669301142,1222.4736328125,0.06620317697525024,1222.4736328125
641,17.849166870117188,55.494163513183594,0.6792854691759296,1237.638427734375,0.07265317440032959,1237.638427734375
642,17.570833206176758,54.06666564941406,0.658277771455458,1197.3951416015625,0.09939265251159668,1197.3951416015625
643,17.926666259765625,52.546669006347656,0.6731286803507979,1214.029052734375,0.11897999048233032,1214.029052734375
644,17.65250015258789,50.99166488647461,0.6591739294174841,1236.0408935546875,0.09169566631317139,1236.0408935546875
645,17.759166717529297,56.265830993652344,0.6295917428780149,1234.8377685546875,0.08696460723876953,1234.8377685546875
646,17.87583351135254,56.35333251953125,0.6490916915345357,1201.4554443359375,0.10295629501342773,1201.4554443359375
647,18.010833740234375,55.059165954589844,0.6863037975141135,1189.0548095703125,0.08393657207489014,1189.0548095703125
648,18.272499084472656,58.1441650390625,0.6615534858191101,1217.8172607421875,0.09148919582366943,1217.8172607421875
649,17.84000015258789,54.105003356933594,0.6954371500948637,1229.2740478515625,0.10070902109146118,1229.2740478515625
650,18.174999237060547,60.39583206176758,0.680662925433068,1238.9423828125,0.08410990238189697,1238.9423828125
651,18.309167861938477,57.198333740234375,0.6579293976033287,1230.513671875,0.10622280836105347,1230.513671875
652,18.770000457763672,57.30249786376953,0.6808554556383224,1198.0936279296875,0.08861702680587769,1198.0936279296875
653,17.92333221435547,54.3558349609375,0.671564460771771,1212.4892578125,0.07768362760543823,1212.4892578125
654,18.008333206176758,53.168331146240234,0.6651280656193557,1173.400634765625,0.12730669975280762,1173.400634765625
655,17.82750129699707,54.83416748046875,0.6873340267689557,1235.972412109375,0.08495128154754639,1235.972412109375
656,18.044166564941406,57.974998474121094,0.6647117585083346,1216.8287353515625,0.08293002843856812,1216.8287353515625
657,18.16583251953125,55.361663818359375,0.6569105715925293,1193.7022705078125,0.1047360897064209,1193.7022705078125
658,17.82750129699707,56.65416717529297,0.6613551729255942,1191.4478759765625,0.10371619462966919,1191.4478759765625
659,17.830833435058594,53.046669006347656,0.6837828886396176,1197.329833984375,0.11071491241455078,1197.329833984375
660,18.15333366394043,54.36499786376953,0.7052327774368852,1186.265380859375,0.09539622068405151,1186.265380859375
661,18.001667022705078,56.52583312988281,0.6858291357778085,1217.672119140625,0.09879839420318604,1217.672119140625
662,18.18833351135254,52.97249984741211,0.7006387488355199,1216.1322021484375,0.11053961515426636,1216.1322021484375
663,17.9325008392334,51.46750259399414,0.7001492120615309,1208.959228515625,0.09512901306152344,1208.959228515625
664,17.680831909179688,57.6150016784668,0.6741588150143999,1199.8704833984375,0.0945582389831543,1199.8704833984375
665,17.601667404174805,56.639163970947266,0.6625044989473861,1183.104248046875,0.08757394552230835,1183.104248046875
666,17.713333129882812,55.82500076293945,0.660971206730527,1201.375732421875,0.08739334344863892,1201.375732421875
667,17.59583282470703,55.826663970947266,0.6991133019792102,1229.270751953125,0.10982394218444824,1229.270751953125
668,17.412500381469727,51.90083312988281,0.6749833123599882,1179.98974609375,0.09051579236984253,1179.98974609375
669,17.50749969482422,53.34749984741211,0.7073997635771266,1187.392822265625,0.09532558917999268,1187.392822265625
670,17.636667251586914,54.741668701171875,0.6568789535464927,1202.6727294921875,0.0977357029914856,1202.6727294921875
671,17.419166564941406,48.627498626708984,0.6488613472266438,1193.02392578125,0.0997132658958435,1193.02392578125
672,17.844167709350586,53.77583312988281,0.6629338326125468,1189.390625,0.09818243980407715,1189.390625
673,17.11833381652832,56.17916488647461,0.657749388669124,1195.52978515625,0.09313815832138062,1195.52978515625
674,17.675832748413086,53.31500244140625,0.7003722178708225,1165.2264404296875,0.09896266460418701,1165.2264404296875
675,17.80500030517578,52.55833435058594,0.6468506977098541,1194.3572998046875,0.09060406684875488,1194.3572998046875
676,17.73666763305664,52.352500915527344,0.6769938600905662,1178.145751953125,0.08744007349014282,1178.145751953125
677,17.74916648864746,56.13416290283203,0.6488348621898173,1198.9002685546875,0.08952820301055908,1198.9002685546875
678,17.585832595825195,57.008331298828125,0.6333865734737841,1173.32421875,0.0800815224647522,1173.32421875
679,17.775001525878906,52.20000076293945,0.6638602526123607,1203.760986328125,0.10932928323745728,1203.760986328125
680,17.669166564941406,55.98833465576172,0.6519417548957428,1158.4029541015625,0.09217643737792969,1158.4029541015625
681,17.582500457763672,51.49250030517578,0.6351880934837412,1199.816162109375,0.10030555725097656,1199.816162109375
682,17.467500686645508,54.584999084472656,0.6682323771006037,1160.0367431640625,0.09925484657287598,1160.0367431640625
683,17.310832977294922,53.62583541870117,0.6991846497470069,1184.478515625,0.1044074296951294,1184.478515625
684,17.933332443237305,49.07583236694336,0.6788297773517895,1169.86083984375,0.11752092838287354,1169.86083984375
685,17.588333129882812,57.938331604003906,0.6512932755329799,1208.767822265625,0.08270388841629028,1208.767822265625
686,17.595001220703125,54.49416732788086,0.6532185674733234,1202.7347412109375,0.11806124448776245,1202.7347412109375
687,17.726667404174805,52.49166488647461,0.7066532482380077,1196.1268310546875,0.11178195476531982,1196.1268310546875
688,17.719165802001953,49.79999923706055,0.6798189551349183,1195.9254150390625,0.12291544675827026,1195.9254150390625
689,17.626667022705078,51.05500030517578,0.6769798518236682,1169.8741455078125,0.08078199625015259,1169.8741455078125
690,17.691667556762695,53.13916778564453,0.6948249917106923,1198.6629638671875,0.09466218948364258,1198.6629638671875
691,17.821666717529297,49.65083312988281,0.677407325411393,1171.813232421875,0.12333685159683228,1171.813232421875
692,17.27750015258789,54.6341667175293,0.701298329783497,1187.8680419921875,0.08392149209976196,1187.8680419921875
693,17.371665954589844,55.43666458129883,0.6863471566211963,1167.6658935546875,0.10428816080093384,1167.6658935546875
694,17.5575008392334,56.70750045776367,0.6782535472258617,1184.227294921875,0.09988135099411011,1184.227294921875
695,17.962499618530273,51.20417022705078,0.6486661205474132,1178.1497802734375,0.09398293495178223,1178.1497802734375
696,17.46000099182129,58.44583511352539,0.6896297685127607,1167.86474609375,0.09471076726913452,1167.86474609375
697,17.195833206176758,53.690834045410156,0.6692430119426791,1200.9981689453125,0.08731013536453247,1200.9981689453125
698,17.645000457763672,51.462501525878906,0.7066147969316408,1176.3831787109375,0.09155088663101196,1176.3831787109375
699,17.8266658782959,52.99166488647461,0.7061110725895184,1187.896484375,0.08313441276550293,1187.896484375
700,17.462499618530273,57.795833587646484,0.6910597025739056,1175.8973388671875,0.0948483943939209,1175.8973388671875
701,17.700000762939453,52.29999923706055,0.6567761665292655,1177.6837158203125,0.08030050992965698,1177.6837158203125
702,17.161666870117188,51.25250244140625,0.6850058611111912,1174.189208984375,0.10420483350753784,1174.189208984375
703,17.72833251953125,51.82333755493164,0.6756634094186972,1188.430419921875,0.08377963304519653,1188.430419921875
704,17.780832290649414,56.287498474121094,0.6421961940101959,1182.63330078125,0.09076714515686035,1182.63330078125
705,17.309165954589844,54.420833587646484,0.7287900900882651,1145.6080322265625,0.11394268274307251,1145.6080322265625
706,17.157499313354492,53.49583435058594,0.6430386215221653,1176.9013671875,0.11551845073699951,1176.9013671875
707,17.316665649414062,54.315834045410156,0.674293540008741,1192.984130859375,0.09408354759216309,1192.984130859375
708,17.520832061767578,53.4283332824707,0.6646014459559754,1152.916015625,0.10349565744400024,1152.916015625
709,17.389999389648438,52.855831146240234,0.6969092169444113,1163.2447509765625,0.08144539594650269,1163.2447509765625
710,17.045000076293945,56.71500015258789,0.6455148781355209,1189.40478515625,0.11143982410430908,1189.40478515625
711,17.440834045410156,52.32833480834961,0.7232452666366697,1177.183349609375,0.10407412052154541,1177.183349609375
712,17.1825008392334,52.97083282470703,0.6797982564383259,1185.9129638671875,0.08046787977218628,1185.9129638671875
713,17.34083366394043,53.227500915527344,0.6656364436569479,1208.1484375,0.09596508741378784,1208.1484375
714,17.354999542236328,58.032501220703125,0.6899914217746868,1186.7142333984375,0.11080330610275269,1186.7142333984375
715,17.442501068115234,50.96416473388672,0.6746469936027135,1182.1375732421875,0.09333807229995728,1182.1375732421875
716,17.320833206176758,53.07583236694336,0.6504559564780813,1155.7086181640625,0.09774196147918701,1155.7086181640625
717,17.53333282470703,55.33583068847656,0.6557508721995627,1156.8973388671875,0.1057286262512207,1156.8973388671875
718,17.289165496826172,55.85667037963867,0.6585899645282562,1184.7640380859375,0.0898321270942688,1184.7640380859375
719,17.122499465942383,52.722503662109375,0.694345951220705,1205.769775390625,0.0972561240196228,1205.769775390625
720,17.399166107177734,48.55916976928711,0.7060189051692061,1159.9066162109375,0.11078274250030518,1159.9066162109375
721,17.483333587646484,56.67250061035156,0.6775226605183186,1193.9193115234375,0.08598345518112183,1193.9193115234375
722,17.329166412353516,53.91666793823242,0.6687874085188985,1164.64697265625,0.1294969916343689,1164.64697265625
723,17.55000114440918,58.2066650390625,0.6819649783837035,1143.6888427734375,0.11542642116546631,1143.6888427734375
724,17.497499465942383,56.891666412353516,0.6604371130530826,1167.7608642578125,0.09342575073242188,1167.7608642578125
725,17.539167404174805,56.412498474121094,0.656515841772713,1140.79833984375,0.11080050468444824,1140.79833984375
726,17.689167022705078,54.171669006347656,0.6876444908342634,1171.8203125,0.09943431615829468,1171.8203125
727,17.43083381652832,57.00749588012695,0.6646317518995766,1206.29638671875,0.09556883573532104,1206.29638671875
728,17.76333236694336,59.668331146240234,0.680775103685108,1178.005859375,0.10427778959274292,1178.005859375
729,17.15333366394043,52.67583084106445,0.6837524094010358,1132.5123291015625,0.1390669345855713,1132.5123291015625
730,17.263334274291992,51.69333267211914,0.6606498228405243,1154.015625,0.13890868425369263,1154.015625
731,17.628332138061523,52.651668548583984,0.713009837193582,1162.6776123046875,0.1126520037651062,1162.6776123046875
732,17.066665649414062,53.58583450317383,0.7204665004838641,1182.302490234375,0.119118332862854,1182.302490234375
733,17.502500534057617,57.878334045410156,0.69164239991381,1189.832763671875,0.09865003824234009,1189.832763671875
734,17.200000762939453,51.223331451416016,0.6672295103031853,1164.9693603515625,0.10763847827911377,1164.9693603515625
735,17.385000228881836,53.375,0.6685973665331799,1210.241943359375,0.10868823528289795,1210.241943359375
736,17.407501220703125,56.60166931152344,0.7007281650957476,1157.793212890625,0.12244108319282532,1157.793212890625
737,17.801666259765625,57.744171142578125,0.7026551815070288,1182.8583984375,0.11516806483268738,1182.8583984375
738,17.678333282470703,54.275001525878906,0.674051507085371,1163.1156005859375,0.1073349118232727,1163.1156005859375
739,17.0483341217041,54.668331146240234,0.6417751152421669,1165.1207275390625,0.11248400807380676,1165.1207275390625
740,17.4325008392334,51.12000274658203,0.7148845558544603,1162.0565185546875,0.09073382616043091,1162.0565185546875
741,17.475000381469727,52.79416275024414,0.7151157480480776,1158.3912353515625,0.12292534112930298,1158.3912353515625
742,17.538333892822266,50.88417053222656,0.7065871125209235,1152.6400146484375,0.11841577291488647,1152.6400146484375
743,17.269166946411133,54.685001373291016,0.6786180020343198,1151.37060546875,0.14652609825134277,1151.37060546875
744,17.633333206176758,52.9275016784668,0.6723533190503559,1178.717529296875,0.13588690757751465,1178.717529296875
745,17.86750030517578,58.13999938964844,0.6586574037915768,1171.3670654296875,0.11626267433166504,1171.3670654296875
746,17.5141658782959,52.90333557128906,0.7215533700555301,1170.6680908203125,0.10887908935546875,1170.6680908203125
747,17.602500915527344,53.74166488647461,0.6703513528899154,1138.6741943359375,0.11846351623535156,1138.6741943359375
748,17.934167861938477,52.584999084472656,0.698554943971234,1187.4764404296875,0.11731988191604614,1187.4764404296875
749,17.51333236694336,55.44916534423828,0.6892650923651881,1185.968017578125,0.12462189793586731,1185.968017578125
750,17.434999465942383,53.595001220703125,0.6666841295635682,1159.5025634765625,0.12261539697647095,1159.5025634765625
751,17.309165954589844,59.62416458129883,0.6606588394790726,1173.7999267578125,0.13075143098831177,1173.7999267578125
752,17.560001373291016,54.80416488647461,0.6540046668746781,1182.2373046875,0.1323333978652954,1182.2373046875
753,17.821666717529297,51.45916748046875,0.6761611169258799,1193.6651611328125,0.12181144952774048,1193.6651611328125
754,17.440834045410156,54.50083541870117,0.6403667848367132,1145.0318603515625,0.14103582501411438,1145.0318603515625
755,17.559165954589844,52.401668548583984,0.6985034274196953,1181.1265869140625,0.13905712962150574,1181.1265869140625
756,17.22166633605957,54.37666702270508,0.6737172672914027,1164.626708984375,0.13672089576721191,1164.626708984375
757,17.690000534057617,54.26166534423828,0.6620822520338414,1160.690185546875,0.1451992392539978,1160.690185546875
758,17.483333587646484,50.69416809082031,0.6546874319762529,1172.6820068359375,0.12368887662887573,1172.6820068359375
759,17.592500686645508,49.8849983215332,0.6533303324145976,1174.598876953125,0.17132684588432312,1174.598876953125
760,17.669166564941406,57.85416793823242,0.6722822672333066,1147.4267578125,0.1041916012763977,1147.4267578125
761,18.094999313354492,56.317501068115234,0.6592667555770679,1146.0128173828125,0.10781210660934448,1146.0128173828125
762,17.82750129699707,52.56083679199219,0.6702428365479065,1182.3482666015625,0.12412148714065552,1182.3482666015625
763,17.680831909179688,53.30500030517578,0.6706869285651123,1168.6654052734375,0.1279405653476715,1168.6654052734375
764,18.004167556762695,54.75749969482422,0.6676063447788096,1188.985595703125,0.14654192328453064,1188.985595703125
765,17.607500076293945,54.080833435058594,0.6770602351940098,1166.1070556640625,0.12956702709197998,1166.1070556640625
766,17.915000915527344,60.643333435058594,0.6834107249102594,1151.6044921875,0.11950880289077759,1151.6044921875
767,17.800832748413086,49.938331604003906,0.6713668821551196,1131.2686767578125,0.17618244886398315,1131.2686767578125
768,17.628332138061523,58.679996490478516,0.6455124443908626,1141.4794921875,0.12775418162345886,1141.4794921875
769,17.57583236694336,54.44750213623047,0.6544391763773849,1157.4881591796875,0.13737952709197998,1157.4881591796875
770,17.917499542236328,53.73500061035156,0.6089502814775791,1200.550048828125,0.1226072609424591,1200.550048828125
771,18.00666618347168,55.45333480834961,0.6515069441813007,1129.686279296875,0.15295922756195068,1129.686279296875
772,17.91583251953125,53.413330078125,0.6473505481378499,1156.8341064453125,0.1499333381652832,1156.8341064453125
773,17.925832748413086,54.78666305541992,0.6608956401330812,1175.1380615234375,0.12059655785560608,1175.1380615234375
774,18.37416648864746,50.47583770751953,0.6796211954915351,1164.8326416015625,0.15009602904319763,1164.8326416015625
775,18.407499313354492,58.0625,0.669247998917102,1153.263916015625,0.12809690833091736,1153.263916015625
776,18.37583351135254,56.790000915527344,0.6249952311330919,1195.71728515625,0.10820624232292175,1195.71728515625
777,18.310832977294922,49.16583251953125,0.6412099031933137,1153.7313232421875,0.14223352074623108,1153.7313232421875
778,18.610000610351562,50.63249969482422,0.6653864528089454,1186.0394287109375,0.1611340045928955,1186.0394287109375
779,18.139999389648438,52.749996185302734,0.64140632107368,1164.4783935546875,0.16168496012687683,1164.4783935546875
780,17.939167022705078,47.35166549682617,0.6419147849644518,1194.69140625,0.16722321510314941,1194.69140625
781,18.325834274291992,56.52499771118164,0.6606514573830895,1159.617919921875,0.13208544254302979,1159.617919921875
782,18.010833740234375,50.5625,0.6433092447707401,1183.0123291015625,0.12650376558303833,1183.0123291015625
783,18.53999900817871,53.204166412353516,0.653287675616039,1191.7728271484375,0.14787644147872925,1191.7728271484375
784,18.412500381469727,57.58000183105469,0.6523323232133014,1126.982421875,0.15315178036689758,1126.982421875
785,18.101667404174805,56.147499084472656,0.6460376743385363,1162.17138671875,0.12639492750167847,1162.17138671875
786,18.045000076293945,46.40833282470703,0.6584343932646808,1175.59716796875,0.18387973308563232,1175.59716796875
787,18.27833366394043,53.163330078125,0.6499442091211532,1180.074462890625,0.14610710740089417,1180.074462890625
788,18.61833381652832,59.401668548583984,0.674078792507714,1187.5201416015625,0.14008304476737976,1187.5201416015625
789,18.565000534057617,57.84083557128906,0.6041086494465844,1177.85888671875,0.16399654746055603,1177.85888671875
790,18.331666946411133,53.11416244506836,0.6589507132621204,1174.32861328125,0.14526039361953735,1174.32861328125
791,18.663333892822266,54.705833435058594,0.6431394619145301,1167.549560546875,0.1361786425113678,1167.549560546875
792,18.33333396911621,54.83916473388672,0.6295660399911945,1147.640869140625,0.1408890187740326,1147.640869140625
793,18.35999870300293,48.287498474121094,0.6302548999549792,1195.9368896484375,0.1568872034549713,1195.9368896484375
794,18.751665115356445,51.356666564941406,0.6366578134578262,1138.124267578125,0.16265857219696045,1138.124267578125
795,18.864166259765625,54.88749694824219,0.6725603522514635,1147.26513671875,0.13764610886573792,1147.26513671875
796,18.524166107177734,52.50499725341797,0.6328137788482693,1183.512451171875,0.13658088445663452,1183.512451171875
797,19.004165649414062,49.686668395996094,0.6434577459508637,1166.5196533203125,0.2053845226764679,1166.5196533203125
798,18.690834045410156,53.65333557128906,0.6572360785996215,1127.0477294921875,0.16861805319786072,1127.0477294921875
799,18.869165420532227,53.86249923706055,0.637922778813897,1177.1494140625,0.1686381697654724,1177.1494140625
800,19.350000381469727,54.30500030517578,0.6306654312161885,1175.466064453125,0.1343654990196228,1175.466064453125
801,19.06833267211914,56.9183349609375,0.604728571282611,1170.0943603515625,0.16102904081344604,1170.0943603515625
802,18.810834884643555,50.37249755859375,0.6645345593556008,1099.2779541015625,0.1521044671535492,1099.2779541015625
803,18.844165802001953,57.067501068115234,0.6424657383667591,1150.13037109375,0.15449491143226624,1150.13037109375
804,18.75749969482422,53.038333892822266,0.6745560768471228,1097.315185546875,0.15595924854278564,1097.315185546875
805,19.211666107177734,57.73500061035156,0.647104367085857,1203.0714111328125,0.173051655292511,1203.0714111328125
806,19.510833740234375,59.79499816894531,0.6035885448560913,1174.2734375,0.18587839603424072,1174.2734375
807,19.212499618530273,54.0283317565918,0.6313726867251689,1165.2969970703125,0.13957372307777405,1165.2969970703125
808,19.153331756591797,51.96333694458008,0.6544854918039229,1133.7696533203125,0.1629410684108734,1133.7696533203125
809,18.945833206176758,55.78667068481445,0.6429963758287837,1108.574951171875,0.15421974658966064,1108.574951171875
810,19.106666564941406,50.54916763305664,0.6144796784145291,1211.77685546875,0.14351209998130798,1211.77685546875
811,19.101667404174805,55.20833206176758,0.6815428676635059,1163.612548828125,0.2025642991065979,1163.612548828125
812,19.386667251586914,54.59250259399414,0.6451930882123742,1153.17919921875,0.1775452196598053,1153.17919921875
813,19.199167251586914,55.09583282470703,0.6346738214133452,1161.95849609375,0.14423376321792603,1161.95849609375
814,19.61750030517578,55.70083236694336,0.6420705309553059,1177.3009033203125,0.1951107382774353,1177.3009033203125
815,19.671667098999023,57.71833038330078,0.6160752128425687,1138.580810546875,0.16576242446899414,1138.580810546875
816,19.7983341217041,58.723331451416016,0.6126492704551395,1194.97314453125,0.16980230808258057,1194.97314453125
817,19.586666107177734,53.59000015258789,0.6059280865590723,1133.740234375,0.15685272216796875,1133.740234375
818,19.546667098999023,52.76333236694336,0.6411272098239367,1154.9373779296875,0.17731663584709167,1154.9373779296875
819,19.143333435058594,52.401668548583984,0.6261862064801497,1172.888427734375,0.14177274703979492,1172.888427734375
820,19.17500114440918,47.65250015258789,0.6373370463717315,1140.9166259765625,0.23322081565856934,1140.9166259765625
821,19.43666648864746,51.51499938964844,0.6281038437302657,1168.4678955078125,0.16623595356941223,1168.4678955078125
822,19.517499923706055,55.35333251953125,0.6150654386276295,1172.81494140625,0.15907487273216248,1172.81494140625
823,19.27166748046875,49.36166763305664,0.6213364348098179,1165.85205078125,0.153694748878479,1165.85205078125
824,19.10333251953125,53.57749938964844,0.6352350915435103,1191.038818359375,0.1705891489982605,1191.038818359375
825,19.479999542236328,53.49500274658203,0.6162500453317327,1172.01025390625,0.16190633177757263,1172.01025390625
826,19.538333892822266,49.564998626708984,0.6480804015268677,1178.414306640625,0.16764003038406372,1178.414306640625
827,20.064167022705078,58.8841667175293,0.6300226097021034,1167.6314697265625,0.15898901224136353,1167.6314697265625
828,19.706666946411133,50.07666778564453,0.673499613997509,1189.2659912109375,0.17935532331466675,1189.2659912109375
829,19.46416664123535,52.58749771118164,0.6131830957245101,1153.6331787109375,0.20400995016098022,1153.6331787109375
830,19.689998626708984,52.80249786376953,0.6051416945197995,1215.825927734375,0.172550231218338,1215.825927734375
831,18.940000534057617,50.49916458129883,0.6230427285682505,1100.934326171875,0.18098798394203186,1100.934326171875
832,19.115833282470703,48.8466682434082,0.6338691874667445,1171.09423828125,0.16501405835151672,1171.09423828125
833,19.435832977294922,52.712501525878906,0.6334243167528545,1164.106201171875,0.1902492344379425,1164.106201171875
834,19.411666870117188,54.61582946777344,0.6266035119373401,1126.27734375,0.1573687195777893,1126.27734375
835,19.476667404174805,49.29833221435547,0.6350689570892633,1144.9097900390625,0.1930685043334961,1144.9097900390625
836,19.594167709350586,51.62583541870117,0.6405952667599132,1180.8177490234375,0.1585528552532196,1180.8177490234375
837,19.654998779296875,53.50499725341797,0.6386013899844267,1134.3583984375,0.2000618875026703,1134.3583984375
838,19.4325008392334,52.82833480834961,0.6661829038836908,1103.629638671875,0.20040157437324524,1103.629638671875
839,19.45916748046875,49.9466667175293,0.6345757628089779,1167.1649169921875,0.1640080213546753,1167.1649169921875
840,19.65833282470703,52.11083221435547,0.6294049646473089,1122.23974609375,0.17311105132102966,1122.23974609375
841,19.50749969482422,51.92583084106445,0.6667839168337567,1112.9163818359375,0.20058059692382812,1112.9163818359375
842,19.71583366394043,49.500831604003906,0.6617116363785569,1198.9039306640625,0.2197570502758026,1198.9039306640625
843,19.791667938232422,56.22833251953125,0.6110667668616703,1154.4486083984375,0.1703125536441803,1154.4486083984375
844,19.231666564941406,45.97333526611328,0.6649136924939577,1184.0931396484375,0.1797812581062317,1184.0931396484375
845,19.365833282470703,48.26416778564453,0.6443008999215226,1177.00537109375,0.18789231777191162,1177.00537109375
846,18.829166412353516,44.74500274658203,0.6573959109214338,1182.552978515625,0.2088509500026703,1182.552978515625
847,19.33416748046875,41.83416748046875,0.657677678461694,1163.7476806640625,0.24685993790626526,1163.7476806640625
848,19.609167098999023,48.02000045776367,0.6520472041363374,1148.84033203125,0.22273677587509155,1148.84033203125
849,19.481666564941406,55.28083419799805,0.6628632510861457,1122.8433837890625,0.19174957275390625,1122.8433837890625
850,19.830833435058594,58.070831298828125,0.5928089124463484,1159.081298828125,0.21380040049552917,1159.081298828125
851,19.702499389648438,60.709999084472656,0.5853706829947264,1128.149169921875,0.16160979866981506,1128.149169921875
852,19.58416748046875,54.52583312988281,0.6281572715451667,1116.7000732421875,0.1959606111049652,1116.7000732421875
853,19.55666732788086,53.47083282470703,0.6140848305799584,1135.7171630859375,0.18386495113372803,1135.7171630859375
854,19.0,55.13916778564453,0.6121245193492255,1158.9259033203125,0.18425562977790833,1158.9259033203125
855,19.16083335876465,49.45333480834961,0.6198359292347857,1152.6405029296875,0.14793503284454346,1152.6405029296875
856,19.524999618530273,48.96833419799805,0.618564628813837,1112.730712890625,0.2074049711227417,1112.730712890625
857,19.370832443237305,52.27582931518555,0.6253520552525313,1191.186279296875,0.17879483103752136,1191.186279296875
858,19.425832748413086,51.00250244140625,0.6559635803153059,1113.8870849609375,0.16791579127311707,1113.8870849609375
859,19.97083282470703,50.67250061035156,0.6442039479231935,1152.3004150390625,0.166229248046875,1152.3004150390625
860,19.683332443237305,51.709999084472656,0.6578374360595164,1129.8123779296875,0.18237608671188354,1129.8123779296875
861,20.16666603088379,55.25083541870117,0.6289584149796812,1200.6920166015625,0.1703762710094452,1200.6920166015625
862,19.80583381652832,53.01250076293945,0.6295641634772482,1138.4063720703125,0.16224786639213562,1138.4063720703125
863,19.108333587646484,48.65250015258789,0.6296385734982786,1121.428466796875,0.1867346465587616,1121.428466796875
864,19.463333129882812,49.63750076293945,0.6299207514203244,1168.3250732421875,0.17501333355903625,1168.3250732421875
865,19.363332748413086,48.02083206176758,0.6252714580485584,1127.46142578125,0.1947213113307953,1127.46142578125
866,19.4375,47.83833312988281,0.6166039724822946,1167.015869140625,0.17505192756652832,1167.015869140625
867,19.47166633605957,51.63333511352539,0.6064219471508704,1115.898193359375,0.174788236618042,1115.898193359375
868,19.674999237060547,53.151668548583984,0.5675532106348553,1190.9998779296875,0.1731913983821869,1190.9998779296875
869,19.105833053588867,43.663330078125,0.6545814995098655,1133.240234375,0.22432589530944824,1133.240234375
870,19.801668167114258,52.43083190917969,0.6372147854420965,1136.5390625,0.17232877016067505,1136.5390625
871,19.685832977294922,54.619171142578125,0.6249191585797115,1136.078369140625,0.19096782803535461,1136.078369140625
872,19.454166412353516,53.81749725341797,0.6576128985743267,1141.8619384765625,0.16437005996704102,1141.8619384765625
873,19.08500099182129,48.91499710083008,0.6180597684122073,1158.4642333984375,0.17919224500656128,1158.4642333984375
874,19.09666633605957,44.24749755859375,0.6473297905083162,1176.304931640625,0.20491069555282593,1176.304931640625
875,19.37583351135254,47.496665954589844,0.6116578599487894,1184.010009765625,0.18082937598228455,1184.010009765625
876,19.15250015258789,42.79916763305664,0.6526357452696492,1153.4927978515625,0.19031304121017456,1153.4927978515625
877,19.128332138061523,39.99333190917969,0.670330122649989,1158.6876220703125,0.2675222158432007,1158.6876220703125
878,19.06833267211914,47.54666519165039,0.6419632154064893,1111.0733642578125,0.21164783835411072,1111.0733642578125
879,19.620832443237305,53.87833023071289,0.6254204903462408,1071.0426025390625,0.1800636351108551,1071.0426025390625
880,19.373332977294922,47.1783332824707,0.6219062414485096,1189.8662109375,0.18957945704460144,1189.8662109375
881,19.135833740234375,45.5625,0.6443915925547726,1163.1661376953125,0.18854540586471558,1163.1661376953125
882,19.1825008392334,47.0724983215332,0.659100589333856,1130.2545166015625,0.21359124779701233,1130.2545166015625
883,19.343332290649414,49.354164123535156,0.6486004903687547,1113.54052734375,0.19388893246650696,1113.54052734375
884,19.070833206176758,42.82500076293945,0.6309997824502067,1105.89892578125,0.2297724485397339,1105.89892578125
885,19.133333206176758,48.78750228881836,0.6416354700432847,1133.003662109375,0.18533706665039062,1133.003662109375
886,19.137500762939453,46.59000015258789,0.6200365263756961,1164.0081787109375,0.18241596221923828,1164.0081787109375
887,19.384166717529297,53.36333465576172,0.6570871885477254,1124.0726318359375,0.16846108436584473,1124.0726318359375
888,18.974166870117188,50.63999938964844,0.6054997291046408,1133.922119140625,0.21792954206466675,1133.922119140625
889,19.105833053588867,47.56166458129883,0.6548351436027579,1108.626953125,0.15784776210784912,1108.626953125
890,19.023332595825195,44.61750030517578,0.6001518234161449,1155.756103515625,0.23102283477783203,1155.756103515625
891,19.105833053588867,47.645835876464844,0.6387947645038343,1138.769775390625,0.18070480227470398,1138.769775390625
892,18.899166107177734,41.84666442871094,0.6441569345849327,1180.267333984375,0.21654587984085083,1180.267333984375
893,19.454166412353516,50.73917007446289,0.6105604059532351,1154.519775390625,0.16727417707443237,1154.519775390625
894,19.015832901000977,42.65333557128906,0.6531196562761026,1173.371337890625,0.1906050145626068,1173.371337890625
895,19.400833129882812,52.77916717529297,0.6798758570051412,1167.505615234375,0.18307757377624512,1167.505615234375
896,19.54916763305664,51.25166702270508,0.6363025305335208,1147.7900390625,0.21418079733848572,1147.7900390625
897,19.510000228881836,46.064998626708984,0.6509541320559603,1118.011474609375,0.17804455757141113,1118.011474609375
898,19.297500610351562,47.51250076293945,0.6162423183463835,1178.446533203125,0.19238552451133728,1178.446533203125
899,19.5625,50.38999938964844,0.6495912760292072,1175.567626953125,0.18023338913917542,1175.567626953125
900,18.92500114440918,47.81833267211914,0.6275984106361434,1123.2359619140625,0.17590546607971191,1123.2359619140625
901,19.523332595825195,54.40333557128906,0.6240797467204353,1178.3858642578125,0.17925822734832764,1178.3858642578125
902,18.986665725708008,41.522499084472656,0.6670160118061335,1182.478515625,0.2168000340461731,1182.478515625
903,19.881668090820312,52.067501068115234,0.623523790114001,1171.1031494140625,0.18976205587387085,1171.1031494140625
904,19.352500915527344,50.49916458129883,0.6400124588728433,1120.418701171875,0.18958505988121033,1120.418701171875
905,19.25583267211914,50.8800048828125,0.6608525202291561,1103.5269775390625,0.18945124745368958,1103.5269775390625
906,19.290000915527344,48.714168548583984,0.6705691905214397,1119.733154296875,0.15654605627059937,1119.733154296875
907,18.940834045410156,47.522499084472656,0.6801233322370711,1126.1583251953125,0.1674642562866211,1126.1583251953125
908,19.79749870300293,55.639163970947266,0.6611667954592275,1144.9459228515625,0.1467784345149994,1144.9459228515625
909,19.179166793823242,44.323333740234375,0.6771108898036629,1186.9937744140625,0.15623518824577332,1186.9937744140625
910,19.56166648864746,56.272499084472656,0.61760834653057,1158.5062255859375,0.1728445589542389,1158.5062255859375
911,19.55666732788086,52.782501220703125,0.6528393790570178,1161.1099853515625,0.1633862853050232,1161.1099853515625
912,18.927499771118164,43.364166259765625,0.6812660751621301,1184.4659423828125,0.20352688431739807,1184.4659423828125
913,18.841665267944336,44.080833435058594,0.6540433538490034,1167.916748046875,0.20178934931755066,1167.916748046875
914,19.114166259765625,46.02499771118164,0.6392872771003919,1160.4090576171875,0.17148727178573608,1160.4090576171875
915,18.77666664123535,39.962501525878906,0.6715947608672559,1155.1717529296875,0.23669764399528503,1155.1717529296875
916,18.66666603088379,39.5,0.6666924924363111,1134.8157958984375,0.21586203575134277,1134.8157958984375
917,18.420000076293945,39.06916809082031,0.620112958099775,1172.701171875,0.2361612617969513,1172.701171875
918,18.459999084472656,43.0191650390625,0.654583736759258,1123.221923828125,0.21193501353263855,1123.221923828125
919,18.420000076293945,45.92250061035156,0.6844899079144005,1172.537353515625,0.1939440667629242,1172.537353515625
920,19.060832977294922,53.33916473388672,0.6377159581189333,1144.7757568359375,0.1948896050453186,1144.7757568359375
921,19.259166717529297,52.76499938964844,0.6260344912558508,1147.0345458984375,0.1387271285057068,1147.0345458984375
922,19.144166946411133,54.64583206176758,0.6454927340571037,1100.185546875,0.1930539906024933,1100.185546875
923,19.036666870117188,48.29083251953125,0.6704266502627187,1182.05859375,0.17684614658355713,1182.05859375
924,19.064167022705078,50.47583770751953,0.6569315784877282,1202.85986328125,0.20066463947296143,1202.85986328125
925,18.864166259765625,47.84333419799805,0.6571393602098994,1153.42041015625,0.172853022813797,1153.42041015625
926,18.913333892822266,43.58833312988281,0.6683909666441532,1160.8626708984375,0.17936351895332336,1160.8626708984375
927,18.963333129882812,50.18000030517578,0.6662099338364033,1142.4793701171875,0.18435567617416382,1142.4793701171875
928,19.06916618347168,47.30249786376953,0.6758787090527745,1150.421875,0.1810866892337799,1150.421875
929,19.02750015258789,47.07083511352539,0.6870452835386165,1185.6204833984375,0.18966540694236755,1185.6204833984375
930,19.380001068115234,48.72333526611328,0.63234571224954,1154.118896484375,0.16558626294136047,1154.118896484375
931,19.03416633605957,48.88750076293945,0.6285395679792107,1161.744140625,0.18164849281311035,1161.744140625
932,18.774166107177734,45.00666427612305,0.7003421746050773,1163.1038818359375,0.19640207290649414,1163.1038818359375
933,19.266666412353516,49.5283317565918,0.6643839045001719,1134.90478515625,0.1464954912662506,1134.90478515625
934,19.14750099182129,49.46416473388672,0.6575065387524809,1104.987548828125,0.19506075978279114,1104.987548828125
935,19.021665573120117,45.35333251953125,0.6236474161934216,1176.3021240234375,0.17212983965873718,1176.3021240234375
936,19.171667098999023,49.956668853759766,0.6661416161443284,1106.6630859375,0.1530878245830536,1106.6630859375
937,18.767499923706055,43.514163970947266,0.6786290879082799,1147.3189697265625,0.1730806827545166,1147.3189697265625
938,18.877500534057617,48.06666564941406,0.6423613126193124,1138.8197021484375,0.1788075566291809,1138.8197021484375
939,19.06916618347168,49.926666259765625,0.6313381400636872,1152.991943359375,0.16776371002197266,1152.991943359375
940,18.899999618530273,47.551666259765625,0.6911741891499652,1124.597412109375,0.20081987977027893,1124.597412109375
941,19.081666946411133,49.70499801635742,0.6747733263899317,1122.57373046875,0.1721448004245758,1122.57373046875
942,19.479999542236328,51.73749923706055,0.6690906477618506,1187.1275634765625,0.16914543509483337,1187.1275634765625
943,19.15166664123535,50.10832977294922,0.6724335140947983,1130.3472900390625,0.1739870011806488,1130.3472900390625
944,18.770000457763672,48.53499984741211,0.6641363972545862,1141.73291015625,0.16123732924461365,1141.73291015625
945,19.330833435058594,52.48249816894531,0.674434349418071,1168.621826171875,0.18760421872138977,1168.621826171875
946,18.6875,47.967498779296875,0.6516309456763674,1163.6141357421875,0.18167585134506226,1163.6141357421875
947,18.07499885559082,36.68833541870117,0.6559089765195038,1179.2039794921875,0.25407326221466064,1179.2039794921875
948,18.955833435058594,50.6591682434082,0.663143670919861,1180.251708984375,0.17087092995643616,1180.251708984375
949,18.4233341217041,42.01333236694336,0.7015217692526188,1113.545654296875,0.21397626399993896,1113.545654296875
950,18.946666717529297,48.160831451416016,0.66938452383567,1178.5076904296875,0.1709887683391571,1178.5076904296875
951,19.047500610351562,51.019168853759766,0.6813185359790161,1134.2615966796875,0.15570881962776184,1134.2615966796875
952,18.581666946411133,43.03499984741211,0.6774896474161054,1176.4781494140625,0.2214081883430481,1176.4781494140625
953,19.04166603088379,49.22083282470703,0.6485175202741214,1120.3665771484375,0.20652523636817932,1120.3665771484375
954,18.928333282470703,49.37666702270508,0.6351988479354587,1156.4232177734375,0.1914742887020111,1156.4232177734375
955,19.297500610351562,49.88083267211914,0.6731478313064041,1170.454345703125,0.19188624620437622,1170.454345703125
956,19.231666564941406,52.31583023071289,0.6359017614902676,1199.8868408203125,0.14512094855308533,1199.8868408203125
957,19.02833366394043,49.901668548583984,0.6774008296986238,1125.6617431640625,0.18839192390441895,1125.6617431640625
958,18.83916664123535,47.358333587646484,0.6773681425895874,1145.5828857421875,0.18872827291488647,1145.5828857421875
959,18.829166412353516,47.30500030517578,0.6934561738460393,1131.68994140625,0.19742316007614136,1131.68994140625
960,19.604167938232422,52.06166458129883,0.6284399010045161,1179.4886474609375,0.16940802335739136,1179.4886474609375
961,18.981666564941406,46.71916580200195,0.6771255387171528,1161.52294921875,0.18802130222320557,1161.52294921875
962,19.675832748413086,55.78667068481445,0.6463083619087462,1106.1092529296875,0.21007445454597473,1106.1092529296875
963,18.719999313354492,43.69333267211914,0.6525338290208941,1207.7213134765625,0.1730060875415802,1207.7213134765625
964,19.564167022705078,52.58250427246094,0.6788925919057367,1127.3111572265625,0.19035378098487854,1127.3111572265625
965,19.36250114440918,48.682498931884766,0.6490438922863713,1147.84033203125,0.1645883023738861,1147.84033203125
966,19.52750015258789,50.80500411987305,0.6646693297021855,1150.233154296875,0.1873297095298767,1150.233154296875
967,18.865833282470703,43.592498779296875,0.6923818939490832,1143.99267578125,0.21349427103996277,1143.99267578125
968,18.745834350585938,41.912498474121094,0.6735906968801391,1183.8316650390625,0.23919519782066345,1183.8316650390625
969,19.355833053588867,52.39833450317383,0.6527877586007605,1135.5262451171875,0.16367483139038086,1135.5262451171875
970,19.4950008392334,49.8650016784668,0.6515283779748384,1133.2327880859375,0.19441574811935425,1133.2327880859375
971,18.996665954589844,45.96666717529297,0.6865726567199605,1194.48681640625,0.20024195313453674,1194.48681640625
972,19.390832901000977,48.38666534423828,0.6725730917489194,1128.1971435546875,0.18301647901535034,1128.1971435546875
973,19.09000015258789,49.03999710083008,0.6640652793331966,1185.2528076171875,0.17612123489379883,1185.2528076171875
974,19.41583251953125,52.619163513183594,0.651222013801514,1131.2581787109375,0.20062971115112305,1131.2581787109375
975,18.469999313354492,44.33250045776367,0.6681799157545757,1159.4459228515625,0.20588621497154236,1159.4459228515625
976,18.623332977294922,43.39750289916992,0.6865853103908321,1138.0152587890625,0.17184388637542725,1138.0152587890625
977,18.71416664123535,45.474998474121094,0.6515593624809815,1170.30712890625,0.22296732664108276,1170.30712890625
978,19.93000030517578,59.37583541870117,0.6238356725755169,1172.5386962890625,0.14692196249961853,1172.5386962890625
979,19.086666107177734,47.170833587646484,0.6613695111725815,1146.7701416015625,0.15187925100326538,1146.7701416015625
980,18.744165420532227,43.4908332824707,0.6949113762683239,1150.74853515625,0.20601558685302734,1150.74853515625
981,18.859167098999023,43.44499969482422,0.6763937246126468,1174.0150146484375,0.2107958197593689,1174.0150146484375
982,18.713333129882812,44.05500030517578,0.668610588208482,1180.294921875,0.21323218941688538,1180.294921875
983,18.83916664123535,50.040836334228516,0.68100039357513,1136.482421875,0.19147613644599915,1136.482421875
984,19.05000114440918,48.18916702270508,0.6721621312740642,1128.0205078125,0.18717986345291138,1128.0205078125
985,19.41583251953125,50.94916915893555,0.6759846496846341,1087.40771484375,0.14356130361557007,1087.40771484375
986,19.038333892822266,46.266666412353516,0.6677430008213194,1129.383056640625,0.22647157311439514,1129.383056640625
987,18.8174991607666,47.434165954589844,0.6797424699293826,1124.0426025390625,0.22003424167633057,1124.0426025390625
988,19.349166870117188,52.355831146240234,0.6336511631968541,1170.5811767578125,0.20537978410720825,1170.5811767578125
989,19.030834197998047,48.614166259765625,0.6578934939155618,1114.449462890625,0.15525269508361816,1114.449462890625
990,18.911666870117188,45.53666687011719,0.6897843647843518,1107.2254638671875,0.14549410343170166,1107.2254638671875
991,19.080833435058594,45.97333526611328,0.6674662961602582,1183.3641357421875,0.15986251831054688,1183.3641357421875
992,19.44416618347168,46.78916549682617,0.6583575784056044,1174.192138671875,0.1846347451210022,1174.192138671875
993,19.238332748413086,47.064998626708984,0.7038677026872079,1159.37939453125,0.1726752519607544,1159.37939453125
994,19.234167098999023,49.79249954223633,0.6552454643776302,1149.7664794921875,0.1706322729587555,1149.7664794921875
995,19.25666618347168,46.296669006347656,0.6641126386464393,1126.4267578125,0.18010598421096802,1126.4267578125
996,19.525833129882812,57.244163513183594,0.6513388353701554,1120.55810546875,0.16221049427986145,1120.55810546875
997,19.670833587646484,49.69499969482422,0.609840203936334,1140.2398681640625,0.1557793915271759,1140.2398681640625
998,18.84083366394043,45.43583297729492,0.7011852786107654,1154.3289794921875,0.18811991810798645,1154.3289794921875
999,19.106666564941406,45.345001220703125,0.6767436404891533,1108.833740234375,0.1771692931652069,1108.833740234375
1000,18.838333129882812,42.13083267211914,0.6758675187503589,1128.4461669921875,0.22451114654541016,1128.4461669921875
1001,19.496667861938477,51.91083526611328,0.6600404209690175,1112.0157470703125,0.17580831050872803,1112.0157470703125
1002,18.741666793823242,44.26000213623047,0.6641581976635736,1175.861083984375,0.15436884760856628,1175.861083984375
1003,18.80500030517578,48.919166564941406,0.6330882389529144,1111.107666015625,0.17597177624702454,1111.107666015625
1004,18.774166107177734,43.52333068847656,0.6844522360477705,1149.669677734375,0.21057167649269104,1149.669677734375
1005,18.885833740234375,45.78999710083008,0.6572473604719935,1191.35107421875,0.15030276775360107,1191.35107421875
1006,19.011667251586914,49.30083465576172,0.6427711831116274,1091.09716796875,0.16209068894386292,1091.09716796875
1007,18.56333351135254,47.03416442871094,0.6798975602190814,1152.685546875,0.1905542016029358,1152.685546875
1008,18.90250015258789,47.47083282470703,0.664965067298942,1137.337646484375,0.1901472806930542,1137.337646484375
1009,18.425832748413086,44.06416702270508,0.6521319237420569,1121.7037353515625,0.23125797510147095,1121.7037353515625
1010,18.510833740234375,40.996665954589844,0.6949610417546424,1174.131591796875,0.17401403188705444,1174.131591796875
1011,18.59000015258789,42.80500030517578,0.6924509361639104,1149.4310302734375,0.21939224004745483,1149.4310302734375
1012,19.286666870117188,52.62166976928711,0.666140094310905,1124.9483642578125,0.15330356359481812,1124.9483642578125
1013,18.611665725708008,45.5625,0.672692623401113,1097.9544677734375,0.1661032736301422,1097.9544677734375
1014,18.514999389648438,43.13333511352539,0.6875290033697966,1176.9287109375,0.20706051588058472,1176.9287109375
1015,18.50666618347168,48.42499923706055,0.6723954729584942,1096.6671142578125,0.18710419535636902,1096.6671142578125
1016,19.113332748413086,54.275001525878906,0.6824531892049185,1100.899169921875,0.15749657154083252,1100.899169921875
1017,18.645000457763672,49.18333435058594,0.6835731595219993,1065.1241455078125,0.16919824481010437,1065.1241455078125
1018,18.672500610351562,43.831668853759766,0.7147107594913907,1135.059814453125,0.20221152901649475,1135.059814453125
1019,18.976665496826172,48.8408317565918,0.6740810086426015,1128.132568359375,0.127589613199234,1128.132568359375
1020,19.09083366394043,48.44916915893555,0.6840900445480482,1153.2396240234375,0.1854514479637146,1153.2396240234375
1021,18.862499237060547,49.90916442871094,0.685847600673059,1095.1273193359375,0.16321244835853577,1095.1273193359375
1022,18.58916664123535,46.081668853759766,0.7027215911437146,1102.0714111328125,0.160558819770813,1102.0714111328125
1023,18.709999084472656,46.41999816894531,0.6990809330869391,1087.379638671875,0.17964908480644226,1087.379638671875
1024,18.538333892822266,47.19416809082031,0.6805555575368537,1153.73046875,0.1688595712184906,1153.73046875
1025,18.625,48.90166473388672,0.6656869816412282,1158.1756591796875,0.18900272250175476,1158.1756591796875
1026,18.888334274291992,48.36333465576172,0.6759137530328386,1132.4989013671875,0.15221425890922546,1132.4989013671875
1027,18.65999984741211,46.70166778564453,0.6963289804018106,1165.6812744140625,0.1930537223815918,1165.6812744140625
1028,19.174165725708008,57.96416473388672,0.6447441436985314,1083.2716064453125,0.1474972367286682,1083.2716064453125
1029,19.094165802001953,52.59083557128906,0.6314858718717558,1170.53955078125,0.1303730010986328,1170.53955078125
1030,18.491666793823242,46.67916488647461,0.6424612333711432,1090.2822265625,0.17398005723953247,1090.2822265625
1031,18.953332901000977,45.76750183105469,0.6880965859727759,1182.20361328125,0.16852623224258423,1182.20361328125
1032,18.50666618347168,44.16666793823242,0.6730914268030208,1181.212646484375,0.19265472888946533,1181.212646484375
1033,19.078332901000977,48.24250030517578,0.609729572514982,1160.5509033203125,0.14757323265075684,1160.5509033203125
1034,19.418333053588867,51.69416809082031,0.6550807399584206,1154.468505859375,0.14850878715515137,1154.468505859375
1035,18.414167404174805,42.98833465576172,0.6849752765347186,1145.6510009765625,0.17691448330879211,1145.6510009765625
1036,18.191667556762695,39.66416549682617,0.6312986967111945,1182.9498291015625,0.20986661314964294,1182.9498291015625
1037,19.02833366394043,51.271663665771484,0.6482388835698167,1158.422607421875,0.13096463680267334,1158.422607421875
1038,18.4375,43.532501220703125,0.6523955893730315,1205.9053955078125,0.19286727905273438,1205.9053955078125
1039,18.763334274291992,48.8316650390625,0.6558889553973279,1147.3509521484375,0.14255470037460327,1147.3509521484375
1040,19.086666107177734,51.768333435058594,0.6414623611650924,1156.9671630859375,0.1921977400779724,1156.9671630859375
1041,18.491666793823242,44.62249755859375,0.6512771521856877,1183.25927734375,0.21422666311264038,1183.25927734375
1042,18.258333206176758,42.56916809082031,0.6843950098290283,1173.0904541015625,0.17544367909431458,1173.0904541015625
1043,19.008333206176758,46.73583221435547,0.6360726607779281,1147.6007080078125,0.19909405708312988,1147.6007080078125
1044,18.122499465942383,41.045833587646484,0.6716642129780146,1138.42333984375,0.17415666580200195,1138.42333984375
1045,18.646665573120117,43.83416748046875,0.6631320412029365,1168.82421875,0.18092122673988342,1168.82421875
1046,18.856666564941406,42.07833480834961,0.6782985185624675,1148.400390625,0.22376179695129395,1148.400390625
1047,18.73416519165039,45.29249954223633,0.6703954726566304,1096.0057373046875,0.16986143589019775,1096.0057373046875
1048,18.194168090820312,39.81083297729492,0.6270174599464912,1151.7828369140625,0.20363849401474,1151.7828369140625
1049,18.65999984741211,46.334999084472656,0.6486789090171813,1189.3778076171875,0.12951034307479858,1189.3778076171875
1050,18.35249900817871,43.176666259765625,0.6314031796972432,1127.3636474609375,0.1378265619277954,1127.3636474609375
1051,18.058332443237305,40.61333084106445,0.6866401513969173,1151.052978515625,0.21304962038993835,1151.052978515625
1052,18.646665573120117,46.35499954223633,0.6504447653845042,1126.6097412109375,0.2031119465827942,1126.6097412109375
1053,18.316667556762695,42.7933349609375,0.6484365634825092,1119.5831298828125,0.21481522917747498,1119.5831298828125
1054,18.230833053588867,40.65083312988281,0.6659426164863073,1144.9952392578125,0.19605717062950134,1144.9952392578125
1055,19.06999969482422,51.79999923706055,0.6488068624551602,1101.0909423828125,0.13753432035446167,1101.0909423828125
1056,18.75666618347168,46.600833892822266,0.665837581828546,1131.9141845703125,0.17924070358276367,1131.9141845703125
1057,18.22333335876465,43.44333267211914,0.6534125583252424,1159.1058349609375,0.19083914160728455,1159.1058349609375
1058,18.316667556762695,41.74583435058594,0.6827742358833546,1097.071533203125,0.18156462907791138,1097.071533203125
1059,18.623332977294922,45.86750030517578,0.6633820569630086,1127.9775390625,0.16261762380599976,1127.9775390625
1060,18.7933349609375,49.84416580200195,0.6750720369252445,1157.1883544921875,0.160090833902359,1157.1883544921875
1061,18.073333740234375,41.14083480834961,0.6529696000441778,1103.3072509765625,0.16546934843063354,1103.3072509765625
1062,18.614999771118164,46.434165954589844,0.6288921736443005,1124.3271484375,0.11723977327346802,1124.3271484375
1063,18.5766658782959,44.79083251953125,0.6937012810021745,1170.3248291015625,0.143192321062088,1170.3248291015625
1064,18.373332977294922,43.49916458129883,0.6799426745983512,1133.9771728515625,0.16550728678703308,1133.9771728515625
1065,18.917499542236328,51.25666809082031,0.6291902951609409,1129.4510498046875,0.16692280769348145,1129.4510498046875
1066,18.295833587646484,40.994998931884766,0.6709276243140407,1168.2357177734375,0.19653409719467163,1168.2357177734375
1067,18.44333267211914,44.31999969482422,0.6636544062876741,1114.234375,0.17433613538742065,1114.234375
1068,18.43833351135254,46.10499954223633,0.6869014686960286,1074.6807861328125,0.14569681882858276,1074.6807861328125
1069,18.337499618530273,43.86166763305664,0.6722736051716985,1160.86767578125,0.22174757719039917,1160.86767578125
1070,18.681665420532227,42.65999984741211,0.6622013117695352,1174.376708984375,0.17330121994018555,1174.376708984375
1071,18.09666633605957,43.893333435058594,0.6746928361742686,1124.3123779296875,0.14905548095703125,1124.3123779296875
1072,18.260833740234375,44.99166488647461,0.6660271554692383,1134.3326416015625,0.1917155385017395,1134.3326416015625
1073,18.622499465942383,45.70166778564453,0.6819989807074525,1141.1617431640625,0.15763577818870544,1141.1617431640625
1074,18.670833587646484,46.1783332824707,0.679414028090388,1118.427978515625,0.17207223176956177,1118.427978515625
1075,18.446666717529297,46.11333465576172,0.6719404863168092,1174.2236328125,0.15698346495628357,1174.2236328125
1076,18.779165267944336,49.424163818359375,0.645568057204639,1129.63623046875,0.15539854764938354,1129.63623046875
1077,18.315834045410156,43.505001068115234,0.6664228969400809,1149.688720703125,0.20615893602371216,1149.688720703125
1078,18.79666519165039,47.21916580200195,0.6760323617280883,1130.765380859375,0.165359765291214,1130.765380859375
1079,18.293333053588867,44.348331451416016,0.6984227798983801,1126.675537109375,0.16726532578468323,1126.675537109375
1080,18.637500762939453,47.84916687011719,0.6579381323700034,1103.57861328125,0.12935781478881836,1103.57861328125
1081,18.53499984741211,47.171669006347656,0.6586887523976126,1155.9390869140625,0.15404006838798523,1155.9390869140625
1082,17.850000381469727,41.80583190917969,0.6575756225823876,1142.1380615234375,0.16133961081504822,1142.1380615234375
1083,18.542499542236328,47.83333206176758,0.673830667086035,1126.29345703125,0.1576504111289978,1126.29345703125
1084,18.008333206176758,45.6591682434082,0.6500847495540275,1101.0728759765625,0.18282732367515564,1101.0728759765625
1085,18.494998931884766,52.510833740234375,0.6320175758367512,1119.5501708984375,0.15014687180519104,1119.5501708984375
1086,18.614999771118164,52.179996490478516,0.6587784340989885,1145.78515625,0.13857510685920715,1145.78515625
1087,18.16083335876465,43.6349983215332,0.6570884295628889,1118.4373779296875,0.1914919912815094,1118.4373779296875
1088,18.586666107177734,48.7591667175293,0.6793754204022358,1099.6448974609375,0.12324562668800354,1099.6448974609375
1089,18.804166793823242,48.35749816894531,0.6278407289068156,1187.2420654296875,0.1362733244895935,1187.2420654296875
1090,19.20250129699707,57.92250061035156,0.6080567406736616,1156.731201171875,0.142063707113266,1156.731201171875
1091,18.685832977294922,49.10750198364258,0.6705334426133835,1141.858154296875,0.14904150366783142,1141.858154296875
1092,19.24416732788086,54.205833435058594,0.6445002457122877,1121.7886962890625,0.127788245677948,1121.7886962890625
1093,18.766666412353516,49.39666748046875,0.6358457494992933,1141.671875,0.1385301649570465,1141.671875
1094,18.363332748413086,47.65666580200195,0.6637495543044891,1123.5677490234375,0.14111647009849548,1123.5677490234375
1095,18.518333435058594,46.13249969482422,0.6824304514710282,1140.7161865234375,0.18784457445144653,1140.7161865234375
1096,18.385833740234375,44.24833297729492,0.7015747777266861,1123.1114501953125,0.22060376405715942,1123.1114501953125
1097,18.3125,44.88666534423828,0.6968770783090761,1120.0955810546875,0.15305104851722717,1120.0955810546875
1098,19.081666946411133,51.019168853759766,0.655849443156845,1157.19970703125,0.13479083776474,1157.19970703125
1099,18.523334503173828,47.24416732788086,0.672129608000366,1127.0340576171875,0.1673102080821991,1127.0340576171875
1100,18.85416603088379,49.16666793823242,0.6553594769044673,1170.1915283203125,0.1273597776889801,1170.1915283203125
1101,18.33916664123535,44.57500076293945,0.6946693601069625,1108.0025634765625,0.13668298721313477,1108.0025634765625
1102,18.3125,44.450836181640625,0.6770060654573293,1144.0693359375,0.12516844272613525,1144.0693359375
1103,19.128332138061523,50.93583297729492,0.6000596544020091,1157.8399658203125,0.1200205385684967,1157.8399658203125
1104,18.639999389648438,47.59583282470703,0.7145526390324288,1108.63623046875,0.11616697907447815,1108.63623046875
1105,18.16083335876465,44.356666564941406,0.6856298453168749,1084.1004638671875,0.14966827630996704,1084.1004638671875
1106,18.745834350585938,50.244163513183594,0.6998867133353536,1098.189453125,0.1086415946483612,1098.189453125
1107,18.5,46.331668853759766,0.6481721273341721,1139.78466796875,0.1729339063167572,1139.78466796875
1108,18.90333366394043,50.98749923706055,0.6705209518685552,1098.9031982421875,0.13492506742477417,1098.9031982421875
1109,18.43166732788086,46.15250015258789,0.6890833609553542,1083.556396484375,0.14482462406158447,1083.556396484375
1110,18.8174991607666,45.817501068115234,0.6591707593871955,1113.1805419921875,0.1347891092300415,1113.1805419921875
1111,18.643333435058594,43.831668853759766,0.6751176353327899,1145.0054931640625,0.18057101964950562,1145.0054931640625
1112,18.61833381652832,47.90500259399414,0.673470459847791,1094.529541015625,0.13775905966758728,1094.529541015625
1113,18.427499771118164,47.35499954223633,0.6691509464740059,1098.6044921875,0.15532150864601135,1098.6044921875
1114,18.822500228881836,46.59250259399414,0.692194462783463,1123.908447265625,0.15252837538719177,1123.908447265625
1115,18.191667556762695,43.97249984741211,0.6731176127206489,1122.77685546875,0.1435910165309906,1122.77685546875
1116,18.09583282470703,44.54083251953125,0.681826142849257,1105.6396484375,0.13547047972679138,1105.6396484375
1117,18.11916732788086,44.35249710083008,0.6683753641669541,1122.0771484375,0.17121952772140503,1122.0771484375
1118,18.518333435058594,48.75583267211914,0.6630796595272045,1111.8455810546875,0.15059351921081543,1111.8455810546875
1119,17.977500915527344,44.95500183105469,0.6646300532818723,1092.6239013671875,0.159831702709198,1092.6239013671875
1120,18.5483341217041,52.929996490478516,0.635593009842583,1133.141845703125,0.11856237053871155,1133.141845703125
1121,18.147499084472656,47.36166763305664,0.649365362617539,1119.739501953125,0.14373096823692322,1119.739501953125
1122,18.316667556762695,45.29666519165039,0.662802527701974,1120.79052734375,0.16385683417320251,1120.79052734375
1123,18.343334197998047,43.975833892822266,0.6855675281140124,1194.5286865234375,0.13540911674499512,1194.5286865234375
1124,17.711666107177734,42.060001373291016,0.6832640951074226,1177.0318603515625,0.1768326759338379,1177.0318603515625
1125,18.00583267211914,41.72249984741211,0.66101474280408,1162.8741455078125,0.15833944082260132,1162.8741455078125
1126,17.79833221435547,43.33333206176758,0.6626606871033849,1147.272705078125,0.15767255425453186,1147.272705078125
1127,18.792499542236328,48.59000015258789,0.6447949744856089,1119.1328125,0.1570276916027069,1119.1328125
1128,17.810832977294922,43.790000915527344,0.6663243147924739,1134.9610595703125,0.18359094858169556,1134.9610595703125
1129,18.371667861938477,50.52083206176758,0.6321716560897108,1151.4593505859375,0.11935180425643921,1151.4593505859375
1130,17.698331832885742,42.2066650390625,0.6694028082167087,1160.325439453125,0.16385042667388916,1160.325439453125
1131,18.09833335876465,43.20083236694336,0.6801803806579139,1163.0518798828125,0.15528061985969543,1163.0518798828125
1132,18.384166717529297,48.16583251953125,0.6723828193405919,1156.0008544921875,0.12676313519477844,1156.0008544921875
1133,18.399999618530273,48.73250198364258,0.6720691571534332,1118.0291748046875,0.12256190180778503,1118.0291748046875
1134,19.20250129699707,54.13666915893555,0.6284202748447315,1156.1669921875,0.1311335265636444,1156.1669921875
1135,18.219999313354492,45.68083190917969,0.6653605315523061,1132.6053466796875,0.1269536316394806,1132.6053466796875
1136,18.274168014526367,48.69999694824219,0.6005708906197433,1181.4521484375,0.1279650330543518,1181.4521484375
1137,18.093332290649414,41.97083282470703,0.6278862112405061,1139.359130859375,0.15748459100723267,1139.359130859375
1138,18.764999389648438,48.64999771118164,0.6370177730514675,1126.2708740234375,0.14258712530136108,1126.2708740234375
1139,18.03499984741211,42.3125,0.6871376022073786,1127.15966796875,0.18133416771888733,1127.15966796875
1140,18.774166107177734,53.87916564941406,0.6465667654131169,1133.769775390625,0.0905221700668335,1133.769775390625
1141,18.553333282470703,50.472496032714844,0.6400995633367103,1086.222900390625,0.12951159477233887,1086.222900390625
1142,18.620834350585938,44.34166717529297,0.6705781546531597,1121.298095703125,0.12560221552848816,1121.298095703125
1143,18.670833587646484,51.236663818359375,0.6384542875036356,1090.9932861328125,0.11241301894187927,1090.9932861328125
1144,18.859167098999023,53.2933349609375,0.655366755064249,1088.720458984375,0.10129541158676147,1088.720458984375
1145,18.301668167114258,44.75416564941406,0.6694773370413188,1104.4000244140625,0.1833215057849884,1104.4000244140625
1146,18.72916603088379,45.635833740234375,0.6806624102061349,1111.10546875,0.1379891335964203,1111.10546875
1147,17.876667022705078,43.18916702270508,0.6922399889814674,1120.566162109375,0.12948733568191528,1120.566162109375
1148,18.59083366394043,47.1974983215332,0.6635547409428912,1095.4248046875,0.15239325165748596,1095.4248046875
1149,18.358333587646484,45.209999084472656,0.6778528468896523,1110.4825439453125,0.18592822551727295,1110.4825439453125
1150,18.38249969482422,44.399166107177734,0.6537643715080379,1178.7479248046875,0.13704925775527954,1178.7479248046875
1151,18.885000228881836,50.959163665771484,0.6382820794404562,1115.5748291015625,0.12145575881004333,1115.5748291015625
1152,18.58916664123535,48.239166259765625,0.6785270374929147,1126.7396240234375,0.1305476725101471,1126.7396240234375
1153,18.14583396911621,46.52166748046875,0.6696787304653011,1132.72119140625,0.15701916813850403,1132.72119140625
1154,18.476667404174805,45.170833587646484,0.6634269993606037,1135.526611328125,0.15662649273872375,1135.526611328125
1155,18.543333053588867,48.275001525878906,0.6976502514255085,1112.439697265625,0.12475824356079102,1112.439697265625
1156,18.6924991607666,50.52499771118164,0.6308536475065991,1134.275634765625,0.13318300247192383,1134.275634765625
1157,18.559165954589844,48.64250183105469,0.6442917935862181,1133.3798828125,0.11402657628059387,1133.3798828125
1158,18.545000076293945,44.41083526611328,0.6618528847327183,1160.5596923828125,0.1547207534313202,1160.5596923828125
1159,18.321666717529297,48.051666259765625,0.683281408136315,1110.601806640625,0.15181589126586914,1110.601806640625
1160,18.99916648864746,50.91999816894531,0.6580062140056474,1155.7774658203125,0.10666045546531677,1155.7774658203125
1161,18.875,53.82917022705078,0.6734834031841379,1055.19970703125,0.12972897291183472,1055.19970703125
1162,18.46583366394043,44.559165954589844,0.6687527397033498,1126.2886962890625,0.1729068160057068,1126.2886962890625
1163,18.364999771118164,47.200836181640625,0.6782608848188048,1122.9903564453125,0.15699198842048645,1122.9903564453125
1164,19.059999465942383,52.809165954589844,0.610210838774357,1120.9423828125,0.11742594838142395,1120.9423828125
1165,17.781667709350586,41.635833740234375,0.6898531643994225,1128.427001953125,0.1969841718673706,1128.427001953125
1166,18.837499618530273,49.43166732788086,0.6748552929936398,1120.8824462890625,0.1282411515712738,1120.8824462890625
1167,18.29749870300293,46.04499816894531,0.6571894495157163,1095.943115234375,0.16389361023902893,1095.943115234375
1168,18.261667251586914,46.026668548583984,0.6472960541132803,1096.5235595703125,0.1367940604686737,1096.5235595703125
1169,18.59749984741211,48.285831451416016,0.6734301294133733,1089.58642578125,0.13718771934509277,1089.58642578125
1170,18.113332748413086,44.95249938964844,0.6717994784477289,1122.70263671875,0.15263354778289795,1122.70263671875
1171,18.309999465942383,42.59749984741211,0.669310006532792,1118.2845458984375,0.18457329273223877,1118.2845458984375
1172,18.189998626708984,42.7158317565918,0.7023283928225672,1127.154052734375,0.13729706406593323,1127.154052734375
1173,19.395832061767578,50.936668395996094,0.6651017325413924,1151.0458984375,0.11675876379013062,1151.0458984375
1174,18.031667709350586,44.27750015258789,0.6598770161168024,1146.8966064453125,0.11661434173583984,1146.8966064453125
1175,18.232500076293945,43.15916442871094,0.6605362905104407,1134.178955078125,0.1947789192199707,1134.178955078125
1176,17.90333366394043,40.061668395996094,0.6448415766926039,1201.4534912109375,0.15841376781463623,1201.4534912109375
1177,18.751665115356445,48.544166564941406,0.6710713404789488,1092.53955078125,0.1378878951072693,1092.53955078125
1178,18.810834884643555,51.77666473388672,0.6754482642404745,1076.239990234375,0.16743281483650208,1076.239990234375
1179,18.327499389648438,41.81416702270508,0.6453035448370585,1139.838134765625,0.13893389701843262,1139.838134765625
1180,18.740833282470703,44.75583267211914,0.6768132093290028,1110.1220703125,0.15127775073051453,1110.1220703125
1181,18.45833396911621,44.711666107177734,0.6563923775469774,1140.511962890625,0.16022989153862,1140.511962890625
1182,18.488332748413086,44.682498931884766,0.6809508303236976,1108.0628662109375,0.15951502323150635,1108.0628662109375
1183,18.429166793823242,48.03000259399414,0.6722741155391948,1065.6527099609375,0.18353527784347534,1065.6527099609375
1184,18.29083251953125,48.69916915893555,0.6899226014040392,1065.863525390625,0.1593383252620697,1065.863525390625
1185,18.497499465942383,46.99833297729492,0.6717735441392355,1119.8365478515625,0.19239959120750427,1119.8365478515625
1186,18.58333396911621,49.5283317565918,0.6543398242303539,1107.6160888671875,0.10934770107269287,1107.6160888671875
1187,18.804166793823242,47.859169006347656,0.6248967646230198,1108.74755859375,0.14340168237686157,1108.74755859375
1188,18.608333587646484,45.567501068115234,0.6522769933929953,1096.199462890625,0.1427912712097168,1096.199462890625
1189,18.457500457763672,47.366668701171875,0.6704521648521284,1072.812255859375,0.15632498264312744,1072.812255859375
1190,18.518333435058594,47.38999938964844,0.6715509767425434,1120.4281005859375,0.12310171127319336,1120.4281005859375
1191,18.246667861938477,43.15999984741211,0.6392859556407868,1091.6099853515625,0.16834530234336853,1091.6099853515625
1192,18.90333366394043,51.15749740600586,0.6419367380249877,1109.7440185546875,0.11735060811042786,1109.7440185546875
1193,18.516666412353516,48.820831298828125,0.6420553059771158,1133.87841796875,0.13845962285995483,1133.87841796875
1194,19.17333221435547,51.3416633605957,0.6521807947615775,1100.9161376953125,0.11105272173881531,1100.9161376953125
1195,18.518333435058594,48.05083465576172,0.6380668039746049,1100.246337890625,0.16968661546707153,1100.246337890625
1196,18.89750099182129,47.16749954223633,0.642287169478947,1149.8023681640625,0.13644051551818848,1149.8023681640625
1197,18.815000534057617,47.79249954223633,0.6550891026131846,1162.0594482421875,0.1261216104030609,1162.0594482421875
1198,19.51416778564453,55.6441650390625,0.5969642096133438,1088.882080078125,0.13125714659690857,1088.882080078125
1199,18.75,47.99500274658203,0.6507879777854059,1145.481201171875,0.13620281219482422,1145.481201171875
1200,17.691667556762695,40.92583465576172,0.6843332826717917,1115.8719482421875,0.13693618774414062,1115.8719482421875
1201,18.487499237060547,51.05999755859375,0.6448454641458058,1082.199951171875,0.10235720872879028,1082.199951171875
1202,18.453332901000977,47.223331451416016,0.6917264761837791,1099.39501953125,0.1149960458278656,1099.39501953125
1203,19.134166717529297,53.95916748046875,0.6157930431848679,1121.406982421875,0.11956486105918884,1121.406982421875
1204,18.717500686645508,51.26000213623047,0.6663232015510687,1088.1317138671875,0.10754048824310303,1088.1317138671875
1205,18.131668090820312,45.81916809082031,0.6436403044978006,1159.1141357421875,0.110836923122406,1159.1141357421875
1206,18.829166412353516,49.3941650390625,0.6764273589327067,1118.3165283203125,0.15911248326301575,1118.3165283203125
1207,18.612499237060547,48.14249801635742,0.6253728721059799,1121.4063720703125,0.14387717843055725,1121.4063720703125
1208,18.810834884643555,51.22083282470703,0.6582977253805505,1099.5751953125,0.10441821813583374,1099.5751953125
1209,19.005001068115234,51.03666687011719,0.6459316093755487,1156.7564697265625,0.1231202781200409,1156.7564697265625
1210,18.280834197998047,43.836669921875,0.6455187636265994,1105.7003173828125,0.13778701424598694,1105.7003173828125
1211,18.241666793823242,48.782501220703125,0.6871474193687594,1075.7615966796875,0.13833364844322205,1075.7615966796875
1212,18.46416664123535,43.587501525878906,0.6726310900182303,1140.22412109375,0.17993149161338806,1140.22412109375
1213,18.538333892822266,48.38999938964844,0.6639702170374687,1067.4666748046875,0.1149294376373291,1067.4666748046875
1214,18.383333206176758,47.89083480834961,0.6728607349473135,1110.0869140625,0.1285131871700287,1110.0869140625
1215,18.55083465576172,46.647499084472656,0.6888742948328828,1123.09716796875,0.15637612342834473,1123.09716796875
1216,18.38083267211914,45.86333465576172,0.6718400428796971,1099.09912109375,0.13659775257110596,1099.09912109375
1217,18.75083351135254,49.8650016784668,0.6799499493901199,1097.9766845703125,0.1275889277458191,1097.9766845703125
1218,18.566665649414062,50.986663818359375,0.6682167513876234,1122.235107421875,0.10680517554283142,1122.235107421875
1219,18.391666412353516,48.505001068115234,0.6453391759622256,1112.7242431640625,0.11928433179855347,1112.7242431640625
1220,18.25749969482422,45.647499084472656,0.6549828222789614,1095.956298828125,0.17039704322814941,1095.956298828125
1221,18.01416778564453,44.24250030517578,0.6446033193466082,1107.5601806640625,0.1276421844959259,1107.5601806640625
1222,18.04833221435547,45.765830993652344,0.674961748190676,1096.3951416015625,0.13845282793045044,1096.3951416015625
1223,18.48666763305664,47.39500045776367,0.6515151183275214,1138.4453125,0.11863559484481812,1138.4453125
1224,18.224166870117188,47.53166580200195,0.6469091625888205,1120.153076171875,0.11716845631599426,1120.153076171875
1225,18.970001220703125,51.13750076293945,0.6437065025268147,1110.18212890625,0.12710726261138916,1110.18212890625
1226,18.246667861938477,45.40333557128906,0.6407711381686787,1096.7039794921875,0.1323530375957489,1096.7039794921875
1227,18.300832748413086,46.48250198364258,0.6760754308701837,1130.3448486328125,0.13730168342590332,1130.3448486328125
1228,18.49416732788086,48.21500015258789,0.6674214639772175,1103.820556640625,0.13130119442939758,1103.820556640625
1229,19.315832138061523,52.29166793823242,0.6616742750372909,1149.0882568359375,0.1407070755958557,1149.0882568359375
1230,18.4424991607666,47.494998931884766,0.67583215019441,1058.253173828125,0.14568239450454712,1058.253173828125
1231,18.760000228881836,48.31666564941406,0.6388486771407373,1191.6787109375,0.12860164046287537,1191.6787109375
1232,18.104999542236328,50.36833190917969,0.6670478511807063,1068.6632080078125,0.12656599283218384,1068.6632080078125
1233,18.154998779296875,43.73583221435547,0.6560624451746802,1114.39599609375,0.15100544691085815,1114.39599609375
1234,18.78499984741211,51.641666412353516,0.6474105693340768,1110.628173828125,0.10660293698310852,1110.628173828125
1235,18.467498779296875,49.06916809082031,0.6581108367402211,1103.957763671875,0.12855878472328186,1103.957763671875
1236,18.616666793823242,47.586666107177734,0.6446579596862809,1130.016845703125,0.1350713074207306,1130.016845703125
1237,18.787500381469727,49.755001068115234,0.6591697446573749,1130.9520263671875,0.0994863212108612,1130.9520263671875
1238,18.365833282470703,47.168331146240234,0.6704023825600998,1093.81591796875,0.11346110701560974,1093.81591796875
1239,18.905834197998047,53.310001373291016,0.5987299948596974,1108.4676513671875,0.1218060851097107,1108.4676513671875
1240,18.469999313354492,45.92583465576172,0.6787118923059696,1102.5279541015625,0.13964489102363586,1102.5279541015625
1241,18.610000610351562,48.71999740600586,0.6445915764613381,1093.7022705078125,0.1522790491580963,1093.7022705078125
1242,18.314167022705078,44.57083511352539,0.6905259481080732,1097.9075927734375,0.16339260339736938,1097.9075927734375
1243,18.489166259765625,44.61083221435547,0.6564959195507444,1118.68896484375,0.12647366523742676,1118.68896484375
1244,18.852500915527344,48.045833587646484,0.6556478407046036,1141.3873291015625,0.11986342072486877,1141.3873291015625
1245,18.864999771118164,49.193336486816406,0.6993082605112978,1104.0784912109375,0.12188181281089783,1104.0784912109375
1246,18.98750114440918,49.94416427612305,0.6401794014305974,1125.809814453125,0.13731735944747925,1125.809814453125
1247,19.016666412353516,48.55583190917969,0.6708967849257299,1134.9713134765625,0.10802790522575378,1134.9713134765625
1248,19.13249969482422,47.426666259765625,0.6483455017220107,1130.802978515625,0.1455572247505188,1130.802978515625
1249,18.542499542236328,46.23666763305664,0.6918774796753663,1107.5054931640625,0.11808133125305176,1107.5054931640625
1250,17.86250114440918,41.53666687011719,0.6836496937603264,1099.0457763671875,0.14990952610969543,1099.0457763671875
1251,19.2016658782959,50.72749710083008,0.6503341892197405,1097.3262939453125,0.12638574838638306,1097.3262939453125
1252,18.6875,43.25666809082031,0.6644244465903711,1116.37060546875,0.15152746438980103,1116.37060546875
1253,18.858333587646484,50.711666107177734,0.6307494722222495,1105.9041748046875,0.1474556028842926,1105.9041748046875
1254,18.577499389648438,46.939998626708984,0.6657444283633313,1055.111572265625,0.13405022025108337,1055.111572265625
1255,18.542499542236328,43.635833740234375,0.6638822261593201,1139.28857421875,0.13611304759979248,1139.28857421875
1256,18.523334503173828,41.65500259399414,0.6843227268441411,1111.280029296875,0.1717788577079773,1111.280029296875
1257,17.865833282470703,40.27583312988281,0.6703000975851271,1125.3170166015625,0.16454032063484192,1125.3170166015625
1258,18.696666717529297,46.87416458129883,0.6604536070273215,1106.2406005859375,0.09558644890785217,1106.2406005859375
1259,18.545833587646484,44.051666259765625,0.6724839416690631,1124.279541015625,0.14204883575439453,1124.279541015625
1260,18.89583396911621,46.453330993652344,0.702701198562214,1128.0723876953125,0.11160880327224731,1128.0723876953125
1261,18.335832595825195,42.66416549682617,0.6627789043494283,1130.760009765625,0.1508997082710266,1130.760009765625
1262,18.53583335876465,44.051666259765625,0.673988563084964,1140.9588623046875,0.11979132890701294,1140.9588623046875
1263,18.7549991607666,50.09749984741211,0.6739695885474207,1076.330322265625,0.09863808751106262,1076.330322265625
1264,18.640832901000977,45.6966667175293,0.6759745257874605,1117.697265625,0.12299293279647827,1117.697265625
1265,18.20916748046875,40.83416748046875,0.6735209808479776,1107.477783203125,0.14030766487121582,1107.477783203125
1266,17.97083282470703,40.029998779296875,0.6913440147898242,1109.4420166015625,0.14629822969436646,1109.4420166015625
1267,18.537500381469727,46.70249938964844,0.6891648002518289,1100.3280029296875,0.1271677017211914,1100.3280029296875
1268,18.264999389648438,42.866668701171875,0.6914844378777032,1084.4482421875,0.16163823008537292,1084.4482421875
1269,18.7450008392334,43.973331451416016,0.6789071239683686,1115.9613037109375,0.13630589842796326,1115.9613037109375
1270,18.538333892822266,47.75083541870117,0.6669913333465403,1087.1173095703125,0.128976970911026,1087.1173095703125
1271,18.29749870300293,43.6150016784668,0.6989388728073045,1095.361328125,0.15706872940063477,1095.361328125
1272,18.783334732055664,47.44416809082031,0.6826615247999797,1097.8841552734375,0.1308029294013977,1097.8841552734375
1273,17.9375,40.38750076293945,0.6719866037396909,1096.3782958984375,0.16072022914886475,1096.3782958984375
1274,18.84000015258789,49.92250061035156,0.6855860656536663,1096.161865234375,0.1635419726371765,1096.161865234375
1275,18.899166107177734,53.763336181640625,0.65217977358518,1078.8319091796875,0.09106820821762085,1078.8319091796875
1276,19.179166793823242,50.279998779296875,0.5958409212939437,1105.4532470703125,0.10076794028282166,1105.4532470703125
1277,18.710834503173828,48.9466667175293,0.6511376592361159,1111.710205078125,0.12111100554466248,1111.710205078125
1278,18.04916763305664,44.252498626708984,0.683383758517483,1051.4744873046875,0.12371134757995605,1051.4744873046875
1279,18.31333351135254,44.272499084472656,0.6481610383257006,1127.9786376953125,0.12199410796165466,1127.9786376953125
1280,18.713333129882812,48.81916809082031,0.6368402334946779,1124.7193603515625,0.12935566902160645,1124.7193603515625
1281,19.35416603088379,52.724998474121094,0.6774653732979261,1098.5506591796875,0.08318781852722168,1098.5506591796875
1282,18.459999084472656,45.68166732788086,0.6645914092670151,1091.887939453125,0.12967833876609802,1091.887939453125
1283,18.66083335876465,48.66166687011719,0.6458162807777197,1063.7513427734375,0.15546074509620667,1063.7513427734375
1284,19.50666618347168,53.663330078125,0.6417719140237936,1133.27197265625,0.09535592794418335,1133.27197265625
1285,18.823333740234375,48.5,0.6814182362833487,1113.2615966796875,0.12824013829231262,1113.2615966796875
1286,18.667499542236328,49.598331451416016,0.6842376055078183,1087.0174560546875,0.13001444935798645,1087.0174560546875
1287,18.55083465576172,50.4849967956543,0.6132717904283993,1123.2735595703125,0.13267827033996582,1123.2735595703125
1288,18.148332595825195,43.51750183105469,0.6788665000193177,1089.18408203125,0.15578359365463257,1089.18408203125
1289,17.64000129699707,41.935001373291016,0.6919198397415989,1124.3363037109375,0.1879919469356537,1124.3363037109375
1290,18.566665649414062,44.519168853759766,0.6631459244190954,1133.228759765625,0.12378966808319092,1133.228759765625
1291,18.7641658782959,47.95333480834961,0.6637035960689391,1134.7562255859375,0.10037079453468323,1134.7562255859375
1292,18.447500228881836,46.30750274658203,0.6752374428633142,1122.7001953125,0.10768327116966248,1122.7001953125
1293,18.697500228881836,51.52750015258789,0.644705602615843,1086.977783203125,0.1186130940914154,1086.977783203125
1294,18.432498931884766,45.75166702270508,0.6641554188451415,1125.6529541015625,0.13206356763839722,1125.6529541015625
1295,18.320833206176758,47.246665954589844,0.647797216033962,1118.6075439453125,0.10999774932861328,1118.6075439453125
1296,18.107500076293945,40.67416763305664,0.6912140491195328,1107.703857421875,0.1313488483428955,1107.703857421875
1297,18.683334350585938,48.250831604003906,0.6791275813534874,1090.2322998046875,0.10728907585144043,1090.2322998046875
1298,17.825000762939453,43.227500915527344,0.6998527600692565,1080.366943359375,0.1119874119758606,1080.366943359375
1299,18.495834350585938,49.63083267211914,0.6559840829402114,1092.8114013671875,0.11556261777877808,1092.8114013671875
1300,18.385833740234375,44.0966682434082,0.6624304707160958,1122.8492431640625,0.11506208777427673,1122.8492431640625
1301,19.47083282470703,55.814998626708984,0.6670885971822665,1075.85986328125,0.09738469123840332,1075.85986328125
1302,18.700000762939453,45.77499771118164,0.6437680877905544,1108.869140625,0.14742186665534973,1108.869140625
1303,18.5049991607666,45.94166564941406,0.6534859962575306,1109.7857666015625,0.14078253507614136,1109.7857666015625
1304,17.93833351135254,39.40666580200195,0.6991587804724428,1086.0491943359375,0.1775016486644745,1086.0491943359375
1305,18.691665649414062,45.818336486816406,0.6367562310096235,1156.1187744140625,0.11382544040679932,1156.1187744140625
1306,18.31833267211914,43.295833587646484,0.6508900032887657,1125.43798828125,0.13797274231910706,1125.43798828125
1307,19.27916717529297,48.81833267211914,0.6524276577653392,1100.05078125,0.12004312872886658,1100.05078125
1308,18.710834503173828,50.30000305175781,0.680406686109326,1061.060791015625,0.09327137470245361,1061.060791015625
1309,18.476667404174805,47.02166748046875,0.6449346638569882,1106.487548828125,0.1175021231174469,1106.487548828125
1310,18.95833396911621,46.56916427612305,0.6546934816610337,1100.851806640625,0.10682922601699829,1100.851806640625
1311,18.968334197998047,50.05999755859375,0.6172398065264451,1083.100830078125,0.11252325773239136,1083.100830078125
1312,18.674165725708008,48.20833206176758,0.6572260041923512,1125.3253173828125,0.11949068307876587,1125.3253173828125
1313,18.261667251586914,44.342498779296875,0.6609638254939693,1100.0916748046875,0.17509442567825317,1100.0916748046875
1314,18.34166717529297,45.68083190917969,0.6705299080681508,1087.41650390625,0.11649024486541748,1087.41650390625
1315,17.760831832885742,37.36333084106445,0.6711647998574359,1065.710205078125,0.1526774764060974,1065.710205078125
1316,18.336668014526367,46.45166778564453,0.678731211828363,1081.5877685546875,0.10283458232879639,1081.5877685546875
1317,19.019166946411133,53.28083038330078,0.621241011642121,1085.013427734375,0.09425792098045349,1085.013427734375
1318,18.6875,48.9908332824707,0.6694906172679223,1084.716552734375,0.09071534872055054,1084.716552734375
1319,18.679166793823242,47.04500198364258,0.6506589699328049,1111.7142333984375,0.09832826256752014,1111.7142333984375
1320,18.23666763305664,43.84416580200195,0.6700488342815898,1096.0189208984375,0.10557177662849426,1096.0189208984375
1321,17.689167022705078,39.59583282470703,0.6561591806272189,1159.1104736328125,0.13640010356903076,1159.1104736328125
1322,18.073333740234375,45.01416778564453,0.6546809864017799,1112.7078857421875,0.14296498894691467,1112.7078857421875
1323,17.61250114440918,37.90666580200195,0.6924509548759902,1127.0394287109375,0.12029027938842773,1127.0394287109375
1324,18.143333435058594,43.46333312988281,0.6596131050094186,1108.177734375,0.13445839285850525,1108.177734375
1325,19.014999389648438,50.59166717529297,0.6467370240753846,1123.30615234375,0.11775648593902588,1123.30615234375
1326,18.654165267944336,46.421669006347656,0.6051600868957474,1095.9010009765625,0.1201377809047699,1095.9010009765625
1327,18.433334350585938,46.22083282470703,0.6352835630137699,1078.138427734375,0.13677245378494263,1078.138427734375
1328,17.433334350585938,42.955833435058594,0.6341036492970034,1132.1365966796875,0.1665835976600647,1132.1365966796875
1329,17.886667251586914,44.37249755859375,0.6524564840240272,1130.9044189453125,0.13277441263198853,1130.9044189453125
1330,18.40166664123535,45.834999084472656,0.6463302916738758,1075.430908203125,0.12252447009086609,1075.430908203125
1331,17.37416648864746,41.080833435058594,0.6063451829600932,1107.0487060546875,0.14117544889450073,1107.0487060546875
1332,17.66666603088379,44.984169006347656,0.6669463302945486,1111.28125,0.12467032670974731,1111.28125
1333,18.266666412353516,47.57666778564453,0.6270707691101511,1102.2117919921875,0.10511118173599243,1102.2117919921875
1334,18.334999084472656,47.05583572387695,0.6511369388320044,1100.8543701171875,0.11765950918197632,1100.8543701171875
1335,18.072500228881836,47.85000228881836,0.6443564707990536,1085.5869140625,0.09941795468330383,1085.5869140625
1336,18.58333396911621,48.9566650390625,0.6649237963239758,1072.28173828125,0.11005306243896484,1072.28173828125
1337,17.879167556762695,42.06166458129883,0.6455860713211399,1123.1519775390625,0.12956011295318604,1123.1519775390625
1338,18.221668243408203,46.15833282470703,0.6613593812319156,1101.5494384765625,0.10780584812164307,1101.5494384765625
1339,18.02166748046875,43.0625,0.6327278046168581,1141.7879638671875,0.19963672757148743,1141.7879638671875
1340,17.5141658782959,43.1158332824707,0.6551049434092682,1082.0753173828125,0.12784525752067566,1082.0753173828125
1341,18.051666259765625,45.77499771118164,0.6727867591772946,1069.6834716796875,0.11857911944389343,1069.6834716796875
1342,18.015832901000977,40.98666763305664,0.6467930538909065,1146.096435546875,0.13729596138000488,1146.096435546875
1343,18.43083381652832,47.135833740234375,0.6624449436947681,1108.442626953125,0.11339282989501953,1108.442626953125
1344,18.418333053588867,47.524166107177734,0.6748629095834912,1110.5919189453125,0.12356328964233398,1110.5919189453125
1345,18.134998321533203,42.99250030517578,0.6614862162958766,1151.1339111328125,0.0955452024936676,1151.1339111328125
1346,18.126667022705078,46.39750289916992,0.6702286106293464,1125.1634521484375,0.12836110591888428,1125.1634521484375
1347,18.29749870300293,49.105831146240234,0.6655330317942065,1092.3194580078125,0.15358957648277283,1092.3194580078125
1348,17.810832977294922,41.88833236694336,0.6570569095877414,1153.9632568359375,0.13898533582687378,1153.9632568359375
1349,17.70916748046875,40.91166687011719,0.6813441464541877,1078.6893310546875,0.1185809075832367,1078.6893310546875
1350,17.73583221435547,42.942501068115234,0.6796249299540746,1124.077392578125,0.16494455933570862,1124.077392578125
1351,18.657499313354492,49.500831604003906,0.6204445500013339,1085.4847412109375,0.11884063482284546,1085.4847412109375
1352,18.603334426879883,48.85499954223633,0.6705272913618616,1086.4368896484375,0.09855392575263977,1086.4368896484375
1353,18.17999839782715,47.258331298828125,0.6495030853848325,1055.886962890625,0.08365529775619507,1055.886962890625
1354,17.967500686645508,46.885833740234375,0.6445025400041802,1113.25048828125,0.14796197414398193,1113.25048828125
1355,17.653331756591797,47.294166564941406,0.6360835934727227,1044.953125,0.11977460980415344,1044.953125
1356,17.982500076293945,44.804168701171875,0.6237394798524439,1096.0030517578125,0.11555033922195435,1096.0030517578125
1357,18.338333129882812,44.90999984741211,0.6589384826302145,1104.126708984375,0.11673787236213684,1104.126708984375
1358,18.421667098999023,47.225833892822266,0.6450572072610119,1107.03271484375,0.11614397168159485,1107.03271484375
1359,18.189167022705078,46.55416488647461,0.6647409532068969,1071.6737060546875,0.08618408441543579,1071.6737060546875
1360,17.704166412353516,46.67916488647461,0.6423016075369468,1092.3062744140625,0.13049989938735962,1092.3062744140625
1361,18.752500534057617,53.686668395996094,0.6401997417698386,1080.978271484375,0.14421463012695312,1080.978271484375
1362,18.09583282470703,44.461666107177734,0.6563769999542903,1113.2520751953125,0.14794299006462097,1113.2520751953125
1363,18.81999969482422,51.15583419799805,0.6377093327951096,1084.146728515625,0.0833577811717987,1084.146728515625
1364,17.98666763305664,42.90583419799805,0.6693551083082343,1121.8436279296875,0.13371983170509338,1121.8436279296875
1365,18.275833129882812,45.358333587646484,0.6629382522940546,1119.6107177734375,0.08157745003700256,1119.6107177734375
1366,18.02166748046875,45.83416748046875,0.6704302666594109,1099.776123046875,0.09954386949539185,1099.776123046875
1367,17.950000762939453,44.40250015258789,0.6638414468961654,1107.20166015625,0.10993346571922302,1107.20166015625
1368,18.182498931884766,46.15416717529297,0.6438418248912434,1106.0924072265625,0.11826106905937195,1106.0924072265625
1369,18.1733341217041,46.311668395996094,0.659146784424967,1128.196533203125,0.10310220718383789,1128.196533203125
1370,17.86250114440918,41.81083297729492,0.6575198882712814,1082.8189697265625,0.14316323399543762,1082.8189697265625
1371,18.74333381652832,46.70499801635742,0.6732097981112533,1090.4466552734375,0.11504366993904114,1090.4466552734375
1372,18.739999771118164,47.39083480834961,0.698560354030919,1098.7568359375,0.08678162097930908,1098.7568359375
1373,18.24416732788086,46.48250198364258,0.6651419420073625,1093.248291015625,0.1023869514465332,1093.248291015625
1374,18.72333335876465,48.849998474121094,0.6580936096192844,1115.798828125,0.11876252293586731,1115.798828125
1375,17.781667709350586,39.9716682434082,0.6690096985355519,1101.0572509765625,0.14221090078353882,1101.0572509765625
1376,18.300832748413086,46.33833312988281,0.6585671275528613,1089.171630859375,0.12084999680519104,1089.171630859375
1377,19.275001525878906,51.310001373291016,0.6352479095259412,1128.0333251953125,0.09168750047683716,1128.0333251953125
1378,18.6108341217041,46.790000915527344,0.6671812727206052,1078.85205078125,0.11949092149734497,1078.85205078125
1379,19.018333435058594,51.76416778564453,0.6380137429838931,1065.3985595703125,0.08686921000480652,1065.3985595703125
1380,18.269166946411133,49.60750198364258,0.6580372754138922,1059.72119140625,0.11361357569694519,1059.72119140625
1381,18.611665725708008,48.03083419799805,0.6604823089926367,1110.2584228515625,0.12674075365066528,1110.2584228515625
1382,18.553333282470703,48.41749954223633,0.6835370955105905,1071.4073486328125,0.10725763440132141,1071.4073486328125
1383,18.164167404174805,44.5533332824707,0.6693204549073911,1111.16650390625,0.11231482028961182,1111.16650390625
1384,19.28499984741211,51.90999984741211,0.6563595043780432,1121.8817138671875,0.09513959288597107,1121.8817138671875
1385,18.760833740234375,50.638336181640625,0.6447750139471374,1088.12060546875,0.11314940452575684,1088.12060546875
1386,18.926666259765625,51.12666320800781,0.6447080079928207,1089.49755859375,0.1091940701007843,1089.49755859375
1387,18.892499923706055,45.48999786376953,0.6278183727590037,1066.0469970703125,0.09771788120269775,1066.0469970703125
1388,18.199167251586914,43.121665954589844,0.6503277752119583,1095.860107421875,0.1742802858352661,1095.860107421875
1389,18.709165573120117,51.496665954589844,0.6672995394021389,1086.3333740234375,0.09077781438827515,1086.3333740234375
1390,19.428333282470703,54.105003356933594,0.6365467675214478,1101.255615234375,0.11727643013000488,1101.255615234375
1391,18.829166412353516,50.26249694824219,0.655559386140839,1122.146240234375,0.10371366143226624,1122.146240234375
1392,18.619165420532227,48.01333236694336,0.6681841500935217,1070.1583251953125,0.13080370426177979,1070.1583251953125
1393,19.730833053588867,55.788333892822266,0.6452145152283101,1054.5169677734375,0.09774470329284668,1054.5169677734375
1394,18.066667556762695,47.063331604003906,0.6404366061037863,1110.49267578125,0.08940386772155762,1110.49267578125
1395,17.99416732788086,43.864166259765625,0.687927685336712,1092.068115234375,0.11894303560256958,1092.068115234375
1396,18.358333587646484,48.63166809082031,0.6389627218952321,1069.4151611328125,0.10018536448478699,1069.4151611328125
1397,18.977500915527344,52.29750442504883,0.6296639864939622,1099.9461669921875,0.08536458015441895,1099.9461669921875
1398,18.199167251586914,45.83250045776367,0.6678555337333809,1089.2882080078125,0.11577701568603516,1089.2882080078125
1399,18.02833366394043,45.60416793823242,0.6462551152064557,1071.844482421875,0.1094924807548523,1071.844482421875
1400,18.71583366394043,54.815834045410156,0.6495454418113893,1040.5234375,0.09928321838378906,1040.5234375
1401,17.911666870117188,44.96916580200195,0.6520519768857969,1113.75244140625,0.12568557262420654,1113.75244140625
1402,18.30666732788086,53.084999084472656,0.6420987421460274,1060.5445556640625,0.07963398098945618,1060.5445556640625
1403,17.81916618347168,45.08000183105469,0.6353763355330155,1136.3795166015625,0.1120031476020813,1136.3795166015625
1404,18.53499984741211,44.66166687011719,0.631163077525053,1091.706787109375,0.10184866189956665,1091.706787109375
1405,18.274168014526367,47.14833068847656,0.6268215094420274,1108.5926513671875,0.10850000381469727,1108.5926513671875
1406,17.911666870117188,43.744998931884766,0.6450118896225102,1134.4964599609375,0.08482217788696289,1134.4964599609375
1407,17.734167098999023,48.3408317565918,0.655435810724332,1078.982666015625,0.12011250853538513,1078.982666015625
1408,18.432498931884766,49.299163818359375,0.6070193700073829,1085.32177734375,0.1192227303981781,1085.32177734375
1409,18.140832901000977,47.61000061035156,0.6592506807037469,1102.7843017578125,0.11676555871963501,1102.7843017578125
1410,17.503334045410156,43.92749786376953,0.6519913206264619,1083.109619140625,0.13461437821388245,1083.109619140625
1411,17.926666259765625,43.9466667175293,0.645839308909107,1137.3106689453125,0.13908565044403076,1137.3106689453125
1412,18.28999900817871,49.5091667175293,0.6591439002966403,1096.030029296875,0.12500745058059692,1096.030029296875
1413,18.237499237060547,50.78583526611328,0.6281893513360008,1073.4219970703125,0.14108994603157043,1073.4219970703125
1414,18.7066650390625,51.48833465576172,0.6505768306919149,1066.03564453125,0.06891119480133057,1066.03564453125
1415,18.00583267211914,48.29083251953125,0.6386934754820991,1063.3095703125,0.08379629254341125,1063.3095703125
1416,17.87416648864746,47.56500244140625,0.6406728657597555,1052.26318359375,0.13226819038391113,1052.26318359375
1417,17.962499618530273,48.53083038330078,0.6532846837397314,1068.2430419921875,0.1289665400981903,1068.2430419921875
1418,18.04916763305664,45.98666763305664,0.6731100586398464,1105.84521484375,0.09282279014587402,1105.84521484375
1419,18.6441650390625,50.480003356933594,0.6520719394060801,1094.477294921875,0.10650315880775452,1094.477294921875
1420,18.700000762939453,50.60832977294922,0.6487826470740929,1049.9671630859375,0.10214674472808838,1049.9671630859375
1421,18.700000762939453,49.317501068115234,0.6868639193027788,1076.321044921875,0.09935194253921509,1076.321044921875
1422,17.92333221435547,45.87333297729492,0.6776362800601343,1124.2315673828125,0.1516539752483368,1124.2315673828125
1423,18.049999237060547,47.813331604003906,0.6619207070067264,1040.9755859375,0.08060064911842346,1040.9755859375
1424,18.17999839782715,48.57500076293945,0.6238097331834831,1087.3277587890625,0.09778159856796265,1087.3277587890625
1425,18.44499969482422,48.323333740234375,0.6792487406156745,1098.4659423828125,0.09593316912651062,1098.4659423828125
1426,17.837501525878906,43.14750289916992,0.6868529759972946,1088.9317626953125,0.14260980486869812,1088.9317626953125
1427,18.474166870117188,50.227500915527344,0.6554341875915481,1085.968017578125,0.12047260999679565,1085.968017578125
1428,18.71583366394043,50.21583557128906,0.6493607318638666,1116.6478271484375,0.09700161218643188,1116.6478271484375
1429,18.101667404174805,47.4033317565918,0.611803077081419,1094.0101318359375,0.15190377831459045,1094.0101318359375
1430,18.502500534057617,50.247501373291016,0.6729927871312678,1086.9014892578125,0.0939493477344513,1086.9014892578125
1431,18.357500076293945,46.90999984741211,0.6431622827324591,1101.8037109375,0.11293426156044006,1101.8037109375
1432,18.803333282470703,51.0150032043457,0.6569254399800563,1091.7987060546875,0.08026370406150818,1091.7987060546875
1433,18.24333381652832,47.4566650390625,0.6820123869418412,1120.3206787109375,0.10571134090423584,1120.3206787109375
1434,18.059167861938477,45.899166107177734,0.6578022854154937,1100.26611328125,0.1336173713207245,1100.26611328125
1435,18.30666732788086,47.18166732788086,0.6037679592761185,1108.173583984375,0.12190094590187073,1108.173583984375
1436,18.627500534057617,48.68083190917969,0.6734370378165868,1104.3929443359375,0.11045646667480469,1104.3929443359375
1437,18.648334503173828,49.72666931152344,0.6074669624433683,1096.8330078125,0.13467815518379211,1096.8330078125
1438,18.115833282470703,46.157501220703125,0.643371312079842,1123.6683349609375,0.10584405064582825,1123.6683349609375
1439,18.790000915527344,49.80750274658203,0.658104318558843,1095.68603515625,0.0927082896232605,1095.68603515625
1440,18.825834274291992,51.34917068481445,0.5940220168691998,1071.0252685546875,0.1078072190284729,1071.0252685546875
1441,18.406667709350586,47.90500259399414,0.6171369710898736,1104.4613037109375,0.11136606335639954,1104.4613037109375
1442,18.729999542236328,50.90666580200195,0.6018824456831889,1087.4888916015625,0.13388440012931824,1087.4888916015625
1443,18.414167404174805,44.73500061035156,0.6684016108923432,1099.5513916015625,0.12722927331924438,1099.5513916015625
1444,18.00749969482422,42.342498779296875,0.6283468115886458,1132.305908203125,0.1251058280467987,1132.305908203125
1445,18.801666259765625,48.265830993652344,0.6432353937603075,1106.6058349609375,0.11089923977851868,1106.6058349609375
1446,18.717500686645508,50.88666534423828,0.589903575526643,1082.818359375,0.10925760865211487,1082.818359375
1447,18.25749969482422,48.63999938964844,0.659008015065436,1049.29443359375,0.10022574663162231,1049.29443359375
1448,19.133333206176758,53.130001068115234,0.6477149154134982,1094.5623779296875,0.07741203904151917,1094.5623779296875
1449,18.029998779296875,44.06666564941406,0.6640434501993228,1116.0162353515625,0.08958464860916138,1116.0162353515625
1450,18.872499465942383,53.119998931884766,0.617778433423635,1114.037109375,0.11638325452804565,1114.037109375
1451,18.911666870117188,52.65999984741211,0.6392084015540737,1110.5235595703125,0.1019238531589508,1110.5235595703125
1452,18.62416648864746,51.48833465576172,0.6580504587842084,1083.2265625,0.09244793653488159,1083.2265625
1453,18.385833740234375,47.00583267211914,0.6370285855680291,1074.95458984375,0.11201056838035583,1074.95458984375
1454,18.489166259765625,47.97416687011719,0.6346314452755396,1040.8663330078125,0.09382450580596924,1040.8663330078125
1455,18.390832901000977,44.66083526611328,0.6588667958724868,1107.646484375,0.12400925159454346,1107.646484375
1456,19.14000129699707,51.010833740234375,0.6198770553830751,1088.602294921875,0.08733117580413818,1088.602294921875
1457,18.309999465942383,46.98833084106445,0.6516245723786795,1048.17724609375,0.0922495424747467,1048.17724609375
1458,18.123332977294922,45.33833312988281,0.6357751728992966,1052.7181396484375,0.0814172625541687,1052.7181396484375
1459,18.189167022705078,45.391666412353516,0.6581079271983052,1089.1727294921875,0.12519338726997375,1089.1727294921875
1460,18.17999839782715,47.04500198364258,0.6559878177952384,1080.6854248046875,0.11204218864440918,1080.6854248046875
1461,19.16083335876465,52.08416748046875,0.6522366035593263,1090.703369140625,0.09584209322929382,1090.703369140625
1462,18.547500610351562,46.36166763305664,0.6552437304979344,1116.9420166015625,0.12616190314292908,1116.9420166015625
1463,18.20833396911621,42.934165954589844,0.6648765384805088,1097.9246826171875,0.14967629313468933,1097.9246826171875
1464,18.56166648864746,53.36333465576172,0.6364810791878177,1058.1845703125,0.09287425875663757,1058.1845703125
1465,18.6924991607666,50.176666259765625,0.6698279217262695,1059.7772216796875,0.09978759288787842,1059.7772216796875
1466,18.16583251953125,48.08500289916992,0.6274909285646931,1082.3240966796875,0.10831168293952942,1082.3240966796875
1467,18.412500381469727,48.01000213623047,0.6726190929756742,1095.0557861328125,0.12497365474700928,1095.0557861328125
1468,18.105833053588867,44.44416809082031,0.6646102586646171,1051.3941650390625,0.10823884606361389,1051.3941650390625
1469,18.453332901000977,45.80083084106445,0.6755734913759739,1093.9732666015625,0.12988394498825073,1093.9732666015625
1470,18.29916763305664,48.54083251953125,0.6366739348498559,1081.44970703125,0.12219980359077454,1081.44970703125
1471,17.86250114440918,40.30500030517578,0.6295763309996274,1109.4686279296875,0.12454363703727722,1109.4686279296875
1472,18.34583282470703,47.714168548583984,0.6359266412713724,1093.0328369140625,0.0886828601360321,1093.0328369140625
1473,18.09749984741211,46.86000061035156,0.6367088129213367,1060.2406005859375,0.10310092568397522,1060.2406005859375
1474,18.120832443237305,48.5091667175293,0.641662636290603,1084.4652099609375,0.14437687397003174,1084.4652099609375
1475,18.19499969482422,45.38666534423828,0.6824546531482244,1087.133056640625,0.10639441013336182,1087.133056640625
1476,18.094167709350586,45.27166748046875,0.6742305271220708,1093.1412353515625,0.10206907987594604,1093.1412353515625
1477,18.362499237060547,49.872501373291016,0.676643104571218,1092.7305908203125,0.11474156379699707,1092.7305908203125
1478,18.234167098999023,50.628334045410156,0.6688918841082538,1064.1715087890625,0.10567376017570496,1064.1715087890625
1479,18.199167251586914,45.46666717529297,0.7146175828285622,1112.0579833984375,0.11875733733177185,1112.0579833984375
1480,18.814167022705078,52.690834045410156,0.6474245468608064,1039.1453857421875,0.12627166509628296,1039.1453857421875
1481,17.75666618347168,41.350833892822266,0.6392984494279644,1100.12060546875,0.10064268112182617,1100.12060546875
1482,18.420000076293945,48.855831146240234,0.6569152944752297,1059.3360595703125,0.09272277355194092,1059.3360595703125
1483,17.78333282470703,44.342498779296875,0.6557827777393116,1092.1817626953125,0.12006610631942749,1092.1817626953125
1484,17.303333282470703,40.59333038330078,0.6994289117625415,1080.5360107421875,0.1359315812587738,1080.5360107421875
1485,18.553333282470703,50.282501220703125,0.6221007235958969,1087.7647705078125,0.07646498084068298,1087.7647705078125
1486,18.171667098999023,46.96333312988281,0.6507863402719322,1115.7093505859375,0.11595571041107178,1115.7093505859375
1487,18.13749885559082,45.635833740234375,0.6609500608516135,1115.4739990234375,0.08815464377403259,1115.4739990234375
1488,17.934167861938477,42.044166564941406,0.6810383254341908,1107.3782958984375,0.104166179895401,1107.3782958984375
1489,18.286666870117188,43.96500015258789,0.6883252470010867,1074.2655029296875,0.11717689037322998,1074.2655029296875
1490,17.989999771118164,44.30249786376953,0.6794876110009762,1107.8343505859375,0.11271211504936218,1107.8343505859375
1491,17.59583282470703,42.82833480834961,0.6471983984536132,1075.5233154296875,0.1008012592792511,1075.5233154296875
1492,18.194168090820312,48.90333557128906,0.68155201930215,1072.2152099609375,0.09110116958618164,1072.2152099609375
1493,18.362499237060547,51.651668548583984,0.6426433889825854,1088.301025390625,0.09015914797782898,1088.301025390625
1494,18.302499771118164,51.20333480834961,0.6712842811825894,1070.781494140625,0.07398965954780579,1070.781494140625
1495,17.957500457763672,44.061668395996094,0.6448032067978275,1084.80908203125,0.1165539026260376,1084.80908203125
1496,18.190834045410156,51.05083465576172,0.6587907470496381,1052.110107421875,0.09260115027427673,1052.110107421875
1497,17.954166412353516,45.086666107177734,0.6540144008514639,1118.2396240234375,0.09721258282661438,1118.2396240234375
1498,17.6825008392334,43.46833038330078,0.6668972217973576,1085.1041259765625,0.12995648384094238,1085.1041259765625
1499,17.704166412353516,45.39250183105469,0.6655655305751957,1084.76806640625,0.08727806806564331,1084.76806640625
1500,18.455833435058594,51.99833679199219,0.6804777176752443,1056.3277587890625,0.09689903259277344,1056.3277587890625
1501,18.052499771118164,44.2400016784668,0.6755401680783748,1080.4031982421875,0.11732766032218933,1080.4031982421875
1502,17.84083366394043,43.56916427612305,0.6602951568997262,1066.3797607421875,0.11895209550857544,1066.3797607421875
1503,18.019166946411133,44.99500274658203,0.6737705406483093,1094.5546875,0.1021619439125061,1094.5546875
1504,18.4233341217041,49.85333251953125,0.6769837526766042,1088.2357177734375,0.08907300233840942,1088.2357177734375
1505,17.95083236694336,48.00416564941406,0.6746149293548434,1051.3675537109375,0.07509416341781616,1051.3675537109375
1506,17.564167022705078,44.69499969482422,0.6642599025201912,1083.7154541015625,0.08960747718811035,1083.7154541015625
1507,18.15999984741211,47.502498626708984,0.6931916351592387,1109.8695068359375,0.1178087592124939,1109.8695068359375
1508,17.712501525878906,45.850833892822266,0.6667491525629607,1055.4288330078125,0.11962386965751648,1055.4288330078125
1509,17.823333740234375,46.04499816894531,0.652569551627968,1118.73828125,0.09494826197624207,1118.73828125
1510,18.20083236694336,47.7841682434082,0.6489621112072519,1076.1009521484375,0.09845143556594849,1076.1009521484375
1511,17.99416732788086,45.474998474121094,0.6927575492334204,1102.557373046875,0.10818544030189514,1102.557373046875
1512,17.833332061767578,45.855831146240234,0.6773849368829729,1064.6109619140625,0.11926144361495972,1064.6109619140625
1513,18.064167022705078,46.073333740234375,0.6966664469907033,1109.5582275390625,0.08243146538734436,1109.5582275390625
1514,18.72166633605957,51.96833801269531,0.5925787918801534,1095.63671875,0.08510956168174744,1095.63671875
1515,18.10249900817871,42.559165954589844,0.6584645818071939,1088.0826416015625,0.09855809807777405,1088.0826416015625
1516,17.732500076293945,45.265830993652344,0.6916826312377826,1060.23193359375,0.07947647571563721,1060.23193359375
1517,18.129167556762695,50.13083267211914,0.6506507672666699,1039.513671875,0.0961621105670929,1039.513671875
1518,18.087499618530273,48.70249938964844,0.671316758448395,1072.708984375,0.12147432565689087,1072.708984375
1519,17.760831832885742,43.74333190917969,0.6694649558764366,1131.091796875,0.12092679738998413,1131.091796875
1520,17.50666618347168,40.95166778564453,0.6999196332241828,1085.567626953125,0.09594395756721497,1085.567626953125
1521,18.134166717529297,49.86000061035156,0.7119621505655374,1086.9720458984375,0.08783769607543945,1086.9720458984375
1522,18.28999900817871,47.83416748046875,0.635356347327882,1069.8641357421875,0.1041649580001831,1069.8641357421875
1523,18.643333435058594,53.47999954223633,0.6751339153584061,1044.840087890625,0.0950881838798523,1044.840087890625
1524,18.390832901000977,50.70249938964844,0.6512400814496344,1071.6605224609375,0.08969691395759583,1071.6605224609375
1525,18.476667404174805,51.42250061035156,0.6454402833722641,1052.9918212890625,0.09024760127067566,1052.9918212890625
1526,17.545000076293945,44.00166702270508,0.6314551889846702,1072.4454345703125,0.10374373197555542,1072.4454345703125
1527,18.454999923706055,49.38666534423828,0.6507843965580338,1119.1380615234375,0.09967324137687683,1119.1380615234375
1528,18.455833435058594,52.608333587646484,0.6315881785872544,1082.0703125,0.08943355083465576,1082.0703125
1529,17.435832977294922,44.454166412353516,0.6530288167532826,1041.8505859375,0.11472153663635254,1041.8505859375
1530,17.670833587646484,46.95750045776367,0.6629213632758799,1093.554931640625,0.122428297996521,1093.554931640625
1531,17.60333251953125,44.563331604003906,0.6749872675482231,1073.90478515625,0.10470947623252869,1073.90478515625
1532,17.72333335876465,44.287498474121094,0.6653225347701968,1102.9697265625,0.11799430847167969,1102.9697265625
1533,18.416667938232422,49.99833297729492,0.661456034639658,1091.6805419921875,0.08219429850578308,1091.6805419921875
1534,17.609167098999023,42.0341682434082,0.6385817309289696,1092.905517578125,0.08627653121948242,1092.905517578125
1535,18.1875,43.0091667175293,0.7052279529102561,1117.909423828125,0.11362752318382263,1117.909423828125
1536,18.397499084472656,50.87083435058594,0.6690636017783913,1074.81298828125,0.07714936137199402,1074.81298828125
1537,18.26249885559082,51.21833038330078,0.63502714800303,1056.789794921875,0.09222888946533203,1056.789794921875
1538,18.426666259765625,48.564998626708984,0.6997136485320251,1066.4285888671875,0.09359326958656311,1066.4285888671875
1539,17.758333206176758,46.95166778564453,0.657996853092076,1063.2020263671875,0.12034502625465393,1063.2020263671875
1540,17.63249969482422,43.16583251953125,0.6812596734159012,1079.9462890625,0.11382633447647095,1079.9462890625
1541,17.825000762939453,46.415000915527344,0.6626072716121809,1094.222900390625,0.0979071855545044,1094.222900390625
1542,18.04916763305664,45.61000061035156,0.6806473941687102,1091.7322998046875,0.09980225563049316,1091.7322998046875
1543,17.884166717529297,46.08416748046875,0.6628142069705893,1059.8656005859375,0.09141486883163452,1059.8656005859375
1544,17.83416748046875,46.704166412353516,0.6631060768031187,1110.507568359375,0.1399584710597992,1110.507568359375
1545,18.626667022705078,53.78333282470703,0.6770862668313931,1062.94580078125,0.10907614231109619,1062.94580078125
1546,17.918333053588867,45.44416809082031,0.6885552827653164,1099.1964111328125,0.11302199959754944,1099.1964111328125
1547,18.459999084472656,49.46750259399414,0.659678715211161,1045.5633544921875,0.10841745138168335,1045.5633544921875
1548,18.482500076293945,48.08749771118164,0.6936911632035971,1124.1929931640625,0.10719326138496399,1124.1929931640625
1549,18.239168167114258,49.84916687011719,0.6340067946843776,1097.53125,0.11376774311065674,1097.53125
1550,18.27750015258789,48.0716667175293,0.6866529895507681,1092.853759765625,0.0978718101978302,1092.853759765625
1551,18.287500381469727,52.77000045776367,0.6402057516383426,1061.532958984375,0.09041255712509155,1061.532958984375
1552,18.49916648864746,48.4375,0.6676108520146445,1101.6085205078125,0.10109522938728333,1101.6085205078125
1553,17.56333351135254,43.64666748046875,0.6734163104980267,1100.39453125,0.13777729868888855,1100.39453125
1554,17.90166664123535,48.054168701171875,0.6428294112655446,1076.5238037109375,0.0871264636516571,1076.5238037109375
1555,17.5,45.29666519165039,0.6445053148450662,1113.5897216796875,0.12302353978157043,1113.5897216796875
1556,17.63833236694336,46.83333206176758,0.6699694824148581,1079.7886962890625,0.11038461327552795,1079.7886962890625
1557,18.16083335876465,47.84083557128906,0.6713083116409286,1070.3040771484375,0.09320160746574402,1070.3040771484375
1558,17.65166664123535,44.268333435058594,0.687188849964242,1120.53515625,0.14680567383766174,1120.53515625
1559,17.626667022705078,44.21666717529297,0.6593832964140749,1121.940673828125,0.09399452805519104,1121.940673828125
1560,17.690000534057617,51.20333480834961,0.677064436030173,1075.3975830078125,0.08747303485870361,1075.3975830078125
1561,18.26999855041504,50.624168395996094,0.5989186119666792,1078.458251953125,0.1115393340587616,1078.458251953125
1562,18.40999984741211,47.11166763305664,0.6856681018884498,1115.5186767578125,0.11862057447433472,1115.5186767578125
1563,17.40833282470703,43.817501068115234,0.6615788287776234,1087.2330322265625,0.11632290482521057,1087.2330322265625
1564,18.248332977294922,47.758331298828125,0.6700743783816321,1095.7261962890625,0.10618990659713745,1095.7261962890625
1565,17.86833381652832,45.374168395996094,0.6612287607193299,1086.6695556640625,0.07961422204971313,1086.6695556640625
1566,18.825000762939453,53.95249557495117,0.6708877921325059,1060.9732666015625,0.08649933338165283,1060.9732666015625
1567,17.781667709350586,45.84499740600586,0.6741860119953014,1065.75,0.101686030626297,1065.75
1568,18.40999984741211,51.332496643066406,0.6844344471564737,1041.5782470703125,0.08493715524673462,1041.5782470703125
1569,17.949167251586914,46.71916580200195,0.7008505264030029,1067.11328125,0.08084672689437866,1067.11328125
1570,18.314167022705078,45.96500015258789,0.6625099365239788,1101.9149169921875,0.07905855774879456,1101.9149169921875
1571,18.657499313354492,50.13333511352539,0.6956018599195066,1040.12353515625,0.08607733249664307,1040.12353515625
1572,18.082500457763672,46.176666259765625,0.6761250103704104,1053.0013427734375,0.11212971806526184,1053.0013427734375
1573,18.11166763305664,47.81500244140625,0.7149454981174771,1078.6397705078125,0.08316576480865479,1078.6397705078125
1574,18.017499923706055,43.420833587646484,0.6934149809700916,1067.6304931640625,0.11628454923629761,1067.6304931640625
1575,18.7983341217041,51.52333450317383,0.689606810807142,1069.719482421875,0.0912075936794281,1069.719482421875
1576,18.65916633605957,48.81166458129883,0.6650455230400729,1070.8297119140625,0.09722712635993958,1070.8297119140625
1577,17.72916603088379,40.70750045776367,0.6753970058469918,1048.98681640625,0.11926046013832092,1048.98681640625
1578,17.69416618347168,43.48750305175781,0.6629211395822043,1073.9776611328125,0.14360830187797546,1073.9776611328125
1579,18.04833221435547,44.415836334228516,0.6414136587057119,1064.2125244140625,0.08086377382278442,1064.2125244140625
1580,17.5,39.651668548583984,0.6806537779515309,1102.658447265625,0.11507785320281982,1102.658447265625
1581,18.49250030517578,50.08333206176758,0.6933527232907855,1046.862060546875,0.08119398355484009,1046.862060546875
1582,18.230833053588867,43.25749969482422,0.6330690987437397,1087.2928466796875,0.11701467633247375,1087.2928466796875
1583,18.059999465942383,44.760833740234375,0.6795090367340627,1091.9931640625,0.12821167707443237,1091.9931640625
1584,17.898332595825195,50.92832946777344,0.6641730041482445,1025.1353759765625,0.0653846263885498,1025.1353759765625
1585,18.16583251953125,46.755001068115234,0.6561276339523183,1046.2047119140625,0.10211682319641113,1046.2047119140625
1586,17.913333892822266,40.288333892822266,0.6615515408073331,1078.9715576171875,0.14985588192939758,1078.9715576171875
1587,18.011667251586914,46.32083511352539,0.6481505352537549,1075.3797607421875,0.1164330542087555,1075.3797607421875
1588,18.560832977294922,52.95500183105469,0.6507634922426889,1087.5289306640625,0.1082112193107605,1087.5289306640625
1589,18.606666564941406,49.814998626708984,0.6729606776335645,1081.7391357421875,0.1174527108669281,1081.7391357421875
1590,17.735000610351562,44.358333587646484,0.6801593446590612,1091.0203857421875,0.09531271457672119,1091.0203857421875
1591,17.989166259765625,47.080833435058594,0.6231402743289828,1086.7254638671875,0.0963129997253418,1086.7254638671875
1592,18.308334350585938,46.83833312988281,0.6539168055838367,1067.13818359375,0.06655046343803406,1067.13818359375
1593,17.21500015258789,37.90416717529297,0.6098644462938169,1086.2158203125,0.2041223645210266,1086.2158203125
1594,17.954999923706055,44.518333435058594,0.6145393897732331,1076.374267578125,0.13258874416351318,1076.374267578125
1595,17.748332977294922,45.874168395996094,0.7085470226353398,1072.554931640625,0.12159651517868042,1072.554931640625
1596,17.741666793823242,44.942501068115234,0.6580425946519926,1106.6522216796875,0.13386932015419006,1106.6522216796875
1597,17.678333282470703,43.54083251953125,0.6685825361955009,1111.2508544921875,0.1624743640422821,1111.2508544921875
1598,17.887500762939453,45.78666687011719,0.6857925434325305,1067.0386962890625,0.1161949634552002,1067.0386962890625
1599,17.87583351135254,46.79750061035156,0.6497171667187619,1086.3824462890625,0.13163575530052185,1086.3824462890625
1600,18.226667404174805,47.27166748046875,0.6850063159681159,1085.3404541015625,0.08374875783920288,1085.3404541015625
1601,18.428333282470703,47.095001220703125,0.6649630139677523,1078.819580078125,0.07626909017562866,1078.819580078125
1602,17.40416717529297,42.733333587646484,0.6760041981573818,1031.63134765625,0.10214322805404663,1031.63134765625
1603,17.747501373291016,49.4908332824707,0.6515843878325545,1055.762939453125,0.10200253129005432,1055.762939453125
1604,17.980833053588867,46.195831298828125,0.671048618405711,1016.9484252929688,0.11089292168617249,1016.9484252929688
1605,18.244998931884766,50.32749938964844,0.6612159834231522,1106.4581298828125,0.10149800777435303,1106.4581298828125
1606,18.59833335876465,52.41749954223633,0.6495475414297409,1067.61376953125,0.07046136260032654,1067.61376953125
1607,18.196666717529297,46.67416763305664,0.6388619487657197,1085.662109375,0.10546070337295532,1085.662109375
1608,17.70250129699707,44.64249801635742,0.6561527748904169,1044.8109130859375,0.08680978417396545,1044.8109130859375
1609,17.97333335876465,48.39500045776367,0.6610874280474454,1014.0281982421875,0.09487372636795044,1014.0281982421875
1610,17.609167098999023,40.88166809082031,0.6813200671368046,1102.2218017578125,0.11927980184555054,1102.2218017578125
1611,17.84583282470703,48.105003356933594,0.6496233099079826,1070.1800537109375,0.07917359471321106,1070.1800537109375
1612,17.892499923706055,46.61833190917969,0.690104536877485,1052.5128173828125,0.08197832107543945,1052.5128173828125
1613,18.041667938232422,47.171669006347656,0.6780458556839204,1065.562255859375,0.11730065941810608,1065.562255859375
1614,18.05583381652832,48.647499084472656,0.6547893250644888,1052.7608642578125,0.0800885558128357,1052.7608642578125
1615,18.53499984741211,51.84666442871094,0.6569608592579635,1034.9481201171875,0.07988730072975159,1034.9481201171875
1616,18.899166107177734,51.89833068847656,0.6810631704864865,1080.657470703125,0.07166537642478943,1080.657470703125
1617,17.765832901000977,48.82499694824219,0.6809287076294331,1040.490234375,0.07936525344848633,1040.490234375
1618,18.15250015258789,48.211666107177734,0.6779516467578115,1090.544921875,0.12904468178749084,1090.544921875
1619,18.120832443237305,46.79499816894531,0.6707462939969234,1075.05029296875,0.10106819868087769,1075.05029296875
1620,17.57583236694336,42.84749984741211,0.6608683111163165,1066.871826171875,0.12601730227470398,1066.871826171875
1621,17.83416748046875,46.128334045410156,0.6810417258990062,1061.4937744140625,0.11789023876190186,1061.4937744140625
1622,17.7641658782959,49.31666564941406,0.6563963796351624,1079.129638671875,0.07219952344894409,1079.129638671875
1623,17.4950008392334,44.0533332824707,0.6794634105713897,1092.891845703125,0.12179246544837952,1092.891845703125
1624,17.755001068115234,45.97999954223633,0.6502446737325218,1100.1973876953125,0.09564414620399475,1100.1973876953125
1625,17.780832290649414,46.72083282470703,0.6568873948667122,1087.183349609375,0.12255412340164185,1087.183349609375
1626,17.926666259765625,43.850833892822266,0.675346716605518,1074.8343505859375,0.11768698692321777,1074.8343505859375
1627,18.62583351135254,53.47999954223633,0.6444294432993328,1063.10302734375,0.09055259823799133,1063.10302734375
1628,17.830833435058594,44.829166412353516,0.6986837828671645,1100.2060546875,0.19012898206710815,1100.2060546875
1629,17.815000534057617,47.33000183105469,0.6416439416569031,1103.4088134765625,0.09546279907226562,1103.4088134765625
1630,17.956666946411133,46.510833740234375,0.6732883969014384,1119.4071044921875,0.09870085120201111,1119.4071044921875
1631,17.70250129699707,45.320831298828125,0.6695337753864634,1025.6435546875,0.10101744532585144,1025.6435546875
1632,17.555831909179688,43.20249938964844,0.6522244692361711,1089.941650390625,0.0841245949268341,1089.941650390625
1633,18.045000076293945,49.41250228881836,0.6393211791687969,1066.1630859375,0.07811087369918823,1066.1630859375
1634,17.787500381469727,50.04916763305664,0.6389105289991953,1057.7198486328125,0.09396716952323914,1057.7198486328125
1635,17.671667098999023,45.997501373291016,0.6495259725459661,1077.888427734375,0.11846444010734558,1077.888427734375
1636,17.753332138061523,47.19416809082031,0.6698835867471802,1080.796630859375,0.09331247210502625,1080.796630859375
1637,18.156667709350586,50.288330078125,0.6706286184086193,1047.6011962890625,0.08946043252944946,1047.6011962890625
1638,17.81999969482422,49.1683349609375,0.6442004588161008,1053.017822265625,0.09618207812309265,1053.017822265625
1639,17.934167861938477,46.296669006347656,0.6649154429782942,1092.3123779296875,0.10151243209838867,1092.3123779296875
1640,17.385000228881836,48.076663970947266,0.6859861170428037,1054.14208984375,0.08870452642440796,1054.14208984375
1641,18.1733341217041,48.96833419799805,0.6451213738721142,1032.423095703125,0.09317588806152344,1032.423095703125
1642,17.88083267211914,45.99333572387695,0.7125798681951476,1092.7401123046875,0.10096248984336853,1092.7401123046875
1643,18.020000457763672,52.284996032714844,0.6556941230483853,1060.9471435546875,0.07212355732917786,1060.9471435546875
1644,18.059999465942383,41.61833190917969,0.6511056385273051,1094.4453125,0.12694421410560608,1094.4453125
1645,18.212499618530273,44.279998779296875,0.697231657699405,1099.2991943359375,0.0783526599407196,1099.2991943359375
1646,17.753332138061523,41.290836334228516,0.67790406654089,1083.5592041015625,0.08585846424102783,1083.5592041015625
1647,17.429166793823242,39.788333892822266,0.6836003692999362,1094.8104248046875,0.11622238159179688,1094.8104248046875
1648,18.36750030517578,46.40999984741211,0.6995121103465586,1061.1424560546875,0.13155853748321533,1061.1424560546875
1649,18.166667938232422,51.28750228881836,0.6732335159268519,1029.5335693359375,0.08693709969520569,1029.5335693359375
1650,18.65999984741211,53.143333435058594,0.6514677661776436,1093.595458984375,0.08215314149856567,1093.595458984375
1651,18.891666412353516,56.3408317565918,0.6323029715951769,1050.5347900390625,0.08317065238952637,1050.5347900390625
1652,18.18166732788086,51.07250213623047,0.6727690387740684,1034.6553955078125,0.07203233242034912,1034.6553955078125
1653,18.2358341217041,52.07250213623047,0.6867830814148516,1049.041015625,0.08022823929786682,1049.041015625
1654,18.429166793823242,51.320831298828125,0.6597659291704923,1077.2490234375,0.09482407569885254,1077.2490234375
1655,18.02083396911621,47.31916809082031,0.6620227385674808,1041.94677734375,0.11425256729125977,1041.94677734375
1656,18.04083251953125,47.170833587646484,0.6866364998582111,1048.1490478515625,0.10160559415817261,1048.1490478515625
1657,18.61750030517578,49.45333480834961,0.6207890495012353,1088.741943359375,0.08453011512756348,1088.741943359375
1658,17.758333206176758,49.643333435058594,0.683852372162228,1036.3343505859375,0.10113313794136047,1036.3343505859375
1659,18.487499237060547,47.62583541870117,0.6460807895078947,1086.4654541015625,0.0813010036945343,1086.4654541015625
1660,18.229167938232422,48.81166458129883,0.6666584665597315,1051.268310546875,0.10246506333351135,1051.268310546875
1661,19.06166648864746,53.105831146240234,0.6375573872549738,1098.9210205078125,0.07601228356361389,1098.9210205078125
1662,18.390832901000977,51.94249725341797,0.6753542486327577,1080.92236328125,0.0948927104473114,1080.92236328125
1663,17.600831985473633,46.96416473388672,0.6716063114159874,1049.45703125,0.0678306519985199,1049.45703125
1664,18.233333587646484,47.97083282470703,0.6566637173024596,1073.119873046875,0.09828439354896545,1073.119873046875
1665,17.739999771118164,45.52333450317383,0.7149852475240075,1039.3948974609375,0.0749971866607666,1039.3948974609375
1666,17.963333129882812,45.63750076293945,0.663200444694992,1116.918701171875,0.07203766703605652,1116.918701171875
1667,18.229999542236328,50.89750289916992,0.6279072573947322,1051.6890869140625,0.08407968282699585,1051.6890869140625
1668,18.365833282470703,50.47916793823242,0.6058899772019435,1115.1673583984375,0.12159085273742676,1115.1673583984375
1669,17.448333740234375,41.70000076293945,0.7033827241938083,1062.64208984375,0.12705790996551514,1062.64208984375
1670,18.530834197998047,51.114166259765625,0.6618684862698885,1064.1376953125,0.1034913957118988,1064.1376953125
1671,18.619998931884766,52.83916473388672,0.669339949694759,1055.1478271484375,0.0844709575176239,1055.1478271484375
1672,18.588333129882812,51.55083465576172,0.6762622312123118,1067.0958251953125,0.0925416648387909,1067.0958251953125
1673,17.558332443237305,46.70916748046875,0.6501470448036522,1080.4984130859375,0.09679841995239258,1080.4984130859375
1674,17.671667098999023,41.63333511352539,0.6809040395663499,1091.6234130859375,0.08183032274246216,1091.6234130859375
1675,18.092498779296875,47.00166702270508,0.6421137249410913,1078.757568359375,0.09513935446739197,1078.757568359375
1676,17.32833480834961,42.2158317565918,0.6799015935422268,1060.29638671875,0.096425861120224,1060.29638671875
1677,16.897499084472656,39.763336181640625,0.6563762461393069,1104.42822265625,0.14408105611801147,1104.42822265625
1678,18.09083366394043,46.99749755859375,0.6685539768336614,1052.2620849609375,0.10963207483291626,1052.2620849609375
1679,18.142499923706055,53.53333282470703,0.6465477936758387,1003.685302734375,0.07449159026145935,1003.685302734375
1680,17.934167861938477,46.313331604003906,0.7103948824364055,1094.4244384765625,0.08366501331329346,1094.4244384765625
1681,17.79083251953125,46.18916702270508,0.6966271503850495,1075.075439453125,0.1396704912185669,1075.075439453125
1682,17.980833053588867,46.82500076293945,0.690382108258956,1057.1044921875,0.09864106774330139,1057.1044921875
1683,18.182498931884766,48.36666488647461,0.6868658992582288,1043.3695068359375,0.13531944155693054,1043.3695068359375
1684,18.03583335876465,45.025001525878906,0.6639885582574204,1029.31103515625,0.1152072548866272,1029.31103515625
1685,18.15416717529297,48.621665954589844,0.7171147563008903,1070.5472412109375,0.09473434090614319,1070.5472412109375
1686,17.99916648864746,46.74916458129883,0.6958070867492631,1065.9302978515625,0.07447770237922668,1065.9302978515625
1687,18.47083282470703,53.90666580200195,0.7094494770082331,1030.0584716796875,0.1142694354057312,1030.0584716796875
1688,18.450834274291992,50.69333267211914,0.6835839087493454,1026.586181640625,0.09205177426338196,1026.586181640625
1689,18.155832290649414,49.44583511352539,0.6843421433467034,1020.8174438476562,0.11492890119552612,1020.8174438476562
1690,17.505001068115234,45.149166107177734,0.6501677790219442,1051.0279541015625,0.09628993272781372,1051.0279541015625
1691,18.04833221435547,48.0,0.6532919313483797,1060.715087890625,0.11005893349647522,1060.715087890625
1692,17.572500228881836,44.1341667175293,0.7041414322455666,1098.8299560546875,0.10414865612983704,1098.8299560546875
1693,18.25583267211914,50.95333480834961,0.7135033645849901,1073.344970703125,0.08412742614746094,1073.344970703125
1694,17.957500457763672,43.66666793823242,0.708890331698283,1091.4876708984375,0.11028379201889038,1091.4876708984375
1695,18.483333587646484,52.782501220703125,0.6429078954710272,1060.16796875,0.08959642052650452,1060.16796875
1696,18.623332977294922,51.43000030517578,0.6451016705776855,1079.1583251953125,0.11325344443321228,1079.1583251953125
1697,18.07499885559082,47.17499923706055,0.6918424788772164,1047.8994140625,0.09938263893127441,1047.8994140625
1698,18.178333282470703,47.59333419799805,0.7069945700352835,1085.6158447265625,0.08250579237937927,1085.6158447265625
1699,18.529998779296875,49.94750213623047,0.6522704673968651,1092.701416015625,0.08312135934829712,1092.701416015625
1700,17.920000076293945,47.65250015258789,0.6898193018619362,1041.8653564453125,0.10035878419876099,1041.8653564453125
1701,18.648334503173828,52.90666961669922,0.6284871365905291,1093.4949951171875,0.07839459180831909,1093.4949951171875
1702,17.780000686645508,42.483333587646484,0.7081700283084993,1112.5848388671875,0.13649991154670715,1112.5848388671875
1703,18.797500610351562,50.59833526611328,0.6141594012559977,1078.576904296875,0.06950497627258301,1078.576904296875
1704,18.02750015258789,50.64083480834961,0.6704901200305893,1053.2235107421875,0.07763409614562988,1053.2235107421875
1705,18.004167556762695,51.84666442871094,0.6932911216747373,1025.128173828125,0.06892707943916321,1025.128173828125
1706,18.377498626708984,49.10916519165039,0.6771326268910736,1043.4559326171875,0.07674857974052429,1043.4559326171875
1707,17.65916633605957,48.0433349609375,0.6794272855238825,1069.515380859375,0.09951955080032349,1069.515380859375
1708,18.6733341217041,54.453330993652344,0.6615476940952518,1061.0020751953125,0.07878285646438599,1061.0020751953125
1709,17.88249969482422,45.0283317565918,0.7170875965610786,1123.9613037109375,0.1238347589969635,1123.9613037109375
1710,19.046667098999023,56.272499084472656,0.6563481986177766,1062.6180419921875,0.1030290424823761,1062.6180419921875
1711,19.1825008392334,52.059165954589844,0.689781919922696,1073.314453125,0.09189945459365845,1073.314453125
1712,18.02166748046875,45.480831146240234,0.6977510556862596,1088.08740234375,0.09575727581977844,1088.08740234375
1713,17.743331909179688,46.198333740234375,0.675429105302971,1091.6009521484375,0.11931091547012329,1091.6009521484375
1714,17.886667251586914,48.27583312988281,0.6616234352788262,1076.68359375,0.08022081851959229,1076.68359375
1715,17.547500610351562,40.706668853759766,0.7041330481393553,1081.8743896484375,0.12857940793037415,1081.8743896484375
1716,17.216665267944336,42.29083251953125,0.6363045779391077,1074.8787841796875,0.12875136733055115,1074.8787841796875
1717,17.20333480834961,40.59083557128906,0.6710904861621281,1087.449462890625,0.14276844263076782,1087.449462890625
1718,17.31333351135254,44.71083450317383,0.6910060554964585,1026.807861328125,0.11296045780181885,1026.807861328125
1719,17.394166946411133,45.66583251953125,0.6863544573334244,1086.4151611328125,0.09765568375587463,1086.4151611328125
1720,18.540834426879883,54.94416809082031,0.6733410483272393,1065.6998291015625,0.07396712899208069,1065.6998291015625
1721,18.483333587646484,52.869163513183594,0.6492069477074816,1059.0078125,0.08445248007774353,1059.0078125
1722,18.406667709350586,53.926666259765625,0.6478744716788382,1025.96484375,0.07984331250190735,1025.96484375
1723,17.84749984741211,48.374168395996094,0.6978929710210916,1097.80419921875,0.09167194366455078,1097.80419921875
1724,18.150833129882812,48.84166717529297,0.6890354896194868,1093.2740478515625,0.08821520209312439,1093.2740478515625
1725,17.810001373291016,48.15500259399414,0.6914520384476901,1069.679931640625,0.08992090821266174,1069.679931640625
1726,17.895832061767578,44.07083511352539,0.6775394040954852,1070.380859375,0.07164329290390015,1070.380859375
1727,18.28999900817871,50.58833312988281,0.6722387247276786,1059.4659423828125,0.10097700357437134,1059.4659423828125
1728,17.724166870117188,46.204166412353516,0.7052341861120276,1080.8782958984375,0.10408419370651245,1080.8782958984375
1729,18.043333053588867,46.811668395996094,0.6906634374483096,1103.05224609375,0.1221538782119751,1103.05224609375
1730,18.432498931884766,48.60750198364258,0.6451753093614327,1047.046875,0.0742826759815216,1047.046875
1731,18.066667556762695,47.82416534423828,0.6548242429788591,1069.993896484375,0.0788162350654602,1069.993896484375
1732,17.75666618347168,44.13749694824219,0.6775601839171532,1073.11865234375,0.10363912582397461,1073.11865234375
1733,17.545000076293945,48.71916961669922,0.6909281714179332,1049.400634765625,0.07721862196922302,1049.400634765625
1734,17.945833206176758,50.11916732788086,0.6824422681730478,1017.5593872070312,0.08858957886695862,1017.5593872070312
1735,17.614166259765625,45.587501525878906,0.6671116240518628,1093.83642578125,0.08225172758102417,1093.83642578125
1736,18.17249870300293,50.05583190917969,0.7032599445397947,1040.5308837890625,0.09843176603317261,1040.5308837890625
1737,17.491666793823242,44.87333297729492,0.6790683846169547,1068.82373046875,0.10871905088424683,1068.82373046875
1738,18.18166732788086,47.03333282470703,0.6231848591700455,1056.4527587890625,0.0860813558101654,1056.4527587890625
1739,18.1299991607666,49.19416427612305,0.67927571120063,1060.6429443359375,0.0962992012500763,1060.6429443359375
1740,17.711666107177734,47.334999084472656,0.7166294294450062,1057.2762451171875,0.09466210007667542,1057.2762451171875
1741,17.6875,49.61333465576172,0.6719770889554757,1047.9874267578125,0.0899718701839447,1047.9874267578125
1742,18.211668014526367,49.90250015258789,0.7005876860193465,1104.6004638671875,0.08870181441307068,1104.6004638671875
1743,17.98666763305664,49.74333190917969,0.6867359700736158,1050.9722900390625,0.09398549795150757,1050.9722900390625
1744,17.968332290649414,49.12916564941406,0.667917670206939,1064.3948974609375,0.08828485012054443,1064.3948974609375
1745,18.336668014526367,49.811668395996094,0.6774171410712653,1073.9014892578125,0.06814280152320862,1073.9014892578125
1746,17.725000381469727,47.579166412353516,0.6692643308252254,1087.690185546875,0.1301528513431549,1087.690185546875
1747,17.053333282470703,37.30833053588867,0.6510932605002097,1077.47607421875,0.11441880464553833,1077.47607421875
1748,18.366666793823242,50.20083236694336,0.6816557346644079,1097.036865234375,0.10017925500869751,1097.036865234375
1749,17.304166793823242,44.09583282470703,0.6932659363756833,1033.7210693359375,0.11698359251022339,1033.7210693359375
1750,17.947500228881836,47.727500915527344,0.7070159128738791,1091.7872314453125,0.0781165361404419,1091.7872314453125
1751,18.113332748413086,50.910003662109375,0.676942174973946,1050.00732421875,0.08571156859397888,1050.00732421875
1752,17.552499771118164,44.70916748046875,0.6796731564038091,1056.7325439453125,0.09335529804229736,1056.7325439453125
1753,17.97833251953125,49.06999969482422,0.6599177934244099,1046.62744140625,0.09580409526824951,1046.62744140625
1754,17.913333892822266,49.619998931884766,0.6482119567419927,1068.99609375,0.06771597266197205,1068.99609375
1755,18.300832748413086,49.35333251953125,0.7053622292178023,1074.7899169921875,0.08412382006645203,1074.7899169921875
1756,18.68083381652832,53.535831451416016,0.7013588199265073,1085.4608154296875,0.08821797370910645,1085.4608154296875
1757,17.85416603088379,51.3125,0.6533937118979083,1035.8714599609375,0.07725885510444641,1035.8714599609375
1758,17.950000762939453,48.04500198364258,0.6795665975542375,1052.492919921875,0.08456939458847046,1052.492919921875
1759,17.796667098999023,47.48749923706055,0.7148384579129143,1046.66943359375,0.08274674415588379,1046.66943359375
1760,18.633333206176758,51.68083190917969,0.6668662866209967,1073.862548828125,0.06595936417579651,1073.862548828125
1761,17.649166107177734,46.77750015258789,0.6768662731863853,1077.5616455078125,0.11747175455093384,1077.5616455078125
1762,18.450834274291992,55.0191650390625,0.6783111659858708,1024.2161865234375,0.07704243063926697,1024.2161865234375
1763,17.84749984741211,42.334999084472656,0.6687287242976798,1080.196533203125,0.08566746115684509,1080.196533203125
1764,18.390832901000977,53.21000289916992,0.7133987947218936,1050.7431640625,0.08723711967468262,1050.7431640625
1765,18.08333396911621,48.682498931884766,0.7034183477835085,1059.4111328125,0.0726940929889679,1059.4111328125
1766,17.86166763305664,49.98749923706055,0.6965073063117164,1080.896728515625,0.08502432703971863,1080.896728515625
1767,17.387500762939453,44.23666763305664,0.7044667586181256,1069.4876708984375,0.08520340919494629,1069.4876708984375
1768,17.22916603088379,43.171669006347656,0.6898962175674561,1114.39111328125,0.146980881690979,1114.39111328125
1769,18.022499084472656,52.045833587646484,0.6821205604732563,1059.135498046875,0.07298001646995544,1059.135498046875
1770,18.170833587646484,49.03416442871094,0.7040942239542924,1066.9815673828125,0.09412801265716553,1066.9815673828125
1771,17.843332290649414,46.56083297729492,0.6931012538765398,1114.7540283203125,0.10240399837493896,1114.7540283203125
1772,17.75,48.06916809082031,0.6972040106138494,1057.7757568359375,0.08238106966018677,1057.7757568359375
1773,17.875,49.03916549682617,0.7014672764580978,1077.449951171875,0.10653728246688843,1077.449951171875
1774,17.79916763305664,52.99833297729492,0.7224415243141112,1049.9266357421875,0.08916789293289185,1049.9266357421875
1775,17.2549991607666,43.96833419799805,0.6998230220965993,1087.0972900390625,0.14563655853271484,1087.0972900390625
1776,17.5625,43.598331451416016,0.6780675169943233,1084.417236328125,0.09306883811950684,1084.417236328125
1777,17.482500076293945,44.74250030517578,0.6307322509965133,1100.9178466796875,0.09528106451034546,1100.9178466796875
1778,18.790000915527344,57.78750228881836,0.6676178937341257,1081.857666015625,0.08109486103057861,1081.857666015625
1779,17.645832061767578,47.147499084472656,0.6640047508690093,1071.8927001953125,0.06849533319473267,1071.8927001953125
1780,17.48750114440918,43.83916473388672,0.6569456397663258,1069.865478515625,0.0930781364440918,1069.865478515625
1781,17.510833740234375,44.10499954223633,0.6651439278497581,1087.1014404296875,0.10226824879646301,1087.1014404296875
1782,17.765832901000977,46.0716667175293,0.7071987579260013,1103.0341796875,0.09166160225868225,1103.0341796875
1783,17.633333206176758,50.54249572753906,0.6750433408214507,1067.07763671875,0.08265838027000427,1067.07763671875
1784,18.09666633605957,49.11499786376953,0.6505060547376029,1042.2630615234375,0.10306262969970703,1042.2630615234375
1785,18.043333053588867,51.73249816894531,0.6870608716115748,1025.1707763671875,0.07741126418113708,1025.1707763671875
1786,17.79083251953125,48.36083221435547,0.6589901925389038,1076.6175537109375,0.11836647987365723,1076.6175537109375
1787,17.86250114440918,48.99166488647461,0.7009035816000128,1068.7568359375,0.0743342936038971,1068.7568359375
1788,18.38083267211914,52.9474983215332,0.654062731777932,1083.828857421875,0.08476632833480835,1083.828857421875
1789,17.59666633605957,49.68083190917969,0.6380133401378301,1029.9031982421875,0.07329937815666199,1029.9031982421875
1790,17.705833435058594,48.22249984741211,0.7391393354986938,1053.6956787109375,0.0916023850440979,1053.6956787109375
1791,17.90166664123535,47.919166564941406,0.7115437918628758,1085.4775390625,0.08584797382354736,1085.4775390625
1792,18.030832290649414,47.59666442871094,0.6671216478926093,1101.6240234375,0.09318545460700989,1101.6240234375
1793,18.02916717529297,48.8408317565918,0.7117457531286898,1088.7099609375,0.06911212205886841,1088.7099609375
1794,18.74333381652832,51.28916549682617,0.6816346680978013,1076.2333984375,0.08837750554084778,1076.2333984375
1795,18.25749969482422,48.32416915893555,0.6685072912573613,1056.695068359375,0.08251714706420898,1056.695068359375
1796,18.46500015258789,57.31916427612305,0.6672669377572892,1057.5465087890625,0.07655799388885498,1057.5465087890625
1797,18.003332138061523,51.78499984741211,0.6380870497224723,1061.950439453125,0.07371598482131958,1061.950439453125
1798,17.650833129882812,47.68083572387695,0.6954522809076573,1080.916259765625,0.07720303535461426,1080.916259765625
1799,17.57750129699707,47.470001220703125,0.647519658798251,1055.0062255859375,0.11208882927894592,1055.0062255859375
1800,17.503334045410156,45.25,0.6680727463394269,1069.64990234375,0.08329829573631287,1069.64990234375
1801,18.455833435058594,52.999996185302734,0.6554006788318213,1060.699462890625,0.07861870527267456,1060.699462890625
1802,17.727500915527344,47.22249984741211,0.6969165547675622,1100.6336669921875,0.09616705775260925,1100.6336669921875
1803,17.990833282470703,50.970001220703125,0.669484357222107,1058.480712890625,0.0848749577999115,1058.480712890625
1804,17.530832290649414,45.55666732788086,0.6973113656519005,1091.33935546875,0.0834464430809021,1091.33935546875
1805,17.684165954589844,47.83500289916992,0.6672059737116841,1130.118408203125,0.08252650499343872,1130.118408203125
1806,17.712501525878906,50.37916946411133,0.6687061123463742,1038.7535400390625,0.07606971263885498,1038.7535400390625
1807,17.565832138061523,50.0533332824707,0.7180715536560919,1116.79345703125,0.08267763257026672,1116.79345703125
1808,17.78499984741211,49.776668548583984,0.6949413317370857,1082.853271484375,0.09498035907745361,1082.853271484375
1809,17.202499389648438,46.36083221435547,0.6943690392618762,1077.3736572265625,0.09279763698577881,1077.3736572265625
1810,17.41666603088379,43.049163818359375,0.7366680012152401,1111.251708984375,0.0951196551322937,1111.251708984375
1811,17.176666259765625,44.08833312988281,0.6871248647771977,1088.5531005859375,0.07308879494667053,1088.5531005859375
1812,17.497499465942383,53.200836181640625,0.7108826126990944,1066.591796875,0.07596787810325623,1066.591796875
1813,17.680831909179688,46.75166702270508,0.7035415274737804,1041.9349365234375,0.12070310115814209,1041.9349365234375
1814,17.911666870117188,44.67583465576172,0.7051672352476259,1102.4686279296875,0.11190828680992126,1102.4686279296875
1815,17.475000381469727,49.285831451416016,0.6540242197752941,1059.171875,0.1019827127456665,1059.171875
1816,17.941667556762695,54.03916931152344,0.6957426598064884,1045.2808837890625,0.06593507528305054,1045.2808837890625
1817,17.406665802001953,50.37083435058594,0.7048600517300732,1034.394287109375,0.07431390881538391,1034.394287109375
1818,17.24916648864746,44.68916702270508,0.6990872020886973,1072.5369873046875,0.08116713166236877,1072.5369873046875
1819,17.879167556762695,48.91749954223633,0.6818789167972487,1056.0487060546875,0.061101168394088745,1056.0487060546875
1820,17.86750030517578,49.8216667175293,0.7129429588935063,1085.665771484375,0.11495953798294067,1085.665771484375
1821,17.398334503173828,49.709999084472656,0.6996672719813474,1053.4105224609375,0.07385021448135376,1053.4105224609375
1822,17.45083236694336,46.875,0.7011198247696979,1049.7457275390625,0.09331086277961731,1049.7457275390625
1823,17.475000381469727,46.74250030517578,0.6943275923053289,1048.010498046875,0.10217204689979553,1048.010498046875
1824,17.914167404174805,48.29916763305664,0.7448022177430652,1083.5721435546875,0.08129578828811646,1083.5721435546875
1825,17.997499465942383,48.57583236694336,0.6904869527752152,1058.32861328125,0.06775233149528503,1058.32861328125
1826,17.75666618347168,48.34749984741211,0.6825732407654663,1074.6741943359375,0.06755372881889343,1074.6741943359375
1827,17.77250099182129,47.55666732788086,0.6996332174115045,1085.28173828125,0.07587474584579468,1085.28173828125
1828,18.572500228881836,57.711666107177734,0.6622085164353064,1018.123291015625,0.0657694935798645,1018.123291015625
1829,18.487499237060547,52.6099967956543,0.690743268436262,1080.1790771484375,0.10992071032524109,1080.1790771484375
1830,17.462499618530273,46.954166412353516,0.6838288882891602,1040.7227783203125,0.08534136414527893,1040.7227783203125
1831,18.080833435058594,47.8841667175293,0.7322408113137582,1112.696533203125,0.09074985980987549,1112.696533203125
1832,17.700000762939453,44.53666687011719,0.6973246134435769,1087.0982666015625,0.10160228610038757,1087.0982666015625
1833,18.32666778564453,49.21750259399414,0.6618621363180772,1083.330810546875,0.09747454524040222,1083.330810546875
1834,18.24416732788086,50.14250183105469,0.6604970055736108,1085.883544921875,0.08775216341018677,1085.883544921875
1835,17.489166259765625,45.06333541870117,0.7513701524370816,1092.5501708984375,0.0810709297657013,1092.5501708984375
1836,17.555831909179688,41.27000045776367,0.7011144195718396,1106.7393798828125,0.11517632007598877,1106.7393798828125
1837,18.522499084472656,52.15083312988281,0.7168514543547012,1089.3055419921875,0.10128778219223022,1089.3055419921875
1838,17.54166603088379,46.94583511352539,0.7107547920657167,1124.09716796875,0.09882903099060059,1124.09716796875
1839,18.003332138061523,50.39083480834961,0.7091223576566466,1073.83984375,0.09654584527015686,1073.83984375
1840,18.39583396911621,53.3841667175293,0.7059085000945342,1081.531494140625,0.08223521709442139,1081.531494140625
1841,17.84166717529297,47.2591667175293,0.6879945673138832,1081.26220703125,0.08380481600761414,1081.26220703125
1842,17.446666717529297,44.815834045410156,0.7194485402899221,1102.11962890625,0.11637124419212341,1102.11962890625
1843,18.205833435058594,48.81916809082031,0.675627501671679,1096.7431640625,0.10401985049247742,1096.7431640625
1844,17.47916603088379,44.58833312988281,0.6987890412946685,1064.0133056640625,0.15071573853492737,1064.0133056640625
1845,18.017499923706055,46.4033317565918,0.6933471863364193,1101.715576171875,0.07640182971954346,1101.715576171875
1846,18.18166732788086,45.62999725341797,0.7461580796773276,1089.32421875,0.08923277258872986,1089.32421875
1847,17.824167251586914,48.489166259765625,0.6840761982565702,1044.93994140625,0.08411058783531189,1044.93994140625
1848,17.453332901000977,44.56916809082031,0.685172737930412,1084.781494140625,0.10138523578643799,1084.781494140625
1849,18.13083267211914,48.86916732788086,0.6965725142015293,1104.1788330078125,0.07470440864562988,1104.1788330078125
1850,17.4375,47.432498931884766,0.7169306725573656,1058.60498046875,0.09756553173065186,1058.60498046875
1851,17.34000015258789,44.48249816894531,0.7087329911115776,1092.1014404296875,0.06817588210105896,1092.1014404296875
1852,18.011667251586914,49.105831146240234,0.6946068299043044,1069.4937744140625,0.08548414707183838,1069.4937744140625
1853,16.990833282470703,45.93166732788086,0.6883524325096412,1065.736572265625,0.10567283630371094,1065.736572265625
1854,17.72833251953125,44.52333450317383,0.6896995332257544,1086.5152587890625,0.11019715666770935,1086.5152587890625
1855,18.22749900817871,53.752498626708984,0.6765337308310482,1051.8629150390625,0.07698267698287964,1051.8629150390625
1856,17.609167098999023,48.165000915527344,0.6932651259416098,1077.0902099609375,0.12938565015792847,1077.0902099609375
1857,17.450000762939453,46.49916458129883,0.6500519957669244,1103.2955322265625,0.07887998223304749,1103.2955322265625
1858,16.97166633605957,45.0716667175293,0.66857987841017,1064.535400390625,0.0938015878200531,1064.535400390625
1859,17.495832443237305,48.82250213623047,0.7092133720232663,1085.586669921875,0.0725027322769165,1085.586669921875
1860,18.20083236694336,52.416664123535156,0.7033998657358209,1103.4271240234375,0.06454852223396301,1103.4271240234375
1861,17.581666946411133,44.21583557128906,0.6528881354886094,1076.946533203125,0.10162100195884705,1076.946533203125
1862,18.26249885559082,48.717498779296875,0.6548997953874363,1088.2066650390625,0.10084977746009827,1088.2066650390625
1863,17.40916633605957,47.1341667175293,0.6792433387614245,1133.9619140625,0.08781486749649048,1133.9619140625
1864,17.434165954589844,45.698333740234375,0.6927551962255056,1107.191650390625,0.13245168328285217,1107.191650390625
1865,17.724166870117188,52.62083435058594,0.6856913119890636,1082.190185546875,0.0675995945930481,1082.190185546875
1866,17.485000610351562,42.74250030517578,0.6860970564516081,1114.2847900390625,0.09317231178283691,1114.2847900390625
1867,17.303333282470703,46.4466667175293,0.6914022403416467,1072.4229736328125,0.07631608843803406,1072.4229736328125
1868,17.2983341217041,48.57416915893555,0.6883537622874777,1037.3109130859375,0.13253828883171082,1037.3109130859375
1869,17.81999969482422,46.209163665771484,0.671727065084353,1096.535888671875,0.07751411199569702,1096.535888671875
1870,17.54833221435547,44.96249771118164,0.7071727893627568,1094.5555419921875,0.09386265277862549,1094.5555419921875
1871,17.178333282470703,46.849998474121094,0.6942554712092072,1061.641357421875,0.09805059432983398,1061.641357421875
1872,17.87416648864746,47.47666549682617,0.6962749060060884,1085.6505126953125,0.07474896311759949,1085.6505126953125
1873,17.67333221435547,47.662498474121094,0.7071293315004635,1073.513916015625,0.10052523016929626,1073.513916015625
1874,17.948333740234375,48.50833511352539,0.7168431565168814,1066.269287109375,0.0708649754524231,1066.269287109375
1875,17.8700008392334,48.6341667175293,0.7084460996849389,1120.905517578125,0.09547314047813416,1120.905517578125
1876,17.61750030517578,50.98999786376953,0.6940931867219665,1067.9356689453125,0.06982859969139099,1067.9356689453125
1877,17.60500144958496,45.81666564941406,0.6843142785182704,1097.843994140625,0.09228840470314026,1097.843994140625
1878,17.84666633605957,49.38833236694336,0.7073091875238338,1084.0440673828125,0.09243696928024292,1084.0440673828125
1879,17.463333129882812,46.58833312988281,0.7039021063601155,1058.17431640625,0.08936300873756409,1058.17431640625
1880,17.664167404174805,50.78583526611328,0.67537530375804,1060.2464599609375,0.08403775095939636,1060.2464599609375
1881,17.775001525878906,48.78166580200195,0.6924675305687817,1101.64013671875,0.07674956321716309,1101.64013671875
1882,17.252500534057617,44.576663970947266,0.7041918477635505,1064.496337890625,0.09046816825866699,1064.496337890625
1883,17.794166564941406,49.18583297729492,0.694329074313994,1070.8948974609375,0.08237770199775696,1070.8948974609375
1884,17.40999984741211,48.61833572387695,0.6696253938512342,1054.3673095703125,0.09227672219276428,1054.3673095703125
1885,17.88083267211914,53.63916778564453,0.668403941650952,1043.985595703125,0.06477919220924377,1043.985595703125
1886,18.448333740234375,53.87916564941406,0.6721734141518259,1076.48193359375,0.08866807818412781,1076.48193359375
1887,17.80666732788086,45.04500198364258,0.6979414759809397,1055.627685546875,0.10602948069572449,1055.627685546875
1888,17.976667404174805,50.973331451416016,0.7005764170720927,1037.6622314453125,0.08056223392486572,1037.6622314453125
1889,18.023332595825195,50.45750045776367,0.721223341425824,1103.3714599609375,0.06983810663223267,1103.3714599609375
1890,19.205833435058594,59.73332977294922,0.6951565275441156,1087.170166015625,0.07439586520195007,1087.170166015625
1891,17.821666717529297,50.1349983215332,0.7202612523628411,1080.5665283203125,0.0665166974067688,1080.5665283203125
1892,18.69499969482422,54.709999084472656,0.7144403416064754,1061.1585693359375,0.071939617395401,1061.1585693359375
1893,18.175832748413086,50.50166702270508,0.6910327465726787,1081.2825927734375,0.06173095107078552,1081.2825927734375
1894,17.93000030517578,48.78750228881836,0.7030715219712106,1065.66943359375,0.08106374740600586,1065.66943359375
1895,17.815000534057617,46.45833206176758,0.6914687691337638,1083.036865234375,0.09193253517150879,1083.036865234375
1896,17.65416717529297,45.459999084472656,0.7094482944355418,1056.0025634765625,0.08010542392730713,1056.0025634765625
1897,17.635000228881836,46.71500015258789,0.7068500256790238,1073.1634521484375,0.08506724238395691,1073.1634521484375
1898,18.86333465576172,51.30916976928711,0.6657774579885987,1088.23486328125,0.07647958397865295,1088.23486328125
1899,17.93666648864746,48.98833465576172,0.7027451038033234,1073.205322265625,0.08705765008926392,1073.205322265625
1900,18.21666717529297,49.3466682434082,0.7045381274234102,1113.400146484375,0.07679867744445801,1113.400146484375
1901,17.524999618530273,45.45000076293945,0.688205761907924,1054.1060791015625,0.10437867045402527,1054.1060791015625
1902,17.498332977294922,45.22833251953125,0.7083044725518954,1082.6715087890625,0.10155317187309265,1082.6715087890625
1903,18.404998779296875,51.570831298828125,0.6366546817635382,1083.6912841796875,0.10955992341041565,1083.6912841796875
1904,17.919166564941406,49.918331146240234,0.7138710228176766,1060.012939453125,0.09045299887657166,1060.012939453125
1905,17.197500228881836,45.19333267211914,0.6532321419827423,1043.5369873046875,0.05791798233985901,1043.5369873046875
1906,17.774166107177734,51.87666320800781,0.7138284058197504,1050.1607666015625,0.0849747359752655,1050.1607666015625
1907,18.190834045410156,48.166664123535156,0.7292649873026307,1082.339599609375,0.10209813714027405,1082.339599609375
1908,18.21416664123535,52.30167007446289,0.6324677651935643,1054.5316162109375,0.1091751754283905,1054.5316162109375
1909,17.76333236694336,47.36166763305664,0.7095840093494631,1052.0050048828125,0.09334483742713928,1052.0050048828125
1910,17.843332290649414,46.87333297729492,0.6938677440597816,1054.7371826171875,0.07882720232009888,1054.7371826171875
1911,17.86083221435547,45.310001373291016,0.7023815942455711,1082.841552734375,0.09064531326293945,1082.841552734375
1912,17.767499923706055,49.369163513183594,0.6900282156926136,1055.1771240234375,0.08959329128265381,1055.1771240234375
1913,17.46500015258789,49.32666778564453,0.6801987360299999,1055.2198486328125,0.083102285861969,1055.2198486328125
1914,18.11166763305664,49.2216682434082,0.6879277454128259,1067.3470458984375,0.07867789268493652,1067.3470458984375
1915,17.650833129882812,45.70333480834961,0.6878917754338834,1057.099609375,0.06878072023391724,1057.099609375
1916,17.34666633605957,45.26416778564453,0.6670115033002044,1064.73095703125,0.09095478057861328,1064.73095703125
1917,17.608333587646484,45.43833541870117,0.7081780636305781,1078.3642578125,0.10928091406822205,1078.3642578125
1918,17.960832595825195,50.7066650390625,0.6857225292887137,1060.3994140625,0.08019435405731201,1060.3994140625
1919,17.225833892822266,46.815834045410156,0.7033226514215583,1054.876220703125,0.08199939131736755,1054.876220703125
1920,18.079999923706055,53.787498474121094,0.6954582656963172,1089.7584228515625,0.08838504552841187,1089.7584228515625
1921,17.49333381652832,48.52000045776367,0.7300947384711539,1076.2530517578125,0.07471606135368347,1076.2530517578125
1922,17.947500228881836,47.28499984741211,0.6472296535291515,1078.2353515625,0.09119477868080139,1078.2353515625
1923,17.815832138061523,46.71833038330078,0.7353622099505837,1133.9495849609375,0.08038961887359619,1133.9495849609375
1924,17.428333282470703,44.20249938964844,0.7236298589938019,1101.869384765625,0.10762074589729309,1101.869384765625
1925,17.460832595825195,45.535831451416016,0.6863766915464471,1100.476806640625,0.08935734629631042,1100.476806640625
1926,17.55000114440918,46.211666107177734,0.7124202595017513,1085.104736328125,0.09144771099090576,1085.104736328125
1927,18.31833267211914,51.424171447753906,0.6937938907540946,1049.1986083984375,0.09196606278419495,1049.1986083984375
1928,17.352500915527344,46.54750061035156,0.7163762409145521,1082.3248291015625,0.08396261930465698,1082.3248291015625
1929,18.045000076293945,52.477500915527344,0.6784747036520672,1073.5400390625,0.07007178664207458,1073.5400390625
1930,17.545000076293945,44.10166931152344,0.6828568263061827,1077.7061767578125,0.10283041000366211,1077.7061767578125
1931,17.674165725708008,46.692501068115234,0.7069563920258549,1117.5462646484375,0.10202336311340332,1117.5462646484375
1932,17.815000534057617,50.290000915527344,0.6762193900687965,1090.4344482421875,0.08108502626419067,1090.4344482421875
1933,18.11166763305664,51.88582992553711,0.6826760714625801,1075.1295166015625,0.07292994856834412,1075.1295166015625
1934,18.7450008392334,56.56916427612305,0.7289405119419536,1072.493408203125,0.07180571556091309,1072.493408203125
1935,18.11750030517578,48.76750183105469,0.6964875940935176,1086.165771484375,0.0850042998790741,1086.165771484375
1936,18.16583251953125,51.64666748046875,0.6993864654364879,1117.0328369140625,0.08530011773109436,1117.0328369140625
1937,17.28583335876465,45.06833267211914,0.6758535111533837,1094.7205810546875,0.09643644094467163,1094.7205810546875
1938,18.319168090820312,51.30833435058594,0.6485398844257079,1076.5760498046875,0.08353772759437561,1076.5760498046875
1939,17.65250015258789,45.17333221435547,0.7073806682484147,1077.0863037109375,0.08540555834770203,1077.0863037109375
1940,18.395000457763672,55.36666488647461,0.6940884957320688,1077.80126953125,0.09290149807929993,1077.80126953125
1941,18.34833335876465,52.3216667175293,0.6531335685964242,1034.60791015625,0.08292263746261597,1034.60791015625
1942,17.960832595825195,47.04750061035156,0.6899446518178312,1078.8436279296875,0.09279388189315796,1078.8436279296875
1943,18.28583335876465,52.07499694824219,0.6549093892167728,1055.411865234375,0.08261990547180176,1055.411865234375
1944,18.47083282470703,54.823333740234375,0.6971073279070126,1055.09521484375,0.06775820255279541,1055.09521484375
1945,17.961666107177734,46.869998931884766,0.7144132521968254,1072.85986328125,0.10156744718551636,1072.85986328125
1946,18.0049991607666,47.54916763305664,0.6989497461483207,1072.6949462890625,0.08171838521957397,1072.6949462890625
1947,17.421667098999023,44.93000030517578,0.7004891381380255,1076.09326171875,0.08000767230987549,1076.09326171875
1948,18.289167404174805,48.72916793823242,0.6830053410947532,1063.239013671875,0.07308050990104675,1063.239013671875
1949,17.732500076293945,46.66416549682617,0.7161567629603809,1082.46240234375,0.08497610688209534,1082.46240234375
1950,18.342498779296875,45.82749938964844,0.7063567715966612,1115.3341064453125,0.08650115132331848,1115.3341064453125
1951,18.6875,52.45000076293945,0.686578728454365,1070.85205078125,0.07291990518569946,1070.85205078125
1952,18.07666778564453,50.01416778564453,0.6954173463225783,1087.9237060546875,0.07534417510032654,1087.9237060546875
1953,18.024999618530273,49.01499938964844,0.6801001528985724,1085.0025634765625,0.07586953043937683,1085.0025634765625
1954,18.14583396911621,46.229164123535156,0.7041266436251925,1075.18115234375,0.08365309238433838,1075.18115234375
1955,18.04833221435547,50.26333236694336,0.7217341301304038,1059.7724609375,0.06913742423057556,1059.7724609375
1956,18.043333053588867,51.72916793823242,0.6829889788593319,1083.4232177734375,0.09490388631820679,1083.4232177734375
1957,18.037500381469727,49.02499771118164,0.6920469101591575,1087.49267578125,0.08523920178413391,1087.49267578125
1958,18.02750015258789,46.018333435058594,0.7053560239909348,1096.52587890625,0.07160893082618713,1096.52587890625
1959,17.690000534057617,49.5099983215332,0.6947870940627159,1066.1300048828125,0.09339368343353271,1066.1300048828125
1960,18.344167709350586,51.88666534423828,0.7178284985303757,1105.4090576171875,0.06325849890708923,1105.4090576171875
1961,18.328332901000977,55.4908332824707,0.6816496132500308,1046.99365234375,0.07858699560165405,1046.99365234375
1962,17.61250114440918,45.03166580200195,0.7303185051389334,1096.3594970703125,0.08028042316436768,1096.3594970703125
1963,17.84666633605957,48.169166564941406,0.6959239609823027,1079.9415283203125,0.07150676846504211,1079.9415283203125
1964,18.20833396911621,52.99833297729492,0.6786033389319208,1067.2900390625,0.0734046995639801,1067.2900390625
1965,17.485000610351562,42.49416732788086,0.7067158947251257,1079.285888671875,0.1025075912475586,1079.285888671875
1966,18.314167022705078,50.092498779296875,0.7077275517047317,1075.1763916015625,0.07051169872283936,1075.1763916015625
1967,17.83500099182129,46.48250198364258,0.6951785164912023,1075.6427001953125,0.07779881358146667,1075.6427001953125
1968,17.521665573120117,46.581668853759766,0.6819412935483342,1052.7786865234375,0.08707877993583679,1052.7786865234375
1969,17.864166259765625,49.79249954223633,0.6821468917703037,1058.402587890625,0.06842967867851257,1058.402587890625
1970,17.454999923706055,46.231666564941406,0.7142566784604563,1064.919677734375,0.09967309236526489,1064.919677734375
1971,17.50083351135254,44.20166778564453,0.7177475676191638,1066.0140380859375,0.1048140823841095,1066.0140380859375
1972,17.726667404174805,42.63166809082031,0.7404445440936109,1078.4039306640625,0.10054495930671692,1078.4039306640625
1973,18.649166107177734,52.50916290283203,0.7183798390666428,1098.166015625,0.07694539427757263,1098.166015625
1974,18.03583335876465,46.17333221435547,0.7050303603321545,1094.8966064453125,0.0857747495174408,1094.8966064453125
1975,18.122499465942383,45.475833892822266,0.724948566031044,1080.285400390625,0.08111843466758728,1080.285400390625
1976,17.640832901000977,42.220001220703125,0.7248825898594884,1137.7352294921875,0.11769098043441772,1137.7352294921875
1977,18.258333206176758,50.46500015258789,0.7034698142806668,1060.6236572265625,0.06200110912322998,1060.6236572265625
1978,18.428333282470703,54.260833740234375,0.6727772682102728,1049.2745361328125,0.0928867757320404,1049.2745361328125
1979,18.184167861938477,45.20000076293945,0.6793458663523965,1086.8946533203125,0.08048489689826965,1086.8946533203125
1980,18.254167556762695,47.03583526611328,0.7154592821078114,1059.4622802734375,0.07986345887184143,1059.4622802734375
1981,18.20166778564453,47.794166564941406,0.699380926222976,1105.6556396484375,0.09070724248886108,1105.6556396484375
1982,18.084999084472656,48.31666564941406,0.7227227801676612,1065.849853515625,0.08309075236320496,1065.849853515625
1983,17.93083381652832,50.70417022705078,0.698007075913656,1035.009033203125,0.10816690325737,1035.009033203125
1984,18.20833396911621,51.36083221435547,0.7297645815229687,1039.4088134765625,0.0921662449836731,1039.4088134765625
1985,17.924999237060547,49.93583297729492,0.7104716693154283,1084.330810546875,0.09410795569419861,1084.330810546875
1986,18.183332443237305,52.6533317565918,0.6923397153144045,1065.143798828125,0.09873050451278687,1065.143798828125
1987,18.513334274291992,49.84916687011719,0.6388679396102354,1075.4517822265625,0.0835409164428711,1075.4517822265625
1988,18.099166870117188,47.62666702270508,0.6998458559852717,1062.5975341796875,0.11497193574905396,1062.5975341796875
1989,17.920000076293945,49.810001373291016,0.6868692796894651,1039.0235595703125,0.09189194440841675,1039.0235595703125
1990,17.824167251586914,49.73250198364258,0.7118045500189678,1085.9571533203125,0.07794997096061707,1085.9571533203125
1991,17.280000686645508,46.07999801635742,0.7248135869403108,1089.54931640625,0.11099976301193237,1089.54931640625
1992,18.023332595825195,52.59833526611328,0.7032610335763831,1069.4493408203125,0.06764030456542969,1069.4493408203125
1993,18.10249900817871,50.662498474121094,0.6789903104777799,1098.5098876953125,0.0741305947303772,1098.5098876953125
1994,18.239168167114258,53.93499755859375,0.6858163452689111,1070.488525390625,0.08768880367279053,1070.488525390625
1995,17.551666259765625,50.74250030517578,0.7115390327348601,1070.5596923828125,0.07470205426216125,1070.5596923828125
1996,18.206666946411133,49.76333236694336,0.6845122243732951,1107.716552734375,0.08328920602798462,1107.716552734375
1997,18.125,50.11166763305664,0.7107572538569402,1108.9156494140625,0.07066318392753601,1108.9156494140625
1998,18.536666870117188,58.165828704833984,0.6816660591195958,1057.2198486328125,0.08810096979141235,1057.2198486328125
1999,17.850831985473633,49.727500915527344,0.6848077127902389,1106.4732666015625,0.08077719807624817,1106.4732666015625
2000,17.2641658782959,43.9716682434082,0.7093187060989611,1091.9857177734375,0.12818047404289246,1091.9857177734375
2001,17.78333282470703,53.30583572387695,0.7219464535957051,1061.5540771484375,0.06235089898109436,1061.5540771484375
2002,18.04916763305664,50.599998474121094,0.6794306695013839,1095.613525390625,0.06268560886383057,1095.613525390625
2003,18.46500015258789,57.04249572753906,0.6918204823880847,1093.925537109375,0.07556650042533875,1093.925537109375
2004,18.364166259765625,54.654998779296875,0.6939519752815404,1062.6319580078125,0.07617440819740295,1062.6319580078125
2005,17.605833053588867,49.00250244140625,0.7156357909367805,1118.9901123046875,0.0926552414894104,1118.9901123046875
2006,17.832500457763672,52.66416549682617,0.6666193267320009,1083.1898193359375,0.09733659029006958,1083.1898193359375
2007,17.924999237060547,51.546669006347656,0.6957697778481351,1082.05517578125,0.08017176389694214,1082.05517578125
2008,18.058332443237305,54.28333282470703,0.6903433496237525,1050.5264892578125,0.08983433246612549,1050.5264892578125
2009,18.017499923706055,55.456668853759766,0.7052067644820099,1104.9422607421875,0.0746670663356781,1104.9422607421875
2010,17.55000114440918,47.33749771118164,0.7122464478245162,1077.64794921875,0.09134769439697266,1077.64794921875
2011,17.72083282470703,51.52000045776367,0.7021954542500185,1043.193115234375,0.08902552723884583,1043.193115234375
2012,17.2641658782959,46.774166107177734,0.6938108181374247,1094.8973388671875,0.07651060819625854,1094.8973388671875
2013,17.93166732788086,50.28166961669922,0.6982727558996116,1040.622802734375,0.07770198583602905,1040.622802734375
2014,17.741666793823242,49.73666763305664,0.7182060014529721,1079.5980224609375,0.10130470991134644,1079.5980224609375
2015,18.047500610351562,49.654998779296875,0.6918353847796297,1093.658203125,0.08896175026893616,1093.658203125
2016,17.44333267211914,48.874168395996094,0.681229814514738,1077.76708984375,0.08875235915184021,1077.76708984375
2017,18.06916618347168,51.91416931152344,0.7122292348070426,1074.0008544921875,0.08490025997161865,1074.0008544921875
2018,17.886667251586914,53.03000259399414,0.6907269262239567,1096.480712890625,0.05913513898849487,1096.480712890625
2019,17.483333587646484,50.421669006347656,0.6872576562076239,1088.7352294921875,0.07689136266708374,1088.7352294921875
2020,17.71000099182129,47.99833297729492,0.7171780098329837,1091.1429443359375,0.07304635643959045,1091.1429443359375
2021,17.371665954589844,46.71500015258789,0.6902327161605679,1089.984375,0.07101228833198547,1089.984375
2022,17.53583335876465,47.87249755859375,0.6682361542818509,1057.6002197265625,0.09277337789535522,1057.6002197265625
2023,17.704999923706055,49.16166687011719,0.7087977581666152,1098.547607421875,0.07766357064247131,1098.547607421875
2024,17.38249969482422,50.71500015258789,0.6841121765966598,1097.441162109375,0.06371554732322693,1097.441162109375
2025,17.940832138061523,54.27583312988281,0.6679913067011978,1088.1591796875,0.09339579939842224,1088.1591796875
2026,17.828332901000977,48.17166519165039,0.6842126980374303,1081.3389892578125,0.09732070565223694,1081.3389892578125
2027,17.59000015258789,48.62999725341797,0.6968275934039212,1079.467529296875,0.06588417291641235,1079.467529296875
2028,18.198333740234375,51.686668395996094,0.6739741997349229,1082.3662109375,0.11615869402885437,1082.3662109375
2029,18.7983341217041,54.90583038330078,0.7107207324131533,1102.5582275390625,0.08159637451171875,1102.5582275390625
2030,17.906667709350586,50.59166717529297,0.6868550968379853,1035.265625,0.100629061460495,1035.265625
2031,18.316667556762695,51.274169921875,0.6755533853047885,1133.7039794921875,0.06730622053146362,1133.7039794921875
2032,17.43000030517578,52.989166259765625,0.6754993808935761,1044.041015625,0.06936761736869812,1044.041015625
2033,17.793333053588867,46.78583526611328,0.6833255723474774,1080.698974609375,0.0990099310874939,1080.698974609375
2034,18.564167022705078,54.73333740234375,0.7134826003953232,1075.185302734375,0.07451078295707703,1075.185302734375
2035,18.2358341217041,52.859169006347656,0.7295312921361318,1072.0970458984375,0.061103373765945435,1072.0970458984375
2036,18.0,50.84333419799805,0.6805802293660513,1096.0792236328125,0.0674513578414917,1096.0792236328125
2037,18.385833740234375,53.01166915893555,0.6644645703367233,1092.615234375,0.0677778422832489,1092.615234375
2038,18.29083251953125,49.90916442871094,0.6704709843699803,1068.336669921875,0.11417943239212036,1068.336669921875
2039,18.86833381652832,55.37750244140625,0.6918009156885001,1076.605224609375,0.07692286372184753,1076.605224609375
2040,17.79166603088379,49.40916442871094,0.6963937335707675,1070.7203369140625,0.0770677924156189,1070.7203369140625
2041,18.288333892822266,52.49333190917969,0.6865437547649977,1078.3548583984375,0.07324784994125366,1078.3548583984375
2042,18.12583351135254,47.13500213623047,0.7163114335173009,1069.333740234375,0.11289522051811218,1069.333740234375
2043,17.83416748046875,47.93000030517578,0.6739055774411294,1094.5550537109375,0.09596723318099976,1094.5550537109375
2044,18.353334426879883,50.8125,0.7031015886863183,1114.240234375,0.07690957188606262,1114.240234375
2045,18.071666717529297,51.938331604003906,0.7016053905254749,1073.2147216796875,0.07305368781089783,1073.2147216796875
2046,18.829166412353516,52.785831451416016,0.6380887018174186,1089.7060546875,0.06686985492706299,1089.7060546875
2047,18.8608341217041,50.79500198364258,0.7031855261083948,1094.840087890625,0.08261314034461975,1094.840087890625
2048,18.82833480834961,50.16999816894531,0.6690391879331261,1077.5828857421875,0.07954958081245422,1077.5828857421875
2049,18.184167861938477,49.57999801635742,0.7112746368599433,1079.9793701171875,0.07684370875358582,1079.9793701171875
2050,17.449167251586914,44.42499923706055,0.7138938261555081,1057.597412109375,0.10158494114875793,1057.597412109375
2051,18.655000686645508,53.40333557128906,0.6589600679387377,1057.6640625,0.0673285722732544,1057.6640625
2052,17.969167709350586,47.051666259765625,0.6938557919128202,1090.2056884765625,0.09156933426856995,1090.2056884765625
2053,18.72916603088379,52.9808349609375,0.6748143977100906,1081.1839599609375,0.07309186458587646,1081.1839599609375
2054,17.92416763305664,49.491668701171875,0.6601540516845446,1026.490478515625,0.10307824611663818,1026.490478515625
2055,17.998332977294922,46.74250030517578,0.6903981538649981,1106.1356201171875,0.09056639671325684,1106.1356201171875
2056,17.979999542236328,45.390830993652344,0.7248709471608821,1091.0032958984375,0.06821081042289734,1091.0032958984375
2057,17.455833435058594,43.143333435058594,0.686313739867963,1097.6490478515625,0.10820826888084412,1097.6490478515625
2058,18.38083267211914,49.57666778564453,0.6934384222338075,1081.6064453125,0.07057830691337585,1081.6064453125
2059,18.272499084472656,46.858333587646484,0.6709733356675389,1096.23828125,0.10410651564598083,1096.23828125
2060,18.623332977294922,49.72999954223633,0.6909276765306391,1095.4971923828125,0.08555066585540771,1095.4971923828125
2061,18.185832977294922,46.45083236694336,0.7042760215727708,1110.2574462890625,0.11002311110496521,1110.2574462890625
2062,18.1924991607666,47.0533332824707,0.6887354731593113,1105.4761962890625,0.07696977257728577,1105.4761962890625
2063,18.264999389648438,53.56916809082031,0.7301566138823136,1062.0155029296875,0.07057160139083862,1062.0155029296875
2064,18.251667022705078,50.255001068115234,0.6851505106834685,1095.9593505859375,0.0593017041683197,1095.9593505859375
2065,18.14583396911621,44.29249954223633,0.7085599082551663,1082.6412353515625,0.08371439576148987,1082.6412353515625
2066,17.8125,44.00583267211914,0.7049414808824994,1074.135986328125,0.1000552773475647,1074.135986328125
2067,18.503334045410156,50.462501525878906,0.7245387354231407,1074.3587646484375,0.11207494139671326,1074.3587646484375
2068,18.120832443237305,46.62750244140625,0.6398545034014791,1061.8453369140625,0.09122556447982788,1061.8453369140625
2069,18.52083396911621,48.195831298828125,0.6550595521345604,1104.3770751953125,0.07957714796066284,1104.3770751953125
2070,18.209999084472656,51.592498779296875,0.6804589663494154,1071.0228271484375,0.08287864923477173,1071.0228271484375
2071,18.02666664123535,47.02916717529297,0.6971804741811057,1089.8829345703125,0.07633310556411743,1089.8829345703125
2072,18.30583381652832,50.54916763305664,0.7099255858719474,1082.27880859375,0.0930263102054596,1082.27880859375
2073,17.80666732788086,42.84833526611328,0.7071620972859012,1079.9383544921875,0.09662756323814392,1079.9383544921875
2074,18.70833396911621,53.204166412353516,0.7263145512277174,1060.915283203125,0.07358658313751221,1060.915283203125
2075,18.56333351135254,56.58749771118164,0.7003912040601294,1057.203857421875,0.07715022563934326,1057.203857421875
2076,18.907499313354492,52.81999588012695,0.6772569000138304,1084.7008056640625,0.07671639323234558,1084.7008056640625
2077,18.513334274291992,51.1441650390625,0.6672004858844327,1083.0086669921875,0.06876930594444275,1083.0086669921875
2078,17.93166732788086,46.90416717529297,0.6836267703838312,1024.5579833984375,0.06964153051376343,1024.5579833984375
2079,18.05666732788086,47.086669921875,0.7105707840474095,1089.4931640625,0.09649664163589478,1089.4931640625
2080,18.762500762939453,51.790000915527344,0.6783537653095736,1092.5771484375,0.07126331329345703,1092.5771484375
2081,19.265832901000977,55.24250411987305,0.6834872210624207,1059.8040771484375,0.07151159644126892,1059.8040771484375
2082,18.461666107177734,48.44083023071289,0.6883296665406895,1079.251708984375,0.09333842992782593,1079.251708984375
2083,18.463333129882812,51.25250244140625,0.6390426998321785,1040.0692138671875,0.07423615455627441,1040.0692138671875
2084,19.442501068115234,56.2791633605957,0.6903017325729306,1076.67578125,0.07328802347183228,1076.67578125
2085,18.709999084472656,52.274166107177734,0.7255935880953654,1080.3817138671875,0.07665327191352844,1080.3817138671875
2086,18.445833206176758,52.483333587646484,0.6917658336929333,1058.5068359375,0.06933194398880005,1058.5068359375
2087,18.308334350585938,53.907501220703125,0.6764421337684114,1086.931884765625,0.07015547156333923,1086.931884765625
2088,17.84000015258789,46.703330993652344,0.6508413993719853,1064.8223876953125,0.08239063620567322,1064.8223876953125
2089,17.491666793823242,45.79083251953125,0.700013393055275,1092.965087890625,0.08337748050689697,1092.965087890625
2090,17.99250030517578,48.464168548583984,0.7389328850236818,1113.9337158203125,0.07453015446662903,1113.9337158203125
2091,18.489999771118164,50.733333587646484,0.7056505626962698,1104.14453125,0.0844341516494751,1104.14453125
2092,18.064998626708984,49.563331604003906,0.6972817642454953,1078.5111083984375,0.05944126844406128,1078.5111083984375
2093,18.405834197998047,54.03916931152344,0.6930490435603136,1070.4693603515625,0.06848332285881042,1070.4693603515625
2094,17.90833282470703,48.76750183105469,0.6846775483171019,1093.6861572265625,0.08621740341186523,1093.6861572265625
2095,17.96666717529297,50.35916519165039,0.6901691697151973,1097.63232421875,0.07066124677658081,1097.63232421875
2096,17.850000381469727,44.252498626708984,0.699112943473106,1100.6746826171875,0.0647091269493103,1100.6746826171875
2097,18.260833740234375,51.775001525878906,0.6919188896120576,1062.246337890625,0.08386299014091492,1062.246337890625
2098,17.55500030517578,46.470001220703125,0.7038400382091246,1063.093017578125,0.08135229349136353,1063.093017578125
2099,18.241666793823242,52.48249816894531,0.6830349222543791,1076.5567626953125,0.07352912425994873,1076.5567626953125
2100,17.730833053588867,47.6875,0.7081922524467975,1104.074462890625,0.06536141037940979,1104.074462890625
2101,18.850833892822266,58.83250427246094,0.6875211883230423,1049.09375,0.08131298422813416,1049.09375
2102,18.327499389648438,48.19499969482422,0.6937262868420837,1096.313232421875,0.07733923196792603,1096.313232421875
2103,18.170000076293945,49.518333435058594,0.700150784589467,1093.3980712890625,0.06816136837005615,1093.3980712890625
2104,17.907501220703125,43.0525016784668,0.6918504007399706,1071.5634765625,0.11427393555641174,1071.5634765625
2105,18.170000076293945,50.31333541870117,0.6991098288783975,1115.700927734375,0.07927972078323364,1115.700927734375
2106,18.210832595825195,47.7408332824707,0.6814584842358761,1111.0302734375,0.06773602962493896,1111.0302734375
2107,19.009166717529297,53.081668853759766,0.6906219210504729,1085.2647705078125,0.06896749138832092,1085.2647705078125
2108,18.540834426879883,53.85166549682617,0.6923174563149643,1060.7296142578125,0.06713837385177612,1060.7296142578125
2109,18.218334197998047,51.23249816894531,0.6980155115640383,1083.15576171875,0.08242109417915344,1083.15576171875
2110,18.564167022705078,50.53666687011719,0.6876173796701928,1095.7303466796875,0.07452046871185303,1095.7303466796875
2111,19.17500114440918,53.7308349609375,0.6857057615747237,1083.4324951171875,0.07583636045455933,1083.4324951171875
2112,18.3799991607666,51.79999923706055,0.7178061538820519,1105.551513671875,0.07649245858192444,1105.551513671875
2113,17.79166603088379,48.06666564941406,0.6759618607526787,1074.110107421875,0.06348609924316406,1074.110107421875
2114,18.245832443237305,50.10499954223633,0.7601809362867848,1078.2606201171875,0.07812187075614929,1078.2606201171875
2115,17.578332901000977,41.6341667175293,0.6826850784990941,1089.0870361328125,0.08371087908744812,1089.0870361328125
2116,18.40999984741211,48.855831146240234,0.7200413343635675,1051.9300537109375,0.06502297520637512,1051.9300537109375
2117,19.09166717529297,55.83833312988281,0.7152588603873422,1080.1673583984375,0.06391909718513489,1080.1673583984375
2118,18.731666564941406,52.35750198364258,0.7066113215687309,1072.2259521484375,0.06256774067878723,1072.2259521484375
2119,18.5049991607666,50.39250183105469,0.7245653806198089,1095.0654296875,0.07716873288154602,1095.0654296875
2120,17.871665954589844,47.33583450317383,0.6907693469643723,1080.128173828125,0.08980727195739746,1080.128173828125
2121,17.546667098999023,43.03916549682617,0.7020442602110106,1131.59228515625,0.08223187923431396,1131.59228515625
2122,17.81833267211914,47.736663818359375,0.6908588643917801,1092.80859375,0.09017565846443176,1092.80859375
2123,17.58916664123535,42.4183349609375,0.7075523420214933,1108.6451416015625,0.09097006916999817,1108.6451416015625
2124,18.066667556762695,46.49416732788086,0.6777371429313066,1106.806640625,0.10166320204734802,1106.806640625
2125,19.08500099182129,53.04750061035156,0.7466217918434721,1106.2197265625,0.08971211314201355,1106.2197265625
2126,18.259166717529297,49.03083419799805,0.6843246459514514,1059.029296875,0.07018846273422241,1059.029296875
2127,18.169166564941406,49.08583450317383,0.6743921754976983,1098.1370849609375,0.06958127021789551,1098.1370849609375
2128,17.918333053588867,45.71500015258789,0.6876743628162378,1104.161376953125,0.08641007542610168,1104.161376953125
2129,17.90416717529297,48.09666442871094,0.7425298544547548,1120.5404052734375,0.0911327600479126,1120.5404052734375
2130,18.59000015258789,48.98250198364258,0.690333827242301,1069.0325927734375,0.06768223643302917,1069.0325927734375
2131,17.642499923706055,45.68916702270508,0.6671866857589055,1091.88818359375,0.09567344188690186,1091.88818359375
2132,18.077499389648438,50.07167053222656,0.6974462601350331,1099.27978515625,0.09057724475860596,1099.27978515625
2133,18.553333282470703,51.579166412353516,0.7191352043653079,1060.3465576171875,0.06650054454803467,1060.3465576171875
2134,18.646665573120117,50.96583557128906,0.7156372330696739,1085.988037109375,0.08306059241294861,1085.988037109375
2135,18.143333435058594,53.4283332824707,0.6806530149634925,1063.9923095703125,0.07232233881950378,1063.9923095703125
2136,18.390832901000977,52.81666564941406,0.6862671762166352,1061.5457763671875,0.06823205947875977,1061.5457763671875
2137,17.93833351135254,46.692501068115234,0.7082580875237651,1100.378173828125,0.10160273313522339,1100.378173828125
2138,18.195833206176758,51.47749710083008,0.7404973266849473,1087.3853759765625,0.07793623208999634,1087.3853759765625
2139,18.40250015258789,47.69499969482422,0.6695853731094255,1099.5267333984375,0.07752540707588196,1099.5267333984375
2140,17.64000129699707,47.38749694824219,0.7147309574688845,1062.3067626953125,0.06680560111999512,1062.3067626953125
2141,17.93000030517578,50.900001525878906,0.6787208248425669,1071.3880615234375,0.08803829550743103,1071.3880615234375
2142,18.14499855041504,44.65749740600586,0.6587414376959011,1121.482421875,0.06739139556884766,1121.482421875
2143,18.334999084472656,50.6150016784668,0.7362613526711675,1069.4188232421875,0.05549466609954834,1069.4188232421875
2144,18.568334579467773,51.757503509521484,0.7072653632802093,1081.7344970703125,0.06619614362716675,1081.7344970703125
2145,18.575834274291992,47.29916763305664,0.6987999482950795,1120.745361328125,0.10114097595214844,1120.745361328125
2146,18.425832748413086,50.2349967956543,0.6994621690447388,1088.9674072265625,0.06988683342933655,1088.9674072265625
2147,18.851665496826172,53.23250198364258,0.7119584654828014,1058.9423828125,0.07911476492881775,1058.9423828125
2148,18.252498626708984,45.68000030517578,0.6978165583986874,1123.8671875,0.07299309968948364,1123.8671875
2149,17.952499389648438,45.03666687011719,0.7223304167738228,1060.791748046875,0.08419692516326904,1060.791748046875
2150,17.808332443237305,46.35499954223633,0.7009357583464078,1093.163330078125,0.0734100341796875,1093.163330078125
2151,18.587499618530273,52.18916702270508,0.6631324308150669,1054.5606689453125,0.08808988332748413,1054.5606689453125
2152,18.643333435058594,51.81666564941406,0.6710710057688252,1065.94091796875,0.06594198942184448,1065.94091796875
2153,17.990833282470703,50.233333587646484,0.6692459719022477,1064.4576416015625,0.08678078651428223,1064.4576416015625
2154,17.739166259765625,49.62083435058594,0.7040311741827504,1102.029052734375,0.0682019591331482,1102.029052734375
2155,17.67333221435547,49.76499938964844,0.6821012572321888,1032.9898681640625,0.09651625156402588,1032.9898681640625
2156,17.859167098999023,47.36916732788086,0.6526361352199267,1088.6156005859375,0.10469478368759155,1088.6156005859375
2157,18.344999313354492,47.711666107177734,0.729525963587182,1082.2291259765625,0.08083483576774597,1082.2291259765625
2158,18.190834045410156,49.88249969482422,0.6971390030601929,1074.7694091796875,0.08196297287940979,1074.7694091796875
2159,17.90333366394043,49.88166809082031,0.6523618909473456,1066.7142333984375,0.06918904185295105,1066.7142333984375
2160,17.89666748046875,48.997501373291016,0.7073807837419166,1085.5643310546875,0.0959215760231018,1085.5643310546875
2161,18.568334579467773,56.269996643066406,0.7103290727806417,1073.0447998046875,0.07484757900238037,1073.0447998046875
2162,17.564167022705078,46.5,0.6594331544245894,1091.9351806640625,0.08266434073448181,1091.9351806640625
2163,18.331666946411133,53.74583435058594,0.6634786905316439,1066.989501953125,0.06450116634368896,1066.989501953125
2164,17.661666870117188,45.317501068115234,0.7236208786544323,1093.4381103515625,0.06484949588775635,1093.4381103515625
2165,18.012500762939453,47.774166107177734,0.7298362016260538,1098.5467529296875,0.09425333142280579,1098.5467529296875
2166,17.889999389648438,48.657501220703125,0.7174837949247743,1091.135498046875,0.09211921691894531,1091.135498046875
2167,17.679166793823242,46.831668853759766,0.6964167216621571,1084.8646240234375,0.08545669913291931,1084.8646240234375
2168,17.585832595825195,47.88083267211914,0.6883459994378031,1089.773193359375,0.07392483949661255,1089.773193359375
2169,17.849166870117188,48.84166717529297,0.6566455033427551,1109.3642578125,0.05847984552383423,1109.3642578125
2170,17.454166412353516,44.37916564941406,0.6808352616747311,1071.309326171875,0.0918566882610321,1071.309326171875
2171,18.03333282470703,50.11000061035156,0.656112466154454,1088.434326171875,0.06428885459899902,1088.434326171875
2172,18.370834350585938,50.604164123535156,0.7000319477326102,1076.5743408203125,0.0751635730266571,1076.5743408203125
2173,17.959999084472656,50.17499923706055,0.725668876728506,1098.8121337890625,0.0837121307849884,1098.8121337890625
2174,18.064167022705078,51.736663818359375,0.679857888231604,1104.067626953125,0.07001012563705444,1104.067626953125
2175,17.248334884643555,43.27250289916992,0.6710584609083159,1095.05419921875,0.11908134818077087,1095.05419921875
2176,18.052499771118164,50.06666946411133,0.6732960973186851,1084.8367919921875,0.06931242346763611,1084.8367919921875
2177,19.004165649414062,54.291664123535156,0.6923376129086829,1085.466796875,0.06436002254486084,1085.466796875
2178,18.085832595825195,50.33083724975586,0.6877765042719155,1084.90673828125,0.05917489528656006,1084.90673828125
2179,18.606666564941406,55.44083023071289,0.6832724780029868,1075.1883544921875,0.09338092803955078,1075.1883544921875
2180,18.286666870117188,52.813331604003906,0.6446026273927388,1060.8953857421875,0.08372822403907776,1060.8953857421875
2181,18.435832977294922,51.58749771118164,0.6917041526028465,1082.6036376953125,0.08123627305030823,1082.6036376953125
2182,17.899999618530273,52.41167068481445,0.6824374812903469,1065.140625,0.08555290102958679,1065.140625
2183,17.622501373291016,48.96333312988281,0.6849194479327475,1112.355224609375,0.08110353350639343,1112.355224609375
2184,19.336666107177734,55.58833312988281,0.6631938239978605,1111.3311767578125,0.06947419047355652,1111.3311767578125
2185,18.58333396911621,55.07500076293945,0.7223211439603536,1083.6187744140625,0.07039472460746765,1083.6187744140625
2186,18.455833435058594,55.019996643066406,0.6828864636162735,1090.9375,0.06667554378509521,1090.9375
2187,18.674165725708008,49.301666259765625,0.6952904393900016,1068.31298828125,0.08544936776161194,1068.31298828125
2188,17.74416732788086,48.185001373291016,0.6593030193821332,1110.3143310546875,0.08519694209098816,1110.3143310546875
2189,18.739166259765625,55.28416442871094,0.6997417994297062,1064.2254638671875,0.0712679922580719,1064.2254638671875
2190,19.092500686645508,57.22833251953125,0.6865722380452159,1078.3028564453125,0.05525219440460205,1078.3028564453125
2191,18.4233341217041,54.01499938964844,0.7045109249496795,1114.5498046875,0.07817190885543823,1114.5498046875
2192,18.622499465942383,51.43250274658203,0.730726359984637,1065.097412109375,0.06324222683906555,1065.097412109375
2193,19.329166412353516,59.42333221435547,0.6818455367114397,1052.9407958984375,0.08000382781028748,1052.9407958984375
2194,18.018333435058594,50.420833587646484,0.6814650746296581,1100.109130859375,0.06411972641944885,1100.109130859375
2195,17.80666732788086,47.999168395996094,0.7277703925538105,1096.4459228515625,0.09419184923171997,1096.4459228515625
2196,17.96416664123535,51.795833587646484,0.6662100588882223,1075.34375,0.06462174654006958,1075.34375
2197,18.52916717529297,55.910831451416016,0.6606968147261938,1081.5936279296875,0.0593971312046051,1081.5936279296875
2198,18.060832977294922,49.85750198364258,0.6992494325291023,1083.4222412109375,0.06141147017478943,1083.4222412109375
2199,17.809165954589844,49.099998474121094,0.6964505815789541,1072.0328369140625,0.09698787331581116,1072.0328369140625
2200,18.66083335876465,58.08333206176758,0.7056169427714342,1037.86962890625,0.07709196209907532,1037.86962890625
2201,17.948333740234375,48.66166687011719,0.6988274376080421,1102.43994140625,0.07163739204406738,1102.43994140625
2202,18.53499984741211,55.967498779296875,0.6897897563035059,1039.9215087890625,0.07148969173431396,1039.9215087890625
2203,18.06916618347168,48.39833450317383,0.6918993189461805,1105.504150390625,0.07833787798881531,1105.504150390625
2204,18.274168014526367,48.47083282470703,0.695455087119194,1085.910400390625,0.08121007680892944,1085.910400390625
2205,18.53416633605957,50.89083480834961,0.6806034406676128,1100.093994140625,0.07307523488998413,1100.093994140625
2206,18.029998779296875,48.01250076293945,0.6993624696854337,1099.6810302734375,0.08600613474845886,1099.6810302734375
2207,18.070833206176758,52.189998626708984,0.6928757982693392,1070.3472900390625,0.06811079382896423,1070.3472900390625
2208,18.49250030517578,53.130001068115234,0.688935532954873,1066.8133544921875,0.06090360879898071,1066.8133544921875
2209,18.324167251586914,51.222496032714844,0.7108317701913476,1097.76416015625,0.0733683705329895,1097.76416015625
2210,17.975833892822266,47.54833221435547,0.7000961697618182,1061.7562255859375,0.07540091872215271,1061.7562255859375
2211,18.238332748413086,47.42166519165039,0.6916603355066777,1137.5860595703125,0.08601099252700806,1137.5860595703125
2212,18.611665725708008,52.84666442871094,0.7495687089845241,1089.3341064453125,0.07407304644584656,1089.3341064453125
2213,18.514999389648438,53.40083312988281,0.6963131659096298,1065.770751953125,0.06584128737449646,1065.770751953125
2214,18.96666717529297,53.373329162597656,0.6645831090050891,1053.4814453125,0.06984394788742065,1053.4814453125
2215,18.251667022705078,50.73749923706055,0.6780706965283795,1065.025634765625,0.06726762652397156,1065.025634765625
2216,17.786666870117188,49.1158332824707,0.6616289844769545,1057.062744140625,0.08601486682891846,1057.062744140625
2217,18.058332443237305,50.13249969482422,0.6697470107769088,1056.26953125,0.07118421792984009,1056.26953125
2218,18.211668014526367,47.52750015258789,0.6896307070432471,1089.1385498046875,0.06023016571998596,1089.1385498046875
2219,18.678333282470703,52.464996337890625,0.6950838012914183,1106.2919921875,0.06199204921722412,1106.2919921875
2220,18.599166870117188,52.33749771118164,0.7274054054933783,1050.060791015625,0.06160175800323486,1050.060791015625
2221,18.63166618347168,51.290000915527344,0.6912965417141907,1082.4656982421875,0.07067230343818665,1082.4656982421875
2222,17.969999313354492,46.54999923706055,0.6763462180675865,1089.8690185546875,0.0639631450176239,1089.8690185546875
2223,18.02833366394043,48.939998626708984,0.680943083478116,1050.962646484375,0.06601327657699585,1050.962646484375
2224,17.769166946411133,49.64999771118164,0.6651218209775763,1080.04638671875,0.06379672884941101,1080.04638671875
2225,18.051666259765625,50.106666564941406,0.700622071223626,1095.764892578125,0.09330293536186218,1095.764892578125
2226,17.727500915527344,44.60166549682617,0.7174546305782181,1091.56640625,0.07552340626716614,1091.56640625
2227,18.371667861938477,51.55916976928711,0.6670539685491248,1068.6922607421875,0.07224416732788086,1068.6922607421875
2228,18.614166259765625,51.58333206176758,0.6587740907475297,1094.1705322265625,0.06793931126594543,1094.1705322265625
2229,17.810001373291016,48.470001220703125,0.6660093364375569,1102.049560546875,0.09460601210594177,1102.049560546875
2230,18.20916748046875,51.149166107177734,0.6994257468396403,1079.3436279296875,0.08272862434387207,1079.3436279296875
2231,18.018333435058594,48.72666549682617,0.6814144914606194,1096.8206787109375,0.07569843530654907,1096.8206787109375
2232,18.440000534057617,52.22416687011719,0.6981061358361389,1075.79931640625,0.06760698556900024,1075.79931640625
2233,18.388334274291992,49.393333435058594,0.7326314403188318,1103.5457763671875,0.07736435532569885,1103.5457763671875
2234,18.093332290649414,47.253334045410156,0.6982054342150888,1106.2689208984375,0.1055399477481842,1106.2689208984375
2235,18.156667709350586,48.5091667175293,0.6626271518440386,1092.64453125,0.07616385817527771,1092.64453125
2236,18.648334503173828,51.140830993652344,0.7129285134578948,1096.105224609375,0.07355996966362,1096.105224609375
2237,18.40916633605957,51.638336181640625,0.6823187511044079,1103.8822021484375,0.08145904541015625,1103.8822021484375
2238,17.891666412353516,47.47249984741211,0.6921817177234574,1097.036376953125,0.08968505263328552,1097.036376953125
2239,18.614166259765625,51.78750228881836,0.6940041227097169,1077.179443359375,0.06695055961608887,1077.179443359375
2240,18.986665725708008,53.369998931884766,0.6891430319692826,1055.1307373046875,0.07403707504272461,1055.1307373046875
2241,18.392499923706055,50.5150032043457,0.6754992962770744,1109.4161376953125,0.0953468382358551,1109.4161376953125
2242,19.05666732788086,52.6158332824707,0.6878803673323494,1070.897705078125,0.09270113706588745,1070.897705078125
2243,18.44416618347168,46.345001220703125,0.7036044062394795,1094.18212890625,0.0980033278465271,1094.18212890625
2244,18.275833129882812,44.65749740600586,0.7024274839827924,1121.4256591796875,0.09149819612503052,1121.4256591796875
2245,18.30500030517578,51.472503662109375,0.7233130633757887,1115.0576171875,0.06595563888549805,1115.0576171875
2246,18.69416618347168,52.65999984741211,0.6676618311190397,1087.69189453125,0.09783685207366943,1087.69189453125
2247,18.134998321533203,50.86249542236328,0.6636584988438301,1070.651611328125,0.07827281951904297,1070.651611328125
2248,18.892499923706055,55.1591682434082,0.7097986597590151,1086.61328125,0.06403744220733643,1086.61328125
2249,17.864166259765625,46.35166549682617,0.7215811584675753,1112.225830078125,0.10823935270309448,1112.225830078125
2250,18.3174991607666,55.13083267211914,0.7009740724365761,1104.808349609375,0.06252181529998779,1104.808349609375
2251,18.531665802001953,54.83833694458008,0.6876383658424878,1100.8983154296875,0.06164205074310303,1100.8983154296875
2252,18.469999313354492,52.91167068481445,0.6831118673623197,1083.0965576171875,0.06150296330451965,1083.0965576171875
2253,18.104999542236328,49.14500045776367,0.7046763201220831,1083.2635498046875,0.08518818020820618,1083.2635498046875
2254,18.28499984741211,49.44166564941406,0.678019079489861,1057.13525390625,0.10525411367416382,1057.13525390625
2255,18.113332748413086,46.95166778564453,0.7033695250624756,1109.824951171875,0.08999451994895935,1109.824951171875
2256,18.850000381469727,52.62916564941406,0.6687531058042275,1074.4144287109375,0.07943573594093323,1074.4144287109375
2257,17.832500457763672,49.78416442871094,0.6742620861017099,1061.4105224609375,0.07967966794967651,1061.4105224609375
2258,17.665000915527344,47.81999969482422,0.6741331842439544,1063.802490234375,0.0974780023097992,1063.802490234375
2259,18.094999313354492,47.14500045776367,0.6729751907180684,1080.0716552734375,0.0749247670173645,1080.0716552734375
2260,17.836666107177734,49.01166534423828,0.6737545782754559,1080.0755615234375,0.07553303241729736,1080.0755615234375
2261,18.84083366394043,54.31833267211914,0.701599575285578,1099.9560546875,0.05518597364425659,1099.9560546875
2262,18.239168167114258,49.34749984741211,0.6885548551960935,1103.5281982421875,0.07572278380393982,1103.5281982421875
2263,17.816667556762695,45.63083267211914,0.6883642729233599,1117.9100341796875,0.06670689582824707,1117.9100341796875
2264,18.350833892822266,56.22166442871094,0.6543268508453588,1074.0377197265625,0.06355556845664978,1074.0377197265625
2265,18.265832901000977,52.26749801635742,0.6992025707713232,1068.3138427734375,0.06468665599822998,1068.3138427734375
2266,17.99250030517578,51.162498474121094,0.7134105437030752,1099.486328125,0.07213851809501648,1099.486328125
2267,18.389999389648438,50.47916793823242,0.6945658142533122,1096.3409423828125,0.08422708511352539,1096.3409423828125
2268,17.802501678466797,46.48416519165039,0.6637844802585672,1075.5667724609375,0.11920461058616638,1075.5667724609375
2269,18.114999771118164,47.70000076293945,0.7060542107502141,1084.474609375,0.07634955644607544,1084.474609375
2270,18.05666732788086,50.121665954589844,0.6771690432788435,1070.865478515625,0.07883849740028381,1070.865478515625
2271,17.440834045410156,42.53499984741211,0.6780788420985986,1117.390869140625,0.08666443824768066,1117.390869140625
2272,18.17999839782715,49.49833297729492,0.6878609143759506,1099.3515625,0.06500193476676941,1099.3515625
2273,17.75,48.962501525878906,0.6956644025434782,1072.42626953125,0.06628033518791199,1072.42626953125
2274,18.00749969482422,49.690834045410156,0.692045505855249,1086.438720703125,0.0761823058128357,1086.438720703125
2275,17.96666717529297,48.10749816894531,0.706179053081905,1098.20458984375,0.10625618696212769,1098.20458984375
2276,17.997499465942383,46.788330078125,0.7134235331186947,1086.76025390625,0.07774466276168823,1086.76025390625
2277,18.17249870300293,51.81583023071289,0.7220280205494216,1078.8702392578125,0.07107663154602051,1078.8702392578125
2278,18.272499084472656,52.91083526611328,0.6976680410814299,1052.7034912109375,0.06933486461639404,1052.7034912109375
2279,18.44499969482422,47.44166564941406,0.6799141781038289,1117.80029296875,0.07686343789100647,1117.80029296875
2280,18.76166534423828,55.31916809082031,0.7054462134292364,1035.28271484375,0.0660773515701294,1035.28271484375
2281,17.696666717529297,44.29500198364258,0.7098957251149721,1110.344482421875,0.11125725507736206,1110.344482421875
2282,18.36916732788086,50.95417022705078,0.6772990015929476,1066.5640869140625,0.09002125263214111,1066.5640869140625
2283,18.011667251586914,46.38249969482422,0.6811872291720902,1093.80126953125,0.08461588621139526,1093.80126953125
2284,17.6200008392334,43.073333740234375,0.7196040430566844,1096.429443359375,0.07950335741043091,1096.429443359375
2285,18.46666717529297,53.21333312988281,0.6654681477013702,1082.8526611328125,0.08433160185813904,1082.8526611328125
2286,18.434999465942383,49.18333435058594,0.7041861527861463,1103.7894287109375,0.06777799129486084,1103.7894287109375
2287,18.511667251586914,48.65333557128906,0.7104369247383977,1111.3746337890625,0.07955369353294373,1111.3746337890625
2288,18.476667404174805,44.8841667175293,0.7036526239253444,1103.779052734375,0.07411956787109375,1103.779052734375
2289,18.389999389648438,47.22833251953125,0.6940999885003689,1093.9921875,0.07387655973434448,1093.9921875
2290,18.171667098999023,47.01499938964844,0.7216000069634185,1122.366455078125,0.07985988259315491,1122.366455078125
2291,18.106666564941406,45.295833587646484,0.6728395999835696,1073.2271728515625,0.07390546798706055,1073.2271728515625
2292,18.43083381652832,52.11333084106445,0.6718098440586675,1089.9378662109375,0.08371582627296448,1089.9378662109375
2293,19.08916664123535,54.71500015258789,0.6878917927309756,1092.306640625,0.08256164193153381,1092.306640625
2294,18.29083251953125,54.40666580200195,0.680037529541921,1079.77197265625,0.06443262100219727,1079.77197265625
2295,18.433334350585938,47.52666473388672,0.6611531407064455,1091.2196044921875,0.06959021091461182,1091.2196044921875
2296,18.529998779296875,54.742496490478516,0.6806628720531331,1072.6131591796875,0.06978040933609009,1072.6131591796875
2297,18.27083396911621,48.5433349609375,0.6827953435195334,1122.906982421875,0.07945206761360168,1122.906982421875
2298,18.16499900817871,46.87416458129883,0.7105321073050496,1097.02001953125,0.09992697834968567,1097.02001953125
2299,17.948333740234375,49.16416549682617,0.6693008300890642,1091.521240234375,0.0996544361114502,1091.521240234375
2300,18.792499542236328,55.2166633605957,0.6679457552671757,1081.2076416015625,0.06844666600227356,1081.2076416015625
2301,18.05500030517578,47.94000244140625,0.6822544674587327,1107.097412109375,0.07078090310096741,1107.097412109375
2302,18.195833206176758,46.294166564941406,0.6618623562443148,1082.6048583984375,0.07241654396057129,1082.6048583984375
2303,18.184999465942383,48.02750015258789,0.6831301140527403,1102.29345703125,0.05845382809638977,1102.29345703125
2304,18.60249900817871,53.35000228881836,0.7037635929728931,1106.0675048828125,0.06660103797912598,1106.0675048828125
2305,18.13083267211914,51.92000198364258,0.7009723511414894,1078.6605224609375,0.06796839833259583,1078.6605224609375
2306,17.327499389648438,49.246665954589844,0.6744424265911055,1103.3050537109375,0.09419286251068115,1103.3050537109375
2307,18.217498779296875,51.543331146240234,0.6762388165745697,1120.9097900390625,0.07571467757225037,1120.9097900390625
2308,17.623332977294922,49.78166580200195,0.6698024491735642,1093.958984375,0.07901695370674133,1093.958984375
2309,17.707500457763672,50.23249816894531,0.6951718868319547,1144.296875,0.08934137225151062,1144.296875
2310,18.086668014526367,53.0625,0.6579098121591602,1109.80712890625,0.07718649506568909,1109.80712890625
2311,18.22749900817871,48.378334045410156,0.6697180165879391,1130.64111328125,0.09187737107276917,1130.64111328125
2312,17.808332443237305,49.48250198364258,0.6940602422762615,1081.327392578125,0.06236770749092102,1081.327392578125
2313,18.106666564941406,49.79249954223633,0.6750919356055385,1128.4549560546875,0.0716806948184967,1128.4549560546875
2314,18.539165496826172,55.49666976928711,0.6372442427781191,1118.1439208984375,0.07471933960914612,1118.1439208984375
2315,18.057498931884766,46.711666107177734,0.6659705897669705,1118.219482421875,0.09697148203849792,1118.219482421875
2316,17.83916664123535,48.55666732788086,0.6775871622257177,1093.2979736328125,0.07713332772254944,1093.2979736328125
2317,18.27833366394043,53.80332946777344,0.6736607515977344,1048.9193115234375,0.0826018750667572,1048.9193115234375
2318,18.139999389648438,53.11833572387695,0.6483335314858034,1097.0992431640625,0.06260311603546143,1097.0992431640625
2319,18.21500015258789,47.473331451416016,0.6747688524743669,1130.6409912109375,0.08097580075263977,1130.6409912109375
2320,17.69416618347168,44.71000289916992,0.657471491785018,1098.7626953125,0.09675094485282898,1098.7626953125
2321,18.49333381652832,53.52583694458008,0.6881355318259792,1094.9656982421875,0.07396921515464783,1094.9656982421875
2322,18.656665802001953,51.72999954223633,0.6747627367843115,1076.6368408203125,0.08856022357940674,1076.6368408203125
2323,19.170833587646484,56.022499084472656,0.6856159856201898,1050.4449462890625,0.06750181317329407,1050.4449462890625
2324,18.669166564941406,53.99416732788086,0.6949190561998544,1076.72705078125,0.0962505042552948,1076.72705078125
2325,18.82833480834961,55.80750274658203,0.6537872932552166,1075.65234375,0.05896717309951782,1075.65234375
2326,17.89750099182129,48.266666412353516,0.667117325286783,1077.8712158203125,0.07205930352210999,1077.8712158203125
2327,18.940000534057617,53.64500427246094,0.6859983727482415,1133.6383056640625,0.06340700387954712,1133.6383056640625
2328,18.568334579467773,56.84416961669922,0.6473604856042914,1092.15966796875,0.08302134275436401,1092.15966796875
2329,17.530000686645508,47.62333297729492,0.6506049014719296,1049.0595703125,0.07128831744194031,1049.0595703125
2330,17.95916748046875,49.48500061035156,0.6539890766775736,1097.59228515625,0.07138359546661377,1097.59228515625
2331,17.832500457763672,47.71500015258789,0.6523546047176412,1098.5352783203125,0.07944950461387634,1098.5352783203125
2332,18.239168167114258,47.92583465576172,0.6439391405766277,1103.5303955078125,0.07960289716720581,1103.5303955078125
2333,18.661666870117188,53.66416549682617,0.6904327762482277,1103.37255859375,0.0759490430355072,1103.37255859375
2334,17.93833351135254,44.455833435058594,0.6833486503787397,1101.3978271484375,0.13108214735984802,1101.3978271484375
2335,18.22333335876465,46.78583526611328,0.6706636628053395,1139.90380859375,0.11716413497924805,1139.90380859375
2336,18.531665802001953,53.20750045776367,0.7116090155779284,1085.623291015625,0.0548740029335022,1085.623291015625
2337,18.281667709350586,52.67250061035156,0.6502255688204998,1074.510009765625,0.07007429003715515,1074.510009765625
2338,18.74250030517578,50.28916549682617,0.679856288059659,1070.8360595703125,0.07191696763038635,1070.8360595703125
2339,17.990833282470703,48.565834045410156,0.6660603180902511,1082.4058837890625,0.0751110315322876,1082.4058837890625
2340,17.820833206176758,45.10416793823242,0.6568058692523275,1099.583740234375,0.09957319498062134,1099.583740234375
2341,18.13833236694336,47.88500213623047,0.6661158154789508,1091.285888671875,0.08756479620933533,1091.285888671875
2342,18.11166763305664,47.90833282470703,0.6691788606129516,1097.638671875,0.07864275574684143,1097.638671875
2343,18.133333206176758,48.94999694824219,0.7032510742774692,1073.9422607421875,0.08226364850997925,1073.9422607421875
2344,18.02166748046875,49.334999084472656,0.6950435863401425,1124.3548583984375,0.0797770619392395,1124.3548583984375
2345,18.82833480834961,54.899169921875,0.6637759899848439,1070.019287109375,0.07592391967773438,1070.019287109375
2346,18.210832595825195,47.954166412353516,0.7017757291181527,1109.523681640625,0.07783371210098267,1109.523681640625
2347,18.416667938232422,51.96999740600586,0.6574979037661173,1056.244384765625,0.06929931044578552,1056.244384765625
2348,18.739999771118164,50.43166732788086,0.7027446457325027,1112.844482421875,0.08623918890953064,1112.844482421875
2349,18.34166717529297,51.76499938964844,0.6622661245151262,1094.4000244140625,0.07170501351356506,1094.4000244140625
2350,18.141666412353516,50.173336029052734,0.656971822319012,1111.839599609375,0.0845540463924408,1111.839599609375
2351,18.230833053588867,54.64249801635742,0.646082593959756,1068.0599365234375,0.0658240020275116,1068.0599365234375
2352,18.787500381469727,49.727500915527344,0.659683311098837,1103.600830078125,0.06488704681396484,1103.600830078125
2353,17.700000762939453,46.68000030517578,0.6859119779296675,1093.5123291015625,0.07563507556915283,1093.5123291015625
2354,17.842500686645508,50.005836486816406,0.6740034409041191,1070.682861328125,0.06869405508041382,1070.682861328125
2355,17.747501373291016,47.454166412353516,0.6910469184992423,1107.720703125,0.08156383037567139,1107.720703125
2356,17.997499465942383,48.76750183105469,0.6742385914457991,1079.821533203125,0.0641145408153534,1079.821533203125
2357,18.356666564941406,51.1441650390625,0.6740244124990895,1073.278076171875,0.07317712903022766,1073.278076171875
2358,17.88166618347168,47.50166702270508,0.7025828173714823,1118.37548828125,0.07891777157783508,1118.37548828125
2359,17.894166946411133,46.477500915527344,0.6769763574079865,1111.91357421875,0.07780376076698303,1111.91357421875
2360,17.98583221435547,53.7599983215332,0.6845295259220198,1067.8485107421875,0.07933163642883301,1067.8485107421875
2361,18.469999313354492,55.09583282470703,0.6604813536241901,1105.8992919921875,0.07087641954421997,1105.8992919921875
2362,18.758333206176758,50.459999084472656,0.6821409763625284,1107.9879150390625,0.07634362578392029,1107.9879150390625
2363,17.260833740234375,48.47083282470703,0.6512196249486712,1114.35498046875,0.0824984610080719,1114.35498046875
2364,18.329166412353516,51.25250244140625,0.6793226605718166,1096.6500244140625,0.07424056529998779,1096.6500244140625
2365,17.547500610351562,48.92416763305664,0.648588563821295,1101.2462158203125,0.07047578692436218,1101.2462158203125
2366,18.768333435058594,57.04666519165039,0.6938480059662716,1075.33349609375,0.060200899839401245,1075.33349609375
2367,17.601667404174805,49.048336029052734,0.6468296282656963,1075.2987060546875,0.07373294234275818,1075.2987060546875
2368,18.221668243408203,55.4666633605957,0.6952385259593346,1064.421630859375,0.0666634738445282,1064.421630859375
2369,17.74916648864746,50.18083572387695,0.6816949071631286,1085.64453125,0.06369638442993164,1085.64453125
2370,18.17416763305664,49.50416564941406,0.709989798378725,1113.36865234375,0.08775562047958374,1113.36865234375
2371,18.320833206176758,53.190834045410156,0.6797886551483261,1072.0184326171875,0.0792568027973175,1072.0184326171875
2372,17.8125,49.440834045410156,0.624230797586102,1090.5303955078125,0.11287757754325867,1090.5303955078125
2373,17.94416618347168,51.250831604003906,0.6722331164669171,1105.2545166015625,0.09037739038467407,1105.2545166015625
2374,17.895832061767578,46.2691650390625,0.6767415610718652,1106.1639404296875,0.09140616655349731,1106.1639404296875
2375,18.490833282470703,54.81416702270508,0.692025088607295,1086.594970703125,0.062480539083480835,1086.594970703125
2376,18.416667938232422,51.78499984741211,0.6453656200519261,1102.8646240234375,0.08131760358810425,1102.8646240234375
2377,17.351665496826172,45.035831451416016,0.6554145538140665,1088.8677978515625,0.1027708649635315,1088.8677978515625
2378,17.615833282470703,46.87583541870117,0.664861612538057,1103.212890625,0.06867420673370361,1103.212890625
2379,17.79166603088379,48.52583312988281,0.6372076981061583,1094.0213623046875,0.07976660132408142,1094.0213623046875
2380,17.44499969482422,43.003334045410156,0.652673816531789,1123.3946533203125,0.08300551772117615,1123.3946533203125
2381,18.33333396911621,53.018333435058594,0.6770201729915626,1074.8992919921875,0.08268943428993225,1074.8992919921875
2382,18.115833282470703,46.503334045410156,0.664276422063973,1129.2431640625,0.08400648832321167,1129.2431640625
2383,17.690832138061523,48.9275016784668,0.6653872299873895,1129.7589111328125,0.08141356706619263,1129.7589111328125
2384,18.06333351135254,54.0099983215332,0.6760515461029633,1059.3179931640625,0.06969600915908813,1059.3179931640625
2385,18.14583396911621,51.05916976928711,0.6530512094373315,1086.65234375,0.08159402012825012,1086.65234375
2386,17.770832061767578,44.43916702270508,0.6630785363918509,1111.623779296875,0.0913233757019043,1111.623779296875
2387,18.28499984741211,49.60499954223633,0.6917408397091349,1099.994140625,0.08080923557281494,1099.994140625
2388,18.623332977294922,56.54500198364258,0.6654036057055777,1101.896484375,0.06311509013175964,1101.896484375
2389,18.578332901000977,54.68416976928711,0.6614536525618409,1093.4117431640625,0.06334075331687927,1093.4117431640625
2390,17.678333282470703,49.02916717529297,0.6578995262492321,1123.9046630859375,0.07294631004333496,1123.9046630859375
2391,17.823333740234375,51.08666229248047,0.6541631711076288,1098.805419921875,0.07545199990272522,1098.805419921875
2392,18.038333892822266,50.27583312988281,0.6456555143870017,1081.214111328125,0.06585609912872314,1081.214111328125
2393,17.177499771118164,42.73500061035156,0.6301991137511975,1137.7958984375,0.09665775299072266,1137.7958984375
2394,18.371667861938477,47.6158332824707,0.6847786810449306,1084.287353515625,0.06894752383232117,1084.287353515625
2395,18.093332290649414,50.617496490478516,0.7067375242812268,1087.094970703125,0.06493917107582092,1087.094970703125
2396,17.815000534057617,49.198333740234375,0.6656689309034026,1120.475341796875,0.07531550526618958,1120.475341796875
2397,18.06999969482422,47.859169006347656,0.6785789854104338,1112.63818359375,0.07817375659942627,1112.63818359375
2398,18.196666717529297,50.02166748046875,0.659880690269109,1073.650390625,0.06874626874923706,1073.650390625
2399,18.328332901000977,49.53916549682617,0.6522371616870271,1084.2265625,0.08329406380653381,1084.2265625
2400,18.239999771118164,50.730831146240234,0.6973334510073449,1102.7872314453125,0.062214434146881104,1102.7872314453125
2401,18.509166717529297,51.151668548583984,0.6661493136426394,1099.1387939453125,0.07798832654953003,1099.1387939453125
2402,17.820833206176758,46.606666564941406,0.6577310645436424,1063.6734619140625,0.08094638586044312,1063.6734619140625
2403,18.0,53.301666259765625,0.6555235549673799,1065.1822509765625,0.06892701983451843,1065.1822509765625
2404,18.08916664123535,50.538330078125,0.6774913838614003,1050.1279296875,0.07872125506401062,1050.1279296875
2405,18.510833740234375,55.17499923706055,0.6789474437768659,1106.945068359375,0.06590133905410767,1106.945068359375
2406,18.503334045410156,57.16917037963867,0.6726387594026748,1093.7874755859375,0.07075485587120056,1093.7874755859375
2407,18.572500228881836,50.91416931152344,0.6956647754203384,1099.725341796875,0.07445278763771057,1099.725341796875
2408,18.24333381652832,48.815834045410156,0.6545772514662807,1084.6036376953125,0.08364671468734741,1084.6036376953125
2409,18.14666748046875,52.59416580200195,0.6647634204810647,1041.6541748046875,0.06582477688789368,1041.6541748046875
2410,17.91666603088379,46.37083435058594,0.6904356526288122,1131.442626953125,0.07595270872116089,1131.442626953125
2411,18.123332977294922,52.79416275024414,0.6732783354476699,1085.913818359375,0.060434192419052124,1085.913818359375
2412,17.899166107177734,51.352500915527344,0.687084148233269,1096.35595703125,0.06505632400512695,1096.35595703125
2413,18.52666664123535,51.866668701171875,0.6601641016906873,1084.576171875,0.06444218754768372,1084.576171875
2414,18.20083236694336,53.046669006347656,0.6753943281391459,1085.445556640625,0.07302385568618774,1085.445556640625
2415,18.899999618530273,55.931671142578125,0.6424578301296917,1069.529541015625,0.07960566878318787,1069.529541015625
2416,18.981666564941406,56.96416473388672,0.6634293825214049,1093.1226806640625,0.07610496878623962,1093.1226806640625
2417,18.42249870300293,52.32583236694336,0.6627737169618405,1075.3515625,0.0841328501701355,1075.3515625
2418,18.4375,51.50583267211914,0.6873031503243604,1115.349853515625,0.08741456270217896,1115.349853515625
2419,18.775833129882812,50.97083282470703,0.670964333167498,1082.332275390625,0.06480476260185242,1082.332275390625
2420,17.976667404174805,46.413333892822266,0.6594162253064488,1099.273681640625,0.08378112316131592,1099.273681640625
2421,18.166667938232422,50.4908332824707,0.6900312852647406,1099.48779296875,0.06949451565742493,1099.48779296875
2422,17.995832443237305,53.467498779296875,0.6953462561833874,1098.75,0.06248527765274048,1098.75
2423,17.614166259765625,48.336666107177734,0.7037258429253614,1112.415283203125,0.07779982686042786,1112.415283203125
2424,17.74416732788086,50.76166534423828,0.6738023872996071,1131.954345703125,0.07344052195549011,1131.954345703125
2425,18.080833435058594,51.079166412353516,0.6972916681401857,1098.289306640625,0.08512544631958008,1098.289306640625
2426,18.334999084472656,47.18083572387695,0.6854476274532492,1097.316162109375,0.07282468676567078,1097.316162109375
2427,18.62416648864746,57.82250213623047,0.6886096780980788,1084.0015869140625,0.06408247351646423,1084.0015869140625
2428,18.16083335876465,48.23749923706055,0.7028141372673037,1122.5863037109375,0.08217006921768188,1122.5863037109375
2429,17.942501068115234,51.58416748046875,0.6667426158406425,1105.677734375,0.07022517919540405,1105.677734375
2430,18.32499885559082,49.823333740234375,0.6763543170359039,1113.12841796875,0.06674349308013916,1113.12841796875
2431,17.690000534057617,49.25250244140625,0.6174787322612699,1061.4197998046875,0.06483769416809082,1061.4197998046875
2432,17.793333053588867,46.52583312988281,0.6393196746489731,1108.64111328125,0.07770562171936035,1108.64111328125
2433,18.171667098999023,52.662498474121094,0.6471542344499523,1091.444091796875,0.07081449031829834,1091.444091796875
2434,17.905832290649414,53.54416275024414,0.6703236417175078,1063.7611083984375,0.07536071538925171,1063.7611083984375
2435,18.147499084472656,48.46666717529297,0.6733261082258138,1091.2899169921875,0.11245870590209961,1091.2899169921875
2436,18.024999618530273,50.910831451416016,0.6734549050841677,1102.24365234375,0.06200101971626282,1102.24365234375
2437,18.365833282470703,53.45833206176758,0.6624962655751159,1079.0638427734375,0.06630295515060425,1079.0638427734375
2438,18.392499923706055,50.9033317565918,0.6736328734562098,1062.597412109375,0.07820075750350952,1062.597412109375
2439,18.21666717529297,48.855831146240234,0.6701022173455511,1103.9287109375,0.0720812976360321,1103.9287109375
2440,17.76500129699707,51.18000030517578,0.7189567787775706,1082.515625,0.07061773538589478,1082.515625
2441,18.584999084472656,51.23833465576172,0.6815002647275401,1057.7406005859375,0.07229873538017273,1057.7406005859375
2442,17.905832290649414,49.34250259399414,0.7320988543615317,1114.3448486328125,0.05395632982254028,1114.3448486328125
2443,18.265832901000977,54.217498779296875,0.6637840910406012,1086.1502685546875,0.06274175643920898,1086.1502685546875
2444,17.97333335876465,45.61000061035156,0.6536013942958139,1112.4205322265625,0.09213653206825256,1112.4205322265625
2445,18.2358341217041,46.74916458129883,0.6677068560928661,1105.0374755859375,0.10332795977592468,1105.0374755859375
2446,17.558332443237305,44.71249771118164,0.6699903864854287,1113.8583984375,0.08178350329399109,1113.8583984375
2447,17.375,42.535831451416016,0.6854530663791711,1116.4710693359375,0.08430370688438416,1116.4710693359375
2448,18.202499389648438,49.184165954589844,0.6693706953862663,1098.4127197265625,0.08194586634635925,1098.4127197265625
2449,18.273332595825195,54.82500076293945,0.678610282175614,1061.9671630859375,0.07058349251747131,1061.9671630859375
2450,18.522499084472656,55.84166717529297,0.6888185866162184,1101.867431640625,0.06489422917366028,1101.867431640625
2451,18.7016658782959,58.999168395996094,0.6134479984973644,1088.1466064453125,0.07661318778991699,1088.1466064453125
2452,18.275833129882812,53.022499084472656,0.6747886577051345,1055.0670166015625,0.06610667705535889,1055.0670166015625
2453,18.719999313354492,54.121665954589844,0.6771613524807795,1092.1358642578125,0.06416502594947815,1092.1358642578125
2454,18.456666946411133,54.252498626708984,0.6659901184551964,1101.531982421875,0.07206711173057556,1101.531982421875
2455,18.079999923706055,50.494163513183594,0.6538356693174244,1085.013916015625,0.07055720686912537,1085.013916015625
2456,18.148332595825195,48.779998779296875,0.6652272430644528,1082.80517578125,0.06342446804046631,1082.80517578125
2457,18.474166870117188,52.05167007446289,0.65160216864511,1102.339599609375,0.07544836401939392,1102.339599609375
2458,17.99416732788086,52.3033332824707,0.6777329191249903,1046.31494140625,0.07910126447677612,1046.31494140625
2459,18.338333129882812,50.24250030517578,0.6342681097803966,1116.05029296875,0.07862383127212524,1116.05029296875
2460,18.129167556762695,51.793331146240234,0.6317076500126546,1078.407958984375,0.07540351152420044,1078.407958984375
2461,19.350000381469727,55.42749786376953,0.6567844167752206,1101.1768798828125,0.07696011662483215,1101.1768798828125
2462,18.554166793823242,54.689998626708984,0.6863338722969683,1096.5706787109375,0.061504483222961426,1096.5706787109375
2463,17.884166717529297,49.9033317565918,0.6540856844681346,1062.924560546875,0.07197391986846924,1062.924560546875
2464,18.56166648864746,51.37333297729492,0.6673331987787025,1086.760009765625,0.05833190679550171,1086.760009765625
2465,17.824167251586914,49.06333541870117,0.7047491129154443,1073.63623046875,0.07047829031944275,1073.63623046875
2466,18.25583267211914,48.53666687011719,0.6584872262589576,1118.8568115234375,0.05928218364715576,1118.8568115234375
2467,18.179166793823242,53.6875,0.6453185281662682,1076.0936279296875,0.1010391116142273,1076.0936279296875
2468,18.1108341217041,54.70500183105469,0.6540643174426723,1130.377685546875,0.0852532684803009,1130.377685546875
2469,17.74416732788086,45.21500015258789,0.6891328129812683,1091.2437744140625,0.09637010097503662,1091.2437744140625
2470,18.684165954589844,53.6724967956543,0.6863226302492943,1075.5634765625,0.06767123937606812,1075.5634765625
2471,18.6733341217041,56.50749969482422,0.6840906233434341,1070.8509521484375,0.08761021494865417,1070.8509521484375
2472,18.684999465942383,54.31500244140625,0.6921340106003991,1075.8182373046875,0.06997156143188477,1075.8182373046875
2473,17.895000457763672,49.831668853759766,0.6987821168890183,1092.4384765625,0.07345816493034363,1092.4384765625
2474,17.630001068115234,45.39500045776367,0.6782348277362943,1122.5877685546875,0.09105917811393738,1122.5877685546875
2475,18.04833221435547,50.227500915527344,0.7046308784368353,1099.4151611328125,0.06675434112548828,1099.4151611328125
2476,17.755001068115234,44.714168548583984,0.6742430303142539,1089.71435546875,0.08769887685775757,1089.71435546875
2477,17.06166648864746,42.87666702270508,0.6661163227352909,1129.6922607421875,0.08726751804351807,1129.6922607421875
2478,18.014999389648438,49.809165954589844,0.6398009776831001,1088.96533203125,0.06028854846954346,1088.96533203125
2479,18.394166946411133,55.61666488647461,0.6543309533772723,1019.9777221679688,0.08519294857978821,1019.9777221679688
2480,18.198333740234375,49.44416427612305,0.69147800045317,1114.2811279296875,0.08782616257667542,1114.2811279296875
2481,17.850831985473633,49.479164123535156,0.6786082752477063,1098.8702392578125,0.08434578776359558,1098.8702392578125
2482,18.084999084472656,49.45083236694336,0.6786505361118913,1101.4559326171875,0.07097962498664856,1101.4559326171875
2483,18.07666778564453,51.07332992553711,0.6801944250810396,1082.14501953125,0.05504617094993591,1082.14501953125
2484,18.157499313354492,47.67416763305664,0.6823050571965111,1058.8892822265625,0.0800614058971405,1058.8892822265625
2485,18.016666412353516,50.77333450317383,0.6962279516943221,1086.0137939453125,0.055393099784851074,1086.0137939453125
2486,18.104999542236328,49.45833206176758,0.7062356107964225,1087.7000732421875,0.07841554284095764,1087.7000732421875
2487,18.729999542236328,55.53333282470703,0.647530151013356,1039.6783447265625,0.06663596630096436,1039.6783447265625
2488,18.30666732788086,52.605831146240234,0.6697146472244659,1041.617919921875,0.08783203363418579,1041.617919921875
2489,18.252498626708984,52.03750228881836,0.7116789285165965,1061.7535400390625,0.08760622143745422,1061.7535400390625
2490,17.56916618347168,47.999168395996094,0.6531709432385141,1066.8509521484375,0.06675577163696289,1066.8509521484375
2491,17.855833053588867,50.34916305541992,0.7014509642403333,1094.34814453125,0.07728087902069092,1094.34814453125
2492,16.144166946411133,45.483333587646484,0.6044161080347106,1290.4813232421875,0.06886139512062073,1290.4813232421875
2493,18.516666412353516,52.859169006347656,0.696884081536044,1089.6378173828125,0.07770362496376038,1089.6378173828125
2494,18.03999900817871,45.84000015258789,0.6795693553788003,1114.1290283203125,0.07241487503051758,1114.1290283203125
2495,18.331666946411133,55.419166564941406,0.6977694384624885,1092.1551513671875,0.07679858803749084,1092.1551513671875
2496,18.587499618530273,54.17416763305664,0.6736832587853747,1096.5650634765625,0.06425032019615173,1096.5650634765625
2497,18.20916748046875,48.4275016784668,0.6750781191246445,1071.7664794921875,0.0722406804561615,1071.7664794921875
2498,18.046667098999023,49.49333190917969,0.6859031087805704,1104.5751953125,0.0985231101512909,1104.5751953125
2499,18.691665649414062,52.2591667175293,0.6782206968696687,1108.10986328125,0.06653439998626709,1108.10986328125
2500,18.0674991607666,49.8658332824707,0.6608713149364436,1065.5762939453125,0.09046098589897156,1065.5762939453125
2501,18.87583351135254,55.33416748046875,0.6773994189962448,1102.6402587890625,0.06104534864425659,1102.6402587890625
2502,17.982500076293945,44.72500228881836,0.6999465590069558,1133.6043701171875,0.08515629172325134,1133.6043701171875
2503,18.7066650390625,53.32749938964844,0.6653874194690312,1097.87548828125,0.06060516834259033,1097.87548828125
2504,18.182498931884766,52.78333282470703,0.6667194878443872,1077.2056884765625,0.06824898719787598,1077.2056884765625
2505,18.052499771118164,54.09000015258789,0.6900455356473767,1046.6973876953125,0.05819264054298401,1046.6973876953125
2506,18.34083366394043,51.31083297729492,0.6638778372256807,1076.7052001953125,0.06773900985717773,1076.7052001953125
2507,17.641666412353516,50.53666687011719,0.666962341466582,1089.0872802734375,0.09054544568061829,1089.0872802734375
2508,18.690000534057617,56.01082992553711,0.6823679797843202,1070.057861328125,0.06786784529685974,1070.057861328125
2509,18.053333282470703,47.3316650390625,0.7400313846979314,1132.718017578125,0.0862819254398346,1132.718017578125
2510,18.731666564941406,57.78666687011719,0.6362999427550103,1091.697021484375,0.07037156820297241,1091.697021484375
2511,19.05583381652832,53.787498474121094,0.6898855458133407,1093.681884765625,0.06434670090675354,1093.681884765625
2512,18.476667404174805,46.815834045410156,0.6788202428468855,1108.0059814453125,0.07928550243377686,1108.0059814453125
2513,17.89750099182129,48.54750061035156,0.6926943124671094,1101.120361328125,0.056096941232681274,1101.120361328125
2514,18.296667098999023,48.904998779296875,0.6694112448141926,1093.4832763671875,0.06495091319084167,1093.4832763671875
2515,17.873332977294922,43.28666687011719,0.7029158840738197,1108.6612548828125,0.06628522276878357,1108.6612548828125
2516,17.44499969482422,45.05666732788086,0.6510224201551811,1108.6121826171875,0.07883480191230774,1108.6121826171875
2517,17.512500762939453,41.40500259399414,0.6289096935721384,1110.2052001953125,0.08934265375137329,1110.2052001953125
2518,17.753332138061523,47.65250015258789,0.67163641806505,1066.4188232421875,0.08711788058280945,1066.4188232421875
2519,17.93833351135254,48.35499954223633,0.6695533646884168,1103.1505126953125,0.06559345126152039,1103.1505126953125
2520,19.115833282470703,57.64583206176758,0.6500040963665775,1085.4947509765625,0.0622611939907074,1085.4947509765625
2521,18.64583396911621,55.35667037963867,0.6752509379705969,1079.9193115234375,0.06849926710128784,1079.9193115234375
2522,18.69916534423828,57.04833221435547,0.6606271995007852,1058.26904296875,0.06150200963020325,1058.26904296875
2523,18.599166870117188,51.50416564941406,0.717336811917793,1114.017333984375,0.08318457007408142,1114.017333984375
2524,18.229167938232422,52.6099967956543,0.6551671176479806,1121.1778564453125,0.06866493821144104,1121.1778564453125
2525,18.350833892822266,50.801666259765625,0.6635164000967106,1079.3831787109375,0.06895643472671509,1079.3831787109375
2526,18.19999885559082,48.105831146240234,0.6871557618476903,1114.70166015625,0.05835270881652832,1114.70166015625
2527,18.718334197998047,53.86249923706055,0.6936398303408474,1091.8580322265625,0.05972647666931152,1091.8580322265625
2528,18.099998474121094,49.90999984741211,0.689767578654214,1122.332275390625,0.0756077766418457,1122.332275390625
2529,18.324167251586914,49.997501373291016,0.691683683462299,1145.6046142578125,0.07048815488815308,1145.6046142578125
2530,18.674165725708008,52.34333419799805,0.6730234286204972,1086.0928955078125,0.07046017050743103,1086.0928955078125
2531,18.174999237060547,50.93083190917969,0.6490571320122387,1096.1474609375,0.09083157777786255,1096.1474609375
2532,17.77916717529297,48.32749938964844,0.6825059947534253,1127.42626953125,0.07718479633331299,1127.42626953125
2533,18.018333435058594,52.11833190917969,0.6603373220400427,1090.69287109375,0.07963430881500244,1090.69287109375
2534,18.15333366394043,53.57583236694336,0.6587046893756657,1046.5350341796875,0.06663039326667786,1046.5350341796875
2535,17.740833282470703,49.173336029052734,0.6610046091931483,1113.6431884765625,0.07396787405014038,1113.6431884765625
2536,18.052499771118164,52.61166763305664,0.6659502121362425,1073.834716796875,0.06721547245979309,1073.834716796875
2537,17.801666259765625,47.614166259765625,0.655559889143711,1093.5047607421875,0.07812812924385071,1093.5047607421875
2538,18.081666946411133,50.55583190917969,0.6493861715639553,1099.7474365234375,0.08239254355430603,1099.7474365234375
2539,18.217498779296875,51.34749984741211,0.6480569034048198,1095.037841796875,0.08864301443099976,1095.037841796875
2540,17.584165573120117,51.23999786376953,0.6918613271006099,1097.8004150390625,0.07792985439300537,1097.8004150390625
2541,17.829166412353516,52.51499938964844,0.6674689844123873,1083.975341796875,0.0761273205280304,1083.975341796875
2542,18.150833129882812,53.663330078125,0.6865373697001844,1143.019775390625,0.06227606534957886,1143.019775390625
2543,18.362499237060547,53.30833053588867,0.6674503647883334,1076.2445068359375,0.07029572129249573,1076.2445068359375
2544,17.96416664123535,52.229164123535156,0.6618970395199016,1096.945556640625,0.10144594311714172,1096.945556640625
2545,18.34583282470703,53.40583419799805,0.6822816910390721,1090.9520263671875,0.06614193320274353,1090.9520263671875
2546,18.13916778564453,49.88833236694336,0.7102928062454634,1096.97314453125,0.09726858139038086,1096.97314453125
2547,17.281665802001953,41.33749771118164,0.6528355022875096,1132.6470947265625,0.10552144050598145,1132.6470947265625
2548,18.84000015258789,53.40916442871094,0.6844768543555326,1109.25537109375,0.06539744138717651,1109.25537109375
2549,17.73666763305664,47.45249938964844,0.6500754317824597,1077.5870361328125,0.06872737407684326,1077.5870361328125
2550,18.441667556762695,50.26000213623047,0.6931439493831433,1095.7462158203125,0.06954899430274963,1095.7462158203125
2551,18.324167251586914,54.059165954589844,0.6739999541533216,1063.9942626953125,0.06677830219268799,1063.9942626953125
2552,17.75750160217285,46.7691650390625,0.6463133983524317,1089.6964111328125,0.0689123272895813,1089.6964111328125
2553,18.129167556762695,51.82583236694336,0.662891310502381,1070.4593505859375,0.07349130511283875,1070.4593505859375
2554,18.099998474121094,52.415000915527344,0.6610143460431215,1088.5399169921875,0.07500004768371582,1088.5399169921875
2555,18.733333587646484,51.68916702270508,0.6910005751221413,1094.184326171875,0.05760928988456726,1094.184326171875
2556,19.00583267211914,55.669166564941406,0.6743970007311975,1090.593994140625,0.05485045909881592,1090.593994140625
2557,18.377498626708984,53.126670837402344,0.6732379589567721,1053.5557861328125,0.06668451428413391,1053.5557861328125
2558,18.353334426879883,50.092498779296875,0.6942101113069066,1073.7265625,0.061467528343200684,1073.7265625
2559,17.980833053588867,49.6783332824707,0.6782769685521153,1073.5413818359375,0.07889050245285034,1073.5413818359375
2560,18.769166946411133,53.98666763305664,0.6515627448271837,1105.0428466796875,0.056997865438461304,1105.0428466796875
2561,18.28499984741211,49.755001068115234,0.6740210967535002,1098.86767578125,0.07103198766708374,1098.86767578125
2562,18.741666793823242,57.62083435058594,0.6874426571041083,1047.0994873046875,0.06784111261367798,1047.0994873046875
2563,18.03416633605957,44.97666549682617,0.6825938328524753,1117.024658203125,0.0938250720500946,1117.024658203125
2564,18.810834884643555,54.60166931152344,0.6852995282368806,1063.2669677734375,0.05285215377807617,1063.2669677734375
2565,18.586666107177734,50.5091667175293,0.6823453669725819,1074.99072265625,0.05909210443496704,1074.99072265625
2566,18.37416648864746,52.61083221435547,0.6804398636688652,1100.5606689453125,0.059860438108444214,1100.5606689453125
2567,18.032499313354492,46.086666107177734,0.6702342964577658,1098.2442626953125,0.07507231831550598,1098.2442626953125
2568,17.899166107177734,45.2158317565918,0.7086605292892441,1128.05810546875,0.07902160286903381,1128.05810546875
2569,18.336668014526367,53.99749755859375,0.6704727356510372,1069.2518310546875,0.055164456367492676,1069.2518310546875
2570,19.02083396911621,51.05500030517578,0.7050882033188369,1066.23291015625,0.06376388669013977,1066.23291015625
2571,18.510000228881836,49.11833572387695,0.6744868404002171,1134.5291748046875,0.0708024799823761,1134.5291748046875
2572,18.468334197998047,50.72083282470703,0.6678418978594394,1070.847900390625,0.08454707264900208,1070.847900390625
2573,18.154998779296875,51.934165954589844,0.6729052424030677,1092.8209228515625,0.07257843017578125,1092.8209228515625
2574,18.093332290649414,56.399166107177734,0.67674363692944,1068.4669189453125,0.06363075971603394,1068.4669189453125
2575,17.884166717529297,46.866668701171875,0.6711311378577385,1098.700439453125,0.0696103572845459,1098.700439453125
2576,18.197500228881836,46.06333541870117,0.651235170848266,1099.10302734375,0.09722620248794556,1099.10302734375
2577,17.97083282470703,48.1341667175293,0.6834122246099952,1113.186279296875,0.09380018711090088,1113.186279296875
2578,19.058332443237305,60.026668548583984,0.6710889708198351,1093.844970703125,0.06340634822845459,1093.844970703125
2579,18.456666946411133,49.6533317565918,0.6419317199061987,1098.44775390625,0.06770607829093933,1098.44775390625
2580,17.927499771118164,47.217498779296875,0.6570476342348598,1088.948974609375,0.06650695204734802,1088.948974609375
2581,18.335832595825195,46.5966682434082,0.6598135954130051,1111.072998046875,0.09218746423721313,1111.072998046875
2582,18.184999465942383,48.42333221435547,0.7357443502853975,1103.1837158203125,0.06367173790931702,1103.1837158203125
2583,18.163333892822266,52.87416458129883,0.6963153727078676,1075.234619140625,0.05954158306121826,1075.234619140625
2584,18.53583335876465,51.349998474121094,0.6467261761575839,1074.360595703125,0.07971823215484619,1074.360595703125
2585,18.445833206176758,54.96833419799805,0.6590509519630154,1060.0364990234375,0.0839693546295166,1060.0364990234375
2586,18.24416732788086,50.85916519165039,0.6364654104951263,1098.5069580078125,0.08441311120986938,1098.5069580078125
2587,18.578332901000977,51.149166107177734,0.7067737869068893,1061.668212890625,0.06656187772750854,1061.668212890625
2588,18.735000610351562,55.253334045410156,0.6624423216940099,1098.358642578125,0.06026256084442139,1098.358642578125
2589,18.15916633605957,51.58833312988281,0.6639048112992894,1042.9703369140625,0.05781707167625427,1042.9703369140625
2590,18.074167251586914,50.19333267211914,0.7077990451961823,1078.4881591796875,0.05893382430076599,1078.4881591796875
2591,18.288333892822266,50.1349983215332,0.6925189751837215,1112.3076171875,0.07433375716209412,1112.3076171875
2592,18.627500534057617,50.937496185302734,0.663914942468391,1128.4688720703125,0.07468464970588684,1128.4688720703125
2593,18.51249885559082,50.35499954223633,0.6956174261848157,1092.818115234375,0.062273651361465454,1092.818115234375
2594,18.60916519165039,53.16749954223633,0.6753908148848179,1100.9296875,0.07217168807983398,1100.9296875
2595,18.538333892822266,49.95249938964844,0.690458343285026,1085.6634521484375,0.07006064057350159,1085.6634521484375
2596,18.795000076293945,59.29833221435547,0.6534624188011364,1076.9486083984375,0.07194411754608154,1076.9486083984375
2597,18.505834579467773,53.30332946777344,0.648707428261105,1076.6485595703125,0.06279706954956055,1076.6485595703125
2598,18.241666793823242,50.244163513183594,0.6898963272970732,1088.692138671875,0.0821399986743927,1088.692138671875
2599,18.141666412353516,49.587501525878906,0.6796344188682556,1059.943115234375,0.09319978952407837,1059.943115234375
2600,18.170000076293945,46.959999084472656,0.638649831356292,1086.169189453125,0.07424494624137878,1086.169189453125
2601,19.051666259765625,55.58082962036133,0.6828667518909379,1072.4107666015625,0.0590302050113678,1072.4107666015625
2602,18.605833053588867,48.80583190917969,0.6808824838786042,1106.937744140625,0.06362715363502502,1106.937744140625
2603,18.439167022705078,53.54166793823242,0.6597038181324488,1075.411865234375,0.06937476992607117,1075.411865234375
2604,18.229999542236328,48.59583282470703,0.6828905492671009,1102.9102783203125,0.08365100622177124,1102.9102783203125
2605,18.446666717529297,51.314998626708984,0.676730655399119,1128.50390625,0.06401732563972473,1128.50390625
2606,18.205833435058594,53.52000045776367,0.6332184596068636,1055.0172119140625,0.06295549869537354,1055.0172119140625
2607,18.419166564941406,53.11499786376953,0.6790506638075278,1119.298583984375,0.07770833373069763,1119.298583984375
2608,18.55583381652832,52.535831451416016,0.6899215942320146,1079.3067626953125,0.06761786341667175,1079.3067626953125
2609,18.109167098999023,49.04499816894531,0.6430251131591884,1078.8123779296875,0.07481217384338379,1078.8123779296875
2610,18.19999885559082,46.160831451416016,0.7208295206447284,1127.716796875,0.09009861946105957,1127.716796875
2611,18.08333396911621,47.15250015258789,0.6932526229927471,1097.7222900390625,0.07228219509124756,1097.7222900390625
2612,18.538333892822266,56.850833892822266,0.6776829596299692,1067.9814453125,0.058131635189056396,1067.9814453125
2613,18.566665649414062,49.63750076293945,0.6628156050057781,1068.6385498046875,0.08189430832862854,1068.6385498046875
2614,18.685832977294922,46.551666259765625,0.6666200802215327,1108.480224609375,0.06777513027191162,1108.480224609375
2615,18.190834045410156,52.189998626708984,0.648509576641324,1074.0452880859375,0.06116098165512085,1074.0452880859375
2616,18.65333366394043,56.80500411987305,0.6934038676072938,1052.98388671875,0.0723002552986145,1052.98388671875
2617,18.046667098999023,53.6783332824707,0.6882211041828039,1057.34716796875,0.07883825898170471,1057.34716796875
2618,17.90166664123535,48.81833267211914,0.665186518362417,1101.4083251953125,0.0633726716041565,1101.4083251953125
2619,18.65333366394043,51.356666564941406,0.661041594097074,1081.2611083984375,0.07941651344299316,1081.2611083984375
2620,18.448333740234375,52.53666687011719,0.718494493768443,1112.3582763671875,0.06991586089134216,1112.3582763671875
2621,18.052499771118164,52.60166549682617,0.6970807477356119,1068.8990478515625,0.05821901559829712,1068.8990478515625
2622,18.171667098999023,50.1349983215332,0.6940082460341926,1078.706787109375,0.0784406065940857,1078.706787109375
2623,17.894166946411133,51.412498474121094,0.6800783613111874,1086.0281982421875,0.0806986391544342,1086.0281982421875
2624,18.433334350585938,50.7591667175293,0.6881403239367992,1092.9149169921875,0.06820011138916016,1092.9149169921875
2625,18.417499542236328,50.93166732788086,0.6889007998786254,1090.374267578125,0.05847063660621643,1090.374267578125
2626,17.79166603088379,51.51583480834961,0.6649412158368122,1100.574951171875,0.0649537742137909,1100.574951171875
2627,18.064998626708984,50.64833068847656,0.6924851774501357,1095.9271240234375,0.0704738199710846,1095.9271240234375
2628,19.083332061767578,59.69832992553711,0.7001061533114231,1021.5868530273438,0.07018819451332092,1021.5868530273438
2629,18.865833282470703,54.4900016784668,0.7108357827541025,1095.43896484375,0.054811686277389526,1095.43896484375
2630,18.157499313354492,48.849998474121094,0.6524664335713046,1061.2470703125,0.07626727223396301,1061.2470703125
2631,18.4233341217041,51.51666259765625,0.7224953966697685,1131.3927001953125,0.05933558940887451,1131.3927001953125
2632,17.91583251953125,47.981666564941406,0.6932965507918005,1104.1578369140625,0.07701483368873596,1104.1578369140625
2633,18.769166946411133,51.828330993652344,0.6514515646955676,1099.1728515625,0.07697993516921997,1099.1728515625
2634,18.388334274291992,53.17166519165039,0.7006912958186853,1090.0906982421875,0.05740559101104736,1090.0906982421875
2635,18.041667938232422,47.87666702270508,0.7136048791527515,1119.427734375,0.06780651211738586,1119.427734375
2636,18.078332901000977,44.045833587646484,0.6816133120347021,1114.4921875,0.06715121865272522,1114.4921875
2637,18.774999618530273,54.42333221435547,0.7071740818234968,1095.20654296875,0.06658568978309631,1095.20654296875
2638,18.237499237060547,49.059165954589844,0.7133013071088868,1124.44482421875,0.06565499305725098,1124.44482421875
2639,18.739166259765625,52.415836334228516,0.6824272486349697,1070.4739990234375,0.06809946894645691,1070.4739990234375
2640,18.559165954589844,55.948333740234375,0.6721465612994328,1087.2744140625,0.06535816192626953,1087.2744140625
2641,18.174999237060547,49.09333419799805,0.6996178540435328,1084.450927734375,0.06261759996414185,1084.450927734375
2642,18.129167556762695,47.36833190917969,0.6961711141627305,1112.217041015625,0.06280845403671265,1112.217041015625
2643,18.395000457763672,51.26749801635742,0.669189512840247,1114.0865478515625,0.06152069568634033,1114.0865478515625
2644,17.949167251586914,46.36750030517578,0.6540578942136659,1084.2998046875,0.07067123055458069,1084.2998046875
2645,18.10333251953125,47.85000228881836,0.698802636232968,1109.9647216796875,0.06141531467437744,1109.9647216796875
2646,18.6391658782959,47.3558349609375,0.6970651518008977,1114.3643798828125,0.07189038395881653,1114.3643798828125
2647,18.234167098999023,49.744998931884766,0.6527304640310769,1050.704833984375,0.07237502932548523,1050.704833984375
2648,17.769166946411133,46.035831451416016,0.6446872818217022,1096.2730712890625,0.06886157393455505,1096.2730712890625
2649,18.425832748413086,49.34499740600586,0.6856336460484824,1103.0589599609375,0.0580773651599884,1103.0589599609375
2650,17.614166259765625,49.06916809082031,0.6677844335650704,1051.574462890625,0.07686901092529297,1051.574462890625
2651,18.100833892822266,46.087501525878906,0.6856085128493496,1103.931640625,0.077532559633255,1103.931640625
2652,18.226667404174805,51.07583236694336,0.6671292004758379,1072.8673095703125,0.06901508569717407,1072.8673095703125
2653,17.545000076293945,47.981666564941406,0.6553361665182554,1080.013427734375,0.06846129894256592,1080.013427734375
2654,18.085832595825195,46.50749969482422,0.6694850377467834,1094.2158203125,0.0849965512752533,1094.2158203125
2655,18.551666259765625,56.21333312988281,0.684982817664931,1057.0872802734375,0.07396918535232544,1057.0872802734375
2656,17.945833206176758,50.19416809082031,0.6870326519470347,1082.835693359375,0.07477724552154541,1082.835693359375
2657,18.016666412353516,47.95916748046875,0.6552449002540957,1100.59423828125,0.07591551542282104,1100.59423828125
2658,17.741666793823242,46.5191650390625,0.6695374861648152,1061.010498046875,0.07211074233055115,1061.010498046875
2659,18.219167709350586,50.283329010009766,0.6941955108504954,1080.7672119140625,0.061450034379959106,1080.7672119140625
2660,18.456666946411133,54.290000915527344,0.6627463448611188,1105.8548583984375,0.05818548798561096,1105.8548583984375
2661,17.99416732788086,45.730831146240234,0.6418021981328021,1075.0830078125,0.06209862232208252,1075.0830078125
2662,18.47166633605957,50.01083755493164,0.6699138749400737,1097.365478515625,0.055445730686187744,1097.365478515625
2663,17.740833282470703,49.79916763305664,0.6767845207959744,1135.9075927734375,0.07001334428787231,1135.9075927734375
2664,17.842500686645508,47.309165954589844,0.6934529530467801,1111.595947265625,0.11841440200805664,1111.595947265625
2665,18.218334197998047,53.91166687011719,0.6787971233269859,1083.0179443359375,0.06125444173812866,1083.0179443359375
2666,18.210832595825195,43.793331146240234,0.6581518068773954,1115.145263671875,0.07952582836151123,1115.145263671875
2667,17.567501068115234,48.204166412353516,0.6853221982317079,1082.912109375,0.05793514847755432,1082.912109375
2668,17.794166564941406,50.40666580200195,0.6846943050309879,1056.8193359375,0.05852925777435303,1056.8193359375
2669,18.06166648864746,47.81500244140625,0.6763393376658652,1116.9630126953125,0.06970325112342834,1116.9630126953125
2670,17.894166946411133,46.654998779296875,0.6775696162044438,1110.1754150390625,0.0796440839767456,1110.1754150390625
2671,17.46583366394043,48.08833312988281,0.6633962094530732,1072.5372314453125,0.06969547271728516,1072.5372314453125
2672,18.031667709350586,49.59916687011719,0.7098968307570196,1098.9652099609375,0.06193318963050842,1098.9652099609375
2673,18.00749969482422,49.04999923706055,0.6865993469847922,1097.4151611328125,0.08590587973594666,1097.4151611328125
2674,18.15999984741211,50.12249755859375,0.6922877255322066,1074.274658203125,0.09134301543235779,1074.274658203125
2675,18.21583366394043,49.44333267211914,0.6960376918338835,1119.8048095703125,0.07726654410362244,1119.8048095703125
2676,17.942501068115234,52.6974983215332,0.6946805671380348,1085.68115234375,0.08700445294380188,1085.68115234375
2677,17.987499237060547,47.26499938964844,0.6657120715730165,1107.8299560546875,0.06750312447547913,1107.8299560546875
2678,18.27916717529297,51.285831451416016,0.711412809225057,1084.138916015625,0.07813918590545654,1084.138916015625
2679,18.191667556762695,47.31999969482422,0.6687468826631247,1070.1046142578125,0.06130051612854004,1070.1046142578125
2680,17.84833335876465,52.84416580200195,0.6495856531144517,1080.1724853515625,0.06906241178512573,1080.1724853515625
2681,18.210832595825195,49.95000076293945,0.713405878830663,1109.8797607421875,0.05722644925117493,1109.8797607421875
2682,17.939167022705078,45.380001068115234,0.7025832751480396,1074.0478515625,0.0852707028388977,1074.0478515625
2683,18.239168167114258,50.7591667175293,0.6569683661007891,1084.4398193359375,0.06564348936080933,1084.4398193359375
2684,17.90916633605957,50.22416687011719,0.6593667887610725,1068.8226318359375,0.05511915683746338,1068.8226318359375
2685,18.379167556762695,55.185829162597656,0.6889370322353007,1050.6883544921875,0.07249468564987183,1050.6883544921875
2686,18.428333282470703,54.86000061035156,0.6409034395131656,1070.5966796875,0.07009398937225342,1070.5966796875
2687,18.211668014526367,46.059165954589844,0.6695900722360109,1062.133544921875,0.06685259938240051,1062.133544921875
2688,18.16583251953125,52.35750198364258,0.7118482114650811,1037.086181640625,0.057038336992263794,1037.086181640625
2689,18.61333465576172,51.831668853759766,0.6886527534920679,1117.99609375,0.06777101755142212,1117.99609375
2690,18.977500915527344,61.85166931152344,0.6679418482584163,1094.1363525390625,0.06382977962493896,1094.1363525390625
2691,18.012500762939453,52.42250061035156,0.7074921666705127,1091.491455078125,0.06221655011177063,1091.491455078125
2692,18.870834350585938,56.86166763305664,0.6835823182236046,1076.838134765625,0.055661559104919434,1076.838134765625
2693,18.376667022705078,52.54166793823242,0.6786585216267798,1090.6356201171875,0.06568393111228943,1090.6356201171875
2694,18.224166870117188,50.40500259399414,0.6751561497296026,1071.5035400390625,0.06098565459251404,1071.5035400390625
2695,18.03999900817871,48.070831298828125,0.6756728024973631,1093.9256591796875,0.07220712304115295,1093.9256591796875
2696,17.781667709350586,47.45916748046875,0.6992461420302571,1066.545166015625,0.07351458072662354,1066.545166015625
2697,17.985000610351562,49.09333419799805,0.6990429630386982,1081.529541015625,0.05960339307785034,1081.529541015625
2698,19.19333267211914,52.75416564941406,0.6615920380260711,1086.8883056640625,0.06330782175064087,1086.8883056640625
2699,18.1299991607666,51.1441650390625,0.7130615544243051,1100.1185302734375,0.0619204044342041,1100.1185302734375
2700,18.519166946411133,51.27083206176758,0.6821195377280203,1128.3192138671875,0.06504669785499573,1128.3192138671875
2701,17.755001068115234,47.2216682434082,0.6788651344268151,1068.326416015625,0.07141357660293579,1068.326416015625
2702,17.88083267211914,47.44249725341797,0.6799296510696635,1099.332763671875,0.05684730410575867,1099.332763671875
2703,18.634166717529297,52.55167007446289,0.6729114201385203,1080.36572265625,0.07152736186981201,1080.36572265625
2704,18.041667938232422,51.28083038330078,0.6851633548921248,1081.9180908203125,0.061340779066085815,1081.9180908203125
2705,17.560001373291016,47.07666778564453,0.6641290953840686,1067.773193359375,0.05818969011306763,1067.773193359375
2706,18.02083396911621,54.246665954589844,0.6872349911131463,1074.321044921875,0.05014771223068237,1074.321044921875
2707,18.308334350585938,49.244163513183594,0.6789818036136506,1082.4344482421875,0.04939350485801697,1082.4344482421875
2708,18.418333053588867,53.65916442871094,0.6618898556563974,1054.8741455078125,0.07081079483032227,1054.8741455078125
2709,17.883333206176758,48.09833526611328,0.6758721636248313,1065.65380859375,0.08219850063323975,1065.65380859375
2710,17.855833053588867,47.63999938964844,0.6879792574232813,1073.3997802734375,0.057308971881866455,1073.3997802734375
2711,18.13083267211914,47.09416580200195,0.6368824395040341,1105.02294921875,0.08544644713401794,1105.02294921875
2712,18.105833053588867,50.603336334228516,0.6889078419647605,1059.0347900390625,0.053917884826660156,1059.0347900390625
2713,18.07666778564453,50.772499084472656,0.6663143491192733,1063.496337890625,0.06967216730117798,1063.496337890625
2714,18.584999084472656,50.76583480834961,0.6769179631165383,1077.149658203125,0.058007508516311646,1077.149658203125
2715,18.217498779296875,47.627498626708984,0.6812398553630654,1060.354736328125,0.0688931941986084,1060.354736328125
2716,17.86250114440918,47.005001068115234,0.6807322783837644,1071.051513671875,0.07742154598236084,1071.051513671875
2717,18.33333396911621,46.87416458129883,0.6822633664472089,1081.7684326171875,0.06506359577178955,1081.7684326171875
2718,18.7450008392334,52.42000198364258,0.7124633471111026,1076.144287109375,0.07097312808036804,1076.144287109375
2719,18.1733341217041,47.85333251953125,0.6713487654982758,1057.469482421875,0.05448773503303528,1057.469482421875
2720,18.434165954589844,54.882503509521484,0.6954519089385744,1081.468505859375,0.07606413960456848,1081.468505859375
2721,18.282499313354492,49.823333740234375,0.7050834452426766,1066.1688232421875,0.05296418070793152,1066.1688232421875
2722,18.359167098999023,48.779998779296875,0.6507546103387262,1083.53125,0.07549557089805603,1083.53125
2723,18.557498931884766,48.04750061035156,0.690747854513765,1120.47998046875,0.0691448450088501,1120.47998046875
2724,17.97083282470703,45.77833557128906,0.6855116827385389,1095.1688232421875,0.0679892897605896,1095.1688232421875
2725,17.87583351135254,46.9283332824707,0.6654961167145448,1095.53271484375,0.06865194439888,1095.53271484375
2726,18.099166870117188,47.436668395996094,0.6794060409326429,1088.6539306640625,0.07473611831665039,1088.6539306640625
2727,18.75749969482422,52.388336181640625,0.6693147644009955,1056.7982177734375,0.054018110036849976,1056.7982177734375
2728,17.558332443237305,48.35333251953125,0.6906704373565921,1089.6767578125,0.06002211570739746,1089.6767578125
2729,18.299999237060547,53.939170837402344,0.6464686106633706,1080.1883544921875,0.07161220908164978,1080.1883544921875
2730,17.920000076293945,45.36166763305664,0.668622937194491,1084.9552001953125,0.07693761587142944,1084.9552001953125
2731,17.919166564941406,48.80666732788086,0.6937684301899466,1141.0150146484375,0.07249435782432556,1141.0150146484375
2732,18.1108341217041,50.981666564941406,0.696353517930854,1095.6630859375,0.05721399188041687,1095.6630859375
2733,18.225833892822266,53.3900032043457,0.68210628017475,1102.8798828125,0.06735193729400635,1102.8798828125
2734,18.543333053588867,57.12249755859375,0.7028454322319816,1083.4061279296875,0.07113668322563171,1083.4061279296875
2735,18.184999465942383,50.195831298828125,0.6772278943842404,1105.7442626953125,0.05426579713821411,1105.7442626953125
2736,18.25583267211914,52.679168701171875,0.7331058290328873,1116.0811767578125,0.06536436080932617,1116.0811767578125
2737,17.542499542236328,46.198333740234375,0.6827489189611767,1116.1270751953125,0.05782461166381836,1116.1270751953125
2738,18.19999885559082,51.84000015258789,0.6391250029366247,1080.712890625,0.0596199631690979,1080.712890625
2739,17.93083381652832,47.186668395996094,0.6795046346126061,1089.8367919921875,0.07432684302330017,1089.8367919921875
2740,18.6391658782959,56.25083541870117,0.6516309691111759,1098.3643798828125,0.07343468070030212,1098.3643798828125
2741,18.122499465942383,53.3025016784668,0.6571979745042618,1038.148681640625,0.05781888961791992,1038.148681640625
2742,17.76500129699707,49.540000915527344,0.6872597763707247,1103.92529296875,0.07856309413909912,1103.92529296875
2743,18.279998779296875,53.54999923706055,0.6598408404882987,1075.167236328125,0.07057192921638489,1075.167236328125
2744,18.372499465942383,56.722496032714844,0.6760553124256393,1070.48583984375,0.05834835767745972,1070.48583984375
2745,18.071666717529297,48.04750061035156,0.6878363437076592,1081.77294921875,0.07130241394042969,1081.77294921875
2746,18.170833587646484,48.50749969482422,0.6976668853670664,1087.9437255859375,0.05458495020866394,1087.9437255859375
2747,17.520000457763672,46.578330993652344,0.7106154674661583,1087.9783935546875,0.05672374367713928,1087.9783935546875
2748,18.400833129882812,49.50166702270508,0.6958892469298531,1067.2137451171875,0.06460726261138916,1067.2137451171875
2749,17.679166793823242,48.337501525878906,0.6913973000254432,1094.6932373046875,0.07073938846588135,1094.6932373046875
2750,18.379167556762695,47.3316650390625,0.675524761238596,1127.2864990234375,0.06743568181991577,1127.2864990234375
2751,18.771665573120117,53.049163818359375,0.6941820028074601,1060.18212890625,0.07718586921691895,1060.18212890625
2752,18.13833236694336,51.878334045410156,0.6964235505588267,1088.9344482421875,0.06448549032211304,1088.9344482421875
2753,18.041667938232422,50.44000244140625,0.6743550910943037,1089.9237060546875,0.07371702790260315,1089.9237060546875
2754,18.02666664123535,47.945831298828125,0.6877628071903814,1097.0496826171875,0.05795121192932129,1097.0496826171875
2755,18.205833435058594,51.94416809082031,0.7081484979776306,1072.916748046875,0.059216320514678955,1072.916748046875
2756,18.26416778564453,52.95000076293945,0.6775491917961395,1070.6339111328125,0.04809814691543579,1070.6339111328125
2757,18.15999984741211,51.06333541870117,0.683922007092056,1094.58837890625,0.053309500217437744,1094.58837890625
2758,18.140832901000977,48.70083236694336,0.7175335373332965,1119.3486328125,0.05944788455963135,1119.3486328125
2759,17.876667022705078,51.874168395996094,0.668005305184264,1077.09375,0.0636661946773529,1077.09375
2760,18.478334426879883,53.8224983215332,0.6810833224516539,1096.18701171875,0.05525630712509155,1096.18701171875
2761,18.75749969482422,57.25583267211914,0.6634088107215209,1039.7972412109375,0.061412274837493896,1039.7972412109375
2762,17.864166259765625,48.34833526611328,0.705603266565471,1112.840087890625,0.06917759776115417,1112.840087890625
2763,18.231666564941406,50.29750061035156,0.7171027783767469,1073.3646240234375,0.06960421800613403,1073.3646240234375
2764,18.362499237060547,55.026668548583984,0.6791562618433491,1065.617919921875,0.07539138197898865,1065.617919921875
2765,17.947500228881836,44.07083511352539,0.6880343176116276,1087.8341064453125,0.08170348405838013,1087.8341064453125
2766,18.7983341217041,52.13666534423828,0.7176167942650595,1081.380859375,0.08751621842384338,1081.380859375
2767,18.21416664123535,48.21083068847656,0.7023900928916811,1066.0810546875,0.07357096672058105,1066.0810546875
2768,17.75583267211914,48.49250030517578,0.6713027029791011,1062.87744140625,0.07672062516212463,1062.87744140625
2769,18.03333282470703,51.23249816894531,0.6822489839632806,1070.677978515625,0.06623095273971558,1070.677978515625
2770,17.86833381652832,48.02333450317383,0.676275170900618,1066.012939453125,0.07955002784729004,1066.012939453125
2771,17.780000686645508,46.30083465576172,0.6972575839476326,1089.880615234375,0.07731962203979492,1089.880615234375
2772,18.046667098999023,44.307498931884766,0.7174759394380681,1092.656005859375,0.07101407647132874,1092.656005859375
2773,18.836666107177734,53.871665954589844,0.7104283439944707,1101.3861083984375,0.0711391270160675,1101.3861083984375
2774,17.989166259765625,47.88666534423828,0.7178539213467606,1117.0587158203125,0.07116317749023438,1117.0587158203125
2775,18.126667022705078,47.02916717529297,0.6746185288005567,1088.8759765625,0.07089203596115112,1088.8759765625
2776,17.97166633605957,43.27333450317383,0.7197482700183488,1137.2301025390625,0.08003398776054382,1137.2301025390625
2777,18.38249969482422,51.486663818359375,0.6822054293695123,1070.9105224609375,0.05472296476364136,1070.9105224609375
2778,18.468334197998047,56.10832977294922,0.6488075353173932,1052.4769287109375,0.07027179002761841,1052.4769287109375
2779,18.02166748046875,46.71833038330078,0.6892163991845205,1113.36767578125,0.056022435426712036,1113.36767578125
2780,18.291667938232422,48.06416702270508,0.6949941196723779,1070.4364013671875,0.0613885223865509,1070.4364013671875
2781,18.06333351135254,49.07250213623047,0.6996705264261864,1132.8060302734375,0.062715083360672,1132.8060302734375
2782,18.246667861938477,49.352500915527344,0.6741044392339599,1073.5135498046875,0.07356426119804382,1073.5135498046875
2783,18.248332977294922,52.09083557128906,0.6755885821138127,1046.4951171875,0.06179448962211609,1046.4951171875
2784,18.204166412353516,53.22333526611328,0.6965885732752471,1065.27490234375,0.05906623601913452,1065.27490234375
2785,18.05666732788086,51.4183349609375,0.6794898465246438,1088.6197509765625,0.06643226742744446,1088.6197509765625
2786,18.693334579467773,53.95500183105469,0.6959628095795737,1070.8018798828125,0.06186944246292114,1070.8018798828125
2787,18.74333381652832,51.880001068115234,0.6568973769774813,1087.10205078125,0.06547358632087708,1087.10205078125
2788,18.353334426879883,49.18000030517578,0.704645186789272,1078.7701416015625,0.07174190878868103,1078.7701416015625
2789,18.22833251953125,51.999168395996094,0.67526526105252,1054.4456787109375,0.06562849879264832,1054.4456787109375
2790,18.38749885559082,50.937496185302734,0.6906369794065327,1090.006103515625,0.055307626724243164,1090.006103515625
2791,17.854999542236328,48.77916717529297,0.7222667794128178,1092.91845703125,0.08178147673606873,1092.91845703125
2792,18.69916534423828,54.33916473388672,0.6702422624303899,1076.6763916015625,0.07050582766532898,1076.6763916015625
2793,18.5674991607666,52.54083251953125,0.6974485715616866,1099.6451416015625,0.0576610267162323,1099.6451416015625
2794,18.875,56.08250045776367,0.6944643595393108,1073.4815673828125,0.06648078560829163,1073.4815673828125
2795,18.392499923706055,53.087501525878906,0.6719559798816617,1077.95947265625,0.053644269704818726,1077.95947265625
2796,18.860000610351562,50.432498931884766,0.7036229185516207,1081.5506591796875,0.04565754532814026,1081.5506591796875
2797,18.44416618347168,51.250831604003906,0.7155316942324561,1105.08056640625,0.06307026743888855,1105.08056640625
2798,18.905000686645508,59.90583419799805,0.7008558789745103,1051.0947265625,0.07473719120025635,1051.0947265625
2799,18.53583335876465,50.93333053588867,0.6942196059015315,1108.684814453125,0.07068029046058655,1108.684814453125
2800,17.957500457763672,44.73500061035156,0.6370902640198091,1106.0235595703125,0.0710282027721405,1106.0235595703125
2801,18.375,54.1783332824707,0.6839933882983912,1065.4222412109375,0.05719369649887085,1065.4222412109375
2802,18.560832977294922,52.09833526611328,0.7373817375835209,1097.718017578125,0.06889921426773071,1097.718017578125
2803,19.0,58.356666564941406,0.6431399867485809,1101.09716796875,0.05550789833068848,1101.09716796875
2804,18.683334350585938,55.734169006347656,0.6765404246930999,1073.5440673828125,0.060807228088378906,1073.5440673828125
2805,18.27833366394043,49.22999954223633,0.7160447875574395,1124.19140625,0.08313032984733582,1124.19140625
2806,18.155832290649414,53.8224983215332,0.6714564039123829,1083.96142578125,0.07061117887496948,1083.96142578125
2807,18.670000076293945,51.916664123535156,0.6555427582805461,1087.3428955078125,0.04790043830871582,1087.3428955078125
2808,18.700834274291992,54.54666519165039,0.6723817068664756,1042.372802734375,0.06535542011260986,1042.372802734375
2809,18.627500534057617,56.43916702270508,0.714832709562271,1100.919189453125,0.06341400742530823,1100.919189453125
2810,17.79250144958496,48.4275016784668,0.6933816255479046,1094.1778564453125,0.07197988033294678,1094.1778564453125
2811,18.141666412353516,52.377498626708984,0.649972686171022,1053.9683837890625,0.06179022789001465,1053.9683837890625
2812,17.64000129699707,49.45000076293945,0.6859313768950948,1112.876220703125,0.0796172022819519,1112.876220703125
2813,18.45916748046875,51.59666442871094,0.6915116985135635,1066.646484375,0.058935701847076416,1066.646484375
2814,18.030832290649414,51.76333236694336,0.6936948118534167,1100.752197265625,0.061462074518203735,1100.752197265625
2815,18.351667404174805,51.440834045410156,0.681714896972789,1095.8194580078125,0.06769096851348877,1095.8194580078125
2816,18.03999900817871,51.00583267211914,0.7005954318665336,1091.2047119140625,0.07471603155136108,1091.2047119140625
2817,18.864999771118164,53.47999954223633,0.6792355823600381,1073.0989990234375,0.07735550403594971,1073.0989990234375
2818,18.404998779296875,54.28583526611328,0.7064958514597527,1094.568115234375,0.05312836170196533,1094.568115234375
2819,18.375,51.50250244140625,0.6713250447111556,1091.252197265625,0.05221089720726013,1091.252197265625
2820,18.594165802001953,50.246665954589844,0.7182282451625812,1091.0726318359375,0.06852206587791443,1091.0726318359375
2821,16.969999313354492,49.413333892822266,0.6806474077717717,1126.6593017578125,0.0576765239238739,1126.6593017578125
2822,18.440000534057617,49.415000915527344,0.7012778000051041,1057.7467041015625,0.0633709728717804,1057.7467041015625
2823,18.60916519165039,50.73833465576172,0.7292019842516382,1101.8868408203125,0.07104593515396118,1101.8868408203125
2824,18.551666259765625,52.75166702270508,0.7012349120557395,1093.369140625,0.10589572787284851,1093.369140625
2825,18.983333587646484,56.42499923706055,0.6774971079026844,1096.019287109375,0.05426505208015442,1096.019287109375
2826,18.176668167114258,51.05999755859375,0.6760577097670818,1115.58544921875,0.05545240640640259,1115.58544921875
2827,18.44416618347168,50.48749923706055,0.6826628519035358,1094.2562255859375,0.057016462087631226,1094.2562255859375
2828,18.913333892822266,53.35000228881836,0.6941341885380863,1091.13818359375,0.06152987480163574,1091.13818359375
2829,19.27250099182129,56.44333267211914,0.709957999537266,1115.939453125,0.061978310346603394,1115.939453125
2830,18.369998931884766,53.24749755859375,0.6886529319804446,1063.100341796875,0.05195954442024231,1063.100341796875
2831,18.873332977294922,53.41166687011719,0.6791746581253535,1140.6407470703125,0.06082361936569214,1140.6407470703125
2832,18.416667938232422,54.170833587646484,0.6604952227152884,1067.279296875,0.0775814950466156,1067.279296875
2833,18.435832977294922,49.16749954223633,0.686084793586608,1100.215576171875,0.056354373693466187,1100.215576171875
2834,19.108333587646484,56.51249694824219,0.6910149527500369,1086.170654296875,0.05894771218299866,1086.170654296875
2835,18.705833435058594,54.249168395996094,0.6927586366042878,1079.963134765625,0.06224188208580017,1079.963134765625
2836,18.364166259765625,53.86000442504883,0.6935818160300351,1100.1251220703125,0.06765040755271912,1100.1251220703125
2837,18.92583465576172,55.063331604003906,0.7016021766476952,1092.8348388671875,0.05897343158721924,1092.8348388671875
2838,18.80083465576172,51.83749771118164,0.6536807869927195,1076.14208984375,0.05630466341972351,1076.14208984375
2839,19.080833435058594,57.3125,0.6685126768973717,1081.5347900390625,0.05724164843559265,1081.5347900390625
2840,18.38916778564453,51.4275016784668,0.6606030786349504,1085.2760009765625,0.08184021711349487,1085.2760009765625
2841,18.674165725708008,54.79666519165039,0.678517129705468,1083.9111328125,0.06364977359771729,1083.9111328125
2842,18.479999542236328,48.891666412353516,0.6802010942845784,1082.337158203125,0.06049510836601257,1082.337158203125
2843,18.544166564941406,49.94750213623047,0.6919370386255703,1094.1553955078125,0.06452903151512146,1094.1553955078125
2844,19.083332061767578,52.44416427612305,0.7009944244243724,1123.2408447265625,0.064171701669693,1123.2408447265625
2845,18.54166603088379,54.81083297729492,0.674233306636036,1083.634765625,0.058127015829086304,1083.634765625
2846,19.224166870117188,54.19499969482422,0.6815951990401707,1096.1165771484375,0.050815045833587646,1096.1165771484375
2847,19.087499618530273,52.625,0.6817499364949466,1102.184326171875,0.06175130605697632,1102.184326171875
2848,19.00749969482422,51.87583541870117,0.6661831045809451,1087.6070556640625,0.06280696392059326,1087.6070556640625
2849,18.085832595825195,51.49082946777344,0.6845086113599148,1099.789794921875,0.06898227334022522,1099.789794921875
2850,17.983333587646484,46.63833236694336,0.6915085003225849,1081.4490966796875,0.07081642746925354,1081.4490966796875
2851,18.907499313354492,54.961669921875,0.6551641324220572,1062.35888671875,0.05636981129646301,1062.35888671875
2852,18.357500076293945,50.11583709716797,0.6422617844818292,1100.4901123046875,0.07420104742050171,1100.4901123046875
2853,18.7933349609375,55.378334045410156,0.6883129176220613,1090.0888671875,0.06555232405662537,1090.0888671875
2854,18.129167556762695,51.34833526611328,0.6622934925029628,1035.7099609375,0.07404342293739319,1035.7099609375
2855,18.245832443237305,48.80583190917969,0.6847066080539459,1117.3511962890625,0.08376526832580566,1117.3511962890625
2856,18.353334426879883,47.15583419799805,0.7008515690077725,1101.0440673828125,0.07744741439819336,1101.0440673828125
2857,17.922500610351562,44.93000030517578,0.6645467464614954,1103.211669921875,0.09758749604225159,1103.211669921875
2858,18.482500076293945,51.434165954589844,0.7031393561708678,1074.313720703125,0.05784595012664795,1074.313720703125
2859,18.52666664123535,48.30666732788086,0.6633799789844311,1106.8680419921875,0.07466617226600647,1106.8680419921875
2860,18.672500610351562,51.41917037963867,0.6939343538034242,1111.2364501953125,0.06068292260169983,1111.2364501953125
2861,18.452499389648438,48.04500198364258,0.6869616347640933,1129.942138671875,0.059663325548172,1129.942138671875
2862,18.419166564941406,48.44333267211914,0.7157301934254905,1098.4017333984375,0.06424087285995483,1098.4017333984375
2863,18.46666717529297,55.013336181640625,0.7170414240976026,1087.7098388671875,0.05819404125213623,1087.7098388671875
2864,18.56999969482422,51.127498626708984,0.6727788530403531,1097.9503173828125,0.0636267364025116,1097.9503173828125
2865,18.40916633605957,45.82250213623047,0.6857398300402024,1095.031494140625,0.07063904404640198,1095.031494140625
2866,18.039167404174805,45.801666259765625,0.6768769847403302,1090.0477294921875,0.07866969704627991,1090.0477294921875
2867,18.417499542236328,52.38166427612305,0.7010753022573029,1083.0975341796875,0.06332707405090332,1083.0975341796875
2868,18.504165649414062,48.369998931884766,0.6760033429564034,1072.5433349609375,0.07081422209739685,1072.5433349609375
2869,18.6441650390625,50.24916458129883,0.6943072428830847,1107.512451171875,0.06168091297149658,1107.512451171875
2870,18.365833282470703,53.583335876464844,0.6808908086453754,1089.12109375,0.08024770021438599,1089.12109375
2871,18.314998626708984,49.038333892822266,0.6904433344370117,1101.8095703125,0.06284904479980469,1101.8095703125
2872,18.56916618347168,53.04166793823242,0.7250869086927052,1097.34228515625,0.06638306379318237,1097.34228515625
2873,18.359167098999023,44.74583435058594,0.6929163119792661,1084.9395751953125,0.06876632571220398,1084.9395751953125
2874,19.03583335876465,54.9224967956543,0.6900147823852694,1086.344482421875,0.06360319256782532,1086.344482421875
2875,18.739999771118164,58.046669006347656,0.7236703808962119,1063.23828125,0.07323652505874634,1063.23828125
2876,18.77666664123535,55.382503509521484,0.6658731554276172,1099.1160888671875,0.06268760561943054,1099.1160888671875
2877,18.53333282470703,52.85416793823242,0.6747544514801693,1099.3883056640625,0.08168935775756836,1099.3883056640625
2878,18.234167098999023,47.977500915527344,0.6911187486995873,1037.2197265625,0.09714463353157043,1037.2197265625
2879,18.33333396911621,49.022499084472656,0.6954400854564619,1102.676025390625,0.0660044252872467,1102.676025390625
2880,18.83500099182129,53.834999084472656,0.6546989166842755,1117.30615234375,0.07448935508728027,1117.30615234375
2881,19.18833351135254,57.3558349609375,0.6756660294133437,1070.4510498046875,0.06434813141822815,1070.4510498046875
2882,18.476667404174805,50.68916702270508,0.6830287214505179,1105.1279296875,0.06782692670822144,1105.1279296875
2883,18.378334045410156,52.82916259765625,0.620354207980369,1055.4022216796875,0.07226017117500305,1055.4022216796875
2884,19.3075008392334,58.14583206176758,0.6715971150861046,1096.1856689453125,0.06987732648849487,1096.1856689453125
2885,18.469999313354492,54.80999755859375,0.700630420187046,1094.84423828125,0.06589522957801819,1094.84423828125
2886,18.72916603088379,53.510833740234375,0.6710000546859647,1072.851806640625,0.06927943229675293,1072.851806640625
2887,18.50083351135254,56.03667068481445,0.6732653720846027,1094.4459228515625,0.056717872619628906,1094.4459228515625
2888,18.26249885559082,48.2400016784668,0.6584623588093512,1083.8941650390625,0.06003907322883606,1083.8941650390625
2889,18.004167556762695,47.64666748046875,0.6677723602641971,1119.91796875,0.06037113070487976,1119.91796875
2890,18.34583282470703,51.89583206176758,0.6926745636902472,1132.13232421875,0.07484102249145508,1132.13232421875
2891,18.809165954589844,53.60333251953125,0.66965740972713,1116.2999267578125,0.06241351366043091,1116.2999267578125
2892,18.754165649414062,51.525001525878906,0.6989269582715143,1099.0947265625,0.05724799633026123,1099.0947265625
2893,18.892499923706055,56.41916275024414,0.68243124471525,1079.795654296875,0.06155163049697876,1079.795654296875
2894,18.760833740234375,51.21083068847656,0.6997477971565098,1105.6407470703125,0.06152793765068054,1105.6407470703125
2895,18.514999389648438,52.57416915893555,0.6849953660488144,1112.658935546875,0.07395759224891663,1112.658935546875
2896,18.119998931884766,47.20166778564453,0.6720682563194641,1116.6693115234375,0.06264588236808777,1116.6693115234375
2897,18.592500686645508,54.37833023071289,0.6877298308263775,1076.6527099609375,0.05864480137825012,1076.6527099609375
2898,18.044166564941406,49.00499725341797,0.69074320781837,1088.4207763671875,0.08321475982666016,1088.4207763671875
2899,18.877500534057617,55.01000213623047,0.6570707454133069,1083.9210205078125,0.056864917278289795,1083.9210205078125
2900,17.989999771118164,50.51249694824219,0.6999767913030264,1130.6844482421875,0.07947146892547607,1130.6844482421875
2901,19.014999389648438,61.374168395996094,0.67067963831266,1071.826171875,0.07444897294044495,1071.826171875
2902,18.830833435058594,50.43083572387695,0.6537801075187364,1120.145751953125,0.05494892597198486,1120.145751953125
2903,18.47249984741211,51.74833679199219,0.6966654688902691,1096.4193115234375,0.06176275014877319,1096.4193115234375
2904,18.292499542236328,44.400001525878906,0.6668896646649352,1083.771240234375,0.08199203014373779,1083.771240234375
2905,18.7016658782959,52.43916320800781,0.7120461489875707,1125.927734375,0.06604406237602234,1125.927734375
2906,18.719999313354492,48.83416748046875,0.6991138014397118,1116.0670166015625,0.06032004952430725,1116.0670166015625
2907,19.143333435058594,55.649166107177734,0.679195922578333,1109.3525390625,0.0625295639038086,1109.3525390625
2908,18.89750099182129,55.13833236694336,0.6911687057812249,1054.795166015625,0.057617366313934326,1054.795166015625
2909,18.522499084472656,52.52000045776367,0.6762295585810045,1088.629638671875,0.07715895771980286,1088.629638671875
2910,19.04833221435547,52.22999954223633,0.7030518497569194,1108.2523193359375,0.06727015972137451,1108.2523193359375
2911,19.104999542236328,55.42583465576172,0.6686430501514188,1091.1978759765625,0.056139856576919556,1091.1978759765625
2912,18.720834732055664,52.96333312988281,0.6801655277684697,1108.1051025390625,0.05427849292755127,1108.1051025390625
2913,18.309167861938477,49.75083541870117,0.6965331940689744,1089.9591064453125,0.061598122119903564,1089.9591064453125
2914,18.65333366394043,51.314170837402344,0.718504927878486,1088.683349609375,0.05667075514793396,1088.683349609375
2915,18.09749984741211,43.18166732788086,0.6516042789991681,1092.7998046875,0.08903428912162781,1092.7998046875
2916,18.823333740234375,50.05916976928711,0.7007494800474106,1052.8533935546875,0.07677581906318665,1052.8533935546875
2917,19.212499618530273,57.52333450317383,0.7011565483464217,1071.3843994140625,0.0686633288860321,1071.3843994140625
2918,18.988332748413086,53.76250076293945,0.727179999168605,1075.1068115234375,0.05342093110084534,1075.1068115234375
2919,18.86750030517578,51.58416748046875,0.7509482441844746,1107.308837890625,0.07976323366165161,1107.308837890625
2920,18.5,48.82833480834961,0.7348095741501247,1088.28857421875,0.06364083290100098,1088.28857421875
2921,18.094999313354492,45.09666442871094,0.6925478887623205,1138.1600341796875,0.07003343105316162,1138.1600341796875
2922,18.484167098999023,49.53333282470703,0.6860811709223977,1100.99560546875,0.07137101888656616,1100.99560546875
2923,18.030832290649414,44.723331451416016,0.7297948303865932,1117.0841064453125,0.08652698993682861,1117.0841064453125
2924,18.649999618530273,47.96500015258789,0.6650382747016015,1107.446044921875,0.08274105191230774,1107.446044921875
2925,19.57583236694336,55.62000274658203,0.7314039637056001,1120.8487548828125,0.06625911593437195,1120.8487548828125
2926,18.7641658782959,51.614166259765625,0.6500323537581426,1072.92529296875,0.052784472703933716,1072.92529296875
2927,18.622499465942383,51.349998474121094,0.6723057331623308,1115.8355712890625,0.06137347221374512,1115.8355712890625
2928,18.549999237060547,47.61333465576172,0.6887025260667381,1106.509521484375,0.0611395537853241,1106.509521484375
2929,18.434165954589844,49.991668701171875,0.7163969481607038,1129.3759765625,0.06674256920814514,1129.3759765625
2930,18.83333396911621,50.524169921875,0.7029575980245771,1084.7552490234375,0.06185451149940491,1084.7552490234375
2931,18.031667709350586,47.8658332824707,0.6734811251582108,1114.20703125,0.08870866894721985,1114.20703125
2932,18.334999084472656,51.350830078125,0.6925492720656392,1121.2420654296875,0.08202818036079407,1121.2420654296875
2933,18.82833480834961,53.500831604003906,0.6902674277944527,1060.2537841796875,0.06545457243919373,1060.2537841796875
2934,19.03499984741211,52.55500030517578,0.684084857992143,1085.0455322265625,0.07555335760116577,1085.0455322265625
2935,18.496665954589844,55.518333435058594,0.6884637081502065,1070.83251953125,0.06255578994750977,1070.83251953125
2936,18.950000762939453,53.94916534423828,0.7099875720566527,1076.2955322265625,0.05548834800720215,1076.2955322265625
2937,18.420833587646484,48.84000015258789,0.6895943137256526,1119.9315185546875,0.057417452335357666,1119.9315185546875
2938,18.272499084472656,53.89999771118164,0.7088862689442761,1111.1119384765625,0.06445026397705078,1111.1119384765625
2939,18.88249969482422,49.33833312988281,0.6668971850055401,1111.0897216796875,0.06722685694694519,1111.0897216796875
2940,18.079999923706055,49.436668395996094,0.6773311303986289,1073.3201904296875,0.05341470241546631,1073.3201904296875
2941,18.07583236694336,53.43916320800781,0.6784952949268701,1096.4857177734375,0.06322711706161499,1096.4857177734375
2942,18.359167098999023,47.252498626708984,0.6761833767622286,1134.037109375,0.06300348043441772,1134.037109375
2943,18.623332977294922,52.686668395996094,0.7039064946647027,1077.287109375,0.060369014739990234,1077.287109375
2944,18.849166870117188,53.56749725341797,0.7362447687356085,1104.892333984375,0.053281575441360474,1104.892333984375
2945,18.64583396911621,49.46750259399414,0.6922029556840357,1150.0179443359375,0.08547371625900269,1150.0179443359375
2946,18.476667404174805,52.11833190917969,0.7164660997743721,1104.1680908203125,0.06806626915931702,1104.1680908203125
2947,18.726665496826172,54.84250259399414,0.718583424164619,1082.6146240234375,0.06796333193778992,1082.6146240234375
2948,18.232500076293945,47.766666412353516,0.7004793052196308,1143.735595703125,0.06305637955665588,1143.735595703125
2949,18.12416648864746,47.15666961669922,0.7071847175393905,1090.8909912109375,0.07181933522224426,1090.8909912109375
2950,18.030832290649414,49.57083511352539,0.669369475171484,1118.2344970703125,0.07202661037445068,1118.2344970703125
2951,18.931665420532227,53.885833740234375,0.6736451518274017,1073.0657958984375,0.06580626964569092,1073.0657958984375
2952,18.962499618530273,53.3599967956543,0.6712647607549933,1093.8839111328125,0.0764581561088562,1093.8839111328125
2953,18.314998626708984,52.90999984741211,0.6389659329991442,1081.0732421875,0.06999677419662476,1081.0732421875
2954,18.434999465942383,51.690834045410156,0.70168765572056,1110.6630859375,0.05644842982292175,1110.6630859375
2955,17.975000381469727,51.28499984741211,0.6715170047188447,1049.045166015625,0.06349441409111023,1049.045166015625
2956,18.371667861938477,48.76499938964844,0.6470022125658744,1109.6881103515625,0.0748002827167511,1109.6881103515625
2957,18.490833282470703,49.674163818359375,0.7132497021916693,1101.8955078125,0.07303363084793091,1101.8955078125
2958,18.296667098999023,51.02083206176758,0.6851751044281518,1085.831298828125,0.07130932807922363,1085.831298828125
2959,18.046667098999023,51.47916793823242,0.6770565033101539,1086.3472900390625,0.07067501544952393,1086.3472900390625
2960,18.43000030517578,49.90666961669922,0.6874457907614533,1113.710693359375,0.0656936764717102,1113.710693359375
2961,18.9233341217041,57.5474967956543,0.7192991702785004,1078.4139404296875,0.05569028854370117,1078.4139404296875
2962,17.88083267211914,47.92000198364258,0.6990589829351508,1097.5068359375,0.059365540742874146,1097.5068359375
2963,18.645000457763672,55.10666275024414,0.701705138344891,1083.8033447265625,0.06166929006576538,1083.8033447265625
2964,18.06333351135254,46.58250045776367,0.7123246296339125,1107.453125,0.05816236138343811,1107.453125
2965,18.519166946411133,49.6349983215332,0.6748317631044085,1122.9937744140625,0.06459331512451172,1122.9937744140625
2966,18.259166717529297,50.65083312988281,0.7251877811595276,1097.858154296875,0.06893548369407654,1097.858154296875
2967,18.082500457763672,49.186668395996094,0.7205359307247441,1095.545654296875,0.04814383387565613,1095.545654296875
2968,18.314167022705078,49.11916732788086,0.6849636168589538,1109.342041015625,0.049542903900146484,1109.342041015625
2969,18.384166717529297,51.057498931884766,0.6976730306711494,1116.3485107421875,0.051079779863357544,1116.3485107421875
2970,18.13916778564453,46.622501373291016,0.7164094066161913,1077.4791259765625,0.07320690155029297,1077.4791259765625
2971,18.747499465942383,52.65833282470703,0.67678142514645,1080.525390625,0.06952318549156189,1080.525390625
2972,18.639999389648438,52.750831604003906,0.7078143846833863,1080.30029296875,0.06031280755996704,1080.30029296875
2973,18.42416763305664,52.0191650390625,0.731905661513218,1110.644287109375,0.058420419692993164,1110.644287109375
2974,18.61333465576172,54.57500076293945,0.6793540946658759,1103.392578125,0.05915272235870361,1103.392578125
2975,17.877500534057617,45.559165954589844,0.6593615933858344,1104.075927734375,0.07512640953063965,1104.075927734375
2976,18.426666259765625,52.38166427612305,0.675524335654773,1105.2144775390625,0.06111600995063782,1105.2144775390625
2977,19.35333251953125,56.16499710083008,0.6882011169949482,1094.0616455078125,0.06341108679771423,1094.0616455078125
2978,18.40416717529297,52.37416458129883,0.7005651681499463,1094.1546630859375,0.052166521549224854,1094.1546630859375
2979,18.725833892822266,57.10916519165039,0.7050160831020567,1077.7607421875,0.0699605643749237,1077.7607421875
2980,18.46500015258789,54.347496032714844,0.6489501139118538,1054.7049560546875,0.07670927047729492,1054.7049560546875
2981,18.516666412353516,53.2599983215332,0.6688946338788265,1090.800537109375,0.06222227215766907,1090.800537109375
2982,18.484167098999023,54.125,0.6938405705162796,1074.3612060546875,0.053714603185653687,1074.3612060546875
2983,17.9375,50.600833892822266,0.7210567081031818,1118.802734375,0.05519565939903259,1118.802734375
2984,19.75749969482422,55.96083450317383,0.6614622493420054,1117.3948974609375,0.06408470869064331,1117.3948974609375
2985,18.8174991607666,56.65083694458008,0.7293439742528982,1093.3314208984375,0.060599327087402344,1093.3314208984375
2986,18.905834197998047,56.212501525878906,0.6929775650659264,1093.4644775390625,0.058538973331451416,1093.4644775390625
2987,18.871665954589844,50.84583282470703,0.7072108438918834,1076.4678955078125,0.06462371349334717,1076.4678955078125
2988,18.246667861938477,50.11833190917969,0.6950603203629202,1116.805419921875,0.06870713829994202,1116.805419921875
2989,19.070833206176758,56.57332992553711,0.6724342420548555,1064.132080078125,0.0596107542514801,1064.132080078125
2990,19.53583335876465,58.082496643066406,0.6975719893930042,1085.2320556640625,0.06455475091934204,1085.2320556640625
2991,18.917499542236328,54.633331298828125,0.6842838325515632,1109.8387451171875,0.06287491321563721,1109.8387451171875
2992,18.77083396911621,52.54166793823242,0.7350705280721226,1067.390625,0.05975621938705444,1067.390625
2993,19.523332595825195,60.21916961669922,0.6723619426796968,1062.1011962890625,0.06286460161209106,1062.1011962890625
2994,18.565000534057617,51.64250183105469,0.7129192733543495,1097.05810546875,0.05809891223907471,1097.05810546875
2995,18.43833351135254,49.37750244140625,0.7225215530045512,1100.17529296875,0.08362129330635071,1100.17529296875
2996,18.691665649414062,53.04999923706055,0.6932171018566684,1070.8184814453125,0.07682406902313232,1070.8184814453125
2997,18.857500076293945,57.225833892822266,0.6900823645087832,1080.4361572265625,0.06858885288238525,1080.4361572265625
2998,18.709165573120117,51.88916778564453,0.6844456887309984,1085.433349609375,0.07246860861778259,1085.433349609375
2999,18.532499313354492,50.91416931152344,0.6955539609337231,1082.51171875,0.0709725022315979,1082.51171875
3000,19.037500381469727,59.7691650390625,0.6729085615357313,1046.03125,0.057130366563797,1046.03125
3001,18.47166633605957,50.6683349609375,0.7151969520433727,1099.65234375,0.06741303205490112,1099.65234375
3002,19.15999984741211,56.889163970947266,0.6917321751651151,1053.533935546875,0.055543720722198486,1053.533935546875
3003,18.52916717529297,49.87916564941406,0.7069648437459783,1112.9217529296875,0.060893118381500244,1112.9217529296875
3004,18.719165802001953,50.34833526611328,0.7045672376087239,1095.1802978515625,0.0677236020565033,1095.1802978515625
3005,18.607500076293945,53.337501525878906,0.673311198820341,1119.46923828125,0.05510681867599487,1119.46923828125
3006,18.45166778564453,49.1341667175293,0.6935324452812767,1096.03955078125,0.05122759938240051,1096.03955078125
3007,18.529998779296875,53.964168548583984,0.6734895722440487,1070.9598388671875,0.05985841155052185,1070.9598388671875
3008,18.880834579467773,54.361663818359375,0.711443718353302,1070.017578125,0.05852505564689636,1070.017578125
3009,18.896665573120117,53.200836181640625,0.6900634647467829,1096.4427490234375,0.05439651012420654,1096.4427490234375
3010,17.985000610351562,49.60750198364258,0.6937780124677357,1076.957275390625,0.07731130719184875,1076.957275390625
3011,18.626667022705078,48.872501373291016,0.7371919326481077,1148.9278564453125,0.0678454339504242,1148.9278564453125
3012,18.96000099182129,54.53916931152344,0.7266765053539097,1101.602783203125,0.0493931770324707,1101.602783203125
3013,18.639999389648438,55.38833236694336,0.6733368022119999,1070.2828369140625,0.06621178984642029,1070.2828369140625
3014,18.997499465942383,54.37416458129883,0.6386590079769632,1062.904296875,0.061732083559036255,1062.904296875
3015,18.36833381652832,52.3125,0.6961813990410454,1063.89013671875,0.06180790066719055,1063.89013671875
3016,18.17249870300293,50.7650032043457,0.6689731112143281,1063.67431640625,0.05850991606712341,1063.67431640625
3017,18.336668014526367,51.21750259399414,0.6623042425482006,1064.8016357421875,0.06662744283676147,1064.8016357421875
3018,18.30666732788086,49.46750259399414,0.6993593577369643,1097.3138427734375,0.05210518836975098,1097.3138427734375
3019,18.732500076293945,54.27000045776367,0.7029815694629457,1105.576904296875,0.06270164251327515,1105.576904296875
3020,18.794166564941406,53.59083557128906,0.6916896956139194,1057.8026123046875,0.05345422029495239,1057.8026123046875
3021,18.9233341217041,53.098331451416016,0.6756176103213334,1075.1781005859375,0.04983562231063843,1075.1781005859375
3022,18.082500457763672,47.48416519165039,0.66243377387109,1091.4290771484375,0.0498887300491333,1091.4290771484375
3023,18.343334197998047,50.70249938964844,0.6670708336645508,1055.2393798828125,0.06269153952598572,1055.2393798828125
3024,17.996667861938477,52.253334045410156,0.668183599569276,1081.1373291015625,0.05240863561630249,1081.1373291015625
3025,18.084999084472656,53.295833587646484,0.6796350165967115,1118.2850341796875,0.06334498524665833,1118.2850341796875
3026,17.88166618347168,47.7591667175293,0.6937633924511197,1107.332275390625,0.06721338629722595,1107.332275390625
3027,18.462499618530273,53.92749786376953,0.6726805970713237,1069.0802001953125,0.06108233332633972,1069.0802001953125
3028,19.031665802001953,53.65999984741211,0.675021059909485,1090.38525390625,0.05183139443397522,1090.38525390625
3029,18.030832290649414,50.61333084106445,0.6647196238978791,1107.5673828125,0.0815633237361908,1107.5673828125
3030,18.564167022705078,53.49166488647461,0.6673042486371394,1086.1956787109375,0.05826801061630249,1086.1956787109375
3031,18.17416763305664,51.03583526611328,0.6766897019414176,1098.8046875,0.07879820466041565,1098.8046875
3032,18.40999984741211,54.71833419799805,0.6758818863484519,1097.8621826171875,0.06212723255157471,1097.8621826171875
3033,18.27083396911621,51.35833740234375,0.7082280072523712,1113.2891845703125,0.05158054828643799,1113.2891845703125
3034,18.379167556762695,48.87916564941406,0.6733815058744473,1111.2738037109375,0.06132781505584717,1111.2738037109375
3035,18.087499618530273,50.19166564941406,0.6427128637923161,1098.494140625,0.06670615077018738,1098.494140625
3036,18.320833206176758,53.76750183105469,0.69387218893813,1112.29150390625,0.06740084290504456,1112.29150390625
3037,18.73416519165039,52.95916748046875,0.6639974034127728,1101.9332275390625,0.06906285881996155,1101.9332275390625
3038,18.209999084472656,49.247501373291016,0.6782627607638934,1105.3013916015625,0.059729188680648804,1105.3013916015625
3039,18.676666259765625,54.170833587646484,0.6466127032174365,1085.79931640625,0.06265142560005188,1085.79931640625
3040,19.004165649414062,54.48583221435547,0.6865476202895595,1061.37548828125,0.04800152778625488,1061.37548828125
3041,18.350833892822266,52.55583572387695,0.6793430882064885,1129.7830810546875,0.07403096556663513,1129.7830810546875
3042,19.198331832885742,53.31916809082031,0.6843231024052703,1076.7786865234375,0.05199602246284485,1076.7786865234375
3043,18.354167938232422,47.96666717529297,0.6653092141331338,1117.583251953125,0.06402793526649475,1117.583251953125
3044,18.189167022705078,46.30666732788086,0.7004345013525421,1129.31884765625,0.05142280459403992,1129.31884765625
3045,18.47249984741211,53.285003662109375,0.7068199561739371,1121.9864501953125,0.06394577026367188,1121.9864501953125
3046,18.52916717529297,53.42250061035156,0.6717485079818952,1092.351318359375,0.05209541320800781,1092.351318359375
3047,18.38083267211914,52.165836334228516,0.6646795727370796,1076.9051513671875,0.04926401376724243,1076.9051513671875
3048,18.625,56.54916763305664,0.6801358074394606,1099.4532470703125,0.05821922421455383,1099.4532470703125
3049,17.86916732788086,48.26000213623047,0.7150603744611554,1125.6536865234375,0.06454578042030334,1125.6536865234375
3050,18.59666633605957,56.554168701171875,0.6665328708389863,1103.7822265625,0.05384877324104309,1103.7822265625
3051,18.8125,55.42583465576172,0.6779218881709801,1101.0731201171875,0.04889121651649475,1101.0731201171875
3052,18.488332748413086,54.43833541870117,0.6671440418976533,1093.309814453125,0.05982625484466553,1093.309814453125
3053,18.43166732788086,50.70166778564453,0.6546504044729853,1091.974853515625,0.06819567084312439,1091.974853515625
3054,18.494998931884766,50.524169921875,0.6446470196605583,1071.0008544921875,0.07584235072135925,1071.0008544921875
3055,17.952499389648438,48.698333740234375,0.6951677878493087,1115.730712890625,0.08823180198669434,1115.730712890625
3056,18.670000076293945,53.89666748046875,0.6774853740622948,1082.999267578125,0.06588432192802429,1082.999267578125
3057,18.050832748413086,51.53166580200195,0.6902215419880071,1067.1319580078125,0.06273019313812256,1067.1319580078125
3058,17.72333335876465,49.98833084106445,0.6641074924306211,1077.248046875,0.05641856789588928,1077.248046875
3059,18.292499542236328,48.580833435058594,0.6678115688757316,1079.2464599609375,0.0706881582736969,1079.2464599609375
3060,18.40916633605957,50.37916946411133,0.6405076912002683,1090.5858154296875,0.05333748459815979,1090.5858154296875
3061,18.99250030517578,56.163333892822266,0.7195332056077317,1105.5394287109375,0.06857037544250488,1105.5394287109375
3062,18.683334350585938,50.314998626708984,0.7273822980077326,1106.842041015625,0.06538844108581543,1106.842041015625
3063,18.29916763305664,47.086669921875,0.683326578954439,1112.9129638671875,0.05884069204330444,1112.9129638671875
3064,18.744165420532227,57.521663665771484,0.68921172417711,1082.6226806640625,0.06849363446235657,1082.6226806640625
3065,18.568334579467773,54.15166473388672,0.7047822998573042,1071.20751953125,0.06251975893974304,1071.20751953125
3066,18.6108341217041,53.763336181640625,0.7117582494728265,1101.6458740234375,0.0467204749584198,1101.6458740234375
3067,18.545833587646484,52.76667022705078,0.7186818714106677,1109.6650390625,0.0558488667011261,1109.6650390625
3068,18.287500381469727,47.955833435058594,0.6984038780956099,1070.5701904296875,0.07603031396865845,1070.5701904296875
3069,18.554166793823242,49.53416442871094,0.6849687903509635,1090.52587890625,0.0633673369884491,1090.52587890625
3070,18.447500228881836,51.99333572387695,0.6986702213203834,1087.1558837890625,0.06334015727043152,1087.1558837890625
3071,18.21500015258789,44.51499938964844,0.6857809380366926,1131.5595703125,0.06954091787338257,1131.5595703125
3072,18.630834579467773,50.86916732788086,0.704385610701858,1096.83837890625,0.057440102100372314,1096.83837890625
3073,17.961666107177734,52.02916717529297,0.6742016284724703,1082.2684326171875,0.05842098593711853,1082.2684326171875
3074,18.295000076293945,51.307498931884766,0.6747527909800741,1089.240966796875,0.05933666229248047,1089.240966796875
3075,18.261667251586914,50.65583419799805,0.7244289050256139,1108.5531005859375,0.05135220289230347,1108.5531005859375
3076,18.334999084472656,48.70916748046875,0.7103737352498724,1099.0072021484375,0.06731128692626953,1099.0072021484375
3077,18.392499923706055,54.11000061035156,0.701998814445862,1088.98486328125,0.055617719888687134,1088.98486328125
3078,18.44999885559082,55.12666702270508,0.6774030629965893,1060.0523681640625,0.06413328647613525,1060.0523681640625
3079,18.140832901000977,49.299163818359375,0.7051557074845791,1124.0670166015625,0.052820026874542236,1124.0670166015625
3080,18.8891658782959,56.5291633605957,0.6887599401536975,1049.863525390625,0.06109517812728882,1049.863525390625
3081,17.70250129699707,46.30500030517578,0.6816844902599066,1134.6617431640625,0.07420319318771362,1134.6617431640625
3082,18.254167556762695,53.475833892822266,0.6639058894253987,1091.9847412109375,0.06225240230560303,1091.9847412109375
3083,17.797500610351562,48.25666427612305,0.6745414837409527,1100.116943359375,0.06449282169342041,1100.116943359375
3084,17.724166870117188,44.46500015258789,0.6841340288780646,1097.329833984375,0.0807432234287262,1097.329833984375
3085,18.177499771118164,54.56083297729492,0.6672092343348512,1097.69287109375,0.05701017379760742,1097.69287109375
3086,18.205833435058594,50.84499740600586,0.6933978924859641,1124.46923828125,0.06503117084503174,1124.46923828125
3087,18.099998474121094,50.25,0.7064181323313649,1130.2171630859375,0.07218286395072937,1130.2171630859375
3088,18.25749969482422,46.18083190917969,0.6930632397468559,1112.517578125,0.08342191576957703,1112.517578125
3089,18.445833206176758,49.2591667175293,0.7033367699508564,1100.3426513671875,0.056704312562942505,1100.3426513671875
3090,18.04916763305664,49.23666763305664,0.6892661520349164,1132.0904541015625,0.05621638894081116,1132.0904541015625
3091,17.829999923706055,46.51166915893555,0.6901605642109825,1088.457275390625,0.05571433901786804,1088.457275390625
3092,18.13749885559082,53.098331451416016,0.688910644731651,1088.679443359375,0.0652846097946167,1088.679443359375
3093,18.519166946411133,55.94083023071289,0.699528468499936,1102.10205078125,0.061163634061813354,1102.10205078125
3094,18.400833129882812,55.734169006347656,0.6870220691041563,1086.095703125,0.05320712924003601,1086.095703125
3095,18.12583351135254,48.92250061035156,0.6959886501258613,1099.3697509765625,0.04888945817947388,1099.3697509765625
3096,18.27666664123535,55.81916427612305,0.6838712255338537,1072.562744140625,0.06444916129112244,1072.562744140625
3097,18.114999771118164,50.29249954223633,0.6960316858117336,1114.473388671875,0.05678856372833252,1114.473388671875
3098,18.037500381469727,48.05583190917969,0.7100082152087095,1102.0478515625,0.057042062282562256,1102.0478515625
3099,18.001667022705078,51.08500289916992,0.7037651570148591,1114.750244140625,0.05527365207672119,1114.750244140625
3100,18.584999084472656,56.72833251953125,0.6896894727994969,1079.7559814453125,0.061085045337677,1079.7559814453125
3101,18.20749855041504,49.5525016784668,0.6882830052044513,1104.058349609375,0.05086788535118103,1104.058349609375
3102,18.289167404174805,47.64500045776367,0.6835507195883076,1087.0848388671875,0.07243379950523376,1087.0848388671875
3103,18.46416664123535,49.80500030517578,0.7007870869274893,1098.2259521484375,0.07012134790420532,1098.2259521484375
3104,18.939167022705078,55.198333740234375,0.7238998228866855,1105.0455322265625,0.054718613624572754,1105.0455322265625
3105,18.26999855041504,53.647499084472656,0.7062068911802347,1080.129150390625,0.0592101514339447,1080.129150390625
3106,17.88083267211914,51.032501220703125,0.6846916154710498,1094.65380859375,0.0763179361820221,1094.65380859375
3107,18.27166748046875,53.847496032714844,0.6891103817467115,1117.9908447265625,0.05583423376083374,1117.9908447265625
3108,18.16583251953125,51.88750076293945,0.6930514868965831,1087.236328125,0.05710515379905701,1087.236328125
3109,18.26249885559082,52.330833435058594,0.6722422140691133,1125.497802734375,0.06695958971977234,1125.497802734375
3110,18.015832901000977,54.7599983215332,0.6660886615696494,1096.8358154296875,0.0648973286151886,1096.8358154296875
3111,18.441667556762695,50.24916458129883,0.692272965671398,1119.8609619140625,0.059338122606277466,1119.8609619140625
3112,17.97833251953125,51.76333236694336,0.7123362327419034,1084.4293212890625,0.07432252168655396,1084.4293212890625
3113,18.27666664123535,51.125831604003906,0.6892769343324621,1129.5018310546875,0.05185878276824951,1129.5018310546875
3114,18.93833351135254,56.61583709716797,0.6446832000500722,1095.8505859375,0.05399775505065918,1095.8505859375
3115,18.112499237060547,48.47166442871094,0.6740497755971149,1115.6072998046875,0.054865479469299316,1115.6072998046875
3116,18.010000228881836,50.30083084106445,0.6622497672983569,1089.1810302734375,0.06607380509376526,1089.1810302734375
3117,18.52750015258789,55.421669006347656,0.677943771307334,1059.4952392578125,0.061086505651474,1059.4952392578125
3118,18.362499237060547,54.77083206176758,0.6623468134558774,1089.01318359375,0.05239981412887573,1089.01318359375
3119,18.53583335876465,49.195831298828125,0.6899517459936124,1130.6624755859375,0.058364808559417725,1130.6624755859375
3120,18.036666870117188,45.78666687011719,0.6949021341870699,1095.0579833984375,0.07474324107170105,1095.0579833984375
3121,18.603334426879883,54.99333190917969,0.7306447892428563,1098.6612548828125,0.054577410221099854,1098.6612548828125
3122,18.88666534423828,52.71666717529297,0.7055086484504323,1085.8861083984375,0.06777042150497437,1085.8861083984375
3123,19.1875,57.510833740234375,0.6906975005403837,1059.3302001953125,0.06272178888320923,1059.3302001953125
3124,18.72333335876465,55.044166564941406,0.7346591950037343,1074.7984619140625,0.05852094292640686,1074.7984619140625
3125,18.81999969482422,57.48999786376953,0.6592413025314152,1083.1663818359375,0.058079808950424194,1083.1663818359375
3126,18.009166717529297,49.91749954223633,0.6525550524468124,1083.7420654296875,0.05280312895774841,1083.7420654296875
3127,18.97166633605957,55.22666549682617,0.6826100646094482,1129.6661376953125,0.06949838995933533,1129.6661376953125
3128,18.38249969482422,58.99416732788086,0.7013383430129244,1093.6651611328125,0.0642901360988617,1093.6651611328125
3129,18.049999237060547,48.345001220703125,0.6549955066545395,1037.75634765625,0.0746484100818634,1037.75634765625
3130,18.209999084472656,50.69416809082031,0.678870327565626,1092.485107421875,0.06352314352989197,1092.485107421875
3131,17.998332977294922,49.18166732788086,0.6693879078668707,1105.203125,0.05815964937210083,1105.203125
3132,18.185832977294922,49.3849983215332,0.6973485089095097,1121.225341796875,0.07114216685295105,1121.225341796875
3133,18.795833587646484,55.14500045776367,0.7042826634413191,1101.2264404296875,0.06899964809417725,1101.2264404296875
3134,18.169166564941406,46.59416580200195,0.7275879800323521,1113.79931640625,0.06513500213623047,1113.79931640625
3135,18.483333587646484,48.641666412353516,0.7022793796188886,1140.30517578125,0.08350524306297302,1140.30517578125
3136,18.979999542236328,54.897499084472656,0.7160001232510239,1084.918701171875,0.05873376131057739,1084.918701171875
3137,18.568334579467773,54.63666915893555,0.6796705037789185,1082.104248046875,0.06592071056365967,1082.104248046875
3138,18.621665954589844,51.5916633605957,0.7289126534623853,1080.5355224609375,0.06217533349990845,1080.5355224609375
3139,17.982500076293945,50.47583770751953,0.6911380725003564,1086.6739501953125,0.07312491536140442,1086.6739501953125
3140,17.99333381652832,46.88833236694336,0.6871692921712815,1095.7562255859375,0.06460422277450562,1095.7562255859375
3141,18.455833435058594,49.02833557128906,0.6924898103661564,1088.830078125,0.04761868715286255,1088.830078125
3142,18.47166633605957,48.785831451416016,0.6701609085412887,1094.68603515625,0.05927261710166931,1094.68603515625
3143,18.13249969482422,50.30999755859375,0.6916685891428827,1076.2252197265625,0.07774356007575989,1076.2252197265625
3144,18.174999237060547,50.73583221435547,0.7030722554852036,1135.46044921875,0.06714048981666565,1135.46044921875
3145,18.582500457763672,55.942501068115234,0.6851642149028611,1070.5870361328125,0.057919591665267944,1070.5870361328125
3146,18.099166870117188,49.74916458129883,0.7013036216170673,1116.6510009765625,0.0802278220653534,1116.6510009765625
3147,18.5766658782959,52.9375,0.6750186715641688,1047.7159423828125,0.059314072132110596,1047.7159423828125
3148,18.679166793823242,51.90833282470703,0.6858020143817027,1120.994873046875,0.06742241978645325,1120.994873046875
3149,18.29749870300293,53.116668701171875,0.7194000129448002,1109.4625244140625,0.053303420543670654,1109.4625244140625
3150,18.267499923706055,51.852500915527344,0.6761630107033723,1100.49853515625,0.0728142261505127,1100.49853515625
3151,18.296667098999023,56.448333740234375,0.6758009351811869,1067.1680908203125,0.06639412045478821,1067.1680908203125
3152,18.606666564941406,51.84000015258789,0.6807735531906434,1104.0130615234375,0.05974206328392029,1104.0130615234375
3153,17.774166107177734,47.929168701171875,0.6642749482308298,1108.6573486328125,0.05475950241088867,1108.6573486328125
3154,18.03583335876465,51.19333267211914,0.6692483234585869,1068.408935546875,0.05981248617172241,1068.408935546875
3155,17.754167556762695,48.875831604003906,0.6973914085134237,1102.5513916015625,0.07231789827346802,1102.5513916015625
3156,17.864999771118164,50.08250045776367,0.668170447564266,1087.054931640625,0.06168380379676819,1087.054931640625
3157,18.33916664123535,52.626670837402344,0.6545908315478728,1080.1190185546875,0.05322390794754028,1080.1190185546875
3158,18.100833892822266,48.54249954223633,0.7063521181847586,1110.2003173828125,0.0744602382183075,1110.2003173828125
3159,18.33416748046875,47.760833740234375,0.6821233979338711,1096.2611083984375,0.06356874108314514,1096.2611083984375
3160,18.10333251953125,55.075836181640625,0.6565031426439163,1064.8775634765625,0.05414348840713501,1064.8775634765625
3161,18.565000534057617,56.14083480834961,0.6543886046833398,1107.6796875,0.057928264141082764,1107.6796875
3162,18.96500015258789,50.95750045776367,0.6970824959134507,1092.1832275390625,0.051563650369644165,1092.1832275390625
3163,17.323333740234375,49.88999938964844,0.7023206963761268,1114.448486328125,0.0551912784576416,1114.448486328125
3164,18.231666564941406,52.39999771118164,0.7171423678414223,1110.5350341796875,0.055088579654693604,1110.5350341796875
3165,17.821666717529297,50.46583557128906,0.7039639827669183,1102.157958984375,0.06624436378479004,1102.157958984375
3166,18.789165496826172,58.404998779296875,0.6675600312889817,1064.853515625,0.04937124252319336,1064.853515625
3167,18.440834045410156,49.794166564941406,0.6896627582211257,1065.30419921875,0.05500558018684387,1065.30419921875
3168,18.136667251586914,57.114166259765625,0.6923790713671041,1065.713623046875,0.06356355547904968,1065.713623046875
3169,17.989999771118164,51.6591682434082,0.7018985859960107,1076.1207275390625,0.054071009159088135,1076.1207275390625
3170,18.691665649414062,51.045833587646484,0.6981910622112978,1108.669677734375,0.06470271944999695,1108.669677734375
3171,18.577499389648438,54.91333770751953,0.6830413170102247,1063.68359375,0.06101825833320618,1063.68359375
3172,18.176668167114258,51.045833587646484,0.6567378248034126,1084.67822265625,0.07156500220298767,1084.67822265625
3173,18.154998779296875,52.546669006347656,0.7166538405505147,1096.6380615234375,0.05964311957359314,1096.6380615234375
3174,18.2983341217041,47.464168548583984,0.7004126224360526,1100.124267578125,0.07592305541038513,1100.124267578125
3175,18.760833740234375,56.56916427612305,0.7301092207997238,1079.2099609375,0.05403226613998413,1079.2099609375
3176,18.40999984741211,53.503334045410156,0.6909864637347207,1104.7337646484375,0.05041450262069702,1104.7337646484375
3177,17.583332061767578,46.84083557128906,0.6625201922640939,1095.3052978515625,0.09027627110481262,1095.3052978515625
3178,17.97833251953125,48.30833435058594,0.6722678201758974,1099.841796875,0.07674044370651245,1099.841796875
3179,18.279998779296875,50.36333084106445,0.6791592329843444,1083.6717529296875,0.06504437327384949,1083.6717529296875
3180,18.0,44.598331451416016,0.6966545493061774,1095.018310546875,0.07834997773170471,1095.018310546875
3181,18.525833129882812,54.47666549682617,0.6902566316861328,1056.08056640625,0.05965372920036316,1056.08056640625
3182,18.363332748413086,48.231666564941406,0.6506194457216631,1117.6063232421875,0.05621400475502014,1117.6063232421875
3183,17.905832290649414,50.80999755859375,0.6768959769932381,1132.6903076171875,0.06951045989990234,1132.6903076171875
3184,18.259166717529297,55.68666458129883,0.6946756590348432,1058.001953125,0.05447891354560852,1058.001953125
3185,18.21416664123535,53.12416458129883,0.6700843959317144,1085.1202392578125,0.077778160572052,1085.1202392578125
3186,18.20833396911621,45.78666687011719,0.6294533005614953,1099.1185302734375,0.08689576387405396,1099.1185302734375
3187,18.619165420532227,50.48249816894531,0.679367385455321,1101.003662109375,0.05785512924194336,1101.003662109375
3188,18.919166564941406,57.875,0.6917406463400066,1096.648681640625,0.0495431125164032,1096.648681640625
3189,18.733333587646484,56.524169921875,0.6560250956671188,1078.6314697265625,0.06156337261199951,1078.6314697265625
3190,17.924999237060547,51.15833282470703,0.6527958511872957,1134.4256591796875,0.060609251260757446,1134.4256591796875
3191,18.1299991607666,53.130836486816406,0.678229330968195,1100.212890625,0.054619431495666504,1100.212890625
3192,18.447500228881836,51.83416748046875,0.6531625606433996,1069.7294921875,0.06535091996192932,1069.7294921875
3193,17.635000228881836,44.55083465576172,0.6397732631471953,1149.1173095703125,0.09566673636436462,1149.1173095703125
3194,18.626667022705078,49.50250244140625,0.7040526134663097,1081.4066162109375,0.06168770790100098,1081.4066162109375
3195,18.19999885559082,52.877498626708984,0.705512832250216,1092.970947265625,0.052557528018951416,1092.970947265625
3196,18.224166870117188,50.690834045410156,0.6562481786670797,1130.6661376953125,0.060309022665023804,1130.6661376953125
3197,18.303333282470703,49.3125,0.6799334401649166,1115.8961181640625,0.06279146671295166,1115.8961181640625
3198,18.407499313354492,51.96750259399414,0.698165440901142,1075.758544921875,0.07440149784088135,1075.758544921875
3199,18.522499084472656,51.08500289916992,0.658593828084755,1083.5703125,0.07272464036941528,1083.5703125
3200,18.69916534423828,52.40416717529297,0.7091238456789444,1105.896240234375,0.05876338481903076,1105.896240234375
3201,18.549999237060547,53.520835876464844,0.6762832205858971,1106.360107421875,0.0618252158164978,1106.360107421875
3202,18.30500030517578,48.524169921875,0.691698987125068,1053.4915771484375,0.06821286678314209,1053.4915771484375
3203,18.343334197998047,54.64500045776367,0.6589113312848254,1065.3114013671875,0.05314388871192932,1065.3114013671875
3204,18.26416778564453,52.007503509521484,0.6667166968184249,1045.559326171875,0.06847906112670898,1045.559326171875
3205,18.728334426879883,56.65583801269531,0.696086075775157,1113.614990234375,0.056679338216781616,1113.614990234375
3206,18.61833381652832,58.73833465576172,0.6823550944673826,1107.9844970703125,0.04283788800239563,1107.9844970703125
3207,18.83500099182129,52.05249786376953,0.6981654819539007,1102.2508544921875,0.05094674229621887,1102.2508544921875
3208,18.43000030517578,49.994998931884766,0.6787363937173185,1085.7008056640625,0.0741000771522522,1085.7008056640625
3209,18.497499465942383,54.14999771118164,0.6813775825695068,1035.9149169921875,0.05908814072608948,1035.9149169921875
3210,18.157499313354492,47.7591667175293,0.6787435281413948,1121.2430419921875,0.062308043241500854,1121.2430419921875
3211,18.481666564941406,54.287498474121094,0.7019254546388455,1081.23876953125,0.05214577913284302,1081.23876953125
3212,18.310832977294922,52.81166458129883,0.6999061600259668,1089.939697265625,0.05729180574417114,1089.939697265625
3213,18.751665115356445,52.760833740234375,0.6816769602767698,1073.248291015625,0.05494806170463562,1073.248291015625
3214,18.419166564941406,53.74416732788086,0.6596559321152882,1078.6025390625,0.05677807331085205,1078.6025390625
3215,18.9375,57.128334045410156,0.6561957263927511,1086.1370849609375,0.06633633375167847,1086.1370849609375
3216,18.869165420532227,57.65583419799805,0.6607329234179375,1091.43798828125,0.06717267632484436,1091.43798828125
3217,18.606666564941406,52.57999801635742,0.70945915221863,1063.4912109375,0.06113070249557495,1063.4912109375
3218,18.640832901000977,52.317501068115234,0.6738892998208386,1104.3328857421875,0.052004098892211914,1104.3328857421875
3219,18.625,51.47916793823242,0.7020630634433409,1075.7679443359375,0.05455219745635986,1075.7679443359375
3220,18.198333740234375,47.246665954589844,0.6655995510615962,1091.0306396484375,0.052250444889068604,1091.0306396484375
3221,18.375,51.40999984741211,0.6954068916923294,1088.052490234375,0.06573811173439026,1088.052490234375
3222,18.269166946411133,54.8841667175293,0.701353301729533,1097.8663330078125,0.04216650128364563,1097.8663330078125
3223,18.081666946411133,49.9375,0.6848034484431322,1119.3492431640625,0.06590479612350464,1119.3492431640625
3224,18.051666259765625,52.56416702270508,0.6849997776863392,1127.2391357421875,0.07084140181541443,1127.2391357421875
3225,18.244998931884766,52.07999801635742,0.6705685595978516,1093.2135009765625,0.07017073035240173,1093.2135009765625
3226,18.56999969482422,47.871665954589844,0.6830664203989469,1099.7559814453125,0.059291064739227295,1099.7559814453125
3227,19.079166412353516,59.336669921875,0.6969639018701338,1074.3408203125,0.05496421456336975,1074.3408203125
3228,18.519166946411133,49.186668395996094,0.6993338593658496,1107.5999755859375,0.055818647146224976,1107.5999755859375
3229,18.489999771118164,53.24416732788086,0.7060502524176997,1106.3582763671875,0.04989844560623169,1106.3582763671875
3230,18.57499885559082,51.230003356933594,0.6706025276933427,1108.3125,0.05420869588851929,1108.3125
3231,18.155832290649414,50.50416564941406,0.6725652408317679,1046.8433837890625,0.06422513723373413,1046.8433837890625
3232,18.3174991607666,48.79916763305664,0.6504322581982303,1103.1326904296875,0.053424984216690063,1103.1326904296875
3233,18.518333435058594,53.67083740234375,0.6630319171630696,1091.1903076171875,0.060270994901657104,1091.1903076171875
3234,18.22833251953125,55.420833587646484,0.6961562094071623,1059.7828369140625,0.052804768085479736,1059.7828369140625
3235,18.358333587646484,49.9466667175293,0.6586842424810329,1086.9244384765625,0.07449346780776978,1086.9244384765625
3236,18.29749870300293,52.52916717529297,0.6920928672748237,1095.2601318359375,0.06085777282714844,1095.2601318359375
3237,18.614999771118164,55.266666412353516,0.6595879940549967,1078.003662109375,0.05205729603767395,1078.003662109375
3238,18.6875,52.663333892822266,0.6634323521476119,1065.722412109375,0.05824238061904907,1065.722412109375
3239,18.420000076293945,49.975833892822266,0.6669344435497936,1096.3438720703125,0.07720226049423218,1096.3438720703125
3240,18.1299991607666,52.98167037963867,0.7012779983367672,1067.837158203125,0.047161996364593506,1067.837158203125
3241,18.83333396911621,52.34833526611328,0.6987636432589817,1068.585205078125,0.06524217128753662,1068.585205078125
3242,18.34000015258789,50.709163665771484,0.7188282156978374,1108.4024658203125,0.04901480674743652,1108.4024658203125
3243,18.52750015258789,56.336666107177734,0.6683940992476034,1086.616455078125,0.05062249302864075,1086.616455078125
3244,18.426666259765625,47.037498474121094,0.6485569079466205,1111.4075927734375,0.057664066553115845,1111.4075927734375
3245,18.871665954589844,48.46833419799805,0.7187919781321057,1090.4447021484375,0.06639117002487183,1090.4447021484375
3246,18.031667709350586,45.836666107177734,0.6786073185265802,1107.0845947265625,0.06296467781066895,1107.0845947265625
3247,17.856666564941406,43.643333435058594,0.6709943990727337,1115.8271484375,0.06036454439163208,1115.8271484375
3248,18.439167022705078,50.317501068115234,0.6874844493490904,1099.3995361328125,0.08031949400901794,1099.3995361328125
3249,18.58916664123535,56.717498779296875,0.6312332457816073,1058.1767578125,0.05761638283729553,1058.1767578125
3250,18.883333206176758,58.25666809082031,0.6927021466546845,1097.3636474609375,0.0585402250289917,1097.3636474609375
3251,19.1391658782959,60.68000030517578,0.6352689390047346,1089.6273193359375,0.05984804034233093,1089.6273193359375
3252,18.551666259765625,54.741668701171875,0.6898933283026076,1051.0885009765625,0.05684185028076172,1051.0885009765625
3253,18.880834579467773,55.02166748046875,0.693413664654032,1084.7606201171875,0.044761717319488525,1084.7606201171875
3254,18.720834732055664,56.8033332824707,0.6796590815806904,1102.0621337890625,0.06293901801109314,1102.0621337890625
3255,18.34749984741211,52.09333419799805,0.6817914369725062,1091.1915283203125,0.07574036717414856,1091.1915283203125
3256,18.4424991607666,50.75,0.670125463091944,1061.090087890625,0.06426367163658142,1061.090087890625
3257,18.934999465942383,54.14083480834961,0.6789786751843695,1104.3631591796875,0.06307792663574219,1104.3631591796875
3258,18.109167098999023,53.27916717529297,0.7057611453724901,1039.652099609375,0.05298396944999695,1039.652099609375
3259,18.513334274291992,52.51583480834961,0.6758819530796225,1119.4091796875,0.06252890825271606,1119.4091796875
3260,18.46583366394043,53.760833740234375,0.6695707630283383,1079.236328125,0.06057804822921753,1079.236328125
3261,19.385833740234375,56.652496337890625,0.6459805410294125,1105.2591552734375,0.05161425471305847,1105.2591552734375
3262,18.911666870117188,56.28499984741211,0.7005266869753597,1091.7412109375,0.05132058262825012,1091.7412109375
3263,18.296667098999023,51.435001373291016,0.6756862370628732,1055.7484130859375,0.04840567708015442,1055.7484130859375
3264,18.789165496826172,52.9716682434082,0.6639112601542562,1085.6717529296875,0.0576457679271698,1085.6717529296875
3265,18.126667022705078,51.19333267211914,0.6896907665918075,1077.34130859375,0.06473502516746521,1077.34130859375
3266,18.377498626708984,50.176666259765625,0.6879715777649953,1113.278076171875,0.05550450086593628,1113.278076171875
3267,18.52750015258789,55.314998626708984,0.6558253691498275,1077.3551025390625,0.06761005520820618,1077.3551025390625
3268,18.55666732788086,56.579166412353516,0.642840501312102,1137.436767578125,0.06671422719955444,1137.436767578125
3269,17.934999465942383,47.16583251953125,0.7022913495873833,1090.9422607421875,0.062249183654785156,1090.9422607421875
3270,19.008333206176758,55.12916564941406,0.6977579778429511,1072.443115234375,0.06809481978416443,1072.443115234375
3271,19.213333129882812,58.59916687011719,0.7084152621585581,1063.2021484375,0.05709990859031677,1063.2021484375
3272,18.86333465576172,56.139163970947266,0.6903658884613642,1067.178466796875,0.055209070444107056,1067.178466796875
3273,17.88916778564453,51.954166412353516,0.6794637799562686,1098.731201171875,0.05698111653327942,1098.731201171875
3274,17.975833892822266,47.64666748046875,0.6777168588288194,1126.239013671875,0.0748271644115448,1126.239013671875
3275,18.487499237060547,51.722503662109375,0.6705475953961451,1101.4752197265625,0.06772303581237793,1101.4752197265625
3276,18.22083282470703,46.21083450317383,0.6895380857954851,1090.662353515625,0.06481876969337463,1090.662353515625
3277,17.61083221435547,44.72500228881836,0.6581028506201629,1131.0592041015625,0.08340096473693848,1131.0592041015625
3278,18.593334197998047,51.332496643066406,0.6814770220221651,1086.994384765625,0.0677463710308075,1086.994384765625
3279,18.677499771118164,56.93000030517578,0.6447013071214702,1022.3829345703125,0.05209767818450928,1022.3829345703125
3280,18.40833282470703,51.599998474121094,0.6982003874342279,1114.56640625,0.05972921848297119,1114.56640625
3281,18.05500030517578,50.874168395996094,0.6639319225005887,1094.5374755859375,0.06409505009651184,1094.5374755859375
3282,18.573333740234375,51.339168548583984,0.6960144063134603,1089.76318359375,0.07818251848220825,1089.76318359375
3283,18.65916633605957,53.31416702270508,0.6744992808654054,1078.59716796875,0.0514199435710907,1078.59716796875
3284,18.524999618530273,48.38999938964844,0.655514709202569,1058.1427001953125,0.08262380957603455,1058.1427001953125
3285,18.376667022705078,52.415836334228516,0.6818066723451759,1082.56591796875,0.057651519775390625,1082.56591796875
3286,18.17249870300293,51.4183349609375,0.6740524158464442,1082.93017578125,0.052684903144836426,1082.93017578125
3287,18.948333740234375,56.54833221435547,0.6638078245901242,1039.3145751953125,0.051246315240859985,1039.3145751953125
3288,18.616666793823242,54.413330078125,0.6575304322130147,1032.5672607421875,0.0655275285243988,1032.5672607421875
3289,18.519166946411133,53.31500244140625,0.6683033649870935,1055.0504150390625,0.06292104721069336,1055.0504150390625
3290,17.865833282470703,49.46666717529297,0.6536448441346392,1074.9373779296875,0.06827971339225769,1074.9373779296875
3291,18.233333587646484,52.90333557128906,0.6608142728834149,1098.8067626953125,0.06173023581504822,1098.8067626953125
3292,18.221668243408203,47.461666107177734,0.6748016533193475,1123.399169921875,0.054176777601242065,1123.399169921875
3293,18.760000228881836,54.8316650390625,0.6861437572924564,1087.7138671875,0.05880245566368103,1087.7138671875
3294,18.415834426879883,47.057498931884766,0.693709437523149,1112.1092529296875,0.07171964645385742,1112.1092529296875
3295,18.558334350585938,57.01249694824219,0.6511210539217369,1093.6795654296875,0.052866190671920776,1093.6795654296875
3296,18.7016658782959,55.94999694824219,0.655885745824577,1097.975341796875,0.06707113981246948,1097.975341796875
3297,18.52083396911621,50.36583709716797,0.6599106018737423,1076.9859619140625,0.06015738844871521,1076.9859619140625
3298,18.296667098999023,51.894996643066406,0.6865229675173112,1108.661376953125,0.05643799901008606,1108.661376953125
3299,18.63166618347168,54.51250076293945,0.6836925847216607,1113.07421875,0.05594027042388916,1113.07421875
3300,18.45833396911621,51.9183349609375,0.6423282890968762,1070.467529296875,0.05421110987663269,1070.467529296875
3301,18.587499618530273,57.74833679199219,0.6584893228894521,1117.2916259765625,0.05575945973396301,1117.2916259765625
3302,18.13833236694336,46.77583312988281,0.7111433106746731,1153.41064453125,0.0656774640083313,1153.41064453125
3303,18.711666107177734,55.418331146240234,0.683809636063139,1106.7176513671875,0.054352790117263794,1106.7176513671875
3304,18.323333740234375,54.49416732788086,0.683073226578809,1085.5018310546875,0.053455889225006104,1085.5018310546875
3305,18.342498779296875,55.628334045410156,0.7122426181421102,1045.0367431640625,0.044145017862319946,1045.0367431640625
3306,18.601665496826172,52.866668701171875,0.6582186882248761,1072.316650390625,0.058308541774749756,1072.316650390625
3307,17.892499923706055,52.36333465576172,0.6550161791954215,1090.67529296875,0.059476226568222046,1090.67529296875
3308,18.566665649414062,57.88582992553711,0.6933054195687173,1079.075927734375,0.054282039403915405,1079.075927734375
3309,17.92416763305664,48.94166564941406,0.6835728591460212,1127.08251953125,0.05506470799446106,1127.08251953125
3310,18.823333740234375,59.93499755859375,0.6452158066580936,1084.1990966796875,0.05741378664970398,1084.1990966796875
3311,18.915834426879883,55.948333740234375,0.6873310300588268,1105.4036865234375,0.06114727258682251,1105.4036865234375
3312,18.149999618530273,47.87000274658203,0.68666840687593,1111.47998046875,0.05496025085449219,1111.47998046875
3313,17.746665954589844,50.07332992553711,0.6572470671623126,1091.10595703125,0.05937737226486206,1091.10595703125
3314,18.324167251586914,50.15083694458008,0.6509884769148729,1095.8929443359375,0.055383771657943726,1095.8929443359375
3315,17.78499984741211,44.69416809082031,0.7044632389559513,1106.1263427734375,0.05469167232513428,1106.1263427734375
3316,17.939167022705078,46.5908317565918,0.6354702583946649,1106.0111083984375,0.06355327367782593,1106.0111083984375
3317,18.025833129882812,42.71833419799805,0.6474404571642791,1097.49609375,0.07357197999954224,1097.49609375
3318,18.080833435058594,48.47249984741211,0.682965968103767,1052.693603515625,0.07105886936187744,1052.693603515625
3319,18.245832443237305,50.470001220703125,0.7029982121886414,1088.4176025390625,0.05007019639015198,1088.4176025390625
3320,19.18166732788086,58.399166107177734,0.6968860286594489,1072.6966552734375,0.059906601905822754,1072.6966552734375
3321,18.87583351135254,56.568328857421875,0.660262996502024,1062.13623046875,0.05043274164199829,1062.13623046875
3322,19.071666717529297,59.27750015258789,0.6513606869947859,1058.6900634765625,0.053379982709884644,1058.6900634765625
3323,18.497499465942383,53.098331451416016,0.7149982930168773,1117.419189453125,0.058379173278808594,1117.419189453125
3324,18.55583381652832,54.55666732788086,0.6826335238680288,1124.2506103515625,0.048106372356414795,1124.2506103515625
3325,18.676666259765625,51.747501373291016,0.6790779761048343,1072.0771484375,0.053888171911239624,1072.0771484375
3326,18.614999771118164,49.86833190917969,0.7052397915659645,1118.3585205078125,0.058434247970581055,1118.3585205078125
3327,18.845834732055664,55.62333297729492,0.7062302341069053,1099.48828125,0.06076323986053467,1099.48828125
3328,18.269166946411133,52.18583297729492,0.7129982544605675,1117.354736328125,0.062258630990982056,1117.354736328125
3329,18.852500915527344,52.106666564941406,0.7022641543877566,1147.4913330078125,0.06379151344299316,1147.4913330078125
3330,18.822500228881836,54.3658332824707,0.6862386201824153,1109.4078369140625,0.05694839358329773,1109.4078369140625
3331,18.362499237060547,53.546669006347656,0.6781518977543509,1107.232666015625,0.07345587015151978,1107.232666015625
3332,18.509166717529297,51.005001068115234,0.7016501294127512,1125.085205078125,0.06779024004936218,1125.085205078125
3333,18.385833740234375,54.38833236694336,0.6651433703785911,1103.9366455078125,0.062466055154800415,1103.9366455078125
3334,18.656665802001953,54.45500183105469,0.6944417730049658,1042.7386474609375,0.06203126907348633,1042.7386474609375
3335,18.329999923706055,51.068336486816406,0.680867027422092,1106.4486083984375,0.06361407041549683,1106.4486083984375
3336,18.696666717529297,54.26499938964844,0.6918159071086583,1076.51953125,0.06116822361946106,1076.51953125
3337,18.505834579467773,48.980831146240234,0.7126538688984002,1090.4906005859375,0.056339114904403687,1090.4906005859375
3338,18.654165267944336,52.93916320800781,0.6627995956256112,1109.736328125,0.05889230966567993,1109.736328125
3339,18.865833282470703,53.08833312988281,0.6770057086729929,1100.8668212890625,0.06108659505844116,1100.8668212890625
3340,18.27916717529297,53.00250244140625,0.7060459878049311,1098.9649658203125,0.07408776879310608,1098.9649658203125
3341,18.475000381469727,54.7408332824707,0.67971543165417,1088.8084716796875,0.07345736026763916,1088.8084716796875
3342,18.649166107177734,56.400001525878906,0.7019478807372302,1145.857666015625,0.06673777103424072,1145.857666015625
3343,18.84749984741211,55.18666458129883,0.7024654817063675,1079.6749267578125,0.05572912096977234,1079.6749267578125
3344,18.536666870117188,53.573333740234375,0.6807018778378042,1087.5032958984375,0.04995906352996826,1087.5032958984375
3345,18.658334732055664,55.69333267211914,0.6511912912510535,1090.7340087890625,0.05060762166976929,1090.7340087890625
3346,18.75083351135254,51.606666564941406,0.6841972549451909,1087.0621337890625,0.05131068825721741,1087.0621337890625
3347,17.780000686645508,43.649166107177734,0.6555778227830373,1145.61279296875,0.09280025959014893,1145.61279296875
3348,19.265832901000977,55.10249710083008,0.6525374977055575,1106.76708984375,0.056280940771102905,1106.76708984375
3349,18.1924991607666,48.73500061035156,0.6719327597177982,1064.9052734375,0.05278885364532471,1064.9052734375
3350,18.71416664123535,51.97999954223633,0.676989989806507,1102.717529296875,0.06001970171928406,1102.717529296875
3351,18.716665267944336,55.645835876464844,0.6677682093020026,1054.3021240234375,0.06040012836456299,1054.3021240234375
3352,18.32499885559082,48.15833282470703,0.6573992554729617,1081.2972412109375,0.06552976369857788,1081.2972412109375
3353,18.600833892822266,53.957496643066406,0.6502293645207697,1067.400634765625,0.061552733182907104,1067.400634765625
3354,18.559165954589844,54.55750274658203,0.643306667929805,1082.5302734375,0.059409916400909424,1082.5302734375
3355,18.93083381652832,53.97166442871094,0.6768421133929017,1110.2193603515625,0.060124754905700684,1110.2193603515625
3356,19.16750144958496,57.1775016784668,0.6810363497052419,1093.740478515625,0.058003246784210205,1093.740478515625
3357,18.725833892822266,54.8849983215332,0.6683924541537942,1047.0009765625,0.051785439252853394,1047.0009765625
3358,18.587499618530273,52.2591667175293,0.6451907895250191,1074.889892578125,0.05736997723579407,1074.889892578125
3359,18.43166732788086,52.125,0.7103464012276306,1081.8487548828125,0.057181090116500854,1081.8487548828125
3360,18.98750114440918,56.4183349609375,0.6660869614855258,1122.4267578125,0.05257567763328552,1122.4267578125
3361,18.440000534057617,52.14833450317383,0.6771297389689102,1112.814453125,0.06614318490028381,1112.814453125
3362,18.804166793823242,60.250003814697266,0.6718116868657603,1055.6405029296875,0.05964231491088867,1055.6405029296875
3363,18.32499885559082,47.05249786376953,0.6618619531104426,1125.4586181640625,0.06030413508415222,1125.4586181640625
3364,19.113332748413086,55.975830078125,0.6935887715182092,1068.52197265625,0.05195415019989014,1068.52197265625
3365,18.892499923706055,52.225833892822266,0.6683088523529397,1088.48291015625,0.058718740940093994,1088.48291015625
3366,18.391666412353516,54.474998474121094,0.6505576963880751,1110.7899169921875,0.056673914194107056,1110.7899169921875
3367,18.251667022705078,47.74250030517578,0.6697037139391115,1100.104248046875,0.06590917706489563,1100.104248046875
3368,18.261667251586914,46.665000915527344,0.6747262579272962,1123.259765625,0.048035234212875366,1123.259765625
3369,18.588333129882812,55.801666259765625,0.6659719325481419,1068.3392333984375,0.06095468997955322,1068.3392333984375
3370,18.84833335876465,52.6683349609375,0.687239356067072,1067.8504638671875,0.052103251218795776,1067.8504638671875
3371,18.510000228881836,51.054168701171875,0.6831528922826975,1143.455322265625,0.058693379163742065,1143.455322265625
3372,18.501667022705078,52.116668701171875,0.6555232041865642,1072.21044921875,0.048772603273391724,1072.21044921875
3373,18.224998474121094,54.413330078125,0.6648731977647456,1099.550048828125,0.05839744210243225,1099.550048828125
3374,18.260833740234375,58.31416702270508,0.6795851380083052,1072.2972412109375,0.0696927011013031,1072.2972412109375
3375,18.191667556762695,48.78166580200195,0.7048971676674446,1097.4088134765625,0.07886525988578796,1097.4088134765625
3376,18.261667251586914,48.217498779296875,0.6752724887170057,1124.7265625,0.06646770238876343,1124.7265625
3377,18.33416748046875,50.33749771118164,0.6498166704531196,1119.4599609375,0.0574948787689209,1119.4599609375
3378,19.322500228881836,62.054996490478516,0.6770956551364232,1099.871337890625,0.058831244707107544,1099.871337890625
3379,18.51249885559082,51.75333786010742,0.6515842026670045,1106.9521484375,0.057995110750198364,1106.9521484375
3380,18.09083366394043,49.21999740600586,0.6863692734584321,1087.967041015625,0.05616232752799988,1087.967041015625
3381,18.63666534423828,48.56333541870117,0.6383023328069684,1111.33544921875,0.08544492721557617,1111.33544921875
3382,18.274999618530273,49.67583465576172,0.6808542353161351,1099.3250732421875,0.06674417853355408,1099.3250732421875
3383,18.4858341217041,55.08250045776367,0.6770335970211372,1077.22607421875,0.05857768654823303,1077.22607421875
3384,18.704166412353516,53.38833236694336,0.6613677999454773,1082.72900390625,0.056547462940216064,1082.72900390625
3385,18.524166107177734,57.124168395996094,0.6636155484820188,1073.9088134765625,0.06804749369621277,1073.9088134765625
3386,18.45166778564453,52.78916931152344,0.641769573938304,1104.6234130859375,0.07009607553482056,1104.6234130859375
3387,18.619165420532227,52.729164123535156,0.6964272357026671,1059.916015625,0.053418487310409546,1059.916015625
3388,18.774166107177734,57.03916549682617,0.6511841474033615,1099.73828125,0.06084182858467102,1099.73828125
3389,18.238332748413086,53.40250015258789,0.6677059235715433,1050.9752197265625,0.06363776326179504,1050.9752197265625
3390,18.412500381469727,52.128334045410156,0.6736022193646104,1082.406005859375,0.05513554811477661,1082.406005859375
3391,18.411666870117188,52.125,0.6637111018731978,1109.325927734375,0.05917873978614807,1109.325927734375
3392,18.656665802001953,53.32583236694336,0.6825603225819019,1132.3857421875,0.06906881928443909,1132.3857421875
3393,18.90333366394043,51.86000061035156,0.6995803491066087,1100.9852294921875,0.05193409323692322,1100.9852294921875
3394,18.751665115356445,55.41499710083008,0.6484705294451553,1107.6385498046875,0.056864023208618164,1107.6385498046875
3395,18.61750030517578,52.57250213623047,0.6669906013280453,1108.0081787109375,0.05393287539482117,1108.0081787109375
3396,19.064167022705078,62.02499771118164,0.6737641827891431,1084.45751953125,0.05999755859375,1084.45751953125
3397,18.546667098999023,55.57167053222656,0.648112987408402,1091.9852294921875,0.058538973331451416,1091.9852294921875
3398,18.457500457763672,52.3458366394043,0.7035762531129777,1091.9512939453125,0.05889442563056946,1091.9512939453125
3399,18.497499465942383,51.34083557128906,0.6587134302345777,1066.5242919921875,0.061807721853256226,1066.5242919921875
3400,18.571666717529297,48.605831146240234,0.6385481534882682,1080.255615234375,0.068977952003479,1080.255615234375
3401,19.107500076293945,57.92833709716797,0.6894969922334472,1067.5885009765625,0.061017006635665894,1067.5885009765625
3402,18.84666633605957,50.29666519165039,0.6827347676728256,1101.394775390625,0.0630706250667572,1101.394775390625
3403,18.577499389648438,55.589168548583984,0.6532087155863339,1082.11572265625,0.056502580642700195,1082.11572265625
3404,18.40999984741211,50.48833465576172,0.708367723975831,1105.96923828125,0.06092837452888489,1105.96923828125
3405,18.635833740234375,53.91083526611328,0.6849711084197305,1130.5289306640625,0.054755449295043945,1130.5289306640625
3406,18.559165954589844,55.92667007446289,0.6813625986239477,1058.2578125,0.06705763936042786,1058.2578125
3407,18.34833335876465,54.73583221435547,0.6799922856436443,1136.7138671875,0.0755278468132019,1136.7138671875
3408,18.622499465942383,53.61750030517578,0.6850300382997471,1083.184326171875,0.05352333188056946,1083.184326171875
3409,18.498332977294922,50.23583221435547,0.6442282784940372,1078.6744384765625,0.06121629476547241,1078.6744384765625
3410,18.15416717529297,48.662498474121094,0.6697606014425068,1137.739013671875,0.05316162109375,1137.739013671875
3411,18.418333053588867,49.33583450317383,0.6843715119246634,1113.54638671875,0.0480654239654541,1113.54638671875
3412,18.225833892822266,59.272499084472656,0.6628649393292498,1085.031494140625,0.0623929500579834,1085.031494140625
3413,18.745834350585938,51.51416778564453,0.678248164119056,1074.6026611328125,0.07516217231750488,1074.6026611328125
3414,18.959165573120117,47.807498931884766,0.6910039663613627,1109.8846435546875,0.062174588441848755,1109.8846435546875
3415,18.514999389648438,54.632503509521484,0.6380877327960708,1083.8499755859375,0.05493566393852234,1083.8499755859375
3416,18.906665802001953,59.4283332824707,0.6440111852453008,1067.5621337890625,0.05046260356903076,1067.5621337890625
3417,18.34583282470703,55.53416442871094,0.6753518278962496,1070.473876953125,0.05463212728500366,1070.473876953125
3418,18.281667709350586,51.0474967956543,0.6448394255138961,1115.3614501953125,0.061456531286239624,1115.3614501953125
3419,18.884166717529297,53.67083740234375,0.6426353856286631,1087.8994140625,0.070187509059906,1087.8994140625
3420,18.830833435058594,54.47999954223633,0.7063984908012474,1119.2880859375,0.05399543046951294,1119.2880859375
3421,18.434165954589844,54.51833724975586,0.686707216919713,1066.96435546875,0.050169408321380615,1066.96435546875
3422,18.457500457763672,51.61833190917969,0.6666683369407074,1080.8160400390625,0.051823973655700684,1080.8160400390625
3423,18.024166107177734,54.39083480834961,0.6750444530762776,1110.0767822265625,0.05593368411064148,1110.0767822265625
3424,18.8700008392334,52.08333206176758,0.7165197462799237,1102.5958251953125,0.05425196886062622,1102.5958251953125
3425,18.84083366394043,53.45833206176758,0.6646165768983421,1095.5848388671875,0.053997576236724854,1095.5848388671875
3426,18.210832595825195,54.189170837402344,0.6867507582436363,1114.974853515625,0.058973222970962524,1114.974853515625
3427,18.52916717529297,53.13166427612305,0.6852934927636358,1108.66015625,0.05436703562736511,1108.66015625
3428,19.301666259765625,61.456668853759766,0.6577113498412732,1031.7557373046875,0.04736381769180298,1031.7557373046875
3429,19.176666259765625,56.63083267211914,0.6760430174109728,1098.8243408203125,0.05763733386993408,1098.8243408203125
3430,18.600000381469727,50.69166564941406,0.6269128645248986,1067.1241455078125,0.07252609729766846,1067.1241455078125
3431,18.746665954589844,53.38166809082031,0.7094511295665962,1142.6929931640625,0.05129057168960571,1142.6929931640625
3432,18.502500534057617,50.49333572387695,0.7124482528399333,1095.7391357421875,0.06669396162033081,1095.7391357421875
3433,19.185001373291016,53.90166473388672,0.663573194625183,1093.96875,0.07215774059295654,1093.96875
3434,18.948333740234375,56.30833435058594,0.6981053464684542,1099.916748046875,0.05170726776123047,1099.916748046875
3435,18.496665954589844,50.16416931152344,0.707315448532183,1126.9774169921875,0.055760473012924194,1126.9774169921875
3436,18.538333892822266,46.208335876464844,0.6690363711366138,1116.732666015625,0.09435722231864929,1116.732666015625
3437,19.278331756591797,56.515830993652344,0.706936721008143,1105.2811279296875,0.057686686515808105,1105.2811279296875
3438,18.93833351135254,50.472496032714844,0.6976423941618523,1142.5946044921875,0.059611976146698,1142.5946044921875
3439,19.153331756591797,53.65250015258789,0.7198145818457948,1081.2069091796875,0.055276453495025635,1081.2069091796875
3440,18.928333282470703,58.01749801635742,0.6970359392748472,1095.2818603515625,0.053457289934158325,1095.2818603515625
3441,18.86833381652832,50.510833740234375,0.681527816272116,1086.3427734375,0.06118705868721008,1086.3427734375
3442,18.49250030517578,49.20000076293945,0.702130316388552,1114.846435546875,0.05893203616142273,1114.846435546875
3443,18.620834350585938,54.333335876464844,0.701069578886147,1131.0406494140625,0.05149593949317932,1131.0406494140625
3444,18.44499969482422,48.144168853759766,0.6725228620578867,1089.8734130859375,0.06008216738700867,1089.8734130859375
3445,18.52083396911621,50.41166687011719,0.6818764127015651,1117.39453125,0.055433690547943115,1117.39453125
3446,19.037500381469727,49.27333450317383,0.6698854087105879,1128.7628173828125,0.06033903360366821,1128.7628173828125
3447,18.755834579467773,51.64583206176758,0.6724029413554867,1065.0052490234375,0.05943450331687927,1065.0052490234375
3448,18.353334426879883,47.53583526611328,0.6670888066602738,1093.18896484375,0.06722995638847351,1093.18896484375
3449,18.926666259765625,52.130001068115234,0.6851248371992209,1118.8216552734375,0.05329561233520508,1118.8216552734375
3450,18.154998779296875,50.96916580200195,0.6338778613817656,1056.0635986328125,0.05855265259742737,1056.0635986328125
3451,18.5,48.022499084472656,0.664302625178288,1110.144775390625,0.0847710371017456,1110.144775390625
3452,18.795000076293945,52.82749938964844,0.6376240109954756,1079.98291015625,0.05280691385269165,1079.98291015625
3453,18.13916778564453,50.498329162597656,0.6009451186700433,1085.3582763671875,0.0641070008277893,1085.3582763671875
3454,18.748334884643555,48.24416732788086,0.6442029708289776,1108.986572265625,0.069939523935318,1108.986572265625
3455,18.900833129882812,58.53916549682617,0.639375185050688,1065.22412109375,0.0632161796092987,1065.22412109375
3456,18.41083335876465,53.72666549682617,0.6928825220668716,1097.205078125,0.06264063715934753,1097.205078125
3457,18.498332977294922,50.51000213623047,0.6118484218906597,1123.8465576171875,0.058199405670166016,1123.8465576171875
3458,18.230833053588867,48.665000915527344,0.6128424067592623,1069.04150390625,0.045712441205978394,1069.04150390625
3459,18.679166793823242,52.38500213623047,0.6546577571605874,1100.0272216796875,0.054725468158721924,1100.0272216796875
3460,18.914165496826172,56.377498626708984,0.6779983510645582,1113.5299072265625,0.054127126932144165,1113.5299072265625
3461,18.391666412353516,47.36833190917969,0.6067194594177248,1083.9765625,0.06158122420310974,1083.9765625
3462,18.78416633605957,52.34749984741211,0.6872653076820217,1116.56640625,0.05725806951522827,1116.56640625
3463,18.09000015258789,53.397499084472656,0.6497248734189885,1164.655029296875,0.07339325547218323,1164.655029296875
3464,18.549165725708008,49.8466682434082,0.6470765335826831,1121.1893310546875,0.07519799470901489,1121.1893310546875
3465,18.876667022705078,56.38999938964844,0.6546391300282909,1105.8504638671875,0.048809945583343506,1105.8504638671875
3466,18.72333335876465,46.27499771118164,0.673698414092252,1138.135498046875,0.09050008654594421,1138.135498046875
3467,18.44499969482422,51.26416778564453,0.6251750020346573,1097.4678955078125,0.06624791026115417,1097.4678955078125
3468,18.266666412353516,53.26750183105469,0.6688476758823562,1077.1014404296875,0.04808264970779419,1077.1014404296875
3469,18.600833892822266,50.78499984741211,0.6518148109330164,1131.0032958984375,0.06755563616752625,1131.0032958984375
3470,18.453332901000977,49.70750045776367,0.669194792669981,1121.836669921875,0.05836021900177002,1121.836669921875
3471,18.10249900817871,50.85499954223633,0.6530852470076638,1076.6219482421875,0.05619475245475769,1076.6219482421875
3472,18.489999771118164,52.729164123535156,0.6706364949495429,1114.6070556640625,0.06198421120643616,1114.6070556640625
3473,18.446666717529297,51.57333755493164,0.6302892323569429,1105.651123046875,0.06449544429779053,1105.651123046875
3474,18.888334274291992,51.842498779296875,0.6859792039896566,1074.0513916015625,0.04808485507965088,1074.0513916015625
3475,18.787500381469727,52.4275016784668,0.6539009781249904,1125.211669921875,0.057520151138305664,1125.211669921875
3476,18.425832748413086,56.65749740600586,0.6636395355180013,1108.6864013671875,0.05558210611343384,1108.6864013671875
3477,18.66666603088379,49.633331298828125,0.6711635274170473,1119.9183349609375,0.04507178068161011,1119.9183349609375
3478,18.628334045410156,53.87583541870117,0.6597394839510414,1102.0914306640625,0.0563696026802063,1102.0914306640625
3479,18.456666946411133,50.01000213623047,0.6443632508948233,1083.265625,0.07067126035690308,1083.265625
3480,18.46583366394043,55.45083236694336,0.6372442166836306,1097.321533203125,0.05732366442680359,1097.321533203125
3481,18.595834732055664,52.55083465576172,0.6846145912224966,1143.41064453125,0.07156926393508911,1143.41064453125
3482,18.321666717529297,47.09083557128906,0.680865854710096,1087.5247802734375,0.058060526847839355,1087.5247802734375
3483,18.59833335876465,53.15250015258789,0.6526502648382861,1100.893310546875,0.05336979031562805,1100.893310546875
3484,18.22749900817871,52.310001373291016,0.6523651856038502,1085.6580810546875,0.06727764010429382,1085.6580810546875
3485,18.462499618530273,58.42250061035156,0.6345738101813709,1066.5179443359375,0.06372076272964478,1066.5179443359375
3486,18.809165954589844,57.103336334228516,0.6570178144124247,1086.99658203125,0.05406707525253296,1086.99658203125
3487,18.439167022705078,48.04750061035156,0.6472473207157015,1087.194091796875,0.06499290466308594,1087.194091796875
3488,18.74333381652832,54.2783317565918,0.7031722452257182,1053.795654296875,0.05737718939781189,1053.795654296875
3489,19.2641658782959,54.01832962036133,0.7151897089258811,1129.8985595703125,0.0626850426197052,1129.8985595703125
3490,19.267499923706055,64.5425033569336,0.6567867097260577,1106.623046875,0.0622406005859375,1106.623046875
3491,18.24416732788086,55.17667007446289,0.6977947174860863,1106.537841796875,0.05702394247055054,1106.537841796875
3492,19.309165954589844,59.89666748046875,0.6459015407496704,1105.128173828125,0.05562254786491394,1105.128173828125
3493,18.7016658782959,54.956668853759766,0.6736919316774157,1113.038818359375,0.045550525188446045,1113.038818359375
3494,18.584999084472656,52.75916290283203,0.6676809323705936,1079.400390625,0.06045994162559509,1079.400390625
3495,18.474166870117188,50.955833435058594,0.6544802523571204,1114.3936767578125,0.071216881275177,1114.3936767578125
3496,17.975000381469727,50.33583068847656,0.6474675578340573,1085.9471435546875,0.07713720202445984,1085.9471435546875
3497,18.404998779296875,51.600830078125,0.6839877967445116,1100.0989990234375,0.04567328095436096,1100.0989990234375
3498,19.270000457763672,56.06916427612305,0.6683236514099258,1104.6041259765625,0.06574022769927979,1104.6041259765625
3499,18.353334426879883,53.524166107177734,0.6741571360604429,1113.423828125,0.07388779520988464,1113.423828125
3500,18.607500076293945,54.44832992553711,0.6806642983527976,1143.3538818359375,0.05467376112937927,1143.3538818359375
3501,18.001667022705078,50.590003967285156,0.656946259007677,1084.7044677734375,0.05949622392654419,1084.7044677734375
3502,18.149168014526367,50.46833038330078,0.7103608557204664,1115.013671875,0.05946701765060425,1115.013671875
3503,18.760833740234375,55.26416778564453,0.6329783997202695,1101.733642578125,0.04938054084777832,1101.733642578125
3504,18.21583366394043,53.63166809082031,0.6648358903772301,1097.7174072265625,0.05651006102561951,1097.7174072265625
3505,17.629165649414062,50.33583068847656,0.6492569115974468,1082.0220947265625,0.05301719903945923,1082.0220947265625
3506,18.074167251586914,56.875831604003906,0.6684944379121391,1090.613525390625,0.055989593267440796,1090.613525390625
3507,18.354999542236328,51.19916915893555,0.635019368937993,1088.2432861328125,0.05821329355239868,1088.2432861328125
3508,18.39583396911621,56.54249954223633,0.6602621263631562,1074.2205810546875,0.059720754623413086,1074.2205810546875
3509,18.020000457763672,50.589168548583984,0.6818045099442172,1076.859619140625,0.05460134148597717,1076.859619140625
3510,18.127498626708984,50.06666946411133,0.640173171602314,1078.23779296875,0.060242682695388794,1078.23779296875
3511,18.184167861938477,49.52000045776367,0.6603530127512061,1118.0726318359375,0.056774407625198364,1118.0726318359375
3512,18.395000457763672,52.64833450317383,0.6633235523902574,1060.2728271484375,0.0678330659866333,1060.2728271484375
3513,17.99916648864746,52.62083435058594,0.6661348915958958,1070.847900390625,0.05873781442642212,1070.847900390625
3514,18.68000030517578,52.34916687011719,0.6734902005672613,1081.306884765625,0.04360675811767578,1081.306884765625
3515,18.523334503173828,49.755001068115234,0.6463875593712357,1071.152587890625,0.06927350163459778,1071.152587890625
3516,18.20083236694336,49.15416717529297,0.6204635771300566,1069.2322998046875,0.07981625199317932,1069.2322998046875
3517,18.480833053588867,49.34000015258789,0.6603488539510778,1094.1812744140625,0.06366747617721558,1094.1812744140625
3518,18.5049991607666,54.30416488647461,0.6837383414262417,1096.1282958984375,0.058291733264923096,1096.1282958984375
3519,18.212499618530273,49.959999084472656,0.668442502359859,1081.47705078125,0.049599409103393555,1081.47705078125
3520,18.7933349609375,56.96833038330078,0.6729220796987112,1087.7613525390625,0.06967997550964355,1087.7613525390625
3521,18.53499984741211,52.01416778564453,0.6920140118884388,1077.6082763671875,0.06321752071380615,1077.6082763671875
3522,18.783334732055664,50.54666519165039,0.6337355174091914,1088.2130126953125,0.0712883472442627,1088.2130126953125
3523,18.538333892822266,49.663333892822266,0.6635618823496269,1128.547119140625,0.07373315095901489,1128.547119140625
3524,18.280834197998047,47.6974983215332,0.673124749290199,1097.1864013671875,0.05225551128387451,1097.1864013671875
3525,18.00583267211914,48.195831298828125,0.6707048095029069,1094.7774658203125,0.061652570962905884,1094.7774658203125
3526,18.55083465576172,49.02833557128906,0.6692021038377604,1103.705078125,0.057587623596191406,1103.705078125
3527,18.77083396911621,53.728336334228516,0.6709562872386953,1064.8656005859375,0.05309215188026428,1064.8656005859375
3528,17.940832138061523,49.81999969482422,0.6577586065253033,1100.0888671875,0.07137855887413025,1100.0888671875
3529,18.600000381469727,55.84166717529297,0.6385878734752107,1089.7667236328125,0.050013184547424316,1089.7667236328125
3530,18.049999237060547,47.41416549682617,0.6611003288220665,1098.5723876953125,0.06733804941177368,1098.5723876953125
3531,18.25083351135254,50.71833038330078,0.6781811978208379,1136.7393798828125,0.05856907367706299,1136.7393798828125
3532,18.635833740234375,52.929996490478516,0.6640403826765313,1099.0379638671875,0.052121758460998535,1099.0379638671875
3533,18.539165496826172,55.921669006347656,0.6920903406652004,1109.6109619140625,0.05677422881126404,1109.6109619140625
3534,18.810834884643555,59.11499786376953,0.6816223515883516,1100.18798828125,0.05208277702331543,1100.18798828125
3535,18.416667938232422,52.402503967285156,0.6596461363771363,1110.701904296875,0.051835328340530396,1110.701904296875
3536,18.54166603088379,54.22666549682617,0.6950023351091362,1127.7738037109375,0.048811882734298706,1127.7738037109375
3537,17.705833435058594,48.17250061035156,0.6613732690967324,1118.883544921875,0.05430203676223755,1118.883544921875
3538,18.584165573120117,53.65250015258789,0.631163847086692,1084.6082763671875,0.05402684211730957,1084.6082763671875
3539,17.855833053588867,49.34250259399414,0.6550798096780011,1097.028076171875,0.062272846698760986,1097.028076171875
3540,18.629165649414062,58.85750198364258,0.6516587716622357,1115.681884765625,0.059275537729263306,1115.681884765625
3541,18.31999969482422,54.99666976928711,0.6569359787791993,1037.5601806640625,0.04848489165306091,1037.5601806640625
3542,17.991666793823242,51.26499938964844,0.6473466408279382,1112.8616943359375,0.06001904606819153,1112.8616943359375
3543,18.28499984741211,56.268333435058594,0.6467892549010495,1102.0841064453125,0.06084036827087402,1102.0841064453125
3544,18.320833206176758,59.070831298828125,0.6753354739064601,1086.86279296875,0.06035098433494568,1086.86279296875
3545,18.143333435058594,49.96916580200195,0.6808206692592058,1086.5616455078125,0.0666864812374115,1086.5616455078125
3546,18.09833335876465,50.814170837402344,0.6668260831288573,1106.45361328125,0.07035630941390991,1106.45361328125
3547,17.65250015258789,49.21750259399414,0.6858427749709581,1103.700927734375,0.04503700137138367,1103.700927734375
3548,18.411666870117188,51.349998474121094,0.6779857405283404,1083.202392578125,0.05581584572792053,1083.202392578125
3549,17.76500129699707,50.774169921875,0.6822658985126923,1106.87841796875,0.053510844707489014,1106.87841796875
3550,18.16083335876465,49.125,0.6684260931889103,1137.11181640625,0.0625847578048706,1137.11181640625
3551,18.82833480834961,54.885833740234375,0.6967434772363074,1071.322265625,0.053901225328445435,1071.322265625
3552,18.213333129882812,54.45166778564453,0.6703577908776202,1103.8143310546875,0.056049466133117676,1103.8143310546875
3553,18.01416778564453,52.057498931884766,0.6730462834000781,1103.997314453125,0.06309732794761658,1103.997314453125
3554,18.003332138061523,50.782501220703125,0.6137317359185892,1105.435791015625,0.055804699659347534,1105.435791015625
3555,18.226667404174805,54.111663818359375,0.697206618846329,1084.230224609375,0.05855840444564819,1084.230224609375
3556,18.015832901000977,55.61000061035156,0.662546915637253,1089.2939453125,0.04806333780288696,1089.2939453125
3557,18.169166564941406,53.440834045410156,0.6535750390284435,1096.7242431640625,0.04347154498100281,1096.7242431640625
3558,18.108333587646484,50.36750030517578,0.6501879406050362,1130.7398681640625,0.053240031003952026,1130.7398681640625
3559,17.633333206176758,53.96083450317383,0.6579743703215715,1092.6365966796875,0.04658791422843933,1092.6365966796875
3560,18.364999771118164,55.72999572753906,0.6503082205254648,1113.9617919921875,0.058430761098861694,1113.9617919921875
3561,18.696666717529297,58.929996490478516,0.662737901867255,1063.895263671875,0.048557430505752563,1063.895263671875
3562,17.823333740234375,50.421669006347656,0.6657669883990288,1122.3515625,0.05490082502365112,1122.3515625
3563,18.008333206176758,52.416664123535156,0.6968082169500048,1098.897216796875,0.05724772810935974,1098.897216796875
3564,18.399166107177734,57.59749984741211,0.6596694812627852,1083.979736328125,0.05556944012641907,1083.979736328125
3565,17.802501678466797,46.244998931884766,0.673863760770314,1099.9588623046875,0.04637551307678223,1099.9588623046875
3566,18.67166519165039,53.8316650390625,0.6728375825855656,1095.9407958984375,0.05743470788002014,1095.9407958984375
3567,18.32666778564453,49.99666976928711,0.6413961583688669,1076.5587158203125,0.051959604024887085,1076.5587158203125
3568,17.642499923706055,51.330833435058594,0.6381019379409265,1079.8863525390625,0.04876863956451416,1079.8863525390625
3569,18.052499771118164,54.07917022705078,0.6547302477906428,1091.7921142578125,0.0479280948638916,1091.7921142578125
3570,17.880001068115234,49.5775032043457,0.6870138269554871,1073.17431640625,0.0543665885925293,1073.17431640625
3571,17.620832443237305,48.68499755859375,0.6516849445813612,1108.028076171875,0.057215332984924316,1108.028076171875
3572,17.894166946411133,46.746665954589844,0.707514721677076,1115.7216796875,0.05424341559410095,1115.7216796875
3573,18.638334274291992,56.124168395996094,0.6638835090180149,1122.247314453125,0.052405595779418945,1122.247314453125
3574,17.955833435058594,50.36583709716797,0.6511951371002358,1130.34326171875,0.06411808729171753,1130.34326171875
3575,17.91083335876465,48.665000915527344,0.6646332370064973,1122.0863037109375,0.06215587258338928,1122.0863037109375
3576,17.782501220703125,44.692501068115234,0.6577373489103006,1156.1343994140625,0.055208414793014526,1156.1343994140625
3577,18.211668014526367,54.33250045776367,0.6620187120895755,1093.8590087890625,0.052410125732421875,1093.8590087890625
3578,18.179166793823242,58.07250213623047,0.6183602403836957,1075.9501953125,0.05931463837623596,1075.9501953125
3579,17.968332290649414,48.63916778564453,0.6827630262728026,1129.5750732421875,0.06008744239807129,1129.5750732421875
3580,18.17249870300293,50.18000030517578,0.6528676905478019,1087.3067626953125,0.05255502462387085,1087.3067626953125
3581,18.128334045410156,50.90500259399414,0.6491391389923968,1140.7911376953125,0.051191121339797974,1140.7911376953125
3582,18.3608341217041,50.688331604003906,0.6721347014600078,1088.668212890625,0.05070194602012634,1088.668212890625
3583,18.108333587646484,53.848331451416016,0.662512657546155,1063.28466796875,0.051392316818237305,1063.28466796875
3584,17.990833282470703,54.82416915893555,0.6694205595173602,1083.5701904296875,0.059314459562301636,1083.5701904296875
3585,18.12416648864746,53.24166488647461,0.6418488795315174,1112.0614013671875,0.05726593732833862,1112.0614013671875
3586,18.501667022705078,55.4283332824707,0.6929106216499064,1088.9931640625,0.051473408937454224,1088.9931640625
3587,18.539165496826172,52.967498779296875,0.6155637666756477,1105.2763671875,0.05218765139579773,1105.2763671875
3588,18.287500381469727,50.74333572387695,0.6495073645955289,1094.9295654296875,0.06375390291213989,1094.9295654296875
3589,18.050832748413086,53.214168548583984,0.6521003356616752,1070.86328125,0.047515690326690674,1070.86328125
3590,18.21500015258789,52.33749771118164,0.6753248244997968,1104.026123046875,0.052721887826919556,1104.026123046875
3591,17.84833335876465,49.709999084472656,0.6747743297604434,1109.5850830078125,0.058484166860580444,1109.5850830078125
3592,18.4233341217041,55.501670837402344,0.6455311337243459,1101.1710205078125,0.0543137788772583,1101.1710205078125
3593,18.383333206176758,54.30083465576172,0.6654071432397091,1116.421630859375,0.04987424612045288,1116.421630859375
3594,18.60416603088379,56.67916488647461,0.657879302027637,1097.0762939453125,0.0570773184299469,1097.0762939453125
3595,18.26249885559082,53.739166259765625,0.6613124806421051,1101.61767578125,0.046904534101486206,1101.61767578125
3596,18.7358341217041,51.3941650390625,0.6540157625219025,1103.14990234375,0.04902541637420654,1103.14990234375
3597,18.516666412353516,52.820831298828125,0.6989401677500785,1112.41162109375,0.044968217611312866,1112.41162109375
3598,18.619165420532227,60.82999801635742,0.6535434389713082,1073.79248046875,0.06663244962692261,1073.79248046875
3599,18.508333206176758,51.82583236694336,0.6461996807409961,1124.6097412109375,0.06816470623016357,1124.6097412109375
3600,17.941667556762695,45.68166732788086,0.6918376255778099,1118.003173828125,0.08485105633735657,1118.003173828125
3601,18.331666946411133,55.33583068847656,0.6825811682342966,1063.174072265625,0.05073070526123047,1063.174072265625
3602,18.619165420532227,52.50833511352539,0.6982707016069469,1096.5498046875,0.05397781729698181,1096.5498046875
3603,18.864166259765625,59.49583053588867,0.6591969975744203,1089.5010986328125,0.050320327281951904,1089.5010986328125
3604,18.545000076293945,57.35499954223633,0.7022041105738029,1091.35009765625,0.04675012826919556,1091.35009765625
3605,18.475833892822266,50.05249786376953,0.6977203806942001,1118.3951416015625,0.06105735898017883,1118.3951416015625
3606,18.06333351135254,55.28666305541992,0.6759554932131907,1086.41943359375,0.054452210664749146,1086.41943359375
3607,18.446666717529297,52.61333465576172,0.6572058701629389,1088.7235107421875,0.05522274971008301,1088.7235107421875
3608,18.453332901000977,55.875831604003906,0.667005293391303,1051.18896484375,0.0639716386795044,1051.18896484375
3609,18.565000534057617,57.53416442871094,0.6938694813179256,1113.8133544921875,0.05163922905921936,1113.8133544921875
3610,17.959999084472656,50.26749801635742,0.6999336741140434,1099.9876708984375,0.050969213247299194,1099.9876708984375
3611,18.09749984741211,53.592498779296875,0.6762227923682957,1053.206787109375,0.05937802791595459,1053.206787109375
3612,17.445833206176758,51.56333541870117,0.6468070489572876,1116.282470703125,0.06166356801986694,1116.282470703125
3613,18.45166778564453,53.022499084472656,0.668347285091029,1065.5096435546875,0.05302754044532776,1065.5096435546875
3614,18.1924991607666,53.55416488647461,0.7193411441154703,1097.7353515625,0.05611532926559448,1097.7353515625
3615,18.43166732788086,53.000831604003906,0.691192303855827,1093.4713134765625,0.05797308683395386,1093.4713134765625
3616,18.03416633605957,52.007503509521484,0.6822540893435138,1099.4669189453125,0.054495036602020264,1099.4669189453125
3617,18.467498779296875,54.87999725341797,0.6835092968827663,1083.1046142578125,0.05538782477378845,1083.1046142578125
3618,18.418333053588867,56.916664123535156,0.6861303486061294,1099.6533203125,0.0616070032119751,1099.6533203125
3619,17.991666793823242,53.084999084472656,0.6769959749463843,1097.462158203125,0.052104800939559937,1097.462158203125
3620,18.383333206176758,51.42166519165039,0.7001785066153863,1087.6419677734375,0.06696024537086487,1087.6419677734375
3621,17.746665954589844,51.37916946411133,0.6382392400105361,1115.831298828125,0.06127244234085083,1115.831298828125
3622,18.400833129882812,50.182498931884766,0.6847687520965009,1056.9049072265625,0.060769110918045044,1056.9049072265625
3623,18.584999084472656,52.26166915893555,0.6976127163132257,1106.772216796875,0.05883842706680298,1106.772216796875
3624,18.307498931884766,53.47249984741211,0.646528168992085,1097.5723876953125,0.06324580311775208,1097.5723876953125
3625,18.5,57.79499816894531,0.6592505805622664,1114.088623046875,0.05857241153717041,1114.088623046875
3626,17.875,52.010833740234375,0.6316214309673973,1121.550537109375,0.0522938072681427,1121.550537109375
3627,17.996667861938477,51.56583023071289,0.6848438906694123,1106.7935791015625,0.05687031149864197,1106.7935791015625
3628,18.543333053588867,54.041664123535156,0.696338595308335,1095.6796875,0.05467122793197632,1095.6796875
3629,18.991666793823242,57.54083251953125,0.6947043655919133,1141.7742919921875,0.04587772488594055,1141.7742919921875
3630,17.895000457763672,54.22166442871094,0.6951536249749619,1076.090576171875,0.04900473356246948,1076.090576171875
3631,18.174999237060547,54.942501068115234,0.6762088829945369,1158.325439453125,0.053798526525497437,1158.325439453125
3632,17.954999923706055,54.959999084472656,0.6264865682595254,1078.453369140625,0.05334937572479248,1078.453369140625
3633,18.024166107177734,50.40666580200195,0.6568762021224407,1126.3675537109375,0.05337601900100708,1126.3675537109375
3634,18.434999465942383,57.06083297729492,0.6767748592921714,1101.2352294921875,0.055126726627349854,1101.2352294921875
3635,18.05666732788086,54.60249710083008,0.6811828051929516,1087.7861328125,0.06269475817680359,1087.7861328125
3636,17.787500381469727,55.0908317565918,0.6755506059303407,1118.0518798828125,0.05274423956871033,1118.0518798828125
3637,18.482500076293945,55.81083297729492,0.67731656266051,1104.85205078125,0.04790714383125305,1104.85205078125
3638,18.281667709350586,52.42499542236328,0.6625914218158059,1072.5682373046875,0.05996260046958923,1072.5682373046875
3639,18.46416664123535,58.19166946411133,0.6456626440174839,1088.1162109375,0.05543529987335205,1088.1162109375
3640,18.079999923706055,52.75416564941406,0.6634551326259674,1104.0089111328125,0.04725655913352966,1104.0089111328125
3641,18.397499084472656,54.8025016784668,0.6523753235131866,1094.4940185546875,0.04821217060089111,1094.4940185546875
3642,18.15916633605957,49.40083312988281,0.6818783296537134,1083.2220458984375,0.049538493156433105,1083.2220458984375
3643,18.342498779296875,50.445003509521484,0.6658972377529482,1098.7908935546875,0.056790173053741455,1098.7908935546875
3644,18.370834350585938,53.61166763305664,0.6550600729063168,1133.0137939453125,0.05622380971908569,1133.0137939453125
3645,18.157499313354492,56.4183349609375,0.6891192037836416,1115.4671630859375,0.05472677946090698,1115.4671630859375
3646,18.905834197998047,54.848331451416016,0.6697178250337439,1098.3260498046875,0.0536113977432251,1098.3260498046875
3647,18.72166633605957,54.10166549682617,0.6791016425920648,1124.81787109375,0.05787971615791321,1124.81787109375
3648,18.86833381652832,53.45916748046875,0.6611996660470107,1100.2867431640625,0.0500655472278595,1100.2867431640625
3649,17.957500457763672,53.633331298828125,0.7189289100379669,1115.3895263671875,0.05036097764968872,1115.3895263671875
3650,17.84833335876465,47.91166687011719,0.7101543137541944,1084.0135498046875,0.06022098660469055,1084.0135498046875
3651,18.69916534423828,56.75166702270508,0.659520395739439,1073.465576171875,0.056352317333221436,1073.465576171875
3652,18.131668090820312,51.584999084472656,0.63704062820102,1123.9342041015625,0.055942267179489136,1123.9342041015625
3653,18.460834503173828,57.49916458129883,0.6902922468841115,1091.08251953125,0.05335521697998047,1091.08251953125
3654,17.856666564941406,53.8658332824707,0.6626504244659114,1059.426513671875,0.05153614282608032,1059.426513671875
3655,18.260833740234375,51.045833587646484,0.6568966349845597,1129.230712890625,0.059979647397994995,1129.230712890625
3656,18.247499465942383,48.61166763305664,0.6948581301433061,1115.3345947265625,0.05374225974082947,1115.3345947265625
3657,17.713333129882812,46.90666961669922,0.6643733616206783,1120.6534423828125,0.06004989147186279,1120.6534423828125
3658,18.239999771118164,53.52916717529297,0.7130272647395217,1084.098388671875,0.049991875886917114,1084.098388671875
3659,18.56999969482422,50.41499710083008,0.6822469569912413,1103.8076171875,0.05594682693481445,1103.8076171875
3660,18.566665649414062,53.62833023071289,0.6987372644932066,1118.312255859375,0.06551370024681091,1118.312255859375
3661,18.20166778564453,49.65083312988281,0.6542271447555211,1128.6629638671875,0.05292811989784241,1128.6629638671875
3662,18.30583381652832,50.244998931884766,0.6929485746363415,1097.54833984375,0.06081277132034302,1097.54833984375
3663,18.15833282470703,57.068336486816406,0.698078560659832,1098.462158203125,0.05058428645133972,1098.462158203125
3664,18.391666412353516,52.35333251953125,0.6914776921685789,1104.7535400390625,0.06359389424324036,1104.7535400390625
3665,17.875,47.42583465576172,0.6694033135729849,1114.0308837890625,0.054224103689193726,1114.0308837890625
3666,17.588333129882812,47.68583297729492,0.6688977406304986,1107.51611328125,0.05949223041534424,1107.51611328125
3667,18.282499313354492,53.9466667175293,0.6971004310473033,1100.5323486328125,0.0464651882648468,1100.5323486328125
3668,18.11166763305664,49.5966682434082,0.6336076171578948,1099.1925048828125,0.07080769538879395,1099.1925048828125
3669,18.400833129882812,51.329166412353516,0.6684408258363992,1116.2830810546875,0.05389761924743652,1116.2830810546875
3670,18.00749969482422,54.27250289916992,0.6544985989984777,1099.2579345703125,0.0521276593208313,1099.2579345703125
3671,18.030832290649414,49.57083511352539,0.6362506576492153,1107.83642578125,0.04899933934211731,1107.83642578125
3672,18.12583351135254,53.93416976928711,0.6828736011048067,1096.59228515625,0.048147886991500854,1096.59228515625
3673,18.209999084472656,44.94166564941406,0.6482707450289453,1078.68212890625,0.07208326458930969,1078.68212890625
3674,18.44333267211914,55.34499740600586,0.6692272490976532,1097.0152587890625,0.05690816044807434,1097.0152587890625
3675,18.225833892822266,59.119163513183594,0.6714499506566983,1093.6192626953125,0.06673988699913025,1093.6192626953125
3676,18.309167861938477,57.52000045776367,0.6428480632803366,1131.73486328125,0.06240418553352356,1131.73486328125
3677,18.269166946411133,53.54499816894531,0.6464629825466479,1098.8365478515625,0.04908868670463562,1098.8365478515625
3678,18.104167938232422,48.18916702270508,0.6327680729288192,1049.764404296875,0.06361478567123413,1049.764404296875
3679,17.815832138061523,49.54833221435547,0.6799307662094629,1127.4404296875,0.08293712139129639,1127.4404296875
3680,18.459999084472656,53.9908332824707,0.675198501004789,1129.67529296875,0.0570259690284729,1129.67529296875
3681,18.816665649414062,58.064998626708984,0.6675992306738155,1081.1351318359375,0.06014910340309143,1081.1351318359375
3682,17.913333892822266,51.46500015258789,0.66895991010343,1117.5535888671875,0.058594197034835815,1117.5535888671875
3683,18.164167404174805,53.200836181640625,0.6096931769978207,1060.052001953125,0.07285717129707336,1060.052001953125
3684,18.90999984741211,59.87666702270508,0.6919524716546366,1110.6717529296875,0.0700911283493042,1110.6717529296875
3685,18.32499885559082,55.51750183105469,0.6840345804586488,1093.0643310546875,0.06930539011955261,1093.0643310546875
3686,18.475000381469727,53.93083190917969,0.6949243036295442,1081.529541015625,0.05288812518119812,1081.529541015625
3687,18.183332443237305,57.02750015258789,0.6313593409927368,1108.6146240234375,0.056292951107025146,1108.6146240234375
3688,18.301668167114258,48.16583251953125,0.6722911524779929,1086.1956787109375,0.06573382019996643,1086.1956787109375
3689,17.669166564941406,48.27916717529297,0.6550590326636222,1135.5335693359375,0.054475486278533936,1135.5335693359375
3690,17.645000457763672,52.8125,0.6426494085284432,1148.8956298828125,0.07224810123443604,1148.8956298828125
3691,18.060832977294922,53.94166564941406,0.6299835783732202,1114.13916015625,0.0566193163394928,1114.13916015625
3692,18.168333053588867,52.003334045410156,0.6535211133376339,1107.799560546875,0.04451051354408264,1107.799560546875
3693,18.3608341217041,56.5908317565918,0.6726878812922348,1081.5040283203125,0.05481463670730591,1081.5040283203125
3694,18.274999618530273,51.329166412353516,0.6617814366188748,1098.5584716796875,0.043475568294525146,1098.5584716796875
3695,18.386667251586914,53.46833419799805,0.6585321721257122,1108.383056640625,0.05467823147773743,1108.383056640625
3696,17.84583282470703,47.378334045410156,0.6851310022733279,1114.4638671875,0.057929664850234985,1114.4638671875
3697,18.3799991607666,55.1966667175293,0.6526609238085952,1084.146728515625,0.0518127977848053,1084.146728515625
3698,17.954999923706055,48.40583038330078,0.6771081305484481,1091.25390625,0.06727957725524902,1091.25390625
3699,18.502500534057617,55.171669006347656,0.6660671378424695,1088.698974609375,0.05484819412231445,1088.698974609375
3700,17.975833892822266,50.854164123535156,0.6947676624524864,1128.3389892578125,0.046551018953323364,1128.3389892578125
3701,18.637500762939453,62.54666519165039,0.6603722065323182,1089.0020751953125,0.06461364030838013,1089.0020751953125
3702,18.31999969482422,51.26666259765625,0.6498670012290588,1117.916748046875,0.05508890748023987,1117.916748046875
3703,18.281667709350586,51.807498931884766,0.6879260675784091,1095.6429443359375,0.07296383380889893,1095.6429443359375
3704,18.081666946411133,44.39833450317383,0.6719025568443967,1078.980224609375,0.06361633539199829,1078.980224609375
3705,18.177499771118164,53.90083312988281,0.6581367743387255,1143.1883544921875,0.06249675154685974,1143.1883544921875
3706,18.529998779296875,49.04666519165039,0.6950959606315017,1105.5242919921875,0.04254356026649475,1105.5242919921875
3707,18.76583480834961,56.95166778564453,0.6414634304005074,1116.415283203125,0.057742953300476074,1116.415283203125
3708,18.381668090820312,57.022499084472656,0.6943696829259944,1066.51123046875,0.056224554777145386,1066.51123046875
3709,18.01333236694336,54.059165954589844,0.6916307893526925,1102.2664794921875,0.05812749266624451,1102.2664794921875
3710,18.450834274291992,53.38666534423828,0.6804432441394185,1105.23828125,0.055738985538482666,1105.23828125
3711,18.63249969482422,57.21416473388672,0.6757098797083217,1103.5032958984375,0.050792813301086426,1103.5032958984375
3712,18.40999984741211,54.77583312988281,0.6852752534894152,1118.5352783203125,0.05024048686027527,1118.5352783203125
3713,17.802501678466797,51.41749954223633,0.6558006764178038,1096.4443359375,0.05518144369125366,1096.4443359375
3714,18.16583251953125,51.9658317565918,0.7080178631059255,1096.7032470703125,0.04406076669692993,1096.7032470703125
3715,17.789167404174805,44.082496643066406,0.6470860924350433,1096.4139404296875,0.06316262483596802,1096.4139404296875
3716,18.22749900817871,51.38333511352539,0.6936803391018647,1065.35107421875,0.05856144428253174,1065.35107421875
3717,18.658334732055664,59.415836334228516,0.6918002431386926,1087.3443603515625,0.05433347821235657,1087.3443603515625
3718,18.412500381469727,54.921669006347656,0.7191352520730915,1077.0594482421875,0.05028808116912842,1077.0594482421875
3719,18.363332748413086,53.1783332824707,0.7198752119777839,1111.9595947265625,0.04794067144393921,1111.9595947265625
3720,18.064167022705078,50.22666549682617,0.6984305360470482,1096.1248779296875,0.055644720792770386,1096.1248779296875
3721,17.71000099182129,47.22749710083008,0.687654968809376,1146.4434814453125,0.058502197265625,1146.4434814453125
3722,17.864999771118164,51.34833526611328,0.7020532420309611,1112.513671875,0.053695738315582275,1112.513671875
3723,17.58916664123535,45.76166534423828,0.6804607984136588,1117.0802001953125,0.057698339223861694,1117.0802001953125
3724,18.351667404174805,49.04999923706055,0.6532064720463353,1117.3997802734375,0.058075934648513794,1117.3997802734375
3725,19.065000534057617,57.081668853759766,0.6982752025935846,1129.798095703125,0.05479550361633301,1129.798095703125
3726,18.547500610351562,53.34333038330078,0.6659154037663666,1069.5091552734375,0.05493283271789551,1069.5091552734375
3727,18.452499389648438,53.0341682434082,0.6936858992825374,1116.2340087890625,0.05321305990219116,1116.2340087890625
3728,17.990833282470703,48.81416702270508,0.6629876729454547,1110.301025390625,0.06193917989730835,1110.301025390625
3729,18.09583282470703,51.39500045776367,0.722535661811851,1128.5113525390625,0.052225708961486816,1128.5113525390625
3730,18.435832977294922,51.80833435058594,0.6468400028154477,1090.5572509765625,0.05633962154388428,1090.5572509765625
3731,17.622501373291016,48.74583053588867,0.6268834327338481,1122.607421875,0.07327166199684143,1122.607421875
3732,17.929166793823242,52.69667053222656,0.7054041939635874,1138.11181640625,0.05427271127700806,1138.11181640625
3733,18.36833381652832,54.18333435058594,0.7026919959004224,1071.159423828125,0.057686060667037964,1071.159423828125
3734,18.3608341217041,53.342498779296875,0.6850603123414122,1093.754638671875,0.06380271911621094,1093.754638671875
3735,17.668333053588867,56.8558349609375,0.651494407875247,1086.794189453125,0.05586603283882141,1086.794189453125
3736,18.638334274291992,54.896663665771484,0.7024233321747356,1073.489990234375,0.046687930822372437,1073.489990234375
3737,18.16499900817871,50.06083297729492,0.6926898608682549,1129.91845703125,0.07502853870391846,1129.91845703125
3738,17.91083335876465,54.65583038330078,0.6950090524551054,1114.036865234375,0.051029473543167114,1114.036865234375
3739,18.530834197998047,49.811668395996094,0.663629959044413,1115.481201171875,0.0620608925819397,1115.481201171875
3740,17.845001220703125,49.89833068847656,0.6725561666616557,1069.8636474609375,0.050243109464645386,1069.8636474609375
3741,17.955833435058594,54.586666107177734,0.6631604444849784,1100.58056640625,0.06639659404754639,1100.58056640625
3742,18.22083282470703,48.15250015258789,0.6282580559146185,1145.892578125,0.05841347575187683,1145.892578125
3743,18.46416664123535,54.0099983215332,0.7120168980194375,1090.677978515625,0.047159433364868164,1090.677978515625
3744,18.411666870117188,53.88749694824219,0.7118127100382701,1106.85693359375,0.04860973358154297,1106.85693359375
3745,18.605833053588867,50.28916549682617,0.6719193946966222,1144.98046875,0.04629695415496826,1144.98046875
3746,18.355833053588867,53.10749816894531,0.6687895268194766,1116.70068359375,0.044792354106903076,1116.70068359375
3747,18.365833282470703,55.63666915893555,0.6960762842752093,1096.0411376953125,0.043634235858917236,1096.0411376953125
3748,18.06916618347168,48.910831451416016,0.6841375110164138,1148.4786376953125,0.05618244409561157,1148.4786376953125
3749,17.969999313354492,47.701663970947266,0.6943327476699664,1093.4886474609375,0.06705924868583679,1093.4886474609375
3750,17.933332443237305,50.19333267211914,0.6532281461661412,1115.526611328125,0.0566367506980896,1115.526611328125
3751,18.658334732055664,54.9375,0.6663300432277033,1076.939697265625,0.05639839172363281,1076.939697265625
3752,18.47916603088379,54.421669006347656,0.6949844210341027,1093.1904296875,0.05799365043640137,1093.1904296875
3753,17.851667404174805,54.23332977294922,0.6445265775720952,1081.0814208984375,0.04985100030899048,1081.0814208984375
3754,18.183332443237305,52.51499938964844,0.684208436064217,1112.0582275390625,0.05145415663719177,1112.0582275390625
3755,17.817501068115234,52.29750442504883,0.6771776455546028,1053.0780029296875,0.062084048986434937,1053.0780029296875
3756,17.96416664123535,49.34000015258789,0.6315413978653833,1111.058349609375,0.052535682916641235,1111.058349609375
3757,18.13749885559082,50.92499923706055,0.7216829100392593,1100.8043212890625,0.05343267321586609,1100.8043212890625
3758,18.229167938232422,52.58250427246094,0.6826433170433537,1080.9539794921875,0.05815774202346802,1080.9539794921875
3759,17.956666946411133,52.6683349609375,0.6647353985124175,1083.869384765625,0.045982956886291504,1083.869384765625
3760,17.921667098999023,50.88083267211914,0.669780107014338,1122.2589111328125,0.058904409408569336,1122.2589111328125
3761,18.531665802001953,59.067501068115234,0.6925566144338499,1069.9990234375,0.06243616342544556,1069.9990234375
3762,17.90166664123535,49.59250259399414,0.6616854516888323,1096.1295166015625,0.06788778305053711,1096.1295166015625
3763,18.456666946411133,56.973331451416016,0.6562804520766675,1068.876220703125,0.051245540380477905,1068.876220703125
3764,17.887500762939453,48.114166259765625,0.7068866357705192,1103.144287109375,0.06671664118766785,1103.144287109375
3765,18.053333282470703,50.510833740234375,0.6769105723515183,1115.685791015625,0.05745705962181091,1115.685791015625
3766,17.885000228881836,51.364166259765625,0.6879146435764425,1105.8551025390625,0.04847902059555054,1105.8551025390625
3767,17.887500762939453,49.73666763305664,0.6988784685759012,1083.0714111328125,0.04556119441986084,1083.0714111328125
3768,18.24416732788086,49.80416488647461,0.6974705565665684,1107.4539794921875,0.04980161786079407,1107.4539794921875
3769,17.895832061767578,51.86750411987305,0.7008089401287747,1123.66845703125,0.047609806060791016,1123.66845703125
3770,17.940832138061523,46.856666564941406,0.6668349009054548,1071.6771240234375,0.06123986840248108,1071.6771240234375
3771,18.274168014526367,52.82916259765625,0.6898795210599032,1085.8516845703125,0.04595482349395752,1085.8516845703125
3772,18.344167709350586,52.97333526611328,0.723243513644543,1077.2076416015625,0.053503990173339844,1077.2076416015625
3773,18.185832977294922,52.021663665771484,0.7072158530605566,1094.4300537109375,0.04585224390029907,1094.4300537109375
3774,18.416667938232422,54.75749969482422,0.6628823169659078,1092.0975341796875,0.049254029989242554,1092.0975341796875
3775,17.75,45.6341667175293,0.6572853079367544,1103.16845703125,0.05179595947265625,1103.16845703125
3776,18.18666648864746,52.76499938964844,0.7007102108882982,1095.0377197265625,0.05779534578323364,1095.0377197265625
3777,18.90250015258789,56.47833251953125,0.6820695093200625,1088.001953125,0.0544428825378418,1088.001953125
3778,18.122499465942383,52.54833221435547,0.6856251115899206,1081.6419677734375,0.06771689653396606,1081.6419677734375
3779,18.725000381469727,56.885833740234375,0.6667779194353736,1074.3363037109375,0.0612865686416626,1074.3363037109375
3780,18.147499084472656,54.70083236694336,0.6402960242273528,1048.8426513671875,0.060185641050338745,1048.8426513671875
3781,18.344167709350586,54.179168701171875,0.6893993215655272,1095.3955078125,0.049704283475875854,1095.3955078125
3782,17.927499771118164,53.90083312988281,0.673279352997054,1075.2969970703125,0.042880862951278687,1075.2969970703125
3783,17.725831985473633,50.88249969482422,0.6853087487856346,1108.263671875,0.0479031503200531,1108.263671875
3784,19.0766658782959,56.23833465576172,0.6753791435021596,1108.2689208984375,0.055510103702545166,1108.2689208984375
3785,18.219999313354492,56.69166564941406,0.6821799055983355,1103.052734375,0.04596903920173645,1103.052734375
3786,18.212499618530273,56.676666259765625,0.64850168548706,1090.13330078125,0.05409824848175049,1090.13330078125
3787,18.371667861938477,50.397499084472656,0.6801081866077092,1077.830322265625,0.0520208477973938,1077.830322265625
3788,17.613332748413086,49.810001373291016,0.6784279221634602,1117.1851806640625,0.05843150615692139,1117.1851806640625
3789,18.190834045410156,56.62083435058594,0.7078057194194088,1065.3494873046875,0.04694965481758118,1065.3494873046875
3790,18.880834579467773,58.44667053222656,0.6543237057066212,1088.0020751953125,0.04950755834579468,1088.0020751953125
3791,18.428333282470703,54.28333282470703,0.6913201876670434,1106.16748046875,0.049151867628097534,1106.16748046875
3792,18.203332901000977,52.31666564941406,0.6964099423218936,1063.627197265625,0.052212536334991455,1063.627197265625
3793,18.82416534423828,60.14249801635742,0.6976260893007702,1066.6607666015625,0.0599038302898407,1066.6607666015625
3794,18.176668167114258,51.95500183105469,0.6810048918045633,1103.5704345703125,0.07049176096916199,1103.5704345703125
3795,17.949167251586914,48.88999938964844,0.6926718626566429,1095.91650390625,0.05563440918922424,1095.91650390625
3796,17.977500915527344,52.9375,0.6915944338395801,1085.1771240234375,0.05122259259223938,1085.1771240234375
3797,18.224998474121094,57.87166976928711,0.6949241946013535,1093.0062255859375,0.057915300130844116,1093.0062255859375
3798,18.023332595825195,52.165836334228516,0.7107075983199398,1098.0770263671875,0.06531736254692078,1098.0770263671875
3799,18.010833740234375,50.98749923706055,0.6909374266495898,1087.6544189453125,0.04534834623336792,1087.6544189453125
3800,18.395000457763672,60.654170989990234,0.6867925208303753,1065.5699462890625,0.058213502168655396,1065.5699462890625
3801,18.204999923706055,51.095001220703125,0.6659185016302954,1115.237548828125,0.06597590446472168,1115.237548828125
3802,18.543333053588867,57.03916549682617,0.6697463888082469,1055.9287109375,0.046995460987091064,1055.9287109375
3803,18.189998626708984,50.95083236694336,0.643498251704695,1116.8797607421875,0.056421518325805664,1116.8797607421875
3804,18.24250030517578,50.89500045776367,0.6777102721857446,1106.0999755859375,0.05252280831336975,1106.0999755859375
3805,18.078332901000977,54.11666488647461,0.6850145273992879,1132.874267578125,0.05084669589996338,1132.874267578125
3806,18.18833351135254,50.11916732788086,0.7126938564322723,1103.833740234375,0.07379016280174255,1103.833740234375
3807,18.09000015258789,55.07083511352539,0.6769836015344903,1077.180908203125,0.04925304651260376,1077.180908203125
3808,18.6108341217041,55.51750183105469,0.6613933057494884,1066.204833984375,0.04732564091682434,1066.204833984375
3809,18.47166633605957,53.94166564941406,0.7350930092692083,1100.8272705078125,0.04897421598434448,1100.8272705078125
3810,17.546667098999023,51.057498931884766,0.7108345062258498,1095.891845703125,0.055210769176483154,1095.891845703125
3811,18.107500076293945,49.58583450317383,0.6803147705399033,1157.7822265625,0.05633735656738281,1157.7822265625
3812,18.693334579467773,55.30999755859375,0.7371922146764048,1109.90087890625,0.0491374135017395,1109.90087890625
3813,18.434999465942383,56.35750198364258,0.6800729928622194,1078.4700927734375,0.061745524406433105,1078.4700927734375
3814,18.60916519165039,55.42583465576172,0.6645341159193021,1060.1671142578125,0.06630879640579224,1060.1671142578125
3815,18.078332901000977,53.20500183105469,0.6753227304839504,1070.511474609375,0.051571011543273926,1070.511474609375
3816,18.06166648864746,52.419166564941406,0.6811505463528973,1071.361572265625,0.06490334868431091,1071.361572265625
3817,18.120832443237305,52.894996643066406,0.6576649719857723,1073.0009765625,0.04849234223365784,1073.0009765625
3818,17.99250030517578,50.98917007446289,0.6816823708634503,1109.1226806640625,0.056880027055740356,1109.1226806640625
3819,18.219999313354492,55.192501068115234,0.6977807246257097,1114.2972412109375,0.05220624804496765,1114.2972412109375
3820,18.5483341217041,54.97333526611328,0.6985311206960987,1060.087646484375,0.05599454045295715,1060.087646484375
3821,18.36166763305664,54.10000228881836,0.7129302273702636,1087.004638671875,0.049711406230926514,1087.004638671875
3822,17.877500534057617,49.06083297729492,0.6619499360127762,1094.604248046875,0.05347582697868347,1094.604248046875
3823,18.21500015258789,51.19916915893555,0.668806114339357,1055.384033203125,0.05565646290779114,1055.384033203125
3824,17.91583251953125,54.31416702270508,0.6887681991101888,1090.1441650390625,0.04830235242843628,1090.1441650390625
3825,17.989166259765625,54.37083435058594,0.6863481937849901,1125.705078125,0.05260813236236572,1125.705078125
3826,17.820833206176758,49.01250076293945,0.6671643602539465,1111.7900390625,0.04918429255485535,1111.7900390625
3827,18.22833251953125,55.17667007446289,0.710980458703105,1067.5084228515625,0.053416937589645386,1067.5084228515625
3828,18.717500686645508,54.32416915893555,0.6616306670336176,1100.934814453125,0.050612688064575195,1100.934814453125
3829,17.86250114440918,51.58833312988281,0.6481169564632261,1109.070556640625,0.07643768191337585,1109.070556640625
3830,18.264999389648438,54.834999084472656,0.6751281271879777,1102.8277587890625,0.05443006753921509,1102.8277587890625
3831,18.018333435058594,51.96750259399414,0.6494225957098229,1098.832275390625,0.048925429582595825,1098.832275390625
3832,18.4375,55.910831451416016,0.6849789096977366,1114.6475830078125,0.05170676112174988,1114.6475830078125
3833,18.412500381469727,52.13500213623047,0.6762924345917116,1112.0484619140625,0.05256742238998413,1112.0484619140625
3834,18.300832748413086,49.1783332824707,0.6455436662618168,1108.5430908203125,0.062285780906677246,1108.5430908203125
3835,17.872501373291016,50.82416534423828,0.6322087866244157,1096.26953125,0.06705066561698914,1096.26953125
3836,18.272499084472656,54.34583282470703,0.7104725941640401,1122.4351806640625,0.04436048865318298,1122.4351806640625
3837,18.47916603088379,53.48250198364258,0.6795146450341721,1106.26708984375,0.06787741184234619,1106.26708984375
3838,17.880001068115234,50.173336029052734,0.6685716528505586,1109.2745361328125,0.05791085958480835,1109.2745361328125
3839,18.37416648864746,54.82416915893555,0.6622066379930153,1090.194580078125,0.05206727981567383,1090.194580078125
3840,18.605833053588867,54.82500076293945,0.6721027892894917,1050.7357177734375,0.05490109324455261,1050.7357177734375
3841,18.260000228881836,52.56916809082031,0.6747636442307039,1129.84130859375,0.05292242765426636,1129.84130859375
3842,18.861665725708008,53.45166778564453,0.7148694932626859,1090.5062255859375,0.06286102533340454,1090.5062255859375
3843,18.357500076293945,48.519168853759766,0.659272899001571,1118.6722412109375,0.05963507294654846,1118.6722412109375
3844,18.18083381652832,46.83916473388672,0.7113330609487316,1125.771728515625,0.055873602628707886,1125.771728515625
3845,18.22333335876465,53.70166778564453,0.6952093997466711,1118.9847412109375,0.04484105110168457,1118.9847412109375
3846,18.176668167114258,53.855003356933594,0.6746168778853613,1094.288330078125,0.061585187911987305,1094.288330078125
3847,17.952499389648438,52.63582992553711,0.6957143680871383,1072.148193359375,0.05904841423034668,1072.148193359375
3848,18.519166946411133,57.14332962036133,0.6684470199846776,1091.9276123046875,0.045124828815460205,1091.9276123046875
3849,17.613332748413086,48.95916748046875,0.6960952898440229,1125.544921875,0.05668023228645325,1125.544921875
3850,18.099166870117188,56.9275016784668,0.7000270582790611,1110.16455078125,0.058690398931503296,1110.16455078125
3851,18.552499771118164,56.53666687011719,0.6876261109307247,1095.4036865234375,0.05118519067764282,1095.4036865234375
3852,18.156667709350586,55.09333801269531,0.6664914611329427,1086.7310791015625,0.0494132936000824,1086.7310791015625
3853,18.229167938232422,51.45000076293945,0.6472958063742014,1095.7630615234375,0.07054117321968079,1095.7630615234375
3854,18.11166763305664,51.832496643066406,0.6662028561574882,1073.429931640625,0.07165580987930298,1073.429931640625
3855,17.717500686645508,49.21833419799805,0.6800646389852146,1119.0406494140625,0.05986148118972778,1119.0406494140625
3856,18.33333396911621,55.29249954223633,0.6749346591851115,1095.7957763671875,0.06075933575630188,1095.7957763671875
3857,17.68833351135254,52.77333068847656,0.6796462743799434,1075.25439453125,0.051071345806121826,1075.25439453125
3858,17.239166259765625,50.44166564941406,0.6278023660502261,1093.630615234375,0.061423301696777344,1093.630615234375
3859,18.189167022705078,49.244998931884766,0.6535528640844447,1081.5634765625,0.061095356941223145,1081.5634765625
3860,18.174999237060547,51.45916748046875,0.6574943966329743,1097.7923583984375,0.04911187291145325,1097.7923583984375
3861,18.669166564941406,57.53499984741211,0.6791804403186256,1111.0567626953125,0.05087074637413025,1111.0567626953125
3862,18.209999084472656,51.7974967956543,0.6720253053499026,1109.3857421875,0.06738507747650146,1109.3857421875
3863,17.960832595825195,48.18666458129883,0.6659574328842259,1122.7823486328125,0.06980210542678833,1122.7823486328125
3864,18.57416534423828,58.84833526611328,0.6783588254680186,1085.856201171875,0.05199700593948364,1085.856201171875
3865,18.349166870117188,55.17667007446289,0.6840506596694349,1072.133544921875,0.06272289156913757,1072.133544921875
3866,18.002500534057617,54.97333526611328,0.6866512822091286,1108.4549560546875,0.042474567890167236,1108.4549560546875
3867,17.963333129882812,54.29999923706055,0.6862524790116195,1115.268310546875,0.05157732963562012,1115.268310546875
3868,18.157499313354492,49.00583267211914,0.6841997160520135,1089.447265625,0.061366379261016846,1089.447265625
3869,18.231666564941406,50.772499084472656,0.6898724425816611,1100.4775390625,0.04919961094856262,1100.4775390625
3870,17.954999923706055,53.524166107177734,0.6763639640203645,1092.109375,0.05775555968284607,1092.109375
3871,17.844167709350586,45.695831298828125,0.6537015361134297,1131.11279296875,0.061981648206710815,1131.11279296875
3872,18.46583366394043,52.3216667175293,0.693013924543959,1092.363525390625,0.04777565598487854,1092.363525390625
3873,17.510000228881836,53.157501220703125,0.6879292579734655,1097.552978515625,0.06293615698814392,1097.552978515625
3874,18.239999771118164,51.95000076293945,0.690938618931826,1090.609619140625,0.053002744913101196,1090.609619140625
3875,17.832500457763672,52.41167068481445,0.6859134133325007,1111.7510986328125,0.04858642816543579,1111.7510986328125
3876,18.210832595825195,49.915000915527344,0.6912122888703149,1084.99072265625,0.0515533983707428,1084.99072265625
3877,18.15833282470703,55.4466667175293,0.6958373464721378,1089.841064453125,0.051014453172683716,1089.841064453125
3878,18.274168014526367,56.10499954223633,0.70629387995375,1062.3177490234375,0.05184909701347351,1062.3177490234375
3879,18.078332901000977,50.540836334228516,0.7040349961997854,1121.9696044921875,0.06634312868118286,1121.9696044921875
3880,18.815834045410156,57.73833465576172,0.6943094817349545,1046.7833251953125,0.045762598514556885,1046.7833251953125
3881,17.36833381652832,47.801666259765625,0.6795560531759066,1138.0833740234375,0.0633617639541626,1138.0833740234375
3882,18.0625,55.03083419799805,0.6711788821919086,1092.46630859375,0.05535975098609924,1092.46630859375
3883,17.626667022705078,49.2691650390625,0.6722669572734205,1112.63720703125,0.058811575174331665,1112.63720703125
3884,17.469165802001953,45.65333557128906,0.6724073879597431,1099.3507080078125,0.05155074596405029,1099.3507080078125
3885,17.979999542236328,55.538333892822266,0.6970510090133795,1105.6881103515625,0.0548647940158844,1105.6881103515625
3886,18.1108341217041,51.83416748046875,0.7134340600040379,1117.7916259765625,0.0507853627204895,1117.7916259765625
3887,18.09166717529297,51.42833709716797,0.683852088426548,1125.46240234375,0.06232643127441406,1125.46240234375
3888,18.434999465942383,46.6966667175293,0.6767240559219962,1106.4190673828125,0.04901954531669617,1106.4190673828125
3889,18.23666763305664,49.7158317565918,0.688695543228208,1103.134521484375,0.05284029245376587,1103.134521484375
3890,17.74416732788086,50.41166687011719,0.7034177656791607,1133.576416015625,0.050527483224868774,1133.576416015625
3891,17.748332977294922,46.837501525878906,0.7098072645046896,1080.1243896484375,0.04598262906074524,1080.1243896484375
3892,18.09083366394043,53.109169006347656,0.6684823541898804,1086.1256103515625,0.04975607991218567,1086.1256103515625
3893,18.358333587646484,55.646663665771484,0.6935265808009284,1103.8555908203125,0.05052730441093445,1103.8555908203125
3894,17.815000534057617,55.81083297729492,0.65837490340798,1079.552734375,0.05948996543884277,1079.552734375
3895,17.91583251953125,48.59916687011719,0.6697905630227085,1098.97509765625,0.07263502478599548,1098.97509765625
3896,17.94416618347168,55.47833251953125,0.7075749232902964,1074.6337890625,0.05298757553100586,1074.6337890625
3897,17.920833587646484,50.05083084106445,0.6956284370158081,1119.5091552734375,0.046656131744384766,1119.5091552734375
3898,17.884166717529297,47.630001068115234,0.6943459081815186,1097.8074951171875,0.04660150408744812,1097.8074951171875
3899,17.84166717529297,50.79833221435547,0.6947665819384217,1108.1729736328125,0.06952628493309021,1108.1729736328125
3900,18.03499984741211,56.15083694458008,0.697993807547901,1080.832275390625,0.05400070548057556,1080.832275390625
3901,17.926666259765625,49.20750045776367,0.6666858546966388,1097.475341796875,0.047029078006744385,1097.475341796875
3902,18.185832977294922,46.94916534423828,0.6948248528315041,1075.2921142578125,0.05628538131713867,1075.2921142578125
3903,18.29916763305664,49.67333221435547,0.6501348745765179,1095.2115478515625,0.050703734159469604,1095.2115478515625
3904,18.479999542236328,55.431663513183594,0.6530294432709721,1098.941650390625,0.04004552960395813,1098.941650390625
3905,18.058332443237305,53.78083419799805,0.688237889514012,1073.8907470703125,0.047346681356430054,1073.8907470703125
3906,17.592500686645508,51.842498779296875,0.6432384758644494,1092.8394775390625,0.05701151490211487,1092.8394775390625
3907,17.921667098999023,53.873329162597656,0.6679879271188133,1104.782470703125,0.055796414613723755,1104.782470703125
3908,17.828332901000977,51.734169006347656,0.6760386263183153,1087.6708984375,0.05590280890464783,1087.6708984375
3909,17.84833335876465,52.26499938964844,0.657274669196527,1123.6219482421875,0.04852324724197388,1123.6219482421875
3910,17.661666870117188,54.34916687011719,0.6884884755661915,1101.471923828125,0.05189919471740723,1101.471923828125
3911,17.95916748046875,49.776668548583984,0.661147442741632,1134.258056640625,0.057218194007873535,1134.258056640625
3912,17.5141658782959,52.20333480834961,0.6749250997750205,1088.23583984375,0.0600624680519104,1088.23583984375
3913,17.835832595825195,51.26583480834961,0.7156671338043004,1122.7567138671875,0.05250537395477295,1122.7567138671875
3914,18.49333381652832,57.11833190917969,0.6642340185050307,1107.3909912109375,0.05608326196670532,1107.3909912109375
3915,18.205833435058594,48.595001220703125,0.661103440101967,1101.4375,0.051675379276275635,1101.4375
3916,17.822500228881836,50.65666580200195,0.6655127394331257,1086.9483642578125,0.0575355589389801,1086.9483642578125
3917,18.122499465942383,56.22416687011719,0.669492945952981,1060.48828125,0.055820196866989136,1060.48828125
3918,17.775833129882812,55.33583068847656,0.6834364806733412,1090.9691162109375,0.04993167519569397,1090.9691162109375
3919,18.316667556762695,49.349998474121094,0.6801894442813549,1133.950439453125,0.0504738986492157,1133.950439453125
3920,17.864999771118164,46.13166809082031,0.6496163327344069,1084.8306884765625,0.08745747804641724,1084.8306884765625
3921,18.254167556762695,55.39249801635742,0.7008357073655563,1103.710205078125,0.056041419506073,1103.710205078125
3922,18.524166107177734,53.12166976928711,0.6736145919456215,1081.3126220703125,0.05180156230926514,1081.3126220703125
3923,18.69499969482422,58.116668701171875,0.6773955929590872,1063.4019775390625,0.06361138820648193,1063.4019775390625
3924,18.505834579467773,55.182498931884766,0.7304830547496375,1081.957275390625,0.05134144425392151,1081.957275390625
3925,18.56916618347168,57.34917068481445,0.6727253335128807,1079.1072998046875,0.04482641816139221,1079.1072998046875
3926,17.802501678466797,50.28166961669922,0.633272133574231,1092.264892578125,0.05236607789993286,1092.264892578125
3927,18.8558349609375,55.65250015258789,0.6911497440903023,1129.0640869140625,0.058274298906326294,1129.0640869140625
3928,18.247499465942383,59.750003814697266,0.6783405590691969,1092.70654296875,0.059091269969940186,1092.70654296875
3929,18.010833740234375,48.355831146240234,0.6766200619149301,1035.659912109375,0.060770392417907715,1035.659912109375
3930,18.16499900817871,50.64332962036133,0.6434114088574167,1085.4677734375,0.07113716006278992,1085.4677734375
3931,17.758333206176758,49.34916687011719,0.6639910356120098,1102.387939453125,0.0513303279876709,1102.387939453125
3932,17.755001068115234,49.817501068115234,0.6866008075358954,1120.3018798828125,0.05861175060272217,1120.3018798828125
3933,18.399166107177734,55.76000213623047,0.6973160223192889,1100.175537109375,0.05302107334136963,1100.175537109375
3934,17.84749984741211,46.473331451416016,0.6713984858426895,1115.981201171875,0.0520358681678772,1115.981201171875
3935,18.126667022705078,48.130001068115234,0.6904908275961839,1131.5218505859375,0.0668657124042511,1131.5218505859375
3936,18.570833206176758,55.24250411987305,0.7106210509772878,1087.822509765625,0.0433821976184845,1087.822509765625
3937,18.350000381469727,55.09250259399414,0.6488009929687728,1082.7469482421875,0.060357511043548584,1082.7469482421875
3938,18.475000381469727,51.93499755859375,0.6995992767228828,1076.3818359375,0.05350103974342346,1076.3818359375
3939,18.139999389648438,50.7833366394043,0.6896607481407973,1088.2510986328125,0.05616161227226257,1088.2510986328125
3940,17.808332443237305,46.79249954223633,0.654586323709963,1086.875,0.06329977512359619,1086.875
3941,18.462499618530273,48.90083312988281,0.6729381324996435,1092.995361328125,0.054529547691345215,1092.995361328125
3942,18.24333381652832,48.26250076293945,0.6695531062129585,1096.8004150390625,0.0504632294178009,1096.8004150390625
3943,18.03499984741211,50.733333587646484,0.6857522742611809,1082.8193359375,0.06427130103111267,1082.8193359375
3944,17.941667556762695,51.11083221435547,0.6798588817564564,1132.024658203125,0.05801272392272949,1132.024658203125
3945,18.585834503173828,55.90833282470703,0.6659715949379293,1057.8663330078125,0.0437643826007843,1057.8663330078125
3946,18.107500076293945,49.86750030517578,0.7011675791782198,1115.9208984375,0.0633685290813446,1115.9208984375
3947,18.552499771118164,52.73167037963867,0.6566644845103345,1047.441162109375,0.06702163815498352,1047.441162109375
3948,18.508333206176758,52.05833435058594,0.6578286805398188,1119.18896484375,0.04720646142959595,1119.18896484375
3949,18.3125,53.05416488647461,0.7109617620519598,1103.45263671875,0.051805734634399414,1103.45263671875
3950,18.050832748413086,52.025001525878906,0.6816652165693294,1093.736328125,0.06558123230934143,1093.736328125
3951,18.011667251586914,57.1683349609375,0.7021947055712033,1066.55908203125,0.05583670735359192,1066.55908203125
3952,18.603334426879883,52.570831298828125,0.6671027672532077,1105.6434326171875,0.050038546323776245,1105.6434326171875
3953,17.65833282470703,47.95333480834961,0.6766106272173784,1106.989501953125,0.046106040477752686,1106.989501953125
3954,17.942501068115234,51.919166564941406,0.6939105385484374,1081.87890625,0.05634826421737671,1081.87890625
3955,17.77916717529297,49.084999084472656,0.7324213311495441,1106.931396484375,0.0539344847202301,1106.931396484375
3956,17.849166870117188,50.287498474121094,0.6927325372690057,1091.138916015625,0.05313163995742798,1091.138916015625
3957,18.279998779296875,53.19583511352539,0.6716109988063466,1079.69775390625,0.051167696714401245,1079.69775390625
3958,17.941667556762695,48.4091682434082,0.6636892683073563,1098.6868896484375,0.06019851565361023,1098.6868896484375
3959,18.267499923706055,48.06166458129883,0.6520535388511635,1097.9937744140625,0.07456022500991821,1097.9937744140625
3960,18.04083251953125,55.3316650390625,0.6711837622109442,1071.076904296875,0.054389387369155884,1071.076904296875
3961,18.337499618530273,56.28166961669922,0.7034348989575936,1124.4356689453125,0.04474601149559021,1124.4356689453125
3962,18.65916633605957,50.973331451416016,0.6956726583995606,1098.2745361328125,0.04703366756439209,1098.2745361328125
3963,17.15250015258789,50.05000305175781,0.6714778791304159,1123.4991455078125,0.048324257135391235,1123.4991455078125
3964,18.274999618530273,52.413333892822266,0.6816150012875113,1109.1533203125,0.05336013436317444,1109.1533203125
3965,17.752500534057617,50.676666259765625,0.6698834927457331,1107.8040771484375,0.044914573431015015,1107.8040771484375
3966,18.915834426879883,58.50250244140625,0.6867045143940246,1065.51123046875,0.04540151357650757,1065.51123046875
3967,18.104999542236328,50.205833435058594,0.6755118389403728,1067.220458984375,0.048787444829940796,1067.220458984375
3968,18.052499771118164,57.187496185302734,0.7071462629191274,1075.044189453125,0.05334949493408203,1075.044189453125
3969,17.987499237060547,51.484169006347656,0.723101075388636,1077.250732421875,0.054897189140319824,1077.250732421875
3970,18.27750015258789,51.2591667175293,0.6829396745838673,1115.102294921875,0.04813021421432495,1115.102294921875
3971,18.619998931884766,55.470001220703125,0.6628364431895719,1077.301025390625,0.047779977321624756,1077.301025390625
3972,18.119998931884766,51.39333724975586,0.6615424652127861,1091.97265625,0.05255800485610962,1091.97265625
3973,17.926666259765625,52.76583480834961,0.6984059030822478,1106.205078125,0.06338420510292053,1106.205078125
3974,18.109167098999023,47.44166564941406,0.6811749449146756,1106.1221923828125,0.054661452770233154,1106.1221923828125
3975,18.328332901000977,56.67499923706055,0.7330796877103307,1088.7391357421875,0.04074707627296448,1088.7391357421875
3976,18.33333396911621,53.72666549682617,0.7075271952210742,1107.9359130859375,0.04762670397758484,1107.9359130859375
3977,17.512500762939453,46.647499084472656,0.6288865575014843,1093.80859375,0.06604576110839844,1093.80859375
3978,17.613332748413086,48.141666412353516,0.676121719234971,1108.8848876953125,0.059958815574645996,1108.8848876953125
3979,17.88083267211914,50.26083755493164,0.7112309939705392,1088.9091796875,0.05159732699394226,1088.9091796875
3980,17.64000129699707,44.53333282470703,0.6877404942046538,1094.7099609375,0.05333784222602844,1094.7099609375
3981,18.366666793823242,54.62333679199219,0.6803878206338329,1064.739013671875,0.04410436749458313,1064.739013671875
3982,18.170833587646484,47.84666442871094,0.6925208970011338,1134.8402099609375,0.05775389075279236,1134.8402099609375
3983,17.399999618530273,50.86833190917969,0.6507466315737157,1137.3011474609375,0.05441272258758545,1137.3011474609375
3984,17.913333892822266,56.102500915527344,0.7103332899414281,1066.162109375,0.053887009620666504,1066.162109375
3985,17.934999465942383,54.03916931152344,0.6636445956431831,1100.4371337890625,0.05211848020553589,1100.4371337890625
3986,17.72166633605957,46.494998931884766,0.6574286918336103,1111.2783203125,0.07341355085372925,1111.2783203125
3987,17.945833206176758,51.36083221435547,0.6738635960503156,1124.57275390625,0.05357035994529724,1124.57275390625
3988,18.520000457763672,58.11916732788086,0.6778143647045948,1100.659423828125,0.04611462354660034,1100.659423828125
3989,18.37416648864746,57.59083557128906,0.6732149064760533,1088.591552734375,0.04571723937988281,1088.591552734375
3990,17.542499542236328,51.61166763305664,0.6705632330048206,1147.756591796875,0.05079019069671631,1147.756591796875
3991,17.885833740234375,53.450836181640625,0.6894558620182294,1109.072021484375,0.046195030212402344,1109.072021484375
3992,17.961666107177734,52.30500030517578,0.67788828648445,1081.359619140625,0.05632486939430237,1081.359619140625
3993,17.09833335876465,44.611663818359375,0.6872479910727065,1161.6790771484375,0.07413029670715332,1161.6790771484375
3994,18.25583267211914,50.149166107177734,0.661898278040815,1086.777099609375,0.0529346764087677,1086.777099609375
3995,17.417499542236328,53.551666259765625,0.6974554218593642,1113.9063720703125,0.04548642039299011,1113.9063720703125
3996,18.015832901000977,50.66166687011719,0.6779058929865551,1136.094482421875,0.050305336713790894,1136.094482421875
3997,17.98666763305664,49.30999755859375,0.67578417157512,1133.012451171875,0.05582985281944275,1133.012451171875
3998,17.920000076293945,51.86750411987305,0.6655815639981493,1071.536865234375,0.05512389540672302,1071.536865234375
3999,18.094167709350586,50.926666259765625,0.6646615926149178,1104.535400390625,0.06453987956047058,1104.535400390625
4000,18.179166793823242,52.102500915527344,0.7060889745123144,1105.7890625,0.05488047003746033,1105.7890625
4001,17.941667556762695,53.252498626708984,0.7053083685183317,1122.9754638671875,0.04707193374633789,1122.9754638671875
4002,17.68166732788086,48.015830993652344,0.6820970051205604,1066.546630859375,0.05669251084327698,1066.546630859375
4003,17.894166946411133,54.57416915893555,0.712088712130823,1077.4248046875,0.052209049463272095,1077.4248046875
4004,17.96416664123535,51.845829010009766,0.6517953321658096,1052.06005859375,0.05585643649101257,1052.06005859375
4005,18.25,56.7066650390625,0.6908398711846307,1122.2056884765625,0.047399282455444336,1122.2056884765625
4006,18.184999465942383,58.73167037963867,0.6973296444929865,1115.4755859375,0.05396661162376404,1115.4755859375
4007,18.261667251586914,51.58000183105469,0.7071925891714771,1110.015869140625,0.05087763071060181,1110.015869140625
4008,18.036666870117188,49.92250061035156,0.7250205885837395,1102.926025390625,0.04601496458053589,1102.926025390625
4009,18.09000015258789,54.20833206176758,0.6834185690643346,1036.0667724609375,0.04673659801483154,1036.0667724609375
4010,17.61916732788086,47.544166564941406,0.700730764080238,1131.7027587890625,0.04693421721458435,1131.7027587890625
4011,18.224166870117188,53.82999801635742,0.701342002837819,1076.8612060546875,0.05039212107658386,1076.8612060546875
4012,17.976667404174805,53.07749938964844,0.7136341656440548,1093.7701416015625,0.05681106448173523,1093.7701416015625
4013,18.149999618530273,52.85166549682617,0.6877304879897252,1072.8831787109375,0.0448211133480072,1072.8831787109375
4014,18.136667251586914,53.39833450317383,0.7103833053903119,1077.7677001953125,0.05776834487915039,1077.7677001953125
4015,18.27833366394043,57.102500915527344,0.652610526925683,1106.2940673828125,0.054020971059799194,1106.2940673828125
4016,18.47749900817871,58.089168548583984,0.6893948524251375,1096.0941162109375,0.051582008600234985,1096.0941162109375
4017,18.330833435058594,52.55249786376953,0.7123216992385438,1072.3953857421875,0.04128572344779968,1072.3953857421875
4018,18.400833129882812,52.198333740234375,0.6893133623118428,1119.1103515625,0.052820801734924316,1119.1103515625
4019,18.399166107177734,51.46916580200195,0.710904632744025,1074.6630859375,0.05051937699317932,1074.6630859375
4020,18.073333740234375,46.99666976928711,0.6674358474383295,1083.6488037109375,0.06717324256896973,1083.6488037109375
4021,17.975833892822266,51.317501068115234,0.6793467569944381,1096.2021484375,0.046257078647613525,1096.2021484375
4022,17.90999984741211,54.62833023071289,0.7216477077735264,1097.5933837890625,0.050095945596694946,1097.5933837890625
4023,17.558332443237305,49.599998474121094,0.6799980410744078,1122.9954833984375,0.05887642502784729,1122.9954833984375
4024,17.65416717529297,52.19499969482422,0.6987144152804619,1132.1207275390625,0.06998169422149658,1132.1207275390625
4025,17.97833251953125,51.96999740600586,0.707606764423343,1096.2093505859375,0.05433768033981323,1096.2093505859375
4026,18.221668243408203,47.63750076293945,0.6861810533897739,1104.05419921875,0.0659731924533844,1104.05419921875
4027,18.720834732055664,58.86499786376953,0.6963287955977954,1076.1444091796875,0.055306971073150635,1076.1444091796875
4028,18.330833435058594,48.999168395996094,0.7263306511472222,1111.55029296875,0.042864590883255005,1111.55029296875
4029,18.11750030517578,53.965003967285156,0.6829294995276538,1112.833984375,0.04976627230644226,1112.833984375
4030,18.37416648864746,51.4566650390625,0.7046973909555803,1113.050048828125,0.060864001512527466,1113.050048828125
4031,17.76333236694336,50.84666442871094,0.6667003898000143,1053.4664306640625,0.05642548203468323,1053.4664306640625
4032,18.045833587646484,49.516666412353516,0.6527384890119401,1112.0748291015625,0.04899412393569946,1112.0748291015625
4033,18.164167404174805,54.149169921875,0.6869056955431034,1115.735107421875,0.047626882791519165,1115.735107421875
4034,17.991666793823242,56.16666793823242,0.7034227894648796,1076.511962890625,0.05355173349380493,1076.511962890625
4035,18.044166564941406,50.60916519165039,0.713488158743032,1109.239501953125,0.062040627002716064,1109.239501953125
4036,17.854999542236328,53.229164123535156,0.6882395594497009,1110.5833740234375,0.04671940207481384,1110.5833740234375
4037,18.29916763305664,56.09499740600586,0.6878501950426474,1089.2509765625,0.048428624868392944,1089.2509765625
4038,18.292499542236328,53.69499969482422,0.6723076547708129,1076.5062255859375,0.04867860674858093,1076.5062255859375
4039,18.21583366394043,50.89083480834961,0.674264777272137,1115.5526123046875,0.05506286025047302,1115.5526123046875
4040,17.830833435058594,53.69832992553711,0.6902928159906367,1086.722412109375,0.054921746253967285,1086.722412109375
4041,18.72166633605957,53.510833740234375,0.6847294635504443,1082.3968505859375,0.056849271059036255,1082.3968505859375
4042,18.070833206176758,52.114166259765625,0.7082509447208469,1129.511474609375,0.03739917278289795,1129.511474609375
4043,18.11833381652832,57.44666290283203,0.6609480632356352,1103.279541015625,0.04623132944107056,1103.279541015625
4044,18.379167556762695,48.065834045410156,0.666657154933485,1118.6375732421875,0.05349886417388916,1118.6375732421875
4045,18.56166648864746,49.76333236694336,0.6763985041428217,1108.7340087890625,0.04065209627151489,1108.7340087890625
4046,17.78499984741211,46.795833587646484,0.6514786162647274,1130.656494140625,0.05813896656036377,1130.656494140625
4047,17.50749969482422,44.592498779296875,0.6694721267231097,1131.220458984375,0.047957271337509155,1131.220458984375
4048,18.439167022705078,51.08666229248047,0.6627520236696278,1110.1600341796875,0.06090950965881348,1110.1600341796875
4049,18.04083251953125,57.81333541870117,0.6657773554523918,1087.59716796875,0.056278496980667114,1087.59716796875
4050,18.546667098999023,59.80083465576172,0.640035888611109,1131.8040771484375,0.05413225293159485,1131.8040771484375
4051,18.78499984741211,61.041664123535156,0.6246944804530776,1107.0858154296875,0.060775816440582275,1107.0858154296875
4052,18.170000076293945,54.85666275024414,0.6660752065363116,1068.39453125,0.05287414789199829,1068.39453125
4053,16.793333053588867,55.46416473388672,0.6006871842070576,1235.5877685546875,0.06273779273033142,1235.5877685546875
4054,18.702499389648438,57.371665954589844,0.6970295270900584,1111.455322265625,0.056173622608184814,1111.455322265625
4055,17.982500076293945,52.545833587646484,0.7001134839918417,1107.6103515625,0.06458395719528198,1107.6103515625
4056,18.385000228881836,50.84833526611328,0.6474031512052757,1067.056884765625,0.06362313032150269,1067.056884765625
4057,18.736665725708008,54.098331451416016,0.6875769162473819,1101.097412109375,0.047310709953308105,1101.097412109375
4058,18.07666778564453,53.29750061035156,0.7201965542967639,1049.381591796875,0.05324894189834595,1049.381591796875
4059,18.329166412353516,53.147499084472656,0.6688683932411299,1137.0340576171875,0.0531734824180603,1137.0340576171875
4060,18.21583366394043,54.241668701171875,0.6568596796604718,1088.3358154296875,0.05498838424682617,1088.3358154296875
4061,19.47833251953125,56.80583190917969,0.6682636675967379,1111.2138671875,0.057273656129837036,1111.2138671875
4062,18.621665954589844,56.695003509521484,0.6634111019051617,1097.26171875,0.04170826077461243,1097.26171875
4063,18.129167556762695,51.49333572387695,0.6935157653447469,1063.0732421875,0.0507960319519043,1063.0732421875
4064,18.86333465576172,52.97833251953125,0.6314256937853302,1088.7581787109375,0.05646863579750061,1088.7581787109375
4065,18.13083267211914,51.63333511352539,0.7235190399961552,1077.014404296875,0.0719408392906189,1077.014404296875
4066,18.56916618347168,50.27499771118164,0.7145984214342849,1119.6800537109375,0.05419805645942688,1119.6800537109375
4067,18.717500686645508,55.909996032714844,0.6688165240210009,1078.603515625,0.06102252006530762,1078.603515625
4068,18.5674991607666,57.3941650390625,0.6587472592883447,1139.019775390625,0.05720481276512146,1139.019775390625
4069,18.009166717529297,47.258331298828125,0.7073306107683173,1101.6993408203125,0.053409308195114136,1101.6993408203125
4070,18.899166107177734,55.25416564941406,0.7134477172016245,1079.76123046875,0.0520654022693634,1079.76123046875
4071,19.02833366394043,58.74333190917969,0.6964622714144877,1065.640869140625,0.047501593828201294,1065.640869140625
4072,18.795833587646484,55.945831298828125,0.6808979028178601,1071.037109375,0.049595385789871216,1071.037109375
4073,17.8075008392334,51.915000915527344,0.6570509569456485,1098.48046875,0.05299597978591919,1098.48046875
4074,18.106666564941406,47.47833251953125,0.6496610734585976,1134.33544921875,0.0620894730091095,1134.33544921875
4075,18.47249984741211,52.01333236694336,0.6916362616330778,1101.0274658203125,0.054898977279663086,1101.0274658203125
4076,18.224998474121094,45.89666748046875,0.6557306677399122,1094.4056396484375,0.05401608347892761,1094.4056396484375
4077,17.372499465942383,44.681663513183594,0.6338008958362276,1140.73046875,0.04623270034790039,1140.73046875
4078,18.40416717529297,51.599998474121094,0.6452220903749147,1103.6497802734375,0.05390414595603943,1103.6497802734375
4079,18.577499389648438,57.0716667175293,0.6181717095587582,1029.119140625,0.06341397762298584,1029.119140625
4080,18.377498626708984,52.128334045410156,0.6742090676848835,1119.9769287109375,0.05613449215888977,1119.9769287109375
4081,18.1733341217041,51.12916946411133,0.6449772144481495,1106.2694091796875,0.04944884777069092,1106.2694091796875
4082,18.434999465942383,51.474998474121094,0.6568037414165561,1113.2987060546875,0.055372804403305054,1113.2987060546875
4083,18.52916717529297,53.27666473388672,0.649595266017125,1096.10009765625,0.05263766646385193,1096.10009765625
4084,18.572500228881836,48.04249954223633,0.6549839957106023,1070.9935302734375,0.05776602029800415,1070.9935302734375
4085,18.420833587646484,52.525001525878906,0.6561341951536703,1087.9515380859375,0.0456756055355072,1087.9515380859375
4086,18.301668167114258,51.380001068115234,0.675503927105306,1090.307861328125,0.05961275100708008,1090.307861328125
4087,18.853334426879883,56.80916976928711,0.6757774100784691,1058.8115234375,0.05146747827529907,1058.8115234375
4088,18.565834045410156,54.994998931884766,0.6584637538415075,1044.23828125,0.05404040217399597,1044.23828125
4089,18.66083335876465,53.45916748046875,0.6467990533107557,1062.371337890625,0.05551952123641968,1062.371337890625
4090,17.77916717529297,49.47416687011719,0.6474943943898279,1081.8995361328125,0.06702917814254761,1081.8995361328125
4091,18.099998474121094,53.787498474121094,0.6592800600091611,1115.2769775390625,0.05024704337120056,1115.2769775390625
4092,18.114999771118164,47.584999084472656,0.7200041703074285,1118.95263671875,0.06935277581214905,1118.95263671875
4093,18.467498779296875,55.291664123535156,0.6751475194884721,1100.890380859375,0.046297311782836914,1100.890380859375
4094,18.385000228881836,47.246665954589844,0.6452115548115764,1126.254150390625,0.04748073220252991,1126.254150390625
4095,18.75666618347168,57.20000457763672,0.6600211218254882,1105.5654296875,0.05045899748802185,1105.5654296875
4096,18.86833381652832,56.251670837402344,0.6545566402462593,1112.1036376953125,0.05528479814529419,1112.1036376953125
4097,18.50666618347168,50.21332931518555,0.6649349830871647,1081.1458740234375,0.057531267404556274,1081.1458740234375
4098,18.335832595825195,51.255001068115234,0.6738107437743474,1108.6053466796875,0.04785555601119995,1108.6053466796875
4099,18.63249969482422,54.474998474121094,0.6617252808731076,1117.573486328125,0.05437561869621277,1117.573486328125
4100,18.274168014526367,51.67166519165039,0.6489643173150204,1076.04248046875,0.05661991238594055,1076.04248046875
4101,18.53499984741211,58.04916763305664,0.6695177260029233,1135.6767578125,0.05501165986061096,1135.6767578125
4102,18.184999465942383,46.82250213623047,0.6656015567804362,1170.9320068359375,0.05706623196601868,1170.9320068359375
4103,18.539165496826172,56.041664123535156,0.6464736511910213,1122.129638671875,0.060364216566085815,1122.129638671875
4104,18.04083251953125,54.749168395996094,0.6659462834385738,1094.07861328125,0.04611021280288696,1094.07861328125
4105,18.174999237060547,55.1783332824707,0.6915056449078233,1055.38916015625,0.044145554304122925,1055.38916015625
4106,18.304166793823242,52.236663818359375,0.6483170500306562,1085.9246826171875,0.053879499435424805,1085.9246826171875
4107,17.697500228881836,52.236663818359375,0.640552796659324,1107.4986572265625,0.04286503791809082,1107.4986572265625
4108,18.7983341217041,57.82500076293945,0.6961445606383325,1082.7940673828125,0.05072382092475891,1082.7940673828125
4109,17.889999389648438,48.56416702270508,0.6328343335123771,1135.4827880859375,0.049470722675323486,1135.4827880859375
4110,18.84083366394043,60.06666564941406,0.6246108459146259,1097.3258056640625,0.0516686737537384,1097.3258056640625
4111,19.059165954589844,56.58583068847656,0.6376711125992149,1122.032958984375,0.05039715766906738,1122.032958984375
4112,18.314998626708984,47.55583572387695,0.6946330814197128,1119.483642578125,0.051967740058898926,1119.483642578125
4113,17.759166717529297,49.7691650390625,0.6603514651266683,1097.2325439453125,0.05831700563430786,1097.2325439453125
4114,18.532499313354492,50.001670837402344,0.6644719247192105,1096.8782958984375,0.06583800911903381,1096.8782958984375
4115,17.876667022705078,44.55249786376953,0.6741241506280313,1117.6806640625,0.058899253606796265,1117.6806640625
4116,17.79250144958496,46.11166763305664,0.6442220289295519,1116.0582275390625,0.06735721230506897,1116.0582275390625
4117,17.70916748046875,42.772499084472656,0.6074239130808519,1119.0616455078125,0.08916214108467102,1119.0616455078125
4118,17.832500457763672,48.04666519165039,0.6792998714060317,1067.333251953125,0.04571601748466492,1067.333251953125
4119,17.948333740234375,50.27499771118164,0.6679314186034462,1098.232421875,0.05074572563171387,1098.232421875
4120,18.87416648864746,58.40916442871094,0.6524891051540942,1079.976318359375,0.05558347702026367,1079.976318359375
4121,18.549165725708008,56.554168701171875,0.6390245607479696,1062.8101806640625,0.05278664827346802,1062.8101806640625
4122,18.584165573120117,59.27583694458008,0.6426717576707979,1079.1953125,0.05287709832191467,1079.1953125
4123,18.32666778564453,52.38166427612305,0.6698348830541105,1122.7708740234375,0.044192105531692505,1122.7708740234375
4124,18.014999389648438,54.157501220703125,0.6711175597187905,1139.0982666015625,0.048218727111816406,1139.0982666015625
4125,18.40833282470703,51.043331146240234,0.6462169594029957,1079.8431396484375,0.054767906665802,1079.8431396484375
4126,18.20166778564453,48.996665954589844,0.6519473518364916,1122.4788818359375,0.0422397255897522,1122.4788818359375
4127,18.33333396911621,54.749168395996094,0.6385498876507099,1101.9757080078125,0.04903867840766907,1101.9757080078125
4128,17.782501220703125,51.389163970947266,0.6410824371271245,1129.03173828125,0.042593955993652344,1129.03173828125
4129,18.310832977294922,51.08833312988281,0.6663054866495752,1162.200927734375,0.038455456495285034,1162.200927734375
4130,18.445833206176758,53.320831298828125,0.664727979935638,1116.44873046875,0.04951658844947815,1116.44873046875
4131,17.939167022705078,52.71666717529297,0.6307470185785923,1116.276123046875,0.06360161304473877,1116.276123046875
4132,17.926666259765625,50.04583740234375,0.6665392176283557,1125.9736328125,0.06360232830047607,1125.9736328125
4133,17.884166717529297,53.436668395996094,0.6387478290587028,1103.584228515625,0.058361172676086426,1103.584228515625
4134,18.240833282470703,53.717498779296875,0.6835455577233289,1044.652587890625,0.049988776445388794,1044.652587890625
4135,18.012500762939453,50.184165954589844,0.6238675054251437,1108.94189453125,0.049454718828201294,1108.94189453125
4136,18.24250030517578,53.527496337890625,0.6598290131659033,1080.8160400390625,0.04359304904937744,1080.8160400390625
4137,18.012500762939453,47.62333297729492,0.6624476339580033,1086.18896484375,0.05152866244316101,1086.18896484375
4138,18.167499542236328,52.282501220703125,0.6144277472591553,1119.361328125,0.06383943557739258,1119.361328125
4139,18.279998779296875,52.437503814697266,0.6438856114533458,1107.8570556640625,0.05376085638999939,1107.8570556640625
4140,17.713333129882812,52.3033332824707,0.6662711513645424,1098.27978515625,0.05137285590171814,1098.27978515625
4141,17.96416664123535,53.82500457763672,0.6809938503608759,1095.7342529296875,0.048517197370529175,1095.7342529296875
4142,18.04083251953125,55.646663665771484,0.6860161068326123,1149.86572265625,0.04322361946105957,1149.86572265625
4143,18.304166793823242,54.38249588012695,0.6935787975187624,1081.3831787109375,0.04400765895843506,1081.3831787109375
4144,18.41499900817871,52.6533317565918,0.6601564947041147,1084.328369140625,0.041788697242736816,1084.328369140625
4145,18.329166412353516,54.95083236694336,0.6971395587254121,1090.9906005859375,0.03975754976272583,1090.9906005859375
4146,18.268333435058594,50.87083435058594,0.6696563534170469,1091.380126953125,0.06181061267852783,1091.380126953125
4147,17.550832748413086,43.426666259765625,0.648656899565221,1153.6624755859375,0.07169601321220398,1153.6624755859375
4148,18.663333892822266,54.54750061035156,0.6576308411592525,1106.2880859375,0.049767136573791504,1106.2880859375
4149,17.759166717529297,48.45249938964844,0.6819541791818833,1077.8504638671875,0.06793266534805298,1077.8504638671875
4150,18.418333053588867,52.02666473388672,0.6601284890415128,1105.2801513671875,0.045120805501937866,1105.2801513671875
4151,18.40333366394043,55.16333770751953,0.6709986971310192,1056.2142333984375,0.052626729011535645,1056.2142333984375
4152,18.115833282470703,47.88916778564453,0.6579253867336123,1080.478759765625,0.04959994554519653,1080.478759765625
4153,18.11166763305664,53.68833541870117,0.662251769765405,1088.4188232421875,0.0470905601978302,1088.4188232421875
4154,18.266666412353516,54.63666915893555,0.6262757545949112,1083.7059326171875,0.044253259897232056,1083.7059326171875
4155,18.894166946411133,54.2308349609375,0.691301374144112,1107.726318359375,0.05711063742637634,1107.726318359375
4156,19.10333251953125,56.955833435058594,0.6953241965221867,1086.3033447265625,0.048400163650512695,1086.3033447265625
4157,18.338333129882812,54.83916473388672,0.6828397834985691,1062.1763916015625,0.051445335149765015,1062.1763916015625
4158,18.09749984741211,52.095001220703125,0.6529433950513241,1084.09228515625,0.043117254972457886,1084.09228515625
4159,17.883333206176758,51.86000061035156,0.6885624552844483,1090.6502685546875,0.05859372019767761,1090.6502685546875
4160,18.81916618347168,56.13083267211914,0.6745574776404308,1130.31396484375,0.04483187198638916,1130.31396484375
4161,18.135833740234375,52.209999084472656,0.6737726818777521,1127.0543212890625,0.04842683672904968,1127.0543212890625
4162,18.41499900817871,60.225833892822266,0.6801370539276391,1065.9560546875,0.05276799201965332,1065.9560546875
4163,18.254167556762695,47.25749969482422,0.6748534627023803,1142.793701171875,0.06618469953536987,1142.793701171875
4164,18.681665420532227,56.05750274658203,0.6727875260811811,1069.2171630859375,0.06380161643028259,1069.2171630859375
4165,18.428333282470703,52.20249938964844,0.6649313808311454,1090.6326904296875,0.04271066188812256,1090.6326904296875
4166,18.27916717529297,54.503334045410156,0.6559418362744027,1110.8800048828125,0.04742959141731262,1110.8800048828125
4167,17.850000381469727,47.932498931884766,0.6468058939868867,1111.8441162109375,0.05247974395751953,1111.8441162109375
4168,18.06999969482422,46.40916442871094,0.6371999123234049,1131.6734619140625,0.04850897192955017,1131.6734619140625
4169,18.584999084472656,55.63166809082031,0.6731408851133357,1078.2972412109375,0.05051612854003906,1078.2972412109375
4170,18.759166717529297,52.44499969482422,0.6550841524742487,1070.1427001953125,0.05519929528236389,1070.1427001953125
4171,18.321666717529297,50.85832977294922,0.635589784489748,1146.12841796875,0.061786949634552,1146.12841796875
4172,18.148332595825195,51.962501525878906,0.652391196400077,1087.2525634765625,0.042652279138565063,1087.2525634765625
4173,18.023332595825195,53.72166442871094,0.6552415957741597,1095.388671875,0.06196773052215576,1095.388671875
4174,18.09000015258789,57.93083190917969,0.6562473271325817,1079.0718994140625,0.05523058772087097,1079.0718994140625
4175,17.828332901000977,48.40166473388672,0.6360505160438219,1113.63330078125,0.04657021164894104,1113.63330078125
4176,18.078332901000977,48.198333740234375,0.6701045138486224,1126.640380859375,0.06704878807067871,1126.640380859375
4177,18.27750015258789,49.82416534423828,0.6312211812064106,1127.212646484375,0.05019983649253845,1127.212646484375
4178,18.8266658782959,61.63666915893555,0.63553854888978,1098.251220703125,0.06289149820804596,1098.251220703125
4179,18.24916648864746,51.25250244140625,0.6185006476192524,1111.6549072265625,0.06584492325782776,1111.6549072265625
4180,17.969999313354492,48.74416732788086,0.658482755388549,1095.4693603515625,0.08109167218208313,1095.4693603515625
4181,18.213333129882812,48.2066650390625,0.6063868895106248,1116.0284423828125,0.07854649424552917,1116.0284423828125
4182,17.94499969482422,48.855831146240234,0.6555239669726263,1103.865478515625,0.053870320320129395,1103.865478515625
4183,17.90916633605957,54.46916961669922,0.6398508612687877,1086.5682373046875,0.044100791215896606,1086.5682373046875
4184,18.092498779296875,53.25499725341797,0.6416704411969176,1088.4346923828125,0.04382464289665222,1088.4346923828125
4185,17.93000030517578,56.895835876464844,0.6310967510965035,1086.7099609375,0.05833730101585388,1086.7099609375
4186,17.933332443237305,52.33416748046875,0.6063326329673387,1110.4505615234375,0.04894724488258362,1110.4505615234375
4187,18.38249969482422,52.4900016784668,0.6717736679347985,1067.693115234375,0.060650646686553955,1067.693115234375
4188,18.53999900817871,56.6875,0.6477798939661972,1108.9923095703125,0.04891538619995117,1108.9923095703125
4189,18.07666778564453,53.09083557128906,0.6221050755617371,1064.95654296875,0.049984753131866455,1064.95654296875
4190,17.982500076293945,51.55916976928711,0.6519428275462157,1092.7215576171875,0.054105132818222046,1092.7215576171875
4191,18.389999389648438,51.665000915527344,0.6322017584232951,1118.33935546875,0.05928865075111389,1118.33935546875
4192,18.40833282470703,53.1783332824707,0.6653537733466001,1151.3232421875,0.05997169017791748,1151.3232421875
4193,18.494998931884766,51.88333511352539,0.6703663797151366,1108.5731201171875,0.058073729276657104,1108.5731201171875
4194,18.540834426879883,54.907501220703125,0.6556651556994357,1116.8876953125,0.050197869539260864,1116.8876953125
4195,18.42249870300293,52.247501373291016,0.6581218226220965,1114.953857421875,0.06464853882789612,1114.953857421875
4196,18.656665802001953,61.991668701171875,0.6294080314439828,1095.73095703125,0.05088755488395691,1095.73095703125
4197,18.267499923706055,55.38999938964844,0.6398256122271473,1102.228515625,0.04771929979324341,1102.228515625
4198,17.969999313354492,52.32416534423828,0.6538828068052445,1103.638671875,0.05523711442947388,1103.638671875
4199,18.025833129882812,51.25749588012695,0.6558513421950712,1075.8472900390625,0.0515713095664978,1075.8472900390625
4200,18.185832977294922,47.97833251953125,0.6413799914507075,1079.9342041015625,0.060029447078704834,1079.9342041015625
4201,18.779165267944336,57.25416564941406,0.6656794564417168,1079.6787109375,0.05452105402946472,1079.6787109375
4202,18.713333129882812,49.70249938964844,0.6682471606243559,1095.412353515625,0.047396183013916016,1095.412353515625
4203,18.184999465942383,55.27916717529297,0.6220400960179008,1081.83349609375,0.05191081762313843,1081.83349609375
4204,18.08916664123535,50.364166259765625,0.6869978281744824,1114.9493408203125,0.05841904878616333,1114.9493408203125
4205,18.20916748046875,53.067501068115234,0.6617027964993485,1133.7591552734375,0.05832630395889282,1133.7591552734375
4206,18.170833587646484,55.294166564941406,0.6240092225426304,1057.1015625,0.05237215757369995,1057.1015625
4207,18.2549991607666,54.21916961669922,0.6694513993026752,1137.7330322265625,0.047935694456100464,1137.7330322265625
4208,18.389999389648438,52.760833740234375,0.6748009465109315,1091.002197265625,0.0571952760219574,1091.002197265625
4209,18.09749984741211,49.91749954223633,0.655887024921065,1080.1422119140625,0.05808180570602417,1080.1422119140625
4210,17.685832977294922,47.88750076293945,0.6829294521982134,1132.533203125,0.05231153964996338,1132.533203125
4211,18.008333206176758,48.31166458129883,0.6615058241907115,1117.041015625,0.054275840520858765,1117.041015625
4212,17.97833251953125,58.40749740600586,0.6756531874230804,1086.6961669921875,0.0478135347366333,1086.6961669921875
4213,18.337499618530273,51.25250244140625,0.6611444829856608,1089.5738525390625,0.06299149990081787,1089.5738525390625
4214,18.522499084472656,47.37083435058594,0.6545882114640191,1116.0718994140625,0.05100354552268982,1116.0718994140625
4215,18.119998931884766,53.68916320800781,0.668495548549993,1087.1435546875,0.05018424987792969,1087.1435546875
4216,18.31166648864746,58.45500183105469,0.6705798036566242,1063.0550537109375,0.0550265908241272,1063.0550537109375
4217,17.81999969482422,54.464168548583984,0.668251135171236,1073.648193359375,0.039958298206329346,1073.648193359375
4218,17.599166870117188,49.912498474121094,0.6188043941340443,1124.9078369140625,0.06375682353973389,1124.9078369140625
4219,18.440000534057617,52.86333465576172,0.6320432590257161,1101.6080322265625,0.058032870292663574,1101.6080322265625
4220,18.36750030517578,53.19583511352539,0.6649076639490084,1118.5657958984375,0.04835265874862671,1118.5657958984375
4221,17.86916732788086,53.47416305541992,0.6645641150271433,1065.7467041015625,0.044208526611328125,1065.7467041015625
4222,18.008333206176758,50.90083312988281,0.6781817782996208,1080.77490234375,0.049890369176864624,1080.77490234375
4223,17.593332290649414,53.56500244140625,0.660059883672997,1113.3062744140625,0.05302748084068298,1113.3062744140625
4224,18.24916648864746,51.51666259765625,0.6698405769592547,1104.58642578125,0.06390583515167236,1104.58642578125
4225,18.237499237060547,52.962501525878906,0.6356800512282772,1108.08642578125,0.05893489718437195,1108.08642578125
4226,17.614999771118164,54.0433349609375,0.6594461651182633,1114.756103515625,0.04447215795516968,1114.756103515625
4227,17.967500686645508,52.42583084106445,0.6492208727851894,1110.2196044921875,0.043781578540802,1110.2196044921875
4228,18.544166564941406,60.989166259765625,0.6479253283856014,1034.856689453125,0.06249046325683594,1034.856689453125
4229,18.83916664123535,56.02833557128906,0.6302447988685278,1092.8558349609375,0.04659414291381836,1092.8558349609375
4230,18.246667861938477,50.30249786376953,0.618721939178545,1074.0438232421875,0.07380324602127075,1074.0438232421875
4231,18.237499237060547,52.94499969482422,0.6710377743384074,1147.2821044921875,0.04121693968772888,1147.2821044921875
4232,18.03333282470703,50.11000061035156,0.665345611056135,1102.8992919921875,0.042656004428863525,1102.8992919921875
4233,18.656665802001953,53.1158332824707,0.627769512253735,1104.1790771484375,0.04905709624290466,1104.1790771484375
4234,18.480833053588867,55.93916702270508,0.6428891152927776,1102.619384765625,0.05018782615661621,1102.619384765625
4235,17.855833053588867,49.671669006347656,0.6799230590129549,1128.0819091796875,0.05604618787765503,1128.0819091796875
4236,18.11166763305664,46.07749938964844,0.6316569890044937,1111.8934326171875,0.06345587968826294,1111.8934326171875
4237,18.65916633605957,56.55833435058594,0.6360952993810278,1098.18017578125,0.05107283592224121,1098.18017578125
4238,18.421667098999023,50.49916458129883,0.6457654404009845,1135.5672607421875,0.04065912961959839,1135.5672607421875
4239,18.573333740234375,54.00917053222656,0.7086759395358255,1081.6778564453125,0.04786217212677002,1081.6778564453125
4240,18.7016658782959,58.06999969482422,0.649529533369156,1093.1842041015625,0.040889620780944824,1093.1842041015625
4241,18.479999542236328,50.45249938964844,0.6462667284536516,1087.9163818359375,0.04807239770889282,1087.9163818359375
4242,18.21416664123535,49.22833251953125,0.6485653354689402,1122.7869873046875,0.05440676212310791,1122.7869873046875
4243,18.265832901000977,54.016666412353516,0.6320622699692373,1131.8399658203125,0.04416918754577637,1131.8399658203125
4244,18.162498474121094,48.3033332824707,0.6613508054028105,1095.4869384765625,0.041196733713150024,1095.4869384765625
4245,18.2549991607666,50.76166534423828,0.6759588236885073,1118.6412353515625,0.054564446210861206,1118.6412353515625
4246,18.608333587646484,49.52916717529297,0.6923711274215535,1134.4151611328125,0.0451178252696991,1134.4151611328125
4247,18.34083366394043,51.65083312988281,0.6558745015768467,1066.7952880859375,0.04285305738449097,1066.7952880859375
4248,17.864166259765625,47.977500915527344,0.642571922867963,1097.958984375,0.07310080528259277,1097.958984375
4249,18.310832977294922,52.189998626708984,0.6484605650943183,1123.8751220703125,0.042623817920684814,1123.8751220703125
4250,17.94416618347168,51.29500198364258,0.6836650027545559,1058.60400390625,0.056488215923309326,1058.60400390625
4251,18.122499465942383,47.823333740234375,0.702144054328286,1107.7037353515625,0.03953033685684204,1107.7037353515625
4252,18.4375,52.74416732788086,0.6623180347347031,1084.1102294921875,0.03938722610473633,1084.1102294921875
4253,17.88166618347168,49.85333251953125,0.6365908094959787,1083.16162109375,0.0716736912727356,1083.16162109375
4254,18.47333335876465,48.05833435058594,0.6415816202719424,1103.1534423828125,0.060074448585510254,1103.1534423828125
4255,18.553333282470703,58.36499786376953,0.6698032384835217,1067.3236083984375,0.05855318903923035,1067.3236083984375
4256,18.15333366394043,53.30666732788086,0.6994759936149834,1107.3367919921875,0.06013643741607666,1107.3367919921875
4257,18.327499389648438,49.95000076293945,0.6366914413738424,1120.5499267578125,0.05583709478378296,1120.5499267578125
4258,18.2358341217041,48.09333419799805,0.6428342273596707,1070.79150390625,0.04397398233413696,1070.79150390625
4259,18.5483341217041,51.88750076293945,0.6788788691532256,1094.990966796875,0.04934495687484741,1094.990966796875
4260,18.947500228881836,55.85166931152344,0.6758575329862812,1110.3687744140625,0.048032522201538086,1110.3687744140625
4261,18.320833206176758,47.10916519165039,0.6380511783284513,1086.1171875,0.0547051727771759,1086.1171875
4262,18.718334197998047,52.095829010009766,0.6715647371359309,1117.7449951171875,0.04837486147880554,1117.7449951171875
4263,17.889999389648438,52.94333267211914,0.6680965341536729,1156.256103515625,0.05773961544036865,1156.256103515625
4264,18.050832748413086,49.84583282470703,0.6644756206083707,1120.84228515625,0.04307398200035095,1120.84228515625
4265,18.729999542236328,56.17667007446289,0.6564169885535025,1095.828125,0.05312317609786987,1095.828125
4266,18.38749885559082,46.09250259399414,0.6573876420906426,1135.3228759765625,0.05871179699897766,1135.3228759765625
4267,18.08333396911621,50.92583465576172,0.6596293957559594,1096.8905029296875,0.050493836402893066,1096.8905029296875
4268,18.15916633605957,53.022499084472656,0.6680190155628085,1078.10888671875,0.0513494610786438,1078.10888671875
4269,18.421667098999023,50.68333053588867,0.6549138297147609,1131.515380859375,0.06369754672050476,1131.515380859375
4270,18.16499900817871,49.67916488647461,0.6730584801439488,1123.365234375,0.055136650800704956,1123.365234375
4271,17.83916664123535,50.36000061035156,0.6510460606194668,1074.1348876953125,0.05083578824996948,1074.1348876953125
4272,18.126667022705078,52.4183349609375,0.6578104514819864,1115.5955810546875,0.05557689070701599,1115.5955810546875
4273,18.414167404174805,51.19249725341797,0.6479683258439322,1110.94921875,0.051700472831726074,1110.94921875
4274,18.43666648864746,51.77750015258789,0.6886912156154605,1075.9781494140625,0.058085083961486816,1075.9781494140625
4275,18.580833435058594,51.77666473388672,0.6477776742124782,1117.208740234375,0.049587100744247437,1117.208740234375
4276,18.289167404174805,56.589168548583984,0.664957579571352,1106.538330078125,0.0491904616355896,1106.538330078125
4277,18.584165573120117,49.3408317565918,0.6567177985272256,1113.7249755859375,0.040797680616378784,1113.7249755859375
4278,18.388334274291992,53.776668548583984,0.6666338258645489,1105.15185546875,0.05189540982246399,1105.15185546875
4279,18.490833282470703,49.741668701171875,0.6426306079064903,1081.2012939453125,0.05538928508758545,1081.2012939453125
4280,18.406667709350586,55.72916793823242,0.6724844714323499,1100.58935546875,0.05933833122253418,1100.58935546875
4281,18.43000030517578,52.549163818359375,0.644424638186914,1134.7957763671875,0.044100940227508545,1134.7957763671875
4282,18.280834197998047,46.51166915893555,0.6535757031686776,1086.591796875,0.06260231137275696,1086.591796875
4283,18.664165496826172,53.23250198364258,0.6490401884211504,1098.5660400390625,0.05512237548828125,1098.5660400390625
4284,18.18666648864746,52.331668853759766,0.6691649457213427,1083.9775390625,0.04248762130737305,1083.9775390625
4285,18.575834274291992,58.09666442871094,0.6407116710266865,1071.9166259765625,0.049096912145614624,1071.9166259765625
4286,18.712499618530273,57.236663818359375,0.6632149368489345,1078.180419921875,0.05621877312660217,1078.180419921875
4287,18.77666664123535,47.58250045776367,0.6556775427686781,1074.572021484375,0.05374038219451904,1074.572021484375
4288,18.559999465942383,53.686668395996094,0.6947598075950954,1045.560546875,0.04387533664703369,1045.560546875
4289,19.02666664123535,53.412498474121094,0.6774835241143706,1128.3533935546875,0.05678868293762207,1128.3533935546875
4290,19.302499771118164,64.45500183105469,0.6822318942955894,1096.1368408203125,0.05428636074066162,1096.1368408203125
4291,18.411666870117188,54.64166259765625,0.703613920235691,1090.3642578125,0.05595853924751282,1090.3642578125
4292,19.072500228881836,59.798336029052734,0.6828283327694653,1101.0147705078125,0.04891979694366455,1101.0147705078125
4293,18.815834045410156,54.693336486816406,0.6629293529827711,1094.064697265625,0.05557066202163696,1094.064697265625
4294,18.547500610351562,52.29999923706055,0.6692066814501763,1076.8223876953125,0.05327299237251282,1076.8223876953125
4295,18.39583396911621,50.83416748046875,0.6641162052345336,1104.4322509765625,0.051347315311431885,1104.4322509765625
4296,18.06999969482422,50.30083084106445,0.6549790358466261,1076.1317138671875,0.055094778537750244,1076.1317138671875
4297,18.460834503173828,51.06666564941406,0.6859392272040422,1092.8603515625,0.05784326791763306,1092.8603515625
4298,19.399166107177734,55.277503967285156,0.6576525131181566,1092.729248046875,0.053426116704940796,1092.729248046875
4299,18.5483341217041,53.29416275024414,0.699643615612106,1104.2227783203125,0.052679359912872314,1104.2227783203125
4300,18.63666534423828,54.39083480834961,0.6645334436967513,1147.497802734375,0.04788053035736084,1147.497802734375
4301,17.88916778564453,50.7591667175293,0.6575970231111652,1085.5013427734375,0.04556155204772949,1085.5013427734375
4302,18.254167556762695,50.47749710083008,0.6872701822707462,1116.65673828125,0.05094647407531738,1116.65673828125
4303,19.06333351135254,55.185001373291016,0.6535155705981066,1098.3077392578125,0.04769033193588257,1098.3077392578125
4304,18.1875,54.16666793823242,0.6861579295203982,1096.7215576171875,0.04735228419303894,1096.7215576171875
4305,17.657501220703125,50.83416748046875,0.6424284923369036,1087.8841552734375,0.05494183301925659,1087.8841552734375
4306,18.46666717529297,57.1150016784668,0.6801225188859619,1094.0299072265625,0.04825073480606079,1094.0299072265625
4307,18.572500228881836,51.3941650390625,0.6645226086386402,1087.0643310546875,0.04841998219490051,1087.0643310546875
4308,18.44333267211914,56.71500015258789,0.6393304318762454,1083.344482421875,0.07115691900253296,1083.344482421875
4309,18.217498779296875,50.961666107177734,0.6497723121795741,1078.739501953125,0.05197283625602722,1078.739501953125
4310,18.256668090820312,50.53666687011719,0.6471387166099688,1091.10546875,0.05046620965003967,1091.10546875
4311,18.462499618530273,50.35750198364258,0.6487593145317342,1131.4473876953125,0.05152139067649841,1131.4473876953125
4312,18.28333282470703,53.20583724975586,0.6795500923274268,1080.6497802734375,0.046444058418273926,1080.6497802734375
4313,18.024166107177734,53.17000198364258,0.6930843602709984,1076.13232421875,0.04477837681770325,1076.13232421875
4314,18.6924991607666,52.580833435058594,0.6223384273565096,1092.47314453125,0.048913151025772095,1092.47314453125
4315,18.3799991607666,50.0,0.6545376067308369,1088.3038330078125,0.04205852746963501,1088.3038330078125
4316,18.20166778564453,49.56999969482422,0.6579877473799735,1081.7955322265625,0.052304208278656006,1081.7955322265625
4317,18.447500228881836,49.53499984741211,0.6433136028083427,1098.1917724609375,0.05588275194168091,1098.1917724609375
4318,18.59000015258789,54.87666702270508,0.6895575466243682,1107.7064208984375,0.04815056920051575,1107.7064208984375
4319,18.2983341217041,50.505001068115234,0.6616129577931008,1087.9871826171875,0.05054408311843872,1087.9871826171875
4320,18.60416603088379,57.36333084106445,0.6447396710262351,1095.8345947265625,0.055447548627853394,1095.8345947265625
4321,18.38083267211914,52.532501220703125,0.6888796061291699,1083.22705078125,0.031223654747009277,1083.22705078125
4322,18.655834197998047,50.9183349609375,0.663797989333658,1103.032958984375,0.06212526559829712,1103.032958984375
4323,18.479999542236328,49.96416473388672,0.6244715574773028,1129.1005859375,0.040519505739212036,1129.1005859375
4324,18.400833129882812,47.97500228881836,0.626755482703699,1110.3421630859375,0.04798471927642822,1110.3421630859375
4325,18.03416633605957,48.394168853759766,0.6381815280553759,1101.4188232421875,0.04139679670333862,1101.4188232421875
4326,18.233333587646484,49.49833297729492,0.6658260530626516,1116.7996826171875,0.05139485001564026,1116.7996826171875
4327,18.768333435058594,53.98250198364258,0.6447609363314163,1086.657958984375,0.04300013184547424,1086.657958984375
4328,17.822500228881836,50.272499084472656,0.6566498995835747,1106.44873046875,0.05453306436538696,1106.44873046875
4329,18.532499313354492,56.2349967956543,0.6255755252264809,1103.0477294921875,0.058537423610687256,1103.0477294921875
4330,18.13749885559082,47.62000274658203,0.6539874273866679,1099.4256591796875,0.05153372883796692,1099.4256591796875
4331,18.171667098999023,50.93083190917969,0.6544201837464718,1145.41552734375,0.05049434304237366,1145.41552734375
4332,18.468334197998047,53.355003356933594,0.6424740293600633,1107.365966796875,0.052563607692718506,1107.365966796875
4333,18.35249900817871,56.37000274658203,0.6547005606072918,1128.9312744140625,0.04537668824195862,1128.9312744140625
4334,18.655834197998047,59.68833541870117,0.6393605534089043,1099.7059326171875,0.05007195472717285,1099.7059326171875
4335,18.52916717529297,52.33916473388672,0.6198648418356673,1119.27392578125,0.058114826679229736,1119.27392578125
4336,18.516666412353516,54.541664123535156,0.6886881197741859,1124.6435546875,0.04016360640525818,1124.6435546875
4337,17.856666564941406,48.68666458129883,0.623060162548118,1121.7518310546875,0.046920061111450195,1121.7518310546875
4338,18.44999885559082,54.05666732788086,0.612650537953678,1091.7222900390625,0.05066227912902832,1091.7222900390625
4339,17.865833282470703,49.49250030517578,0.6089911746242106,1106.1361083984375,0.07036137580871582,1106.1361083984375
4340,18.612499237060547,59.01166915893555,0.6100460384415475,1121.23388671875,0.05465656518936157,1121.23388671875
4341,18.420833587646484,55.18833541870117,0.6723682688295547,1044.971435546875,0.04890042543411255,1044.971435546875
4342,18.043333053588867,51.614166259765625,0.6232795589239586,1124.9476318359375,0.057595014572143555,1124.9476318359375
4343,18.327499389648438,56.56916427612305,0.6300222500517209,1095.218505859375,0.05102717876434326,1095.218505859375
4344,18.018333435058594,59.30833053588867,0.6642318673753034,1094.01611328125,0.05621185898780823,1094.01611328125
4345,18.1733341217041,50.06333541870117,0.6595141742711115,1098.2989501953125,0.05723506212234497,1098.2989501953125
4346,18.15916633605957,51.03666687011719,0.6682276331095904,1115.46630859375,0.043786048889160156,1115.46630859375
4347,17.72333335876465,49.526668548583984,0.6683927959569245,1112.7564697265625,0.03976565599441528,1112.7564697265625
4348,18.565834045410156,51.37166213989258,0.6704501810281023,1088.0430908203125,0.060512393712997437,1088.0430908203125
4349,17.706666946411133,51.247501373291016,0.6604747105004096,1108.4046630859375,0.04638618230819702,1108.4046630859375
4350,18.224166870117188,49.07583236694336,0.6455564437755765,1142.0230712890625,0.0672609806060791,1142.0230712890625
4351,19.08500099182129,55.026668548583984,0.6432509184845455,1078.1966552734375,0.04664665460586548,1078.1966552734375
4352,18.49416732788086,54.48250198364258,0.6624110697744533,1106.0513916015625,0.04057031869888306,1106.0513916015625
4353,18.316667556762695,52.58333206176758,0.6744597683279804,1103.490966796875,0.054346710443496704,1103.490966796875
4354,18.128334045410156,50.66583251953125,0.6310442809355439,1108.0172119140625,0.05386170744895935,1108.0172119140625
4355,18.516666412353516,54.15166473388672,0.6724130593785486,1087.99609375,0.05114537477493286,1087.99609375
4356,17.890832901000977,56.269996643066406,0.6474577405659614,1092.899169921875,0.04838922619819641,1092.899169921875
4357,18.21583366394043,53.383331298828125,0.6559635077041055,1109.3079833984375,0.05050826072692871,1109.3079833984375
4358,18.141666412353516,50.2650032043457,0.6565549548632891,1121.1654052734375,0.047066837549209595,1121.1654052734375
4359,18.041667938232422,54.40333557128906,0.6534057830628306,1091.7850341796875,0.045001715421676636,1091.7850341796875
4360,18.513334274291992,56.19083023071289,0.6618473714662276,1112.6619873046875,0.040234267711639404,1112.6619873046875
4361,18.775833129882812,59.28666687011719,0.6419024385198805,1067.9154052734375,0.05130600929260254,1067.9154052734375
4362,17.842500686645508,50.86083221435547,0.6477490630083245,1130.3236083984375,0.042780399322509766,1130.3236083984375
4363,18.101667404174805,53.19832992553711,0.681363199127308,1105.8302001953125,0.04864019155502319,1105.8302001953125
4364,18.45166778564453,57.92833709716797,0.6215047511626525,1089.7464599609375,0.05650395154953003,1089.7464599609375
4365,18.126667022705078,46.52916717529297,0.6659865544445733,1102.962890625,0.04284486174583435,1102.962890625
4366,18.86833381652832,54.19416427612305,0.6699605992723917,1106.0877685546875,0.036142557859420776,1106.0877685546875
4367,18.38749885559082,49.94333267211914,0.6323615805031803,1079.3250732421875,0.07421207427978516,1079.3250732421875
4368,18.060832977294922,51.53833770751953,0.6766706252063441,1088.26318359375,0.05561664700508118,1088.26318359375
4369,18.115833282470703,54.62750244140625,0.6672511509900283,1093.0950927734375,0.05094057321548462,1093.0950927734375
4370,18.020000457763672,49.782501220703125,0.6742115234795014,1081.2767333984375,0.053304582834243774,1081.2767333984375
4371,17.919166564941406,49.20750045776367,0.6758811365933691,1118.149658203125,0.043819159269332886,1118.149658203125
4372,18.113332748413086,47.33250045776367,0.6706351347564579,1111.283447265625,0.05849069356918335,1111.283447265625
4373,18.707500457763672,56.35750198364258,0.6908753207226921,1117.900390625,0.054576992988586426,1117.900390625
4374,18.16083335876465,51.080833435058594,0.6814044646645772,1128.0888671875,0.07304227352142334,1128.0888671875
4375,18.06999969482422,49.518333435058594,0.647623726166795,1110.478271484375,0.044980764389038086,1110.478271484375
4376,18.03416633605957,45.73250198364258,0.6653300364421045,1152.3187255859375,0.05450701713562012,1152.3187255859375
4377,18.40333366394043,55.21500015258789,0.6625447100042638,1104.7625732421875,0.05256214737892151,1104.7625732421875
4378,18.327499389648438,59.16749954223633,0.6667318901358196,1074.156494140625,0.060715168714523315,1074.156494140625
4379,18.205833435058594,48.80666732788086,0.6715706148067935,1128.5748291015625,0.05566120147705078,1128.5748291015625
4380,18.37416648864746,50.56999969482422,0.6792407870099336,1091.3201904296875,0.047715067863464355,1091.3201904296875
4381,18.418333053588867,51.64333724975586,0.6722900408257914,1136.268798828125,0.07386067509651184,1136.268798828125
4382,18.604999542236328,50.625831604003906,0.6865505268338188,1087.3477783203125,0.04946333169937134,1087.3477783203125
4383,18.258333206176758,53.8025016784668,0.6845562088480057,1057.9783935546875,0.05677670240402222,1057.9783935546875
4384,18.30583381652832,55.15333557128906,0.7010897117555794,1078.1788330078125,0.043004363775253296,1078.1788330078125
4385,18.25083351135254,53.70833206176758,0.6716406902968173,1105.03173828125,0.052616119384765625,1105.03173828125
4386,18.875,55.40250015258789,0.6856220089536955,1082.4400634765625,0.04502853751182556,1082.4400634765625
4387,18.7641658782959,52.81083679199219,0.6248497135784635,1092.2518310546875,0.04605370759963989,1092.2518310546875
4388,18.515832901000977,50.59833526611328,0.6745130704328758,1087.367919921875,0.06716147065162659,1087.367919921875
4389,18.350833892822266,53.48250198364258,0.6654921092502342,1072.1448974609375,0.04906490445137024,1072.1448974609375
4390,18.516666412353516,52.3216667175293,0.6293276879582945,1099.7799072265625,0.04826655983924866,1099.7799072265625
4391,18.149999618530273,49.667503356933594,0.6973931560286892,1100.3170166015625,0.047033995389938354,1100.3170166015625
4392,18.75,55.519996643066406,0.6351052770536395,1086.6663818359375,0.04135492444038391,1086.6663818359375
4393,18.746665954589844,54.37333679199219,0.6801505082982152,1108.32861328125,0.055246710777282715,1108.32861328125
4394,18.952499389648438,56.60832977294922,0.6802534844533318,1081.8138427734375,0.047955483198165894,1081.8138427734375
4395,18.275833129882812,53.99749755859375,0.6784002195307458,1095.7135009765625,0.04602020978927612,1095.7135009765625
4396,18.832500457763672,51.26166915893555,0.6416594040562965,1104.414794921875,0.05065971612930298,1104.414794921875
4397,18.66499900817871,53.07416915893555,0.6666812971649115,1113.3248291015625,0.03651082515716553,1113.3248291015625
4398,18.678333282470703,60.77166748046875,0.6381493113529995,1075.41650390625,0.05817732214927673,1075.41650390625
4399,18.655000686645508,51.874168395996094,0.6289286368682809,1119.45166015625,0.056638121604919434,1119.45166015625
4400,18.22333335876465,45.8316650390625,0.6684037502994638,1112.303955078125,0.06072193384170532,1112.303955078125
4401,18.758333206176758,55.313331604003906,0.6766815206105475,1068.547119140625,0.04540100693702698,1068.547119140625
4402,18.771665573120117,52.39999771118164,0.6836644732456311,1094.3416748046875,0.04833725094795227,1094.3416748046875
4403,19.039165496826172,58.91167068481445,0.6633695223583885,1091.5382080078125,0.04231441020965576,1091.5382080078125
4404,18.84666633605957,56.980831146240234,0.6611616164360343,1100.7103271484375,0.04694133996963501,1100.7103271484375
4405,18.630834579467773,49.76166915893555,0.6554087405252348,1118.279052734375,0.05653935670852661,1118.279052734375
4406,18.46666717529297,55.17499923706055,0.6618894625532676,1083.9598388671875,0.04980704188346863,1083.9598388671875
4407,18.732500076293945,52.249168395996094,0.6368001333578622,1086.87255859375,0.04831880331039429,1086.87255859375
4408,18.620834350585938,55.42916488647461,0.6577777185240814,1049.7408447265625,0.05665859580039978,1049.7408447265625
4409,18.724166870117188,57.08749771118164,0.6730207170803219,1100.130126953125,0.041003674268722534,1100.130126953125
4410,18.15250015258789,49.75083541870117,0.6715317643300142,1108.900146484375,0.04607751965522766,1108.900146484375
4411,18.198333740234375,53.43333435058594,0.6622924026069232,1061.902099609375,0.04710116982460022,1061.902099609375
4412,17.669166564941406,51.52666473388672,0.639153181865954,1117.4482421875,0.057380884885787964,1117.4482421875
4413,18.482500076293945,52.82999801635742,0.6892868731960201,1066.1048583984375,0.052367448806762695,1066.1048583984375
4414,18.113332748413086,53.34083557128906,0.6782971722167106,1111.00830078125,0.053285300731658936,1111.00830078125
4415,18.672500610351562,52.03666687011719,0.6884194485596307,1086.052734375,0.0485568642616272,1086.052734375
4416,18.371667861938477,51.739166259765625,0.6691177078722305,1093.43115234375,0.051119863986968994,1093.43115234375
4417,18.683334350585938,54.39249801635742,0.6709067954380994,1086.4053955078125,0.04208061099052429,1086.4053955078125
4418,18.579166412353516,56.29916763305664,0.6799473554612557,1093.488525390625,0.061029672622680664,1093.488525390625
4419,18.439167022705078,52.72416305541992,0.6416155654683378,1090.1259765625,0.06177857518196106,1090.1259765625
4420,18.452499389648438,50.920833587646484,0.682960703407356,1098.5703125,0.05112016201019287,1098.5703125
4421,17.7641658782959,50.9566650390625,0.6696892267400025,1112.21826171875,0.049122899770736694,1112.21826171875
4422,18.456666946411133,49.79166793823242,0.6792243247471461,1063.175537109375,0.04554140567779541,1063.175537109375
4423,18.545000076293945,51.77333450317383,0.6655176239793271,1101.1002197265625,0.040195584297180176,1101.1002197265625
4424,18.406667709350586,53.29999923706055,0.668175081585206,1095.5643310546875,0.0476207435131073,1095.5643310546875
4425,18.487499237060547,57.580833435058594,0.6377185025614591,1105.2369384765625,0.04449141025543213,1105.2369384765625
4426,18.088333129882812,52.2158317565918,0.6318267235388821,1118.1070556640625,0.05369022488594055,1118.1070556640625
4427,18.20833396911621,51.54499816894531,0.6746000324317308,1105.669921875,0.04325687885284424,1105.669921875
4428,18.57416534423828,53.812496185302734,0.6908716126404458,1087.394775390625,0.043904006481170654,1087.394775390625
4429,18.716665267944336,57.758331298828125,0.6660064325967227,1128.75244140625,0.05080249905586243,1128.75244140625
4430,18.155832290649414,54.23833084106445,0.669708254928745,1076.0712890625,0.04708525538444519,1076.0712890625
4431,18.394166946411133,54.86833572387695,0.6462610979699162,1154.0404052734375,0.04629442095756531,1154.0404052734375
4432,18.156667709350586,55.1441650390625,0.649589126408305,1082.2745361328125,0.04617190361022949,1082.2745361328125
4433,18.24916648864746,50.662498474121094,0.6554445587115547,1116.7454833984375,0.04471319913864136,1116.7454833984375
4434,18.61750030517578,57.125003814697266,0.6503248871749083,1092.2855224609375,0.04794669151306152,1092.2855224609375
4435,18.503334045410156,54.93666458129883,0.6838955621174998,1081.15869140625,0.0637345016002655,1081.15869140625
4436,17.979999542236328,55.08916473388672,0.6394146803990691,1119.8958740234375,0.04915007948875427,1119.8958740234375
4437,18.599166870117188,55.794166564941406,0.6368363173748196,1104.3543701171875,0.04189756512641907,1104.3543701171875
4438,18.344999313354492,52.56416702270508,0.6698109899149794,1059.671142578125,0.05113556981086731,1059.671142578125
4439,18.59083366394043,57.985836029052734,0.652539179281076,1085.4429931640625,0.05057629942893982,1085.4429931640625
4440,18.487499237060547,53.53999710083008,0.6770530910143244,1112.787109375,0.04802316427230835,1112.787109375
4441,18.543333053588867,55.17583465576172,0.6340317334644736,1093.5504150390625,0.05039605498313904,1093.5504150390625
4442,18.184167861938477,49.54083251953125,0.6772574561647291,1084.836181640625,0.05527466535568237,1084.836181640625
4443,18.370834350585938,50.53499984741211,0.6152144386341166,1093.1234130859375,0.06089890003204346,1093.1234130859375
4444,18.625,53.64500427246094,0.6361021744205078,1123.49755859375,0.054256558418273926,1123.49755859375
4445,18.06916618347168,56.80083084106445,0.666962607975745,1109.259765625,0.04228588938713074,1109.259765625
4446,18.832500457763672,54.67583465576172,0.6205902378491811,1096.15087890625,0.050045013427734375,1096.15087890625
4447,18.599166870117188,54.189998626708984,0.6473225126530082,1131.580810546875,0.0333063006401062,1131.580810546875
4448,18.86750030517578,53.07250213623047,0.6088104246331992,1098.9810791015625,0.05530470609664917,1098.9810791015625
4449,18.012500762939453,53.84583282470703,0.6627514892912016,1124.465576171875,0.04643142223358154,1124.465576171875
4450,17.822500228881836,48.17333221435547,0.6576707141167586,1093.739990234375,0.04251536726951599,1093.739990234375
4451,18.607500076293945,56.5533332824707,0.6231052202226546,1078.91552734375,0.0464300811290741,1078.91552734375
4452,18.237499237060547,51.48583221435547,0.6346497919411206,1119.3243408203125,0.04849839210510254,1119.3243408203125
4453,18.61750030517578,57.58416748046875,0.6573386265184515,1097.49853515625,0.0510522723197937,1097.49853515625
4454,17.913333892822266,54.17333221435547,0.6586580092126103,1063.7833251953125,0.046630650758743286,1063.7833251953125
4455,18.32666778564453,51.546669006347656,0.625978565399452,1136.908203125,0.04817429184913635,1136.908203125
4456,18.320833206176758,49.01166534423828,0.6636321021739904,1109.122802734375,0.04698216915130615,1109.122802734375
4457,17.854999542236328,47.40083312988281,0.6232704709730265,1119.9522705078125,0.04727578163146973,1119.9522705078125
4458,18.26416778564453,53.69832992553711,0.6497611918319639,1084.028076171875,0.042238593101501465,1084.028076171875
4459,18.459999084472656,50.53750228881836,0.6350811207527545,1109.414794921875,0.061410605907440186,1109.414794921875
4460,18.434165954589844,54.14833450317383,0.6477893819658388,1109.190185546875,0.056036531925201416,1109.190185546875
4461,18.369998931884766,49.4466667175293,0.6137698914390458,1127.3804931640625,0.0520632266998291,1127.3804931640625
4462,18.295000076293945,50.329166412353516,0.65709258044845,1105.576416015625,0.04137161374092102,1105.576416015625
4463,18.478334426879883,56.962501525878906,0.6707744935844628,1088.743408203125,0.05351343750953674,1088.743408203125
4464,18.435832977294922,52.6158332824707,0.6501238938219795,1099.75048828125,0.04461747407913208,1099.75048828125
4465,18.3608341217041,47.70000076293945,0.6580649813493782,1115.7259521484375,0.048494309186935425,1115.7259521484375
4466,17.90250015258789,48.057498931884766,0.6640881635221962,1109.77197265625,0.046136438846588135,1109.77197265625
4467,18.346668243408203,53.899169921875,0.673498412849308,1105.7108154296875,0.050780802965164185,1105.7108154296875
4468,18.211668014526367,49.598331451416016,0.6548036632862889,1107.7603759765625,0.08033362030982971,1107.7603759765625
4469,18.60916519165039,51.30083465576172,0.6310244751009966,1118.3580322265625,0.04877153038978577,1118.3580322265625
4470,18.28999900817871,54.956668853759766,0.6671391848977014,1092.0135498046875,0.04863429069519043,1092.0135498046875
4471,18.273332595825195,49.94583511352539,0.6463363261472357,1101.2445068359375,0.06792199611663818,1101.2445068359375
4472,18.190834045410156,54.03000259399414,0.6450162689377885,1105.7515869140625,0.045743346214294434,1105.7515869140625
4473,18.33333396911621,44.145835876464844,0.6539420979864536,1086.55078125,0.06579539179801941,1086.55078125
4474,18.627500534057617,55.21916580200195,0.6598499796614997,1095.749267578125,0.04849079251289368,1095.749267578125
4475,18.330833435058594,59.72416305541992,0.6684870822717169,1087.28173828125,0.05085182189941406,1087.28173828125
4476,18.15833282470703,57.90833282470703,0.6461070522964962,1120.528076171875,0.046347200870513916,1120.528076171875
4477,18.385000228881836,53.25166702270508,0.6688237733956484,1097.730712890625,0.05403962731361389,1097.730712890625
4478,18.26249885559082,48.01749801635742,0.657657524706077,1051.840576171875,0.059676945209503174,1051.840576171875
4479,18.00749969482422,49.69416427612305,0.6465211805390212,1121.3177490234375,0.05182424187660217,1121.3177490234375
4480,18.809165954589844,53.776668548583984,0.6435896290521412,1120.4002685546875,0.04267847537994385,1120.4002685546875
4481,19.078332901000977,57.80916976928711,0.6888938837327614,1078.7481689453125,0.049825519323349,1078.7481689453125
4482,17.969999313354492,51.424171447753906,0.654848410052448,1119.2772216796875,0.0440005362033844,1119.2772216796875
4483,18.31999969482422,52.788333892822266,0.6416092304641837,1056.276611328125,0.06663340330123901,1056.276611328125
4484,18.970001220703125,59.09749984741211,0.6832118925000814,1115.620849609375,0.05244907736778259,1115.620849609375
4485,18.440834045410156,54.929168701171875,0.6759983883685308,1094.308837890625,0.04294776916503906,1094.308837890625
4486,18.8700008392334,53.65083312988281,0.6933760210089283,1082.4442138671875,0.04764211177825928,1082.4442138671875
4487,18.47749900817871,56.69333267211914,0.6356299802885117,1101.525634765625,0.05156975984573364,1101.525634765625
4488,18.218334197998047,47.85000228881836,0.6656882110013842,1084.7489013671875,0.05052405595779419,1084.7489013671875
4489,17.71666717529297,48.21916580200195,0.6529468400277656,1141.0838623046875,0.04556405544281006,1141.0838623046875
4490,17.958332061767578,52.93583297729492,0.6793505460243661,1149.8919677734375,0.047029078006744385,1149.8919677734375
4491,18.34583282470703,54.04083251953125,0.6538811796504831,1105.29443359375,0.0485919713973999,1105.29443359375
4492,18.510833740234375,51.736663818359375,0.6604712908171497,1107.769775390625,0.04399499297142029,1107.769775390625
4493,18.43000030517578,56.731666564941406,0.6608429067286059,1085.9599609375,0.04657328128814697,1085.9599609375
4494,18.508333206176758,51.25,0.6370041081980357,1097.5657958984375,0.06254711747169495,1097.5657958984375
4495,18.299999237060547,53.798336029052734,0.6621152405144809,1107.51416015625,0.039145827293395996,1107.51416015625
4496,18.037500381469727,47.67416763305664,0.6357970575326701,1121.072998046875,0.053839415311813354,1121.072998046875
4497,18.309167861938477,55.3025016784668,0.6716795841416925,1094.397216796875,0.04312324523925781,1094.397216796875
4498,18.046667098999023,48.503334045410156,0.662620841441551,1081.71923828125,0.042604923248291016,1081.71923828125
4499,18.625,55.253334045410156,0.6599228594709006,1089.8819580078125,0.04360505938529968,1089.8819580078125
4500,17.99916648864746,50.983333587646484,0.6448229182127281,1134.595947265625,0.053418368101119995,1134.595947265625
4501,18.691665649414062,62.63416290283203,0.6454007588820376,1081.88134765625,0.04964861273765564,1081.88134765625
4502,18.47249984741211,51.53166580200195,0.6505194802656245,1124.8809814453125,0.05671185255050659,1124.8809814453125
4503,18.28999900817871,52.27833557128906,0.6744932138802168,1098.527099609375,0.05045458674430847,1098.527099609375
4504,18.26249885559082,44.45833206176758,0.6426991735818014,1093.698974609375,0.06305745244026184,1093.698974609375
4505,18.43083381652832,53.53083801269531,0.6566640079686192,1132.711181640625,0.05527183413505554,1132.711181640625
4506,18.559165954589844,49.13249969482422,0.6789080718995809,1098.5792236328125,0.048397570848464966,1098.5792236328125
4507,18.982500076293945,56.673336029052734,0.6607254365093551,1111.13427734375,0.04672309756278992,1111.13427734375
4508,18.61833381652832,57.16416931152344,0.6891668840224067,1075.393798828125,0.0437641441822052,1075.393798828125
4509,18.189998626708984,54.58833694458008,0.6702268405931278,1097.0079345703125,0.05293324589729309,1097.0079345703125
4510,18.86750030517578,53.09000015258789,0.6683717903210197,1106.7529296875,0.05046394467353821,1106.7529296875
4511,18.729999542236328,57.39666748046875,0.6404788890685982,1096.8623046875,0.05391418933868408,1096.8623046875
4512,18.90999984741211,54.86582946777344,0.6674465725547154,1122.25244140625,0.04754364490509033,1122.25244140625
4513,18.241666793823242,51.50583267211914,0.647091331713401,1094.9720458984375,0.04864686727523804,1094.9720458984375
4514,18.449167251586914,52.24333572387695,0.6965518628951858,1100.7872314453125,0.04140844941139221,1100.7872314453125
4515,18.21416664123535,44.14083480834961,0.6392435460585091,1093.299072265625,0.05327630043029785,1093.299072265625
4516,18.52833366394043,51.37333297729492,0.6783955519833197,1068.986572265625,0.044901877641677856,1068.986572265625
4517,19.16083335876465,59.275001525878906,0.6592457105185586,1089.3116455078125,0.052516400814056396,1089.3116455078125
4518,18.670000076293945,54.90250015258789,0.6945922102036295,1080.9239501953125,0.045713841915130615,1080.9239501953125
4519,18.626667022705078,53.070831298828125,0.6820026519091895,1117.6690673828125,0.062338799238204956,1117.6690673828125
4520,18.22749900817871,50.26166534423828,0.6982374628062955,1097.5267333984375,0.04418700933456421,1097.5267333984375
4521,17.949167251586914,47.36833190917969,0.641944092521406,1146.1949462890625,0.05076354742050171,1146.1949462890625
4522,18.14499855041504,51.23583221435547,0.670631442329176,1109.3985595703125,0.05364072322845459,1109.3985595703125
4523,17.75750160217285,45.548336029052734,0.6659970873545934,1116.6278076171875,0.07205688953399658,1116.6278076171875
4524,18.309999465942383,48.94750213623047,0.6356523404156922,1119.04931640625,0.05607005953788757,1119.04931640625
4525,18.90250015258789,56.51249694824219,0.6850521483185084,1139.3050537109375,0.04586276412010193,1139.3050537109375
4526,18.690000534057617,52.54083251953125,0.6597112040101616,1066.0489501953125,0.043894797563552856,1066.0489501953125
4527,18.45166778564453,52.84416580200195,0.6156547238029572,1113.8480224609375,0.04462325572967529,1113.8480224609375
4528,18.19999885559082,48.606666564941406,0.6803043962188307,1113.14501953125,0.04659169912338257,1113.14501953125
4529,18.325834274291992,51.366668701171875,0.6640110413416666,1134.934326171875,0.04522144794464111,1134.934326171875
4530,18.52083396911621,51.58333206176758,0.65064013409214,1087.587646484375,0.053486645221710205,1087.587646484375
4531,17.795833587646484,49.30416488647461,0.6273508017607192,1121.669921875,0.049018919467926025,1121.669921875
4532,18.209999084472656,53.09416580200195,0.6942041289452654,1147.80126953125,0.04629415273666382,1147.80126953125
4533,18.559999465942383,54.11083221435547,0.64218605909614,1083.7601318359375,0.05022633075714111,1083.7601318359375
4534,18.642499923706055,53.53000259399414,0.6523346684418266,1096.10400390625,0.046460360288619995,1096.10400390625
4535,18.16499900817871,57.30083465576172,0.6556013392272823,1086.2042236328125,0.04093259572982788,1086.2042236328125
4536,18.674999237060547,55.211669921875,0.6550047764085877,1077.136962890625,0.047043442726135254,1077.136962890625
4537,18.14666748046875,50.37333297729492,0.6263361819628835,1133.2117919921875,0.05018335580825806,1133.2117919921875
4538,18.1924991607666,54.91416549682617,0.6770986800390885,1108.818359375,0.047484129667282104,1108.818359375
4539,18.68666648864746,49.51750183105469,0.6257795240564014,1110.8037109375,0.050421446561813354,1110.8037109375
4540,17.97833251953125,50.2208366394043,0.667014465518823,1079.9622802734375,0.04063737392425537,1079.9622802734375
4541,17.99250030517578,55.326663970947266,0.6363375948489223,1104.070556640625,0.04462268948554993,1104.070556640625
4542,18.082500457763672,48.32583236694336,0.6235035170727055,1142.6121826171875,0.047920405864715576,1142.6121826171875
4543,18.445833206176758,53.68833541870117,0.6739585395937588,1106.6756591796875,0.04484108090400696,1106.6756591796875
4544,18.497499465942383,54.29666519165039,0.6642270739762731,1098.25537109375,0.04120728373527527,1098.25537109375
4545,18.47749900817871,50.06416320800781,0.6326325029661146,1153.0589599609375,0.044840455055236816,1153.0589599609375
4546,18.175832748413086,52.99083709716797,0.6799037157528924,1120.2164306640625,0.043905824422836304,1120.2164306640625
4547,18.53416633605957,55.554168701171875,0.6766690082595535,1096.6192626953125,0.05507612228393555,1096.6192626953125
4548,17.87416648864746,48.934165954589844,0.6546561042409978,1159.9600830078125,0.05423673987388611,1159.9600830078125
4549,18.01416778564453,47.81999969482422,0.6666379762035541,1104.9739990234375,0.056577056646347046,1104.9739990234375
4550,17.85333251953125,49.935001373291016,0.6286156023443139,1124.191650390625,0.0583549439907074,1124.191650390625
4551,18.735000610351562,54.84250259399414,0.6293506912060314,1075.1812744140625,0.04123154282569885,1075.1812744140625
4552,18.792499542236328,54.40916442871094,0.6720469949612025,1101.501953125,0.047730714082717896,1101.501953125
4553,17.995832443237305,54.26499938964844,0.6449445706199655,1081.78173828125,0.05261138081550598,1081.78173828125
4554,18.171667098999023,52.06333541870117,0.6419250502274438,1127.50537109375,0.04704156517982483,1127.50537109375
4555,17.891666412353516,52.67500305175781,0.6719431054414309,1070.3736572265625,0.051970452070236206,1070.3736572265625
4556,18.052499771118164,49.69916534423828,0.6398267009190267,1124.4957275390625,0.043233245611190796,1124.4957275390625
4557,18.174999237060547,50.772499084472656,0.690543767247941,1109.94677734375,0.04171311855316162,1109.94677734375
4558,18.25083351135254,52.59333419799805,0.6532808050649572,1104.3067626953125,0.03763732314109802,1104.3067626953125
4559,17.956666946411133,52.69667053222656,0.6533198633767807,1096.630615234375,0.048959970474243164,1096.630615234375
4560,18.123332977294922,51.630828857421875,0.6672662844295223,1139.9454345703125,0.04709407687187195,1139.9454345703125
4561,18.513334274291992,58.71000289916992,0.6649015786913857,1088.15380859375,0.04715815186500549,1088.15380859375
4562,17.99416732788086,50.02416229248047,0.6357824847099992,1115.3560791015625,0.04358068108558655,1115.3560791015625
4563,18.568334579467773,57.18000030517578,0.6788062357732935,1080.75341796875,0.04673659801483154,1080.75341796875
4564,18.020000457763672,48.09666442871094,0.6794157240246985,1114.2730712890625,0.05639028549194336,1114.2730712890625
4565,18.12583351135254,50.70166778564453,0.6365635416066957,1133.584716796875,0.05726134777069092,1133.584716796875
4566,18.280834197998047,51.26000213623047,0.6795837887417895,1111.687255859375,0.04313594102859497,1111.687255859375
4567,18.310832977294922,49.92416763305664,0.6867126248988614,1091.796630859375,0.057499319314956665,1091.796630859375
4568,18.427499771118164,50.628334045410156,0.6547859552096029,1120.661865234375,0.04936420917510986,1120.661865234375
4569,18.292499542236328,52.4275016784668,0.6765149260930144,1127.966552734375,0.0523681640625,1127.966552734375
4570,18.28999900817871,47.026668548583984,0.6309594772420504,1079.5347900390625,0.05634045600891113,1079.5347900390625
4571,18.641666412353516,53.51499938964844,0.6758450554212337,1098.2301025390625,0.040211617946624756,1098.2301025390625
4572,18.661666870117188,53.39833450317383,0.6812285948768194,1093.2589111328125,0.04730045795440674,1093.2589111328125
4573,18.581666946411133,52.91083526611328,0.6472280802227103,1110.6854248046875,0.04038599133491516,1110.6854248046875
4574,18.6299991607666,54.595001220703125,0.6849436228693888,1093.830078125,0.06171491742134094,1093.830078125
4575,18.120832443237305,46.13999938964844,0.6589732046410643,1096.4603271484375,0.054462820291519165,1096.4603271484375
4576,18.741666793823242,53.00833511352539,0.6713059754036851,1095.104248046875,0.04422706365585327,1095.104248046875
4577,19.39750099182129,55.99583435058594,0.6446572342534679,1091.538818359375,0.04963374137878418,1091.538818359375
4578,18.665834426879883,53.09916687011719,0.6588700662248163,1088.2796630859375,0.052106887102127075,1088.2796630859375
4579,19.030834197998047,57.63083267211914,0.6769604328933144,1076.28662109375,0.05405980348587036,1076.28662109375
4580,18.7358341217041,54.8558349609375,0.6509966186118645,1059.78759765625,0.04170075058937073,1059.78759765625
4581,18.704166412353516,54.246665954589844,0.6670274087411594,1098.10107421875,0.050305962562561035,1098.10107421875
4582,18.469165802001953,54.58833694458008,0.6809182466886972,1077.506103515625,0.04355823993682861,1077.506103515625
4583,17.97083282470703,51.67499923706055,0.6660235781861038,1111.9241943359375,0.043332844972610474,1111.9241943359375
4584,19.422500610351562,55.997501373291016,0.654955390435997,1115.5010986328125,0.051854878664016724,1115.5010986328125
4585,19.008333206176758,57.06083297729492,0.6663206396142564,1089.85009765625,0.04007330536842346,1089.85009765625
4586,18.830833435058594,57.37083435058594,0.667265412720985,1090.4730224609375,0.042293697595596313,1090.4730224609375
4587,18.8174991607666,50.7791633605957,0.6373847044143718,1087.643798828125,0.04631835222244263,1087.643798828125
4588,18.190834045410156,50.45499801635742,0.6525072111419963,1116.0072021484375,0.04642003774642944,1116.0072021484375
4589,18.851665496826172,56.73249816894531,0.6766488705506131,1072.5018310546875,0.04521757364273071,1072.5018310546875
4590,19.32750129699707,58.50166702270508,0.6597304649198739,1090.4136962890625,0.05615496635437012,1090.4136962890625
4591,18.974166870117188,54.548336029052734,0.6856700146896209,1094.0966796875,0.04417693614959717,1094.0966796875
4592,18.753334045410156,52.45000076293945,0.6735392689707228,1070.1513671875,0.054739803075790405,1070.1513671875
4593,19.614999771118164,60.40166473388672,0.6625246057187899,1066.83251953125,0.0524754524230957,1066.83251953125
4594,18.795833587646484,51.866668701171875,0.6486831895719806,1116.76513671875,0.0526580810546875,1116.76513671875
4595,18.50749969482422,49.372501373291016,0.6609786289656623,1107.52685546875,0.05270931124687195,1107.52685546875
4596,18.50666618347168,53.80500030517578,0.6370532290444472,1081.2406005859375,0.047278374433517456,1081.2406005859375
4597,18.98750114440918,58.39750289916992,0.6752795534519971,1099.8785400390625,0.04774463176727295,1099.8785400390625
4598,18.65166664123535,52.7216682434082,0.6670764273006642,1100.52099609375,0.049358099699020386,1100.52099609375
4599,18.49416732788086,51.451663970947266,0.6522898003033616,1103.5313720703125,0.058815836906433105,1103.5313720703125
4600,19.175832748413086,61.12833786010742,0.6747374892648063,1063.6787109375,0.04787874221801758,1063.6787109375
4601,18.439167022705078,51.77333450317383,0.6341699801599937,1115.6177978515625,0.04026758670806885,1115.6177978515625
4602,19.146665573120117,57.374168395996094,0.6812830096886251,1059.0640869140625,0.04738137125968933,1059.0640869140625
4603,18.301668167114258,51.24250030517578,0.6425490349788876,1128.9482421875,0.04822102189064026,1128.9482421875
4604,18.511667251586914,50.83833312988281,0.6569535518301846,1107.01416015625,0.05424314737319946,1107.01416015625
4605,18.646665573120117,54.88749694824219,0.6679844390156062,1134.7288818359375,0.04554641246795654,1134.7288818359375
4606,18.33333396911621,50.27750015258789,0.6647956895977262,1113.3387451171875,0.04036432504653931,1113.3387451171875
4607,18.362499237060547,55.37916564941406,0.6527759299217116,1091.7457275390625,0.0432528555393219,1091.7457275390625
4608,18.729999542236328,55.68000030517578,0.6355904696619207,1082.177490234375,0.04923886060714722,1082.177490234375
4609,18.662500381469727,54.34583282470703,0.6928157461325174,1105.7239990234375,0.05320239067077637,1105.7239990234375
4610,17.95083236694336,51.89333724975586,0.681558642957609,1108.941162109375,0.05033963918685913,1108.941162109375
4611,18.520000457763672,50.34416961669922,0.6273036064933084,1151.8985595703125,0.045138418674468994,1151.8985595703125
4612,18.889999389648438,55.5283317565918,0.6515437311978494,1115.287353515625,0.039109766483306885,1115.287353515625
4613,18.629165649414062,56.44916915893555,0.6376856834547724,1075.9619140625,0.04604330658912659,1075.9619140625
4614,18.880834579467773,55.56999969482422,0.616550550650258,1063.24951171875,0.04369908571243286,1063.24951171875
4615,18.248332977294922,54.05666732788086,0.6516410222227671,1085.41455078125,0.04783153533935547,1085.41455078125
4616,18.59166717529297,52.8458366394043,0.6639448651237035,1079.2125244140625,0.04754430055618286,1079.2125244140625
4617,18.63166618347168,53.06166458129883,0.6284534320644325,1076.7135009765625,0.04520168900489807,1076.7135009765625
4618,18.40916633605957,51.247501373291016,0.6382359056006731,1116.16943359375,0.03852561116218567,1116.16943359375
4619,18.605833053588867,55.966670989990234,0.6501892427308953,1118.9632568359375,0.0424230694770813,1118.9632568359375
4620,18.89083480834961,55.17667007446289,0.6596253023121875,1070.7904052734375,0.04289314150810242,1070.7904052734375
4621,18.716665267944336,54.62750244140625,0.6586668760006604,1092.4139404296875,0.043954044580459595,1092.4139404296875
4622,18.370834350585938,49.20166778564453,0.6345579681488118,1100.293212890625,0.05903810262680054,1100.293212890625
4623,18.6733341217041,51.70916748046875,0.6468808242787277,1071.5528564453125,0.04282543063163757,1071.5528564453125
4624,18.381668090820312,54.369171142578125,0.6532753436840503,1102.19677734375,0.0467323362827301,1102.19677734375
4625,18.501667022705078,54.73833084106445,0.634412947544308,1120.4364013671875,0.059719085693359375,1120.4364013671875
4626,18.229167938232422,48.90416717529297,0.6425111828496259,1107.4166259765625,0.05072218179702759,1107.4166259765625
4627,18.89583396911621,54.87416458129883,0.6620498597256989,1081.6126708984375,0.056937187910079956,1081.6126708984375
4628,19.40166664123535,53.893333435058594,0.6532183408597855,1103.8385009765625,0.048404693603515625,1103.8385009765625
4629,18.414167404174805,52.008331298828125,0.6345244229838158,1105.8472900390625,0.05809178948402405,1105.8472900390625
4630,18.540834426879883,54.74333190917969,0.6692713934039787,1103.611083984375,0.04185357689857483,1103.611083984375
4631,18.34083366394043,51.735836029052734,0.652049030233446,1101.1514892578125,0.038901299238204956,1101.1514892578125
4632,18.892499923706055,55.92667007446289,0.6471900978137181,1104.321533203125,0.05408024787902832,1104.321533203125
4633,18.736665725708008,52.03916549682617,0.6692589620591975,1121.3309326171875,0.04259249567985535,1121.3309326171875
4634,18.67583465576172,48.91166687011719,0.6529122355044799,1103.3642578125,0.04680970311164856,1103.3642578125
4635,18.291667938232422,50.91166687011719,0.6515117145197405,1101.203857421875,0.048804908990859985,1101.203857421875
4636,18.786666870117188,54.15333557128906,0.6829310268173846,1112.58349609375,0.050199031829833984,1112.58349609375
4637,18.86833381652832,53.13833236694336,0.6335340802884333,1115.1810302734375,0.04596644639968872,1115.1810302734375
4638,18.27666664123535,50.08250045776367,0.628694556018951,1121.7210693359375,0.047694653272628784,1121.7210693359375
4639,18.880834579467773,54.442501068115234,0.6840643690926883,1101.6181640625,0.04736551642417908,1101.6181640625
4640,19.21666717529297,54.50083541870117,0.6583146608301665,1057.54833984375,0.05160978436470032,1057.54833984375
4641,18.718334197998047,53.12416458129883,0.6612713134276867,1122.998046875,0.04643198847770691,1122.998046875
4642,19.053333282470703,52.913330078125,0.6612330341775212,1097.778076171875,0.049730002880096436,1097.778076171875
4643,18.622499465942383,48.705833435058594,0.652038530286127,1123.1689453125,0.06815049052238464,1123.1689453125
4644,18.23499870300293,46.330833435058594,0.653597539507752,1148.1058349609375,0.0492042601108551,1148.1058349609375
4645,18.434999465942383,53.647499084472656,0.6548051674328258,1127.0538330078125,0.0388110876083374,1127.0538330078125
4646,18.384166717529297,54.250831604003906,0.6712366736969619,1105.394775390625,0.04729756712913513,1105.394775390625
4647,18.65916633605957,52.208335876464844,0.68656912743316,1072.27978515625,0.04390054941177368,1072.27978515625
4648,18.927499771118164,56.96833038330078,0.6620214703851179,1092.31982421875,0.04061582684516907,1092.31982421875
4649,17.963333129882812,48.869998931884766,0.6734848980647211,1117.5850830078125,0.0534079372882843,1117.5850830078125
4650,18.519166946411133,57.61916732788086,0.6645423484553961,1109.82275390625,0.04528236389160156,1109.82275390625
4651,18.795833587646484,56.36583709716797,0.6723129605980538,1098.7669677734375,0.04116302728652954,1098.7669677734375
4652,18.75083351135254,54.84333038330078,0.669841091379123,1100.1785888671875,0.04617658257484436,1100.1785888671875
4653,18.565834045410156,51.318336486816406,0.6561500209470056,1099.1793212890625,0.05671131610870361,1099.1793212890625
4654,18.704166412353516,51.507503509521484,0.6364921429371959,1081.5052490234375,0.05779257416725159,1081.5052490234375
4655,18.292499542236328,49.834999084472656,0.6969735179052136,1120.562255859375,0.03631776571273804,1120.562255859375
4656,18.730833053588867,54.975830078125,0.6558013560265519,1096.4805908203125,0.053110718727111816,1096.4805908203125
4657,18.342498779296875,52.82999801635742,0.6751150779764773,1074.344970703125,0.040778160095214844,1074.344970703125
4658,17.96500015258789,51.78833770751953,0.6722189774691338,1087.490478515625,0.05215167999267578,1087.490478515625
4659,18.84000015258789,48.855831146240234,0.6789463330230168,1089.43310546875,0.053067177534103394,1089.43310546875
4660,18.759166717529297,51.40666961669922,0.6399991495675441,1099.9112548828125,0.048673003911972046,1099.9112548828125
4661,19.330833435058594,57.244163513183594,0.6869757098384776,1105.7835693359375,0.05444738268852234,1105.7835693359375
4662,18.718334197998047,51.70417022705078,0.6646177752355313,1115.702880859375,0.06789389252662659,1115.702880859375
4663,18.70333480834961,48.42250061035156,0.686118375830495,1109.84619140625,0.044609785079956055,1109.84619140625
4664,18.981666564941406,59.034996032714844,0.6687252018125829,1090.5867919921875,0.04850175976753235,1090.5867919921875
4665,18.71500015258789,55.15166473388672,0.6768170121957968,1075.1392822265625,0.0443362295627594,1075.1392822265625
4666,18.599166870117188,54.893333435058594,0.6813272616700738,1118.1610107421875,0.04011520743370056,1118.1610107421875
4667,18.677499771118164,54.14583206176758,0.6823935704884493,1112.6019287109375,0.046195149421691895,1112.6019287109375
4668,18.690000534057617,49.23749923706055,0.6702734986057535,1086.51904296875,0.0506557822227478,1086.51904296875
4669,18.59166717529297,50.63999938964844,0.6842084351783126,1103.451904296875,0.053548187017440796,1103.451904296875
4670,18.381668090820312,53.14833450317383,0.6604425116693953,1096.5091552734375,0.04081839323043823,1096.5091552734375
4671,18.334999084472656,45.50583267211914,0.6277042962347362,1130.47705078125,0.051946789026260376,1130.47705078125
4672,18.906665802001953,51.88999938964844,0.6568927947273487,1099.9105224609375,0.04385492205619812,1099.9105224609375
4673,18.082500457763672,54.04499816894531,0.6675970853410405,1094.39794921875,0.04709985852241516,1094.39794921875
4674,18.79666519165039,51.4091682434082,0.6214674002424502,1093.5145263671875,0.0445137619972229,1093.5145263671875
4675,18.476667404174805,51.9566650390625,0.6520329593157888,1107.9410400390625,0.0426730215549469,1107.9410400390625
4676,18.5483341217041,49.630001068115234,0.658904954980526,1092.5242919921875,0.04261687397956848,1092.5242919921875
4677,18.63249969482422,55.515830993652344,0.6678491254399801,1085.1580810546875,0.04391941428184509,1085.1580810546875
4678,18.633333206176758,56.1150016784668,0.6716046377119737,1075.5845947265625,0.04120698571205139,1075.5845947265625
