0,85.01194763183594,1.5808333158493042,0.36206475980116426,6049.46484375,1.5128823518753052,6049.46484375,0.36206475980116426
1,0.0,0.0,0.2499999925494193,2501.539306640625,1.5393431186676025,2501.539306640625,0.2499999925494193
2,0.0,0.0,0.2499999925494193,2501.530029296875,1.5301504135131836,2501.530029296875,0.2499999925494193
3,0.0,0.0,0.2499999925494193,2501.53759765625,1.5376238822937012,2501.53759765625,0.2499999925494193
4,0.0,0.0,0.2499999925494193,2501.550537109375,1.5505640506744385,2501.550537109375,0.2499999925494193
5,0.0,0.0,0.2499999925494193,2501.5419921875,1.5418918132781982,2501.5419921875,0.2499999925494193
6,0.0,0.0,0.2499999925494193,2501.537841796875,1.5377568006515503,2501.537841796875,0.2499999925494193
7,0.0,0.0,0.2499999925494193,2501.543212890625,1.5433282852172852,2501.543212890625,0.2499999925494193
8,0.0,0.0,0.2499999925494193,2501.53466796875,1.5345916748046875,2501.53466796875,0.2499999925494193
9,0.0,0.0,0.2499999925494193,2501.537109375,1.5369898080825806,2501.537109375,0.2499999925494193
10,0.0,0.0,0.2499999925494193,2501.5390625,1.5389690399169922,2501.5390625,0.2499999925494193
11,0.0,0.0,0.2499999925494193,2501.530029296875,1.5299946069717407,2501.530029296875,0.2499999925494193
12,0.0,0.0,0.2499999925494193,2501.530029296875,1.5301108360290527,2501.530029296875,0.2499999925494193
13,0.0,0.0,0.2499999925494193,2501.52734375,1.5272363424301147,2501.52734375,0.2499999925494193
14,0.0,0.0,0.2499999925494193,2501.5302734375,1.530165195465088,2501.5302734375,0.2499999925494193
15,0.0,0.0,0.2499999925494193,2501.53662109375,1.5367323160171509,2501.53662109375,0.2499999925494193
16,0.0,0.0,0.2499999925494193,2501.528076171875,1.5280317068099976,2501.528076171875,0.2499999925494193
17,0.0,0.0,0.2499999925494193,2501.535400390625,1.5353425741195679,2501.535400390625,0.2499999925494193
18,0.0,0.0,0.2499999925494193,2501.5400390625,1.540149450302124,2501.5400390625,0.2499999925494193
19,0.0,0.0,0.2499999925494193,2501.528564453125,1.5285874605178833,2501.528564453125,0.2499999925494193
20,0.0,0.0,0.2499999925494193,2501.531982421875,1.5320892333984375,2501.531982421875,0.2499999925494193
21,0.0,0.0,0.2499999925494193,2501.533935546875,1.5340238809585571,2501.533935546875,0.2499999925494193
22,0.0,0.0,0.2499999925494193,2501.53515625,1.5352414846420288,2501.53515625,0.2499999925494193
23,0.0,0.0,0.2499999925494193,2501.525390625,1.525469183921814,2501.525390625,0.2499999925494193
24,0.0,0.0,0.2499999925494193,2501.536376953125,1.5362968444824219,2501.536376953125,0.2499999925494193
25,0.0,0.0,0.2499999925494193,2501.54248046875,1.5424846410751343,2501.54248046875,0.2499999925494193
26,0.0,0.0,0.2499999925494193,2501.53125,1.5312951803207397,2501.53125,0.2499999925494193
27,0.0,0.0,0.2499999925494193,2501.537841796875,1.5378552675247192,2501.537841796875,0.2499999925494193
28,0.0,0.0,0.2499999925494193,2501.537353515625,1.5372462272644043,2501.537353515625,0.2499999925494193
29,0.0,0.0,0.2499999925494193,2501.537841796875,1.5378507375717163,2501.537841796875,0.2499999925494193
30,0.0,0.0,0.2499999925494193,2501.5341796875,1.5341072082519531,2501.5341796875,0.2499999925494193
31,0.0,0.0,0.2499999925494193,2501.53662109375,1.5365216732025146,2501.53662109375,0.2499999925494193
32,0.0,0.0,0.2499999925494193,2501.531494140625,1.531499981880188,2501.531494140625,0.2499999925494193
33,0.0,0.0,0.2499999925494193,2501.534912109375,1.5348241329193115,2501.534912109375,0.2499999925494193
34,0.0,0.0,0.2499999925494193,2501.54833984375,1.548317551612854,2501.54833984375,0.2499999925494193
35,0.0,0.0,0.2499999925494193,2501.53271484375,1.5326722860336304,2501.53271484375,0.2499999925494193
36,0.0,0.0,0.2499999925494193,2501.53759765625,1.5376060009002686,2501.53759765625,0.2499999925494193
37,0.0,0.0,0.2499999925494193,2501.537353515625,1.5373923778533936,2501.537353515625,0.2499999925494193
38,0.0,0.0,0.2499999925494193,2501.5390625,1.5391201972961426,2501.5390625,0.2499999925494193
39,0.0,0.0,0.2499999925494193,2501.536376953125,1.5364782810211182,2501.536376953125,0.2499999925494193
40,0.0,0.0,0.2499999925494193,2501.53662109375,1.5365307331085205,2501.53662109375,0.2499999925494193
41,0.0,0.0,0.2499999925494193,2501.53955078125,1.5395981073379517,2501.53955078125,0.2499999925494193
42,0.0,0.0,0.2499999925494193,2501.5400390625,1.540021538734436,2501.5400390625,0.2499999925494193
43,0.0,0.0,0.2499999925494193,2501.53125,1.531262993812561,2501.53125,0.2499999925494193
44,0.0,0.0,0.2499999925494193,2501.53515625,1.5350407361984253,2501.53515625,0.2499999925494193
45,0.0,0.0,0.2499999925494193,2501.534423828125,1.5344434976577759,2501.534423828125,0.2499999925494193
46,0.0,0.0,0.2499999925494193,2501.530029296875,1.5300939083099365,2501.530029296875,0.2499999925494193
47,0.0,0.0,0.2499999925494193,2501.548583984375,1.5484706163406372,2501.548583984375,0.2499999925494193
48,0.0,0.0,0.2499999925494193,2501.53173828125,1.5317646265029907,2501.53173828125,0.2499999925494193
49,0.0,0.0,0.2499999925494193,2501.380615234375,1.3807036876678467,2501.380615234375,0.2499999925494193
50,0.0,0.0,0.2499999925494193,2501.374267578125,1.374267816543579,2501.374267578125,0.2499999925494193
51,0.0,0.0,0.2499999925494193,2501.398193359375,1.398313283920288,2501.398193359375,0.2499999925494193
52,0.0,0.0,0.2499999925494193,2501.381591796875,1.3816869258880615,2501.381591796875,0.2499999925494193
53,0.0,0.0,0.2499999925494193,2501.379150390625,1.3791768550872803,2501.379150390625,0.2499999925494193
54,0.0,0.0,0.2499999925494193,2501.3662109375,1.3662079572677612,2501.3662109375,0.2499999925494193
55,0.0,0.0,0.2499999925494193,2501.365478515625,1.3654356002807617,2501.365478515625,0.2499999925494193
56,0.0,0.0,0.2499999925494193,2501.34814453125,1.3481190204620361,2501.34814453125,0.2499999925494193
57,0.0,0.0,0.2499999925494193,2501.364013671875,1.3640927076339722,2501.364013671875,0.2499999925494193
58,0.0,0.0,0.2499999925494193,2501.3466796875,1.3466222286224365,2501.3466796875,0.2499999925494193
59,0.0,0.0,0.2499999925494193,2501.362060546875,1.3620201349258423,2501.362060546875,0.2499999925494193
60,0.0,0.0,0.2499999925494193,2501.3681640625,1.3681459426879883,2501.3681640625,0.2499999925494193
61,0.0,0.0,0.2499999925494193,2501.37451171875,1.3745243549346924,2501.37451171875,0.2499999925494193
62,0.0,0.0,0.2499999925494193,2501.34765625,1.3477342128753662,2501.34765625,0.2499999925494193
63,0.0,0.0,0.2499999925494193,2501.34326171875,1.343348503112793,2501.34326171875,0.2499999925494193
64,0.0,0.0,0.2499999925494193,2501.345947265625,1.3459525108337402,2501.345947265625,0.2499999925494193
65,0.0,0.0,0.2499999925494193,2501.353515625,1.3534646034240723,2501.353515625,0.2499999925494193
66,0.0,0.0,0.2499999925494193,2501.354736328125,1.3547519445419312,2501.354736328125,0.2499999925494193
67,0.0,0.0,0.2499999925494193,2501.352783203125,1.3527729511260986,2501.352783203125,0.2499999925494193
68,0.0,0.0,0.2499999925494193,2501.358154296875,1.35811448097229,2501.358154296875,0.2499999925494193
69,0.0,0.0,0.2499999925494193,2501.328857421875,1.3289545774459839,2501.328857421875,0.2499999925494193
70,0.0,0.0,0.2499999925494193,2501.322509765625,1.3225971460342407,2501.322509765625,0.2499999925494193
71,0.0,0.0,0.2499999925494193,2501.335693359375,1.3356670141220093,2501.335693359375,0.2499999925494193
72,0.0,0.0,0.2499999925494193,2501.3310546875,1.3311469554901123,2501.3310546875,0.2499999925494193
73,0.0,0.0,0.2499999925494193,2501.335205078125,1.3351022005081177,2501.335205078125,0.2499999925494193
74,0.0,0.0,0.2499999925494193,2501.335205078125,1.335229516029358,2501.335205078125,0.2499999925494193
75,0.0,0.0,0.2499999925494193,2501.32421875,1.324204444885254,2501.32421875,0.2499999925494193
76,0.0,0.0,0.2499999925494193,2501.318115234375,1.3180673122406006,2501.318115234375,0.2499999925494193
77,0.0,0.0,0.2499999925494193,2501.329345703125,1.3293746709823608,2501.329345703125,0.2499999925494193
78,0.0,0.0,0.2499999925494193,2501.316162109375,1.316063404083252,2501.316162109375,0.2499999925494193
79,0.0,0.0,0.2499999925494193,2501.30615234375,1.3061082363128662,2501.30615234375,0.2499999925494193
80,0.0,0.0,0.2499999925494193,2501.32470703125,1.3246619701385498,2501.32470703125,0.2499999925494193
81,0.0,0.0,0.2499999925494193,2501.31689453125,1.3169386386871338,2501.31689453125,0.2499999925494193
82,0.0,0.0,0.2499999925494193,2501.32666015625,1.3265950679779053,2501.32666015625,0.2499999925494193
83,0.0,0.0,0.2499999925494193,2501.323974609375,1.3238611221313477,2501.323974609375,0.2499999925494193
84,0.0,0.0,0.2499999925494193,2501.307373046875,1.3072811365127563,2501.307373046875,0.2499999925494193
85,0.0,0.0,0.2499999925494193,2501.3212890625,1.3212649822235107,2501.3212890625,0.2499999925494193
86,0.0,0.0,0.2499999925494193,2501.3095703125,1.3095965385437012,2501.3095703125,0.2499999925494193
87,0.0,0.0,0.2499999925494193,2501.312255859375,1.3123421669006348,2501.312255859375,0.2499999925494193
88,0.0,0.0,0.2499999925494193,2501.304443359375,1.3043943643569946,2501.304443359375,0.2499999925494193
89,0.0,0.0,0.2499999925494193,2501.295654296875,1.295711874961853,2501.295654296875,0.2499999925494193
90,0.0,0.0,0.2499999925494193,2501.291015625,1.2908943891525269,2501.291015625,0.2499999925494193
91,0.0,0.0,0.2499999925494193,2501.297607421875,1.2975008487701416,2501.297607421875,0.2499999925494193
92,0.0,0.0,0.2499999925494193,2501.310302734375,1.3102792501449585,2501.310302734375,0.2499999925494193
93,0.0,0.0,0.2499999925494193,2501.25732421875,1.257357120513916,2501.25732421875,0.2499999925494193
94,0.0,0.0,0.2499999925494193,2501.29296875,1.2929768562316895,2501.29296875,0.2499999925494193
95,0.0,0.0,0.2499999925494193,2501.281494140625,1.281410813331604,2501.281494140625,0.2499999925494193
96,0.0,0.0,0.2499999925494193,2501.28173828125,1.2816720008850098,2501.28173828125,0.2499999925494193
97,0.0,0.0,0.2499999925494193,2501.297607421875,1.2976893186569214,2501.297607421875,0.2499999925494193
98,0.0,0.0,0.2499999925494193,2501.268798828125,1.2686837911605835,2501.268798828125,0.2499999925494193
99,0.0,0.0,0.2499999925494193,2501.28271484375,1.2828238010406494,2501.28271484375,0.2499999925494193
100,0.0,0.0,0.2499999925494193,2501.289794921875,1.2898924350738525,2501.289794921875,0.2499999925494193
101,0.0,0.0,0.2499999925494193,2501.260498046875,1.2604185342788696,2501.260498046875,0.2499999925494193
102,0.0,0.0,0.2499999925494193,2501.272705078125,1.272729516029358,2501.272705078125,0.2499999925494193
103,0.0,0.0,0.2499999925494193,2501.267333984375,1.267425298690796,2501.267333984375,0.2499999925494193
104,0.0,0.0,0.2499999925494193,2501.283447265625,1.283504605293274,2501.283447265625,0.2499999925494193
105,0.0,0.0,0.2499999925494193,2501.27392578125,1.2739982604980469,2501.27392578125,0.2499999925494193
106,0.0,0.0,0.2499999925494193,2501.261474609375,1.2613734006881714,2501.261474609375,0.2499999925494193
107,0.0,0.0,0.2499999925494193,2501.241455078125,1.2414581775665283,2501.241455078125,0.2499999925494193
108,0.0,0.0,0.2499999925494193,2501.267822265625,1.2678892612457275,2501.267822265625,0.2499999925494193
109,0.0,0.0,0.2499999925494193,2501.265380859375,1.2654433250427246,2501.265380859375,0.2499999925494193
110,0.0,0.0,0.2499999925494193,2501.242431640625,1.2424956560134888,2501.242431640625,0.2499999925494193
111,0.0,0.0,0.2499999925494193,2501.26318359375,1.263285517692566,2501.26318359375,0.2499999925494193
112,0.0,0.0,0.2499999925494193,2501.252197265625,1.25221848487854,2501.252197265625,0.2499999925494193
113,0.0,0.0,0.2499999925494193,2501.24462890625,1.2445939779281616,2501.24462890625,0.2499999925494193
114,0.0,0.0,0.2499999925494193,2501.2666015625,1.2665069103240967,2501.2666015625,0.2499999925494193
115,0.0,0.0,0.2499999925494193,2501.24072265625,1.2406073808670044,2501.24072265625,0.2499999925494193
116,0.0,0.0,0.2499999925494193,2501.2412109375,1.2413133382797241,2501.2412109375,0.2499999925494193
117,0.0,0.0,0.2499999925494193,2501.2373046875,1.2372702360153198,2501.2373046875,0.2499999925494193
118,0.0,0.0,0.2499999925494193,2501.250244140625,1.2502347230911255,2501.250244140625,0.2499999925494193
119,0.0,0.0,0.2499999925494193,2501.224609375,1.2245018482208252,2501.224609375,0.2499999925494193
120,0.0,0.0,0.2499999925494193,2501.209228515625,1.2092032432556152,2501.209228515625,0.2499999925494193
121,0.0,0.0,0.2499999925494193,2501.258056640625,1.257962703704834,2501.258056640625,0.2499999925494193
122,0.0,0.0,0.2499999925494193,2501.230712890625,1.2306426763534546,2501.230712890625,0.2499999925494193
123,0.0,0.0,0.2499999925494193,2501.236572265625,1.236541509628296,2501.236572265625,0.2499999925494193
124,0.0,0.0,0.2499999925494193,2501.248779296875,1.2487152814865112,2501.248779296875,0.2499999925494193
125,0.0,0.0,0.2499999925494193,2501.231689453125,1.2315750122070312,2501.231689453125,0.2499999925494193
126,0.0,0.0,0.2499999925494193,2501.23046875,1.2304896116256714,2501.23046875,0.2499999925494193
127,0.0,0.0,0.2499999925494193,2501.220458984375,1.2204995155334473,2501.220458984375,0.2499999925494193
128,0.0,0.0,0.2499999925494193,2501.2041015625,1.2040092945098877,2501.2041015625,0.2499999925494193
129,0.0,0.0,0.2499999925494193,2501.2353515625,1.2354328632354736,2501.2353515625,0.2499999925494193
130,0.0,0.0,0.2499999925494193,2501.21337890625,1.2133651971817017,2501.21337890625,0.2499999925494193
131,0.0,0.0,0.2499999925494193,2501.23193359375,1.2320380210876465,2501.23193359375,0.2499999925494193
132,0.0,0.0,0.2499999925494193,2501.19873046875,1.1986348628997803,2501.19873046875,0.2499999925494193
133,0.0,0.0,0.2499999925494193,2501.20751953125,1.207488775253296,2501.20751953125,0.2499999925494193
134,0.0,0.0,0.2499999925494193,2501.215576171875,1.2155815362930298,2501.215576171875,0.2499999925494193
135,0.0,0.0,0.2499999925494193,2501.185791015625,1.1857295036315918,2501.185791015625,0.2499999925494193
136,0.0,0.0,0.2499999925494193,2501.212646484375,1.2126352787017822,2501.212646484375,0.2499999925494193
137,0.0,0.0,0.2499999925494193,2501.233642578125,1.233680009841919,2501.233642578125,0.2499999925494193
138,0.0,0.0,0.2499999925494193,2501.195068359375,1.1949667930603027,2501.195068359375,0.2499999925494193
139,0.0,0.0,0.2499999925494193,2501.1875,1.1875693798065186,2501.1875,0.2499999925494193
140,0.0,0.0,0.2499999925494193,2501.186767578125,1.1868257522583008,2501.186767578125,0.2499999925494193
141,0.0,0.0,0.2499999925494193,2501.2158203125,1.2159063816070557,2501.2158203125,0.2499999925494193
142,0.0,0.0,0.2499999925494193,2501.197509765625,1.1976172924041748,2501.197509765625,0.2499999925494193
143,0.0,0.0,0.2499999925494193,2501.196533203125,1.1965594291687012,2501.196533203125,0.2499999925494193
144,0.0,0.0,0.2499999925494193,2501.228759765625,1.2286697626113892,2501.228759765625,0.2499999925494193
145,0.0,0.0,0.2499999925494193,2501.2119140625,1.2118418216705322,2501.2119140625,0.2499999925494193
146,0.0,0.0,0.2499999925494193,2501.194580078125,1.1946078538894653,2501.194580078125,0.2499999925494193
147,0.0,0.0,0.2499999925494193,2501.201904296875,1.2019108533859253,2501.201904296875,0.2499999925494193
148,0.0,0.0,0.2499999925494193,2501.204833984375,1.2047269344329834,2501.204833984375,0.2499999925494193
149,0.0,0.0,0.2499999925494193,2501.535400390625,1.535438060760498,2501.535400390625,0.2499999925494193
150,0.0,0.0,0.2499999925494193,2501.537353515625,1.537256121635437,2501.537353515625,0.2499999925494193
151,0.0,0.0,0.2499999925494193,2501.54150390625,1.541601538658142,2501.54150390625,0.2499999925494193
152,0.0,0.0,0.2499999925494193,2501.53515625,1.5351792573928833,2501.53515625,0.2499999925494193
153,0.0,0.0,0.2499999925494193,2501.5283203125,1.5283093452453613,2501.5283203125,0.2499999925494193
154,0.0,0.0,0.2499999925494193,2501.532470703125,1.5324702262878418,2501.532470703125,0.2499999925494193
155,0.0,0.0,0.2499999925494193,2501.533935546875,1.534053087234497,2501.533935546875,0.2499999925494193
156,0.0,0.0,0.2499999925494193,2501.544921875,1.5448286533355713,2501.544921875,0.2499999925494193
157,0.0,0.0,0.2499999925494193,2501.5400390625,1.5400152206420898,2501.5400390625,0.2499999925494193
158,0.0,0.0,0.2499999925494193,2501.54052734375,1.5405856370925903,2501.54052734375,0.2499999925494193
159,0.0,0.0,0.2499999925494193,2501.535400390625,1.5355008840560913,2501.535400390625,0.2499999925494193
160,0.0,0.0,0.2499999925494193,2501.539794921875,1.5397233963012695,2501.539794921875,0.2499999925494193
161,0.0,0.0,0.2499999925494193,2501.53955078125,1.5394518375396729,2501.53955078125,0.2499999925494193
162,0.0,0.0,0.2499999925494193,2501.539306640625,1.5393519401550293,2501.539306640625,0.2499999925494193
163,0.0,0.0,0.2499999925494193,2501.523681640625,1.5235767364501953,2501.523681640625,0.2499999925494193
164,0.0,0.0,0.2499999925494193,2501.53173828125,1.5318517684936523,2501.53173828125,0.2499999925494193
165,0.0,0.0,0.2499999925494193,2501.53955078125,1.539546012878418,2501.53955078125,0.2499999925494193
166,0.0,0.0,0.2499999925494193,2501.537109375,1.537075161933899,2501.537109375,0.2499999925494193
167,0.0,0.0,0.2499999925494193,2501.537353515625,1.5373165607452393,2501.537353515625,0.2499999925494193
168,0.0,0.0,0.2499999925494193,2501.5390625,1.5391781330108643,2501.5390625,0.2499999925494193
169,0.0,0.0,0.2499999925494193,2501.53076171875,1.5306777954101562,2501.53076171875,0.2499999925494193
170,0.0,0.0,0.2499999925494193,2501.549560546875,1.549588680267334,2501.549560546875,0.2499999925494193
171,0.0,0.0,0.2499999925494193,2501.545166015625,1.545257568359375,2501.545166015625,0.2499999925494193
172,0.0,0.0,0.2499999925494193,2501.5478515625,1.5478168725967407,2501.5478515625,0.2499999925494193
173,0.0,0.0,0.2499999925494193,2501.53564453125,1.5356323719024658,2501.53564453125,0.2499999925494193
174,0.0,0.0,0.2499999925494193,2501.535888671875,1.5359749794006348,2501.535888671875,0.2499999925494193
175,0.0,0.0,0.2499999925494193,2501.54052734375,1.5404900312423706,2501.54052734375,0.2499999925494193
176,0.0,0.0,0.2499999925494193,2501.5341796875,1.534221887588501,2501.5341796875,0.2499999925494193
177,0.0,0.0,0.2499999925494193,2501.533935546875,1.5338507890701294,2501.533935546875,0.2499999925494193
178,0.0,0.0,0.2499999925494193,2501.533447265625,1.533470869064331,2501.533447265625,0.2499999925494193
179,0.0,0.0,0.2499999925494193,2501.546142578125,1.5462117195129395,2501.546142578125,0.2499999925494193
180,0.0,0.0,0.2499999925494193,2501.54150390625,1.541557788848877,2501.54150390625,0.2499999925494193
181,0.0,0.0,0.2499999925494193,2501.542724609375,1.5427353382110596,2501.542724609375,0.2499999925494193
182,0.0,0.0,0.2499999925494193,2501.53955078125,1.5395212173461914,2501.53955078125,0.2499999925494193
183,0.0,0.0,0.2499999925494193,2501.53515625,1.5352469682693481,2501.53515625,0.2499999925494193
184,0.0,0.0,0.2499999925494193,2501.54052734375,1.5405460596084595,2501.54052734375,0.2499999925494193
185,0.0,0.0,0.2499999925494193,2501.536865234375,1.5368177890777588,2501.536865234375,0.2499999925494193
186,0.0,0.0,0.2499999925494193,2501.546630859375,1.546515703201294,2501.546630859375,0.2499999925494193
187,0.0,0.0,0.2499999925494193,2501.54150390625,1.541549801826477,2501.54150390625,0.2499999925494193
188,0.0,0.0,0.2499999925494193,2501.541748046875,1.5418305397033691,2501.541748046875,0.2499999925494193
189,0.0,0.0,0.2499999925494193,2501.53515625,1.5351446866989136,2501.53515625,0.2499999925494193
190,0.0,0.0,0.2499999925494193,2501.5380859375,1.538095474243164,2501.5380859375,0.2499999925494193
191,0.0,0.0,0.2499999925494193,2501.53857421875,1.53859281539917,2501.53857421875,0.2499999925494193
192,0.0,0.0,0.2499999925494193,2501.527587890625,1.5275765657424927,2501.527587890625,0.2499999925494193
193,0.0,0.0,0.2499999925494193,2501.530517578125,1.5305721759796143,2501.530517578125,0.2499999925494193
194,0.0,0.0,0.2499999925494193,2501.53564453125,1.535707712173462,2501.53564453125,0.2499999925494193
195,0.0,0.0,0.2499999925494193,2501.545166015625,1.5450754165649414,2501.545166015625,0.2499999925494193
196,0.0,0.0,0.2499999925494193,2501.53076171875,1.5306439399719238,2501.53076171875,0.2499999925494193
197,0.0,0.0,0.2499999925494193,2501.535400390625,1.5354218482971191,2501.535400390625,0.2499999925494193
198,0.0,0.0,0.2499999925494193,2501.531005859375,1.531083106994629,2501.531005859375,0.2499999925494193
199,0.0,0.0,0.2499999925494193,2501.5302734375,1.5302608013153076,2501.5302734375,0.2499999925494193
200,0.0,0.0,0.2499999925494193,2501.536865234375,1.5368980169296265,2501.536865234375,0.2499999925494193
201,0.0,0.0,0.2499999925494193,2501.53466796875,1.534546136856079,2501.53466796875,0.2499999925494193
202,0.0,0.0,0.2499999925494193,2501.537841796875,1.53777277469635,2501.537841796875,0.2499999925494193
203,0.0,0.0,0.2499999925494193,2501.541259765625,1.5412046909332275,2501.541259765625,0.2499999925494193
204,0.0,0.0,0.2499999925494193,2501.52587890625,1.525833249092102,2501.52587890625,0.2499999925494193
205,0.0,0.0,0.2499999925494193,2501.54248046875,1.542496681213379,2501.54248046875,0.2499999925494193
206,0.0,0.0,0.2499999925494193,2501.5302734375,1.530364751815796,2501.5302734375,0.2499999925494193
207,0.0,0.0,0.2499999925494193,2501.548583984375,1.5485419034957886,2501.548583984375,0.2499999925494193
208,0.0,0.0,0.2499999925494193,2501.53515625,1.5351207256317139,2501.53515625,0.2499999925494193
209,0.0,0.0,0.2499999925494193,2501.54443359375,1.5444316864013672,2501.54443359375,0.2499999925494193
210,0.0,0.0,0.2499999925494193,2501.5380859375,1.5380890369415283,2501.5380859375,0.2499999925494193
211,0.0,0.0,0.2499999925494193,2501.53369140625,1.5336358547210693,2501.53369140625,0.2499999925494193
212,0.0,0.0,0.2499999925494193,2501.535400390625,1.535457968711853,2501.535400390625,0.2499999925494193
213,0.0,0.0,0.2499999925494193,2501.54052734375,1.5405991077423096,2501.54052734375,0.2499999925494193
214,0.0,0.0,0.2499999925494193,2501.533203125,1.533177375793457,2501.533203125,0.2499999925494193
215,0.0,0.0,0.2499999925494193,2501.5419921875,1.541981816291809,2501.5419921875,0.2499999925494193
216,0.0,0.0,0.2499999925494193,2501.537841796875,1.537784218788147,2501.537841796875,0.2499999925494193
217,0.0,0.0,0.2499999925494193,2501.5361328125,1.5362110137939453,2501.5361328125,0.2499999925494193
218,0.0,0.0,0.2499999925494193,2501.534912109375,1.5348819494247437,2501.534912109375,0.2499999925494193
219,0.0,0.0,0.2499999925494193,2501.53662109375,1.5366554260253906,2501.53662109375,0.2499999925494193
220,0.0,0.0,0.2499999925494193,2501.541259765625,1.541167140007019,2501.541259765625,0.2499999925494193
221,0.0,0.0,0.2499999925494193,2501.5390625,1.5390313863754272,2501.5390625,0.2499999925494193
222,0.0,0.0,0.2499999925494193,2501.54345703125,1.543567180633545,2501.54345703125,0.2499999925494193
223,0.0,0.0,0.2499999925494193,2501.542724609375,1.5426161289215088,2501.542724609375,0.2499999925494193
224,0.0,0.0,0.2499999925494193,2501.552490234375,1.5525809526443481,2501.552490234375,0.2499999925494193
225,0.0,0.0,0.2499999925494193,2501.536865234375,1.536789059638977,2501.536865234375,0.2499999925494193
226,0.0,0.0,0.2499999925494193,2501.536376953125,1.5364272594451904,2501.536376953125,0.2499999925494193
227,0.0,0.0,0.2499999925494193,2501.5439453125,1.5439202785491943,2501.5439453125,0.2499999925494193
228,0.0,0.0,0.2499999925494193,2501.549560546875,1.5494885444641113,2501.549560546875,0.2499999925494193
229,0.0,0.0,0.2499999925494193,2501.531494140625,1.5316001176834106,2501.531494140625,0.2499999925494193
230,0.0,0.0,0.2499999925494193,2501.542724609375,1.5427029132843018,2501.542724609375,0.2499999925494193
231,0.0,0.0,0.2499999925494193,2501.53857421875,1.5386261940002441,2501.53857421875,0.2499999925494193
232,0.0,0.0,0.2499999925494193,2501.522216796875,1.5222418308258057,2501.522216796875,0.2499999925494193
233,0.0,0.0,0.2499999925494193,2501.536376953125,1.5363987684249878,2501.536376953125,0.2499999925494193
234,0.0,0.0,0.2499999925494193,2501.5419921875,1.542107105255127,2501.5419921875,0.2499999925494193
235,0.0,0.0,0.2499999925494193,2501.530517578125,1.530425786972046,2501.530517578125,0.2499999925494193
236,0.0,0.0,0.2499999925494193,2501.5478515625,1.5477505922317505,2501.5478515625,0.2499999925494193
237,0.0,0.0,0.2499999925494193,2501.536865234375,1.5368622541427612,2501.536865234375,0.2499999925494193
238,0.0,0.0,0.2499999925494193,2501.53857421875,1.538674235343933,2501.53857421875,0.2499999925494193
239,0.0,0.0,0.2499999925494193,2501.532470703125,1.5325260162353516,2501.532470703125,0.2499999925494193
240,0.0,0.0,0.2499999925494193,2501.5390625,1.5391271114349365,2501.5390625,0.2499999925494193
241,0.0,0.0,0.2499999925494193,2501.543701171875,1.5438182353973389,2501.543701171875,0.2499999925494193
242,0.0,0.0,0.2499999925494193,2501.536865234375,1.5369329452514648,2501.536865234375,0.2499999925494193
243,0.0,0.0,0.2499999925494193,2501.54052734375,1.5404412746429443,2501.54052734375,0.2499999925494193
244,0.0,0.0,0.2499999925494193,2501.55224609375,1.55231773853302,2501.55224609375,0.2499999925494193
245,0.0,0.0,0.2499999925494193,2501.533447265625,1.533409833908081,2501.533447265625,0.2499999925494193
246,0.0,0.0,0.2499999925494193,2501.531005859375,1.5311118364334106,2501.531005859375,0.2499999925494193
247,0.0,0.0,0.2499999925494193,2501.535888671875,1.5359035730361938,2501.535888671875,0.2499999925494193
248,0.0,0.0,0.2499999925494193,2501.53662109375,1.5366969108581543,2501.53662109375,0.2499999925494193
249,0.0,0.0,0.2499999925494193,2501.539306640625,1.5393606424331665,2501.539306640625,0.2499999925494193
250,0.0,0.0,0.2499999925494193,2501.537109375,1.5371005535125732,2501.537109375,0.2499999925494193
251,0.0,0.0,0.2499999925494193,2501.547119140625,1.5470585823059082,2501.547119140625,0.2499999925494193
252,0.0,0.0,0.2499999925494193,2501.534423828125,1.5343708992004395,2501.534423828125,0.2499999925494193
253,0.0,0.0,0.2499999925494193,2501.537353515625,1.5373164415359497,2501.537353515625,0.2499999925494193
254,0.0,0.0,0.2499999925494193,2501.548828125,1.548906922340393,2501.548828125,0.2499999925494193
255,0.0,0.0,0.2499999925494193,2501.533935546875,1.5340021848678589,2501.533935546875,0.2499999925494193
256,0.0,0.0,0.2499999925494193,2501.5439453125,1.5438556671142578,2501.5439453125,0.2499999925494193
257,0.0,0.0,0.2499999925494193,2501.531982421875,1.5318959951400757,2501.531982421875,0.2499999925494193
258,0.0,0.0,0.2499999925494193,2501.52734375,1.5272958278656006,2501.52734375,0.2499999925494193
259,0.0,0.0,0.2499999925494193,2501.534912109375,1.5349007844924927,2501.534912109375,0.2499999925494193
260,0.0,0.0,0.2499999925494193,2501.55126953125,1.5512630939483643,2501.55126953125,0.2499999925494193
261,0.0,0.0,0.2499999925494193,2501.5390625,1.5391342639923096,2501.5390625,0.2499999925494193
262,0.0,0.0,0.2499999925494193,2501.537353515625,1.53744375705719,2501.537353515625,0.2499999925494193
263,0.0,0.0,0.2499999925494193,2501.52880859375,1.5287562608718872,2501.52880859375,0.2499999925494193
264,0.0,0.0,0.2499999925494193,2501.536865234375,1.5368428230285645,2501.536865234375,0.2499999925494193
265,0.0,0.0,0.2499999925494193,2501.544677734375,1.5446064472198486,2501.544677734375,0.2499999925494193
266,0.0,0.0,0.20412413914855784,2501.532470703125,1.5325669050216675,2501.532470703125,0.20412413914855784
267,0.0,0.0,0.2499999925494193,2501.535888671875,1.5358905792236328,2501.535888671875,0.2499999925494193
268,0.0,0.0,0.2499999925494193,2501.5439453125,1.5439168214797974,2501.5439453125,0.2499999925494193
269,0.0,0.0,0.2499999925494193,2501.54345703125,1.5434962511062622,2501.54345703125,0.2499999925494193
270,0.0,0.0,0.2499999925494193,2501.5302734375,1.5303490161895752,2501.5302734375,0.2499999925494193
271,0.0,0.0,0.2499999925494193,2501.546142578125,1.5461254119873047,2501.546142578125,0.2499999925494193
272,0.0,0.0,0.2499999925494193,2501.52783203125,1.5278860330581665,2501.52783203125,0.2499999925494193
273,0.0,0.0,0.2499999925494193,2501.533935546875,1.5339170694351196,2501.533935546875,0.2499999925494193
274,0.0,0.0,0.2499999925494193,2501.537841796875,1.5377936363220215,2501.537841796875,0.2499999925494193
275,0.0,0.0,0.2499999925494193,2501.541015625,1.5411254167556763,2501.541015625,0.2499999925494193
276,0.0,0.0,0.2499999925494193,2501.542236328125,1.5421464443206787,2501.542236328125,0.2499999925494193
277,0.0,0.0,0.2499999925494193,2501.526611328125,1.5266880989074707,2501.526611328125,0.2499999925494193
278,0.0,0.0,0.2499999925494193,2501.5419921875,1.5419024229049683,2501.5419921875,0.2499999925494193
279,0.0,0.0,0.2499999925494193,2501.53271484375,1.5327603816986084,2501.53271484375,0.2499999925494193
280,0.0,0.0,0.2499999925494193,2501.53857421875,1.5384968519210815,2501.53857421875,0.2499999925494193
281,0.0,0.0,0.2499999925494193,2501.53173828125,1.5316332578659058,2501.53173828125,0.2499999925494193
282,0.0,0.0,0.2499999925494193,2501.535888671875,1.5358799695968628,2501.535888671875,0.2499999925494193
283,0.0,0.0,0.2499999925494193,2501.531005859375,1.5310275554656982,2501.531005859375,0.2499999925494193
284,0.0,0.0,0.2499999925494193,2501.54052734375,1.5404746532440186,2501.54052734375,0.2499999925494193
285,0.0,0.0,0.2499999925494193,2501.53076171875,1.5306856632232666,2501.53076171875,0.2499999925494193
286,0.0,0.0,0.2499999925494193,2501.538330078125,1.5384292602539062,2501.538330078125,0.2499999925494193
287,0.0,0.0,0.2499999925494193,2501.540771484375,1.5408916473388672,2501.540771484375,0.2499999925494193
288,0.0,0.0,0.2499999925494193,2501.525634765625,1.5256481170654297,2501.525634765625,0.2499999925494193
289,0.0,0.0,0.2499999925494193,2501.531494140625,1.5314586162567139,2501.531494140625,0.2499999925494193
290,0.0,0.0,0.2499999925494193,2501.52734375,1.527324914932251,2501.52734375,0.2499999925494193
291,0.0,0.0,0.2499999925494193,2501.535888671875,1.5357770919799805,2501.535888671875,0.2499999925494193
292,0.0,0.0,0.2499999925494193,2501.54150390625,1.541490912437439,2501.54150390625,0.2499999925494193
293,0.0,0.0,0.2499999925494193,2501.537841796875,1.5377352237701416,2501.537841796875,0.2499999925494193
294,0.0,0.0,0.2499999925494193,2501.5224609375,1.5223420858383179,2501.5224609375,0.2499999925494193
295,0.0,0.0,0.2499999925494193,2501.54052734375,1.5406099557876587,2501.54052734375,0.2499999925494193
296,0.0,0.0,0.2499999925494193,2501.533935546875,1.53387451171875,2501.533935546875,0.2499999925494193
297,0.0,0.0,0.2499999925494193,2501.543701171875,1.543785572052002,2501.543701171875,0.2499999925494193
298,0.0,0.0,0.2499999925494193,2501.53515625,1.535074234008789,2501.53515625,0.2499999925494193
299,0.0,0.0,0.2499999925494193,2501.542236328125,1.5423190593719482,2501.542236328125,0.2499999925494193
300,0.0,0.0,0.2499999925494193,2501.53125,1.5312954187393188,2501.53125,0.2499999925494193
301,0.0,0.0,0.2499999925494193,2501.53515625,1.5350967645645142,2501.53515625,0.2499999925494193
302,0.0,0.0,0.2499999925494193,2501.5244140625,1.5243430137634277,2501.5244140625,0.2499999925494193
303,0.0,0.0,0.2499999925494193,2501.53955078125,1.5394891500473022,2501.53955078125,0.2499999925494193
304,0.0,0.0,0.2499999925494193,2501.507080078125,1.5070457458496094,2501.507080078125,0.2499999925494193
305,0.0,0.0,0.2499999925494193,2501.5107421875,1.5107781887054443,2501.5107421875,0.2499999925494193
306,0.0,0.0,0.2499999925494193,2501.507080078125,1.5070980787277222,2501.507080078125,0.2499999925494193
307,0.0,0.0,0.2499999925494193,2501.508056640625,1.508029818534851,2501.508056640625,0.2499999925494193
308,0.0,0.0,0.2499999925494193,2501.50048828125,1.5004711151123047,2501.50048828125,0.2499999925494193
309,0.0,0.0,0.2499999925494193,2501.503173828125,1.5031386613845825,2501.503173828125,0.2499999925494193
310,0.0,0.0,0.2499999925494193,2501.5,1.4998915195465088,2501.5,0.2499999925494193
311,0.0,0.0,0.2499999925494193,2501.507080078125,1.5070616006851196,2501.507080078125,0.2499999925494193
312,0.0,0.0,0.2499999925494193,2501.5107421875,1.5108236074447632,2501.5107421875,0.2499999925494193
313,0.0,0.0,0.2499999925494193,2501.500732421875,1.5008296966552734,2501.500732421875,0.2499999925494193
314,0.0,0.0,0.2499999925494193,2501.51220703125,1.512202501296997,2501.51220703125,0.2499999925494193
315,0.0,0.0,0.2499999925494193,2501.510986328125,1.510918140411377,2501.510986328125,0.2499999925494193
316,0.0,0.0,0.2499999925494193,2501.502197265625,1.5022577047348022,2501.502197265625,0.2499999925494193
317,0.0,0.0,0.2499999925494193,2501.51220703125,1.5122164487838745,2501.51220703125,0.2499999925494193
318,0.0,0.0,0.2499999925494193,2501.5048828125,1.5048227310180664,2501.5048828125,0.2499999925494193
319,0.0,0.0,0.2499999925494193,2501.509521484375,1.5094890594482422,2501.509521484375,0.2499999925494193
320,0.0,0.0,0.2499999925494193,2501.501220703125,1.5011711120605469,2501.501220703125,0.2499999925494193
321,0.0,0.0,0.2499999925494193,2501.514892578125,1.514795184135437,2501.514892578125,0.2499999925494193
322,0.0,0.0,0.2499999925494193,2501.506591796875,1.5066848993301392,2501.506591796875,0.2499999925494193
323,0.0,0.0,0.2499999925494193,2501.5048828125,1.5049244165420532,2501.5048828125,0.2499999925494193
324,0.0,0.0,0.2499999925494193,2501.513427734375,1.5134094953536987,2501.513427734375,0.2499999925494193
325,0.0,0.0,0.2499999925494193,2501.5048828125,1.5049357414245605,2501.5048828125,0.2499999925494193
326,0.0,0.0,0.2499999925494193,2501.50732421875,1.5072627067565918,2501.50732421875,0.2499999925494193
327,0.0,0.0,0.2499999925494193,2501.51025390625,1.5103394985198975,2501.51025390625,0.2499999925494193
328,0.0,0.0,0.2499999925494193,2501.5029296875,1.5028560161590576,2501.5029296875,0.2499999925494193
329,0.0,0.0,0.2499999925494193,2501.50927734375,1.5092012882232666,2501.50927734375,0.2499999925494193
330,0.0,0.0,0.2499999925494193,2501.509765625,1.5098124742507935,2501.509765625,0.2499999925494193
331,0.0,0.0,0.2499999925494193,2501.495849609375,1.4957374334335327,2501.495849609375,0.2499999925494193
332,0.0,0.0,0.2499999925494193,2501.508056640625,1.5079402923583984,2501.508056640625,0.2499999925494193
333,0.0,0.0,0.2499999925494193,2501.5078125,1.5079126358032227,2501.5078125,0.2499999925494193
334,0.0,0.0,0.2499999925494193,2501.510498046875,1.5104502439498901,2501.510498046875,0.2499999925494193
335,0.0,0.0,0.2499999925494193,2501.50244140625,1.5023961067199707,2501.50244140625,0.2499999925494193
336,0.0,0.0,0.2499999925494193,2501.5068359375,1.5068657398223877,2501.5068359375,0.2499999925494193
337,0.0,0.0,0.2499999925494193,2501.50537109375,1.5054571628570557,2501.50537109375,0.2499999925494193
338,0.0,0.0,0.2499999925494193,2501.5107421875,1.5107990503311157,2501.5107421875,0.2499999925494193
339,0.0,0.0,0.2499999925494193,2501.507568359375,1.5076446533203125,2501.507568359375,0.2499999925494193
340,0.0,0.0,0.2499999925494193,2501.512939453125,1.5129904747009277,2501.512939453125,0.2499999925494193
341,0.0,0.0,0.2499999925494193,2501.51025390625,1.5102636814117432,2501.51025390625,0.2499999925494193
342,0.0,0.0,0.2499999925494193,2501.5,1.4998815059661865,2501.5,0.2499999925494193
343,0.0,0.0,0.2499999925494193,2501.5009765625,1.5009620189666748,2501.5009765625,0.2499999925494193
344,0.0,0.0,0.2499999925494193,2501.513916015625,1.5138367414474487,2501.513916015625,0.2499999925494193
345,0.0,0.0,0.2499999925494193,2501.506103515625,1.506022572517395,2501.506103515625,0.2499999925494193
346,0.0,0.0,0.2499999925494193,2501.506103515625,1.5061429738998413,2501.506103515625,0.2499999925494193
347,0.0,0.0,0.2499999925494193,2501.509765625,1.5097486972808838,2501.509765625,0.2499999925494193
348,0.0,0.0,0.2499999925494193,2501.50732421875,1.507323980331421,2501.50732421875,0.2499999925494193
349,0.0,0.0,0.2499999925494193,2501.517578125,1.5176945924758911,2501.517578125,0.2499999925494193
350,0.0,0.0,0.2499999925494193,2501.50537109375,1.5052541494369507,2501.50537109375,0.2499999925494193
351,0.0,0.0,0.2499999925494193,2501.49658203125,1.4966009855270386,2501.49658203125,0.2499999925494193
352,0.0,0.0,0.2499999925494193,2501.509033203125,1.5089653730392456,2501.509033203125,0.2499999925494193
353,0.0,0.0,0.2499999925494193,2501.512939453125,1.5128601789474487,2501.512939453125,0.2499999925494193
354,0.0,0.0,0.2499999925494193,2501.513671875,1.5137865543365479,2501.513671875,0.2499999925494193
355,0.0,0.0,0.2499999925494193,2501.509765625,1.5098075866699219,2501.509765625,0.2499999925494193
356,0.0,0.0,0.2499999925494193,2501.50390625,1.5037895441055298,2501.50390625,0.2499999925494193
357,0.0,0.0,0.2499999925494193,2501.50439453125,1.5043706893920898,2501.50439453125,0.2499999925494193
358,0.0,0.0,0.2499999925494193,2501.5166015625,1.5165457725524902,2501.5166015625,0.2499999925494193
359,0.0,0.0,0.2499999925494193,2501.50830078125,1.5083235502243042,2501.50830078125,0.2499999925494193
360,0.0,0.0,0.2499999925494193,2501.4990234375,1.4989370107650757,2501.4990234375,0.2499999925494193
361,0.0,0.0,0.2499999925494193,2501.511474609375,1.5114907026290894,2501.511474609375,0.2499999925494193
362,0.0,0.0,0.2499999925494193,2501.5224609375,1.5223888158798218,2501.5224609375,0.2499999925494193
363,0.0,0.0,0.2499999925494193,2501.510009765625,1.5099419355392456,2501.510009765625,0.2499999925494193
364,0.0,0.0,0.2499999925494193,2501.51416015625,1.5141785144805908,2501.51416015625,0.2499999925494193
365,0.0,0.0,0.2499999925494193,2501.505615234375,1.5056098699569702,2501.505615234375,0.2499999925494193
366,0.0,0.0,0.2499999925494193,2501.510009765625,1.5100470781326294,2501.510009765625,0.2499999925494193
367,0.0,0.0,0.2499999925494193,2501.509521484375,1.5095065832138062,2501.509521484375,0.2499999925494193
368,0.0,0.0,0.2499999925494193,2501.510009765625,1.5099446773529053,2501.510009765625,0.2499999925494193
369,0.0,0.0,0.2499999925494193,2501.50732421875,1.507245659828186,2501.50732421875,0.2499999925494193
370,0.0,0.0,0.2499999925494193,2501.514892578125,1.5148154497146606,2501.514892578125,0.2499999925494193
371,0.0,0.0,0.2499999925494193,2501.51171875,1.5116496086120605,2501.51171875,0.2499999925494193
372,0.0,0.0,0.2499999925494193,2501.51220703125,1.5121861696243286,2501.51220703125,0.2499999925494193
373,0.0,0.0,0.2499999925494193,2501.51171875,1.511660099029541,2501.51171875,0.2499999925494193
374,0.0,0.0,0.2499999925494193,2501.506591796875,1.5065606832504272,2501.506591796875,0.2499999925494193
375,0.0,0.0,0.2499999925494193,2501.504638671875,1.504551649093628,2501.504638671875,0.2499999925494193
376,0.0,0.0,0.2499999925494193,2501.510986328125,1.5108892917633057,2501.510986328125,0.2499999925494193
377,0.0,0.0,0.2499999925494193,2501.510498046875,1.5105817317962646,2501.510498046875,0.2499999925494193
378,0.0,0.0,0.2499999925494193,2501.510986328125,1.5109730958938599,2501.510986328125,0.2499999925494193
379,0.0,0.0,0.2499999925494193,2501.5107421875,1.5106899738311768,2501.5107421875,0.2499999925494193
380,0.0,0.0,0.2499999925494193,2501.503662109375,1.5035433769226074,2501.503662109375,0.2499999925494193
381,0.0,0.0,0.2499999925494193,2501.505615234375,1.505558729171753,2501.505615234375,0.2499999925494193
382,0.0,0.0,0.2499999925494193,2501.5087890625,1.5087742805480957,2501.5087890625,0.2499999925494193
383,0.0,0.0,0.2499999925494193,2501.518310546875,1.518253207206726,2501.518310546875,0.2499999925494193
384,0.0,0.0,0.2499999925494193,2501.517822265625,1.5179086923599243,2501.517822265625,0.2499999925494193
385,0.0,0.0,0.2499999925494193,2501.5009765625,1.501034140586853,2501.5009765625,0.2499999925494193
386,0.0,0.0,0.2499999925494193,2501.494384765625,1.4944136142730713,2501.494384765625,0.2499999925494193
387,0.0,0.0,0.2499999925494193,2501.511962890625,1.5119349956512451,2501.511962890625,0.2499999925494193
388,0.0,0.0,0.2499999925494193,2501.49609375,1.4961345195770264,2501.49609375,0.2499999925494193
389,0.0,0.0,0.2499999925494193,2501.4970703125,1.4969944953918457,2501.4970703125,0.2499999925494193
390,0.0,0.0,0.2499999925494193,2501.498779296875,1.4986889362335205,2501.498779296875,0.2499999925494193
391,0.0,0.0,0.2499999925494193,2501.503173828125,1.5032669305801392,2501.503173828125,0.2499999925494193
392,0.0,0.0,0.2499999925494193,2501.510009765625,1.5100138187408447,2501.510009765625,0.2499999925494193
393,0.0,0.0,0.2499999925494193,2501.49951171875,1.4994405508041382,2501.49951171875,0.2499999925494193
394,0.0,0.0,0.2499999925494193,2501.5029296875,1.5030075311660767,2501.5029296875,0.2499999925494193
395,0.0,0.0,0.2499999925494193,2501.501220703125,1.5012418031692505,2501.501220703125,0.2499999925494193
396,0.0,0.0,0.2499999925494193,2501.50439453125,1.5042767524719238,2501.50439453125,0.2499999925494193
397,0.0,0.0,0.2499999925494193,2501.504150390625,1.504235029220581,2501.504150390625,0.2499999925494193
398,0.0,0.0,0.2499999925494193,2501.505859375,1.5057390928268433,2501.505859375,0.2499999925494193
399,0.0,0.0,0.2499999925494193,2501.50732421875,1.5073356628417969,2501.50732421875,0.2499999925494193
400,0.0,0.0,0.2499999925494193,2501.50537109375,1.5053668022155762,2501.50537109375,0.2499999925494193
401,0.0,0.0,0.2499999925494193,2501.510986328125,1.5110021829605103,2501.510986328125,0.2499999925494193
402,0.0,0.0,0.2499999925494193,2501.5078125,1.507857084274292,2501.5078125,0.2499999925494193
403,0.0,0.0,0.2499999925494193,2501.499755859375,1.4997637271881104,2501.499755859375,0.2499999925494193
404,0.0,0.0,0.2499999925494193,2501.50830078125,1.5082457065582275,2501.50830078125,0.2499999925494193
405,0.0,0.0,0.2499999925494193,2501.511474609375,1.5115110874176025,2501.511474609375,0.2499999925494193
406,0.0,0.0,0.2499999925494193,2501.50732421875,1.507385015487671,2501.50732421875,0.2499999925494193
407,0.0,0.0,0.2499999925494193,2501.50146484375,1.5013790130615234,2501.50146484375,0.2499999925494193
408,0.0,0.0,0.2499999925494193,2501.510498046875,1.5106066465377808,2501.510498046875,0.2499999925494193
409,0.0,0.0,0.2499999925494193,2501.51123046875,1.5113264322280884,2501.51123046875,0.2499999925494193
410,0.0,0.0,0.2499999925494193,2501.497314453125,1.4974262714385986,2501.497314453125,0.2499999925494193
411,0.0,0.0,0.2499999925494193,2501.513671875,1.5135829448699951,2501.513671875,0.2499999925494193
412,0.0,0.0,0.2499999925494193,2501.496826171875,1.4969322681427002,2501.496826171875,0.2499999925494193
413,0.0,0.0,0.2499999925494193,2501.507568359375,1.5075480937957764,2501.507568359375,0.2499999925494193
414,0.0,0.0,0.2499999925494193,2501.51220703125,1.512162446975708,2501.51220703125,0.2499999925494193
415,0.0,0.0,0.2499999925494193,2501.499755859375,1.499746561050415,2501.499755859375,0.2499999925494193
416,0.0,0.0,0.2499999925494193,2501.5087890625,1.5087192058563232,2501.5087890625,0.2499999925494193
417,0.0,0.0,0.2499999925494193,2501.5068359375,1.5067167282104492,2501.5068359375,0.2499999925494193
418,0.0,0.0,0.2499999925494193,2501.5009765625,1.5008594989776611,2501.5009765625,0.2499999925494193
419,0.0,0.0,0.2499999925494193,2501.51123046875,1.5112547874450684,2501.51123046875,0.2499999925494193
420,0.0,0.0,0.2499999925494193,2501.506103515625,1.5061883926391602,2501.506103515625,0.2499999925494193
421,0.0,0.0,0.2499999925494193,2501.5048828125,1.5048612356185913,2501.5048828125,0.2499999925494193
422,0.0,0.0,0.2499999925494193,2501.51123046875,1.5111407041549683,2501.51123046875,0.2499999925494193
423,0.0,0.0,0.2499999925494193,2501.508544921875,1.5084893703460693,2501.508544921875,0.2499999925494193
424,0.0,0.0,0.2499999925494193,2501.50830078125,1.5084220170974731,2501.50830078125,0.2499999925494193
425,0.0,0.0,0.2499999925494193,2501.508544921875,1.508440613746643,2501.508544921875,0.2499999925494193
426,0.0,0.0,0.2499999925494193,2501.507080078125,1.507009506225586,2501.507080078125,0.2499999925494193
427,0.0,0.0,0.2499999925494193,2501.508056640625,1.508047342300415,2501.508056640625,0.2499999925494193
428,0.0,0.0,0.2499999925494193,2501.4990234375,1.498915433883667,2501.4990234375,0.2499999925494193
429,0.0,0.0,0.2499999925494193,2501.503173828125,1.5030741691589355,2501.503173828125,0.2499999925494193
430,0.0,0.0,0.2499999925494193,2501.52099609375,1.5208884477615356,2501.52099609375,0.2499999925494193
431,0.0,0.0,0.2499999925494193,2501.5146484375,1.5146251916885376,2501.5146484375,0.2499999925494193
432,0.0,0.0,0.2499999925494193,2501.502197265625,1.5022385120391846,2501.502197265625,0.2499999925494193
433,0.0,0.0,0.2499999925494193,2501.497314453125,1.497346043586731,2501.497314453125,0.2499999925494193
434,0.0,0.0,0.2499999925494193,2501.509765625,1.5096745491027832,2501.509765625,0.2499999925494193
435,0.0,0.0,0.2499999925494193,2501.50830078125,1.508272647857666,2501.50830078125,0.2499999925494193
436,0.0,0.0,0.2499999925494193,2501.501220703125,1.501257061958313,2501.501220703125,0.2499999925494193
437,0.0,0.0,0.2499999925494193,2501.50048828125,1.500431776046753,2501.50048828125,0.2499999925494193
438,0.0,0.0,0.2499999925494193,2501.498779296875,1.4988441467285156,2501.498779296875,0.2499999925494193
439,0.0,0.0,0.2499999925494193,2501.509521484375,1.5094876289367676,2501.509521484375,0.2499999925494193
440,0.0,0.0,0.2499999925494193,2501.50634765625,1.5063637495040894,2501.50634765625,0.2499999925494193
441,0.0,0.0,0.2499999925494193,2501.511962890625,1.5118762254714966,2501.511962890625,0.2499999925494193
442,0.0,0.0,0.2499999925494193,2501.5234375,1.5235540866851807,2501.5234375,0.2499999925494193
443,0.0,0.0,0.2499999925494193,2501.517578125,1.5176398754119873,2501.517578125,0.2499999925494193
444,0.0,0.0,0.2499999925494193,2501.504150390625,1.504213571548462,2501.504150390625,0.2499999925494193
445,0.0,0.0,0.2499999925494193,2501.52001953125,1.5200016498565674,2501.52001953125,0.2499999925494193
446,0.0,0.0,0.2499999925494193,2501.504638671875,1.5046303272247314,2501.504638671875,0.2499999925494193
447,0.0,0.0,0.2499999925494193,2501.510009765625,1.5100409984588623,2501.510009765625,0.2499999925494193
448,0.0,0.0,0.2499999925494193,2501.507568359375,1.5076303482055664,2501.507568359375,0.2499999925494193
449,0.0,0.0,0.2499999925494193,2501.508544921875,1.5084291696548462,2501.508544921875,0.2499999925494193
450,0.0,0.0,0.2499999925494193,2501.526123046875,1.5261284112930298,2501.526123046875,0.2499999925494193
451,0.0,0.0,0.2499999925494193,2501.499755859375,1.4996602535247803,2501.499755859375,0.2499999925494193
452,0.0,0.0,0.2499999925494193,2501.5107421875,1.510763168334961,2501.5107421875,0.2499999925494193
453,0.0,0.0,0.2499999925494193,2501.512451171875,1.512442708015442,2501.512451171875,0.2499999925494193
454,0.0,0.0,0.2499999925494193,2501.5029296875,1.5028139352798462,2501.5029296875,0.2499999925494193
455,0.0,0.0,0.2499999925494193,2501.507080078125,1.5070995092391968,2501.507080078125,0.2499999925494193
456,0.0,0.0,0.2499999925494193,2501.51220703125,1.5122326612472534,2501.51220703125,0.2499999925494193
457,0.0,0.0,0.2499999925494193,2501.50634765625,1.506441593170166,2501.50634765625,0.2499999925494193
458,0.0,0.0,0.2499999925494193,2501.513916015625,1.5138189792633057,2501.513916015625,0.2499999925494193
459,0.0,0.0,0.2499999925494193,2501.50390625,1.5039373636245728,2501.50390625,0.2499999925494193
460,0.0,0.0,0.2499999925494193,2501.5068359375,1.506716012954712,2501.5068359375,0.2499999925494193
461,0.0,0.0,0.2499999925494193,2501.50927734375,1.5092382431030273,2501.50927734375,0.2499999925494193
462,0.0,0.0,0.2499999925494193,2501.498779296875,1.4987938404083252,2501.498779296875,0.2499999925494193
463,0.0,0.0,0.2499999925494193,2501.5087890625,1.5087393522262573,2501.5087890625,0.2499999925494193
464,0.0,0.0,0.2499999925494193,2501.509033203125,1.5089610815048218,2501.509033203125,0.2499999925494193
465,0.0,0.0,0.2499999925494193,2501.508056640625,1.508063793182373,2501.508056640625,0.2499999925494193
466,0.0,0.0,0.2499999925494193,2501.507080078125,1.5071548223495483,2501.507080078125,0.2499999925494193
467,0.0,0.0,0.2499999925494193,2501.51220703125,1.5121113061904907,2501.51220703125,0.2499999925494193
468,0.0,0.0,0.2499999925494193,2501.497314453125,1.497201919555664,2501.497314453125,0.2499999925494193
469,0.0,0.0,0.2499999925494193,2501.505126953125,1.5050933361053467,2501.505126953125,0.2499999925494193
470,0.0,0.0,0.2499999925494193,2501.510009765625,1.5099589824676514,2501.510009765625,0.2499999925494193
471,0.0,0.0,0.2499999925494193,2501.50390625,1.503871202468872,2501.50390625,0.2499999925494193
472,0.0,0.0,0.2499999925494193,2501.512451171875,1.5125095844268799,2501.512451171875,0.2499999925494193
473,0.0,0.0,0.2499999925494193,2501.507568359375,1.5076007843017578,2501.507568359375,0.2499999925494193
474,0.0,0.0,0.2499999925494193,2501.507080078125,1.5071569681167603,2501.507080078125,0.2499999925494193
475,0.0,0.0,0.2499999925494193,2501.499755859375,1.4998645782470703,2501.499755859375,0.2499999925494193
476,0.0,0.0,0.2499999925494193,2501.5068359375,1.5067250728607178,2501.5068359375,0.2499999925494193
477,0.0,0.0,0.2499999925494193,2501.504150390625,1.504035234451294,2501.504150390625,0.2499999925494193
478,0.0,0.0,0.2499999925494193,2501.50341796875,1.5033042430877686,2501.50341796875,0.2499999925494193
479,0.0,0.0,0.2499999925494193,2501.501953125,1.502017617225647,2501.501953125,0.2499999925494193
480,0.0,0.0,0.2499999925494193,2501.502685546875,1.5027060508728027,2501.502685546875,0.2499999925494193
481,0.0,0.0,0.2499999925494193,2501.510009765625,1.509968876838684,2501.510009765625,0.2499999925494193
482,0.0,0.0,0.2499999925494193,2501.513671875,1.513732671737671,2501.513671875,0.2499999925494193
483,0.0,0.0,0.2499999925494193,2501.511962890625,1.5120302438735962,2501.511962890625,0.2499999925494193
484,0.0,0.0,0.2499999925494193,2501.51513671875,1.5151845216751099,2501.51513671875,0.2499999925494193
485,0.0,0.0,0.2499999925494193,2501.509765625,1.5097780227661133,2501.509765625,0.2499999925494193
486,0.0,0.0,0.2499999925494193,2501.50048828125,1.500558853149414,2501.50048828125,0.2499999925494193
487,0.0,0.0,0.2499999925494193,2501.513671875,1.513775110244751,2501.513671875,0.2499999925494193
488,0.0,0.0,0.2499999925494193,2501.50537109375,1.5054399967193604,2501.50537109375,0.2499999925494193
489,0.0,0.0,0.2499999925494193,2501.50537109375,1.5054817199707031,2501.50537109375,0.2499999925494193
490,0.0,0.0,0.2499999925494193,2501.513427734375,1.5133593082427979,2501.513427734375,0.2499999925494193
491,0.0,0.0,0.2499999925494193,2501.492431640625,1.4924607276916504,2501.492431640625,0.2499999925494193
492,0.0,0.0,0.2499999925494193,2501.504150390625,1.5041089057922363,2501.504150390625,0.2499999925494193
493,0.0,0.0,0.2499999925494193,2501.50048828125,1.5004932880401611,2501.50048828125,0.2499999925494193
494,0.0,0.0,0.2499999925494193,2501.50439453125,1.504276990890503,2501.50439453125,0.2499999925494193
495,0.0,0.0,0.2499999925494193,2501.51025390625,1.5101430416107178,2501.51025390625,0.2499999925494193
496,0.0,0.0,0.2499999925494193,2501.5087890625,1.5086817741394043,2501.5087890625,0.2499999925494193
497,0.0,0.0,0.2499999925494193,2501.501953125,1.5020614862442017,2501.501953125,0.2499999925494193
498,0.0,0.0,0.2499999925494193,2501.494384765625,1.4944336414337158,2501.494384765625,0.2499999925494193
499,0.0,0.0,0.2499999925494193,2501.510498046875,1.5105323791503906,2501.510498046875,0.2499999925494193
500,0.0,0.0,0.2499999925494193,2501.503662109375,1.5037678480148315,2501.503662109375,0.2499999925494193
501,0.0,0.0,0.2499999925494193,2501.5078125,1.5077496767044067,2501.5078125,0.2499999925494193
502,0.0,0.0,0.2499999925494193,2501.510986328125,1.510901927947998,2501.510986328125,0.2499999925494193
503,0.0,0.0,0.2499999925494193,2501.50927734375,1.5091949701309204,2501.50927734375,0.2499999925494193
504,0.0,0.0,0.2499999925494193,2501.49755859375,1.4975932836532593,2501.49755859375,0.2499999925494193
505,0.0,0.0,0.2499999925494193,2501.4990234375,1.4989497661590576,2501.4990234375,0.2499999925494193
506,0.0,0.0,0.2499999925494193,2501.49951171875,1.4994242191314697,2501.49951171875,0.2499999925494193
507,0.0,0.0,0.2499999925494193,2501.49560546875,1.4955813884735107,2501.49560546875,0.2499999925494193
508,0.0,0.0,0.2499999925494193,2501.500244140625,1.5001893043518066,2501.500244140625,0.2499999925494193
509,0.0,0.0,0.2499999925494193,2501.506591796875,1.5066200494766235,2501.506591796875,0.2499999925494193
510,0.0,0.0,0.2499999925494193,2501.50830078125,1.5082709789276123,2501.50830078125,0.2499999925494193
511,0.0,0.0,0.2499999925494193,2501.498291015625,1.4981986284255981,2501.498291015625,0.2499999925494193
512,0.0,0.0,0.2499999925494193,2501.500732421875,1.5007110834121704,2501.500732421875,0.2499999925494193
513,0.0,0.0,0.2499999925494193,2501.509521484375,1.5094029903411865,2501.509521484375,0.2499999925494193
514,0.0,0.0,0.2499999925494193,2501.50439453125,1.5044938325881958,2501.50439453125,0.2499999925494193
515,0.0,0.0,0.2499999925494193,2501.503173828125,1.503174066543579,2501.503173828125,0.2499999925494193
516,0.0,0.0,0.2499999925494193,2501.50341796875,1.5033992528915405,2501.50341796875,0.2499999925494193
517,0.0,0.0,0.2499999925494193,2501.50537109375,1.5054240226745605,2501.50537109375,0.2499999925494193
518,0.0,0.0,0.2499999925494193,2501.512451171875,1.5123554468154907,2501.512451171875,0.2499999925494193
519,0.0,0.0,0.2499999925494193,2501.501220703125,1.501320719718933,2501.501220703125,0.2499999925494193
520,0.0,0.0,0.2499999925494193,2501.51123046875,1.5112767219543457,2501.51123046875,0.2499999925494193
521,0.0,0.0,0.2499999925494193,2501.50927734375,1.5092443227767944,2501.50927734375,0.2499999925494193
522,0.0,0.0,0.2499999925494193,2501.51318359375,1.5132876634597778,2501.51318359375,0.2499999925494193
523,0.0,0.0,0.2499999925494193,2501.5,1.5000935792922974,2501.5,0.2499999925494193
524,0.0,0.0,0.2499999925494193,2501.505126953125,1.5050272941589355,2501.505126953125,0.2499999925494193
525,0.0,0.0,0.2499999925494193,2501.510986328125,1.5110782384872437,2501.510986328125,0.2499999925494193
526,0.0,0.0,0.2499999925494193,2501.507568359375,1.5075554847717285,2501.507568359375,0.2499999925494193
527,0.0,0.0,0.2499999925494193,2501.49951171875,1.4994549751281738,2501.49951171875,0.2499999925494193
528,0.0,0.0,0.2499999925494193,2501.5126953125,1.5126041173934937,2501.5126953125,0.2499999925494193
529,0.0,0.0,0.2499999925494193,2501.508544921875,1.5085999965667725,2501.508544921875,0.2499999925494193
530,0.0,0.0,0.2499999925494193,2501.51123046875,1.5111687183380127,2501.51123046875,0.2499999925494193
531,0.0,0.0,0.2499999925494193,2501.514404296875,1.5144184827804565,2501.514404296875,0.2499999925494193
532,0.0,0.0,0.2499999925494193,2501.516845703125,1.5168931484222412,2501.516845703125,0.2499999925494193
533,0.0,0.0,0.20412413914855784,2501.510009765625,1.5100866556167603,2501.510009765625,0.20412413914855784
534,0.0,0.0,0.2499999925494193,2501.4990234375,1.499135136604309,2501.4990234375,0.2499999925494193
535,0.0,0.0,0.2499999925494193,2501.505859375,1.5058397054672241,2501.505859375,0.2499999925494193
536,0.0,0.0,0.2499999925494193,2501.50244140625,1.5025596618652344,2501.50244140625,0.2499999925494193
537,0.0,0.0,0.2499999925494193,2501.5078125,1.5079282522201538,2501.5078125,0.2499999925494193
538,0.0,0.0,0.2499999925494193,2501.511474609375,1.5114961862564087,2501.511474609375,0.2499999925494193
539,0.0,0.0,0.2499999925494193,2501.51171875,1.5117261409759521,2501.51171875,0.2499999925494193
540,0.0,0.0,0.2499999925494193,2501.509033203125,1.5090482234954834,2501.509033203125,0.2499999925494193
541,0.0,0.0,0.2499999925494193,2501.501708984375,1.5017640590667725,2501.501708984375,0.2499999925494193
542,0.0,0.0,0.2499999925494193,2501.5048828125,1.504962682723999,2501.5048828125,0.2499999925494193
543,0.0,0.0,0.2499999925494193,2501.505859375,1.5057827234268188,2501.505859375,0.2499999925494193
544,0.0,0.0,0.2499999925494193,2501.510498046875,1.5106114149093628,2501.510498046875,0.2499999925494193
545,0.0,0.0,0.2499999925494193,2501.51611328125,1.5160999298095703,2501.51611328125,0.2499999925494193
546,0.0,0.0,0.2499999925494193,2501.50439453125,1.5044164657592773,2501.50439453125,0.2499999925494193
547,0.0,0.0,0.2499999925494193,2501.5009765625,1.5008794069290161,2501.5009765625,0.2499999925494193
548,0.0,0.0,0.2499999925494193,2501.5048828125,1.5048710107803345,2501.5048828125,0.2499999925494193
549,0.0,0.0,0.2499999925494193,2501.500244140625,1.5002872943878174,2501.500244140625,0.2499999925494193
550,0.0,0.0,0.2499999925494193,2501.500732421875,1.5008299350738525,2501.500732421875,0.2499999925494193
551,0.0,0.0,0.2499999925494193,2501.51318359375,1.5131782293319702,2501.51318359375,0.2499999925494193
552,0.0,0.0,0.2499999925494193,2501.510498046875,1.5104739665985107,2501.510498046875,0.2499999925494193
553,0.0,0.0,0.2499999925494193,2501.50634765625,1.5063395500183105,2501.50634765625,0.2499999925494193
554,0.0,0.0,0.2499999925494193,2501.491455078125,1.491557002067566,2501.491455078125,0.2499999925494193
555,0.0,0.0,0.2499999925494193,2501.50830078125,1.5083123445510864,2501.50830078125,0.2499999925494193
556,0.0,0.0,0.2499999925494193,2501.508056640625,1.508164644241333,2501.508056640625,0.2499999925494193
557,0.0,0.0,0.2499999925494193,2501.51171875,1.5117847919464111,2501.51171875,0.2499999925494193
558,0.0,0.0,0.2499999925494193,2500.7080078125,0.7080515027046204,2500.7080078125,0.2499999925494193
559,0.0,0.0,0.2499999925494193,2500.709716796875,0.7097848057746887,2500.709716796875,0.2499999925494193
560,0.0,0.0,0.2499999925494193,2500.72802734375,0.7279714941978455,2500.72802734375,0.2499999925494193
561,0.0,0.0,0.2499999925494193,2500.717041015625,0.7170605063438416,2500.717041015625,0.2499999925494193
562,0.0,0.0,0.2499999925494193,2500.749267578125,0.749300479888916,2500.749267578125,0.2499999925494193
563,0.0,0.0,0.2499999925494193,2500.686279296875,0.6863301396369934,2500.686279296875,0.2499999925494193
564,0.0,0.0,0.2499999925494193,2500.67333984375,0.6732405424118042,2500.67333984375,0.2499999925494193
565,0.0,0.0,0.2499999925494193,2500.746337890625,0.7464196085929871,2500.746337890625,0.2499999925494193
566,0.0,0.0,0.2499999925494193,2500.749267578125,0.7493574023246765,2500.749267578125,0.2499999925494193
567,0.0,0.0,0.2499999925494193,2500.66943359375,0.6695253849029541,2500.66943359375,0.2499999925494193
568,0.0,0.0,0.2499999925494193,2500.71630859375,0.7162665724754333,2500.71630859375,0.2499999925494193
569,0.0,0.0,0.2499999925494193,2500.70166015625,0.7017059922218323,2500.70166015625,0.2499999925494193
570,0.0,0.0,0.2499999925494193,2500.732421875,0.7323257923126221,2500.732421875,0.2499999925494193
571,0.0,0.0,0.2499999925494193,2500.701416015625,0.7015050649642944,2500.701416015625,0.2499999925494193
572,0.0,0.0,0.2499999925494193,2500.74951171875,0.7494375705718994,2500.74951171875,0.2499999925494193
573,0.0,0.0,0.2499999925494193,2500.712646484375,0.7127254009246826,2500.712646484375,0.2499999925494193
574,0.0,0.0,0.2499999925494193,2500.687255859375,0.6873658895492554,2500.687255859375,0.2499999925494193
575,0.0,0.0,0.2499999925494193,2500.681640625,0.681732177734375,2500.681640625,0.2499999925494193
576,0.0,0.0,0.2499999925494193,2500.699462890625,0.6995834708213806,2500.699462890625,0.2499999925494193
577,0.0,0.0,0.2499999925494193,2500.7216796875,0.7217861413955688,2500.7216796875,0.2499999925494193
578,0.0,0.0,0.2499999925494193,2500.67431640625,0.6742029190063477,2500.67431640625,0.2499999925494193
579,0.0,0.0,0.2499999925494193,2500.711669921875,0.711626410484314,2500.711669921875,0.2499999925494193
580,0.0,0.0,0.2499999925494193,2500.64404296875,0.6441486477851868,2500.64404296875,0.2499999925494193
581,0.0,0.0,0.2499999925494193,2500.742431640625,0.7424151301383972,2500.742431640625,0.2499999925494193
582,0.0,0.0,0.2499999925494193,2500.698486328125,0.6985853910446167,2500.698486328125,0.2499999925494193
583,0.0,0.0,0.2499999925494193,2500.712158203125,0.7120810151100159,2500.712158203125,0.2499999925494193
584,0.0,0.0,0.2499999925494193,2500.70556640625,0.7054994106292725,2500.70556640625,0.2499999925494193
585,0.0,0.0,0.2499999925494193,2500.760498046875,0.7604386806488037,2500.760498046875,0.2499999925494193
586,0.0,0.0,0.2499999925494193,2500.651123046875,0.6511428356170654,2500.651123046875,0.2499999925494193
587,0.0,0.0,0.2499999925494193,2500.73876953125,0.7388174533843994,2500.73876953125,0.2499999925494193
588,0.0,0.0,0.2499999925494193,2500.702392578125,0.7022724747657776,2500.702392578125,0.2499999925494193
589,0.0,0.0,0.2499999925494193,2500.75390625,0.7538716793060303,2500.75390625,0.2499999925494193
590,0.0,0.0,0.2499999925494193,2500.7080078125,0.708046555519104,2500.7080078125,0.2499999925494193
591,0.0,0.0,0.2499999925494193,2500.720703125,0.7207248210906982,2500.720703125,0.2499999925494193
592,0.0,0.0,0.2499999925494193,2500.64453125,0.6444438099861145,2500.64453125,0.2499999925494193
593,0.0,0.0,0.2499999925494193,2500.667724609375,0.6678256392478943,2500.667724609375,0.2499999925494193
594,0.0,0.0,0.2499999925494193,2500.666015625,0.6659619808197021,2500.666015625,0.2499999925494193
595,0.0,0.0,0.2499999925494193,2500.655517578125,0.6554304361343384,2500.655517578125,0.2499999925494193
596,0.0,0.0,0.2499999925494193,2500.6806640625,0.6805725693702698,2500.6806640625,0.2499999925494193
597,0.0,0.0,0.2499999925494193,2500.682373046875,0.6823712587356567,2500.682373046875,0.2499999925494193
598,0.0,0.0,0.2499999925494193,2500.726806640625,0.7267457842826843,2500.726806640625,0.2499999925494193
599,0.0,0.0,0.2499999925494193,2500.658447265625,0.658545732498169,2500.658447265625,0.2499999925494193
600,0.0,0.0,0.2499999925494193,2500.6884765625,0.6884856820106506,2500.6884765625,0.2499999925494193
601,0.0,0.0,0.2499999925494193,2500.7041015625,0.7042222619056702,2500.7041015625,0.2499999925494193
602,0.0,0.0,0.2499999925494193,2500.690185546875,0.6902220249176025,2500.690185546875,0.2499999925494193
603,0.0,0.0,0.2499999925494193,2500.689697265625,0.6897978186607361,2500.689697265625,0.2499999925494193
604,0.0,0.0,0.2499999925494193,2500.666015625,0.6659651398658752,2500.666015625,0.2499999925494193
605,0.0,0.0,0.2499999925494193,2500.64599609375,0.6459698677062988,2500.64599609375,0.2499999925494193
606,0.0,0.0,0.2499999925494193,2500.6943359375,0.6943668723106384,2500.6943359375,0.2499999925494193
607,0.0,0.0,0.2499999925494193,2500.64111328125,0.6410990953445435,2500.64111328125,0.2499999925494193
608,0.0,0.0,0.2499999925494193,2500.654052734375,0.6539486646652222,2500.654052734375,0.2499999925494193
609,0.0,0.0,0.2499999925494193,2500.66943359375,0.6693127751350403,2500.66943359375,0.2499999925494193
610,0.0,0.0,0.2499999925494193,2500.733154296875,0.7331509590148926,2500.733154296875,0.2499999925494193
611,0.0,0.0,0.2499999925494193,2500.666015625,0.6660955548286438,2500.666015625,0.2499999925494193
612,0.0,0.0,0.2499999925494193,2500.68310546875,0.6831371784210205,2500.68310546875,0.2499999925494193
613,0.0,0.0,0.2499999925494193,2500.658447265625,0.6583994030952454,2500.658447265625,0.2499999925494193
614,0.0,0.0,0.2499999925494193,2500.71923828125,0.7193101048469543,2500.71923828125,0.2499999925494193
615,0.0,0.0,0.2499999925494193,2500.73486328125,0.7349581122398376,2500.73486328125,0.2499999925494193
616,0.0,0.0,0.2499999925494193,2500.655517578125,0.6554185152053833,2500.655517578125,0.2499999925494193
617,0.0,0.0,0.2499999925494193,2500.681640625,0.6817178130149841,2500.681640625,0.2499999925494193
618,0.0,0.0,0.2499999925494193,2500.685546875,0.6855323314666748,2500.685546875,0.2499999925494193
619,0.0,0.0,0.2499999925494193,2500.648681640625,0.6487480998039246,2500.648681640625,0.2499999925494193
620,0.0,0.0,0.2499999925494193,2500.6435546875,0.6434949040412903,2500.6435546875,0.2499999925494193
621,0.0,0.0,0.2499999925494193,2500.656005859375,0.6560933589935303,2500.656005859375,0.2499999925494193
622,0.0,0.0,0.2499999925494193,2500.650634765625,0.650658369064331,2500.650634765625,0.2499999925494193
623,0.0,0.0,0.2499999925494193,2500.73095703125,0.7309329509735107,2500.73095703125,0.2499999925494193
624,0.0,0.0,0.2499999925494193,2500.646728515625,0.6467301845550537,2500.646728515625,0.2499999925494193
625,0.0,0.0,0.2499999925494193,2500.6884765625,0.6883599162101746,2500.6884765625,0.2499999925494193
626,0.0,0.0,0.2499999925494193,2500.649169921875,0.6490980386734009,2500.649169921875,0.2499999925494193
627,0.0,0.0,0.2499999925494193,2500.664306640625,0.6643829941749573,2500.664306640625,0.2499999925494193
628,0.0,0.0,0.2499999925494193,2500.64208984375,0.6420009136199951,2500.64208984375,0.2499999925494193
629,0.0,0.0,0.2499999925494193,2500.66943359375,0.6693482398986816,2500.66943359375,0.2499999925494193
630,0.0,0.0,0.2499999925494193,2500.67236328125,0.6723973155021667,2500.67236328125,0.2499999925494193
631,0.0,0.0,0.2499999925494193,2500.691162109375,0.6912399530410767,2500.691162109375,0.2499999925494193
632,0.0,0.0,0.2499999925494193,2500.65087890625,0.650911808013916,2500.65087890625,0.2499999925494193
633,0.0,0.0,0.2499999925494193,2500.645751953125,0.6457644104957581,2500.645751953125,0.2499999925494193
634,0.0,0.0,0.2499999925494193,2500.712890625,0.7129244804382324,2500.712890625,0.2499999925494193
635,0.0,0.0,0.2499999925494193,2500.6953125,0.6952526569366455,2500.6953125,0.2499999925494193
636,0.0,0.0,0.2499999925494193,2500.639404296875,0.6394781470298767,2500.639404296875,0.2499999925494193
637,0.0,0.0,0.2499999925494193,2500.65087890625,0.6509548425674438,2500.65087890625,0.2499999925494193
638,0.0,0.0,0.2499999925494193,2500.667236328125,0.667290449142456,2500.667236328125,0.2499999925494193
639,0.0,0.0,0.2499999925494193,2500.630615234375,0.6305792331695557,2500.630615234375,0.2499999925494193
640,0.0,0.0,0.2499999925494193,2500.65966796875,0.6597176194190979,2500.65966796875,0.2499999925494193
641,0.0,0.0,0.2499999925494193,2500.6611328125,0.6610403656959534,2500.6611328125,0.2499999925494193
642,0.0,0.0,0.2499999925494193,2500.722900390625,0.7228227257728577,2500.722900390625,0.2499999925494193
643,0.0,0.0,0.2499999925494193,2500.6796875,0.6796318888664246,2500.6796875,0.2499999925494193
644,0.0,0.0,0.2499999925494193,2500.60107421875,0.6010921001434326,2500.60107421875,0.2499999925494193
645,0.0,0.0,0.2499999925494193,2500.687744140625,0.6876921057701111,2500.687744140625,0.2499999925494193
646,0.0,0.0,0.2499999925494193,2500.6982421875,0.6982757449150085,2500.6982421875,0.2499999925494193
647,0.0,0.0,0.2499999925494193,2500.582275390625,0.5821850895881653,2500.582275390625,0.2499999925494193
648,0.0,0.0,0.2499999925494193,2500.63818359375,0.6382125020027161,2500.63818359375,0.2499999925494193
649,0.0,0.0,0.2499999925494193,2500.663330078125,0.6633912920951843,2500.663330078125,0.2499999925494193
650,0.0,0.0,0.2499999925494193,2500.724365234375,0.7244247794151306,2500.724365234375,0.2499999925494193
651,0.0,0.0,0.2499999925494193,2500.6376953125,0.6377395391464233,2500.6376953125,0.2499999925494193
652,0.0,0.0,0.2499999925494193,2500.6533203125,0.6532264947891235,2500.6533203125,0.2499999925494193
653,0.0,0.0,0.2499999925494193,2500.618408203125,0.6183390021324158,2500.618408203125,0.2499999925494193
654,0.0,0.0,0.2499999925494193,2500.674560546875,0.6745092272758484,2500.674560546875,0.2499999925494193
655,0.0,0.0,0.2499999925494193,2500.626220703125,0.6261768341064453,2500.626220703125,0.2499999925494193
656,0.0,0.0,0.2499999925494193,2500.6748046875,0.6748954653739929,2500.6748046875,0.2499999925494193
657,0.0,0.0,0.2499999925494193,2500.6640625,0.6639904975891113,2500.6640625,0.2499999925494193
658,0.0,0.0,0.2499999925494193,2500.60400390625,0.6040111780166626,2500.60400390625,0.2499999925494193
659,0.0,0.0,0.2499999925494193,2500.68701171875,0.6870200037956238,2500.68701171875,0.2499999925494193
660,0.0,0.0,0.2499999925494193,2500.604248046875,0.6043372750282288,2500.604248046875,0.2499999925494193
661,0.0,0.0,0.2499999925494193,2500.55810546875,0.5580477714538574,2500.55810546875,0.2499999925494193
662,0.0,0.0,0.2499999925494193,2500.6318359375,0.6319226622581482,2500.6318359375,0.2499999925494193
663,0.0,0.0,0.2499999925494193,2500.588623046875,0.5886251330375671,2500.588623046875,0.2499999925494193
664,0.0,0.0,0.2499999925494193,2500.6416015625,0.6415833830833435,2500.6416015625,0.2499999925494193
665,0.0,0.0,0.2499999925494193,2500.6650390625,0.6650327444076538,2500.6650390625,0.2499999925494193
666,0.0,0.0,0.2499999925494193,2500.6025390625,0.6024304032325745,2500.6025390625,0.2499999925494193
667,0.0,0.0,0.2499999925494193,2500.6513671875,0.6513773798942566,2500.6513671875,0.2499999925494193
668,0.0,0.0,0.2499999925494193,2500.63134765625,0.631461501121521,2500.63134765625,0.2499999925494193
669,0.0,0.0,0.2499999925494193,2500.61328125,0.6132028698921204,2500.61328125,0.2499999925494193
670,0.0,0.0,0.2499999925494193,2500.7001953125,0.7002944350242615,2500.7001953125,0.2499999925494193
671,0.0,0.0,0.2499999925494193,2500.668212890625,0.6682889461517334,2500.668212890625,0.2499999925494193
672,0.0,0.0,0.2499999925494193,2500.65380859375,0.6536942720413208,2500.65380859375,0.2499999925494193
673,0.0,0.0,0.2499999925494193,2500.6484375,0.6484041213989258,2500.6484375,0.2499999925494193
674,0.0,0.0,0.2499999925494193,2500.687744140625,0.6878359317779541,2500.687744140625,0.2499999925494193
675,0.0,0.0,0.2499999925494193,2500.62548828125,0.6253964304924011,2500.62548828125,0.2499999925494193
676,0.0,0.0,0.2499999925494193,2500.59619140625,0.5962241291999817,2500.59619140625,0.2499999925494193
677,0.0,0.0,0.2499999925494193,2500.680908203125,0.6809085011482239,2500.680908203125,0.2499999925494193
678,0.0,0.0,0.2499999925494193,2500.64990234375,0.6499934196472168,2500.64990234375,0.2499999925494193
679,0.0,0.0,0.2499999925494193,2500.604736328125,0.6046589016914368,2500.604736328125,0.2499999925494193
680,0.0,0.0,0.2499999925494193,2500.59765625,0.5976933240890503,2500.59765625,0.2499999925494193
681,0.0,0.0,0.2499999925494193,2500.638916015625,0.6390293836593628,2500.638916015625,0.2499999925494193
682,0.0,0.0,0.2499999925494193,2500.626708984375,0.626822829246521,2500.626708984375,0.2499999925494193
683,0.0,0.0,0.2499999925494193,2500.614501953125,0.6144273281097412,2500.614501953125,0.2499999925494193
684,0.0,0.0,0.2499999925494193,2500.5908203125,0.590798556804657,2500.5908203125,0.2499999925494193
685,0.0,0.0,0.2499999925494193,2500.5849609375,0.5848654508590698,2500.5849609375,0.2499999925494193
686,0.0,0.0,0.2499999925494193,2500.689453125,0.6893514394760132,2500.689453125,0.2499999925494193
687,0.0,0.0,0.2499999925494193,2500.6181640625,0.6181298494338989,2500.6181640625,0.2499999925494193
688,0.0,0.0,0.2499999925494193,2500.601318359375,0.6013940572738647,2500.601318359375,0.2499999925494193
689,0.0,0.0,0.2499999925494193,2500.6328125,0.6327282190322876,2500.6328125,0.2499999925494193
690,0.0,0.0,0.2499999925494193,2500.6025390625,0.6025328040122986,2500.6025390625,0.2499999925494193
691,0.0,0.0,0.2499999925494193,2500.65478515625,0.6547844409942627,2500.65478515625,0.2499999925494193
692,0.0,0.0,0.2499999925494193,2500.704345703125,0.704243540763855,2500.704345703125,0.2499999925494193
693,0.0,0.0,0.2499999925494193,2500.615478515625,0.615548849105835,2500.615478515625,0.2499999925494193
694,0.0,0.0,0.2499999925494193,2500.618408203125,0.6183243989944458,2500.618408203125,0.2499999925494193
695,0.0,0.0,0.2499999925494193,2500.603759765625,0.6036567687988281,2500.603759765625,0.2499999925494193
696,0.0,0.0,0.2499999925494193,2500.602294921875,0.6022367477416992,2500.602294921875,0.2499999925494193
697,0.0,0.0,0.2499999925494193,2500.659912109375,0.6599903106689453,2500.659912109375,0.2499999925494193
698,0.0,0.0,0.2499999925494193,2500.68408203125,0.684176504611969,2500.68408203125,0.2499999925494193
699,0.0,0.0,0.2499999925494193,2500.61474609375,0.61463862657547,2500.61474609375,0.2499999925494193
700,0.0,0.0,0.2499999925494193,2500.6826171875,0.6826991438865662,2500.6826171875,0.2499999925494193
701,0.0,0.0,0.2499999925494193,2500.6142578125,0.614341676235199,2500.6142578125,0.2499999925494193
702,0.0,0.0,0.2499999925494193,2500.65673828125,0.6568449139595032,2500.65673828125,0.2499999925494193
703,0.0,0.0,0.2499999925494193,2500.624267578125,0.6241790056228638,2500.624267578125,0.2499999925494193
704,0.0,0.0,0.2499999925494193,2500.59521484375,0.5950958132743835,2500.59521484375,0.2499999925494193
705,0.0,0.0,0.2499999925494193,2500.5966796875,0.5967331528663635,2500.5966796875,0.2499999925494193
706,0.0,0.0,0.2499999925494193,2500.693359375,0.6934789419174194,2500.693359375,0.2499999925494193
707,0.0,0.0,0.2499999925494193,2500.624267578125,0.6242339015007019,2500.624267578125,0.2499999925494193
708,0.0,0.0,0.2499999925494193,2500.62158203125,0.6215305924415588,2500.62158203125,0.2499999925494193
709,0.0,0.0,0.2499999925494193,2500.63623046875,0.6363385319709778,2500.63623046875,0.2499999925494193
710,0.0,0.0,0.2499999925494193,2500.601318359375,0.6013285517692566,2500.601318359375,0.2499999925494193
711,0.0,0.0,0.2499999925494193,2500.5869140625,0.586947500705719,2500.5869140625,0.2499999925494193
712,0.0,0.0,0.2499999925494193,2500.62744140625,0.6274299025535583,2500.62744140625,0.2499999925494193
713,0.0,0.0,0.2499999925494193,2500.621826171875,0.6217482089996338,2500.621826171875,0.2499999925494193
714,0.0,0.0,0.2499999925494193,2500.60107421875,0.6011028289794922,2500.60107421875,0.2499999925494193
715,0.0,0.0,0.2499999925494193,2500.60595703125,0.6058793663978577,2500.60595703125,0.2499999925494193
716,0.0,0.0,0.2499999925494193,2500.563720703125,0.5637991428375244,2500.563720703125,0.2499999925494193
717,0.0,0.0,0.2499999925494193,2500.69091796875,0.6909219622612,2500.69091796875,0.2499999925494193
718,0.0,0.0,0.2499999925494193,2500.655029296875,0.654935896396637,2500.655029296875,0.2499999925494193
719,0.0,0.0,0.2499999925494193,2500.544189453125,0.5440820455551147,2500.544189453125,0.2499999925494193
720,0.0,0.0,0.2499999925494193,2500.611328125,0.6113684773445129,2500.611328125,0.2499999925494193
721,0.0,0.0,0.2499999925494193,2500.633056640625,0.6331706047058105,2500.633056640625,0.2499999925494193
722,0.0,0.0,0.2499999925494193,2500.636962890625,0.6369256973266602,2500.636962890625,0.2499999925494193
723,0.0,0.0,0.2499999925494193,2500.63330078125,0.6333892941474915,2500.63330078125,0.2499999925494193
724,0.0,0.0,0.2499999925494193,2500.622314453125,0.6223464608192444,2500.622314453125,0.2499999925494193
725,0.0,0.0,0.2499999925494193,2500.61669921875,0.6167300343513489,2500.61669921875,0.2499999925494193
726,0.0,0.0,0.2499999925494193,2500.652099609375,0.6521477103233337,2500.652099609375,0.2499999925494193
727,0.0,0.0,0.2499999925494193,2500.593994140625,0.5939487814903259,2500.593994140625,0.2499999925494193
728,0.0,0.0,0.2499999925494193,2500.647216796875,0.6472313404083252,2500.647216796875,0.2499999925494193
729,0.0,0.0,0.2499999925494193,2500.645751953125,0.6456337571144104,2500.645751953125,0.2499999925494193
730,0.0,0.0,0.2499999925494193,2500.6357421875,0.6357327699661255,2500.6357421875,0.2499999925494193
731,0.0,0.0,0.2499999925494193,2500.583251953125,0.5832418203353882,2500.583251953125,0.2499999925494193
732,0.0,0.0,0.2499999925494193,2500.608154296875,0.608260989189148,2500.608154296875,0.2499999925494193
733,0.0,0.0,0.2499999925494193,2500.607177734375,0.6071799397468567,2500.607177734375,0.2499999925494193
734,0.0,0.0,0.2499999925494193,2500.593017578125,0.5930180549621582,2500.593017578125,0.2499999925494193
735,0.0,0.0,0.2499999925494193,2500.59228515625,0.5922606587409973,2500.59228515625,0.2499999925494193
736,0.0,0.0,0.2499999925494193,2500.60009765625,0.6000488996505737,2500.60009765625,0.2499999925494193
737,0.0,0.0,0.2499999925494193,2500.63427734375,0.634200930595398,2500.63427734375,0.2499999925494193
738,0.0,0.0,0.2499999925494193,2500.655029296875,0.6549301743507385,2500.655029296875,0.2499999925494193
739,0.0,0.0,0.2499999925494193,2500.59765625,0.5976104736328125,2500.59765625,0.2499999925494193
740,0.0,0.0,0.2499999925494193,2500.598876953125,0.5988192558288574,2500.598876953125,0.2499999925494193
741,0.0,0.0,0.2499999925494193,2500.630615234375,0.6305630803108215,2500.630615234375,0.2499999925494193
742,0.0,0.0,0.2499999925494193,2500.620849609375,0.6207624673843384,2500.620849609375,0.2499999925494193
743,0.0,0.0,0.2499999925494193,2500.636962890625,0.6370648145675659,2500.636962890625,0.2499999925494193
744,0.0,0.0,0.2499999925494193,2500.628173828125,0.6281333565711975,2500.628173828125,0.2499999925494193
745,0.0,0.0,0.2499999925494193,2500.587890625,0.5877867937088013,2500.587890625,0.2499999925494193
746,0.0,0.0,0.2499999925494193,2500.618408203125,0.6183949112892151,2500.618408203125,0.2499999925494193
747,0.0,0.0,0.2499999925494193,2500.54833984375,0.548307478427887,2500.54833984375,0.2499999925494193
748,0.0,0.0,0.2499999925494193,2500.62060546875,0.62070631980896,2500.62060546875,0.2499999925494193
749,0.0,0.0,0.2499999925494193,2500.562744140625,0.5627222657203674,2500.562744140625,0.2499999925494193
750,0.0,0.0,0.2499999925494193,2500.618896484375,0.6189980506896973,2500.618896484375,0.2499999925494193
751,0.0,0.0,0.2499999925494193,2500.568359375,0.5682528614997864,2500.568359375,0.2499999925494193
752,0.0,0.0,0.2499999925494193,2500.54296875,0.5429972410202026,2500.54296875,0.2499999925494193
753,0.0,0.0,0.2499999925494193,2500.574951171875,0.5749239325523376,2500.574951171875,0.2499999925494193
754,0.0,0.0,0.2499999925494193,2500.610595703125,0.6105524301528931,2500.610595703125,0.2499999925494193
755,0.0,0.0,0.2499999925494193,2500.51953125,0.5194119811058044,2500.51953125,0.2499999925494193
756,0.0,0.0,0.2499999925494193,2500.652099609375,0.6521817445755005,2500.652099609375,0.2499999925494193
757,0.0,0.0,0.2499999925494193,2500.608154296875,0.6082507967948914,2500.608154296875,0.2499999925494193
758,0.0,0.0,0.2499999925494193,2500.606201171875,0.6062397956848145,2500.606201171875,0.2499999925494193
759,0.0,0.0,0.2499999925494193,2500.57470703125,0.5747316479682922,2500.57470703125,0.2499999925494193
760,0.0,0.0,0.2499999925494193,2500.664306640625,0.6643117070198059,2500.664306640625,0.2499999925494193
761,0.0,0.0,0.2499999925494193,2500.58642578125,0.5863186120986938,2500.58642578125,0.2499999925494193
762,0.0,0.0,0.2499999925494193,2500.635498046875,0.6355329751968384,2500.635498046875,0.2499999925494193
763,0.0,0.0,0.2499999925494193,2500.55078125,0.5507604479789734,2500.55078125,0.2499999925494193
764,0.0,0.0,0.2499999925494193,2500.6015625,0.6016184687614441,2500.6015625,0.2499999925494193
765,0.0,0.0,0.2499999925494193,2500.5908203125,0.5908083319664001,2500.5908203125,0.2499999925494193
766,0.0,0.0,0.2499999925494193,2500.670654296875,0.6707534790039062,2500.670654296875,0.2499999925494193
767,0.0,0.0,0.2499999925494193,2500.6025390625,0.6024413704872131,2500.6025390625,0.2499999925494193
768,0.0,0.0,0.2499999925494193,2500.561767578125,0.5618106722831726,2500.561767578125,0.2499999925494193
769,0.0,0.0,0.2499999925494193,2500.636474609375,0.6365095973014832,2500.636474609375,0.2499999925494193
770,0.0,0.0,0.2499999925494193,2500.637451171875,0.637362003326416,2500.637451171875,0.2499999925494193
771,0.0,0.0,0.2499999925494193,2500.605712890625,0.6056240797042847,2500.605712890625,0.2499999925494193
772,0.0,0.0,0.2499999925494193,2500.6279296875,0.6280142068862915,2500.6279296875,0.2499999925494193
773,0.0,0.0,0.2499999925494193,2500.545166015625,0.5452743172645569,2500.545166015625,0.2499999925494193
774,0.0,0.0,0.2499999925494193,2500.546630859375,0.5466355085372925,2500.546630859375,0.2499999925494193
775,0.0,0.0,0.2499999925494193,2500.58349609375,0.5834320783615112,2500.58349609375,0.2499999925494193
776,0.0,0.0,0.2499999925494193,2500.604736328125,0.6047631502151489,2500.604736328125,0.2499999925494193
777,0.0,0.0,0.2499999925494193,2500.596923828125,0.5969123244285583,2500.596923828125,0.2499999925494193
778,0.0,0.0,0.2499999925494193,2500.623779296875,0.6238338947296143,2500.623779296875,0.2499999925494193
779,0.0,0.0,0.2499999925494193,2500.609619140625,0.6096373200416565,2500.609619140625,0.2499999925494193
780,0.0,0.0,0.2499999925494193,2500.59521484375,0.5950982570648193,2500.59521484375,0.2499999925494193
781,0.0,0.0,0.2499999925494193,2500.589599609375,0.5895501375198364,2500.589599609375,0.2499999925494193
782,0.0,0.0,0.2499999925494193,2500.60498046875,0.6049400568008423,2500.60498046875,0.2499999925494193
783,0.0,0.0,0.2499999925494193,2500.614990234375,0.6150410771369934,2500.614990234375,0.2499999925494193
784,0.0,0.0,0.2499999925494193,2500.620361328125,0.6204632520675659,2500.620361328125,0.2499999925494193
785,0.0,0.0,0.2499999925494193,2500.52490234375,0.5248305797576904,2500.52490234375,0.2499999925494193
786,0.0,0.0,0.2499999925494193,2500.5888671875,0.5887629985809326,2500.5888671875,0.2499999925494193
787,0.0,0.0,0.2499999925494193,2500.557373046875,0.5573365092277527,2500.557373046875,0.2499999925494193
788,0.0,0.0,0.2499999925494193,2500.6484375,0.6483325362205505,2500.6484375,0.2499999925494193
789,0.0,0.0,0.2499999925494193,2500.608154296875,0.6081343293190002,2500.608154296875,0.2499999925494193
790,0.0,0.0,0.2499999925494193,2500.594970703125,0.5950550436973572,2500.594970703125,0.2499999925494193
791,0.0,0.0,0.2499999925494193,2500.5556640625,0.55568528175354,2500.5556640625,0.2499999925494193
792,0.0,0.0,0.2499999925494193,2500.64404296875,0.6440989375114441,2500.64404296875,0.2499999925494193
793,0.0,0.0,0.2499999925494193,2500.56884765625,0.5688914060592651,2500.56884765625,0.2499999925494193
794,0.0,0.0,0.2499999925494193,2500.571533203125,0.5715624690055847,2500.571533203125,0.2499999925494193
795,0.0,0.0,0.2499999925494193,2500.59814453125,0.5982102155685425,2500.59814453125,0.2499999925494193
796,0.0,0.0,0.2499999925494193,2500.5703125,0.5702615976333618,2500.5703125,0.2499999925494193
797,0.0,0.0,0.2499999925494193,2500.6103515625,0.6104264855384827,2500.6103515625,0.2499999925494193
798,0.0,0.0,0.2499999925494193,2500.6357421875,0.6357746720314026,2500.6357421875,0.2499999925494193
799,0.0,0.0,0.2499999925494193,2500.5224609375,0.5224529504776001,2500.5224609375,0.2499999925494193
800,0.0,0.0,0.20412413914855784,2500.5654296875,0.5654500722885132,2500.5654296875,0.20412413914855784
801,0.0,0.0,0.2499999925494193,2500.56591796875,0.5658683180809021,2500.56591796875,0.2499999925494193
802,0.0,0.0,0.2499999925494193,2500.662841796875,0.6628588438034058,2500.662841796875,0.2499999925494193
803,0.0,0.0,0.2499999925494193,2500.596923828125,0.5969050526618958,2500.596923828125,0.2499999925494193
804,0.0,0.0,0.2499999925494193,2500.55859375,0.5586773157119751,2500.55859375,0.2499999925494193
805,0.0,0.0,0.2499999925494193,2500.575927734375,0.5758697986602783,2500.575927734375,0.2499999925494193
806,0.0,0.0,0.2499999925494193,2500.58984375,0.589728593826294,2500.58984375,0.2499999925494193
807,0.0,0.0,0.2499999925494193,2500.56396484375,0.5638634562492371,2500.56396484375,0.2499999925494193
808,0.0,0.0,0.2499999925494193,2500.551513671875,0.5515891909599304,2500.551513671875,0.2499999925494193
809,0.0,0.0,0.2499999925494193,2500.564453125,0.5645561218261719,2500.564453125,0.2499999925494193
810,0.0,0.0,0.2499999925494193,2500.6064453125,0.6064702272415161,2500.6064453125,0.2499999925494193
811,0.0,0.0,0.2499999925494193,2500.603515625,0.6035235524177551,2500.603515625,0.2499999925494193
812,0.0,0.0,0.2499999925494193,2500.558349609375,0.5583060383796692,2500.558349609375,0.2499999925494193
813,0.0,0.0,0.2499999925494193,2500.548828125,0.5489323139190674,2500.548828125,0.2499999925494193
814,0.0,0.0,0.2499999925494193,2500.552001953125,0.5519417524337769,2500.552001953125,0.2499999925494193
815,0.0,0.0,0.2499999925494193,2500.61767578125,0.6176709532737732,2500.61767578125,0.2499999925494193
816,0.0,0.0,0.2499999925494193,2500.598388671875,0.5984477996826172,2500.598388671875,0.2499999925494193
817,0.0,0.0,0.2499999925494193,2500.61328125,0.6132444739341736,2500.61328125,0.2499999925494193
818,0.0,0.0,0.2499999925494193,2500.52734375,0.5272592902183533,2500.52734375,0.2499999925494193
819,0.0,0.0,0.2499999925494193,2500.577392578125,0.5774596333503723,2500.577392578125,0.2499999925494193
820,0.0,0.0,0.2499999925494193,2500.55712890625,0.5572057366371155,2500.55712890625,0.2499999925494193
821,0.0,0.0,0.2499999925494193,2500.624755859375,0.6248002648353577,2500.624755859375,0.2499999925494193
822,0.0,0.0,0.2499999925494193,2500.553466796875,0.5534660220146179,2500.553466796875,0.2499999925494193
823,0.0,0.0,0.2499999925494193,2500.5361328125,0.5361499786376953,2500.5361328125,0.2499999925494193
824,0.0,0.0,0.2499999925494193,2500.546630859375,0.546563982963562,2500.546630859375,0.2499999925494193
825,0.0,0.0,0.2499999925494193,2500.679931640625,0.6798955202102661,2500.679931640625,0.2499999925494193
826,0.0,0.0,0.2499999925494193,2500.562744140625,0.5626984238624573,2500.562744140625,0.2499999925494193
827,0.0,0.0,0.2499999925494193,2500.552490234375,0.5524973273277283,2500.552490234375,0.2499999925494193
828,0.0,0.0,0.2499999925494193,2500.59765625,0.5975415706634521,2500.59765625,0.2499999925494193
829,0.0,0.0,0.2499999925494193,2500.520751953125,0.5206730365753174,2500.520751953125,0.2499999925494193
830,0.0,0.0,0.2499999925494193,2500.561279296875,0.561285674571991,2500.561279296875,0.2499999925494193
831,0.0,0.0,0.2499999925494193,2500.6181640625,0.6181051135063171,2500.6181640625,0.2499999925494193
832,0.0,0.0,0.2499999925494193,2500.56201171875,0.5619839429855347,2500.56201171875,0.2499999925494193
833,0.0,0.0,0.2499999925494193,2500.556396484375,0.5563974380493164,2500.556396484375,0.2499999925494193
834,0.0,0.0,0.2499999925494193,2500.576904296875,0.5769092440605164,2500.576904296875,0.2499999925494193
835,0.0,0.0,0.2499999925494193,2500.574951171875,0.574951708316803,2500.574951171875,0.2499999925494193
836,0.0,0.0,0.2499999925494193,2500.63671875,0.636760413646698,2500.63671875,0.2499999925494193
837,0.0,0.0,0.2499999925494193,2500.582275390625,0.5822170972824097,2500.582275390625,0.2499999925494193
838,0.0,0.0,0.2499999925494193,2500.61181640625,0.6119238138198853,2500.61181640625,0.2499999925494193
839,0.0,0.0,0.2499999925494193,2500.5322265625,0.5323261618614197,2500.5322265625,0.2499999925494193
840,0.0,0.0,0.2499999925494193,2500.497314453125,0.49735814332962036,2500.497314453125,0.2499999925494193
841,0.0,0.0,0.2499999925494193,2500.5595703125,0.5595581531524658,2500.5595703125,0.2499999925494193
842,0.0,0.0,0.2499999925494193,2500.536865234375,0.5367597937583923,2500.536865234375,0.2499999925494193
843,0.0,0.0,0.2499999925494193,2500.54833984375,0.5484351515769958,2500.54833984375,0.2499999925494193
844,0.0,0.0,0.2499999925494193,2500.533447265625,0.5333476662635803,2500.533447265625,0.2499999925494193
845,0.0,0.0,0.2499999925494193,2500.53515625,0.5351674556732178,2500.53515625,0.2499999925494193
846,0.0,0.0,0.2499999925494193,2500.566650390625,0.566728413105011,2500.566650390625,0.2499999925494193
847,0.0,0.0,0.2499999925494193,2500.538818359375,0.5388490557670593,2500.538818359375,0.2499999925494193
848,0.0,0.0,0.2499999925494193,2500.602294921875,0.6022115349769592,2500.602294921875,0.2499999925494193
849,0.0,0.0,0.2499999925494193,2500.58740234375,0.5875098705291748,2500.58740234375,0.2499999925494193
850,0.0,0.0,0.2499999925494193,2500.5537109375,0.5536291003227234,2500.5537109375,0.2499999925494193
851,0.0,0.0,0.2499999925494193,2500.578369140625,0.5782946944236755,2500.578369140625,0.2499999925494193
852,0.0,0.0,0.2499999925494193,2500.587158203125,0.5872781872749329,2500.587158203125,0.2499999925494193
853,0.0,0.0,0.2499999925494193,2500.554931640625,0.5550139546394348,2500.554931640625,0.2499999925494193
854,0.0,0.0,0.2499999925494193,2500.492431640625,0.49236637353897095,2500.492431640625,0.2499999925494193
855,0.0,0.0,0.2499999925494193,2500.531982421875,0.5320296287536621,2500.531982421875,0.2499999925494193
856,0.0,0.0,0.2499999925494193,2500.55810546875,0.5582191348075867,2500.55810546875,0.2499999925494193
857,0.0,0.0,0.2499999925494193,2500.53125,0.5313172936439514,2500.53125,0.2499999925494193
858,0.0,0.0,0.2499999925494193,2500.552490234375,0.5525482296943665,2500.552490234375,0.2499999925494193
859,0.0,0.0,0.2499999925494193,2500.565673828125,0.5656676292419434,2500.565673828125,0.2499999925494193
860,0.0,0.0,0.2499999925494193,2500.58203125,0.5821507573127747,2500.58203125,0.2499999925494193
861,0.0,0.0,0.2499999925494193,2500.5361328125,0.5360187292098999,2500.5361328125,0.2499999925494193
862,0.0,0.0,0.2499999925494193,2500.640625,0.640592098236084,2500.640625,0.2499999925494193
863,0.0,0.0,0.2499999925494193,2500.525634765625,0.525651216506958,2500.525634765625,0.2499999925494193
864,0.0,0.0,0.2499999925494193,2500.536865234375,0.5368476510047913,2500.536865234375,0.2499999925494193
865,0.0,0.0,0.2499999925494193,2500.584716796875,0.5846645832061768,2500.584716796875,0.2499999925494193
866,0.0,0.0,0.2499999925494193,2500.563720703125,0.5636365413665771,2500.563720703125,0.2499999925494193
867,0.0,0.0,0.2499999925494193,2500.564208984375,0.5641733407974243,2500.564208984375,0.2499999925494193
868,0.0,0.0,0.2499999925494193,2500.4951171875,0.49510622024536133,2500.4951171875,0.2499999925494193
869,0.0,0.0,0.2499999925494193,2500.525390625,0.5253822207450867,2500.525390625,0.2499999925494193
870,0.0,0.0,0.2499999925494193,2500.545166015625,0.54526686668396,2500.545166015625,0.2499999925494193
871,0.0,0.0,0.2499999925494193,2500.581298828125,0.5812609195709229,2500.581298828125,0.2499999925494193
872,0.0,0.0,0.2499999925494193,2500.569091796875,0.5691997408866882,2500.569091796875,0.2499999925494193
873,0.0,0.0,0.2499999925494193,2500.523193359375,0.5232223868370056,2500.523193359375,0.2499999925494193
874,0.0,0.0,0.2499999925494193,2500.52978515625,0.5297644138336182,2500.52978515625,0.2499999925494193
875,0.0,0.0,0.2499999925494193,2500.52734375,0.5272741913795471,2500.52734375,0.2499999925494193
876,0.0,0.0,0.2499999925494193,2500.557373046875,0.5573464632034302,2500.557373046875,0.2499999925494193
877,0.0,0.0,0.2499999925494193,2500.532958984375,0.5329318046569824,2500.532958984375,0.2499999925494193
878,0.0,0.0,0.2499999925494193,2500.5234375,0.5233955979347229,2500.5234375,0.2499999925494193
879,0.0,0.0,0.2499999925494193,2500.552001953125,0.5520419478416443,2500.552001953125,0.2499999925494193
880,0.0,0.0,0.2499999925494193,2500.519775390625,0.5197413563728333,2500.519775390625,0.2499999925494193
881,0.0,0.0,0.2499999925494193,2500.54931640625,0.5494143962860107,2500.54931640625,0.2499999925494193
882,0.0,0.0,0.2499999925494193,2500.50439453125,0.5044015645980835,2500.50439453125,0.2499999925494193
883,0.0,0.0,0.2499999925494193,2500.525146484375,0.5252330303192139,2500.525146484375,0.2499999925494193
884,0.0,0.0,0.2499999925494193,2500.62109375,0.6210994720458984,2500.62109375,0.2499999925494193
885,0.0,0.0,0.2499999925494193,2500.5361328125,0.536128044128418,2500.5361328125,0.2499999925494193
886,0.0,0.0,0.2499999925494193,2500.5595703125,0.5595902800559998,2500.5595703125,0.2499999925494193
887,0.0,0.0,0.2499999925494193,2500.545654296875,0.5455371737480164,2500.545654296875,0.2499999925494193
888,0.0,0.0,0.2499999925494193,2500.570068359375,0.570153534412384,2500.570068359375,0.2499999925494193
889,0.0,0.0,0.2499999925494193,2500.5068359375,0.5069300532341003,2500.5068359375,0.2499999925494193
890,0.0,0.0,0.2499999925494193,2500.61572265625,0.615653932094574,2500.61572265625,0.2499999925494193
891,0.0,0.0,0.2499999925494193,2500.531494140625,0.5314640998840332,2500.531494140625,0.2499999925494193
892,0.0,0.0,0.2499999925494193,2500.560546875,0.560560941696167,2500.560546875,0.2499999925494193
893,0.0,0.0,0.2499999925494193,2500.478759765625,0.4787379503250122,2500.478759765625,0.2499999925494193
894,0.0,0.0,0.2499999925494193,2500.533447265625,0.5334933400154114,2500.533447265625,0.2499999925494193
895,0.0,0.0,0.2499999925494193,2500.510986328125,0.5110315680503845,2500.510986328125,0.2499999925494193
896,0.0,0.0,0.2499999925494193,2500.587158203125,0.5871593952178955,2500.587158203125,0.2499999925494193
897,0.0,0.0,0.2499999925494193,2500.523681640625,0.5237550735473633,2500.523681640625,0.2499999925494193
898,0.0,0.0,0.2499999925494193,2500.46923828125,0.46933943033218384,2500.46923828125,0.2499999925494193
899,0.0,0.0,0.2499999925494193,2500.506591796875,0.5067132115364075,2500.506591796875,0.2499999925494193
900,0.0,0.0,0.2499999925494193,2500.501953125,0.5020633339881897,2500.501953125,0.2499999925494193
901,0.0,0.0,0.2499999925494193,2500.57080078125,0.5707767605781555,2500.57080078125,0.2499999925494193
902,0.0,0.0,0.2499999925494193,2500.52685546875,0.5268409848213196,2500.52685546875,0.2499999925494193
903,0.0,0.0,0.2499999925494193,2500.58447265625,0.5844187140464783,2500.58447265625,0.2499999925494193
904,0.0,0.0,0.2499999925494193,2500.526123046875,0.5262220501899719,2500.526123046875,0.2499999925494193
905,0.0,0.0,0.2499999925494193,2500.5595703125,0.5596238970756531,2500.5595703125,0.2499999925494193
906,0.0,0.0,0.2499999925494193,2500.48974609375,0.4898403286933899,2500.48974609375,0.2499999925494193
907,0.0,0.0,0.2499999925494193,2500.51025390625,0.5101425647735596,2500.51025390625,0.2499999925494193
908,0.0,0.0,0.2499999925494193,2500.576904296875,0.5769172310829163,2500.576904296875,0.2499999925494193
909,0.0,0.0,0.2499999925494193,2500.52490234375,0.5249078273773193,2500.52490234375,0.2499999925494193
910,0.0,0.0,0.2499999925494193,2500.61376953125,0.6137877702713013,2500.61376953125,0.2499999925494193
911,0.0,0.0,0.2499999925494193,2500.5673828125,0.567445695400238,2500.5673828125,0.2499999925494193
912,0.0,0.0,0.2499999925494193,2500.57373046875,0.5736148953437805,2500.57373046875,0.2499999925494193
913,0.0,0.0,0.2499999925494193,2500.589111328125,0.5892008543014526,2500.589111328125,0.2499999925494193
914,0.0,0.0,0.2499999925494193,2500.47705078125,0.47708213329315186,2500.47705078125,0.2499999925494193
915,0.0,0.0,0.2499999925494193,2500.44970703125,0.44969993829727173,2500.44970703125,0.2499999925494193
916,0.0,0.0,0.2499999925494193,2500.474853515625,0.4748637080192566,2500.474853515625,0.2499999925494193
917,0.0,0.0,0.2499999925494193,2500.54541015625,0.5454208254814148,2500.54541015625,0.2499999925494193
918,0.0,0.0,0.2499999925494193,2500.54638671875,0.5463466048240662,2500.54638671875,0.2499999925494193
919,0.0,0.0,0.2499999925494193,2500.49609375,0.4961738586425781,2500.49609375,0.2499999925494193
920,0.0,0.0,0.2499999925494193,2500.56591796875,0.5658284425735474,2500.56591796875,0.2499999925494193
921,0.0,0.0,0.2499999925494193,2500.53076171875,0.5306694507598877,2500.53076171875,0.2499999925494193
922,0.0,0.0,0.2499999925494193,2500.47509765625,0.47504544258117676,2500.47509765625,0.2499999925494193
923,0.0,0.0,0.2499999925494193,2500.588134765625,0.588087797164917,2500.588134765625,0.2499999925494193
924,0.0,0.0,0.2499999925494193,2500.570068359375,0.570107638835907,2500.570068359375,0.2499999925494193
925,0.0,0.0,0.2499999925494193,2500.538818359375,0.5388776659965515,2500.538818359375,0.2499999925494193
926,0.0,0.0,0.2499999925494193,2500.557373046875,0.5572532415390015,2500.557373046875,0.2499999925494193
927,0.0,0.0,0.2499999925494193,2500.539306640625,0.5393413305282593,2500.539306640625,0.2499999925494193
928,0.0,0.0,0.2499999925494193,2500.50634765625,0.5063900351524353,2500.50634765625,0.2499999925494193
929,0.0,0.0,0.2499999925494193,2500.514892578125,0.514951765537262,2500.514892578125,0.2499999925494193
930,0.0,0.0,0.2499999925494193,2500.490478515625,0.4904944896697998,2500.490478515625,0.2499999925494193
931,0.0,0.0,0.2499999925494193,2500.501953125,0.5019615292549133,2500.501953125,0.2499999925494193
932,0.0,0.0,0.2499999925494193,2500.52099609375,0.5209909081459045,2500.52099609375,0.2499999925494193
933,0.0,0.0,0.2499999925494193,2500.575439453125,0.5754808187484741,2500.575439453125,0.2499999925494193
934,0.0,0.0,0.2499999925494193,2500.494140625,0.49425721168518066,2500.494140625,0.2499999925494193
935,0.0,0.0,0.2499999925494193,2500.50146484375,0.5014979243278503,2500.50146484375,0.2499999925494193
936,0.0,0.0,0.2499999925494193,2500.556396484375,0.556320309638977,2500.556396484375,0.2499999925494193
937,0.0,0.0,0.2499999925494193,2500.5517578125,0.5517593026161194,2500.5517578125,0.2499999925494193
938,0.0,0.0,0.2499999925494193,2500.54296875,0.5429456233978271,2500.54296875,0.2499999925494193
939,0.0,0.0,0.2499999925494193,2500.551025390625,0.5510010719299316,2500.551025390625,0.2499999925494193
940,0.0,0.0,0.2499999925494193,2500.50830078125,0.5083640217781067,2500.50830078125,0.2499999925494193
941,0.0,0.0,0.2499999925494193,2500.5556640625,0.5556128025054932,2500.5556640625,0.2499999925494193
942,0.0,0.0,0.2499999925494193,2500.518798828125,0.5188266634941101,2500.518798828125,0.2499999925494193
943,0.0,0.0,0.2499999925494193,2500.546875,0.5467898845672607,2500.546875,0.2499999925494193
944,0.0,0.0,0.2499999925494193,2500.556396484375,0.5563136339187622,2500.556396484375,0.2499999925494193
945,0.0,0.0,0.2499999925494193,2500.60107421875,0.6011031270027161,2500.60107421875,0.2499999925494193
946,0.0,0.0,0.2499999925494193,2500.51611328125,0.5162116289138794,2500.51611328125,0.2499999925494193
947,0.0,0.0,0.2499999925494193,2500.515380859375,0.5153557658195496,2500.515380859375,0.2499999925494193
948,0.0,0.0,0.2499999925494193,2500.517578125,0.5175250768661499,2500.517578125,0.2499999925494193
949,0.0,0.0,0.2499999925494193,2500.600830078125,0.6008695960044861,2500.600830078125,0.2499999925494193
950,0.0,0.0,0.2499999925494193,2500.5146484375,0.514676570892334,2500.5146484375,0.2499999925494193
951,0.0,0.0,0.2499999925494193,2500.55224609375,0.5522568821907043,2500.55224609375,0.2499999925494193
952,0.0,0.0,0.2499999925494193,2500.518310546875,0.5183055996894836,2500.518310546875,0.2499999925494193
953,0.0,0.0,0.2499999925494193,2500.552734375,0.5527302622795105,2500.552734375,0.2499999925494193
954,0.0,0.0,0.2499999925494193,2500.493896484375,0.4939694404602051,2500.493896484375,0.2499999925494193
955,0.0,0.0,0.2499999925494193,2500.565185546875,0.5652394890785217,2500.565185546875,0.2499999925494193
956,0.0,0.0,0.2499999925494193,2500.523681640625,0.5236101746559143,2500.523681640625,0.2499999925494193
957,0.0,0.0,0.2499999925494193,2500.501708984375,0.5017662048339844,2500.501708984375,0.2499999925494193
958,0.0,0.0,0.2499999925494193,2500.60546875,0.6053972840309143,2500.60546875,0.2499999925494193
959,0.0,0.0,0.2499999925494193,2500.49365234375,0.4937569499015808,2500.49365234375,0.2499999925494193
960,0.0,0.0,0.2499999925494193,2500.529541015625,0.5296576023101807,2500.529541015625,0.2499999925494193
961,0.0,0.0,0.2499999925494193,2500.548583984375,0.5485798120498657,2500.548583984375,0.2499999925494193
962,0.0,0.0,0.2499999925494193,2500.564453125,0.5645395517349243,2500.564453125,0.2499999925494193
963,0.0,0.0,0.2499999925494193,2500.525634765625,0.5257381796836853,2500.525634765625,0.2499999925494193
964,0.0,0.0,0.2499999925494193,2500.55029296875,0.5501950979232788,2500.55029296875,0.2499999925494193
965,0.0,0.0,0.2499999925494193,2500.49462890625,0.4947146773338318,2500.49462890625,0.2499999925494193
966,0.0,0.0,0.2499999925494193,2500.5400390625,0.5399818420410156,2500.5400390625,0.2499999925494193
967,0.0,0.0,0.2499999925494193,2500.55322265625,0.5532156229019165,2500.55322265625,0.2499999925494193
968,0.0,0.0,0.2499999925494193,2500.4609375,0.46098804473876953,2500.4609375,0.2499999925494193
969,0.0,0.0,0.2499999925494193,2500.56005859375,0.560137927532196,2500.56005859375,0.2499999925494193
970,0.0,0.0,0.2499999925494193,2500.502197265625,0.5022338628768921,2500.502197265625,0.2499999925494193
971,0.0,0.0,0.2499999925494193,2500.51025390625,0.5103346109390259,2500.51025390625,0.2499999925494193
972,0.0,0.0,0.2499999925494193,2500.498291015625,0.4983850121498108,2500.498291015625,0.2499999925494193
973,0.0,0.0,0.2499999925494193,2500.4775390625,0.4774242639541626,2500.4775390625,0.2499999925494193
974,0.0,0.0,0.2499999925494193,2500.53466796875,0.534582793712616,2500.53466796875,0.2499999925494193
975,0.0,0.0,0.2499999925494193,2500.55126953125,0.5512697100639343,2500.55126953125,0.2499999925494193
976,0.0,0.0,0.2499999925494193,2500.563720703125,0.5638312101364136,2500.563720703125,0.2499999925494193
977,0.0,0.0,0.2499999925494193,2500.53515625,0.5350977778434753,2500.53515625,0.2499999925494193
978,0.0,0.0,0.2499999925494193,2500.538330078125,0.5382973551750183,2500.538330078125,0.2499999925494193
979,0.0,0.0,0.2499999925494193,2500.519287109375,0.5193290710449219,2500.519287109375,0.2499999925494193
980,0.0,0.0,0.2499999925494193,2500.484375,0.48446279764175415,2500.484375,0.2499999925494193
981,0.0,0.0,0.2499999925494193,2500.485107421875,0.48508965969085693,2500.485107421875,0.2499999925494193
982,0.0,0.0,0.2499999925494193,2500.5068359375,0.5067882537841797,2500.5068359375,0.2499999925494193
983,0.0,0.0,0.2499999925494193,2500.53125,0.5313105583190918,2500.53125,0.2499999925494193
984,0.0,0.0,0.2499999925494193,2500.505615234375,0.50550377368927,2500.505615234375,0.2499999925494193
985,0.0,0.0,0.2499999925494193,2500.439697265625,0.4396250247955322,2500.439697265625,0.2499999925494193
986,0.0,0.0,0.2499999925494193,2500.542236328125,0.5422058701515198,2500.542236328125,0.2499999925494193
987,0.0,0.0,0.2499999925494193,2500.564453125,0.5644576549530029,2500.564453125,0.2499999925494193
988,0.0,0.0,0.2499999925494193,2500.49853515625,0.49858516454696655,2500.49853515625,0.2499999925494193
989,0.0,0.0,0.2499999925494193,2500.503173828125,0.5032615065574646,2500.503173828125,0.2499999925494193
990,0.0,0.0,0.2499999925494193,2500.468994140625,0.4688722491264343,2500.468994140625,0.2499999925494193
991,0.0,0.0,0.2499999925494193,2500.49853515625,0.49854469299316406,2500.49853515625,0.2499999925494193
992,0.0,0.0,0.2499999925494193,2500.5771484375,0.5771524906158447,2500.5771484375,0.2499999925494193
993,0.0,0.0,0.2499999925494193,2500.55615234375,0.5562124848365784,2500.55615234375,0.2499999925494193
994,0.0,0.0,0.2499999925494193,2500.550537109375,0.5506371855735779,2500.550537109375,0.2499999925494193
995,0.0,0.0,0.2499999925494193,2500.517578125,0.5175254344940186,2500.517578125,0.2499999925494193
996,0.0,0.0,0.2499999925494193,2500.5166015625,0.516572892665863,2500.5166015625,0.2499999925494193
997,0.0,0.0,0.2499999925494193,2500.47412109375,0.474059522151947,2500.47412109375,0.2499999925494193
998,0.0,0.0,0.2499999925494193,2500.44677734375,0.44672679901123047,2500.44677734375,0.2499999925494193
999,0.0,0.0,0.2499999925494193,2500.470703125,0.47079527378082275,2500.470703125,0.2499999925494193
1000,0.0,0.0,0.2499999925494193,2500.54638671875,0.5463218092918396,2500.54638671875,0.2499999925494193
1001,0.0,0.0,0.2499999925494193,2500.4892578125,0.48914390802383423,2500.4892578125,0.2499999925494193
1002,0.0,0.0,0.2499999925494193,2500.510986328125,0.5110800266265869,2500.510986328125,0.2499999925494193
1003,0.0,0.0,0.2499999925494193,2500.5556640625,0.5556396842002869,2500.5556640625,0.2499999925494193
1004,0.0,0.0,0.2499999925494193,2500.486572265625,0.48658931255340576,2500.486572265625,0.2499999925494193
1005,0.0,0.0,0.2499999925494193,2500.5498046875,0.5498339533805847,2500.5498046875,0.2499999925494193
1006,0.0,0.0,0.2499999925494193,2500.51171875,0.5117707848548889,2500.51171875,0.2499999925494193
1007,0.0,0.0,0.2499999925494193,2500.529052734375,0.5289443731307983,2500.529052734375,0.2499999925494193
1008,0.0,0.0,0.2499999925494193,2500.5,0.49988847970962524,2500.5,0.2499999925494193
1009,0.0,0.0,0.2499999925494193,2500.493896484375,0.49398815631866455,2500.493896484375,0.2499999925494193
1010,0.0,0.0,0.2499999925494193,2500.487548828125,0.48743194341659546,2500.487548828125,0.2499999925494193
1011,0.0,0.0,0.2499999925494193,2500.489501953125,0.48947566747665405,2500.489501953125,0.2499999925494193
1012,0.0,0.0,0.2499999925494193,2500.48974609375,0.4898499846458435,2500.48974609375,0.2499999925494193
1013,0.0,0.0,0.2499999925494193,2500.506591796875,0.506547749042511,2500.506591796875,0.2499999925494193
1014,0.0,0.0,0.2499999925494193,2500.528564453125,0.5284969210624695,2500.528564453125,0.2499999925494193
1015,0.0,0.0,0.2499999925494193,2500.495361328125,0.49544912576675415,2500.495361328125,0.2499999925494193
1016,0.0,0.0,0.2499999925494193,2500.453857421875,0.453774094581604,2500.453857421875,0.2499999925494193
1017,0.0,0.0,0.2499999925494193,2500.544921875,0.5448751449584961,2500.544921875,0.2499999925494193
1018,0.0,0.0,0.2499999925494193,2500.55078125,0.5507049560546875,2500.55078125,0.2499999925494193
1019,0.0,0.0,0.2499999925494193,2500.442138671875,0.44223910570144653,2500.442138671875,0.2499999925494193
1020,0.0,0.0,0.2499999925494193,2500.485107421875,0.4850820302963257,2500.485107421875,0.2499999925494193
1021,0.0,0.0,0.2499999925494193,2500.536865234375,0.536937415599823,2500.536865234375,0.2499999925494193
1022,0.0,0.0,0.2499999925494193,2500.491455078125,0.49151796102523804,2500.491455078125,0.2499999925494193
1023,0.0,0.0,0.2499999925494193,2500.462158203125,0.46226781606674194,2500.462158203125,0.2499999925494193
1024,0.0,0.0,0.2499999925494193,2500.486083984375,0.48602598905563354,2500.486083984375,0.2499999925494193
1025,0.0,0.0,0.2499999925494193,2500.546875,0.5468045473098755,2500.546875,0.2499999925494193
1026,0.0,0.0,0.2499999925494193,2500.44775390625,0.4477384090423584,2500.44775390625,0.2499999925494193
1027,0.0,0.0,0.2499999925494193,2500.48291015625,0.4830014705657959,2500.48291015625,0.2499999925494193
1028,0.0,0.0,0.2499999925494193,2500.531005859375,0.5309041738510132,2500.531005859375,0.2499999925494193
1029,0.0,0.0,0.2499999925494193,2500.48876953125,0.48880523443222046,2500.48876953125,0.2499999925494193
1030,0.0,0.0,0.2499999925494193,2500.552734375,0.5527389645576477,2500.552734375,0.2499999925494193
1031,0.0,0.0,0.2499999925494193,2500.45947265625,0.4593557119369507,2500.45947265625,0.2499999925494193
1032,0.0,0.0,0.2499999925494193,2500.445068359375,0.4451103210449219,2500.445068359375,0.2499999925494193
1033,0.0,0.0,0.2499999925494193,2500.55029296875,0.5502432584762573,2500.55029296875,0.2499999925494193
1034,0.0,0.0,0.2499999925494193,2500.50439453125,0.5043314695358276,2500.50439453125,0.2499999925494193
1035,0.0,0.0,0.2499999925494193,2500.507080078125,0.5069884657859802,2500.507080078125,0.2499999925494193
1036,0.0,0.0,0.2499999925494193,2500.4541015625,0.45411568880081177,2500.4541015625,0.2499999925494193
1037,0.0,0.0,0.2499999925494193,2500.504150390625,0.5042678713798523,2500.504150390625,0.2499999925494193
1038,0.0,0.0,0.2499999925494193,2500.439453125,0.43957436084747314,2500.439453125,0.2499999925494193
1039,0.0,0.0,0.2499999925494193,2500.521240234375,0.5213314890861511,2500.521240234375,0.2499999925494193
1040,0.0,0.0,0.2499999925494193,2500.478271484375,0.4782600998878479,2500.478271484375,0.2499999925494193
1041,0.0,0.0,0.2499999925494193,2500.448486328125,0.44837701320648193,2500.448486328125,0.2499999925494193
1042,0.0,0.0,0.2499999925494193,2500.474609375,0.47452986240386963,2500.474609375,0.2499999925494193
1043,0.0,0.0,0.2499999925494193,2500.504150390625,0.5042147040367126,2500.504150390625,0.2499999925494193
1044,0.0,0.0,0.2499999925494193,2500.49560546875,0.49558311700820923,2500.49560546875,0.2499999925494193
1045,0.0,0.0,0.2499999925494193,2500.485107421875,0.48506855964660645,2500.485107421875,0.2499999925494193
1046,0.0,0.0,0.2499999925494193,2500.46044921875,0.46033650636672974,2500.46044921875,0.2499999925494193
1047,0.0,0.0,0.2499999925494193,2500.455810546875,0.4558029770851135,2500.455810546875,0.2499999925494193
1048,0.0,0.0,0.2499999925494193,2500.49365234375,0.4937666058540344,2500.49365234375,0.2499999925494193
1049,0.0,0.0,0.2499999925494193,2500.4658203125,0.4659348726272583,2500.4658203125,0.2499999925494193
1050,0.0,0.0,0.2499999925494193,2500.53466796875,0.5346760749816895,2500.53466796875,0.2499999925494193
1051,0.0,0.0,0.2499999925494193,2500.448974609375,0.4489487409591675,2500.448974609375,0.2499999925494193
1052,0.0,0.0,0.2499999925494193,2500.62109375,0.6212005615234375,2500.62109375,0.2499999925494193
1053,0.0,0.0,0.2499999925494193,2500.439208984375,0.43932104110717773,2500.439208984375,0.2499999925494193
1054,0.0,0.0,0.2499999925494193,2500.511962890625,0.5120001435279846,2500.511962890625,0.2499999925494193
1055,0.0,0.0,0.2499999925494193,2500.458984375,0.45894962549209595,2500.458984375,0.2499999925494193
1056,0.0,0.0,0.2499999925494193,2500.452880859375,0.4527703523635864,2500.452880859375,0.2499999925494193
1057,0.0,0.0,0.2499999925494193,2500.47900390625,0.47890669107437134,2500.47900390625,0.2499999925494193
1058,0.0,0.0,0.2499999925494193,2500.532958984375,0.5329939126968384,2500.532958984375,0.2499999925494193
1059,0.0,0.0,0.2499999925494193,2500.48193359375,0.4820530414581299,2500.48193359375,0.2499999925494193
1060,0.0,0.0,0.2499999925494193,2500.549072265625,0.5490615963935852,2500.549072265625,0.2499999925494193
1061,0.0,0.0,0.2499999925494193,2500.475341796875,0.4752645492553711,2500.475341796875,0.2499999925494193
1062,0.0,0.0,0.2499999925494193,2500.478759765625,0.47884029150009155,2500.478759765625,0.2499999925494193
1063,0.0,0.0,0.2499999925494193,2500.476806640625,0.4767930507659912,2500.476806640625,0.2499999925494193
1064,0.0,0.0,0.2499999925494193,2500.52001953125,0.5199984312057495,2500.52001953125,0.2499999925494193
1065,0.0,0.0,0.2499999925494193,2500.5400390625,0.5401566028594971,2500.5400390625,0.2499999925494193
1066,0.0,0.0,0.2499999925494193,2500.49560546875,0.49571216106414795,2500.49560546875,0.2499999925494193
1067,0.0,0.0,0.20412413914855784,2500.470947265625,0.4708821177482605,2500.470947265625,0.20412413914855784
1068,0.0,0.0,0.2499999925494193,2500.445068359375,0.44510364532470703,2500.445068359375,0.2499999925494193
1069,0.0,0.0,0.2499999925494193,2500.455322265625,0.45531386137008667,2500.455322265625,0.2499999925494193
1070,0.0,0.0,0.2499999925494193,2500.43994140625,0.4399380683898926,2500.43994140625,0.2499999925494193
1071,0.0,0.0,0.2499999925494193,2500.476806640625,0.4767611026763916,2500.476806640625,0.2499999925494193
1072,0.0,0.0,0.2499999925494193,2500.48681640625,0.486694872379303,2500.48681640625,0.2499999925494193
1073,0.0,0.0,0.2499999925494193,2500.451171875,0.4511985182762146,2500.451171875,0.2499999925494193
1074,0.0,0.0,0.2499999925494193,2500.431640625,0.4316045045852661,2500.431640625,0.2499999925494193
1075,0.0,0.0,0.2499999925494193,2500.511962890625,0.5119065046310425,2500.511962890625,0.2499999925494193
1076,0.0,0.0,0.2499999925494193,2500.51611328125,0.5160905718803406,2500.51611328125,0.2499999925494193
1077,0.0,0.0,0.2499999925494193,2500.48388671875,0.4839046597480774,2500.48388671875,0.2499999925494193
1078,0.0,0.0,0.2499999925494193,2500.49609375,0.4961933493614197,2500.49609375,0.2499999925494193
1079,0.0,0.0,0.2499999925494193,2500.441650390625,0.44168388843536377,2500.441650390625,0.2499999925494193
1080,0.0,0.0,0.2499999925494193,2500.43310546875,0.4331812858581543,2500.43310546875,0.2499999925494193
1081,0.0,0.0,0.2499999925494193,2500.45458984375,0.4545925259590149,2500.45458984375,0.2499999925494193
1082,0.0,0.0,0.2499999925494193,2500.5087890625,0.508879542350769,2500.5087890625,0.2499999925494193
1083,0.0,0.0,0.2499999925494193,2500.448974609375,0.4488837718963623,2500.448974609375,0.2499999925494193
1084,0.0,0.0,0.2499999925494193,2500.474365234375,0.4744606614112854,2500.474365234375,0.2499999925494193
1085,0.0,0.0,0.2499999925494193,2500.408447265625,0.4084177017211914,2500.408447265625,0.2499999925494193
1086,0.0,0.0,0.2499999925494193,2500.512939453125,0.5130427479743958,2500.512939453125,0.2499999925494193
1087,0.0,0.0,0.2499999925494193,2500.5009765625,0.5009146928787231,2500.5009765625,0.2499999925494193
1088,0.0,0.0,0.2499999925494193,2500.44970703125,0.4498165249824524,2500.44970703125,0.2499999925494193
1089,0.0,0.0,0.2499999925494193,2500.484130859375,0.48403382301330566,2500.484130859375,0.2499999925494193
1090,0.0,0.0,0.2499999925494193,2500.527587890625,0.5276054739952087,2500.527587890625,0.2499999925494193
1091,0.0,0.0,0.2499999925494193,2500.496337890625,0.4964258074760437,2500.496337890625,0.2499999925494193
1092,0.0,0.0,0.2499999925494193,2500.48828125,0.48834943771362305,2500.48828125,0.2499999925494193
1093,0.0,0.0,0.2499999925494193,2500.4765625,0.4765395522117615,2500.4765625,0.2499999925494193
1094,0.0,0.0,0.2499999925494193,2500.485595703125,0.4855923056602478,2500.485595703125,0.2499999925494193
1095,0.0,0.0,0.2499999925494193,2500.501220703125,0.5011770129203796,2500.501220703125,0.2499999925494193
1096,0.0,0.0,0.2499999925494193,2500.38330078125,0.38328540325164795,2500.38330078125,0.2499999925494193
1097,0.0,0.0,0.2499999925494193,2500.472900390625,0.4729567766189575,2500.472900390625,0.2499999925494193
1098,0.0,0.0,0.2499999925494193,2500.522705078125,0.5227619409561157,2500.522705078125,0.2499999925494193
1099,0.0,0.0,0.2499999925494193,2500.437255859375,0.43717002868652344,2500.437255859375,0.2499999925494193
1100,0.0,0.0,0.2499999925494193,2500.529052734375,0.5290394425392151,2500.529052734375,0.2499999925494193
1101,0.0,0.0,0.2499999925494193,2500.44970703125,0.4496123790740967,2500.44970703125,0.2499999925494193
1102,0.0,0.0,0.2499999925494193,2500.565673828125,0.5656875967979431,2500.565673828125,0.2499999925494193
1103,0.0,0.0,0.2499999925494193,2500.46875,0.46867144107818604,2500.46875,0.2499999925494193
1104,0.0,0.0,0.2499999925494193,2500.435791015625,0.4358527660369873,2500.435791015625,0.2499999925494193
1105,0.0,0.0,0.2499999925494193,2500.42333984375,0.42344653606414795,2500.42333984375,0.2499999925494193
1106,0.0,0.0,0.2499999925494193,2500.482177734375,0.4822285771369934,2500.482177734375,0.2499999925494193
1107,0.0,0.0,0.2499999925494193,2500.494873046875,0.4948216676712036,2500.494873046875,0.2499999925494193
1108,0.0,0.0,0.2499999925494193,2500.468505859375,0.4685137867927551,2500.468505859375,0.2499999925494193
1109,0.0,0.0,0.2499999925494193,2500.43896484375,0.4389636516571045,2500.43896484375,0.2499999925494193
1110,0.0,0.0,0.2499999925494193,2500.412109375,0.41212213039398193,2500.412109375,0.2499999925494193
1111,0.0,0.0,0.2499999925494193,2500.496826171875,0.49670636653900146,2500.496826171875,0.2499999925494193
1112,0.0,0.0,0.2499999925494193,2500.514404296875,0.5142985582351685,2500.514404296875,0.2499999925494193
1113,0.0,0.0,0.2499999925494193,2500.428466796875,0.4285609722137451,2500.428466796875,0.2499999925494193
1114,0.0,0.0,0.2499999925494193,2500.45458984375,0.4544997811317444,2500.45458984375,0.2499999925494193
1115,0.0,0.0,0.2499999925494193,2500.50048828125,0.5005771517753601,2500.50048828125,0.2499999925494193
1116,0.0,0.0,0.2499999925494193,2500.487548828125,0.48765015602111816,2500.487548828125,0.2499999925494193
1117,0.0,0.0,0.2499999925494193,2500.440185546875,0.44026684761047363,2500.440185546875,0.2499999925494193
1118,0.0,0.0,0.2499999925494193,2500.437744140625,0.43777477741241455,2500.437744140625,0.2499999925494193
1119,0.0,0.0,0.2499999925494193,2500.50732421875,0.5073092579841614,2500.50732421875,0.2499999925494193
1120,0.0,0.0,0.2499999925494193,2500.501220703125,0.5011690855026245,2500.501220703125,0.2499999925494193
1121,0.0,0.0,0.2499999925494193,2500.471923828125,0.4719456434249878,2500.471923828125,0.2499999925494193
1122,0.0,0.0,0.2499999925494193,2500.45361328125,0.4536753296852112,2500.45361328125,0.2499999925494193
1123,0.0,0.0,0.2499999925494193,2500.447021484375,0.44710731506347656,2500.447021484375,0.2499999925494193
1124,0.0,0.0,0.2499999925494193,2500.452392578125,0.4523335099220276,2500.452392578125,0.2499999925494193
1125,0.0,0.0,0.2499999925494193,2500.46826171875,0.46831774711608887,2500.46826171875,0.2499999925494193
1126,0.0,0.0,0.2499999925494193,2500.54345703125,0.5434668064117432,2500.54345703125,0.2499999925494193
1127,0.0,0.0,0.2499999925494193,2500.43310546875,0.43315911293029785,2500.43310546875,0.2499999925494193
1128,0.0,0.0,0.2499999925494193,2500.417236328125,0.4173475503921509,2500.417236328125,0.2499999925494193
1129,0.0,0.0,0.2499999925494193,2500.455322265625,0.45543497800827026,2500.455322265625,0.2499999925494193
1130,0.0,0.0,0.2499999925494193,2500.450927734375,0.45087772607803345,2500.450927734375,0.2499999925494193
1131,0.0,0.0,0.2499999925494193,2500.457763671875,0.4576864242553711,2500.457763671875,0.2499999925494193
1132,0.0,0.0,0.2499999925494193,2500.423095703125,0.4231163263320923,2500.423095703125,0.2499999925494193
1133,0.0,0.0,0.2499999925494193,2500.438720703125,0.4386683702468872,2500.438720703125,0.2499999925494193
1134,0.0,0.0,0.2499999925494193,2500.535888671875,0.535830020904541,2500.535888671875,0.2499999925494193
1135,0.0,0.0,0.2499999925494193,2500.41943359375,0.41952812671661377,2500.41943359375,0.2499999925494193
1136,0.0,0.0,0.2499999925494193,2500.535888671875,0.5359982252120972,2500.535888671875,0.2499999925494193
1137,0.0,0.0,0.2499999925494193,2500.46142578125,0.4613448977470398,2500.46142578125,0.2499999925494193
1138,0.0,0.0,0.2499999925494193,2500.441650390625,0.4415872097015381,2500.441650390625,0.2499999925494193
1139,0.0,0.0,0.2499999925494193,2500.481201171875,0.4813036322593689,2500.481201171875,0.2499999925494193
1140,0.0,0.0,0.2499999925494193,2500.445068359375,0.4450124502182007,2500.445068359375,0.2499999925494193
1141,0.0,0.0,0.2499999925494193,2500.471435546875,0.4714839458465576,2500.471435546875,0.2499999925494193
1142,0.0,0.0,0.2499999925494193,2500.457763671875,0.45786231756210327,2500.457763671875,0.2499999925494193
1143,0.0,0.0,0.2499999925494193,2500.43701171875,0.43700850009918213,2500.43701171875,0.2499999925494193
1144,0.0,0.0,0.2499999925494193,2500.457763671875,0.45768964290618896,2500.457763671875,0.2499999925494193
1145,0.0,0.0,0.2499999925494193,2500.474365234375,0.4743690490722656,2500.474365234375,0.2499999925494193
1146,0.0,0.0,0.2499999925494193,2500.484130859375,0.48406410217285156,2500.484130859375,0.2499999925494193
1147,0.0,0.0,0.2499999925494193,2500.533935546875,0.5339558720588684,2500.533935546875,0.2499999925494193
1148,0.0,0.0,0.2499999925494193,2500.504638671875,0.5046846270561218,2500.504638671875,0.2499999925494193
1149,0.0,0.0,0.2499999925494193,2500.483642578125,0.483592689037323,2500.483642578125,0.2499999925494193
1150,0.0,0.0,0.2499999925494193,2500.55859375,0.5584837198257446,2500.55859375,0.2499999925494193
1151,0.0,0.0,0.2499999925494193,2500.43310546875,0.433133602142334,2500.43310546875,0.2499999925494193
1152,0.0,0.0,0.2499999925494193,2500.442138671875,0.44210517406463623,2500.442138671875,0.2499999925494193
1153,0.0,0.0,0.2499999925494193,2500.492431640625,0.4924241304397583,2500.492431640625,0.2499999925494193
1154,0.0,0.0,0.2499999925494193,2500.47705078125,0.4771435260772705,2500.47705078125,0.2499999925494193
1155,0.0,0.0,0.2499999925494193,2500.504638671875,0.5045382380485535,2500.504638671875,0.2499999925494193
1156,0.0,0.0,0.2499999925494193,2500.429443359375,0.4294329881668091,2500.429443359375,0.2499999925494193
1157,0.0,0.0,0.2499999925494193,2500.504638671875,0.5047213435173035,2500.504638671875,0.2499999925494193
1158,0.0,0.0,0.2499999925494193,2500.400146484375,0.40010344982147217,2500.400146484375,0.2499999925494193
1159,0.0,0.0,0.2499999925494193,2500.491455078125,0.4914247989654541,2500.491455078125,0.2499999925494193
1160,0.0,0.0,0.2499999925494193,2500.392578125,0.3925211429595947,2500.392578125,0.2499999925494193
1161,0.0,0.0,0.2499999925494193,2500.423828125,0.42375004291534424,2500.423828125,0.2499999925494193
1162,0.0,0.0,0.2499999925494193,2500.517578125,0.5175854563713074,2500.517578125,0.2499999925494193
1163,0.0,0.0,0.2499999925494193,2500.45068359375,0.4507363438606262,2500.45068359375,0.2499999925494193
1164,0.0,0.0,0.2499999925494193,2500.475830078125,0.4759294390678406,2500.475830078125,0.2499999925494193
1165,0.0,0.0,0.2499999925494193,2500.453125,0.4530767798423767,2500.453125,0.2499999925494193
1166,0.0,0.0,0.2499999925494193,2500.472900390625,0.47278445959091187,2500.472900390625,0.2499999925494193
1167,0.0,0.0,0.2499999925494193,2500.413330078125,0.4133110046386719,2500.413330078125,0.2499999925494193
1168,0.0,0.0,0.2499999925494193,2500.544677734375,0.5447078943252563,2500.544677734375,0.2499999925494193
1169,0.0,0.0,0.2499999925494193,2500.44287109375,0.4428269863128662,2500.44287109375,0.2499999925494193
1170,0.0,0.0,0.2499999925494193,2500.52392578125,0.5239798426628113,2500.52392578125,0.2499999925494193
1171,0.0,0.0,0.2499999925494193,2500.45458984375,0.45460307598114014,2500.45458984375,0.2499999925494193
1172,0.0,0.0,0.2499999925494193,2500.431396484375,0.43129146099090576,2500.431396484375,0.2499999925494193
1173,0.0,0.0,0.2499999925494193,2500.50146484375,0.5014118552207947,2500.50146484375,0.2499999925494193
1174,0.0,0.0,0.2499999925494193,2500.462646484375,0.4625275135040283,2500.462646484375,0.2499999925494193
1175,0.0,0.0,0.2499999925494193,2500.4892578125,0.4891795516014099,2500.4892578125,0.2499999925494193
1176,0.0,0.0,0.2499999925494193,2500.460205078125,0.46014612913131714,2500.460205078125,0.2499999925494193
1177,0.0,0.0,0.2499999925494193,2500.43359375,0.43368828296661377,2500.43359375,0.2499999925494193
1178,0.0,0.0,0.2499999925494193,2500.455078125,0.45517098903656006,2500.455078125,0.2499999925494193
1179,0.0,0.0,0.2499999925494193,2500.450927734375,0.45089632272720337,2500.450927734375,0.2499999925494193
1180,0.0,0.0,0.2499999925494193,2500.47021484375,0.47021251916885376,2500.47021484375,0.2499999925494193
1181,0.0,0.0,0.2499999925494193,2500.457275390625,0.45727550983428955,2500.457275390625,0.2499999925494193
1182,0.0,0.0,0.2499999925494193,2500.473876953125,0.4738611578941345,2500.473876953125,0.2499999925494193
1183,0.0,0.0,0.2499999925494193,2500.427978515625,0.4280722141265869,2500.427978515625,0.2499999925494193
1184,0.0,0.0,0.2499999925494193,2500.4423828125,0.44231927394866943,2500.4423828125,0.2499999925494193
1185,0.0,0.0,0.2499999925494193,2500.437255859375,0.4371873140335083,2500.437255859375,0.2499999925494193
1186,0.0,0.0,0.2499999925494193,2500.44970703125,0.4497647285461426,2500.44970703125,0.2499999925494193
1187,0.0,0.0,0.2499999925494193,2500.420166015625,0.4200681447982788,2500.420166015625,0.2499999925494193
1188,0.0,0.0,0.2499999925494193,2500.43310546875,0.43301165103912354,2500.43310546875,0.2499999925494193
1189,0.0,0.0,0.2499999925494193,2500.379638671875,0.37975847721099854,2500.379638671875,0.2499999925494193
1190,0.0,0.0,0.2499999925494193,2500.454833984375,0.4549199342727661,2500.454833984375,0.2499999925494193
1191,0.0,0.0,0.2499999925494193,2500.459228515625,0.4591940641403198,2500.459228515625,0.2499999925494193
1192,0.0,0.0,0.2499999925494193,2500.51953125,0.5194841027259827,2500.51953125,0.2499999925494193
1193,0.0,0.0,0.2499999925494193,2500.45849609375,0.4585757255554199,2500.45849609375,0.2499999925494193
1194,0.0,0.0,0.2499999925494193,2500.407958984375,0.40792250633239746,2500.407958984375,0.2499999925494193
1195,0.0,0.0,0.2499999925494193,2500.417236328125,0.4172959327697754,2500.417236328125,0.2499999925494193
1196,0.0,0.0,0.2499999925494193,2500.5166015625,0.5167080760002136,2500.5166015625,0.2499999925494193
1197,0.0,0.0,0.2499999925494193,2500.451416015625,0.4513545632362366,2500.451416015625,0.2499999925494193
1198,0.0,0.0,0.2499999925494193,2500.423095703125,0.4230318069458008,2500.423095703125,0.2499999925494193
1199,0.0,0.0,0.2499999925494193,2500.477294921875,0.477176308631897,2500.477294921875,0.2499999925494193
1200,0.0,0.0,0.2499999925494193,2500.499267578125,0.4992556571960449,2500.499267578125,0.2499999925494193
1201,0.0,0.0,0.2499999925494193,2500.43798828125,0.43789732456207275,2500.43798828125,0.2499999925494193
1202,0.0,0.0,0.2499999925494193,2500.46923828125,0.4692557454109192,2500.46923828125,0.2499999925494193
1203,0.0,0.0,0.2499999925494193,2500.486572265625,0.48663049936294556,2500.486572265625,0.2499999925494193
1204,0.0,0.0,0.2499999925494193,2500.49462890625,0.4946191906929016,2500.49462890625,0.2499999925494193
1205,0.0,0.0,0.2499999925494193,2500.396484375,0.39652955532073975,2500.396484375,0.2499999925494193
1206,0.0,0.0,0.2499999925494193,2500.45654296875,0.4564973711967468,2500.45654296875,0.2499999925494193
1207,0.0,0.0,0.2499999925494193,2500.509521484375,0.509498655796051,2500.509521484375,0.2499999925494193
1208,0.0,0.0,0.2499999925494193,2500.4375,0.4375929832458496,2500.4375,0.2499999925494193
1209,0.0,0.0,0.2499999925494193,2500.393798828125,0.39372575283050537,2500.393798828125,0.2499999925494193
1210,0.0,0.0,0.2499999925494193,2500.46044921875,0.46047312021255493,2500.46044921875,0.2499999925494193
1211,0.0,0.0,0.2499999925494193,2500.48095703125,0.4810031056404114,2500.48095703125,0.2499999925494193
1212,0.0,0.0,0.2499999925494193,2500.397216796875,0.3971790075302124,2500.397216796875,0.2499999925494193
1213,0.0,0.0,0.2499999925494193,2500.406494140625,0.4065929651260376,2500.406494140625,0.2499999925494193
1214,0.0,0.0,0.2499999925494193,2500.4599609375,0.4599481225013733,2500.4599609375,0.2499999925494193
1215,0.0,0.0,0.2499999925494193,2500.44287109375,0.4429425001144409,2500.44287109375,0.2499999925494193
1216,0.0,0.0,0.2499999925494193,2500.42822265625,0.4281883239746094,2500.42822265625,0.2499999925494193
1217,0.0,0.0,0.2499999925494193,2500.410400390625,0.41043591499328613,2500.410400390625,0.2499999925494193
1218,0.0,0.0,0.2499999925494193,2500.473388671875,0.47350364923477173,2500.473388671875,0.2499999925494193
1219,0.0,0.0,0.2499999925494193,2500.42822265625,0.4281594753265381,2500.42822265625,0.2499999925494193
1220,0.0,0.0,0.2499999925494193,2500.474853515625,0.47496718168258667,2500.474853515625,0.2499999925494193
1221,0.0,0.0,0.2499999925494193,2500.422607421875,0.422615647315979,2500.422607421875,0.2499999925494193
1222,0.0,0.0,0.2499999925494193,2500.41845703125,0.41851937770843506,2500.41845703125,0.2499999925494193
1223,0.0,0.0,0.2499999925494193,2500.427734375,0.42766690254211426,2500.427734375,0.2499999925494193
1224,0.0,0.0,0.2499999925494193,2500.4599609375,0.45984286069869995,2500.4599609375,0.2499999925494193
1225,0.0,0.0,0.2499999925494193,2500.44775390625,0.4477621912956238,2500.44775390625,0.2499999925494193
1226,0.0,0.0,0.2499999925494193,2500.38232421875,0.38223743438720703,2500.38232421875,0.2499999925494193
1227,0.0,0.0,0.2499999925494193,2500.46337890625,0.4634920358657837,2500.46337890625,0.2499999925494193
1228,0.0,0.0,0.2499999925494193,2500.42138671875,0.4213569164276123,2500.42138671875,0.2499999925494193
1229,0.0,0.0,0.2499999925494193,2500.42041015625,0.42044079303741455,2500.42041015625,0.2499999925494193
1230,0.0,0.0,0.2499999925494193,2500.404052734375,0.4041551351547241,2500.404052734375,0.2499999925494193
1231,0.0,0.0,0.2499999925494193,2500.4013671875,0.40146970748901367,2500.4013671875,0.2499999925494193
1232,0.0,0.0,0.2499999925494193,2500.440673828125,0.44070422649383545,2500.440673828125,0.2499999925494193
1233,0.0,0.0,0.2499999925494193,2500.53173828125,0.5317701697349548,2500.53173828125,0.2499999925494193
1234,0.0,0.0,0.2499999925494193,2500.43359375,0.4336576461791992,2500.43359375,0.2499999925494193
1235,0.0,0.0,0.2499999925494193,2500.43212890625,0.43222367763519287,2500.43212890625,0.2499999925494193
1236,0.0,0.0,0.2499999925494193,2500.407470703125,0.4074869155883789,2500.407470703125,0.2499999925494193
1237,0.0,0.0,0.2499999925494193,2500.433349609375,0.43324124813079834,2500.433349609375,0.2499999925494193
1238,0.0,0.0,0.2499999925494193,2500.44091796875,0.4408226013183594,2500.44091796875,0.2499999925494193
1239,0.0,0.0,0.2499999925494193,2500.432861328125,0.4329543113708496,2500.432861328125,0.2499999925494193
1240,0.0,0.0,0.2499999925494193,2500.41796875,0.4180809259414673,2500.41796875,0.2499999925494193
1241,0.0,0.0,0.2499999925494193,2500.5107421875,0.5107029676437378,2500.5107421875,0.2499999925494193
1242,0.0,0.0,0.2499999925494193,2500.45556640625,0.4555455446243286,2500.45556640625,0.2499999925494193
1243,0.0,0.0,0.2499999925494193,2500.37451171875,0.37440061569213867,2500.37451171875,0.2499999925494193
1244,0.0,0.0,0.2499999925494193,2500.44970703125,0.44982147216796875,2500.44970703125,0.2499999925494193
1245,0.0,0.0,0.2499999925494193,2500.445068359375,0.4450051188468933,2500.445068359375,0.2499999925494193
1246,0.0,0.0,0.2499999925494193,2500.4326171875,0.4325822591781616,2500.4326171875,0.2499999925494193
1247,0.0,0.0,0.2499999925494193,2500.374267578125,0.37428712844848633,2500.374267578125,0.2499999925494193
1248,0.0,0.0,0.2499999925494193,2500.42822265625,0.4283406734466553,2500.42822265625,0.2499999925494193
1249,0.0,0.0,0.2499999925494193,2500.415771484375,0.4156966209411621,2500.415771484375,0.2499999925494193
1250,0.0,0.0,0.2499999925494193,2500.46728515625,0.4671856760978699,2500.46728515625,0.2499999925494193
1251,0.0,0.0,0.2499999925494193,2500.4677734375,0.46770423650741577,2500.4677734375,0.2499999925494193
1252,0.0,0.0,0.2499999925494193,2500.51708984375,0.5170009732246399,2500.51708984375,0.2499999925494193
1253,0.0,0.0,0.2499999925494193,2500.48876953125,0.4888109564781189,2500.48876953125,0.2499999925494193
1254,0.0,0.0,0.2499999925494193,2500.44140625,0.44149017333984375,2500.44140625,0.2499999925494193
1255,0.0,0.0,0.2499999925494193,2500.435791015625,0.4357330799102783,2500.435791015625,0.2499999925494193
1256,0.0,0.0,0.2499999925494193,2500.436279296875,0.43628549575805664,2500.436279296875,0.2499999925494193
1257,0.0,0.0,0.2499999925494193,2500.4931640625,0.49317753314971924,2500.4931640625,0.2499999925494193
1258,0.0,0.0,0.2499999925494193,2500.4580078125,0.45795387029647827,2500.4580078125,0.2499999925494193
1259,0.0,0.0,0.2499999925494193,2500.46533203125,0.4652131199836731,2500.46533203125,0.2499999925494193
1260,0.0,0.0,0.2499999925494193,2500.4130859375,0.4130585193634033,2500.4130859375,0.2499999925494193
1261,0.0,0.0,0.2499999925494193,2500.442138671875,0.4421945810317993,2500.442138671875,0.2499999925494193
1262,0.0,0.0,0.2499999925494193,2500.4072265625,0.4072122573852539,2500.4072265625,0.2499999925494193
1263,0.0,0.0,0.2499999925494193,2500.460693359375,0.46068209409713745,2500.460693359375,0.2499999925494193
1264,0.0,0.0,0.2499999925494193,2500.40966796875,0.4096982479095459,2500.40966796875,0.2499999925494193
1265,0.0,0.0,0.2499999925494193,2500.443359375,0.4432802200317383,2500.443359375,0.2499999925494193
1266,0.0,0.0,0.2499999925494193,2500.357177734375,0.3571338653564453,2500.357177734375,0.2499999925494193
1267,0.0,0.0,0.2499999925494193,2500.448486328125,0.4483798146247864,2500.448486328125,0.2499999925494193
1268,0.0,0.0,0.2499999925494193,2500.4833984375,0.4834861159324646,2500.4833984375,0.2499999925494193
1269,0.0,0.0,0.2499999925494193,2500.451171875,0.45112407207489014,2500.451171875,0.2499999925494193
1270,0.0,0.0,0.2499999925494193,2500.43896484375,0.43886613845825195,2500.43896484375,0.2499999925494193
1271,0.0,0.0,0.2499999925494193,2500.391845703125,0.3917323350906372,2500.391845703125,0.2499999925494193
1272,0.0,0.0,0.2499999925494193,2500.48046875,0.4805762767791748,2500.48046875,0.2499999925494193
1273,0.0,0.0,0.2499999925494193,2500.465087890625,0.465087354183197,2500.465087890625,0.2499999925494193
1274,0.0,0.0,0.2499999925494193,2500.445556640625,0.4455469846725464,2500.445556640625,0.2499999925494193
1275,0.0,0.0,0.2499999925494193,2500.452392578125,0.45249974727630615,2500.452392578125,0.2499999925494193
1276,0.0,0.0,0.2499999925494193,2500.5,0.5001059770584106,2500.5,0.2499999925494193
1277,0.0,0.0,0.2499999925494193,2500.4033203125,0.4032634496688843,2500.4033203125,0.2499999925494193
1278,0.0,0.0,0.2499999925494193,2500.42724609375,0.4273250102996826,2500.42724609375,0.2499999925494193
1279,0.0,0.0,0.2499999925494193,2500.401123046875,0.401155948638916,2500.401123046875,0.2499999925494193
1280,0.0,0.0,0.2499999925494193,2500.45361328125,0.4535214304924011,2500.45361328125,0.2499999925494193
1281,0.0,0.0,0.2499999925494193,2500.42138671875,0.4214991331100464,2500.42138671875,0.2499999925494193
1282,0.0,0.0,0.2499999925494193,2500.39208984375,0.39204442501068115,2500.39208984375,0.2499999925494193
1283,0.0,0.0,0.2499999925494193,2500.46826171875,0.46815216541290283,2500.46826171875,0.2499999925494193
1284,0.0,0.0,0.2499999925494193,2500.447998046875,0.44795751571655273,2500.447998046875,0.2499999925494193
1285,0.0,0.0,0.2499999925494193,2500.365478515625,0.3654378652572632,2500.365478515625,0.2499999925494193
1286,0.0,0.0,0.2499999925494193,2500.462890625,0.4628071188926697,2500.462890625,0.2499999925494193
1287,0.0,0.0,0.2499999925494193,2500.41748046875,0.4173632860183716,2500.41748046875,0.2499999925494193
1288,0.0,0.0,0.2499999925494193,2500.39404296875,0.3940117359161377,2500.39404296875,0.2499999925494193
1289,0.0,0.0,0.2499999925494193,2500.425048828125,0.424976110458374,2500.425048828125,0.2499999925494193
1290,0.0,0.0,0.2499999925494193,2500.384765625,0.3846834897994995,2500.384765625,0.2499999925494193
1291,0.0,0.0,0.2499999925494193,2500.39453125,0.39452552795410156,2500.39453125,0.2499999925494193
1292,0.0,0.0,0.2499999925494193,2500.394287109375,0.39431679248809814,2500.394287109375,0.2499999925494193
1293,0.0,0.0,0.2499999925494193,2500.421630859375,0.42173731327056885,2500.421630859375,0.2499999925494193
1294,0.0,0.0,0.2499999925494193,2500.45263671875,0.45258522033691406,2500.45263671875,0.2499999925494193
1295,0.0,0.0,0.2499999925494193,2500.467041015625,0.4671361446380615,2500.467041015625,0.2499999925494193
1296,0.0,0.0,0.2499999925494193,2500.381103515625,0.38118600845336914,2500.381103515625,0.2499999925494193
1297,0.0,0.0,0.2499999925494193,2500.462890625,0.4628870487213135,2500.462890625,0.2499999925494193
1298,0.0,0.0,0.2499999925494193,2500.4111328125,0.4111977815628052,2500.4111328125,0.2499999925494193
1299,0.0,0.0,0.2499999925494193,2500.501220703125,0.501316487789154,2500.501220703125,0.2499999925494193
1300,0.0,0.0,0.2499999925494193,2500.4609375,0.4610275626182556,2500.4609375,0.2499999925494193
1301,0.0,0.0,0.2499999925494193,2500.434326171875,0.43431556224823,2500.434326171875,0.2499999925494193
1302,0.0,0.0,0.2499999925494193,2500.51318359375,0.5131221413612366,2500.51318359375,0.2499999925494193
1303,0.0,0.0,0.2499999925494193,2500.47509765625,0.4751753807067871,2500.47509765625,0.2499999925494193
1304,0.0,0.0,0.2499999925494193,2500.3662109375,0.3662210702896118,2500.3662109375,0.2499999925494193
1305,0.0,0.0,0.2499999925494193,2500.447998046875,0.4479367733001709,2500.447998046875,0.2499999925494193
1306,0.0,0.0,0.2499999925494193,2500.42138671875,0.42128968238830566,2500.42138671875,0.2499999925494193
1307,0.0,0.0,0.2499999925494193,2500.440185546875,0.4401969909667969,2500.440185546875,0.2499999925494193
1308,0.0,0.0,0.2499999925494193,2500.384521484375,0.3844214677810669,2500.384521484375,0.2499999925494193
1309,0.0,0.0,0.2499999925494193,2500.387939453125,0.3879423141479492,2500.387939453125,0.2499999925494193
1310,0.0,0.0,0.2499999925494193,2500.440673828125,0.4407234787940979,2500.440673828125,0.2499999925494193
1311,0.0,0.0,0.2499999925494193,2500.450927734375,0.4509410858154297,2500.450927734375,0.2499999925494193
1312,0.0,0.0,0.2499999925494193,2500.4365234375,0.43660426139831543,2500.4365234375,0.2499999925494193
1313,0.0,0.0,0.2499999925494193,2500.39794921875,0.3978523015975952,2500.39794921875,0.2499999925494193
1314,0.0,0.0,0.2499999925494193,2500.441650390625,0.44157135486602783,2500.441650390625,0.2499999925494193
1315,0.0,0.0,0.2499999925494193,2500.4111328125,0.4110780954360962,2500.4111328125,0.2499999925494193
1316,0.0,0.0,0.2499999925494193,2500.406982421875,0.4069446325302124,2500.406982421875,0.2499999925494193
1317,0.0,0.0,0.2499999925494193,2500.42041015625,0.4203817844390869,2500.42041015625,0.2499999925494193
1318,0.0,0.0,0.2499999925494193,2500.41015625,0.4101632833480835,2500.41015625,0.2499999925494193
1319,0.0,0.0,0.2499999925494193,2500.427490234375,0.427396297454834,2500.427490234375,0.2499999925494193
1320,0.0,0.0,0.2499999925494193,2500.44873046875,0.44864892959594727,2500.44873046875,0.2499999925494193
1321,0.0,0.0,0.2499999925494193,2500.518310546875,0.5182449221611023,2500.518310546875,0.2499999925494193
1322,0.0,0.0,0.2499999925494193,2500.441162109375,0.4412250518798828,2500.441162109375,0.2499999925494193
1323,0.0,0.0,0.2499999925494193,2500.440673828125,0.44069695472717285,2500.440673828125,0.2499999925494193
1324,0.0,0.0,0.2499999925494193,2500.410888671875,0.41087889671325684,2500.410888671875,0.2499999925494193
1325,0.0,0.0,0.2499999925494193,2500.3955078125,0.3955932855606079,2500.3955078125,0.2499999925494193
1326,0.0,0.0,0.2499999925494193,2500.39111328125,0.39101457595825195,2500.39111328125,0.2499999925494193
1327,0.0,0.0,0.2499999925494193,2500.394775390625,0.3947516679763794,2500.394775390625,0.2499999925494193
1328,0.0,0.0,0.2499999925494193,2500.440185546875,0.4400770664215088,2500.440185546875,0.2499999925494193
1329,0.0,0.0,0.2499999925494193,2500.434326171875,0.43433165550231934,2500.434326171875,0.2499999925494193
1330,0.0,0.0,0.2499999925494193,2500.5048828125,0.5047663450241089,2500.5048828125,0.2499999925494193
1331,0.0,0.0,0.2499999925494193,2500.355712890625,0.3557208776473999,2500.355712890625,0.2499999925494193
1332,0.0,0.0,0.2499999925494193,2500.415771484375,0.4157581329345703,2500.415771484375,0.2499999925494193
1333,0.0,0.0,0.2499999925494193,2500.458984375,0.4590587615966797,2500.458984375,0.2499999925494193
1334,0.0,0.0,0.20412413914855784,2500.464599609375,0.46469467878341675,2500.464599609375,0.20412413914855784
1335,0.0,0.0,0.2499999925494193,2500.479736328125,0.47984057664871216,2500.479736328125,0.2499999925494193
1336,0.0,0.0,0.2499999925494193,2500.49560546875,0.4956965446472168,2500.49560546875,0.2499999925494193
1337,0.0,0.0,0.2499999925494193,2500.3896484375,0.38972043991088867,2500.3896484375,0.2499999925494193
1338,0.0,0.0,0.2499999925494193,2500.419921875,0.41980528831481934,2500.419921875,0.2499999925494193
1339,0.0,0.0,0.2499999925494193,2500.419677734375,0.4197729825973511,2500.419677734375,0.2499999925494193
1340,0.0,0.0,0.2499999925494193,2500.48681640625,0.4868577718734741,2500.48681640625,0.2499999925494193
1341,0.0,0.0,0.2499999925494193,2500.422119140625,0.4222019910812378,2500.422119140625,0.2499999925494193
1342,0.0,0.0,0.2499999925494193,2500.385009765625,0.38504230976104736,2500.385009765625,0.2499999925494193
1343,0.0,0.0,0.2499999925494193,2500.424560546875,0.4245336055755615,2500.424560546875,0.2499999925494193
1344,0.0,0.0,0.2499999925494193,2500.425537109375,0.4254159927368164,2500.425537109375,0.2499999925494193
1345,0.0,0.0,0.2499999925494193,2500.473388671875,0.4733070135116577,2500.473388671875,0.2499999925494193
1346,0.0,0.0,0.2499999925494193,2500.423583984375,0.4236629009246826,2500.423583984375,0.2499999925494193
1347,0.0,0.0,0.2499999925494193,2500.369384765625,0.36940670013427734,2500.369384765625,0.2499999925494193
1348,0.0,0.0,0.2499999925494193,2500.39111328125,0.3911733627319336,2500.39111328125,0.2499999925494193
1349,0.0,0.0,0.2499999925494193,2500.459228515625,0.4593326449394226,2500.459228515625,0.2499999925494193
1350,0.0,0.0,0.2499999925494193,2500.4296875,0.42972898483276367,2500.4296875,0.2499999925494193
1351,0.0,0.0,0.2499999925494193,2500.4521484375,0.4522086977958679,2500.4521484375,0.2499999925494193
1352,0.0,0.0,0.2499999925494193,2500.385986328125,0.38593101501464844,2500.385986328125,0.2499999925494193
1353,0.0,0.0,0.2499999925494193,2500.38427734375,0.3842867612838745,2500.38427734375,0.2499999925494193
1354,0.0,0.0,0.2499999925494193,2500.429931640625,0.4298511743545532,2500.429931640625,0.2499999925494193
1355,0.0,0.0,0.2499999925494193,2500.3369140625,0.33693695068359375,2500.3369140625,0.2499999925494193
1356,0.0,0.0,0.2499999925494193,2500.412109375,0.41203832626342773,2500.412109375,0.2499999925494193
1357,0.0,0.0,0.2499999925494193,2500.404541015625,0.4045068025588989,2500.404541015625,0.2499999925494193
1358,0.0,0.0,0.2499999925494193,2500.3701171875,0.3701498508453369,2500.3701171875,0.2499999925494193
1359,0.0,0.0,0.2499999925494193,2500.39013671875,0.39018476009368896,2500.39013671875,0.2499999925494193
1360,0.0,0.0,0.2499999925494193,2500.400634765625,0.4007192850112915,2500.400634765625,0.2499999925494193
1361,0.0,0.0,0.2499999925494193,2500.436279296875,0.43632328510284424,2500.436279296875,0.2499999925494193
1362,0.0,0.0,0.2499999925494193,2500.504638671875,0.5045565962791443,2500.504638671875,0.2499999925494193
1363,0.0,0.0,0.2499999925494193,2500.428955078125,0.4288651943206787,2500.428955078125,0.2499999925494193
1364,0.0,0.0,0.2499999925494193,2500.402099609375,0.4019836187362671,2500.402099609375,0.2499999925494193
1365,0.0,0.0,0.2499999925494193,2500.417724609375,0.417822003364563,2500.417724609375,0.2499999925494193
1366,0.0,0.0,0.2499999925494193,2500.425537109375,0.42552900314331055,2500.425537109375,0.2499999925494193
1367,0.0,0.0,0.2499999925494193,2500.40673828125,0.406713604927063,2500.40673828125,0.2499999925494193
1368,0.0,0.0,0.2499999925494193,2500.341064453125,0.34113597869873047,2500.341064453125,0.2499999925494193
1369,0.0,0.0,0.2499999925494193,2500.405517578125,0.4054306745529175,2500.405517578125,0.2499999925494193
1370,0.0,0.0,0.2499999925494193,2500.39208984375,0.39219236373901367,2500.39208984375,0.2499999925494193
1371,0.0,0.0,0.2499999925494193,2500.41259765625,0.4126323461532593,2500.41259765625,0.2499999925494193
1372,0.0,0.0,0.2499999925494193,2500.421142578125,0.4212270975112915,2500.421142578125,0.2499999925494193
1373,0.0,0.0,0.2499999925494193,2500.428955078125,0.42886245250701904,2500.428955078125,0.2499999925494193
1374,0.0,0.0,0.2499999925494193,2500.42578125,0.4257974624633789,2500.42578125,0.2499999925494193
1375,0.0,0.0,0.2499999925494193,2500.41796875,0.41795074939727783,2500.41796875,0.2499999925494193
1376,0.0,0.0,0.2499999925494193,2500.46142578125,0.46140342950820923,2500.46142578125,0.2499999925494193
1377,0.0,0.0,0.2499999925494193,2500.3994140625,0.3994114398956299,2500.3994140625,0.2499999925494193
1378,0.0,0.0,0.2499999925494193,2500.44921875,0.44916701316833496,2500.44921875,0.2499999925494193
1379,0.0,0.0,0.2499999925494193,2500.37353515625,0.3734539747238159,2500.37353515625,0.2499999925494193
1380,0.0,0.0,0.2499999925494193,2500.4345703125,0.43458783626556396,2500.4345703125,0.2499999925494193
1381,0.0,0.0,0.2499999925494193,2500.34375,0.3438286781311035,2500.34375,0.2499999925494193
1382,0.0,0.0,0.2499999925494193,2500.425048828125,0.4249742031097412,2500.425048828125,0.2499999925494193
1383,0.0,0.0,0.2499999925494193,2500.423828125,0.42390382289886475,2500.423828125,0.2499999925494193
1384,0.0,0.0,0.2499999925494193,2500.472412109375,0.4722967743873596,2500.472412109375,0.2499999925494193
1385,0.0,0.0,0.2499999925494193,2500.416748046875,0.4168182611465454,2500.416748046875,0.2499999925494193
1386,0.0,0.0,0.2499999925494193,2500.41845703125,0.4185603857040405,2500.41845703125,0.2499999925494193
1387,0.0,0.0,0.2499999925494193,2500.388916015625,0.3890366554260254,2500.388916015625,0.2499999925494193
1388,0.0,0.0,0.2499999925494193,2500.39697265625,0.3969540596008301,2500.39697265625,0.2499999925494193
1389,0.0,0.0,0.2499999925494193,2500.443359375,0.4434380531311035,2500.443359375,0.2499999925494193
1390,0.0,0.0,0.2499999925494193,2500.410400390625,0.4104815721511841,2500.410400390625,0.2499999925494193
1391,0.0,0.0,0.2499999925494193,2500.35498046875,0.35502636432647705,2500.35498046875,0.2499999925494193
1392,0.0,0.0,0.2499999925494193,2500.514404296875,0.5144502520561218,2500.514404296875,0.2499999925494193
1393,0.0,0.0,0.2499999925494193,2500.433349609375,0.4333692789077759,2500.433349609375,0.2499999925494193
1394,0.0,0.0,0.2499999925494193,2500.36962890625,0.3696713447570801,2500.36962890625,0.2499999925494193
1395,0.0,0.0,0.2499999925494193,2500.412109375,0.4121134281158447,2500.412109375,0.2499999925494193
1396,0.0,0.0,0.2499999925494193,2500.46728515625,0.4673919081687927,2500.46728515625,0.2499999925494193
1397,0.0,0.0,0.2499999925494193,2500.385986328125,0.38607048988342285,2500.385986328125,0.2499999925494193
1398,0.0,0.0,0.2499999925494193,2500.4716796875,0.47177398204803467,2500.4716796875,0.2499999925494193
1399,0.0,0.0,0.2499999925494193,2500.389892578125,0.38981902599334717,2500.389892578125,0.2499999925494193
1400,0.0,0.0,0.2499999925494193,2500.482177734375,0.48225677013397217,2500.482177734375,0.2499999925494193
1401,0.0,0.0,0.2499999925494193,2500.432861328125,0.4329415559768677,2500.432861328125,0.2499999925494193
1402,0.0,0.0,0.2499999925494193,2500.443115234375,0.4431699514389038,2500.443115234375,0.2499999925494193
1403,0.0,0.0,0.2499999925494193,2500.42578125,0.42570579051971436,2500.42578125,0.2499999925494193
1404,0.0,0.0,0.2499999925494193,2500.368408203125,0.3684558868408203,2500.368408203125,0.2499999925494193
1405,0.0,0.0,0.2499999925494193,2500.406005859375,0.40592920780181885,2500.406005859375,0.2499999925494193
1406,0.0,0.0,0.2499999925494193,2500.429443359375,0.42939281463623047,2500.429443359375,0.2499999925494193
1407,0.0,0.0,0.2499999925494193,2500.47998046875,0.47995978593826294,2500.47998046875,0.2499999925494193
1408,0.0,0.0,0.2499999925494193,2500.468505859375,0.46848833560943604,2500.468505859375,0.2499999925494193
1409,0.0,0.0,0.2499999925494193,2500.4189453125,0.41904258728027344,2500.4189453125,0.2499999925494193
1410,0.0,0.0,0.2499999925494193,2500.45166015625,0.4515939950942993,2500.45166015625,0.2499999925494193
1411,0.0,0.0,0.2499999925494193,2500.477783203125,0.47776222229003906,2500.477783203125,0.2499999925494193
1412,0.0,0.0,0.2499999925494193,2500.392578125,0.3925807476043701,2500.392578125,0.2499999925494193
1413,0.0,0.0,0.2499999925494193,2500.4189453125,0.41884005069732666,2500.4189453125,0.2499999925494193
1414,0.0,0.0,0.2499999925494193,2500.431884765625,0.4319983720779419,2500.431884765625,0.2499999925494193
1415,0.0,0.0,0.2499999925494193,2500.35595703125,0.3560537099838257,2500.35595703125,0.2499999925494193
1416,0.0,0.0,0.2499999925494193,2500.395751953125,0.3956674337387085,2500.395751953125,0.2499999925494193
1417,0.0,0.0,0.2499999925494193,2500.4189453125,0.4189852476119995,2500.4189453125,0.2499999925494193
1418,0.0,0.0,0.2499999925494193,2500.443603515625,0.4434889554977417,2500.443603515625,0.2499999925494193
1419,0.0,0.0,0.2499999925494193,2500.37255859375,0.3725816011428833,2500.37255859375,0.2499999925494193
1420,0.0,0.0,0.2499999925494193,2500.36669921875,0.3667372465133667,2500.36669921875,0.2499999925494193
1421,0.0,0.0,0.2499999925494193,2500.3388671875,0.33881092071533203,2500.3388671875,0.2499999925494193
1422,0.0,0.0,0.2499999925494193,2500.407958984375,0.4080209732055664,2500.407958984375,0.2499999925494193
1423,0.0,0.0,0.2499999925494193,2500.419189453125,0.419216513633728,2500.419189453125,0.2499999925494193
1424,0.0,0.0,0.2499999925494193,2500.36669921875,0.3666563034057617,2500.36669921875,0.2499999925494193
1425,0.0,0.0,0.2499999925494193,2500.347412109375,0.3473396301269531,2500.347412109375,0.2499999925494193
1426,0.0,0.0,0.2499999925494193,2500.45068359375,0.4507652521133423,2500.45068359375,0.2499999925494193
1427,0.0,0.0,0.2499999925494193,2500.447265625,0.4473273754119873,2500.447265625,0.2499999925494193
1428,0.0,0.0,0.2499999925494193,2500.369384765625,0.36949872970581055,2500.369384765625,0.2499999925494193
1429,0.0,0.0,0.2499999925494193,2500.4658203125,0.4657355546951294,2500.4658203125,0.2499999925494193
1430,0.0,0.0,0.2499999925494193,2500.410400390625,0.41033935546875,2500.410400390625,0.2499999925494193
1431,0.0,0.0,0.2499999925494193,2500.371826171875,0.3719216585159302,2500.371826171875,0.2499999925494193
1432,0.0,0.0,0.2499999925494193,2500.428466796875,0.4285271167755127,2500.428466796875,0.2499999925494193
1433,0.0,0.0,0.2499999925494193,2500.421875,0.42184484004974365,2500.421875,0.2499999925494193
1434,0.0,0.0,0.2499999925494193,2500.397216796875,0.3971601724624634,2500.397216796875,0.2499999925494193
1435,0.0,0.0,0.2499999925494193,2500.43017578125,0.43015944957733154,2500.43017578125,0.2499999925494193
1436,0.0,0.0,0.2499999925494193,2500.35302734375,0.35297834873199463,2500.35302734375,0.2499999925494193
1437,0.0,0.0,0.2499999925494193,2500.385498046875,0.38539206981658936,2500.385498046875,0.2499999925494193
1438,0.0,0.0,0.2499999925494193,2500.393798828125,0.3937188386917114,2500.393798828125,0.2499999925494193
1439,0.0,0.0,0.2499999925494193,2500.420654296875,0.4207507371902466,2500.420654296875,0.2499999925494193
1440,0.0,0.0,0.2499999925494193,2500.425048828125,0.42500340938568115,2500.425048828125,0.2499999925494193
1441,0.0,0.0,0.2499999925494193,2500.409423828125,0.40953922271728516,2500.409423828125,0.2499999925494193
1442,0.0,0.0,0.2499999925494193,2500.42431640625,0.424416184425354,2500.42431640625,0.2499999925494193
1443,0.0,0.0,0.2499999925494193,2500.372314453125,0.3722238540649414,2500.372314453125,0.2499999925494193
1444,0.0,0.0,0.2499999925494193,2500.388916015625,0.3889526128768921,2500.388916015625,0.2499999925494193
1445,0.0,0.0,0.2499999925494193,2500.388427734375,0.3884434700012207,2500.388427734375,0.2499999925494193
1446,0.0,0.0,0.2499999925494193,2500.3974609375,0.3975796699523926,2500.3974609375,0.2499999925494193
1447,0.0,0.0,0.2499999925494193,2500.411376953125,0.4113563299179077,2500.411376953125,0.2499999925494193
1448,0.0,0.0,0.2499999925494193,2500.420166015625,0.42015552520751953,2500.420166015625,0.2499999925494193
1449,0.0,0.0,0.2499999925494193,2500.43798828125,0.43805015087127686,2500.43798828125,0.2499999925494193
1450,0.0,0.0,0.2499999925494193,2500.386474609375,0.38643038272857666,2500.386474609375,0.2499999925494193
1451,0.0,0.0,0.2499999925494193,2500.348876953125,0.34885716438293457,2500.348876953125,0.2499999925494193
1452,0.0,0.0,0.2499999925494193,2500.470703125,0.4707574248313904,2500.470703125,0.2499999925494193
1453,0.0,0.0,0.2499999925494193,2500.382568359375,0.3825594186782837,2500.382568359375,0.2499999925494193
1454,0.0,0.0,0.2499999925494193,2500.454345703125,0.4542827010154724,2500.454345703125,0.2499999925494193
1455,0.0,0.0,0.2499999925494193,2500.384765625,0.384712815284729,2500.384765625,0.2499999925494193
1456,0.0,0.0,0.2499999925494193,2500.404541015625,0.40460729598999023,2500.404541015625,0.2499999925494193
1457,0.0,0.0,0.2499999925494193,2500.345703125,0.34558629989624023,2500.345703125,0.2499999925494193
1458,0.0,0.0,0.2499999925494193,2500.346923828125,0.34689998626708984,2500.346923828125,0.2499999925494193
1459,0.0,0.0,0.2499999925494193,2500.372802734375,0.3728076219558716,2500.372802734375,0.2499999925494193
1460,0.0,0.0,0.2499999925494193,2500.315673828125,0.31559479236602783,2500.315673828125,0.2499999925494193
1461,0.0,0.0,0.2499999925494193,2500.334228515625,0.3342376947402954,2500.334228515625,0.2499999925494193
1462,0.0,0.0,0.2499999925494193,2500.363037109375,0.36292243003845215,2500.363037109375,0.2499999925494193
1463,0.0,0.0,0.2499999925494193,2500.36767578125,0.36758852005004883,2500.36767578125,0.2499999925494193
1464,0.0,0.0,0.2499999925494193,2500.43603515625,0.4360421895980835,2500.43603515625,0.2499999925494193
1465,0.0,0.0,0.2499999925494193,2500.396484375,0.39652037620544434,2500.396484375,0.2499999925494193
1466,0.0,0.0,0.2499999925494193,2500.381591796875,0.38148725032806396,2500.381591796875,0.2499999925494193
1467,0.0,0.0,0.2499999925494193,2500.408935546875,0.4088265895843506,2500.408935546875,0.2499999925494193
1468,0.0,0.0,0.2499999925494193,2500.35009765625,0.3501638174057007,2500.35009765625,0.2499999925494193
1469,0.0,0.0,0.2499999925494193,2500.400146484375,0.4001924991607666,2500.400146484375,0.2499999925494193
1470,0.0,0.0,0.2499999925494193,2500.424072265625,0.424044132232666,2500.424072265625,0.2499999925494193
1471,0.0,0.0,0.2499999925494193,2500.368896484375,0.3688032627105713,2500.368896484375,0.2499999925494193
1472,0.0,0.0,0.2499999925494193,2500.40576171875,0.40579795837402344,2500.40576171875,0.2499999925494193
1473,0.0,0.0,0.2499999925494193,2500.436767578125,0.43686366081237793,2500.436767578125,0.2499999925494193
1474,0.0,0.0,0.2499999925494193,2500.3955078125,0.39547836780548096,2500.3955078125,0.2499999925494193
1475,0.0,0.0,0.2499999925494193,2500.423583984375,0.42348337173461914,2500.423583984375,0.2499999925494193
1476,0.0,0.0,0.2499999925494193,2500.39599609375,0.39604854583740234,2500.39599609375,0.2499999925494193
1477,0.0,0.0,0.2499999925494193,2500.414306640625,0.41441357135772705,2500.414306640625,0.2499999925494193
1478,0.0,0.0,0.2499999925494193,2500.376953125,0.3770318031311035,2500.376953125,0.2499999925494193
1479,0.0,0.0,0.2499999925494193,2500.40771484375,0.40776073932647705,2500.40771484375,0.2499999925494193
1480,0.0,0.0,0.2499999925494193,2500.44091796875,0.44102227687835693,2500.44091796875,0.2499999925494193
1481,0.0,0.0,0.2499999925494193,2500.37939453125,0.37927675247192383,2500.37939453125,0.2499999925494193
1482,0.0,0.0,0.2499999925494193,2500.35595703125,0.35585594177246094,2500.35595703125,0.2499999925494193
1483,0.0,0.0,0.2499999925494193,2500.44970703125,0.4496661424636841,2500.44970703125,0.2499999925494193
1484,0.0,0.0,0.2499999925494193,2500.37060546875,0.37057459354400635,2500.37060546875,0.2499999925494193
1485,0.0,0.0,0.2499999925494193,2500.400390625,0.40042221546173096,2500.400390625,0.2499999925494193
1486,0.0,0.0,0.2499999925494193,2500.380859375,0.38083696365356445,2500.380859375,0.2499999925494193
1487,0.0,0.0,0.2499999925494193,2500.38671875,0.3868030309677124,2500.38671875,0.2499999925494193
1488,0.0,0.0,0.2499999925494193,2500.402587890625,0.4025481939315796,2500.402587890625,0.2499999925494193
1489,0.0,0.0,0.2499999925494193,2500.36767578125,0.36777472496032715,2500.36767578125,0.2499999925494193
1490,0.0,0.0,0.2499999925494193,2500.320556640625,0.3206312656402588,2500.320556640625,0.2499999925494193
1491,0.0,0.0,0.2499999925494193,2500.398681640625,0.39866816997528076,2500.398681640625,0.2499999925494193
1492,0.0,0.0,0.2499999925494193,2500.385009765625,0.3850792646408081,2500.385009765625,0.2499999925494193
1493,0.0,0.0,0.2499999925494193,2500.3681640625,0.36808669567108154,2500.3681640625,0.2499999925494193
1494,0.0,0.0,0.2499999925494193,2500.37548828125,0.37544381618499756,2500.37548828125,0.2499999925494193
1495,0.0,0.0,0.2499999925494193,2500.389404296875,0.3894765377044678,2500.389404296875,0.2499999925494193
1496,0.0,0.0,0.2499999925494193,2500.405517578125,0.4054293632507324,2500.405517578125,0.2499999925494193
1497,0.0,0.0,0.2499999925494193,2500.430908203125,0.43099725246429443,2500.430908203125,0.2499999925494193
1498,0.0,0.0,0.2499999925494193,2500.362548828125,0.36258602142333984,2500.362548828125,0.2499999925494193
1499,0.0,0.0,0.2499999925494193,2500.3857421875,0.38566267490386963,2500.3857421875,0.2499999925494193
1500,0.0,0.0,0.2499999925494193,2500.3779296875,0.377810001373291,2500.3779296875,0.2499999925494193
1501,0.0,0.0,0.2499999925494193,2500.421630859375,0.4216679334640503,2500.421630859375,0.2499999925494193
1502,0.0,0.0,0.2499999925494193,2500.360595703125,0.3605983257293701,2500.360595703125,0.2499999925494193
1503,0.0,0.0,0.2499999925494193,2500.350341796875,0.35045385360717773,2500.350341796875,0.2499999925494193
1504,0.0,0.0,0.2499999925494193,2500.40283203125,0.4028291702270508,2500.40283203125,0.2499999925494193
1505,0.0,0.0,0.2499999925494193,2500.380126953125,0.38009583950042725,2500.380126953125,0.2499999925494193
1506,0.0,0.0,0.2499999925494193,2500.34033203125,0.3404541015625,2500.34033203125,0.2499999925494193
1507,0.0,0.0,0.2499999925494193,2500.4013671875,0.4014335870742798,2500.4013671875,0.2499999925494193
1508,0.0,0.0,0.2499999925494193,2500.40966796875,0.40956389904022217,2500.40966796875,0.2499999925494193
1509,0.0,0.0,0.2499999925494193,2500.425537109375,0.4255492687225342,2500.425537109375,0.2499999925494193
1510,0.0,0.0,0.2499999925494193,2500.443603515625,0.44364142417907715,2500.443603515625,0.2499999925494193
1511,0.0,0.0,0.2499999925494193,2500.353271484375,0.35317742824554443,2500.353271484375,0.2499999925494193
1512,0.0,0.0,0.2499999925494193,2500.39892578125,0.3990206718444824,2500.39892578125,0.2499999925494193
1513,0.0,0.0,0.2499999925494193,2500.3369140625,0.33680546283721924,2500.3369140625,0.2499999925494193
1514,0.0,0.0,0.2499999925494193,2500.428466796875,0.4285404682159424,2500.428466796875,0.2499999925494193
1515,0.0,0.0,0.2499999925494193,2500.37841796875,0.3785367012023926,2500.37841796875,0.2499999925494193
1516,0.0,0.0,0.2499999925494193,2500.392822265625,0.3927128314971924,2500.392822265625,0.2499999925494193
1517,0.0,0.0,0.2499999925494193,2500.419677734375,0.41978681087493896,2500.419677734375,0.2499999925494193
1518,0.0,0.0,0.2499999925494193,2500.38232421875,0.3823815584182739,2500.38232421875,0.2499999925494193
1519,0.0,0.0,0.2499999925494193,2500.34033203125,0.34025847911834717,2500.34033203125,0.2499999925494193
1520,0.0,0.0,0.2499999925494193,2500.322265625,0.32216811180114746,2500.322265625,0.2499999925494193
1521,0.0,0.0,0.2499999925494193,2500.368896484375,0.36892426013946533,2500.368896484375,0.2499999925494193
1522,0.0,0.0,0.2499999925494193,2500.39990234375,0.3999183177947998,2500.39990234375,0.2499999925494193
1523,0.0,0.0,0.2499999925494193,2500.38720703125,0.38712644577026367,2500.38720703125,0.2499999925494193
1524,0.0,0.0,0.2499999925494193,2500.414794921875,0.41490423679351807,2500.414794921875,0.2499999925494193
1525,0.0,0.0,0.2499999925494193,2500.396484375,0.3964000940322876,2500.396484375,0.2499999925494193
1526,0.0,0.0,0.2499999925494193,2500.404541015625,0.40464866161346436,2500.404541015625,0.2499999925494193
1527,0.0,0.0,0.2499999925494193,2500.360595703125,0.3605870008468628,2500.360595703125,0.2499999925494193
1528,0.0,0.0,0.2499999925494193,2500.369384765625,0.369439959526062,2500.369384765625,0.2499999925494193
1529,0.0,0.0,0.2499999925494193,2500.3779296875,0.3780142068862915,2500.3779296875,0.2499999925494193
1530,0.0,0.0,0.2499999925494193,2500.355712890625,0.3558235168457031,2500.355712890625,0.2499999925494193
1531,0.0,0.0,0.2499999925494193,2500.3662109375,0.3661339282989502,2500.3662109375,0.2499999925494193
1532,0.0,0.0,0.2499999925494193,2500.345703125,0.3456084728240967,2500.345703125,0.2499999925494193
1533,0.0,0.0,0.2499999925494193,2500.402587890625,0.4026052951812744,2500.402587890625,0.2499999925494193
1534,0.0,0.0,0.2499999925494193,2500.32666015625,0.32667863368988037,2500.32666015625,0.2499999925494193
1535,0.0,0.0,0.2499999925494193,2500.347412109375,0.34746432304382324,2500.347412109375,0.2499999925494193
1536,0.0,0.0,0.2499999925494193,2500.432373046875,0.4324847459793091,2500.432373046875,0.2499999925494193
1537,0.0,0.0,0.2499999925494193,2500.388916015625,0.3887965679168701,2500.388916015625,0.2499999925494193
1538,0.0,0.0,0.2499999925494193,2500.354736328125,0.35482966899871826,2500.354736328125,0.2499999925494193
1539,0.0,0.0,0.2499999925494193,2500.41552734375,0.4155106544494629,2500.41552734375,0.2499999925494193
1540,0.0,0.0,0.2499999925494193,2500.36328125,0.3633350133895874,2500.36328125,0.2499999925494193
1541,0.0,0.0,0.2499999925494193,2500.42431640625,0.4243263006210327,2500.42431640625,0.2499999925494193
1542,0.0,0.0,0.2499999925494193,2500.35546875,0.3554438352584839,2500.35546875,0.2499999925494193
1543,0.0,0.0,0.2499999925494193,2500.369384765625,0.36934518814086914,2500.369384765625,0.2499999925494193
1544,0.0,0.0,0.2499999925494193,2500.399169921875,0.3990679979324341,2500.399169921875,0.2499999925494193
1545,0.0,0.0,0.2499999925494193,2500.410888671875,0.41086244583129883,2500.410888671875,0.2499999925494193
1546,0.0,0.0,0.2499999925494193,2500.420166015625,0.42021262645721436,2500.420166015625,0.2499999925494193
1547,0.0,0.0,0.2499999925494193,2500.3974609375,0.39737117290496826,2500.3974609375,0.2499999925494193
1548,0.0,0.0,0.2499999925494193,2500.370361328125,0.3703674077987671,2500.370361328125,0.2499999925494193
1549,0.0,0.0,0.2499999925494193,2500.336669921875,0.3366587162017822,2500.336669921875,0.2499999925494193
1550,0.0,0.0,0.2499999925494193,2500.4130859375,0.41314589977264404,2500.4130859375,0.2499999925494193
1551,0.0,0.0,0.2499999925494193,2500.329345703125,0.32922565937042236,2500.329345703125,0.2499999925494193
1552,0.0,0.0,0.2499999925494193,2500.408203125,0.40823471546173096,2500.408203125,0.2499999925494193
1553,0.0,0.0,0.2499999925494193,2500.355224609375,0.35528743267059326,2500.355224609375,0.2499999925494193
1554,0.0,0.0,0.2499999925494193,2500.391357421875,0.3912496566772461,2500.391357421875,0.2499999925494193
1555,0.0,0.0,0.2499999925494193,2500.421142578125,0.42116689682006836,2500.421142578125,0.2499999925494193
1556,0.0,0.0,0.2499999925494193,2500.41015625,0.4101450443267822,2500.41015625,0.2499999925494193
1557,0.0,0.0,0.2499999925494193,2500.364990234375,0.3650858402252197,2500.364990234375,0.2499999925494193
1558,0.0,0.0,0.2499999925494193,2500.339599609375,0.33948493003845215,2500.339599609375,0.2499999925494193
1559,0.0,0.0,0.2499999925494193,2500.40771484375,0.40771758556365967,2500.40771484375,0.2499999925494193
1560,0.0,0.0,0.2499999925494193,2500.422119140625,0.4222221374511719,2500.422119140625,0.2499999925494193
1561,0.0,0.0,0.2499999925494193,2500.3349609375,0.3350670337677002,2500.3349609375,0.2499999925494193
1562,0.0,0.0,0.2499999925494193,2500.402099609375,0.40217578411102295,2500.402099609375,0.2499999925494193
1563,0.0,0.0,0.2499999925494193,2500.353515625,0.35363447666168213,2500.353515625,0.2499999925494193
1564,0.0,0.0,0.2499999925494193,2500.41162109375,0.41162896156311035,2500.41162109375,0.2499999925494193
1565,0.0,0.0,0.2499999925494193,2500.342529296875,0.34262681007385254,2500.342529296875,0.2499999925494193
1566,0.0,0.0,0.2499999925494193,2500.294921875,0.29485297203063965,2500.294921875,0.2499999925494193
1567,0.0,0.0,0.2499999925494193,2500.38671875,0.386602520942688,2500.38671875,0.2499999925494193
1568,0.0,0.0,0.2499999925494193,2500.4384765625,0.4384768009185791,2500.4384765625,0.2499999925494193
1569,0.0,0.0,0.2499999925494193,2500.387451171875,0.38735175132751465,2500.387451171875,0.2499999925494193
1570,0.0,0.0,0.2499999925494193,2500.37548828125,0.37541425228118896,2500.37548828125,0.2499999925494193
1571,0.0,0.0,0.2499999925494193,2500.401611328125,0.40155577659606934,2500.401611328125,0.2499999925494193
1572,0.0,0.0,0.2499999925494193,2500.397216796875,0.3971022367477417,2500.397216796875,0.2499999925494193
1573,0.0,0.0,0.2499999925494193,2500.366455078125,0.3663409948348999,2500.366455078125,0.2499999925494193
1574,0.0,0.0,0.2499999925494193,2500.319580078125,0.3196033239364624,2500.319580078125,0.2499999925494193
1575,0.0,0.0,0.2499999925494193,2500.427001953125,0.42698824405670166,2500.427001953125,0.2499999925494193
1576,0.0,0.0,0.2499999925494193,2500.393798828125,0.3936920166015625,2500.393798828125,0.2499999925494193
1577,0.0,0.0,0.2499999925494193,2500.394287109375,0.39420199394226074,2500.394287109375,0.2499999925494193
1578,0.0,0.0,0.2499999925494193,2500.401123046875,0.40108978748321533,2500.401123046875,0.2499999925494193
1579,0.0,0.0,0.2499999925494193,2500.455078125,0.4551246762275696,2500.455078125,0.2499999925494193
1580,0.0,0.0,0.2499999925494193,2500.34912109375,0.3490394353866577,2500.34912109375,0.2499999925494193
1581,0.0,0.0,0.2499999925494193,2500.408447265625,0.4084862470626831,2500.408447265625,0.2499999925494193
1582,0.0,0.0,0.2499999925494193,2500.43408203125,0.4341132640838623,2500.43408203125,0.2499999925494193
1583,0.0,0.0,0.2499999925494193,2500.36572265625,0.3658325672149658,2500.36572265625,0.2499999925494193
1584,0.0,0.0,0.2499999925494193,2500.357421875,0.3574354648590088,2500.357421875,0.2499999925494193
1585,0.0,0.0,0.2499999925494193,2500.427001953125,0.42698514461517334,2500.427001953125,0.2499999925494193
1586,0.0,0.0,0.2499999925494193,2500.420166015625,0.42027008533477783,2500.420166015625,0.2499999925494193
1587,0.0,0.0,0.2499999925494193,2500.44287109375,0.44298887252807617,2500.44287109375,0.2499999925494193
1588,0.0,0.0,0.2499999925494193,2500.37451171875,0.37445068359375,2500.37451171875,0.2499999925494193
1589,0.0,0.0,0.2499999925494193,2500.36572265625,0.36564111709594727,2500.36572265625,0.2499999925494193
1590,0.0,0.0,0.2499999925494193,2500.3623046875,0.3623870611190796,2500.3623046875,0.2499999925494193
1591,0.0,0.0,0.2499999925494193,2500.423583984375,0.42362546920776367,2500.423583984375,0.2499999925494193
1592,0.0,0.0,0.2499999925494193,2500.388916015625,0.38880741596221924,2500.388916015625,0.2499999925494193
1593,0.0,0.0,0.2499999925494193,2500.35693359375,0.35686445236206055,2500.35693359375,0.2499999925494193
1594,0.0,0.0,0.2499999925494193,2500.396484375,0.39648759365081787,2500.396484375,0.2499999925494193
1595,0.0,0.0,0.2499999925494193,2500.37744140625,0.37752509117126465,2500.37744140625,0.2499999925494193
1596,0.0,0.0,0.2499999925494193,2500.360595703125,0.3606311082839966,2500.360595703125,0.2499999925494193
1597,0.0,0.0,0.2499999925494193,2500.415283203125,0.415401816368103,2500.415283203125,0.2499999925494193
1598,0.0,0.0,0.2499999925494193,2500.396484375,0.3965250253677368,2500.396484375,0.2499999925494193
1599,0.0,0.0,0.2499999925494193,2500.363525390625,0.36345040798187256,2500.363525390625,0.2499999925494193
1600,0.0,0.0,0.2499999925494193,2500.375732421875,0.375667929649353,2500.375732421875,0.2499999925494193
1601,0.0,0.0,0.20412413914855784,2500.359619140625,0.359655499458313,2500.359619140625,0.20412413914855784
1602,0.0,0.0,0.2499999925494193,2500.392578125,0.39257359504699707,2500.392578125,0.2499999925494193
1603,0.0,0.0,0.2499999925494193,2500.334228515625,0.33432745933532715,2500.334228515625,0.2499999925494193
1604,0.0,0.0,0.2499999925494193,2500.33544921875,0.33554399013519287,2500.33544921875,0.2499999925494193
1605,0.0,0.0,0.2499999925494193,2500.390869140625,0.39078640937805176,2500.390869140625,0.2499999925494193
1606,0.0,0.0,0.2499999925494193,2500.441650390625,0.44165968894958496,2500.441650390625,0.2499999925494193
1607,0.0,0.0,0.2499999925494193,2500.346435546875,0.3463282585144043,2500.346435546875,0.2499999925494193
1608,0.0,0.0,0.2499999925494193,2500.37060546875,0.37059712409973145,2500.37060546875,0.2499999925494193
1609,0.0,0.0,0.2499999925494193,2500.349853515625,0.3499445915222168,2500.349853515625,0.2499999925494193
1610,0.0,0.0,0.2499999925494193,2500.37939453125,0.37936198711395264,2500.37939453125,0.2499999925494193
1611,0.0,0.0,0.2499999925494193,2500.350341796875,0.3503110408782959,2500.350341796875,0.2499999925494193
1612,0.0,0.0,0.2499999925494193,2500.357666015625,0.35778772830963135,2500.357666015625,0.2499999925494193
1613,0.0,0.0,0.2499999925494193,2500.400634765625,0.4007464647293091,2500.400634765625,0.2499999925494193
1614,0.0,0.0,0.2499999925494193,2500.356689453125,0.3566408157348633,2500.356689453125,0.2499999925494193
1615,0.0,0.0,0.2499999925494193,2500.37060546875,0.37066543102264404,2500.37060546875,0.2499999925494193
1616,0.0,0.0,0.2499999925494193,2500.409423828125,0.40946197509765625,2500.409423828125,0.2499999925494193
1617,0.0,0.0,0.2499999925494193,2500.353271484375,0.35323822498321533,2500.353271484375,0.2499999925494193
1618,0.0,0.0,0.2499999925494193,2500.3359375,0.33588123321533203,2500.3359375,0.2499999925494193
1619,0.0,0.0,0.2499999925494193,2500.421875,0.4217967987060547,2500.421875,0.2499999925494193
1620,0.0,0.0,0.2499999925494193,2500.385009765625,0.38509809970855713,2500.385009765625,0.2499999925494193
1621,0.0,0.0,0.2499999925494193,2500.399169921875,0.3992544412612915,2500.399169921875,0.2499999925494193
1622,0.0,0.0,0.2499999925494193,2500.383544921875,0.38343870639801025,2500.383544921875,0.2499999925494193
1623,0.0,0.0,0.2499999925494193,2500.379150390625,0.37916016578674316,2500.379150390625,0.2499999925494193
1624,0.0,0.0,0.2499999925494193,2500.399658203125,0.39957213401794434,2500.399658203125,0.2499999925494193
1625,0.0,0.0,0.2499999925494193,2500.298095703125,0.29802489280700684,2500.298095703125,0.2499999925494193
1626,0.0,0.0,0.2499999925494193,2500.39013671875,0.390169620513916,2500.39013671875,0.2499999925494193
1627,0.0,0.0,0.2499999925494193,2500.3671875,0.3670840263366699,2500.3671875,0.2499999925494193
1628,0.0,0.0,0.2499999925494193,2500.35595703125,0.35591650009155273,2500.35595703125,0.2499999925494193
1629,0.0,0.0,0.2499999925494193,2500.33447265625,0.33443379402160645,2500.33447265625,0.2499999925494193
1630,0.0,0.0,0.2499999925494193,2500.3837890625,0.38384807109832764,2500.3837890625,0.2499999925494193
1631,0.0,0.0,0.2499999925494193,2500.35107421875,0.35108768939971924,2500.35107421875,0.2499999925494193
1632,0.0,0.0,0.2499999925494193,2500.383056640625,0.3830641508102417,2500.383056640625,0.2499999925494193
1633,0.0,0.0,0.2499999925494193,2500.35693359375,0.3569943904876709,2500.35693359375,0.2499999925494193
1634,0.0,0.0,0.2499999925494193,2500.31884765625,0.31884706020355225,2500.31884765625,0.2499999925494193
1635,0.0,0.0,0.2499999925494193,2500.3701171875,0.36999809741973877,2500.3701171875,0.2499999925494193
1636,0.0,0.0,0.2499999925494193,2500.337646484375,0.3377021551132202,2500.337646484375,0.2499999925494193
1637,0.0,0.0,0.2499999925494193,2500.389404296875,0.3893928527832031,2500.389404296875,0.2499999925494193
1638,0.0,0.0,0.2499999925494193,2500.348388671875,0.34837305545806885,2500.348388671875,0.2499999925494193
1639,0.0,0.0,0.2499999925494193,2500.394287109375,0.3943887948989868,2500.394287109375,0.2499999925494193
1640,0.0,0.0,0.2499999925494193,2500.38037109375,0.38040482997894287,2500.38037109375,0.2499999925494193
1641,0.0,0.0,0.2499999925494193,2500.3583984375,0.3584483861923218,2500.3583984375,0.2499999925494193
1642,0.0,0.0,0.2499999925494193,2500.3232421875,0.32335638999938965,2500.3232421875,0.2499999925494193
1643,0.0,0.0,0.2499999925494193,2500.346923828125,0.34680426120758057,2500.346923828125,0.2499999925494193
1644,0.0,0.0,0.2499999925494193,2500.331298828125,0.33124053478240967,2500.331298828125,0.2499999925494193
1645,0.0,0.0,0.2499999925494193,2500.41943359375,0.41949594020843506,2500.41943359375,0.2499999925494193
1646,0.0,0.0,0.2499999925494193,2500.388916015625,0.38893866539001465,2500.388916015625,0.2499999925494193
1647,0.0,0.0,0.2499999925494193,2500.360107421875,0.3601442575454712,2500.360107421875,0.2499999925494193
1648,0.0,0.0,0.2499999925494193,2500.4111328125,0.4112253189086914,2500.4111328125,0.2499999925494193
1649,0.0,0.0,0.2499999925494193,2500.38720703125,0.3872617483139038,2500.38720703125,0.2499999925494193
1650,0.0,0.0,0.2499999925494193,2500.345703125,0.3457965850830078,2500.345703125,0.2499999925494193
1651,0.0,0.0,0.2499999925494193,2500.359375,0.3594881296157837,2500.359375,0.2499999925494193
1652,0.0,0.0,0.2499999925494193,2500.38134765625,0.3814582824707031,2500.38134765625,0.2499999925494193
1653,0.0,0.0,0.2499999925494193,2500.352294921875,0.3521806001663208,2500.352294921875,0.2499999925494193
1654,0.0,0.0,0.2499999925494193,2500.341552734375,0.34148430824279785,2500.341552734375,0.2499999925494193
1655,0.0,0.0,0.2499999925494193,2500.4072265625,0.40730297565460205,2500.4072265625,0.2499999925494193
1656,0.0,0.0,0.2499999925494193,2500.358642578125,0.35853147506713867,2500.358642578125,0.2499999925494193
1657,0.0,0.0,0.2499999925494193,2500.362548828125,0.3624643087387085,2500.362548828125,0.2499999925494193
1658,0.0,0.0,0.2499999925494193,2500.372802734375,0.3726935386657715,2500.372802734375,0.2499999925494193
1659,0.0,0.0,0.2499999925494193,2500.39208984375,0.3921433687210083,2500.39208984375,0.2499999925494193
1660,0.0,0.0,0.2499999925494193,2500.346923828125,0.34697818756103516,2500.346923828125,0.2499999925494193
1661,0.0,0.0,0.2499999925494193,2500.343994140625,0.34394848346710205,2500.343994140625,0.2499999925494193
1662,0.0,0.0,0.2499999925494193,2500.3515625,0.3516310453414917,2500.3515625,0.2499999925494193
1663,0.0,0.0,0.2499999925494193,2500.367431640625,0.3673931360244751,2500.367431640625,0.2499999925494193
1664,0.0,0.0,0.2499999925494193,2500.35205078125,0.35216736793518066,2500.35205078125,0.2499999925494193
1665,0.0,0.0,0.2499999925494193,2500.404052734375,0.4041694402694702,2500.404052734375,0.2499999925494193
1666,0.0,0.0,0.2499999925494193,2500.3583984375,0.358418345451355,2500.3583984375,0.2499999925494193
1667,0.0,0.0,0.2499999925494193,2500.393798828125,0.3938150405883789,2500.393798828125,0.2499999925494193
1668,0.0,0.0,0.2499999925494193,2500.3896484375,0.3895481824874878,2500.3896484375,0.2499999925494193
1669,0.0,0.0,0.2499999925494193,2500.353515625,0.35350072383880615,2500.353515625,0.2499999925494193
1670,0.0,0.0,0.2499999925494193,2500.426513671875,0.42657017707824707,2500.426513671875,0.2499999925494193
1671,0.0,0.0,0.2499999925494193,2500.383056640625,0.38294875621795654,2500.383056640625,0.2499999925494193
1672,0.0,0.0,0.2499999925494193,2500.347412109375,0.34749770164489746,2500.347412109375,0.2499999925494193
1673,0.0,0.0,0.2499999925494193,2500.328857421875,0.328921914100647,2500.328857421875,0.2499999925494193
1674,0.0,0.0,0.2499999925494193,2500.3955078125,0.39539217948913574,2500.3955078125,0.2499999925494193
1675,0.0,0.0,0.2499999925494193,2500.3330078125,0.33312666416168213,2500.3330078125,0.2499999925494193
1676,0.0,0.0,0.2499999925494193,2500.412841796875,0.41277122497558594,2500.412841796875,0.2499999925494193
1677,0.0,0.0,0.2499999925494193,2500.34912109375,0.3490777015686035,2500.34912109375,0.2499999925494193
1678,0.0,0.0,0.2499999925494193,2500.31591796875,0.31603169441223145,2500.31591796875,0.2499999925494193
1679,0.0,0.0,0.2499999925494193,2500.371826171875,0.3718385696411133,2500.371826171875,0.2499999925494193
1680,0.0,0.0,0.2499999925494193,2500.302001953125,0.3019007444381714,2500.302001953125,0.2499999925494193
1681,0.0,0.0,0.2499999925494193,2500.378173828125,0.37810683250427246,2500.378173828125,0.2499999925494193
1682,0.0,0.0,0.2499999925494193,2500.35595703125,0.3559746742248535,2500.35595703125,0.2499999925494193
1683,0.0,0.0,0.2499999925494193,2500.36865234375,0.36856746673583984,2500.36865234375,0.2499999925494193
1684,0.0,0.0,0.2499999925494193,2500.38720703125,0.3873002529144287,2500.38720703125,0.2499999925494193
1685,0.0,0.0,0.2499999925494193,2500.380859375,0.3809092044830322,2500.380859375,0.2499999925494193
1686,0.0,0.0,0.2499999925494193,2500.36572265625,0.365755558013916,2500.36572265625,0.2499999925494193
1687,0.0,0.0,0.2499999925494193,2500.352783203125,0.3528546094894409,2500.352783203125,0.2499999925494193
1688,0.0,0.0,0.2499999925494193,2500.395263671875,0.39537882804870605,2500.395263671875,0.2499999925494193
1689,0.0,0.0,0.2499999925494193,2500.377685546875,0.377621054649353,2500.377685546875,0.2499999925494193
1690,0.0,0.0,0.2499999925494193,2500.363037109375,0.36305081844329834,2500.363037109375,0.2499999925494193
1691,0.0,0.0,0.2499999925494193,2500.351318359375,0.3512767553329468,2500.351318359375,0.2499999925494193
1692,0.0,0.0,0.2499999925494193,2500.42431640625,0.4242360591888428,2500.42431640625,0.2499999925494193
1693,0.0,0.0,0.2499999925494193,2500.40869140625,0.40869176387786865,2500.40869140625,0.2499999925494193
1694,0.0,0.0,0.2499999925494193,2500.417236328125,0.41713905334472656,2500.417236328125,0.2499999925494193
1695,0.0,0.0,0.2499999925494193,2500.349609375,0.34966111183166504,2500.349609375,0.2499999925494193
1696,0.0,0.0,0.2499999925494193,2500.392578125,0.39264512062072754,2500.392578125,0.2499999925494193
1697,0.0,0.0,0.2499999925494193,2500.39404296875,0.39412879943847656,2500.39404296875,0.2499999925494193
1698,0.0,0.0,0.2499999925494193,2500.32421875,0.32410764694213867,2500.32421875,0.2499999925494193
1699,0.0,0.0,0.2499999925494193,2500.31787109375,0.31788909435272217,2500.31787109375,0.2499999925494193
1700,0.0,0.0,0.2499999925494193,2500.386962890625,0.3868769407272339,2500.386962890625,0.2499999925494193
1701,0.0,0.0,0.2499999925494193,2500.346435546875,0.3463883399963379,2500.346435546875,0.2499999925494193
1702,0.0,0.0,0.2499999925494193,2500.385986328125,0.3860502243041992,2500.385986328125,0.2499999925494193
1703,0.0,0.0,0.2499999925494193,2500.3525390625,0.3525811433792114,2500.3525390625,0.2499999925494193
1704,0.0,0.0,0.2499999925494193,2500.35302734375,0.35311758518218994,2500.35302734375,0.2499999925494193
1705,0.0,0.0,0.2499999925494193,2500.360595703125,0.3606734275817871,2500.360595703125,0.2499999925494193
1706,0.0,0.0,0.2499999925494193,2500.3408203125,0.34087073802948,2500.3408203125,0.2499999925494193
1707,0.0,0.0,0.2499999925494193,2500.390380859375,0.390375018119812,2500.390380859375,0.2499999925494193
1708,0.0,0.0,0.2499999925494193,2500.323974609375,0.32398390769958496,2500.323974609375,0.2499999925494193
1709,0.0,0.0,0.2499999925494193,2500.347412109375,0.3473421335220337,2500.347412109375,0.2499999925494193
1710,0.0,0.0,0.2499999925494193,2500.356201171875,0.3560800552368164,2500.356201171875,0.2499999925494193
1711,0.0,0.0,0.2499999925494193,2500.405517578125,0.40540575981140137,2500.405517578125,0.2499999925494193
1712,0.0,0.0,0.2499999925494193,2500.42138671875,0.42130744457244873,2500.42138671875,0.2499999925494193
1713,0.0,0.0,0.2499999925494193,2500.412353515625,0.4123811721801758,2500.412353515625,0.2499999925494193
1714,0.0,0.0,0.2499999925494193,2500.39599609375,0.39610159397125244,2500.39599609375,0.2499999925494193
1715,0.0,0.0,0.2499999925494193,2500.38330078125,0.38340532779693604,2500.38330078125,0.2499999925494193
1716,0.0,0.0,0.2499999925494193,2500.3515625,0.351526141166687,2500.3515625,0.2499999925494193
1717,0.0,0.0,0.2499999925494193,2500.37353515625,0.3735954761505127,2500.37353515625,0.2499999925494193
1718,0.0,0.0,0.2499999925494193,2500.33203125,0.3319673538208008,2500.33203125,0.2499999925494193
1719,0.0,0.0,0.2499999925494193,2500.356201171875,0.3562455177307129,2500.356201171875,0.2499999925494193
1720,0.0,0.0,0.2499999925494193,2500.37841796875,0.37837183475494385,2500.37841796875,0.2499999925494193
1721,0.0,0.0,0.2499999925494193,2500.348876953125,0.34899818897247314,2500.348876953125,0.2499999925494193
1722,0.0,0.0,0.2499999925494193,2500.364501953125,0.36441707611083984,2500.364501953125,0.2499999925494193
1723,0.0,0.0,0.2499999925494193,2500.399169921875,0.39919424057006836,2500.399169921875,0.2499999925494193
1724,0.0,0.0,0.2499999925494193,2500.31005859375,0.3101717233657837,2500.31005859375,0.2499999925494193
1725,0.0,0.0,0.2499999925494193,2500.35546875,0.3554396629333496,2500.35546875,0.2499999925494193
1726,0.0,0.0,0.2499999925494193,2500.354248046875,0.35424864292144775,2500.354248046875,0.2499999925494193
1727,0.0,0.0,0.2499999925494193,2500.332275390625,0.33231258392333984,2500.332275390625,0.2499999925494193
1728,0.0,0.0,0.2499999925494193,2500.357421875,0.3574262857437134,2500.357421875,0.2499999925494193
1729,0.0,0.0,0.2499999925494193,2500.3349609375,0.3350222110748291,2500.3349609375,0.2499999925494193
1730,0.0,0.0,0.2499999925494193,2500.36328125,0.3631833791732788,2500.36328125,0.2499999925494193
1731,0.0,0.0,0.2499999925494193,2500.358154296875,0.3581357002258301,2500.358154296875,0.2499999925494193
1732,0.0,0.0,0.2499999925494193,2500.343994140625,0.3440343141555786,2500.343994140625,0.2499999925494193
1733,0.0,0.0,0.2499999925494193,2500.36279296875,0.36290740966796875,2500.36279296875,0.2499999925494193
1734,0.0,0.0,0.2499999925494193,2500.327392578125,0.32738518714904785,2500.327392578125,0.2499999925494193
1735,0.0,0.0,0.2499999925494193,2500.337646484375,0.3376898765563965,2500.337646484375,0.2499999925494193
1736,0.0,0.0,0.2499999925494193,2500.34912109375,0.34910058975219727,2500.34912109375,0.2499999925494193
1737,0.0,0.0,0.2499999925494193,2500.403076171875,0.4030725955963135,2500.403076171875,0.2499999925494193
1738,0.0,0.0,0.2499999925494193,2500.412109375,0.41214168071746826,2500.412109375,0.2499999925494193
1739,0.0,0.0,0.2499999925494193,2500.354736328125,0.35476601123809814,2500.354736328125,0.2499999925494193
1740,0.0,0.0,0.2499999925494193,2500.42529296875,0.42539703845977783,2500.42529296875,0.2499999925494193
1741,0.0,0.0,0.2499999925494193,2500.345947265625,0.34594810009002686,2500.345947265625,0.2499999925494193
1742,0.0,0.0,0.2499999925494193,2500.4091796875,0.4091060161590576,2500.4091796875,0.2499999925494193
1743,0.0,0.0,0.2499999925494193,2500.392333984375,0.3924133777618408,2500.392333984375,0.2499999925494193
1744,0.0,0.0,0.2499999925494193,2500.38671875,0.38677823543548584,2500.38671875,0.2499999925494193
1745,0.0,0.0,0.2499999925494193,2500.399658203125,0.39967286586761475,2500.399658203125,0.2499999925494193
1746,0.0,0.0,0.2499999925494193,2500.35205078125,0.3519287109375,2500.35205078125,0.2499999925494193
1747,0.0,0.0,0.2499999925494193,2500.289794921875,0.2898092269897461,2500.289794921875,0.2499999925494193
1748,0.0,0.0,0.2499999925494193,2500.36572265625,0.36563968658447266,2500.36572265625,0.2499999925494193
1749,0.0,0.0,0.2499999925494193,2500.37646484375,0.3765079975128174,2500.37646484375,0.2499999925494193
1750,0.0,0.0,0.2499999925494193,2500.354736328125,0.35480546951293945,2500.354736328125,0.2499999925494193
1751,0.0,0.0,0.2499999925494193,2500.33837890625,0.3384314775466919,2500.33837890625,0.2499999925494193
1752,0.0,0.0,0.2499999925494193,2500.354248046875,0.3541524410247803,2500.354248046875,0.2499999925494193
1753,0.0,0.0,0.2499999925494193,2500.345458984375,0.3454554080963135,2500.345458984375,0.2499999925494193
1754,0.0,0.0,0.2499999925494193,2500.361572265625,0.3615996837615967,2500.361572265625,0.2499999925494193
1755,0.0,0.0,0.2499999925494193,2500.326904296875,0.32689082622528076,2500.326904296875,0.2499999925494193
1756,0.0,0.0,0.2499999925494193,2500.303466796875,0.30347180366516113,2500.303466796875,0.2499999925494193
1757,0.0,0.0,0.2499999925494193,2500.38330078125,0.3833256959915161,2500.38330078125,0.2499999925494193
1758,0.0,0.0,0.2499999925494193,2500.414794921875,0.41470372676849365,2500.414794921875,0.2499999925494193
1759,0.0,0.0,0.2499999925494193,2500.283447265625,0.28340840339660645,2500.283447265625,0.2499999925494193
1760,0.0,0.0,0.2499999925494193,2500.371337890625,0.3713299036026001,2500.371337890625,0.2499999925494193
1761,0.0,0.0,0.2499999925494193,2500.41015625,0.4102480411529541,2500.41015625,0.2499999925494193
1762,0.0,0.0,0.2499999925494193,2500.322509765625,0.3224588632583618,2500.322509765625,0.2499999925494193
1763,0.0,0.0,0.2499999925494193,2500.311279296875,0.3112497329711914,2500.311279296875,0.2499999925494193
1764,0.0,0.0,0.2499999925494193,2500.36767578125,0.36764514446258545,2500.36767578125,0.2499999925494193
1765,0.0,0.0,0.2499999925494193,2500.36181640625,0.36193275451660156,2500.36181640625,0.2499999925494193
1766,0.0,0.0,0.2499999925494193,2500.32666015625,0.3267338275909424,2500.32666015625,0.2499999925494193
1767,0.0,0.0,0.2499999925494193,2500.3837890625,0.3837960958480835,2500.3837890625,0.2499999925494193
1768,0.0,0.0,0.2499999925494193,2500.37255859375,0.3725118637084961,2500.37255859375,0.2499999925494193
1769,0.0,0.0,0.2499999925494193,2500.37353515625,0.3734557628631592,2500.37353515625,0.2499999925494193
1770,0.0,0.0,0.2499999925494193,2500.322998046875,0.3229018449783325,2500.322998046875,0.2499999925494193
1771,0.0,0.0,0.2499999925494193,2500.380126953125,0.3801983594894409,2500.380126953125,0.2499999925494193
1772,0.0,0.0,0.2499999925494193,2500.388671875,0.3887366056442261,2500.388671875,0.2499999925494193
1773,0.0,0.0,0.2499999925494193,2500.305419921875,0.30547189712524414,2500.305419921875,0.2499999925494193
1774,0.0,0.0,0.2499999925494193,2500.3828125,0.3828122615814209,2500.3828125,0.2499999925494193
1775,0.0,0.0,0.2499999925494193,2500.34228515625,0.3424038887023926,2500.34228515625,0.2499999925494193
1776,0.0,0.0,0.2499999925494193,2500.322265625,0.3222968578338623,2500.322265625,0.2499999925494193
1777,0.0,0.0,0.2499999925494193,2500.3125,0.31252145767211914,2500.3125,0.2499999925494193
1778,0.0,0.0,0.2499999925494193,2500.396240234375,0.3962627649307251,2500.396240234375,0.2499999925494193
1779,0.0,0.0,0.2499999925494193,2500.35205078125,0.352125883102417,2500.35205078125,0.2499999925494193
1780,0.0,0.0,0.2499999925494193,2500.362060546875,0.36212682723999023,2500.362060546875,0.2499999925494193
1781,0.0,0.0,0.2499999925494193,2500.39208984375,0.39197754859924316,2500.39208984375,0.2499999925494193
1782,0.0,0.0,0.2499999925494193,2500.31640625,0.3164938688278198,2500.31640625,0.2499999925494193
1783,0.0,0.0,0.2499999925494193,2500.309326171875,0.30936312675476074,2500.309326171875,0.2499999925494193
1784,0.0,0.0,0.2499999925494193,2500.373046875,0.37315940856933594,2500.373046875,0.2499999925494193
1785,0.0,0.0,0.2499999925494193,2500.35009765625,0.35001420974731445,2500.35009765625,0.2499999925494193
1786,0.0,0.0,0.2499999925494193,2500.3330078125,0.33291661739349365,2500.3330078125,0.2499999925494193
1787,0.0,0.0,0.2499999925494193,2500.371826171875,0.3718404769897461,2500.371826171875,0.2499999925494193
1788,0.0,0.0,0.2499999925494193,2500.389404296875,0.389423131942749,2500.389404296875,0.2499999925494193
1789,0.0,0.0,0.2499999925494193,2500.33349609375,0.33349692821502686,2500.33349609375,0.2499999925494193
1790,0.0,0.0,0.2499999925494193,2500.42138671875,0.42130112648010254,2500.42138671875,0.2499999925494193
1791,0.0,0.0,0.2499999925494193,2500.305419921875,0.3054051399230957,2500.305419921875,0.2499999925494193
1792,0.0,0.0,0.2499999925494193,2500.361083984375,0.3612046241760254,2500.361083984375,0.2499999925494193
1793,0.0,0.0,0.2499999925494193,2500.385498046875,0.3855931758880615,2500.385498046875,0.2499999925494193
1794,0.0,0.0,0.2499999925494193,2500.364990234375,0.3651086091995239,2500.364990234375,0.2499999925494193
1795,0.0,0.0,0.2499999925494193,2500.301025390625,0.3009713888168335,2500.301025390625,0.2499999925494193
1796,0.0,0.0,0.2499999925494193,2500.309814453125,0.3098437786102295,2500.309814453125,0.2499999925494193
1797,0.0,0.0,0.2499999925494193,2500.40966796875,0.4097527265548706,2500.40966796875,0.2499999925494193
1798,0.0,0.0,0.2499999925494193,2500.356201171875,0.35627126693725586,2500.356201171875,0.2499999925494193
1799,0.0,0.0,0.2499999925494193,2500.34716796875,0.3471808433532715,2500.34716796875,0.2499999925494193
1800,0.0,0.0,0.2499999925494193,2500.373291015625,0.37336277961730957,2500.373291015625,0.2499999925494193
1801,0.0,0.0,0.2499999925494193,2500.3310546875,0.33103442192077637,2500.3310546875,0.2499999925494193
1802,0.0,0.0,0.2499999925494193,2500.33935546875,0.3394087553024292,2500.33935546875,0.2499999925494193
1803,0.0,0.0,0.2499999925494193,2500.380615234375,0.3806699514389038,2500.380615234375,0.2499999925494193
1804,0.0,0.0,0.2499999925494193,2500.414794921875,0.41488349437713623,2500.414794921875,0.2499999925494193
1805,0.0,0.0,0.2499999925494193,2500.337646484375,0.3377300500869751,2500.337646484375,0.2499999925494193
1806,0.0,0.0,0.2499999925494193,2500.299072265625,0.29918575286865234,2500.299072265625,0.2499999925494193
1807,0.0,0.0,0.2499999925494193,2500.359375,0.35947442054748535,2500.359375,0.2499999925494193
1808,0.0,0.0,0.2499999925494193,2500.35009765625,0.3501054048538208,2500.35009765625,0.2499999925494193
1809,0.0,0.0,0.2499999925494193,2500.273193359375,0.2731940746307373,2500.273193359375,0.2499999925494193
1810,0.0,0.0,0.2499999925494193,2500.3408203125,0.34089207649230957,2500.3408203125,0.2499999925494193
1811,0.0,0.0,0.2499999925494193,2500.355712890625,0.355698823928833,2500.355712890625,0.2499999925494193
1812,0.0,0.0,0.2499999925494193,2500.3251953125,0.32528018951416016,2500.3251953125,0.2499999925494193
1813,0.0,0.0,0.2499999925494193,2500.312255859375,0.31233084201812744,2500.312255859375,0.2499999925494193
1814,0.0,0.0,0.2499999925494193,2500.375,0.3749375343322754,2500.375,0.2499999925494193
1815,0.0,0.0,0.2499999925494193,2500.3603515625,0.36035776138305664,2500.3603515625,0.2499999925494193
1816,0.0,0.0,0.2499999925494193,2500.34375,0.3437366485595703,2500.34375,0.2499999925494193
1817,0.0,0.0,0.2499999925494193,2500.30419921875,0.304226279258728,2500.30419921875,0.2499999925494193
1818,0.0,0.0,0.2499999925494193,2500.31640625,0.3165198564529419,2500.31640625,0.2499999925494193
1819,0.0,0.0,0.2499999925494193,2500.37353515625,0.37350404262542725,2500.37353515625,0.2499999925494193
1820,0.0,0.0,0.2499999925494193,2500.416259765625,0.4161672592163086,2500.416259765625,0.2499999925494193
1821,0.0,0.0,0.2499999925494193,2500.322509765625,0.3224184513092041,2500.322509765625,0.2499999925494193
1822,0.0,0.0,0.2499999925494193,2500.376708984375,0.3767808675765991,2500.376708984375,0.2499999925494193
1823,0.0,0.0,0.2499999925494193,2500.34326171875,0.343181848526001,2500.34326171875,0.2499999925494193
1824,0.0,0.0,0.2499999925494193,2500.36181640625,0.3616969585418701,2500.36181640625,0.2499999925494193
1825,0.0,0.0,0.2499999925494193,2500.38134765625,0.3812568187713623,2500.38134765625,0.2499999925494193
1826,0.0,0.0,0.2499999925494193,2500.317138671875,0.3170771598815918,2500.317138671875,0.2499999925494193
1827,0.0,0.0,0.2499999925494193,2500.3193359375,0.31926703453063965,2500.3193359375,0.2499999925494193
1828,0.0,0.0,0.2499999925494193,2500.325927734375,0.3259279727935791,2500.325927734375,0.2499999925494193
1829,0.0,0.0,0.2499999925494193,2500.291015625,0.29107892513275146,2500.291015625,0.2499999925494193
1830,0.0,0.0,0.2499999925494193,2500.318115234375,0.31808018684387207,2500.318115234375,0.2499999925494193
1831,0.0,0.0,0.2499999925494193,2500.3779296875,0.3778550624847412,2500.3779296875,0.2499999925494193
1832,0.0,0.0,0.2499999925494193,2500.324951171875,0.32483017444610596,2500.324951171875,0.2499999925494193
1833,0.0,0.0,0.2499999925494193,2500.330810546875,0.33087992668151855,2500.330810546875,0.2499999925494193
1834,0.0,0.0,0.2499999925494193,2500.31396484375,0.3140432834625244,2500.31396484375,0.2499999925494193
1835,0.0,0.0,0.2499999925494193,2500.381103515625,0.38116490840911865,2500.381103515625,0.2499999925494193
1836,0.0,0.0,0.2499999925494193,2500.35498046875,0.3549841642379761,2500.35498046875,0.2499999925494193
1837,0.0,0.0,0.2499999925494193,2500.416015625,0.41603243350982666,2500.416015625,0.2499999925494193
1838,0.0,0.0,0.2499999925494193,2500.33984375,0.33979880809783936,2500.33984375,0.2499999925494193
1839,0.0,0.0,0.2499999925494193,2500.349853515625,0.3497384786605835,2500.349853515625,0.2499999925494193
1840,0.0,0.0,0.2499999925494193,2500.435546875,0.435605525970459,2500.435546875,0.2499999925494193
1841,0.0,0.0,0.2499999925494193,2500.336669921875,0.3366314172744751,2500.336669921875,0.2499999925494193
1842,0.0,0.0,0.2499999925494193,2500.341064453125,0.34102678298950195,2500.341064453125,0.2499999925494193
1843,0.0,0.0,0.2499999925494193,2500.306640625,0.30657005310058594,2500.306640625,0.2499999925494193
1844,0.0,0.0,0.2499999925494193,2500.26123046875,0.2611083984375,2500.26123046875,0.2499999925494193
1845,0.0,0.0,0.2499999925494193,2500.3525390625,0.3526040315628052,2500.3525390625,0.2499999925494193
1846,0.0,0.0,0.2499999925494193,2500.377685546875,0.3775991201400757,2500.377685546875,0.2499999925494193
1847,0.0,0.0,0.2499999925494193,2500.413818359375,0.4137911796569824,2500.413818359375,0.2499999925494193
1848,0.0,0.0,0.2499999925494193,2500.36962890625,0.3695211410522461,2500.36962890625,0.2499999925494193
1849,0.0,0.0,0.2499999925494193,2500.336181640625,0.3361915349960327,2500.336181640625,0.2499999925494193
1850,0.0,0.0,0.2499999925494193,2500.3564453125,0.3565324544906616,2500.3564453125,0.2499999925494193
1851,0.0,0.0,0.2499999925494193,2500.29443359375,0.29449784755706787,2500.29443359375,0.2499999925494193
1852,0.0,0.0,0.2499999925494193,2500.382080078125,0.382091760635376,2500.382080078125,0.2499999925494193
1853,0.0,0.0,0.2499999925494193,2500.356689453125,0.35660088062286377,2500.356689453125,0.2499999925494193
1854,0.0,0.0,0.2499999925494193,2500.343017578125,0.3429211378097534,2500.343017578125,0.2499999925494193
1855,0.0,0.0,0.2499999925494193,2500.374755859375,0.37486422061920166,2500.374755859375,0.2499999925494193
1856,0.0,0.0,0.2499999925494193,2500.31884765625,0.3188483715057373,2500.31884765625,0.2499999925494193
1857,0.0,0.0,0.2499999925494193,2500.383056640625,0.38303685188293457,2500.383056640625,0.2499999925494193
1858,0.0,0.0,0.2499999925494193,2500.35888671875,0.35896122455596924,2500.35888671875,0.2499999925494193
1859,0.0,0.0,0.2499999925494193,2500.334228515625,0.3341202735900879,2500.334228515625,0.2499999925494193
1860,0.0,0.0,0.2499999925494193,2500.3505859375,0.35048675537109375,2500.3505859375,0.2499999925494193
1861,0.0,0.0,0.2499999925494193,2500.363525390625,0.36340808868408203,2500.363525390625,0.2499999925494193
1862,0.0,0.0,0.2499999925494193,2500.37548828125,0.3754492998123169,2500.37548828125,0.2499999925494193
1863,0.0,0.0,0.2499999925494193,2500.337646484375,0.33774542808532715,2500.337646484375,0.2499999925494193
1864,0.0,0.0,0.2499999925494193,2500.381591796875,0.38163936138153076,2500.381591796875,0.2499999925494193
1865,0.0,0.0,0.2499999925494193,2500.410400390625,0.4104468822479248,2500.410400390625,0.2499999925494193
1866,0.0,0.0,0.2499999925494193,2500.2998046875,0.2998838424682617,2500.2998046875,0.2499999925494193
1867,0.0,0.0,0.2499999925494193,2500.361572265625,0.3615593910217285,2500.361572265625,0.2499999925494193
1868,0.0,0.0,0.20412413914855784,2500.33349609375,0.33350467681884766,2500.33349609375,0.20412413914855784
1869,0.0,0.0,0.2499999925494193,2500.31591796875,0.31582462787628174,2500.31591796875,0.2499999925494193
1870,0.0,0.0,0.2499999925494193,2500.3193359375,0.3192340135574341,2500.3193359375,0.2499999925494193
1871,0.0,0.0,0.2499999925494193,2500.341064453125,0.341030478477478,2500.341064453125,0.2499999925494193
1872,0.0,0.0,0.2499999925494193,2500.353759765625,0.3537774085998535,2500.353759765625,0.2499999925494193
1873,0.0,0.0,0.2499999925494193,2500.292724609375,0.29266059398651123,2500.292724609375,0.2499999925494193
1874,0.0,0.0,0.2499999925494193,2500.329345703125,0.32927942276000977,2500.329345703125,0.2499999925494193
1875,0.0,0.0,0.2499999925494193,2500.378662109375,0.3785884380340576,2500.378662109375,0.2499999925494193
1876,0.0,0.0,0.2499999925494193,2500.32080078125,0.3206908702850342,2500.32080078125,0.2499999925494193
1877,0.0,0.0,0.2499999925494193,2500.2998046875,0.2997993230819702,2500.2998046875,0.2499999925494193
1878,0.0,0.0,0.2499999925494193,2500.312255859375,0.3123680353164673,2500.312255859375,0.2499999925494193
1879,0.0,0.0,0.2499999925494193,2500.31005859375,0.3100677728652954,2500.31005859375,0.2499999925494193
1880,0.0,0.0,0.2499999925494193,2500.3251953125,0.32530677318573,2500.3251953125,0.2499999925494193
1881,0.0,0.0,0.2499999925494193,2500.354736328125,0.3546879291534424,2500.354736328125,0.2499999925494193
1882,0.0,0.0,0.2499999925494193,2500.34716796875,0.3472820520401001,2500.34716796875,0.2499999925494193
1883,0.0,0.0,0.2499999925494193,2500.292236328125,0.2921440601348877,2500.292236328125,0.2499999925494193
1884,0.0,0.0,0.2499999925494193,2500.326171875,0.3261239528656006,2500.326171875,0.2499999925494193
1885,0.0,0.0,0.2499999925494193,2500.293212890625,0.2931797504425049,2500.293212890625,0.2499999925494193
1886,0.0,0.0,0.2499999925494193,2500.289794921875,0.2897341251373291,2500.289794921875,0.2499999925494193
1887,0.0,0.0,0.2499999925494193,2500.323974609375,0.3239555358886719,2500.323974609375,0.2499999925494193
1888,0.0,0.0,0.2499999925494193,2500.36474609375,0.3648160696029663,2500.36474609375,0.2499999925494193
1889,0.0,0.0,0.2499999925494193,2500.346923828125,0.34684836864471436,2500.346923828125,0.2499999925494193
1890,0.0,0.0,0.2499999925494193,2500.3466796875,0.3466198444366455,2500.3466796875,0.2499999925494193
1891,0.0,0.0,0.2499999925494193,2500.29296875,0.29298436641693115,2500.29296875,0.2499999925494193
1892,0.0,0.0,0.2499999925494193,2500.265625,0.2655768394470215,2500.265625,0.2499999925494193
1893,0.0,0.0,0.2499999925494193,2500.3134765625,0.31339263916015625,2500.3134765625,0.2499999925494193
1894,0.0,0.0,0.2499999925494193,2500.31591796875,0.3158111572265625,2500.31591796875,0.2499999925494193
1895,0.0,0.0,0.2499999925494193,2500.299072265625,0.29908597469329834,2500.299072265625,0.2499999925494193
1896,0.0,0.0,0.2499999925494193,2500.37548828125,0.37549805641174316,2500.37548828125,0.2499999925494193
1897,0.0,0.0,0.2499999925494193,2500.333740234375,0.3337167501449585,2500.333740234375,0.2499999925494193
1898,0.0,0.0,0.2499999925494193,2500.292724609375,0.29269230365753174,2500.292724609375,0.2499999925494193
1899,0.0,0.0,0.2499999925494193,2500.308837890625,0.308773398399353,2500.308837890625,0.2499999925494193
1900,0.0,0.0,0.2499999925494193,2500.328857421875,0.3288917541503906,2500.328857421875,0.2499999925494193
1901,0.0,0.0,0.2499999925494193,2500.2734375,0.2734110355377197,2500.2734375,0.2499999925494193
1902,0.0,0.0,0.2499999925494193,2500.34521484375,0.3453092575073242,2500.34521484375,0.2499999925494193
1903,0.0,0.0,0.2499999925494193,2500.298095703125,0.298170804977417,2500.298095703125,0.2499999925494193
1904,0.0,0.0,0.2499999925494193,2500.324951171875,0.3249613046646118,2500.324951171875,0.2499999925494193
1905,0.0,0.0,0.2499999925494193,2500.28125,0.28136181831359863,2500.28125,0.2499999925494193
1906,0.0,0.0,0.2499999925494193,2500.3427734375,0.3428903818130493,2500.3427734375,0.2499999925494193
1907,0.0,0.0,0.2499999925494193,2500.365966796875,0.3658517599105835,2500.365966796875,0.2499999925494193
1908,0.0,0.0,0.2499999925494193,2500.322021484375,0.3219003677368164,2500.322021484375,0.2499999925494193
1909,0.0,0.0,0.2499999925494193,2500.348388671875,0.3484773635864258,2500.348388671875,0.2499999925494193
1910,0.0,0.0,0.2499999925494193,2500.349609375,0.34956562519073486,2500.349609375,0.2499999925494193
1911,0.0,0.0,0.2499999925494193,2500.310546875,0.31051433086395264,2500.310546875,0.2499999925494193
1912,0.0,0.0,0.2499999925494193,2500.292236328125,0.2923290729522705,2500.292236328125,0.2499999925494193
1913,0.0,0.0,0.2499999925494193,2500.322265625,0.322346568107605,2500.322265625,0.2499999925494193
1914,0.0,0.0,0.2499999925494193,2500.340087890625,0.34012508392333984,2500.340087890625,0.2499999925494193
1915,0.0,0.0,0.2499999925494193,2500.32958984375,0.3296966552734375,2500.32958984375,0.2499999925494193
1916,0.0,0.0,0.2499999925494193,2500.368896484375,0.36899125576019287,2500.368896484375,0.2499999925494193
1917,0.0,0.0,0.2499999925494193,2500.248046875,0.2480931282043457,2500.248046875,0.2499999925494193
1918,0.0,0.0,0.2499999925494193,2500.318603515625,0.31855154037475586,2500.318603515625,0.2499999925494193
1919,0.0,0.0,0.2499999925494193,2500.314208984375,0.3141685724258423,2500.314208984375,0.2499999925494193
1920,0.0,0.0,0.2499999925494193,2500.3291015625,0.32917630672454834,2500.3291015625,0.2499999925494193
1921,0.0,0.0,0.2499999925494193,2500.337646484375,0.33764445781707764,2500.337646484375,0.2499999925494193
1922,0.0,0.0,0.2499999925494193,2500.26318359375,0.26308488845825195,2500.26318359375,0.2499999925494193
1923,0.0,0.0,0.2499999925494193,2500.306884765625,0.30698299407958984,2500.306884765625,0.2499999925494193
1924,0.0,0.0,0.2499999925494193,2500.29345703125,0.29338645935058594,2500.29345703125,0.2499999925494193
1925,0.0,0.0,0.2499999925494193,2500.324951171875,0.32491981983184814,2500.324951171875,0.2499999925494193
1926,0.0,0.0,0.2499999925494193,2500.3662109375,0.36632513999938965,2500.3662109375,0.2499999925494193
1927,0.0,0.0,0.2499999925494193,2500.327392578125,0.3273193836212158,2500.327392578125,0.2499999925494193
1928,0.0,0.0,0.2499999925494193,2500.357666015625,0.35759127140045166,2500.357666015625,0.2499999925494193
1929,0.0,0.0,0.2499999925494193,2500.346435546875,0.34648120403289795,2500.346435546875,0.2499999925494193
1930,0.0,0.0,0.2499999925494193,2500.385986328125,0.3859977722167969,2500.385986328125,0.2499999925494193
1931,0.0,0.0,0.2499999925494193,2500.37353515625,0.37342000007629395,2500.37353515625,0.2499999925494193
1932,0.0,0.0,0.2499999925494193,2500.358154296875,0.3582237958908081,2500.358154296875,0.2499999925494193
1933,0.0,0.0,0.2499999925494193,2500.318115234375,0.3182281255722046,2500.318115234375,0.2499999925494193
1934,0.0,0.0,0.2499999925494193,2500.353759765625,0.3537881374359131,2500.353759765625,0.2499999925494193
1935,0.0,0.0,0.2499999925494193,2500.356689453125,0.35679125785827637,2500.356689453125,0.2499999925494193
1936,0.0,0.0,0.2499999925494193,2500.28857421875,0.2886101007461548,2500.28857421875,0.2499999925494193
1937,0.0,0.0,0.2499999925494193,2500.336181640625,0.3362090587615967,2500.336181640625,0.2499999925494193
1938,0.0,0.0,0.2499999925494193,2500.304443359375,0.30456268787384033,2500.304443359375,0.2499999925494193
1939,0.0,0.0,0.2499999925494193,2500.341796875,0.34184932708740234,2500.341796875,0.2499999925494193
1940,0.0,0.0,0.2499999925494193,2500.310791015625,0.3107837438583374,2500.310791015625,0.2499999925494193
1941,0.0,0.0,0.2499999925494193,2500.37060546875,0.37059831619262695,2500.37060546875,0.2499999925494193
1942,0.0,0.0,0.2499999925494193,2500.32470703125,0.3248007297515869,2500.32470703125,0.2499999925494193
1943,0.0,0.0,0.2499999925494193,2500.321044921875,0.32110595703125,2500.321044921875,0.2499999925494193
1944,0.0,0.0,0.2499999925494193,2500.349365234375,0.3493458032608032,2500.349365234375,0.2499999925494193
1945,0.0,0.0,0.2499999925494193,2500.300048828125,0.30016934871673584,2500.300048828125,0.2499999925494193
1946,0.0,0.0,0.2499999925494193,2500.308837890625,0.3088405132293701,2500.308837890625,0.2499999925494193
1947,0.0,0.0,0.2499999925494193,2500.366455078125,0.36640727519989014,2500.366455078125,0.2499999925494193
1948,0.0,0.0,0.2499999925494193,2500.35498046875,0.3550938367843628,2500.35498046875,0.2499999925494193
1949,0.0,0.0,0.2499999925494193,2500.310302734375,0.31026697158813477,2500.310302734375,0.2499999925494193
1950,0.0,0.0,0.2499999925494193,2500.266845703125,0.26676130294799805,2500.266845703125,0.2499999925494193
1951,0.0,0.0,0.2499999925494193,2500.306640625,0.3067406415939331,2500.306640625,0.2499999925494193
1952,0.0,0.0,0.2499999925494193,2500.39794921875,0.397891640663147,2500.39794921875,0.2499999925494193
1953,0.0,0.0,0.2499999925494193,2500.3330078125,0.33296430110931396,2500.3330078125,0.2499999925494193
1954,0.0,0.0,0.2499999925494193,2500.332275390625,0.3321809768676758,2500.332275390625,0.2499999925494193
1955,0.0,0.0,0.2499999925494193,2500.350341796875,0.3504542112350464,2500.350341796875,0.2499999925494193
1956,0.0,0.0,0.2499999925494193,2500.34228515625,0.34216785430908203,2500.34228515625,0.2499999925494193
1957,0.0,0.0,0.2499999925494193,2500.359130859375,0.3590245246887207,2500.359130859375,0.2499999925494193
1958,0.0,0.0,0.2499999925494193,2500.385986328125,0.3861004114151001,2500.385986328125,0.2499999925494193
1959,0.0,0.0,0.2499999925494193,2500.333251953125,0.33320772647857666,2500.333251953125,0.2499999925494193
1960,0.0,0.0,0.2499999925494193,2500.324951171875,0.32498443126678467,2500.324951171875,0.2499999925494193
1961,0.0,0.0,0.2499999925494193,2500.304931640625,0.3048539161682129,2500.304931640625,0.2499999925494193
1962,0.0,0.0,0.2499999925494193,2500.31884765625,0.31875741481781006,2500.31884765625,0.2499999925494193
1963,0.0,0.0,0.2499999925494193,2500.33251953125,0.3324393033981323,2500.33251953125,0.2499999925494193
1964,0.0,0.0,0.2499999925494193,2500.302978515625,0.3028740882873535,2500.302978515625,0.2499999925494193
1965,0.0,0.0,0.2499999925494193,2500.33740234375,0.3374602794647217,2500.33740234375,0.2499999925494193
1966,0.0,0.0,0.2499999925494193,2500.335205078125,0.3352811336517334,2500.335205078125,0.2499999925494193
1967,0.0,0.0,0.2499999925494193,2500.360595703125,0.3605613708496094,2500.360595703125,0.2499999925494193
1968,0.0,0.0,0.2499999925494193,2500.318359375,0.3183664083480835,2500.318359375,0.2499999925494193
1969,0.0,0.0,0.2499999925494193,2500.317626953125,0.31774330139160156,2500.317626953125,0.2499999925494193
1970,0.0,0.0,0.2499999925494193,2500.27294921875,0.27293312549591064,2500.27294921875,0.2499999925494193
1971,0.0,0.0,0.2499999925494193,2500.290771484375,0.29083681106567383,2500.290771484375,0.2499999925494193
1972,0.0,0.0,0.2499999925494193,2500.299560546875,0.29961562156677246,2500.299560546875,0.2499999925494193
1973,0.0,0.0,0.2499999925494193,2500.31298828125,0.3130531311035156,2500.31298828125,0.2499999925494193
1974,0.0,0.0,0.2499999925494193,2500.31982421875,0.31991446018218994,2500.31982421875,0.2499999925494193
1975,0.0,0.0,0.2499999925494193,2500.334716796875,0.33470427989959717,2500.334716796875,0.2499999925494193
1976,0.0,0.0,0.2499999925494193,2500.351318359375,0.35134971141815186,2500.351318359375,0.2499999925494193
1977,0.0,0.0,0.2499999925494193,2500.353515625,0.353598952293396,2500.353515625,0.2499999925494193
1978,0.0,0.0,0.2499999925494193,2500.311767578125,0.3116863965988159,2500.311767578125,0.2499999925494193
1979,0.0,0.0,0.2499999925494193,2500.326416015625,0.3263862133026123,2500.326416015625,0.2499999925494193
1980,0.0,0.0,0.2499999925494193,2500.325927734375,0.3258688449859619,2500.325927734375,0.2499999925494193
1981,0.0,0.0,0.2499999925494193,2500.296630859375,0.29675281047821045,2500.296630859375,0.2499999925494193
1982,0.0,0.0,0.2499999925494193,2500.287353515625,0.28737568855285645,2500.287353515625,0.2499999925494193
1983,0.0,0.0,0.2499999925494193,2500.335205078125,0.3352605104446411,2500.335205078125,0.2499999925494193
1984,0.0,0.0,0.2499999925494193,2500.358154296875,0.35811901092529297,2500.358154296875,0.2499999925494193
1985,0.0,0.0,0.2499999925494193,2500.31640625,0.3163403272628784,2500.31640625,0.2499999925494193
1986,0.0,0.0,0.2499999925494193,2500.28564453125,0.28568148612976074,2500.28564453125,0.2499999925494193
1987,0.0,0.0,0.2499999925494193,2500.306396484375,0.3063924312591553,2500.306396484375,0.2499999925494193
1988,0.0,0.0,0.2499999925494193,2500.3203125,0.3202362060546875,2500.3203125,0.2499999925494193
1989,0.0,0.0,0.2499999925494193,2500.313232421875,0.3131411075592041,2500.313232421875,0.2499999925494193
1990,0.0,0.0,0.2499999925494193,2500.32080078125,0.3207991123199463,2500.32080078125,0.2499999925494193
1991,0.0,0.0,0.2499999925494193,2500.2568359375,0.25682294368743896,2500.2568359375,0.2499999925494193
1992,0.0,0.0,0.2499999925494193,2500.28857421875,0.28861308097839355,2500.28857421875,0.2499999925494193
1993,0.0,0.0,0.2499999925494193,2500.2998046875,0.2997093200683594,2500.2998046875,0.2499999925494193
1994,0.0,0.0,0.2499999925494193,2500.323974609375,0.324008584022522,2500.323974609375,0.2499999925494193
1995,0.0,0.0,0.2499999925494193,2500.282958984375,0.28292155265808105,2500.282958984375,0.2499999925494193
1996,0.0,0.0,0.2499999925494193,2500.340576171875,0.3405435085296631,2500.340576171875,0.2499999925494193
1997,0.0,0.0,0.2499999925494193,2500.281982421875,0.2818868160247803,2500.281982421875,0.2499999925494193
1998,0.0,0.0,0.2499999925494193,2500.2685546875,0.2684439420700073,2500.2685546875,0.2499999925494193
1999,0.0,0.0,0.2499999925494193,2500.36865234375,0.3686283826828003,2500.36865234375,0.2499999925494193
2000,0.0,0.0,0.2499999925494193,2500.271240234375,0.2713221311569214,2500.271240234375,0.2499999925494193
2001,0.0,0.0,0.2499999925494193,2500.323974609375,0.32396090030670166,2500.323974609375,0.2499999925494193
2002,0.0,0.0,0.2499999925494193,2500.324462890625,0.32448136806488037,2500.324462890625,0.2499999925494193
2003,0.0,0.0,0.2499999925494193,2500.279052734375,0.2791205644607544,2500.279052734375,0.2499999925494193
2004,0.0,0.0,0.2499999925494193,2500.331298828125,0.33125174045562744,2500.331298828125,0.2499999925494193
2005,0.0,0.0,0.2499999925494193,2500.287109375,0.2871464490890503,2500.287109375,0.2499999925494193
2006,0.0,0.0,0.2499999925494193,2500.372802734375,0.37288451194763184,2500.372802734375,0.2499999925494193
2007,0.0,0.0,0.2499999925494193,2500.24951171875,0.2496020793914795,2500.24951171875,0.2499999925494193
2008,0.0,0.0,0.2499999925494193,2500.284423828125,0.2845182418823242,2500.284423828125,0.2499999925494193
2009,0.0,0.0,0.2499999925494193,2500.312744140625,0.31285929679870605,2500.312744140625,0.2499999925494193
2010,0.0,0.0,0.2499999925494193,2500.2578125,0.2578110694885254,2500.2578125,0.2499999925494193
2011,0.0,0.0,0.2499999925494193,2500.346923828125,0.3470315933227539,2500.346923828125,0.2499999925494193
2012,0.0,0.0,0.2499999925494193,2500.27734375,0.27733826637268066,2500.27734375,0.2499999925494193
2013,0.0,0.0,0.2499999925494193,2500.31640625,0.31648361682891846,2500.31640625,0.2499999925494193
2014,0.0,0.0,0.2499999925494193,2500.33447265625,0.3345566987991333,2500.33447265625,0.2499999925494193
2015,0.0,0.0,0.2499999925494193,2500.302001953125,0.3018920421600342,2500.302001953125,0.2499999925494193
2016,0.0,0.0,0.2499999925494193,2500.284912109375,0.2848912477493286,2500.284912109375,0.2499999925494193
2017,0.0,0.0,0.2499999925494193,2500.3369140625,0.33685553073883057,2500.3369140625,0.2499999925494193
2018,0.0,0.0,0.2499999925494193,2500.3046875,0.3045825958251953,2500.3046875,0.2499999925494193
2019,0.0,0.0,0.2499999925494193,2500.30517578125,0.305189847946167,2500.30517578125,0.2499999925494193
2020,0.0,0.0,0.2499999925494193,2500.251220703125,0.2513197660446167,2500.251220703125,0.2499999925494193
2021,0.0,0.0,0.2499999925494193,2500.344482421875,0.3443737030029297,2500.344482421875,0.2499999925494193
2022,0.0,0.0,0.2499999925494193,2500.279052734375,0.2791564464569092,2500.279052734375,0.2499999925494193
2023,0.0,0.0,0.2499999925494193,2500.325439453125,0.3253439664840698,2500.325439453125,0.2499999925494193
2024,0.0,0.0,0.2499999925494193,2500.396240234375,0.39616405963897705,2500.396240234375,0.2499999925494193
2025,0.0,0.0,0.2499999925494193,2500.30517578125,0.3052600622177124,2500.30517578125,0.2499999925494193
2026,0.0,0.0,0.2499999925494193,2500.3623046875,0.36219215393066406,2500.3623046875,0.2499999925494193
2027,0.0,0.0,0.2499999925494193,2500.338134765625,0.33804595470428467,2500.338134765625,0.2499999925494193
2028,0.0,0.0,0.2499999925494193,2500.353515625,0.35358989238739014,2500.353515625,0.2499999925494193
2029,0.0,0.0,0.2499999925494193,2500.3466796875,0.34679341316223145,2500.3466796875,0.2499999925494193
2030,0.0,0.0,0.2499999925494193,2500.34716796875,0.34711968898773193,2500.34716796875,0.2499999925494193
2031,0.0,0.0,0.2499999925494193,2500.337646484375,0.33767998218536377,2500.337646484375,0.2499999925494193
2032,0.0,0.0,0.2499999925494193,2500.34228515625,0.3423200845718384,2500.34228515625,0.2499999925494193
2033,0.0,0.0,0.2499999925494193,2500.35693359375,0.35688090324401855,2500.35693359375,0.2499999925494193
2034,0.0,0.0,0.2499999925494193,2500.344970703125,0.34492504596710205,2500.344970703125,0.2499999925494193
2035,0.0,0.0,0.2499999925494193,2500.310302734375,0.3102743625640869,2500.310302734375,0.2499999925494193
2036,0.0,0.0,0.2499999925494193,2500.34912109375,0.3490324020385742,2500.34912109375,0.2499999925494193
2037,0.0,0.0,0.2499999925494193,2500.379150390625,0.37919187545776367,2500.379150390625,0.2499999925494193
2038,0.0,0.0,0.2499999925494193,2500.3037109375,0.30369317531585693,2500.3037109375,0.2499999925494193
2039,0.0,0.0,0.2499999925494193,2500.303466796875,0.30342864990234375,2500.303466796875,0.2499999925494193
2040,0.0,0.0,0.2499999925494193,2500.341064453125,0.34116947650909424,2500.341064453125,0.2499999925494193
2041,0.0,0.0,0.2499999925494193,2500.37060546875,0.3706059455871582,2500.37060546875,0.2499999925494193
2042,0.0,0.0,0.2499999925494193,2500.2958984375,0.2958167791366577,2500.2958984375,0.2499999925494193
2043,0.0,0.0,0.2499999925494193,2500.36376953125,0.3638392686843872,2500.36376953125,0.2499999925494193
2044,0.0,0.0,0.2499999925494193,2500.292724609375,0.29265689849853516,2500.292724609375,0.2499999925494193
2045,0.0,0.0,0.2499999925494193,2500.315185546875,0.3151090145111084,2500.315185546875,0.2499999925494193
2046,0.0,0.0,0.2499999925494193,2500.34716796875,0.347195029258728,2500.34716796875,0.2499999925494193
2047,0.0,0.0,0.2499999925494193,2500.2822265625,0.2822890281677246,2500.2822265625,0.2499999925494193
2048,0.0,0.0,0.2499999925494193,2500.335693359375,0.3357652425765991,2500.335693359375,0.2499999925494193
2049,0.0,0.0,0.2499999925494193,2500.271484375,0.27159297466278076,2500.271484375,0.2499999925494193
2050,0.0,0.0,0.2499999925494193,2500.3017578125,0.30177831649780273,2500.3017578125,0.2499999925494193
2051,0.0,0.0,0.2499999925494193,2500.342041015625,0.3419731855392456,2500.342041015625,0.2499999925494193
2052,0.0,0.0,0.2499999925494193,2500.3056640625,0.3055441379547119,2500.3056640625,0.2499999925494193
2053,0.0,0.0,0.2499999925494193,2500.294677734375,0.29477977752685547,2500.294677734375,0.2499999925494193
2054,0.0,0.0,0.2499999925494193,2500.314453125,0.3143807649612427,2500.314453125,0.2499999925494193
2055,0.0,0.0,0.2499999925494193,2500.267822265625,0.26788318157196045,2500.267822265625,0.2499999925494193
2056,0.0,0.0,0.2499999925494193,2500.314453125,0.31443166732788086,2500.314453125,0.2499999925494193
2057,0.0,0.0,0.2499999925494193,2500.31201171875,0.31210458278656006,2500.31201171875,0.2499999925494193
2058,0.0,0.0,0.2499999925494193,2500.32177734375,0.32182300090789795,2500.32177734375,0.2499999925494193
2059,0.0,0.0,0.2499999925494193,2500.2734375,0.27341413497924805,2500.2734375,0.2499999925494193
2060,0.0,0.0,0.2499999925494193,2500.311767578125,0.3118222951889038,2500.311767578125,0.2499999925494193
2061,0.0,0.0,0.2499999925494193,2500.327392578125,0.3274120092391968,2500.327392578125,0.2499999925494193
2062,0.0,0.0,0.2499999925494193,2500.34912109375,0.3491126298904419,2500.34912109375,0.2499999925494193
2063,0.0,0.0,0.2499999925494193,2500.3515625,0.351635217666626,2500.3515625,0.2499999925494193
2064,0.0,0.0,0.2499999925494193,2500.328857421875,0.3288213014602661,2500.328857421875,0.2499999925494193
2065,0.0,0.0,0.2499999925494193,2500.299560546875,0.2994624376296997,2500.299560546875,0.2499999925494193
2066,0.0,0.0,0.2499999925494193,2500.283447265625,0.28349316120147705,2500.283447265625,0.2499999925494193
2067,0.0,0.0,0.2499999925494193,2500.325927734375,0.32603657245635986,2500.325927734375,0.2499999925494193
2068,0.0,0.0,0.2499999925494193,2500.3046875,0.30460870265960693,2500.3046875,0.2499999925494193
2069,0.0,0.0,0.2499999925494193,2500.36767578125,0.36762499809265137,2500.36767578125,0.2499999925494193
2070,0.0,0.0,0.2499999925494193,2500.337890625,0.3380008935928345,2500.337890625,0.2499999925494193
2071,0.0,0.0,0.2499999925494193,2500.30908203125,0.30919456481933594,2500.30908203125,0.2499999925494193
2072,0.0,0.0,0.2499999925494193,2500.330810546875,0.330757737159729,2500.330810546875,0.2499999925494193
2073,0.0,0.0,0.2499999925494193,2500.304443359375,0.3043457269668579,2500.304443359375,0.2499999925494193
2074,0.0,0.0,0.2499999925494193,2500.30126953125,0.3011758327484131,2500.30126953125,0.2499999925494193
2075,0.0,0.0,0.2499999925494193,2500.359375,0.35936832427978516,2500.359375,0.2499999925494193
2076,0.0,0.0,0.2499999925494193,2500.288818359375,0.28871750831604004,2500.288818359375,0.2499999925494193
2077,0.0,0.0,0.2499999925494193,2500.26171875,0.26180970668792725,2500.26171875,0.2499999925494193
2078,0.0,0.0,0.2499999925494193,2500.321533203125,0.32165300846099854,2500.321533203125,0.2499999925494193
2079,0.0,0.0,0.2499999925494193,2500.28076171875,0.2807314395904541,2500.28076171875,0.2499999925494193
2080,0.0,0.0,0.2499999925494193,2500.3447265625,0.34480035305023193,2500.3447265625,0.2499999925494193
2081,0.0,0.0,0.2499999925494193,2500.321533203125,0.32159531116485596,2500.321533203125,0.2499999925494193
2082,0.0,0.0,0.2499999925494193,2500.319580078125,0.3196556568145752,2500.319580078125,0.2499999925494193
2083,0.0,0.0,0.2499999925494193,2500.28515625,0.2850600481033325,2500.28515625,0.2499999925494193
2084,0.0,0.0,0.2499999925494193,2500.32958984375,0.3296077251434326,2500.32958984375,0.2499999925494193
2085,0.0,0.0,0.2499999925494193,2500.292724609375,0.2926781177520752,2500.292724609375,0.2499999925494193
2086,0.0,0.0,0.2499999925494193,2500.304443359375,0.3043553829193115,2500.304443359375,0.2499999925494193
2087,0.0,0.0,0.2499999925494193,2500.3447265625,0.34470105171203613,2500.3447265625,0.2499999925494193
2088,0.0,0.0,0.2499999925494193,2500.306884765625,0.30693483352661133,2500.306884765625,0.2499999925494193
2089,0.0,0.0,0.2499999925494193,2500.281982421875,0.2820700407028198,2500.281982421875,0.2499999925494193
2090,0.0,0.0,0.2499999925494193,2500.30126953125,0.30137133598327637,2500.30126953125,0.2499999925494193
2091,0.0,0.0,0.2499999925494193,2500.308837890625,0.3089369535446167,2500.308837890625,0.2499999925494193
2092,0.0,0.0,0.2499999925494193,2500.3212890625,0.32133030891418457,2500.3212890625,0.2499999925494193
2093,0.0,0.0,0.2499999925494193,2500.350830078125,0.3508636951446533,2500.350830078125,0.2499999925494193
2094,0.0,0.0,0.2499999925494193,2500.311279296875,0.3113492727279663,2500.311279296875,0.2499999925494193
2095,0.0,0.0,0.2499999925494193,2500.296875,0.2969168424606323,2500.296875,0.2499999925494193
2096,0.0,0.0,0.2499999925494193,2500.265380859375,0.265436053276062,2500.265380859375,0.2499999925494193
2097,0.0,0.0,0.2499999925494193,2500.36474609375,0.3648509979248047,2500.36474609375,0.2499999925494193
2098,0.0,0.0,0.2499999925494193,2500.30908203125,0.3091239929199219,2500.30908203125,0.2499999925494193
2099,0.0,0.0,0.2499999925494193,2500.288818359375,0.2887918949127197,2500.288818359375,0.2499999925494193
2100,0.0,0.0,0.2499999925494193,2500.300048828125,0.29993486404418945,2500.300048828125,0.2499999925494193
2101,0.0,0.0,0.2499999925494193,2500.385986328125,0.385898232460022,2500.385986328125,0.2499999925494193
2102,0.0,0.0,0.2499999925494193,2500.322509765625,0.3226132392883301,2500.322509765625,0.2499999925494193
2103,0.0,0.0,0.2499999925494193,2500.36376953125,0.36385464668273926,2500.36376953125,0.2499999925494193
2104,0.0,0.0,0.2499999925494193,2500.30712890625,0.30717265605926514,2500.30712890625,0.2499999925494193
2105,0.0,0.0,0.2499999925494193,2500.328369140625,0.32834017276763916,2500.328369140625,0.2499999925494193
2106,0.0,0.0,0.2499999925494193,2500.275634765625,0.27558469772338867,2500.275634765625,0.2499999925494193
2107,0.0,0.0,0.2499999925494193,2500.2431640625,0.24306416511535645,2500.2431640625,0.2499999925494193
2108,0.0,0.0,0.2499999925494193,2500.283447265625,0.283565878868103,2500.283447265625,0.2499999925494193
2109,0.0,0.0,0.2499999925494193,2500.310546875,0.31045424938201904,2500.310546875,0.2499999925494193
2110,0.0,0.0,0.2499999925494193,2500.338623046875,0.33870482444763184,2500.338623046875,0.2499999925494193
2111,0.0,0.0,0.2499999925494193,2500.318359375,0.31842148303985596,2500.318359375,0.2499999925494193
2112,0.0,0.0,0.2499999925494193,2500.29931640625,0.2993975877761841,2500.29931640625,0.2499999925494193
2113,0.0,0.0,0.2499999925494193,2500.264404296875,0.26442134380340576,2500.264404296875,0.2499999925494193
2114,0.0,0.0,0.2499999925494193,2500.29541015625,0.29547572135925293,2500.29541015625,0.2499999925494193
2115,0.0,0.0,0.2499999925494193,2500.291259765625,0.29120874404907227,2500.291259765625,0.2499999925494193
2116,0.0,0.0,0.2499999925494193,2500.364990234375,0.36505353450775146,2500.364990234375,0.2499999925494193
2117,0.0,0.0,0.2499999925494193,2500.306884765625,0.30694007873535156,2500.306884765625,0.2499999925494193
2118,0.0,0.0,0.2499999925494193,2500.28662109375,0.28660666942596436,2500.28662109375,0.2499999925494193
2119,0.0,0.0,0.2499999925494193,2500.301513671875,0.3015204668045044,2500.301513671875,0.2499999925494193
2120,0.0,0.0,0.2499999925494193,2500.292236328125,0.2922229766845703,2500.292236328125,0.2499999925494193
2121,0.0,0.0,0.2499999925494193,2500.279296875,0.2791842222213745,2500.279296875,0.2499999925494193
2122,0.0,0.0,0.2499999925494193,2500.344482421875,0.34436357021331787,2500.344482421875,0.2499999925494193
2123,0.0,0.0,0.2499999925494193,2500.34521484375,0.34525346755981445,2500.34521484375,0.2499999925494193
2124,0.0,0.0,0.2499999925494193,2500.33447265625,0.3344607353210449,2500.33447265625,0.2499999925494193
2125,0.0,0.0,0.2499999925494193,2500.267333984375,0.2672610282897949,2500.267333984375,0.2499999925494193
2126,0.0,0.0,0.2499999925494193,2500.312744140625,0.3127056360244751,2500.312744140625,0.2499999925494193
2127,0.0,0.0,0.2499999925494193,2500.246337890625,0.24627184867858887,2500.246337890625,0.2499999925494193
2128,0.0,0.0,0.2499999925494193,2500.331298828125,0.3313864469528198,2500.331298828125,0.2499999925494193
2129,0.0,0.0,0.2499999925494193,2500.27783203125,0.27776920795440674,2500.27783203125,0.2499999925494193
2130,0.0,0.0,0.2499999925494193,2500.307861328125,0.3077462911605835,2500.307861328125,0.2499999925494193
2131,0.0,0.0,0.2499999925494193,2500.269775390625,0.2697347402572632,2500.269775390625,0.2499999925494193
2132,0.0,0.0,0.2499999925494193,2500.326171875,0.3262070417404175,2500.326171875,0.2499999925494193
2133,0.0,0.0,0.2499999925494193,2500.27978515625,0.27969682216644287,2500.27978515625,0.2499999925494193
2134,0.0,0.0,0.2499999925494193,2500.31982421875,0.31991779804229736,2500.31982421875,0.2499999925494193
2135,0.0,0.0,0.20412413914855784,2500.3310546875,0.33110475540161133,2500.3310546875,0.20412413914855784
2136,0.0,0.0,0.2499999925494193,2500.307373046875,0.30725932121276855,2500.307373046875,0.2499999925494193
2137,0.0,0.0,0.2499999925494193,2500.30908203125,0.3089923858642578,2500.30908203125,0.2499999925494193
2138,0.0,0.0,0.2499999925494193,2500.290283203125,0.2901780605316162,2500.290283203125,0.2499999925494193
2139,0.0,0.0,0.2499999925494193,2500.332763671875,0.3326603174209595,2500.332763671875,0.2499999925494193
2140,0.0,0.0,0.2499999925494193,2500.32080078125,0.3208200931549072,2500.32080078125,0.2499999925494193
2141,0.0,0.0,0.2499999925494193,2500.318603515625,0.3185039758682251,2500.318603515625,0.2499999925494193
2142,0.0,0.0,0.2499999925494193,2500.345458984375,0.3455679416656494,2500.345458984375,0.2499999925494193
2143,0.0,0.0,0.2499999925494193,2500.268310546875,0.2683534622192383,2500.268310546875,0.2499999925494193
2144,0.0,0.0,0.2499999925494193,2500.279541015625,0.27964818477630615,2500.279541015625,0.2499999925494193
2145,0.0,0.0,0.2499999925494193,2500.292724609375,0.292738676071167,2500.292724609375,0.2499999925494193
2146,0.0,0.0,0.2499999925494193,2500.294921875,0.2948622703552246,2500.294921875,0.2499999925494193
2147,0.0,0.0,0.2499999925494193,2500.3173828125,0.31727147102355957,2500.3173828125,0.2499999925494193
2148,0.0,0.0,0.2499999925494193,2500.26171875,0.2618100643157959,2500.26171875,0.2499999925494193
2149,0.0,0.0,0.2499999925494193,2500.338134765625,0.33811521530151367,2500.338134765625,0.2499999925494193
2150,0.0,0.0,0.2499999925494193,2500.306396484375,0.30635344982147217,2500.306396484375,0.2499999925494193
2151,0.0,0.0,0.2499999925494193,2500.2783203125,0.2784053087234497,2500.2783203125,0.2499999925494193
2152,0.0,0.0,0.2499999925494193,2500.305419921875,0.3053399324417114,2500.305419921875,0.2499999925494193
2153,0.0,0.0,0.2499999925494193,2500.3046875,0.30467379093170166,2500.3046875,0.2499999925494193
2154,0.0,0.0,0.2499999925494193,2500.323486328125,0.3235107660293579,2500.323486328125,0.2499999925494193
2155,0.0,0.0,0.2499999925494193,2500.280517578125,0.28053605556488037,2500.280517578125,0.2499999925494193
2156,0.0,0.0,0.2499999925494193,2500.327880859375,0.3278017044067383,2500.327880859375,0.2499999925494193
2157,0.0,0.0,0.2499999925494193,2500.30029296875,0.30025768280029297,2500.30029296875,0.2499999925494193
2158,0.0,0.0,0.2499999925494193,2500.33203125,0.33191490173339844,2500.33203125,0.2499999925494193
2159,0.0,0.0,0.2499999925494193,2500.29345703125,0.29347681999206543,2500.29345703125,0.2499999925494193
2160,0.0,0.0,0.2499999925494193,2500.31982421875,0.3198636770248413,2500.31982421875,0.2499999925494193
2161,0.0,0.0,0.2499999925494193,2500.244384765625,0.2442992925643921,2500.244384765625,0.2499999925494193
2162,0.0,0.0,0.2499999925494193,2500.311279296875,0.3113042116165161,2500.311279296875,0.2499999925494193
2163,0.0,0.0,0.2499999925494193,2500.2685546875,0.26866424083709717,2500.2685546875,0.2499999925494193
2164,0.0,0.0,0.2499999925494193,2500.295166015625,0.29509592056274414,2500.295166015625,0.2499999925494193
2165,0.0,0.0,0.2499999925494193,2500.25830078125,0.2582453489303589,2500.25830078125,0.2499999925494193
2166,0.0,0.0,0.2499999925494193,2500.264404296875,0.2644003629684448,2500.264404296875,0.2499999925494193
2167,0.0,0.0,0.2499999925494193,2500.299560546875,0.2995954751968384,2500.299560546875,0.2499999925494193
2168,0.0,0.0,0.2499999925494193,2500.30615234375,0.3061697483062744,2500.30615234375,0.2499999925494193
2169,0.0,0.0,0.2499999925494193,2500.298583984375,0.29863905906677246,2500.298583984375,0.2499999925494193
2170,0.0,0.0,0.2499999925494193,2500.2783203125,0.2783564329147339,2500.2783203125,0.2499999925494193
2171,0.0,0.0,0.2499999925494193,2500.320556640625,0.32065021991729736,2500.320556640625,0.2499999925494193
2172,0.0,0.0,0.2499999925494193,2500.305419921875,0.3055381774902344,2500.305419921875,0.2499999925494193
2173,0.0,0.0,0.2499999925494193,2500.32080078125,0.32073116302490234,2500.32080078125,0.2499999925494193
2174,0.0,0.0,0.2499999925494193,2500.31640625,0.31649482250213623,2500.31640625,0.2499999925494193
2175,0.0,0.0,0.2499999925494193,2500.326171875,0.326119065284729,2500.326171875,0.2499999925494193
2176,0.0,0.0,0.2499999925494193,2500.307373046875,0.30741000175476074,2500.307373046875,0.2499999925494193
2177,0.0,0.0,0.2499999925494193,2500.285888671875,0.28583836555480957,2500.285888671875,0.2499999925494193
2178,0.0,0.0,0.2499999925494193,2500.29052734375,0.2904989719390869,2500.29052734375,0.2499999925494193
2179,0.0,0.0,0.2499999925494193,2500.33154296875,0.33154070377349854,2500.33154296875,0.2499999925494193
2180,0.0,0.0,0.2499999925494193,2500.342529296875,0.34242749214172363,2500.342529296875,0.2499999925494193
2181,0.0,0.0,0.2499999925494193,2500.30078125,0.3008289337158203,2500.30078125,0.2499999925494193
2182,0.0,0.0,0.2499999925494193,2500.297119140625,0.29721641540527344,2500.297119140625,0.2499999925494193
2183,0.0,0.0,0.2499999925494193,2500.306640625,0.3067469596862793,2500.306640625,0.2499999925494193
2184,0.0,0.0,0.2499999925494193,2500.287841796875,0.2878643274307251,2500.287841796875,0.2499999925494193
2185,0.0,0.0,0.2499999925494193,2500.277587890625,0.27757930755615234,2500.277587890625,0.2499999925494193
2186,0.0,0.0,0.2499999925494193,2500.306884765625,0.3068000078201294,2500.306884765625,0.2499999925494193
2187,0.0,0.0,0.2499999925494193,2500.339111328125,0.33919012546539307,2500.339111328125,0.2499999925494193
2188,0.0,0.0,0.2499999925494193,2500.33447265625,0.33456671237945557,2500.33447265625,0.2499999925494193
2189,0.0,0.0,0.2499999925494193,2500.305419921875,0.30546581745147705,2500.305419921875,0.2499999925494193
2190,0.0,0.0,0.2499999925494193,2500.269287109375,0.26922786235809326,2500.269287109375,0.2499999925494193
2191,0.0,0.0,0.2499999925494193,2500.2724609375,0.27248919010162354,2500.2724609375,0.2499999925494193
2192,0.0,0.0,0.2499999925494193,2500.286376953125,0.28635478019714355,2500.286376953125,0.2499999925494193
2193,0.0,0.0,0.2499999925494193,2500.2392578125,0.23922574520111084,2500.2392578125,0.2499999925494193
2194,0.0,0.0,0.2499999925494193,2500.29541015625,0.29530835151672363,2500.29541015625,0.2499999925494193
2195,0.0,0.0,0.2499999925494193,2500.2646484375,0.2647266387939453,2500.2646484375,0.2499999925494193
2196,0.0,0.0,0.2499999925494193,2500.347412109375,0.3474065065383911,2500.347412109375,0.2499999925494193
2197,0.0,0.0,0.2499999925494193,2500.287353515625,0.28723621368408203,2500.287353515625,0.2499999925494193
2198,0.0,0.0,0.2499999925494193,2500.31787109375,0.31787681579589844,2500.31787109375,0.2499999925494193
2199,0.0,0.0,0.2499999925494193,2500.3173828125,0.31730449199676514,2500.3173828125,0.2499999925494193
2200,0.0,0.0,0.2499999925494193,2500.300048828125,0.30009007453918457,2500.300048828125,0.2499999925494193
2201,0.0,0.0,0.2499999925494193,2500.302001953125,0.3020298480987549,2500.302001953125,0.2499999925494193
2202,0.0,0.0,0.2499999925494193,2500.3017578125,0.3017115592956543,2500.3017578125,0.2499999925494193
2203,0.0,0.0,0.2499999925494193,2500.29638671875,0.2963012456893921,2500.29638671875,0.2499999925494193
2204,0.0,0.0,0.2499999925494193,2500.329833984375,0.3297814130783081,2500.329833984375,0.2499999925494193
2205,0.0,0.0,0.2499999925494193,2500.326416015625,0.3263167142868042,2500.326416015625,0.2499999925494193
2206,0.0,0.0,0.2499999925494193,2500.289794921875,0.2897530794143677,2500.289794921875,0.2499999925494193
2207,0.0,0.0,0.2499999925494193,2500.2900390625,0.28995680809020996,2500.2900390625,0.2499999925494193
2208,0.0,0.0,0.2499999925494193,2500.29833984375,0.29839491844177246,2500.29833984375,0.2499999925494193
2209,0.0,0.0,0.2499999925494193,2500.319091796875,0.3191419839859009,2500.319091796875,0.2499999925494193
2210,0.0,0.0,0.2499999925494193,2500.34130859375,0.3413887023925781,2500.34130859375,0.2499999925494193
2211,0.0,0.0,0.2499999925494193,2500.31689453125,0.3168511390686035,2500.31689453125,0.2499999925494193
2212,0.0,0.0,0.2499999925494193,2500.313232421875,0.313309907913208,2500.313232421875,0.2499999925494193
2213,0.0,0.0,0.2499999925494193,2500.282470703125,0.28248631954193115,2500.282470703125,0.2499999925494193
2214,0.0,0.0,0.2499999925494193,2500.26171875,0.26162993907928467,2500.26171875,0.2499999925494193
2215,0.0,0.0,0.2499999925494193,2500.322265625,0.3221646547317505,2500.322265625,0.2499999925494193
2216,0.0,0.0,0.2499999925494193,2500.278076171875,0.27812743186950684,2500.278076171875,0.2499999925494193
2217,0.0,0.0,0.2499999925494193,2500.29736328125,0.2974039316177368,2500.29736328125,0.2499999925494193
2218,0.0,0.0,0.2499999925494193,2500.28759765625,0.2875247001647949,2500.28759765625,0.2499999925494193
2219,0.0,0.0,0.2499999925494193,2500.275146484375,0.2750910520553589,2500.275146484375,0.2499999925494193
2220,0.0,0.0,0.2499999925494193,2500.280517578125,0.28047072887420654,2500.280517578125,0.2499999925494193
2221,0.0,0.0,0.2499999925494193,2500.279296875,0.2793349027633667,2500.279296875,0.2499999925494193
2222,0.0,0.0,0.2499999925494193,2500.292236328125,0.2922389507293701,2500.292236328125,0.2499999925494193
2223,0.0,0.0,0.2499999925494193,2500.3037109375,0.3036998510360718,2500.3037109375,0.2499999925494193
2224,0.0,0.0,0.2499999925494193,2500.341064453125,0.34108424186706543,2500.341064453125,0.2499999925494193
2225,0.0,0.0,0.2499999925494193,2500.314208984375,0.3142545223236084,2500.314208984375,0.2499999925494193
2226,0.0,0.0,0.2499999925494193,2500.281005859375,0.28094005584716797,2500.281005859375,0.2499999925494193
2227,0.0,0.0,0.2499999925494193,2500.274658203125,0.27468037605285645,2500.274658203125,0.2499999925494193
2228,0.0,0.0,0.2499999925494193,2500.22509765625,0.22506463527679443,2500.22509765625,0.2499999925494193
2229,0.0,0.0,0.2499999925494193,2500.29443359375,0.29451441764831543,2500.29443359375,0.2499999925494193
2230,0.0,0.0,0.2499999925494193,2500.332275390625,0.33232736587524414,2500.332275390625,0.2499999925494193
2231,0.0,0.0,0.2499999925494193,2500.292236328125,0.29212725162506104,2500.292236328125,0.2499999925494193
2232,0.0,0.0,0.2499999925494193,2500.30859375,0.3085029125213623,2500.30859375,0.2499999925494193
2233,0.0,0.0,0.2499999925494193,2500.20751953125,0.20759713649749756,2500.20751953125,0.2499999925494193
2234,0.0,0.0,0.2499999925494193,2500.302001953125,0.3020380735397339,2500.302001953125,0.2499999925494193
2235,0.0,0.0,0.2499999925494193,2500.257568359375,0.2574727535247803,2500.257568359375,0.2499999925494193
2236,0.0,0.0,0.2499999925494193,2500.29541015625,0.2953296899795532,2500.29541015625,0.2499999925494193
2237,0.0,0.0,0.2499999925494193,2500.3095703125,0.3096250295639038,2500.3095703125,0.2499999925494193
2238,0.0,0.0,0.2499999925494193,2500.28271484375,0.2825939655303955,2500.28271484375,0.2499999925494193
2239,0.0,0.0,0.2499999925494193,2500.23291015625,0.23292052745819092,2500.23291015625,0.2499999925494193
2240,0.0,0.0,0.2499999925494193,2500.32861328125,0.32871925830841064,2500.32861328125,0.2499999925494193
2241,0.0,0.0,0.2499999925494193,2500.341552734375,0.34161674976348877,2500.341552734375,0.2499999925494193
2242,0.0,0.0,0.2499999925494193,2500.308349609375,0.3082696199417114,2500.308349609375,0.2499999925494193
2243,0.0,0.0,0.2499999925494193,2500.316650390625,0.316555380821228,2500.316650390625,0.2499999925494193
2244,0.0,0.0,0.2499999925494193,2500.287353515625,0.28737127780914307,2500.287353515625,0.2499999925494193
2245,0.0,0.0,0.2499999925494193,2500.26953125,0.2695159912109375,2500.26953125,0.2499999925494193
2246,0.0,0.0,0.2499999925494193,2500.296875,0.2969268560409546,2500.296875,0.2499999925494193
2247,0.0,0.0,0.2499999925494193,2500.27783203125,0.277820348739624,2500.27783203125,0.2499999925494193
2248,0.0,0.0,0.2499999925494193,2500.322265625,0.32227981090545654,2500.322265625,0.2499999925494193
2249,0.0,0.0,0.2499999925494193,2500.3564453125,0.3563905954360962,2500.3564453125,0.2499999925494193
2250,0.0,0.0,0.2499999925494193,2500.264892578125,0.26488053798675537,2500.264892578125,0.2499999925494193
2251,0.0,0.0,0.2499999925494193,2500.29052734375,0.29054713249206543,2500.29052734375,0.2499999925494193
2252,0.0,0.0,0.2499999925494193,2500.275146484375,0.27513062953948975,2500.275146484375,0.2499999925494193
2253,0.0,0.0,0.2499999925494193,2500.267578125,0.26751255989074707,2500.267578125,0.2499999925494193
2254,0.0,0.0,0.2499999925494193,2500.247802734375,0.24776220321655273,2500.247802734375,0.2499999925494193
2255,0.0,0.0,0.2499999925494193,2500.2353515625,0.23523902893066406,2500.2353515625,0.2499999925494193
2256,0.0,0.0,0.2499999925494193,2500.25390625,0.253986120223999,2500.25390625,0.2499999925494193
2257,0.0,0.0,0.2499999925494193,2500.302490234375,0.3025543689727783,2500.302490234375,0.2499999925494193
2258,0.0,0.0,0.2499999925494193,2500.29150390625,0.2915070056915283,2500.29150390625,0.2499999925494193
2259,0.0,0.0,0.2499999925494193,2500.322998046875,0.32304155826568604,2500.322998046875,0.2499999925494193
2260,0.0,0.0,0.2499999925494193,2500.296630859375,0.2967491149902344,2500.296630859375,0.2499999925494193
2261,0.0,0.0,0.2499999925494193,2500.257568359375,0.2576524019241333,2500.257568359375,0.2499999925494193
2262,0.0,0.0,0.2499999925494193,2500.280029296875,0.27993249893188477,2500.280029296875,0.2499999925494193
2263,0.0,0.0,0.2499999925494193,2500.26318359375,0.26328325271606445,2500.26318359375,0.2499999925494193
2264,0.0,0.0,0.2499999925494193,2500.27587890625,0.2759695053100586,2500.27587890625,0.2499999925494193
2265,0.0,0.0,0.2499999925494193,2500.2978515625,0.29778170585632324,2500.2978515625,0.2499999925494193
2266,0.0,0.0,0.2499999925494193,2500.29443359375,0.29446613788604736,2500.29443359375,0.2499999925494193
2267,0.0,0.0,0.2499999925494193,2500.305419921875,0.3055022954940796,2500.305419921875,0.2499999925494193
2268,0.0,0.0,0.2499999925494193,2500.2646484375,0.26465559005737305,2500.2646484375,0.2499999925494193
2269,0.0,0.0,0.2499999925494193,2500.315673828125,0.3156576156616211,2500.315673828125,0.2499999925494193
2270,0.0,0.0,0.2499999925494193,2500.3525390625,0.35255110263824463,2500.3525390625,0.2499999925494193
2271,0.0,0.0,0.2499999925494193,2500.28857421875,0.2884880304336548,2500.28857421875,0.2499999925494193
2272,0.0,0.0,0.2499999925494193,2500.257080078125,0.2570180892944336,2500.257080078125,0.2499999925494193
2273,0.0,0.0,0.2499999925494193,2500.265869140625,0.26598453521728516,2500.265869140625,0.2499999925494193
2274,0.0,0.0,0.2499999925494193,2500.26611328125,0.2661834955215454,2500.26611328125,0.2499999925494193
2275,0.0,0.0,0.2499999925494193,2500.246337890625,0.24623501300811768,2500.246337890625,0.2499999925494193
2276,0.0,0.0,0.2499999925494193,2500.30029296875,0.30031800270080566,2500.30029296875,0.2499999925494193
2277,0.0,0.0,0.2499999925494193,2500.276611328125,0.27672672271728516,2500.276611328125,0.2499999925494193
2278,0.0,0.0,0.2499999925494193,2500.271728515625,0.27176856994628906,2500.271728515625,0.2499999925494193
2279,0.0,0.0,0.2499999925494193,2500.22265625,0.2225414514541626,2500.22265625,0.2499999925494193
2280,0.0,0.0,0.2499999925494193,2500.28662109375,0.28654658794403076,2500.28662109375,0.2499999925494193
2281,0.0,0.0,0.2499999925494193,2500.29443359375,0.29436540603637695,2500.29443359375,0.2499999925494193
2282,0.0,0.0,0.2499999925494193,2500.254150390625,0.2542606592178345,2500.254150390625,0.2499999925494193
2283,0.0,0.0,0.2499999925494193,2500.273193359375,0.2732499837875366,2500.273193359375,0.2499999925494193
2284,0.0,0.0,0.2499999925494193,2500.348388671875,0.34846651554107666,2500.348388671875,0.2499999925494193
2285,0.0,0.0,0.2499999925494193,2500.26611328125,0.2661062479019165,2500.26611328125,0.2499999925494193
2286,0.0,0.0,0.2499999925494193,2500.25048828125,0.250508189201355,2500.25048828125,0.2499999925494193
2287,0.0,0.0,0.2499999925494193,2500.357666015625,0.35757434368133545,2500.357666015625,0.2499999925494193
2288,0.0,0.0,0.2499999925494193,2500.256103515625,0.2560662031173706,2500.256103515625,0.2499999925494193
2289,0.0,0.0,0.2499999925494193,2500.28857421875,0.2885829210281372,2500.28857421875,0.2499999925494193
2290,0.0,0.0,0.2499999925494193,2500.287353515625,0.28740108013153076,2500.287353515625,0.2499999925494193
2291,0.0,0.0,0.2499999925494193,2500.2724609375,0.27253055572509766,2500.2724609375,0.2499999925494193
2292,0.0,0.0,0.2499999925494193,2500.245849609375,0.24588024616241455,2500.245849609375,0.2499999925494193
2293,0.0,0.0,0.2499999925494193,2500.3076171875,0.30766475200653076,2500.3076171875,0.2499999925494193
2294,0.0,0.0,0.2499999925494193,2500.31103515625,0.3109501600265503,2500.31103515625,0.2499999925494193
2295,0.0,0.0,0.2499999925494193,2500.30712890625,0.3072030544281006,2500.30712890625,0.2499999925494193
2296,0.0,0.0,0.2499999925494193,2500.266357421875,0.2664448022842407,2500.266357421875,0.2499999925494193
2297,0.0,0.0,0.2499999925494193,2500.267822265625,0.26779985427856445,2500.267822265625,0.2499999925494193
2298,0.0,0.0,0.2499999925494193,2500.3115234375,0.3115975856781006,2500.3115234375,0.2499999925494193
2299,0.0,0.0,0.2499999925494193,2500.314208984375,0.3142355680465698,2500.314208984375,0.2499999925494193
2300,0.0,0.0,0.2499999925494193,2500.270751953125,0.2707897424697876,2500.270751953125,0.2499999925494193
2301,0.0,0.0,0.2499999925494193,2500.27880859375,0.2787141799926758,2500.27880859375,0.2499999925494193
2302,0.0,0.0,0.2499999925494193,2500.26806640625,0.26818251609802246,2500.26806640625,0.2499999925494193
2303,0.0,0.0,0.2499999925494193,2500.263671875,0.26364827156066895,2500.263671875,0.2499999925494193
2304,0.0,0.0,0.2499999925494193,2500.2763671875,0.2763676643371582,2500.2763671875,0.2499999925494193
2305,0.0,0.0,0.2499999925494193,2500.3291015625,0.3290923833847046,2500.3291015625,0.2499999925494193
2306,0.0,0.0,0.2499999925494193,2500.270751953125,0.27066612243652344,2500.270751953125,0.2499999925494193
2307,0.0,0.0,0.2499999925494193,2500.35302734375,0.3529263734817505,2500.35302734375,0.2499999925494193
2308,0.0,0.0,0.2499999925494193,2500.294677734375,0.2947530746459961,2500.294677734375,0.2499999925494193
2309,0.0,0.0,0.2499999925494193,2500.27978515625,0.27967655658721924,2500.27978515625,0.2499999925494193
2310,0.0,0.0,0.2499999925494193,2500.27001953125,0.2699244022369385,2500.27001953125,0.2499999925494193
2311,0.0,0.0,0.2499999925494193,2500.264892578125,0.2648735046386719,2500.264892578125,0.2499999925494193
2312,0.0,0.0,0.2499999925494193,2500.303955078125,0.30398857593536377,2500.303955078125,0.2499999925494193
2313,0.0,0.0,0.2499999925494193,2500.251220703125,0.2512706518173218,2500.251220703125,0.2499999925494193
2314,0.0,0.0,0.2499999925494193,2500.27783203125,0.27779722213745117,2500.27783203125,0.2499999925494193
2315,0.0,0.0,0.2499999925494193,2500.28369140625,0.2835901975631714,2500.28369140625,0.2499999925494193
2316,0.0,0.0,0.2499999925494193,2500.2685546875,0.26846063137054443,2500.2685546875,0.2499999925494193
2317,0.0,0.0,0.2499999925494193,2500.30029296875,0.3002922534942627,2500.30029296875,0.2499999925494193
2318,0.0,0.0,0.2499999925494193,2500.283203125,0.2831847667694092,2500.283203125,0.2499999925494193
2319,0.0,0.0,0.2499999925494193,2500.25634765625,0.2563931941986084,2500.25634765625,0.2499999925494193
2320,0.0,0.0,0.2499999925494193,2500.294921875,0.29480862617492676,2500.294921875,0.2499999925494193
2321,0.0,0.0,0.2499999925494193,2500.243408203125,0.2433016300201416,2500.243408203125,0.2499999925494193
2322,0.0,0.0,0.2499999925494193,2500.296142578125,0.2962454557418823,2500.296142578125,0.2499999925494193
2323,0.0,0.0,0.2499999925494193,2500.255615234375,0.2555001974105835,2500.255615234375,0.2499999925494193
2324,0.0,0.0,0.2499999925494193,2500.26904296875,0.2690157890319824,2500.26904296875,0.2499999925494193
2325,0.0,0.0,0.2499999925494193,2500.33642578125,0.3363739252090454,2500.33642578125,0.2499999925494193
2326,0.0,0.0,0.2499999925494193,2500.2509765625,0.25095152854919434,2500.2509765625,0.2499999925494193
2327,0.0,0.0,0.2499999925494193,2500.280029296875,0.2801039218902588,2500.280029296875,0.2499999925494193
2328,0.0,0.0,0.2499999925494193,2500.25439453125,0.25446951389312744,2500.25439453125,0.2499999925494193
2329,0.0,0.0,0.2499999925494193,2500.2939453125,0.29399704933166504,2500.2939453125,0.2499999925494193
2330,0.0,0.0,0.2499999925494193,2500.2900390625,0.2901463508605957,2500.2900390625,0.2499999925494193
2331,0.0,0.0,0.2499999925494193,2500.3193359375,0.31942760944366455,2500.3193359375,0.2499999925494193
2332,0.0,0.0,0.2499999925494193,2500.22021484375,0.22024595737457275,2500.22021484375,0.2499999925494193
2333,0.0,0.0,0.2499999925494193,2500.26318359375,0.2632709741592407,2500.26318359375,0.2499999925494193
2334,0.0,0.0,0.2499999925494193,2500.25,0.24997317790985107,2500.25,0.2499999925494193
2335,0.0,0.0,0.2499999925494193,2500.263671875,0.2637709379196167,2500.263671875,0.2499999925494193
2336,0.0,0.0,0.2499999925494193,2500.316650390625,0.31669163703918457,2500.316650390625,0.2499999925494193
2337,0.0,0.0,0.2499999925494193,2500.292236328125,0.2923557758331299,2500.292236328125,0.2499999925494193
2338,0.0,0.0,0.2499999925494193,2500.29638671875,0.2962881326675415,2500.29638671875,0.2499999925494193
2339,0.0,0.0,0.2499999925494193,2500.2939453125,0.2939727306365967,2500.2939453125,0.2499999925494193
2340,0.0,0.0,0.2499999925494193,2500.323486328125,0.3235628604888916,2500.323486328125,0.2499999925494193
2341,0.0,0.0,0.2499999925494193,2500.210205078125,0.21015596389770508,2500.210205078125,0.2499999925494193
2342,0.0,0.0,0.2499999925494193,2500.2861328125,0.28624916076660156,2500.2861328125,0.2499999925494193
2343,0.0,0.0,0.2499999925494193,2500.213134765625,0.2132500410079956,2500.213134765625,0.2499999925494193
2344,0.0,0.0,0.2499999925494193,2500.313720703125,0.3137660026550293,2500.313720703125,0.2499999925494193
2345,0.0,0.0,0.2499999925494193,2500.263671875,0.26360225677490234,2500.263671875,0.2499999925494193
2346,0.0,0.0,0.2499999925494193,2500.2509765625,0.2510068416595459,2500.2509765625,0.2499999925494193
2347,0.0,0.0,0.2499999925494193,2500.296630859375,0.2965744733810425,2500.296630859375,0.2499999925494193
2348,0.0,0.0,0.2499999925494193,2500.231201171875,0.23123979568481445,2500.231201171875,0.2499999925494193
2349,0.0,0.0,0.2499999925494193,2500.30126953125,0.3013589382171631,2500.30126953125,0.2499999925494193
2350,0.0,0.0,0.2499999925494193,2500.291748046875,0.29174745082855225,2500.291748046875,0.2499999925494193
2351,0.0,0.0,0.2499999925494193,2500.27392578125,0.27380549907684326,2500.27392578125,0.2499999925494193
2352,0.0,0.0,0.2499999925494193,2500.283447265625,0.2835230827331543,2500.283447265625,0.2499999925494193
2353,0.0,0.0,0.2499999925494193,2500.279541015625,0.2795836925506592,2500.279541015625,0.2499999925494193
2354,0.0,0.0,0.2499999925494193,2500.25341796875,0.25330662727355957,2500.25341796875,0.2499999925494193
2355,0.0,0.0,0.2499999925494193,2500.251708984375,0.2518184185028076,2500.251708984375,0.2499999925494193
2356,0.0,0.0,0.2499999925494193,2500.272705078125,0.27259278297424316,2500.272705078125,0.2499999925494193
2357,0.0,0.0,0.2499999925494193,2500.2666015625,0.2665201425552368,2500.2666015625,0.2499999925494193
2358,0.0,0.0,0.2499999925494193,2500.2431640625,0.2432626485824585,2500.2431640625,0.2499999925494193
2359,0.0,0.0,0.2499999925494193,2500.259033203125,0.2590198516845703,2500.259033203125,0.2499999925494193
2360,0.0,0.0,0.2499999925494193,2500.31591796875,0.31595516204833984,2500.31591796875,0.2499999925494193
2361,0.0,0.0,0.2499999925494193,2500.251220703125,0.2513155937194824,2500.251220703125,0.2499999925494193
2362,0.0,0.0,0.2499999925494193,2500.255126953125,0.2551461458206177,2500.255126953125,0.2499999925494193
2363,0.0,0.0,0.2499999925494193,2500.267333984375,0.26733720302581787,2500.267333984375,0.2499999925494193
2364,0.0,0.0,0.2499999925494193,2500.314208984375,0.31426095962524414,2500.314208984375,0.2499999925494193
2365,0.0,0.0,0.2499999925494193,2500.286865234375,0.28694987297058105,2500.286865234375,0.2499999925494193
2366,0.0,0.0,0.2499999925494193,2500.27001953125,0.2700042724609375,2500.27001953125,0.2499999925494193
2367,0.0,0.0,0.2499999925494193,2500.292724609375,0.2928450107574463,2500.292724609375,0.2499999925494193
2368,0.0,0.0,0.2499999925494193,2500.266357421875,0.26636481285095215,2500.266357421875,0.2499999925494193
2369,0.0,0.0,0.2499999925494193,2500.25146484375,0.25145280361175537,2500.25146484375,0.2499999925494193
2370,0.0,0.0,0.2499999925494193,2500.228759765625,0.22865164279937744,2500.228759765625,0.2499999925494193
2371,0.0,0.0,0.2499999925494193,2500.2705078125,0.27062344551086426,2500.2705078125,0.2499999925494193
2372,0.0,0.0,0.2499999925494193,2500.308837890625,0.30874741077423096,2500.308837890625,0.2499999925494193
2373,0.0,0.0,0.2499999925494193,2500.28125,0.2812042236328125,2500.28125,0.2499999925494193
2374,0.0,0.0,0.2499999925494193,2500.23876953125,0.23875892162322998,2500.23876953125,0.2499999925494193
2375,0.0,0.0,0.2499999925494193,2500.263671875,0.2636369466781616,2500.263671875,0.2499999925494193
2376,0.0,0.0,0.2499999925494193,2500.2451171875,0.24506330490112305,2500.2451171875,0.2499999925494193
2377,0.0,0.0,0.2499999925494193,2500.2255859375,0.22567224502563477,2500.2255859375,0.2499999925494193
2378,0.0,0.0,0.2499999925494193,2500.2841796875,0.28428804874420166,2500.2841796875,0.2499999925494193
2379,0.0,0.0,0.2499999925494193,2500.284912109375,0.28479182720184326,2500.284912109375,0.2499999925494193
2380,0.0,0.0,0.2499999925494193,2500.273193359375,0.27320587635040283,2500.273193359375,0.2499999925494193
2381,0.0,0.0,0.2499999925494193,2500.25439453125,0.2543625831604004,2500.25439453125,0.2499999925494193
2382,0.0,0.0,0.2499999925494193,2500.293701171875,0.2937624454498291,2500.293701171875,0.2499999925494193
2383,0.0,0.0,0.2499999925494193,2500.255615234375,0.25551021099090576,2500.255615234375,0.2499999925494193
2384,0.0,0.0,0.2499999925494193,2500.28955078125,0.28967201709747314,2500.28955078125,0.2499999925494193
2385,0.0,0.0,0.2499999925494193,2500.250732421875,0.25064146518707275,2500.250732421875,0.2499999925494193
2386,0.0,0.0,0.2499999925494193,2500.317138671875,0.31715917587280273,2500.317138671875,0.2499999925494193
2387,0.0,0.0,0.2499999925494193,2500.254638671875,0.2546579837799072,2500.254638671875,0.2499999925494193
2388,0.0,0.0,0.2499999925494193,2500.225830078125,0.2257627248764038,2500.225830078125,0.2499999925494193
2389,0.0,0.0,0.2499999925494193,2500.23583984375,0.23590874671936035,2500.23583984375,0.2499999925494193
2390,0.0,0.0,0.2499999925494193,2500.247802734375,0.24786055088043213,2500.247802734375,0.2499999925494193
2391,0.0,0.0,0.2499999925494193,2500.267333984375,0.26741576194763184,2500.267333984375,0.2499999925494193
2392,0.0,0.0,0.2499999925494193,2500.224609375,0.2245032787322998,2500.224609375,0.2499999925494193
2393,0.0,0.0,0.2499999925494193,2500.294677734375,0.2947927713394165,2500.294677734375,0.2499999925494193
2394,0.0,0.0,0.2499999925494193,2500.28369140625,0.2835843563079834,2500.28369140625,0.2499999925494193
2395,0.0,0.0,0.2499999925494193,2500.299560546875,0.2996119260787964,2500.299560546875,0.2499999925494193
2396,0.0,0.0,0.2499999925494193,2500.2548828125,0.25479865074157715,2500.2548828125,0.2499999925494193
2397,0.0,0.0,0.2499999925494193,2500.276611328125,0.2767289876937866,2500.276611328125,0.2499999925494193
2398,0.0,0.0,0.2499999925494193,2500.21826171875,0.21832334995269775,2500.21826171875,0.2499999925494193
2399,0.0,0.0,0.2499999925494193,2500.215576171875,0.21557533740997314,2500.215576171875,0.2499999925494193
2400,0.0,0.0,0.2499999925494193,2500.24658203125,0.24647974967956543,2500.24658203125,0.2499999925494193
2401,0.0,0.0,0.2499999925494193,2500.240478515625,0.24055719375610352,2500.240478515625,0.2499999925494193
2402,0.0,0.0,0.20412413914855784,2500.288818359375,0.2887403964996338,2500.288818359375,0.20412413914855784
2403,0.0,0.0,0.2499999925494193,2500.26220703125,0.2621955871582031,2500.26220703125,0.2499999925494193
2404,0.0,0.0,0.2499999925494193,2500.2626953125,0.2627214193344116,2500.2626953125,0.2499999925494193
2405,0.0,0.0,0.2499999925494193,2500.306396484375,0.30646514892578125,2500.306396484375,0.2499999925494193
2406,0.0,0.0,0.2499999925494193,2500.260009765625,0.2599663734436035,2500.260009765625,0.2499999925494193
2407,0.0,0.0,0.2499999925494193,2500.262939453125,0.2629939317703247,2500.262939453125,0.2499999925494193
2408,0.0,0.0,0.2499999925494193,2500.264404296875,0.2644064426422119,2500.264404296875,0.2499999925494193
2409,0.0,0.0,0.2499999925494193,2500.255126953125,0.25510144233703613,2500.255126953125,0.2499999925494193
2410,0.0,0.0,0.2499999925494193,2500.28173828125,0.2817811965942383,2500.28173828125,0.2499999925494193
2411,0.0,0.0,0.2499999925494193,2500.24951171875,0.24950480461120605,2500.24951171875,0.2499999925494193
2412,0.0,0.0,0.2499999925494193,2500.3037109375,0.30364489555358887,2500.3037109375,0.2499999925494193
2413,0.0,0.0,0.2499999925494193,2500.2890625,0.2891618013381958,2500.2890625,0.2499999925494193
2414,0.0,0.0,0.2499999925494193,2500.263916015625,0.26385998725891113,2500.263916015625,0.2499999925494193
2415,0.0,0.0,0.2499999925494193,2500.283447265625,0.2834721803665161,2500.283447265625,0.2499999925494193
2416,0.0,0.0,0.2499999925494193,2500.260498046875,0.26050710678100586,2500.260498046875,0.2499999925494193
2417,0.0,0.0,0.2499999925494193,2500.28173828125,0.281771183013916,2500.28173828125,0.2499999925494193
2418,0.0,0.0,0.2499999925494193,2500.28955078125,0.28966832160949707,2500.28955078125,0.2499999925494193
2419,0.0,0.0,0.2499999925494193,2500.26953125,0.2694435119628906,2500.26953125,0.2499999925494193
2420,0.0,0.0,0.2499999925494193,2500.215087890625,0.21509814262390137,2500.215087890625,0.2499999925494193
2421,0.0,0.0,0.2499999925494193,2500.265380859375,0.265356183052063,2500.265380859375,0.2499999925494193
2422,0.0,0.0,0.2499999925494193,2500.290283203125,0.2904013395309448,2500.290283203125,0.2499999925494193
2423,0.0,0.0,0.2499999925494193,2500.29345703125,0.29333949089050293,2500.29345703125,0.2499999925494193
2424,0.0,0.0,0.2499999925494193,2500.3203125,0.3202420473098755,2500.3203125,0.2499999925494193
2425,0.0,0.0,0.2499999925494193,2500.333740234375,0.333620548248291,2500.333740234375,0.2499999925494193
2426,0.0,0.0,0.2499999925494193,2500.276611328125,0.2767089605331421,2500.276611328125,0.2499999925494193
2427,0.0,0.0,0.2499999925494193,2500.29541015625,0.2954646348953247,2500.29541015625,0.2499999925494193
2428,0.0,0.0,0.2499999925494193,2500.29345703125,0.2935068607330322,2500.29345703125,0.2499999925494193
2429,0.0,0.0,0.2499999925494193,2500.2392578125,0.23915326595306396,2500.2392578125,0.2499999925494193
2430,0.0,0.0,0.2499999925494193,2500.2138671875,0.21396994590759277,2500.2138671875,0.2499999925494193
2431,0.0,0.0,0.2499999925494193,2500.273681640625,0.27362120151519775,2500.273681640625,0.2499999925494193
2432,0.0,0.0,0.2499999925494193,2500.265625,0.26566147804260254,2500.265625,0.2499999925494193
2433,0.0,0.0,0.2499999925494193,2500.25634765625,0.2562408447265625,2500.25634765625,0.2499999925494193
2434,0.0,0.0,0.2499999925494193,2500.2666015625,0.26657891273498535,2500.2666015625,0.2499999925494193
2435,0.0,0.0,0.2499999925494193,2500.277587890625,0.2774786949157715,2500.277587890625,0.2499999925494193
2436,0.0,0.0,0.2499999925494193,2500.293701171875,0.29364967346191406,2500.293701171875,0.2499999925494193
2437,0.0,0.0,0.2499999925494193,2500.257080078125,0.25698649883270264,2500.257080078125,0.2499999925494193
2438,0.0,0.0,0.2499999925494193,2500.241943359375,0.24195218086242676,2500.241943359375,0.2499999925494193
2439,0.0,0.0,0.2499999925494193,2500.255126953125,0.2551795244216919,2500.255126953125,0.2499999925494193
2440,0.0,0.0,0.2499999925494193,2500.267822265625,0.26771438121795654,2500.267822265625,0.2499999925494193
2441,0.0,0.0,0.2499999925494193,2500.26611328125,0.26615822315216064,2500.26611328125,0.2499999925494193
2442,0.0,0.0,0.2499999925494193,2500.215576171875,0.215484619140625,2500.215576171875,0.2499999925494193
2443,0.0,0.0,0.2499999925494193,2500.31298828125,0.312933087348938,2500.31298828125,0.2499999925494193
2444,0.0,0.0,0.2499999925494193,2500.21875,0.21868455410003662,2500.21875,0.2499999925494193
2445,0.0,0.0,0.2499999925494193,2500.2548828125,0.25480377674102783,2500.2548828125,0.2499999925494193
2446,0.0,0.0,0.2499999925494193,2500.213623046875,0.21365654468536377,2500.213623046875,0.2499999925494193
2447,0.0,0.0,0.2499999925494193,2500.296142578125,0.29615259170532227,2500.296142578125,0.2499999925494193
2448,0.0,0.0,0.2499999925494193,2500.28271484375,0.2826964855194092,2500.28271484375,0.2499999925494193
2449,0.0,0.0,0.2499999925494193,2500.281982421875,0.28200435638427734,2500.281982421875,0.2499999925494193
2450,0.0,0.0,0.2499999925494193,2500.287353515625,0.28746485710144043,2500.287353515625,0.2499999925494193
2451,0.0,0.0,0.2499999925494193,2500.247802734375,0.24778151512145996,2500.247802734375,0.2499999925494193
2452,0.0,0.0,0.2499999925494193,2500.2861328125,0.2861897945404053,2500.2861328125,0.2499999925494193
2453,0.0,0.0,0.2499999925494193,2500.336181640625,0.3361321687698364,2500.336181640625,0.2499999925494193
2454,0.0,0.0,0.2499999925494193,2500.267578125,0.2676886320114136,2500.267578125,0.2499999925494193
2455,0.0,0.0,0.2499999925494193,2500.279052734375,0.2789731025695801,2500.279052734375,0.2499999925494193
2456,0.0,0.0,0.2499999925494193,2500.263916015625,0.26384711265563965,2500.263916015625,0.2499999925494193
2457,0.0,0.0,0.2499999925494193,2500.31298828125,0.3130323886871338,2500.31298828125,0.2499999925494193
2458,0.0,0.0,0.2499999925494193,2500.2421875,0.24211585521697998,2500.2421875,0.2499999925494193
2459,0.0,0.0,0.2499999925494193,2500.236083984375,0.23598825931549072,2500.236083984375,0.2499999925494193
2460,0.0,0.0,0.2499999925494193,2500.274169921875,0.27407121658325195,2500.274169921875,0.2499999925494193
2461,0.0,0.0,0.2499999925494193,2500.28271484375,0.28265345096588135,2500.28271484375,0.2499999925494193
2462,0.0,0.0,0.2499999925494193,2500.23681640625,0.23684918880462646,2500.23681640625,0.2499999925494193
2463,0.0,0.0,0.2499999925494193,2500.220458984375,0.22034919261932373,2500.220458984375,0.2499999925494193
2464,0.0,0.0,0.2499999925494193,2500.229736328125,0.22983324527740479,2500.229736328125,0.2499999925494193
2465,0.0,0.0,0.2499999925494193,2500.25341796875,0.2533468008041382,2500.25341796875,0.2499999925494193
2466,0.0,0.0,0.2499999925494193,2500.22998046875,0.22990751266479492,2500.22998046875,0.2499999925494193
2467,0.0,0.0,0.2499999925494193,2500.25146484375,0.25146484375,2500.25146484375,0.2499999925494193
2468,0.0,0.0,0.2499999925494193,2500.25244140625,0.2525482177734375,2500.25244140625,0.2499999925494193
2469,0.0,0.0,0.2499999925494193,2500.24267578125,0.24264609813690186,2500.24267578125,0.2499999925494193
2470,0.0,0.0,0.2499999925494193,2500.2568359375,0.25686192512512207,2500.2568359375,0.2499999925494193
2471,0.0,0.0,0.2499999925494193,2500.26123046875,0.2612416744232178,2500.26123046875,0.2499999925494193
2472,0.0,0.0,0.2499999925494193,2500.26025390625,0.26035821437835693,2500.26025390625,0.2499999925494193
2473,0.0,0.0,0.2499999925494193,2500.24853515625,0.24847376346588135,2500.24853515625,0.2499999925494193
2474,0.0,0.0,0.2499999925494193,2500.2685546875,0.26847410202026367,2500.2685546875,0.2499999925494193
2475,0.0,0.0,0.2499999925494193,2500.236083984375,0.23597931861877441,2500.236083984375,0.2499999925494193
2476,0.0,0.0,0.2499999925494193,2500.3330078125,0.3330421447753906,2500.3330078125,0.2499999925494193
2477,0.0,0.0,0.2499999925494193,2500.2880859375,0.2879829406738281,2500.2880859375,0.2499999925494193
2478,0.0,0.0,0.2499999925494193,2500.23193359375,0.23198926448822021,2500.23193359375,0.2499999925494193
2479,0.0,0.0,0.2499999925494193,2500.235107421875,0.23506271839141846,2500.235107421875,0.2499999925494193
2480,0.0,0.0,0.2499999925494193,2500.269775390625,0.2698547840118408,2500.269775390625,0.2499999925494193
2481,0.0,0.0,0.2499999925494193,2500.228759765625,0.22881090641021729,2500.228759765625,0.2499999925494193
2482,0.0,0.0,0.2499999925494193,2500.2470703125,0.24696767330169678,2500.2470703125,0.2499999925494193
2483,0.0,0.0,0.2499999925494193,2500.24560546875,0.24553656578063965,2500.24560546875,0.2499999925494193
2484,0.0,0.0,0.2499999925494193,2500.30908203125,0.30904364585876465,2500.30908203125,0.2499999925494193
2485,0.0,0.0,0.2499999925494193,2500.242919921875,0.24300825595855713,2500.242919921875,0.2499999925494193
2486,0.0,0.0,0.2499999925494193,2500.265625,0.2656317949295044,2500.265625,0.2499999925494193
2487,0.0,0.0,0.2499999925494193,2500.304443359375,0.304437518119812,2500.304443359375,0.2499999925494193
2488,0.0,0.0,0.2499999925494193,2500.291015625,0.29108500480651855,2500.291015625,0.2499999925494193
2489,0.0,0.0,0.2499999925494193,2500.26611328125,0.2661304473876953,2500.26611328125,0.2499999925494193
2490,0.0,0.0,0.2499999925494193,2500.262939453125,0.2629328966140747,2500.262939453125,0.2499999925494193
2491,0.0,0.0,0.2499999925494193,2500.232177734375,0.23207604885101318,2500.232177734375,0.2499999925494193
2492,0.0,0.0,0.2499999925494193,2500.246826171875,0.24680793285369873,2500.246826171875,0.2499999925494193
2493,0.0,0.0,0.2499999925494193,2500.257080078125,0.2569723129272461,2500.257080078125,0.2499999925494193
2494,0.0,0.0,0.2499999925494193,2500.208984375,0.20894873142242432,2500.208984375,0.2499999925494193
2495,0.0,0.0,0.2499999925494193,2500.22265625,0.22276544570922852,2500.22265625,0.2499999925494193
2496,0.0,0.0,0.2499999925494193,2500.274658203125,0.27476656436920166,2500.274658203125,0.2499999925494193
2497,0.0,0.0,0.2499999925494193,2500.2548828125,0.2549569606781006,2500.2548828125,0.2499999925494193
2498,0.0,0.0,0.2499999925494193,2500.2705078125,0.2704496383666992,2500.2705078125,0.2499999925494193
2499,0.0,0.0,0.2499999925494193,2500.26416015625,0.264121413230896,2500.26416015625,0.2499999925494193
2500,0.0,0.0,0.2499999925494193,2500.234375,0.2344520092010498,2500.234375,0.2499999925494193
2501,0.0,0.0,0.2499999925494193,2500.21826171875,0.21816837787628174,2500.21826171875,0.2499999925494193
2502,0.0,0.0,0.2499999925494193,2500.299560546875,0.29947996139526367,2500.299560546875,0.2499999925494193
2503,0.0,0.0,0.2499999925494193,2500.2578125,0.2576935291290283,2500.2578125,0.2499999925494193
2504,0.0,0.0,0.2499999925494193,2500.23583984375,0.2358872890472412,2500.23583984375,0.2499999925494193
2505,0.0,0.0,0.2499999925494193,2500.271728515625,0.27163076400756836,2500.271728515625,0.2499999925494193
2506,0.0,0.0,0.2499999925494193,2500.20068359375,0.2006908655166626,2500.20068359375,0.2499999925494193
2507,0.0,0.0,0.2499999925494193,2500.2578125,0.25781726837158203,2500.2578125,0.2499999925494193
2508,0.0,0.0,0.2499999925494193,2500.270751953125,0.2706577777862549,2500.270751953125,0.2499999925494193
2509,0.0,0.0,0.2499999925494193,2500.245849609375,0.2459186315536499,2500.245849609375,0.2499999925494193
2510,0.0,0.0,0.2499999925494193,2500.278564453125,0.27862250804901123,2500.278564453125,0.2499999925494193
2511,0.0,0.0,0.2499999925494193,2500.24951171875,0.24940073490142822,2500.24951171875,0.2499999925494193
2512,0.0,0.0,0.2499999925494193,2500.199462890625,0.19949042797088623,2500.199462890625,0.2499999925494193
2513,0.0,0.0,0.2499999925494193,2500.2548828125,0.25482285022735596,2500.2548828125,0.2499999925494193
2514,0.0,0.0,0.2499999925494193,2500.27392578125,0.273891806602478,2500.27392578125,0.2499999925494193
2515,0.0,0.0,0.2499999925494193,2500.274169921875,0.27410173416137695,2500.274169921875,0.2499999925494193
2516,0.0,0.0,0.2499999925494193,2500.255859375,0.25581157207489014,2500.255859375,0.2499999925494193
2517,0.0,0.0,0.2499999925494193,2500.26123046875,0.2612795829772949,2500.26123046875,0.2499999925494193
2518,0.0,0.0,0.2499999925494193,2500.268798828125,0.26871657371520996,2500.268798828125,0.2499999925494193
2519,0.0,0.0,0.2499999925494193,2500.307861328125,0.3078474998474121,2500.307861328125,0.2499999925494193
2520,0.0,0.0,0.2499999925494193,2500.259765625,0.2596626281738281,2500.259765625,0.2499999925494193
2521,0.0,0.0,0.2499999925494193,2500.24267578125,0.24265038967132568,2500.24267578125,0.2499999925494193
2522,0.0,0.0,0.2499999925494193,2500.263671875,0.26378345489501953,2500.263671875,0.2499999925494193
2523,0.0,0.0,0.2499999925494193,2500.277099609375,0.27705109119415283,2500.277099609375,0.2499999925494193
2524,0.0,0.0,0.2499999925494193,2500.214599609375,0.21461081504821777,2500.214599609375,0.2499999925494193
2525,0.0,0.0,0.2499999925494193,2500.236572265625,0.23645234107971191,2500.236572265625,0.2499999925494193
2526,0.0,0.0,0.2499999925494193,2500.2373046875,0.23722636699676514,2500.2373046875,0.2499999925494193
2527,0.0,0.0,0.2499999925494193,2500.2783203125,0.27828896045684814,2500.2783203125,0.2499999925494193
2528,0.0,0.0,0.2499999925494193,2500.263671875,0.263586163520813,2500.263671875,0.2499999925494193
2529,0.0,0.0,0.2499999925494193,2500.260986328125,0.2610365152359009,2500.260986328125,0.2499999925494193
2530,0.0,0.0,0.2499999925494193,2500.31884765625,0.3187485933303833,2500.31884765625,0.2499999925494193
2531,0.0,0.0,0.2499999925494193,2500.22216796875,0.22213006019592285,2500.22216796875,0.2499999925494193
2532,0.0,0.0,0.2499999925494193,2500.205322265625,0.20537447929382324,2500.205322265625,0.2499999925494193
2533,0.0,0.0,0.2499999925494193,2500.284423828125,0.2845243215560913,2500.284423828125,0.2499999925494193
2534,0.0,0.0,0.2499999925494193,2500.272705078125,0.2727334499359131,2500.272705078125,0.2499999925494193
2535,0.0,0.0,0.2499999925494193,2500.20458984375,0.20449590682983398,2500.20458984375,0.2499999925494193
2536,0.0,0.0,0.2499999925494193,2500.260498046875,0.2604304552078247,2500.260498046875,0.2499999925494193
2537,0.0,0.0,0.2499999925494193,2500.26953125,0.2694132328033447,2500.26953125,0.2499999925494193
2538,0.0,0.0,0.2499999925494193,2500.24365234375,0.2435852289199829,2500.24365234375,0.2499999925494193
2539,0.0,0.0,0.2499999925494193,2500.29541015625,0.2954295873641968,2500.29541015625,0.2499999925494193
2540,0.0,0.0,0.2499999925494193,2500.216064453125,0.2159947156906128,2500.216064453125,0.2499999925494193
2541,0.0,0.0,0.2499999925494193,2500.263916015625,0.2638258934020996,2500.263916015625,0.2499999925494193
2542,0.0,0.0,0.2499999925494193,2500.193359375,0.19325172901153564,2500.193359375,0.2499999925494193
2543,0.0,0.0,0.2499999925494193,2500.261962890625,0.26188576221466064,2500.261962890625,0.2499999925494193
2544,0.0,0.0,0.2499999925494193,2500.21728515625,0.21737539768218994,2500.21728515625,0.2499999925494193
2545,0.0,0.0,0.2499999925494193,2500.21142578125,0.21146392822265625,2500.21142578125,0.2499999925494193
2546,0.0,0.0,0.2499999925494193,2500.23828125,0.23831391334533691,2500.23828125,0.2499999925494193
2547,0.0,0.0,0.2499999925494193,2500.28515625,0.28507447242736816,2500.28515625,0.2499999925494193
2548,0.0,0.0,0.2499999925494193,2500.23681640625,0.23684298992156982,2500.23681640625,0.2499999925494193
2549,0.0,0.0,0.2499999925494193,2500.285400390625,0.2854496240615845,2500.285400390625,0.2499999925494193
2550,0.0,0.0,0.2499999925494193,2500.2666015625,0.26648080348968506,2500.2666015625,0.2499999925494193
2551,0.0,0.0,0.2499999925494193,2500.24755859375,0.24751543998718262,2500.24755859375,0.2499999925494193
2552,0.0,0.0,0.2499999925494193,2500.253662109375,0.2537496089935303,2500.253662109375,0.2499999925494193
2553,0.0,0.0,0.2499999925494193,2500.27587890625,0.27580559253692627,2500.27587890625,0.2499999925494193
2554,0.0,0.0,0.2499999925494193,2500.294677734375,0.29458069801330566,2500.294677734375,0.2499999925494193
2555,0.0,0.0,0.2499999925494193,2500.22802734375,0.2280212640762329,2500.22802734375,0.2499999925494193
2556,0.0,0.0,0.2499999925494193,2500.21484375,0.2147747278213501,2500.21484375,0.2499999925494193
2557,0.0,0.0,0.2499999925494193,2500.28955078125,0.2896305322647095,2500.28955078125,0.2499999925494193
2558,0.0,0.0,0.2499999925494193,2500.2138671875,0.21394944190979004,2500.2138671875,0.2499999925494193
2559,0.0,0.0,0.2499999925494193,2500.2529296875,0.25300920009613037,2500.2529296875,0.2499999925494193
2560,0.0,0.0,0.2499999925494193,2500.202392578125,0.20249080657958984,2500.202392578125,0.2499999925494193
2561,0.0,0.0,0.2499999925494193,2500.267822265625,0.2677832841873169,2500.267822265625,0.2499999925494193
2562,0.0,0.0,0.2499999925494193,2500.2958984375,0.29588747024536133,2500.2958984375,0.2499999925494193
2563,0.0,0.0,0.2499999925494193,2500.247314453125,0.2472449541091919,2500.247314453125,0.2499999925494193
2564,0.0,0.0,0.2499999925494193,2500.244140625,0.24409699440002441,2500.244140625,0.2499999925494193
2565,0.0,0.0,0.2499999925494193,2500.23193359375,0.23193609714508057,2500.23193359375,0.2499999925494193
2566,0.0,0.0,0.2499999925494193,2500.2255859375,0.2256014347076416,2500.2255859375,0.2499999925494193
2567,0.0,0.0,0.2499999925494193,2500.2578125,0.2576944828033447,2500.2578125,0.2499999925494193
2568,0.0,0.0,0.2499999925494193,2500.250732421875,0.2508124113082886,2500.250732421875,0.2499999925494193
2569,0.0,0.0,0.2499999925494193,2500.1787109375,0.17879235744476318,2500.1787109375,0.2499999925494193
2570,0.0,0.0,0.2499999925494193,2500.272216796875,0.27230918407440186,2500.272216796875,0.2499999925494193
2571,0.0,0.0,0.2499999925494193,2500.278076171875,0.2781832218170166,2500.278076171875,0.2499999925494193
2572,0.0,0.0,0.2499999925494193,2500.24267578125,0.24258220195770264,2500.24267578125,0.2499999925494193
2573,0.0,0.0,0.2499999925494193,2500.259033203125,0.25898289680480957,2500.259033203125,0.2499999925494193
2574,0.0,0.0,0.2499999925494193,2500.257080078125,0.257174015045166,2500.257080078125,0.2499999925494193
2575,0.0,0.0,0.2499999925494193,2500.27978515625,0.27970874309539795,2500.27978515625,0.2499999925494193
2576,0.0,0.0,0.2499999925494193,2500.288330078125,0.2883232831954956,2500.288330078125,0.2499999925494193
2577,0.0,0.0,0.2499999925494193,2500.257568359375,0.25757694244384766,2500.257568359375,0.2499999925494193
2578,0.0,0.0,0.2499999925494193,2500.209228515625,0.2091836929321289,2500.209228515625,0.2499999925494193
2579,0.0,0.0,0.2499999925494193,2500.251953125,0.25188541412353516,2500.251953125,0.2499999925494193
2580,0.0,0.0,0.2499999925494193,2500.251708984375,0.2517108917236328,2500.251708984375,0.2499999925494193
2581,0.0,0.0,0.2499999925494193,2500.28173828125,0.28181421756744385,2500.28173828125,0.2499999925494193
2582,0.0,0.0,0.2499999925494193,2500.20751953125,0.2074054479598999,2500.20751953125,0.2499999925494193
2583,0.0,0.0,0.2499999925494193,2500.22412109375,0.22404789924621582,2500.22412109375,0.2499999925494193
2584,0.0,0.0,0.2499999925494193,2500.2626953125,0.2627553939819336,2500.2626953125,0.2499999925494193
2585,0.0,0.0,0.2499999925494193,2500.285400390625,0.28535890579223633,2500.285400390625,0.2499999925494193
2586,0.0,0.0,0.2499999925494193,2500.26806640625,0.26795029640197754,2500.26806640625,0.2499999925494193
2587,0.0,0.0,0.2499999925494193,2500.2490234375,0.24900579452514648,2500.2490234375,0.2499999925494193
2588,0.0,0.0,0.2499999925494193,2500.256103515625,0.2560933828353882,2500.256103515625,0.2499999925494193
2589,0.0,0.0,0.2499999925494193,2500.27880859375,0.27885258197784424,2500.27880859375,0.2499999925494193
2590,0.0,0.0,0.2499999925494193,2500.25244140625,0.2523496150970459,2500.25244140625,0.2499999925494193
2591,0.0,0.0,0.2499999925494193,2500.18896484375,0.18885087966918945,2500.18896484375,0.2499999925494193
2592,0.0,0.0,0.2499999925494193,2500.2236328125,0.2235499620437622,2500.2236328125,0.2499999925494193
2593,0.0,0.0,0.2499999925494193,2500.22802734375,0.22802519798278809,2500.22802734375,0.2499999925494193
2594,0.0,0.0,0.2499999925494193,2500.2763671875,0.27634966373443604,2500.2763671875,0.2499999925494193
2595,0.0,0.0,0.2499999925494193,2500.23681640625,0.23670148849487305,2500.23681640625,0.2499999925494193
2596,0.0,0.0,0.2499999925494193,2500.242431640625,0.2425088882446289,2500.242431640625,0.2499999925494193
2597,0.0,0.0,0.2499999925494193,2500.21875,0.2188645601272583,2500.21875,0.2499999925494193
2598,0.0,0.0,0.2499999925494193,2500.249267578125,0.24918901920318604,2500.249267578125,0.2499999925494193
2599,0.0,0.0,0.2499999925494193,2500.194580078125,0.1946200132369995,2500.194580078125,0.2499999925494193
2600,0.0,0.0,0.2499999925494193,2500.199462890625,0.1993846893310547,2500.199462890625,0.2499999925494193
2601,0.0,0.0,0.2499999925494193,2500.2880859375,0.2881174087524414,2500.2880859375,0.2499999925494193
2602,0.0,0.0,0.2499999925494193,2500.229736328125,0.2297424077987671,2500.229736328125,0.2499999925494193
2603,0.0,0.0,0.2499999925494193,2500.208740234375,0.20870304107666016,2500.208740234375,0.2499999925494193
2604,0.0,0.0,0.2499999925494193,2500.2939453125,0.2940253019332886,2500.2939453125,0.2499999925494193
2605,0.0,0.0,0.2499999925494193,2500.29638671875,0.2962914705276489,2500.29638671875,0.2499999925494193
2606,0.0,0.0,0.2499999925494193,2500.243896484375,0.24399161338806152,2500.243896484375,0.2499999925494193
2607,0.0,0.0,0.2499999925494193,2500.261962890625,0.26197052001953125,2500.261962890625,0.2499999925494193
2608,0.0,0.0,0.2499999925494193,2500.219482421875,0.21955716609954834,2500.219482421875,0.2499999925494193
2609,0.0,0.0,0.2499999925494193,2500.256591796875,0.2566314935684204,2500.256591796875,0.2499999925494193
2610,0.0,0.0,0.2499999925494193,2500.26904296875,0.2691354751586914,2500.26904296875,0.2499999925494193
2611,0.0,0.0,0.2499999925494193,2500.278076171875,0.2781224250793457,2500.278076171875,0.2499999925494193
2612,0.0,0.0,0.2499999925494193,2500.283203125,0.28321826457977295,2500.283203125,0.2499999925494193
2613,0.0,0.0,0.2499999925494193,2500.24658203125,0.24666249752044678,2500.24658203125,0.2499999925494193
2614,0.0,0.0,0.2499999925494193,2500.2353515625,0.23536443710327148,2500.2353515625,0.2499999925494193
2615,0.0,0.0,0.2499999925494193,2500.2255859375,0.22549188137054443,2500.2255859375,0.2499999925494193
2616,0.0,0.0,0.2499999925494193,2500.195556640625,0.19549298286437988,2500.195556640625,0.2499999925494193
2617,0.0,0.0,0.2499999925494193,2500.231201171875,0.23123514652252197,2500.231201171875,0.2499999925494193
2618,0.0,0.0,0.2499999925494193,2500.2255859375,0.22556042671203613,2500.2255859375,0.2499999925494193
2619,0.0,0.0,0.2499999925494193,2500.24658203125,0.2464972734451294,2500.24658203125,0.2499999925494193
2620,0.0,0.0,0.2499999925494193,2500.24462890625,0.24462902545928955,2500.24462890625,0.2499999925494193
2621,0.0,0.0,0.2499999925494193,2500.302490234375,0.3024486303329468,2500.302490234375,0.2499999925494193
2622,0.0,0.0,0.2499999925494193,2500.27197265625,0.2718905210494995,2500.27197265625,0.2499999925494193
2623,0.0,0.0,0.2499999925494193,2500.23828125,0.2382042407989502,2500.23828125,0.2499999925494193
2624,0.0,0.0,0.2499999925494193,2500.237548828125,0.23753631114959717,2500.237548828125,0.2499999925494193
2625,0.0,0.0,0.2499999925494193,2500.275146484375,0.2750457525253296,2500.275146484375,0.2499999925494193
2626,0.0,0.0,0.2499999925494193,2500.23046875,0.23055028915405273,2500.23046875,0.2499999925494193
2627,0.0,0.0,0.2499999925494193,2500.21044921875,0.2103825807571411,2500.21044921875,0.2499999925494193
2628,0.0,0.0,0.2499999925494193,2500.2158203125,0.21571636199951172,2500.2158203125,0.2499999925494193
2629,0.0,0.0,0.2499999925494193,2500.229736328125,0.22980833053588867,2500.229736328125,0.2499999925494193
2630,0.0,0.0,0.2499999925494193,2500.211181640625,0.21115386486053467,2500.211181640625,0.2499999925494193
2631,0.0,0.0,0.2499999925494193,2500.32763671875,0.327669620513916,2500.32763671875,0.2499999925494193
2632,0.0,0.0,0.2499999925494193,2500.2646484375,0.26475632190704346,2500.2646484375,0.2499999925494193
2633,0.0,0.0,0.2499999925494193,2500.246337890625,0.24630403518676758,2500.246337890625,0.2499999925494193
2634,0.0,0.0,0.2499999925494193,2500.212646484375,0.21267688274383545,2500.212646484375,0.2499999925494193
2635,0.0,0.0,0.2499999925494193,2500.230224609375,0.2303457260131836,2500.230224609375,0.2499999925494193
2636,0.0,0.0,0.2499999925494193,2500.2490234375,0.24911177158355713,2500.2490234375,0.2499999925494193
2637,0.0,0.0,0.2499999925494193,2500.238525390625,0.23849749565124512,2500.238525390625,0.2499999925494193
2638,0.0,0.0,0.2499999925494193,2500.193603515625,0.193717360496521,2500.193603515625,0.2499999925494193
2639,0.0,0.0,0.2499999925494193,2500.233642578125,0.23376166820526123,2500.233642578125,0.2499999925494193
2640,0.0,0.0,0.2499999925494193,2500.260498046875,0.260550856590271,2500.260498046875,0.2499999925494193
2641,0.0,0.0,0.2499999925494193,2500.283447265625,0.28355205059051514,2500.283447265625,0.2499999925494193
2642,0.0,0.0,0.2499999925494193,2500.237548828125,0.23759424686431885,2500.237548828125,0.2499999925494193
2643,0.0,0.0,0.2499999925494193,2500.26611328125,0.266046404838562,2500.26611328125,0.2499999925494193
2644,0.0,0.0,0.2499999925494193,2500.195556640625,0.19566869735717773,2500.195556640625,0.2499999925494193
2645,0.0,0.0,0.2499999925494193,2500.2373046875,0.23736488819122314,2500.2373046875,0.2499999925494193
2646,0.0,0.0,0.2499999925494193,2500.232666015625,0.23257791996002197,2500.232666015625,0.2499999925494193
2647,0.0,0.0,0.2499999925494193,2500.23388671875,0.23397493362426758,2500.23388671875,0.2499999925494193
2648,0.0,0.0,0.2499999925494193,2500.27734375,0.27730047702789307,2500.27734375,0.2499999925494193
2649,0.0,0.0,0.2499999925494193,2500.238037109375,0.23791944980621338,2500.238037109375,0.2499999925494193
2650,0.0,0.0,0.2499999925494193,2500.2236328125,0.22352838516235352,2500.2236328125,0.2499999925494193
2651,0.0,0.0,0.2499999925494193,2500.254150390625,0.25414061546325684,2500.254150390625,0.2499999925494193
2652,0.0,0.0,0.2499999925494193,2500.2177734375,0.21788859367370605,2500.2177734375,0.2499999925494193
2653,0.0,0.0,0.2499999925494193,2500.233642578125,0.23358571529388428,2500.233642578125,0.2499999925494193
2654,0.0,0.0,0.2499999925494193,2500.25244140625,0.25243473052978516,2500.25244140625,0.2499999925494193
2655,0.0,0.0,0.2499999925494193,2500.235595703125,0.23558104038238525,2500.235595703125,0.2499999925494193
2656,0.0,0.0,0.2499999925494193,2500.22265625,0.2225947380065918,2500.22265625,0.2499999925494193
2657,0.0,0.0,0.2499999925494193,2500.20068359375,0.20073294639587402,2500.20068359375,0.2499999925494193
2658,0.0,0.0,0.2499999925494193,2500.218017578125,0.21802854537963867,2500.218017578125,0.2499999925494193
2659,0.0,0.0,0.2499999925494193,2500.239501953125,0.23957252502441406,2500.239501953125,0.2499999925494193
2660,0.0,0.0,0.2499999925494193,2500.249267578125,0.2492448091506958,2500.249267578125,0.2499999925494193
2661,0.0,0.0,0.2499999925494193,2500.21875,0.2186892032623291,2500.21875,0.2499999925494193
2662,0.0,0.0,0.2499999925494193,2500.249755859375,0.2497401237487793,2500.249755859375,0.2499999925494193
2663,0.0,0.0,0.2499999925494193,2500.218505859375,0.21857023239135742,2500.218505859375,0.2499999925494193
2664,0.0,0.0,0.2499999925494193,2500.279541015625,0.2795206308364868,2500.279541015625,0.2499999925494193
2665,0.0,0.0,0.2499999925494193,2500.24169921875,0.24174809455871582,2500.24169921875,0.2499999925494193
2666,0.0,0.0,0.2499999925494193,2500.24072265625,0.24071502685546875,2500.24072265625,0.2499999925494193
2667,0.0,0.0,0.2499999925494193,2500.2666015625,0.2666980028152466,2500.2666015625,0.2499999925494193
2668,0.0,0.0,0.2499999925494193,2500.24169921875,0.2416619062423706,2500.24169921875,0.2499999925494193
2669,0.0,0.0,0.20412413914855784,2500.21728515625,0.21729826927185059,2500.21728515625,0.20412413914855784
