0,0.9036110639572144,1.3366667032241821,0.4856063466057057,2472.033203125,1.4812885522842407,2472.033203125,0.4856063466057057
1,1.5311111211776733,1.7172223329544067,0.4995383981909935,2451.727783203125,1.4756273031234741,2451.727783203125,0.4995383981909935
2,1.7513890266418457,1.8697222471237183,0.5431971017089782,2446.191650390625,1.4674367904663086,2446.191650390625,0.5431971017089782
3,2.1202778816223145,2.0419445037841797,0.5112721179616252,2435.61865234375,1.4673168659210205,2435.61865234375,0.5112721179616252
4,2.9480555057525635,2.3966665267944336,0.49835707194719314,2406.30029296875,1.4507014751434326,2406.30029296875,0.49835707194719314
5,3.6913890838623047,2.528611183166504,0.5046960217918417,2390.0234375,1.4509005546569824,2390.0234375,0.5046960217918417
6,4.0366668701171875,2.7361111640930176,0.49951122139382165,2380.374755859375,1.4527413845062256,2380.374755859375,0.49951122139382165
7,4.5813889503479,2.836944580078125,0.471452773509417,2371.650146484375,1.4464728832244873,2371.650146484375,0.471452773509417
8,6.483611583709717,3.268610954284668,0.4268456791861979,2317.732666015625,1.4267946481704712,2317.732666015625,0.4268456791861979
9,6.562499523162842,3.283055543899536,0.45920563954105387,2313.40625,1.428783655166626,2313.40625,0.45920563954105387
10,8.133610725402832,3.5019445419311523,0.47210520977068465,2316.397216796875,1.427512526512146,2316.397216796875,0.47210520977068465
11,8.768888473510742,3.762500047683716,0.4644594261436083,2272.611328125,1.4153311252593994,2272.611328125,0.4644594261436083
12,9.759445190429688,3.9327778816223145,0.39502107516041046,2262.279541015625,1.406759262084961,2262.279541015625,0.39502107516041046
13,11.220277786254883,4.282222270965576,0.39938869646962394,2247.928466796875,1.4099481105804443,2247.928466796875,0.39938869646962394
14,12.33638858795166,4.4438886642456055,0.41481530292581353,2232.1162109375,1.3880888223648071,2232.1162109375,0.41481530292581353
15,13.583610534667969,4.653611183166504,0.38058019709137103,2195.330810546875,1.3758938312530518,2195.330810546875,0.38058019709137103
16,14.910554885864258,4.958333492279053,0.35670326130724245,2190.1162109375,1.3980474472045898,2190.1162109375,0.35670326130724245
17,15.480555534362793,4.963055610656738,0.38084423178615096,2185.528076171875,1.378649115562439,2185.528076171875,0.38084423178615096
18,16.27250099182129,5.150555610656738,0.3319668157640544,2175.834228515625,1.3626848459243774,2175.834228515625,0.3319668157640544
19,18.53555679321289,5.526666641235352,0.37440806537672805,2182.09912109375,1.3441414833068848,2182.09912109375,0.37440806537672805
20,19.2147216796875,5.659999847412109,0.3334317126931771,2139.499755859375,1.3634004592895508,2139.499755859375,0.3334317126931771
21,20.914167404174805,6.006111145019531,0.3242441529237863,2143.946533203125,1.347890853881836,2143.946533203125,0.3242441529237863
22,20.454444885253906,5.918888568878174,0.3102145471997833,2133.280517578125,1.3476221561431885,2133.280517578125,0.3102145471997833
23,21.74222183227539,6.158055782318115,0.308575156802931,2149.223876953125,1.3328675031661987,2149.223876953125,0.308575156802931
24,22.302778244018555,6.230278015136719,0.29154135303337764,2116.172607421875,1.346024990081787,2116.172607421875,0.29154135303337764
25,23.735000610351562,6.529722213745117,0.26934771465414553,2099.103515625,1.3273626565933228,2099.103515625,0.26934771465414553
26,24.827499389648438,6.763055801391602,0.2792412721427378,2138.262451171875,1.3127119541168213,2138.262451171875,0.2792412721427378
27,26.281944274902344,6.99138879776001,0.29442008196681085,2154.87109375,1.3241480588912964,2154.87109375,0.29442008196681085
28,26.311111450195312,6.87166690826416,0.29383539194592245,2118.786376953125,1.3152276277542114,2118.786376953125,0.29383539194592245
29,27.280277252197266,7.122222423553467,0.2785382572667808,2152.179443359375,1.3085132837295532,2152.179443359375,0.2785382572667808
30,27.933055877685547,7.194166660308838,0.2684376070522539,2147.01953125,1.2981573343276978,2147.01953125,0.2684376070522539
31,29.261388778686523,7.530555725097656,0.26064591378521806,2155.341796875,1.3067320585250854,2155.341796875,0.26064591378521806
32,27.540279388427734,7.099444389343262,0.28454968459555335,2097.063720703125,1.3060390949249268,2097.063720703125,0.28454968459555335
33,27.639999389648438,7.209167003631592,0.2640146711475802,2134.9599609375,1.2965096235275269,2134.9599609375,0.2640146711475802
34,28.364166259765625,7.362221717834473,0.2549401307567137,2109.65478515625,1.3051178455352783,2109.65478515625,0.2549401307567137
35,29.48055648803711,7.414166450500488,0.24145928020241758,2103.388427734375,1.2894442081451416,2103.388427734375,0.24145928020241758
36,28.912776947021484,7.353333473205566,0.24351502233991645,2080.231689453125,1.3035790920257568,2080.231689453125,0.24351502233991645
37,29.4072208404541,7.49138879776001,0.26362115654798945,2105.798828125,1.2982237339019775,2105.798828125,0.26362115654798945
38,29.127777099609375,7.426666259765625,0.23166078501138115,2098.01708984375,1.299365520477295,2098.01708984375,0.23166078501138115
39,28.418054580688477,7.25333309173584,0.2463089698882442,2062.71142578125,1.2856743335723877,2062.71142578125,0.2463089698882442
40,29.810832977294922,7.498610973358154,0.2417494707028008,2065.953125,1.2957351207733154,2065.953125,0.2417494707028008
41,30.418888092041016,7.57444429397583,0.2508274526296675,2101.58349609375,1.2930517196655273,2101.58349609375,0.2508274526296675
42,29.673612594604492,7.43250036239624,0.2342687677257519,2047.4559326171875,1.2812917232513428,2047.4559326171875,0.2342687677257519
43,28.875,7.306666851043701,0.24963191400480877,2040.6514892578125,1.2793382406234741,2040.6514892578125,0.24963191400480877
44,28.80583381652832,7.2030558586120605,0.25926453710950903,2046.1951904296875,1.278259038925171,2046.1951904296875,0.25926453710950903
45,29.006389617919922,7.387777328491211,0.21953048037190095,2047.3131103515625,1.2728607654571533,2047.3131103515625,0.21953048037190095
46,29.446666717529297,7.391944408416748,0.23461275072500687,2051.358154296875,1.2670695781707764,2051.358154296875,0.23461275072500687
47,28.717222213745117,7.236667156219482,0.25762625653926396,2058.036376953125,1.2750749588012695,2058.036376953125,0.25762625653926396
48,28.04916763305664,7.053055763244629,0.24984654102604434,2009.4525146484375,1.2589302062988281,2009.4525146484375,0.24984654102604434
49,28.419721603393555,7.144166469573975,0.2435020059743604,2033.69677734375,1.2710152864456177,2033.69677734375,0.2435020059743604
50,28.150833129882812,7.11305570602417,0.23780152234713292,2035.1795654296875,1.2736740112304688,2035.1795654296875,0.23780152234713292
51,28.343889236450195,7.110833168029785,0.2459519558607163,2042.3153076171875,1.253092885017395,2042.3153076171875,0.2459519558607163
52,27.358890533447266,6.91083288192749,0.22472595142765914,2024.5601806640625,1.2707639932632446,2024.5601806640625,0.22472595142765914
53,26.524166107177734,6.890555381774902,0.238669813848701,1999.835205078125,1.2683446407318115,1999.835205078125,0.238669813848701
54,27.055831909179688,6.891666412353516,0.25045579779665966,2001.624755859375,1.251684308052063,2001.624755859375,0.25045579779665966
55,26.6391658782959,6.846944332122803,0.23897167719583323,2017.22900390625,1.2625938653945923,2017.22900390625,0.23897167719583323
56,25.136390686035156,6.615278244018555,0.24225056882985324,1986.35498046875,1.2713181972503662,1986.35498046875,0.24225056882985324
57,26.684444427490234,6.835278034210205,0.254824233274423,2005.775634765625,1.2605996131896973,2005.775634765625,0.254824233274423
58,26.054445266723633,6.707221984863281,0.23553125365179062,1973.5269775390625,1.24979567527771,1973.5269775390625,0.23553125365179062
59,24.514999389648438,6.528611660003662,0.22461547147628338,2010.505859375,1.2614330053329468,2010.505859375,0.22461547147628338
60,23.778888702392578,6.406944274902344,0.2384314435639776,1999.8907470703125,1.2657389640808105,1999.8907470703125,0.2384314435639776
61,24.314443588256836,6.510833740234375,0.24890646244266137,1977.8443603515625,1.2493360042572021,1977.8443603515625,0.24890646244266137
62,24.646944046020508,6.568333625793457,0.22795415905051217,1995.4476318359375,1.257371187210083,1995.4476318359375,0.22795415905051217
63,24.520278930664062,6.479722023010254,0.2574550809409346,1994.0703125,1.2483928203582764,1994.0703125,0.2574550809409346
64,23.56055450439453,6.37666654586792,0.23106306711528035,1932.0511474609375,1.2445032596588135,1932.0511474609375,0.23106306711528035
65,24.57805633544922,6.502778053283691,0.23511085182475996,1982.4022216796875,1.260271430015564,1982.4022216796875,0.23511085182475996
66,24.282777786254883,6.420555591583252,0.23760427863274297,1964.81787109375,1.2473005056381226,1964.81787109375,0.23760427863274297
67,24.58111000061035,6.492222309112549,0.24050064684158565,1917.78564453125,1.2500982284545898,1917.78564453125,0.24050064684158565
68,23.871944427490234,6.315555572509766,0.26103751146920123,1973.2547607421875,1.2584624290466309,1973.2547607421875,0.26103751146920123
69,23.91583251953125,6.3433332443237305,0.24566948742451025,1969.9306640625,1.2392969131469727,1969.9306640625,0.24566948742451025
70,22.935277938842773,6.220555782318115,0.23986734376964447,1950.5859375,1.2462315559387207,1950.5859375,0.23986734376964447
71,23.676389694213867,6.283611297607422,0.23379196811644193,1963.5582275390625,1.2334624528884888,1963.5582275390625,0.23379196811644193
72,23.96555519104004,6.392499923706055,0.23720269962323812,1957.012451171875,1.2419466972351074,1957.012451171875,0.23720269962323812
73,23.248611450195312,6.234722137451172,0.2390996191100791,1951.228271484375,1.2506964206695557,1951.228271484375,0.2390996191100791
74,23.975831985473633,6.4091668128967285,0.26749857325482174,1936.100830078125,1.2400479316711426,1936.100830078125,0.26749857325482174
75,23.733612060546875,6.323888778686523,0.2552023303189197,1961.7425537109375,1.2350571155548096,1961.7425537109375,0.2552023303189197
76,24.200279235839844,6.350832939147949,0.2535993604970877,1941.5965576171875,1.2184606790542603,1941.5965576171875,0.2535993604970877
77,24.560277938842773,6.4927778244018555,0.25186582171360267,1930.695068359375,1.2309422492980957,1930.695068359375,0.25186582171360267
78,24.463056564331055,6.442777633666992,0.2609997756224239,1920.701171875,1.2382149696350098,1920.701171875,0.2609997756224239
79,23.454723358154297,6.25861120223999,0.2612657007075261,1954.368896484375,1.2190841436386108,1954.368896484375,0.2612657007075261
80,23.829723358154297,6.396389007568359,0.26020284515758496,1916.9049072265625,1.2152516841888428,1916.9049072265625,0.26020284515758496
81,24.730833053588867,6.496666431427002,0.23755444988533692,1920.7159423828125,1.210031270980835,1920.7159423828125,0.23755444988533692
82,23.530834197998047,6.300278186798096,0.2704559641323818,1947.032470703125,1.1966819763183594,1947.032470703125,0.2704559641323818
83,23.413888931274414,6.289999961853027,0.2594934721637894,1945.964111328125,1.2207938432693481,1945.964111328125,0.2594934721637894
84,24.09889030456543,6.46138858795166,0.23967751166779605,1907.046630859375,1.196712851524353,1907.046630859375,0.23967751166779605
85,24.744998931884766,6.443333625793457,0.2787440418555326,1921.468505859375,1.1984516382217407,1921.468505859375,0.2787440418555326
86,24.679166793823242,6.46750020980835,0.23793515862022854,1929.7147216796875,1.1999602317810059,1929.7147216796875,0.23793515862022854
87,25.324443817138672,6.574166774749756,0.2693585523373201,1948.9400634765625,1.206843376159668,1948.9400634765625,0.2693585523373201
88,24.92388916015625,6.44444465637207,0.25731542016957354,1909.458251953125,1.2049031257629395,1909.458251953125,0.25731542016957354
89,25.625276565551758,6.626944065093994,0.270450834679814,1928.0245361328125,1.2081797122955322,1928.0245361328125,0.270450834679814
90,25.65166664123535,6.623333930969238,0.25700986357806554,1906.865234375,1.1774779558181763,1906.865234375,0.25700986357806554
91,25.058055877685547,6.5747222900390625,0.27152676781954543,1901.2347412109375,1.2127153873443604,1901.2347412109375,0.27152676781954543
92,26.36972427368164,6.682778358459473,0.27916202834375753,1876.213623046875,1.1955759525299072,1876.213623046875,0.27916202834375753
93,25.258333206176758,6.644999980926514,0.2908781894435426,1915.143798828125,1.1954247951507568,1915.143798828125,0.2908781894435426
94,26.592222213745117,6.8408331871032715,0.2649366585997402,1912.4464111328125,1.1957658529281616,1912.4464111328125,0.2649366585997402
95,25.926668167114258,6.712222099304199,0.25405301739986086,1909.06787109375,1.1895909309387207,1909.06787109375,0.25405301739986086
96,25.78666877746582,6.699166297912598,0.2899893797047512,1917.8795166015625,1.1684197187423706,1917.8795166015625,0.2899893797047512
97,26.04111099243164,6.726388454437256,0.2841793212454088,1889.312744140625,1.172263503074646,1889.312744140625,0.2841793212454088
98,26.086389541625977,6.702777862548828,0.2843210588908882,1890.370361328125,1.172347068786621,1890.370361328125,0.2843210588908882
99,27.017778396606445,6.906388759613037,0.28252521292401167,1911.5498046875,1.1891978979110718,1911.5498046875,0.28252521292401167
100,26.2722225189209,6.834722518920898,0.2831517012742587,1898.095458984375,1.172782063484192,1898.095458984375,0.2831517012742587
101,26.746944427490234,6.905833721160889,0.2803946902133705,1904.7432861328125,1.1685593128204346,1904.7432861328125,0.2803946902133705
102,27.010276794433594,6.874722480773926,0.2880341551610643,1881.732666015625,1.1784262657165527,1881.732666015625,0.2880341551610643
103,26.655277252197266,6.811944484710693,0.28511253294076366,1920.75927734375,1.1656413078308105,1920.75927734375,0.28511253294076366
104,26.570833206176758,6.864444255828857,0.30032736590537146,1895.2049560546875,1.1764276027679443,1895.2049560546875,0.30032736590537146
105,26.546112060546875,6.819167137145996,0.29317281600231493,1901.640625,1.1600613594055176,1901.640625,0.29317281600231493
106,26.275835037231445,6.80222225189209,0.28283365758060386,1880.4376220703125,1.1523188352584839,1880.4376220703125,0.28283365758060386
107,26.352500915527344,6.88027811050415,0.3110429082113391,1860.8138427734375,1.1629717350006104,1860.8138427734375,0.3110429082113391
108,27.17166519165039,6.914999961853027,0.32374717715463813,1893.318603515625,1.1657183170318604,1893.318603515625,0.32374717715463813
109,26.826387405395508,6.889166831970215,0.31270474300055157,1894.4688720703125,1.1313239336013794,1894.4688720703125,0.31270474300055157
110,26.705554962158203,6.912222385406494,0.3092267560231286,1886.081298828125,1.1446155309677124,1886.081298828125,0.3092267560231286
111,26.646944046020508,6.855000019073486,0.3110245555037889,1901.685791015625,1.155486822128296,1901.685791015625,0.3110245555037889
112,27.340831756591797,7.018333435058594,0.3002340965551245,1869.58203125,1.1166826486587524,1869.58203125,0.3002340965551245
113,26.2147216796875,6.813055038452148,0.3319196474658998,1898.6004638671875,1.1224786043167114,1898.6004638671875,0.3319196474658998
114,27.939167022705078,6.975000381469727,0.3435317805385721,1895.270263671875,1.177682638168335,1895.270263671875,0.3435317805385721
115,26.143333435058594,6.75666618347168,0.30363443600331874,1878.93408203125,1.144068956375122,1878.93408203125,0.30363443600331874
116,25.690279006958008,6.71750020980835,0.34137496909443454,1874.4285888671875,1.136539340019226,1874.4285888671875,0.34137496909443454
117,26.530000686645508,6.804999828338623,0.3663683516822283,1868.823486328125,1.150769591331482,1868.823486328125,0.3663683516822283
118,25.43194580078125,6.686110973358154,0.3428978510804223,1880.962646484375,1.1451345682144165,1880.962646484375,0.3428978510804223
119,26.05694580078125,6.78694486618042,0.3331293746806212,1848.4525146484375,1.1122170686721802,1848.4525146484375,0.3331293746806212
120,25.461111068725586,6.690278053283691,0.3499394373508537,1867.5772705078125,1.1272852420806885,1867.5772705078125,0.3499394373508537
121,26.556110382080078,6.828055381774902,0.34914761631504987,1866.3818359375,1.1262736320495605,1866.3818359375,0.34914761631504987
122,27.143890380859375,6.900555610656738,0.34569385977452455,1872.2449951171875,1.1278517246246338,1872.2449951171875,0.34569385977452455
123,26.332500457763672,6.79027795791626,0.3704065849259793,1860.7462158203125,1.1070773601531982,1860.7462158203125,0.3704065849259793
124,25.676944732666016,6.746110916137695,0.3685148790205827,1836.07080078125,1.113320231437683,1836.07080078125,0.3685148790205827
125,26.95777702331543,6.906110763549805,0.36195939666038074,1837.0869140625,1.1030497550964355,1837.0869140625,0.36195939666038074
126,26.103055953979492,6.809721946716309,0.39202078406356433,1842.28857421875,1.1199781894683838,1842.28857421875,0.39202078406356433
127,25.996109008789062,6.766388416290283,0.37979091665803477,1859.1854248046875,1.1081949472427368,1859.1854248046875,0.37979091665803477
128,26.244443893432617,6.826388835906982,0.3562912713004245,1838.6907958984375,1.1069731712341309,1838.6907958984375,0.3562912713004245
129,26.14527702331543,6.756389141082764,0.3996931695607632,1856.1346435546875,1.1160905361175537,1856.1346435546875,0.3996931695607632
130,26.065555572509766,6.706943988800049,0.390161464010224,1833.458984375,1.1151068210601807,1833.458984375,0.390161464010224
131,25.228055953979492,6.698888778686523,0.4056092192066298,1829.2110595703125,1.1080818176269531,1829.2110595703125,0.4056092192066298
132,25.92194366455078,6.741666793823242,0.4037890654838695,1837.1153564453125,1.096231460571289,1837.1153564453125,0.4037890654838695
133,25.483057022094727,6.71999979019165,0.4063532092191007,1822.0653076171875,1.090071439743042,1822.0653076171875,0.4063532092191007
134,26.435556411743164,6.881944179534912,0.404252819577004,1850.5421142578125,1.0826520919799805,1850.5421142578125,0.404252819577004
135,26.114723205566406,6.88027811050415,0.4099929891829104,1841.3726806640625,1.1152528524398804,1841.3726806640625,0.4099929891829104
136,27.179443359375,6.889999866485596,0.41017783249043993,1823.6400146484375,1.104535698890686,1823.6400146484375,0.41017783249043993
137,25.251665115356445,6.700278282165527,0.3982476290084598,1847.88623046875,1.0851384401321411,1847.88623046875,0.3982476290084598
138,26.518054962158203,6.897778034210205,0.416828455837348,1842.9322509765625,1.0797215700149536,1842.9322509765625,0.416828455837348
139,25.67972183227539,6.789722442626953,0.4457502827861293,1823.6500244140625,1.0769716501235962,1823.6500244140625,0.4457502827861293
140,25.931665420532227,6.750277519226074,0.4441611540182908,1820.8787841796875,1.1205339431762695,1820.8787841796875,0.4441611540182908
141,26.184999465942383,6.786110877990723,0.45563736322920073,1813.9583740234375,1.0972813367843628,1813.9583740234375,0.45563736322920073
142,25.971111297607422,6.8125,0.45322352227216633,1819.5447998046875,1.0936580896377563,1819.5447998046875,0.45322352227216633
143,26.519166946411133,6.8686113357543945,0.44368491320537473,1814.380126953125,1.0826345682144165,1814.380126953125,0.44368491320537473
144,26.453887939453125,6.907500267028809,0.44286900658929707,1829.359375,1.08540678024292,1829.359375,0.44286900658929707
145,27.452499389648438,7.112778186798096,0.4370313407538534,1797.357421875,1.0493319034576416,1797.357421875,0.4370313407538534
146,26.799165725708008,7.029721736907959,0.4877423215831866,1805.508056640625,1.072788953781128,1805.508056640625,0.4877423215831866
147,26.22944450378418,6.885277271270752,0.46143658635151974,1811.210693359375,1.0541155338287354,1811.210693359375,0.46143658635151974
148,27.269166946411133,7.010555267333984,0.44791245816630154,1820.4620361328125,1.0495984554290771,1820.4620361328125,0.44791245816630154
149,26.158056259155273,6.843333721160889,0.4422109583566848,1808.6173095703125,1.0630955696105957,1808.6173095703125,0.4422109583566848
150,26.719167709350586,6.947777271270752,0.4753951664903006,1807.450927734375,1.0950918197631836,1807.450927734375,0.4753951664903006
151,26.88249969482422,7.011388778686523,0.5019854162483796,1798.9674072265625,1.0538864135742188,1798.9674072265625,0.5019854162483796
152,27.852222442626953,7.090000152587891,0.48246334847069877,1802.6629638671875,1.060786485671997,1802.6629638671875,0.48246334847069877
153,28.30527687072754,7.135555744171143,0.4667636237538993,1787.29052734375,1.0647494792938232,1787.29052734375,0.4667636237538993
154,26.80000114440918,6.9447221755981445,0.4896693897634147,1797.5084228515625,1.066152811050415,1797.5084228515625,0.4896693897634147
155,27.800556182861328,7.17555570602417,0.4663616065847623,1786.3525390625,1.0469775199890137,1786.3525390625,0.4663616065847623
156,26.93277931213379,7.098611354827881,0.47592094449579575,1795.174560546875,1.0317836999893188,1795.174560546875,0.47592094449579575
157,28.162776947021484,7.187222003936768,0.4655783045853342,1799.9815673828125,1.0382604598999023,1799.9815673828125,0.4655783045853342
158,28.796667098999023,7.256666660308838,0.48407055195853954,1795.179443359375,1.0510962009429932,1795.179443359375,0.48407055195853954
159,27.953609466552734,7.175000190734863,0.4747386820563847,1777.6129150390625,1.0531741380691528,1777.6129150390625,0.4747386820563847
160,28.684165954589844,7.298055171966553,0.4826144528777727,1786.8541259765625,1.0472502708435059,1786.8541259765625,0.4826144528777727
161,28.40166664123535,7.191389083862305,0.4714210458765637,1791.6688232421875,1.0448813438415527,1791.6688232421875,0.4714210458765637
162,27.791667938232422,7.140832901000977,0.5083412077272742,1792.7386474609375,1.0541670322418213,1792.7386474609375,0.5083412077272742
163,27.8558349609375,7.245277404785156,0.505066769764128,1775.6729736328125,1.0549324750900269,1775.6729736328125,0.505066769764128
164,28.58111000061035,7.213889122009277,0.5021094004251245,1778.833251953125,1.0149469375610352,1778.833251953125,0.5021094004251245
165,28.081945419311523,7.159999847412109,0.47154718066650914,1771.33056640625,1.0380290746688843,1771.33056640625,0.47154718066650914
166,28.0402774810791,7.180000305175781,0.5220805938511336,1769.643310546875,1.0080878734588623,1769.643310546875,0.5220805938511336
167,28.243886947631836,7.281944274902344,0.5150449404278417,1773.7713623046875,1.0181142091751099,1773.7713623046875,0.5150449404278417
168,27.464723587036133,7.124444007873535,0.5254825854975956,1763.807861328125,1.0342674255371094,1763.807861328125,0.5254825854975956
169,28.241666793823242,7.238333702087402,0.5112269186761805,1760.345458984375,1.0316020250320435,1760.345458984375,0.5112269186761805
170,27.97222137451172,7.173333168029785,0.5403211086767188,1771.362060546875,0.9914319515228271,1771.362060546875,0.5403211086767188
171,28.586668014526367,7.217222213745117,0.535064876010485,1774.9847412109375,1.0459446907043457,1774.9847412109375,0.535064876010485
172,28.457778930664062,7.142221927642822,0.540558317674273,1760.5821533203125,1.0233064889907837,1760.5821533203125,0.540558317674273
173,28.239166259765625,7.204166889190674,0.5472470808546382,1758.214599609375,1.01531982421875,1758.214599609375,0.5472470808546382
174,28.006389617919922,7.138055801391602,0.5470109356210158,1776.5623779296875,1.0293065309524536,1776.5623779296875,0.5470109356210158
175,27.90277862548828,7.128889083862305,0.5384964698135436,1755.468017578125,0.9908161163330078,1755.468017578125,0.5384964698135436
176,27.400556564331055,7.14555549621582,0.5127219983639765,1766.1624755859375,1.003065824508667,1766.1624755859375,0.5127219983639765
177,28.17305564880371,7.327221870422363,0.5390173859018994,1746.1346435546875,1.0176756381988525,1746.1346435546875,0.5390173859018994
178,27.795833587646484,7.150555610656738,0.5324143250157964,1726.799072265625,1.0281437635421753,1726.799072265625,0.5324143250157964
179,28.03472328186035,7.252222061157227,0.5688299594330584,1746.0496826171875,0.9760164618492126,1746.0496826171875,0.5688299594330584
180,27.93138885498047,7.254444599151611,0.5766668325605842,1743.3980712890625,1.0349963903427124,1743.3980712890625,0.5766668325605842
181,27.309167861938477,7.13027811050415,0.5434689896563972,1743.473876953125,1.0208892822265625,1743.473876953125,0.5434689896563972
182,27.268054962158203,7.1313886642456055,0.5665621105002434,1767.968017578125,1.0232832431793213,1767.968017578125,0.5665621105002434
183,27.004167556762695,7.156389236450195,0.5963445476439229,1722.043701171875,0.9995100498199463,1722.043701171875,0.5963445476439229
184,27.263334274291992,7.189444541931152,0.5659146844712349,1734.7047119140625,1.0008399486541748,1734.7047119140625,0.5659146844712349
185,27.918333053588867,7.223889350891113,0.5697958711800595,1736.5068359375,0.9979367256164551,1736.5068359375,0.5697958711800595
186,27.648056030273438,7.176110744476318,0.561194929725607,1731.6492919921875,0.9957278370857239,1731.6492919921875,0.561194929725607
187,27.24805450439453,7.14888858795166,0.5781396742848394,1742.7626953125,0.9990626573562622,1742.7626953125,0.5781396742848394
188,27.761667251586914,7.235555171966553,0.5579309997087533,1752.6617431640625,1.0095655918121338,1752.6617431640625,0.5579309997087533
189,28.143054962158203,7.279722213745117,0.5524534019967029,1741.1910400390625,0.98686283826828,1741.1910400390625,0.5524534019967029
190,27.192222595214844,7.136388778686523,0.6007346058141925,1705.38427734375,0.9814496636390686,1705.38427734375,0.6007346058141925
191,28.20250129699707,7.442222595214844,0.6049396283675184,1709.7459716796875,0.9862420558929443,1709.7459716796875,0.6049396283675184
192,28.544166564941406,7.368055820465088,0.5803700901998474,1711.1295166015625,0.9620347023010254,1711.1295166015625,0.5803700901998474
193,27.636945724487305,7.2816667556762695,0.5876250542302442,1715.112548828125,0.9844948649406433,1715.112548828125,0.5876250542302442
194,28.191387176513672,7.314444541931152,0.5719608436798705,1715.427978515625,0.9611061215400696,1715.427978515625,0.5719608436798705
195,27.342500686645508,7.160833358764648,0.5851828706452311,1710.777587890625,0.9950656890869141,1710.777587890625,0.5851828706452311
196,27.21416664123535,7.237222194671631,0.5967826068683835,1711.70361328125,0.9784478545188904,1711.70361328125,0.5967826068683835
197,28.981109619140625,7.442777633666992,0.586596627066478,1722.900390625,0.9442813396453857,1722.900390625,0.586596627066478
198,28.56055450439453,7.387777328491211,0.5552855486865853,1714.611083984375,0.9606249332427979,1714.611083984375,0.5552855486865853
199,28.26361083984375,7.293055057525635,0.5878257087836509,1722.588134765625,0.9784022569656372,1722.588134765625,0.5878257087836509
200,28.03388786315918,7.302777290344238,0.5999271854074303,1695.7274169921875,0.9913790822029114,1695.7274169921875,0.5999271854074303
201,28.344165802001953,7.362221717834473,0.5997639589839927,1708.37109375,0.9464130997657776,1708.37109375,0.5997639589839927
202,28.47222137451172,7.370277404785156,0.6289267674789609,1691.0364990234375,0.9381644129753113,1691.0364990234375,0.6289267674789609
203,27.80666732788086,7.344721794128418,0.5817407564028847,1694.0172119140625,0.9255448579788208,1694.0172119140625,0.5817407564028847
204,28.024444580078125,7.3627777099609375,0.6268885309253488,1680.7301025390625,0.9794597625732422,1680.7301025390625,0.6268885309253488
205,28.357223510742188,7.383055210113525,0.6131479118609453,1692.8851318359375,0.9845924377441406,1692.8851318359375,0.6131479118609453
206,28.58888816833496,7.51361083984375,0.6039613689628412,1685.9873046875,0.9300775527954102,1685.9873046875,0.6039613689628412
207,29.003610610961914,7.564722061157227,0.5937565829904736,1698.55029296875,0.9806119799613953,1698.55029296875,0.5937565829904736
208,27.628889083862305,7.329166889190674,0.6450100050850321,1703.0330810546875,0.968122124671936,1703.0330810546875,0.6450100050850321
209,28.224166870117188,7.381666660308838,0.6189463237877157,1689.066650390625,0.9353334903717041,1689.066650390625,0.6189463237877157
210,28.608612060546875,7.461111068725586,0.6206115686263951,1700.1080322265625,0.9822057485580444,1700.1080322265625,0.6206115686263951
211,28.605276107788086,7.436666488647461,0.6430762608993348,1676.006591796875,0.927964448928833,1676.006591796875,0.6430762608993348
212,27.7902774810791,7.407221794128418,0.6380912669368735,1696.9031982421875,0.9256733655929565,1696.9031982421875,0.6380912669368735
213,28.4516658782959,7.429999828338623,0.6279979239596389,1681.2845458984375,0.9512172937393188,1681.2845458984375,0.6279979239596389
214,28.16555404663086,7.478888988494873,0.626917510560318,1670.22998046875,0.943368673324585,1670.22998046875,0.626917510560318
215,28.600278854370117,7.4058332443237305,0.6616610734565904,1690.54833984375,0.9257757663726807,1690.54833984375,0.6616610734565904
216,28.3608341217041,7.496110916137695,0.6612218603536177,1688.19921875,0.9289196729660034,1688.19921875,0.6612218603536177
217,27.421945571899414,7.234722137451172,0.6437229012796747,1655.3094482421875,0.9114295840263367,1655.3094482421875,0.6437229012796747
218,28.9516658782959,7.579999923706055,0.6284539547237427,1666.5955810546875,0.9144176244735718,1666.5955810546875,0.6284539547237427
219,28.608057022094727,7.408888816833496,0.6492107923007324,1687.3990478515625,0.9232470989227295,1687.3990478515625,0.6492107923007324
220,28.654443740844727,7.51194429397583,0.6597768708390491,1682.69482421875,0.8947232961654663,1682.69482421875,0.6597768708390491
221,28.47972297668457,7.470555782318115,0.6701456046740069,1673.67431640625,0.9134001731872559,1673.67431640625,0.6701456046740069
222,28.76416778564453,7.466111183166504,0.677272893780913,1679.36767578125,0.9196534752845764,1679.36767578125,0.677272893780913
223,28.86583137512207,7.5747222900390625,0.6643595241106365,1667.5604248046875,0.9169049263000488,1667.5604248046875,0.6643595241106365
224,28.294166564941406,7.440278053283691,0.680057429742152,1671.3189697265625,0.9097694158554077,1671.3189697265625,0.680057429742152
225,29.28888702392578,7.6413893699646,0.6870117979759078,1665.3125,0.9008713364601135,1665.3125,0.6870117979759078
226,29.462221145629883,7.607500076293945,0.6811194081857197,1675.228271484375,0.9389035105705261,1675.228271484375,0.6811194081857197
227,29.7358341217041,7.756111145019531,0.6858385057149874,1677.2197265625,0.9128332138061523,1677.2197265625,0.6858385057149874
228,29.457500457763672,7.619722366333008,0.6539509511856416,1670.0638427734375,0.8896360397338867,1670.0638427734375,0.6539509511856416
229,29.093889236450195,7.623055458068848,0.6783512823037041,1679.317626953125,0.9287415742874146,1679.317626953125,0.6783512823037041
230,29.704999923706055,7.751111030578613,0.660859696582323,1662.5009765625,0.8909642696380615,1662.5009765625,0.660859696582323
231,29.316112518310547,7.579166412353516,0.6965967141524462,1674.06689453125,0.8891376256942749,1674.06689453125,0.6965967141524462
232,30.149444580078125,7.8222222328186035,0.6962033111242054,1662.169921875,0.9059823155403137,1662.169921875,0.6962033111242054
233,30.796945571899414,7.911388397216797,0.6787938501133128,1675.1129150390625,0.9110275506973267,1675.1129150390625,0.6787938501133128
234,29.6299991607666,7.681389331817627,0.6770217781792229,1654.0032958984375,0.8700183629989624,1654.0032958984375,0.6770217781792229
235,30.302501678466797,7.789999961853027,0.6902299490544672,1662.5355224609375,0.890698254108429,1662.5355224609375,0.6902299490544672
236,29.441944122314453,7.677499771118164,0.6971849684386939,1665.013671875,0.872776210308075,1665.013671875,0.6971849684386939
237,29.724443435668945,7.811944007873535,0.6899471934677445,1644.2655029296875,0.8761545419692993,1644.2655029296875,0.6899471934677445
238,29.524723052978516,7.718055725097656,0.6873846926613969,1663.5928955078125,0.8937312364578247,1663.5928955078125,0.6873846926613969
239,29.850833892822266,7.858888626098633,0.6690797632794352,1649.391845703125,0.8949012160301208,1649.391845703125,0.6690797632794352
240,29.709165573120117,7.818056106567383,0.6958894109421173,1648.2677001953125,0.8836039304733276,1648.2677001953125,0.6958894109421173
241,30.069442749023438,7.927222728729248,0.7002646697063819,1646.4874267578125,0.8729563355445862,1646.4874267578125,0.7002646697063819
242,30.056943893432617,7.945277690887451,0.7055232409224321,1654.4974365234375,0.8727328777313232,1654.4974365234375,0.7055232409224321
243,29.452499389648438,7.7699995040893555,0.7202995567494721,1656.0184326171875,0.8675893545150757,1656.0184326171875,0.7202995567494721
244,29.545000076293945,7.766388893127441,0.7244168054104612,1632.7569580078125,0.8858934640884399,1632.7569580078125,0.7244168054104612
245,29.454166412353516,7.792499542236328,0.6826039083624846,1634.1861572265625,0.8642251491546631,1634.1861572265625,0.6826039083624846
246,29.829999923706055,7.7927775382995605,0.6795323347229332,1629.187255859375,0.8784613609313965,1629.187255859375,0.6795323347229332
247,30.1522216796875,7.89722204208374,0.6996783730356428,1630.7550048828125,0.8699944615364075,1630.7550048828125,0.6996783730356428
248,29.416946411132812,7.7699995040893555,0.697688540368226,1628.458984375,0.8464005589485168,1628.458984375,0.697688540368226
249,29.879722595214844,7.841944694519043,0.7208164821441748,1641.0457763671875,0.8644298911094666,1641.0457763671875,0.7208164821441748
250,30.593055725097656,8.085556030273438,0.6925478366889781,1620.8851318359375,0.8748480677604675,1620.8851318359375,0.6925478366889781
251,30.62305450439453,8.036110877990723,0.7223040339194231,1621.3826904296875,0.870728611946106,1621.3826904296875,0.7223040339194231
252,30.766387939453125,8.042500495910645,0.7071750811835132,1633.1492919921875,0.8167546391487122,1633.1492919921875,0.7071750811835132
253,30.72972297668457,8.018888473510742,0.7256407561979652,1625.257080078125,0.8256626129150391,1625.257080078125,0.7256407561979652
254,30.364444732666016,8.018888473510742,0.6973990349205202,1597.7939453125,0.8328762054443359,1597.7939453125,0.6973990349205202
255,30.59055519104004,8.042222023010254,0.7390713702549694,1625.4337158203125,0.829264760017395,1625.4337158203125,0.7390713702549694
256,30.92361068725586,8.164166450500488,0.7141854103902352,1622.2071533203125,0.811227560043335,1622.2071533203125,0.7141854103902352
257,30.684167861938477,8.05138874053955,0.7247289348108927,1621.86328125,0.8263319730758667,1621.86328125,0.7247289348108927
258,31.48416519165039,8.126666069030762,0.7214250651170883,1631.8128662109375,0.8009253740310669,1631.8128662109375,0.7214250651170883
259,30.955556869506836,8.17722225189209,0.7243419612112376,1622.839111328125,0.8074915409088135,1622.839111328125,0.7243419612112376
260,30.579999923706055,8.024444580078125,0.7249714874872881,1605.7298583984375,0.8481233716011047,1605.7298583984375,0.7249714874872881
261,30.45944595336914,8.078611373901367,0.7166250726471651,1610.3394775390625,0.8672975301742554,1610.3394775390625,0.7166250726471651
262,30.3619441986084,8.140277862548828,0.6974223820261526,1624.5772705078125,0.825315535068512,1624.5772705078125,0.6974223820261526
263,30.33388900756836,8.081944465637207,0.7225175058739797,1602.87646484375,0.8747252821922302,1602.87646484375,0.7225175058739797
264,30.40250015258789,8.057222366333008,0.735134841474923,1601.998291015625,0.8096723556518555,1601.998291015625,0.735134841474923
265,30.27777671813965,8.096944808959961,0.7312967980774959,1622.7301025390625,0.8589487075805664,1622.7301025390625,0.7312967980774959
266,31.040000915527344,8.292916297912598,0.5593157677416365,1628.5255126953125,0.8288571834564209,1628.5255126953125,0.5593157677416365
267,29.917499542236328,8.08750057220459,0.721066537431549,1614.1878662109375,0.8387501239776611,1614.1878662109375,0.721066537431549
268,31.43111228942871,8.381388664245605,0.6878011685882718,1620.691650390625,0.8094828128814697,1620.691650390625,0.6878011685882718
269,30.445831298828125,8.127500534057617,0.7177397996798174,1604.00537109375,0.8372340202331543,1604.00537109375,0.7177397996798174
270,30.473888397216797,8.122221946716309,0.7154670548703145,1626.6622314453125,0.827812910079956,1626.6622314453125,0.7154670548703145
271,31.206666946411133,8.412222862243652,0.6926895831192567,1600.020263671875,0.8074406981468201,1600.020263671875,0.6926895831192567
272,30.176942825317383,8.10083293914795,0.7335361289843727,1609.69189453125,0.817078709602356,1609.69189453125,0.7335361289843727
273,30.768054962158203,8.326666831970215,0.728132346004503,1616.7698974609375,0.8312596082687378,1616.7698974609375,0.728132346004503
274,30.800277709960938,8.283333778381348,0.6968447133151536,1637.3095703125,0.8159259557723999,1637.3095703125,0.6968447133151536
275,31.14722442626953,8.5625,0.7036835958419184,1608.7528076171875,0.823371410369873,1608.7528076171875,0.7036835958419184
276,30.98583221435547,8.482778549194336,0.7176554514166935,1611.10498046875,0.8079453706741333,1611.10498046875,0.7176554514166935
277,31.303611755371094,8.38888931274414,0.6919174886586451,1600.0755615234375,0.7858930826187134,1600.0755615234375,0.6919174886586451
278,31.648054122924805,8.589722633361816,0.7008455790995255,1600.7117919921875,0.75212562084198,1600.7117919921875,0.7008455790995255
279,31.34583282470703,8.425833702087402,0.6951963683773864,1611.084228515625,0.7688820362091064,1611.084228515625,0.6951963683773864
280,30.872222900390625,8.489999771118164,0.7054524398917082,1606.5526123046875,0.7787259221076965,1606.5526123046875,0.7054524398917082
281,31.765832901000977,8.597222328186035,0.7031203730210496,1612.55078125,0.7648674249649048,1612.55078125,0.7031203730210496
282,30.545000076293945,8.442500114440918,0.7365599621007317,1599.330078125,0.7534145712852478,1599.330078125,0.7365599621007317
283,31.079721450805664,8.553888320922852,0.7198049333179815,1600.7479248046875,0.7776437401771545,1600.7479248046875,0.7198049333179815
284,31.3880558013916,8.575555801391602,0.7009446736658538,1614.9493408203125,0.7619016170501709,1614.9493408203125,0.7009446736658538
285,31.149721145629883,8.622221946716309,0.7063307022600934,1609.9805908203125,0.8192711472511292,1609.9805908203125,0.7063307022600934
286,31.374164581298828,8.728888511657715,0.6875456402580254,1608.15380859375,0.7484825849533081,1608.15380859375,0.6875456402580254
287,31.741111755371094,8.786110877990723,0.722772069604419,1583.4371337890625,0.7749421000480652,1583.4371337890625,0.722772069604419
288,31.289165496826172,8.645000457763672,0.7068575803834622,1590.5841064453125,0.7527158260345459,1590.5841064453125,0.7068575803834622
289,32.170555114746094,8.83305549621582,0.6768248058914351,1603.7095947265625,0.7618905305862427,1603.7095947265625,0.6768248058914351
290,32.454444885253906,8.941666603088379,0.7000896464809887,1604.5103759765625,0.7832499146461487,1604.5103759765625,0.7000896464809887
291,31.90194320678711,8.86722183227539,0.6956386769529029,1606.441650390625,0.7580322623252869,1606.441650390625,0.6956386769529029
292,32.18861389160156,9.032499313354492,0.6804512780837647,1584.05029296875,0.7577975988388062,1584.05029296875,0.6804512780837647
293,32.0613899230957,8.98888874053955,0.6806085247918546,1580.4688720703125,0.7191362380981445,1580.4688720703125,0.6806085247918546
294,32.31083297729492,9.043889045715332,0.6666418391966118,1587.943603515625,0.7422304749488831,1587.943603515625,0.6666418391966118
295,32.19166564941406,9.020833969116211,0.692181839513593,1598.1689453125,0.7649997472763062,1598.1689453125,0.692181839513593
296,31.735553741455078,8.881388664245605,0.6903888096706119,1596.5225830078125,0.7965065240859985,1596.5225830078125,0.6903888096706119
297,31.952777862548828,8.921388626098633,0.7013927819675432,1606.109130859375,0.7802796363830566,1606.109130859375,0.7013927819675432
298,32.206390380859375,9.10361099243164,0.6869324353902927,1605.67041015625,0.7368123531341553,1605.67041015625,0.6869324353902927
299,32.80527877807617,9.11138916015625,0.7152793315393986,1585.13916015625,0.7416640520095825,1585.13916015625,0.7152793315393986
300,32.34722137451172,9.168611526489258,0.6985936137302383,1592.7939453125,0.743934690952301,1592.7939453125,0.6985936137302383
301,32.73055648803711,9.26361083984375,0.6636272787454913,1585.1405029296875,0.7093863487243652,1585.1405029296875,0.6636272787454913
302,33.282222747802734,9.331944465637207,0.6797333288200051,1596.05615234375,0.7373043894767761,1596.05615234375,0.6797333288200051
303,32.38444519042969,9.360833168029785,0.7101553404585342,1580.1478271484375,0.7438395619392395,1580.1478271484375,0.7101553404585342
304,33.70694351196289,9.478333473205566,0.6770523887501142,1582.660400390625,0.6701236367225647,1582.660400390625,0.6770523887501142
305,32.80055618286133,9.34749984741211,0.720888726061744,1595.3802490234375,0.7108421325683594,1595.3802490234375,0.720888726061744
306,33.586944580078125,9.429166793823242,0.6861583351249589,1597.1494140625,0.6864326596260071,1597.1494140625,0.6861583351249589
307,32.66166687011719,9.506388664245605,0.692467454020891,1593.2181396484375,0.729854166507721,1593.2181396484375,0.692467454020891
308,33.28916549682617,9.72166633605957,0.6656474252999678,1573.546875,0.7177120447158813,1573.546875,0.6656474252999678
309,33.674163818359375,9.879722595214844,0.6649603548712848,1576.3759765625,0.7045372724533081,1576.3759765625,0.6649603548712848
310,33.1622200012207,9.57972240447998,0.6983782662274587,1577.288818359375,0.7238812446594238,1577.288818359375,0.6983782662274587
311,34.00083541870117,9.735555648803711,0.6921928365551047,1602.4952392578125,0.7027715444564819,1602.4952392578125,0.6921928365551047
312,33.86805725097656,10.016111373901367,0.6648499164373575,1591.430419921875,0.682345986366272,1591.430419921875,0.6648499164373575
313,34.20499801635742,10.137777328491211,0.6920031760790142,1580.3773193359375,0.7273197174072266,1580.3773193359375,0.6920031760790142
314,33.669166564941406,10.1002779006958,0.6631831645648472,1593.5679931640625,0.6954471468925476,1593.5679931640625,0.6631831645648472
315,33.81777572631836,10.152222633361816,0.6719361526590859,1578.115966796875,0.6536462306976318,1578.115966796875,0.6719361526590859
316,34.16555404663086,10.148056030273438,0.6628967156253098,1582.71533203125,0.6852716207504272,1582.71533203125,0.6628967156253098
317,33.968055725097656,10.289166450500488,0.6777061229236991,1583.853515625,0.6799784898757935,1583.853515625,0.6777061229236991
318,34.391387939453125,10.508333206176758,0.6488209557577609,1587.367431640625,0.6827619075775146,1587.367431640625,0.6488209557577609
319,33.75194549560547,10.226943969726562,0.7042040055825376,1592.08935546875,0.7134866714477539,1592.08935546875,0.7042040055825376
320,33.89777755737305,10.377778053283691,0.680797466620398,1592.662353515625,0.698968768119812,1592.662353515625,0.680797466620398
321,34.38194274902344,10.553610801696777,0.678933314660437,1582.934814453125,0.6305583715438843,1582.934814453125,0.678933314660437
322,34.28472137451172,10.66611099243164,0.6564591888961636,1584.3096923828125,0.7038326263427734,1584.3096923828125,0.6564591888961636
323,34.100555419921875,10.57027816772461,0.6729483457176831,1579.9825439453125,0.6909530162811279,1579.9825439453125,0.6729483457176831
324,33.940277099609375,10.648889541625977,0.6594782494201408,1569.3731689453125,0.652823269367218,1569.3731689453125,0.6594782494201408
325,34.45722198486328,10.702777862548828,0.6927941574247043,1578.2994384765625,0.671187162399292,1578.2994384765625,0.6927941574247043
326,33.375,10.613333702087402,0.6679748730332117,1575.892333984375,0.6663156747817993,1575.892333984375,0.6679748730332117
327,33.616111755371094,10.557499885559082,0.673577570752013,1576.29833984375,0.6911231279373169,1576.29833984375,0.673577570752013
328,33.3033332824707,10.578055381774902,0.6565187365518799,1582.9296875,0.6518340706825256,1582.9296875,0.6565187365518799
329,33.364166259765625,10.692777633666992,0.695275800397493,1559.00830078125,0.6518115401268005,1559.00830078125,0.695275800397493
330,33.75777816772461,10.803610801696777,0.6296944340679239,1568.066162109375,0.6728197932243347,1568.066162109375,0.6296944340679239
331,33.84833526611328,10.84000015258789,0.6829370565820811,1560.4168701171875,0.6384973526000977,1560.4168701171875,0.6829370565820811
332,33.62416458129883,11.07277774810791,0.6626852042885667,1559.8638916015625,0.6213670969009399,1559.8638916015625,0.6626852042885667
333,34.093055725097656,10.97861099243164,0.678283102379277,1566.7440185546875,0.5987039804458618,1566.7440185546875,0.678283102379277
334,34.1238899230957,11.074722290039062,0.6581153066207315,1563.1737060546875,0.6014513969421387,1563.1737060546875,0.6581153066207315
335,33.7297248840332,11.118611335754395,0.6471742588544529,1539.407958984375,0.6282769441604614,1539.407958984375,0.6471742588544529
336,33.90638732910156,11.174444198608398,0.6765338714778746,1557.3250732421875,0.622538149356842,1557.3250732421875,0.6765338714778746
337,34.26972198486328,11.263055801391602,0.6355914925785023,1560.389404296875,0.6096854209899902,1560.389404296875,0.6355914925785023
338,33.36888885498047,11.023333549499512,0.6549155356564552,1559.5574951171875,0.6398290395736694,1559.5574951171875,0.6549155356564552
339,33.49833297729492,11.150277137756348,0.6419373280986224,1535.4029541015625,0.6041790843009949,1535.4029541015625,0.6419373280986224
340,33.13916778564453,11.127500534057617,0.6766553400330186,1563.3353271484375,0.6561049222946167,1563.3353271484375,0.6766553400330186
341,33.495277404785156,11.609999656677246,0.6381688267500789,1545.808837890625,0.6191439628601074,1545.808837890625,0.6381688267500789
342,33.28361129760742,11.376389503479004,0.6641069483263371,1527.3531494140625,0.6451436877250671,1527.3531494140625,0.6641069483263371
343,33.16722106933594,11.470555305480957,0.6818879077213418,1537.7840576171875,0.5945948958396912,1537.7840576171875,0.6818879077213418
344,33.10194396972656,11.539722442626953,0.6641912620696092,1535.890380859375,0.5785292387008667,1535.890380859375,0.6641912620696092
345,32.62944412231445,11.523333549499512,0.6606573801415746,1546.0115966796875,0.6620506048202515,1546.0115966796875,0.6606573801415746
346,33.18000030517578,11.676944732666016,0.6426065388537614,1523.408447265625,0.6362370252609253,1523.408447265625,0.6426065388537614
347,33.250831604003906,11.78499984741211,0.6562517662661312,1533.0982666015625,0.6002454161643982,1533.0982666015625,0.6562517662661312
348,33.00638961791992,11.646111488342285,0.6545076738844197,1503.592529296875,0.5733455419540405,1503.592529296875,0.6545076738844197
349,33.34583282470703,11.776944160461426,0.6538684105091597,1514.4598388671875,0.5989612340927124,1514.4598388671875,0.6538684105091597
350,32.90416717529297,11.92361068725586,0.6768533005089693,1542.5501708984375,0.5760219097137451,1542.5501708984375,0.6768533005089693
351,33.28916549682617,11.981666564941406,0.669261395738595,1514.289794921875,0.5873250961303711,1514.289794921875,0.669261395738595
352,32.679443359375,11.763333320617676,0.6613367656723017,1511.244384765625,0.5960736870765686,1511.244384765625,0.6613367656723017
353,32.934722900390625,11.78833293914795,0.6827143761769409,1506.7904052734375,0.6234554648399353,1506.7904052734375,0.6827143761769409
354,33.219722747802734,12.170000076293945,0.6468895964407456,1515.2930908203125,0.5944783091545105,1515.2930908203125,0.6468895964407456
355,33.726112365722656,12.348055839538574,0.6547266475641565,1499.613525390625,0.607953667640686,1499.613525390625,0.6547266475641565
356,33.3305549621582,12.41611099243164,0.6560540468563718,1516.7578125,0.5589654445648193,1516.7578125,0.6560540468563718
357,32.93305587768555,12.483611106872559,0.6480326449728834,1501.214599609375,0.5848901867866516,1501.214599609375,0.6480326449728834
358,33.25972366333008,12.306666374206543,0.6416647124118259,1508.4462890625,0.5826558470726013,1508.4462890625,0.6416647124118259
359,33.12555694580078,12.485555648803711,0.6433243493806514,1500.5653076171875,0.5575239062309265,1500.5653076171875,0.6433243493806514
360,32.50611114501953,12.454167366027832,0.6582434785734848,1497.041015625,0.5904519557952881,1497.041015625,0.6582434785734848
361,33.30888748168945,12.940555572509766,0.656087959055484,1484.2208251953125,0.554181694984436,1484.2208251953125,0.656087959055484
362,32.76416778564453,12.819722175598145,0.651480446826782,1522.141845703125,0.5588265061378479,1522.141845703125,0.651480446826782
363,33.0272216796875,12.88888931274414,0.6755591948528814,1521.7603759765625,0.5687276124954224,1521.7603759765625,0.6755591948528814
364,33.20722198486328,12.820555686950684,0.6753685365455988,1493.79052734375,0.6261069178581238,1493.79052734375,0.6753685365455988
365,33.27805709838867,13.147500038146973,0.6633052199189461,1494.587890625,0.5726420879364014,1494.587890625,0.6633052199189461
366,32.79027557373047,13.117778778076172,0.642393816736911,1491.724365234375,0.5818678736686707,1491.724365234375,0.642393816736911
367,33.37694549560547,13.507777214050293,0.6276240203907019,1490.41162109375,0.5713182091712952,1490.41162109375,0.6276240203907019
368,33.26250076293945,13.568611145019531,0.6406523262469939,1496.0556640625,0.5271341800689697,1496.0556640625,0.6406523262469939
369,33.45499801635742,13.490555763244629,0.6370432806539847,1486.0318603515625,0.5275223255157471,1486.0318603515625,0.6370432806539847
370,33.29888916015625,13.973888397216797,0.6434276437086393,1494.250732421875,0.5462089776992798,1494.250732421875,0.6434276437086393
371,32.96444320678711,13.779444694519043,0.6439033587811731,1491.945556640625,0.5194560885429382,1491.945556640625,0.6439033587811731
372,33.326385498046875,13.900278091430664,0.6573587990268444,1468.9854736328125,0.5157373547554016,1468.9854736328125,0.6573587990268444
373,33.088890075683594,14.009167671203613,0.67225035229587,1475.1314697265625,0.5565287470817566,1475.1314697265625,0.67225035229587
374,33.059444427490234,13.907777786254883,0.6693469621085893,1483.4281005859375,0.5164433717727661,1483.4281005859375,0.6693469621085893
375,32.706390380859375,13.966388702392578,0.6373212885343478,1472.182861328125,0.5109149813652039,1472.182861328125,0.6373212885343478
376,32.96916961669922,14.415277481079102,0.6307250261316155,1447.784423828125,0.5174629092216492,1447.784423828125,0.6307250261316155
377,32.939998626708984,14.54777717590332,0.6733446957962518,1477.90625,0.534553587436676,1477.90625,0.6733446957962518
378,33.32611083984375,14.612221717834473,0.6432342233236268,1479.4149169921875,0.5177112817764282,1479.4149169921875,0.6432342233236268
379,33.02555847167969,14.76027774810791,0.630986229384431,1445.3157958984375,0.49583572149276733,1445.3157958984375,0.630986229384431
380,32.84749984741211,14.648056030273438,0.6824349686470549,1462.3125,0.49165868759155273,1462.3125,0.6824349686470549
381,32.79305648803711,14.789443969726562,0.6508613454766863,1449.68212890625,0.5101438760757446,1449.68212890625,0.6508613454766863
382,32.524166107177734,14.733888626098633,0.653142092506836,1455.9229736328125,0.5032925605773926,1455.9229736328125,0.653142092506836
383,32.920833587646484,15.328332901000977,0.6568105785422154,1448.9844970703125,0.5370373129844666,1448.9844970703125,0.6568105785422154
384,32.849998474121094,15.329444885253906,0.6599080958614305,1453.5311279296875,0.48889559507369995,1453.5311279296875,0.6599080958614305
385,33.179443359375,15.608332633972168,0.6658277964355213,1454.2314453125,0.5225319862365723,1454.2314453125,0.6658277964355213
386,32.397499084472656,15.148332595825195,0.6613252144150976,1423.039794921875,0.5162425637245178,1423.039794921875,0.6613252144150976
387,32.6069450378418,15.278610229492188,0.6514750024245273,1460.017822265625,0.48314470052719116,1460.017822265625,0.6514750024245273
388,32.27888870239258,15.859444618225098,0.6390349372404037,1443.154541015625,0.5400207042694092,1443.154541015625,0.6390349372404037
389,32.49027633666992,16.04833221435547,0.6634686705670202,1422.873291015625,0.4630622863769531,1422.873291015625,0.6634686705670202
390,32.2863883972168,16.059444427490234,0.6438741557533763,1441.7462158203125,0.476409375667572,1441.7462158203125,0.6438741557533763
391,32.511112213134766,15.956944465637207,0.6500097434031398,1426.841796875,0.45244288444519043,1426.841796875,0.6500097434031398
392,32.47972106933594,16.50583267211914,0.6597247159324177,1404.650146484375,0.4827098250389099,1404.650146484375,0.6597247159324177
393,32.05472183227539,16.363056182861328,0.6557911979532474,1402.944580078125,0.4820373058319092,1402.944580078125,0.6557911979532474
394,32.16611099243164,16.45805549621582,0.6696177187145973,1416.001708984375,0.4400302767753601,1416.001708984375,0.6696177187145973
395,31.883331298828125,16.61638832092285,0.6485752330499268,1444.212646484375,0.5092182159423828,1444.212646484375,0.6485752330499268
396,32.06444549560547,16.940000534057617,0.6513624603521004,1403.9049072265625,0.484402060508728,1403.9049072265625,0.6513624603521004
397,32.03694534301758,16.82527732849121,0.6835507557967274,1406.522705078125,0.4834858179092407,1406.522705078125,0.6835507557967274
398,31.719165802001953,16.593610763549805,0.6612868793679374,1413.4404296875,0.46462446451187134,1413.4404296875,0.6612868793679374
399,32.00694274902344,17.255834579467773,0.6456603354100914,1389.495361328125,0.4684189558029175,1389.495361328125,0.6456603354100914
400,31.627222061157227,16.998611450195312,0.6540499531139141,1401.39453125,0.4385112524032593,1401.39453125,0.6540499531139141
401,31.652502059936523,17.346111297607422,0.674633593755769,1403.5660400390625,0.43465250730514526,1403.5660400390625,0.674633593755769
402,31.658056259155273,17.691667556762695,0.6397236442292724,1371.2852783203125,0.41897469758987427,1371.2852783203125,0.6397236442292724
403,31.623056411743164,17.613889694213867,0.6596130724743107,1390.18115234375,0.4174301028251648,1390.18115234375,0.6596130724743107
404,31.341665267944336,17.70138931274414,0.6619291303565658,1419.0233154296875,0.465623140335083,1419.0233154296875,0.6619291303565658
405,31.533611297607422,18.11638832092285,0.6537471034667277,1381.795654296875,0.4069738984107971,1381.795654296875,0.6537471034667277
406,31.28583526611328,17.78583335876465,0.6725927586265096,1377.6632080078125,0.43351757526397705,1377.6632080078125,0.6725927586265096
407,31.184444427490234,18.056943893432617,0.6627709559413321,1348.5732421875,0.4693799614906311,1348.5732421875,0.6627709559413321
408,31.073888778686523,17.788331985473633,0.6763305181846556,1379.5150146484375,0.45389872789382935,1379.5150146484375,0.6763305181846556
409,30.48611068725586,17.93166732788086,0.6517685022746893,1361.361572265625,0.4504876136779785,1361.361572265625,0.6517685022746893
410,30.870834350585938,18.39583396911621,0.63271075187652,1358.90673828125,0.4414445757865906,1358.90673828125,0.63271075187652
411,30.975278854370117,18.766387939453125,0.6840606105723154,1351.5301513671875,0.4447721242904663,1351.5301513671875,0.6840606105723154
412,30.800277709960938,18.738887786865234,0.6716195076283256,1338.5118408203125,0.4005711078643799,1338.5118408203125,0.6716195076283256
413,30.698888778686523,19.024444580078125,0.6557995436195688,1361.0972900390625,0.4393940567970276,1361.0972900390625,0.6557995436195688
414,30.66472053527832,19.125,0.6643830100982596,1336.1607666015625,0.4338799715042114,1336.1607666015625,0.6643830100982596
415,30.793609619140625,19.17972183227539,0.6797048859978511,1343.455078125,0.41262489557266235,1343.455078125,0.6797048859978511
416,30.573055267333984,19.135278701782227,0.6738430235629257,1328.7442626953125,0.42900121212005615,1328.7442626953125,0.6738430235629257
417,30.677223205566406,19.7227783203125,0.6867660516448311,1360.8226318359375,0.39382636547088623,1360.8226318359375,0.6867660516448311
418,30.338054656982422,19.321666717529297,0.6515316233318249,1350.7415771484375,0.45241039991378784,1350.7415771484375,0.6515316233318249
419,30.64333152770996,19.658611297607422,0.6750112852596831,1333.286376953125,0.42079252004623413,1333.286376953125,0.6750112852596831
420,30.115556716918945,19.36916732788086,0.6895307777715086,1320.7344970703125,0.4243966341018677,1320.7344970703125,0.6895307777715086
421,30.362499237060547,19.88861083984375,0.6758281880921292,1342.487060546875,0.44004642963409424,1342.487060546875,0.6758281880921292
422,30.099721908569336,20.191389083862305,0.6562786493442889,1338.148681640625,0.42172354459762573,1338.148681640625,0.6562786493442889
423,30.151111602783203,20.29277801513672,0.6719073324454108,1327.196044921875,0.39990222454071045,1327.196044921875,0.6719073324454108
424,29.85500144958496,20.364999771118164,0.6765049721923719,1326.6187744140625,0.43218374252319336,1326.6187744140625,0.6765049721923719
425,29.789722442626953,20.598054885864258,0.6797401780550875,1310.5291748046875,0.42117130756378174,1310.5291748046875,0.6797401780550875
426,29.828611373901367,20.822221755981445,0.6932012289951552,1311.6959228515625,0.415042519569397,1311.6959228515625,0.6932012289951552
427,29.759723663330078,20.851388931274414,0.6996158538741944,1291.247802734375,0.39703142642974854,1291.247802734375,0.6996158538741944
428,29.572778701782227,20.375276565551758,0.6999765206849438,1300.4578857421875,0.4062809944152832,1300.4578857421875,0.6999765206849438
429,29.74388885498047,21.081390380859375,0.7268889966531662,1298.209716796875,0.3619709014892578,1298.209716796875,0.7268889966531662
430,29.581388473510742,21.26361083984375,0.6962047214414929,1294.972900390625,0.4204508662223816,1294.972900390625,0.6962047214414929
431,29.168054580688477,21.154722213745117,0.6766318855459381,1284.147216796875,0.41916513442993164,1284.147216796875,0.6766318855459381
432,29.603055953979492,21.27055549621582,0.7175119977831281,1287.9893798828125,0.38797491788864136,1287.9893798828125,0.7175119977831281
433,29.15194320678711,21.503610610961914,0.697258287990763,1297.4808349609375,0.39283454418182373,1297.4808349609375,0.697258287990763
434,29.1875,21.7016658782959,0.7089839848583657,1271.7550048828125,0.4192172884941101,1271.7550048828125,0.7089839848583657
435,29.17860984802246,21.87611198425293,0.7256875370406952,1275.81494140625,0.3735541105270386,1275.81494140625,0.7256875370406952
436,29.006389617919922,21.878889083862305,0.7055551277085177,1264.609375,0.36963438987731934,1264.609375,0.7055551277085177
437,28.92305564880371,22.24277687072754,0.6956222026809391,1266.6964111328125,0.37167561054229736,1266.6964111328125,0.6956222026809391
438,28.80583381652832,21.86888885498047,0.7181140694763886,1272.64990234375,0.41297447681427,1272.64990234375,0.7181140694763886
439,28.746944427490234,22.106111526489258,0.7303408534966196,1256.8018798828125,0.3860144019126892,1256.8018798828125,0.7303408534966196
440,28.413888931274414,22.63861083984375,0.6910179176729282,1243.051025390625,0.36441880464553833,1243.051025390625,0.6910179176729282
441,28.556665420532227,22.605833053588867,0.6979135845852562,1267.9842529296875,0.4219909906387329,1267.9842529296875,0.6979135845852562
442,28.456390380859375,22.675556182861328,0.7372976336433695,1238.2515869140625,0.39800161123275757,1238.2515869140625,0.7372976336433695
443,28.25222396850586,22.895278930664062,0.7067934489390759,1249.349609375,0.3650825023651123,1249.349609375,0.7067934489390759
444,28.14638900756836,23.371944427490234,0.7435034309434605,1237.6435546875,0.34606266021728516,1237.6435546875,0.7435034309434605
445,28.22861099243164,22.670833587646484,0.7075549167565771,1212.4246826171875,0.3643232583999634,1212.4246826171875,0.7075549167565771
446,28.426111221313477,23.796112060546875,0.7306423501869178,1226.8736572265625,0.3869932293891907,1226.8736572265625,0.7306423501869178
447,27.616668701171875,23.617223739624023,0.7227061116051557,1223.3875732421875,0.3503081202507019,1223.3875732421875,0.7227061116051557
448,28.079166412353516,23.780000686645508,0.7178189210398348,1222.9005126953125,0.36693084239959717,1222.9005126953125,0.7178189210398348
449,27.953609466552734,23.918333053588867,0.7411613951001055,1218.6365966796875,0.33696871995925903,1218.6365966796875,0.7411613951001055
450,27.733612060546875,24.114721298217773,0.7333413890677076,1206.570556640625,0.34193170070648193,1206.570556640625,0.7333413890677076
451,27.864166259765625,23.863332748413086,0.7320619256798288,1224.1153564453125,0.3517282009124756,1224.1153564453125,0.7320619256798288
452,27.578332901000977,24.184444427490234,0.7557968034466034,1208.8800048828125,0.33836597204208374,1208.8800048828125,0.7557968034466034
453,27.554166793823242,24.086111068725586,0.7480041454403088,1200.8009033203125,0.3368474245071411,1200.8009033203125,0.7480041454403088
454,27.4505558013916,24.002777099609375,0.7577536204575952,1227.091064453125,0.35220104455947876,1227.091064453125,0.7577536204575952
455,27.36944580078125,24.56222152709961,0.777936150720292,1206.7108154296875,0.3264365792274475,1206.7108154296875,0.777936150720292
456,27.403888702392578,24.343055725097656,0.7609234475574237,1226.4813232421875,0.3196524381637573,1226.4813232421875,0.7609234475574237
457,27.306943893432617,24.149999618530273,0.7716118007806816,1205.4705810546875,0.32085728645324707,1205.4705810546875,0.7716118007806816
458,27.113887786865234,24.88222312927246,0.7706966703691731,1178.68505859375,0.2957020401954651,1178.68505859375,0.7706966703691731
459,27.07666778564453,25.0272216796875,0.7690076397372589,1192.222412109375,0.3352566361427307,1192.222412109375,0.7690076397372589
460,27.0816650390625,25.044445037841797,0.7841859680234566,1173.472412109375,0.33626043796539307,1173.472412109375,0.7841859680234566
461,26.753887176513672,24.907499313354492,0.7694748608560962,1167.9439697265625,0.35728326439857483,1167.9439697265625,0.7694748608560962
462,26.62583351135254,25.02250099182129,0.7839951949659919,1184.2607421875,0.3220842480659485,1184.2607421875,0.7839951949659919
463,26.670555114746094,25.916946411132812,0.7628987099533191,1178.982666015625,0.3343992829322815,1178.982666015625,0.7628987099533191
464,26.69527816772461,25.15333366394043,0.7770070093337231,1158.7376708984375,0.31122690439224243,1158.7376708984375,0.7770070093337231
465,26.59139060974121,25.023056030273438,0.8018210996827362,1177.869873046875,0.3184375762939453,1177.869873046875,0.8018210996827362
466,26.469999313354492,25.629446029663086,0.7914900935925968,1145.774658203125,0.31518638134002686,1145.774658203125,0.7914900935925968
467,26.4072208404541,25.828611373901367,0.7743439526769756,1162.0885009765625,0.3095707297325134,1162.0885009765625,0.7743439526769756
468,26.22722053527832,25.96000099182129,0.8154870454531127,1146.674072265625,0.31079405546188354,1146.674072265625,0.8154870454531127
469,26.240835189819336,26.02694320678711,0.8091326583360695,1133.9195556640625,0.3004581332206726,1133.9195556640625,0.8091326583360695
470,26.45888900756836,26.05360984802246,0.7879128359180689,1150.6204833984375,0.2688312530517578,1150.6204833984375,0.7879128359180689
471,26.211389541625977,26.386388778686523,0.7998691598113775,1136.14111328125,0.2808854579925537,1136.14111328125,0.7998691598113775
472,26.162221908569336,26.54194450378418,0.7935305290040788,1129.550048828125,0.30281054973602295,1129.550048828125,0.7935305290040788
473,25.93777847290039,26.74916648864746,0.7815499929672928,1143.9771728515625,0.2966068387031555,1143.9771728515625,0.7815499929672928
474,25.80694580078125,27.255279541015625,0.783184621091668,1144.4156494140625,0.3191918730735779,1144.4156494140625,0.783184621091668
475,26.004165649414062,26.995277404785156,0.7985522810539392,1145.3330078125,0.31779855489730835,1145.3330078125,0.7985522810539392
476,26.043888092041016,26.671112060546875,0.795587740086164,1154.1363525390625,0.3169177770614624,1154.1363525390625,0.795587740086164
477,25.864999771118164,27.239168167114258,0.793003128792753,1135.9945068359375,0.26838749647140503,1135.9945068359375,0.793003128792753
478,25.968610763549805,26.73138999938965,0.7877777155904321,1104.9329833984375,0.2687835097312927,1104.9329833984375,0.7877777155904321
479,25.799999237060547,27.223888397216797,0.7939381165981927,1133.6109619140625,0.2831546664237976,1133.6109619140625,0.7939381165981927
480,25.43083381652832,27.473609924316406,0.7895453898118778,1127.3135986328125,0.2771911025047302,1127.3135986328125,0.7895453898118778
481,25.77666664123535,27.81305694580078,0.7758355922996742,1104.864013671875,0.2539921998977661,1104.864013671875,0.7758355922996742
482,25.440555572509766,27.789167404174805,0.7882920633592813,1132.4156494140625,0.272783100605011,1132.4156494140625,0.7882920633592813
483,25.30027961730957,28.29166603088379,0.8027186250378173,1121.152587890625,0.26667964458465576,1121.152587890625,0.8027186250378173
484,25.544721603393555,27.746387481689453,0.7745636116094051,1103.01123046875,0.2882179617881775,1103.01123046875,0.7745636116094051
485,25.558889389038086,28.137779235839844,0.8076299394392656,1123.008056640625,0.26135772466659546,1123.008056640625,0.8076299394392656
486,25.333332061767578,28.039443969726562,0.7939862080202997,1120.027587890625,0.24591541290283203,1120.027587890625,0.7939862080202997
487,25.2902774810791,29.302778244018555,0.80696436146854,1114.600341796875,0.2677984833717346,1114.600341796875,0.80696436146854
488,24.959165573120117,29.21666717529297,0.817108264653785,1091.1121826171875,0.25350815057754517,1091.1121826171875,0.817108264653785
489,25.058332443237305,29.182222366333008,0.7949495772619075,1102.650390625,0.27144408226013184,1102.650390625,0.7949495772619075
490,24.754722595214844,29.66388702392578,0.7981589465748669,1082.8211669921875,0.27258843183517456,1082.8211669921875,0.7981589465748669
491,24.954723358154297,29.231945037841797,0.7963929472497541,1111.380859375,0.2922343611717224,1111.380859375,0.7963929472497541
492,24.763334274291992,29.865833282470703,0.790258053658243,1064.303466796875,0.2712116241455078,1064.303466796875,0.790258053658243
493,24.844722747802734,29.283889770507812,0.8074376237290295,1104.38037109375,0.2555774450302124,1104.38037109375,0.8074376237290295
494,24.864999771118164,29.90833282470703,0.8187676890092737,1109.426025390625,0.2731982171535492,1109.426025390625,0.8187676890092737
495,24.883888244628906,30.22361183166504,0.7867944381472236,1100.2296142578125,0.25294822454452515,1100.2296142578125,0.7867944381472236
496,24.35249900817871,30.559720993041992,0.809740417852208,1104.335205078125,0.27444207668304443,1104.335205078125,0.809740417852208
497,24.487777709960938,31.177499771118164,0.7749984004932595,1067.124267578125,0.24862492084503174,1067.124267578125,0.7749984004932595
498,24.588611602783203,30.365556716918945,0.7987032655638134,1091.7733154296875,0.2595905065536499,1091.7733154296875,0.7987032655638134
499,24.560556411743164,30.990556716918945,0.7865935986620375,1071.3326416015625,0.2259238362312317,1071.3326416015625,0.7865935986620375
500,24.213333129882812,31.150833129882812,0.7791845548505179,1085.9088134765625,0.22870731353759766,1085.9088134765625,0.7791845548505179
501,24.183055877685547,30.82666778564453,0.8072370947703751,1074.4273681640625,0.22095656394958496,1074.4273681640625,0.8072370947703751
502,24.001388549804688,31.359724044799805,0.7916494047565619,1072.775634765625,0.24037683010101318,1072.775634765625,0.7916494047565619
503,24.262779235839844,31.48722267150879,0.8011817091035769,1084.6138916015625,0.23778009414672852,1084.6138916015625,0.8011817091035769
504,24.108888626098633,31.436113357543945,0.8058090255061062,1066.30908203125,0.24796253442764282,1066.30908203125,0.8058090255061062
505,24.03611183166504,31.98055648803711,0.7903532681719956,1079.692138671875,0.23822540044784546,1079.692138671875,0.7903532681719956
506,23.948612213134766,32.0716667175293,0.8034993371522536,1062.308349609375,0.23079437017440796,1062.308349609375,0.8034993371522536
507,23.65305519104004,31.561389923095703,0.7878137381426066,1055.068603515625,0.23329460620880127,1055.068603515625,0.7878137381426066
508,23.726943969726562,32.49055480957031,0.7996211263307074,1053.0760498046875,0.21578162908554077,1053.0760498046875,0.7996211263307074
509,23.717222213745117,32.696388244628906,0.7902153609408666,1053.107421875,0.21965044736862183,1053.107421875,0.7902153609408666
510,23.703332901000977,32.624168395996094,0.8196028092677561,1058.237548828125,0.2203933596611023,1058.237548828125,0.8196028092677561
511,23.40277671813965,32.4466667175293,0.7965251013394599,1067.2177734375,0.2478412687778473,1067.2177734375,0.7965251013394599
512,23.490833282470703,32.68055725097656,0.8167569184643855,1050.8890380859375,0.209882915019989,1050.8890380859375,0.8167569184643855
513,23.337223052978516,32.53666687011719,0.7763269236364786,1054.5767822265625,0.22728705406188965,1054.5767822265625,0.7763269236364786
514,23.384166717529297,32.56666564941406,0.7780737086364927,1053.7308349609375,0.2150125503540039,1053.7308349609375,0.7780737086364927
515,23.356666564941406,33.09527587890625,0.8150633425467242,1067.1085205078125,0.2313317060470581,1067.1085205078125,0.8150633425467242
516,23.37555503845215,32.88083267211914,0.8086356265132287,1066.991455078125,0.2191859483718872,1066.991455078125,0.8086356265132287
517,22.857778549194336,33.883331298828125,0.8015434316840024,1037.49609375,0.22111248970031738,1037.49609375,0.8015434316840024
518,23.016944885253906,33.58388900756836,0.8042423158480134,1049.0701904296875,0.23216569423675537,1049.0701904296875,0.8042423158480134
519,22.884445190429688,34.081668853759766,0.785451345124037,1048.1448974609375,0.22381377220153809,1048.1448974609375,0.785451345124037
520,23.032777786254883,33.71999740600586,0.8226223333058833,1048.825927734375,0.22530263662338257,1048.825927734375,0.8226223333058833
521,22.70138931274414,34.06777572631836,0.7973386522532612,1043.64794921875,0.2165650725364685,1043.64794921875,0.7973386522532612
522,22.792499542236328,34.68888854980469,0.8180050827691671,1052.6290283203125,0.22926822304725647,1052.6290283203125,0.8180050827691671
523,22.79305648803711,35.44472122192383,0.8056216144494625,1024.422119140625,0.2185588777065277,1024.422119140625,0.8056216144494625
524,22.95027732849121,34.600555419921875,0.8216159506291935,1045.696533203125,0.22182002663612366,1045.696533203125,0.8216159506291935
525,23.153610229492188,34.5111083984375,0.8243316712023722,1031.634521484375,0.19095903635025024,1031.634521484375,0.8243316712023722
526,22.79305648803711,35.22833251953125,0.809708491002484,1033.3399658203125,0.20753347873687744,1033.3399658203125,0.809708491002484
527,22.8477783203125,34.80416488647461,0.7987461718774702,1043.079345703125,0.21160149574279785,1043.079345703125,0.7987461718774702
528,22.523056030273438,35.418888092041016,0.7907966414472125,1043.0474853515625,0.21602275967597961,1043.0474853515625,0.7907966414472125
529,22.676944732666016,35.91638946533203,0.7876315223767472,1032.7830810546875,0.21224939823150635,1032.7830810546875,0.7876315223767472
530,22.900278091430664,35.36111068725586,0.8486236348595122,1043.431640625,0.21254956722259521,1043.431640625,0.8486236348595122
531,22.42500114440918,35.84055709838867,0.7912277832789472,1044.7357177734375,0.2135084867477417,1044.7357177734375,0.7912277832789472
532,22.786388397216797,36.1622200012207,0.8186455771309072,1031.85107421875,0.2197469174861908,1031.85107421875,0.8186455771309072
533,22.660415649414062,36.01499938964844,0.6746584981249775,1048.8206787109375,0.19771254062652588,1048.8206787109375,0.6746584981249775
534,22.885833740234375,36.0069465637207,0.8143948516575024,1047.9876708984375,0.21347969770431519,1047.9876708984375,0.8143948516575024
535,22.3336124420166,36.983333587646484,0.8123425087745533,1006.8021850585938,0.22083526849746704,1006.8021850585938,0.8123425087745533
536,22.47249984741211,36.08833312988281,0.8027245321370889,1015.5545043945312,0.21425867080688477,1015.5545043945312,0.8027245321370889
537,22.55500030517578,36.60305404663086,0.8243049454856258,1023.0551147460938,0.20621079206466675,1023.0551147460938,0.8243049454856258
538,22.261112213134766,37.13138961791992,0.802086335252667,1012.4053344726562,0.18921679258346558,1012.4053344726562,0.802086335252667
539,22.328054428100586,36.553611755371094,0.8176613912512403,1044.4622802734375,0.19090741872787476,1044.4622802734375,0.8176613912512403
540,22.36861228942871,37.3849983215332,0.7899053806653087,1031.70556640625,0.19916149973869324,1031.70556640625,0.7899053806653087
541,22.308889389038086,37.10444641113281,0.8241900729935536,1021.5818481445312,0.2073805332183838,1021.5818481445312,0.8241900729935536
542,22.212778091430664,37.76499938964844,0.8284751892017793,1020.109130859375,0.20024961233139038,1020.109130859375,0.8284751892017793
543,22.07111167907715,37.84083557128906,0.8335424303672501,1021.7696533203125,0.19410228729248047,1021.7696533203125,0.8335424303672501
544,22.03499984741211,37.461666107177734,0.793361157788391,1029.7728271484375,0.19560199975967407,1029.7728271484375,0.793361157788391
545,22.248611450195312,38.008331298828125,0.8241144427962785,1018.4595336914062,0.18981975317001343,1018.4595336914062,0.8241144427962785
546,22.274444580078125,37.11888885498047,0.8186790602555458,1031.4193115234375,0.17930471897125244,1031.4193115234375,0.8186790602555458
547,21.904722213745117,38.52361297607422,0.8144232795735664,1019.349365234375,0.19296368956565857,1019.349365234375,0.8144232795735664
548,21.84638786315918,38.3305549621582,0.8306355515051076,1028.058837890625,0.18686342239379883,1028.058837890625,0.8306355515051076
549,22.300554275512695,38.58805465698242,0.8230278439045686,1039.1512451171875,0.17843389511108398,1039.1512451171875,0.8230278439045686
550,22.114166259765625,38.71722412109375,0.8411331291073074,1022.7164916992188,0.20004945993423462,1022.7164916992188,0.8411331291073074
551,21.88888931274414,38.27138900756836,0.8465132255680236,1027.6510009765625,0.1881890892982483,1027.6510009765625,0.8465132255680236
552,21.880834579467773,38.79083251953125,0.8438616582383234,1040.6380615234375,0.18552616238594055,1040.6380615234375,0.8438616582383234
553,21.856945037841797,39.50583267211914,0.824164585628536,1020.0770263671875,0.19950824975967407,1020.0770263671875,0.824164585628536
554,21.76166534423828,40.00833511352539,0.832746428291213,1020.0950927734375,0.2028944194316864,1020.0950927734375,0.832746428291213
555,21.91666603088379,39.38472366333008,0.8373219687570116,1005.8165283203125,0.18934091925621033,1005.8165283203125,0.8373219687570116
556,21.816944122314453,39.56416702270508,0.8356433986429347,1009.8069458007812,0.17778819799423218,1009.8069458007812,0.8356433986429347
557,21.823333740234375,39.7852783203125,0.8213874506164273,1014.869140625,0.18193209171295166,1014.869140625,0.8213874506164273
558,21.878889083862305,39.80889129638672,0.8392358914250068,1023.6511840820312,0.19168606400489807,1023.6511840820312,0.8392358914250068
559,21.70777702331543,40.7480583190918,0.8099187357797712,992.6826782226562,0.20596617460250854,992.6826782226562,0.8099187357797712
560,21.593610763549805,40.38694381713867,0.8334572674980913,1014.798583984375,0.1794278621673584,1014.798583984375,0.8334572674980913
561,21.581945419311523,40.875,0.8424921629673922,1003.9921264648438,0.1774141788482666,1003.9921264648438,0.8424921629673922
562,21.77027702331543,40.92972183227539,0.8444950763411923,1014.6537475585938,0.16397589445114136,1014.6537475585938,0.8444950763411923
563,21.783611297607422,40.351112365722656,0.8407645068090395,1035.53662109375,0.19516879320144653,1035.53662109375,0.8407645068090395
564,21.908334732055664,40.620277404785156,0.8636531590447658,1009.1884765625,0.1895717978477478,1009.1884765625,0.8636531590447658
565,21.809444427490234,41.32861328125,0.8361057033233027,1015.537841796875,0.18060967326164246,1015.537841796875,0.8361057033233027
566,21.519166946411133,40.780277252197266,0.8328958874058593,1002.4638671875,0.1752273142337799,1002.4638671875,0.8328958874058593
567,21.7549991607666,40.59944534301758,0.8605224994133837,1003.7695922851562,0.1784771978855133,1003.7695922851562,0.8605224994133837
568,21.505556106567383,41.032779693603516,0.8373366035013587,1000.1014404296875,0.19032126665115356,1000.1014404296875,0.8373366035013587
569,21.24305534362793,41.227779388427734,0.8576634939445503,1008.4448852539062,0.18292421102523804,1008.4448852539062,0.8576634939445503
570,21.35388946533203,41.61138916015625,0.852099723559321,1006.14599609375,0.1771482527256012,1006.14599609375,0.852099723559321
571,21.300556182861328,41.26305389404297,0.8506938877370227,987.6661376953125,0.18562564253807068,987.6661376953125,0.8506938877370227
572,21.450834274291992,41.7680549621582,0.843781335832735,1013.4656372070312,0.17756840586662292,1013.4656372070312,0.843781335832735
573,21.43944549560547,41.1158332824707,0.847925852313056,1006.113525390625,0.17463341355323792,1006.113525390625,0.847925852313056
574,21.35444450378418,42.29194641113281,0.8576351576215762,1003.4012451171875,0.17848923802375793,1003.4012451171875,0.8576351576215762
575,21.34833335876465,41.97944259643555,0.8355799056363296,993.5532836914062,0.1777055859565735,993.5532836914062,0.8355799056363296
576,21.349166870117188,42.386390686035156,0.852139814209834,985.3348999023438,0.1885492205619812,985.3348999023438,0.852139814209834
577,21.432498931884766,41.95888900756836,0.8507833757293037,999.7908935546875,0.18114975094795227,999.7908935546875,0.8507833757293037
578,21.418611526489258,41.98666763305664,0.854644957575396,991.2615966796875,0.1779962182044983,991.2615966796875,0.854644957575396
579,21.213333129882812,42.20722198486328,0.865726034757685,989.336181640625,0.18342047929763794,989.336181640625,0.865726034757685
580,21.175832748413086,42.358890533447266,0.8351133005596205,1000.804443359375,0.17748916149139404,1000.804443359375,0.8351133005596205
581,21.421667098999023,42.3305549621582,0.8558805459390639,995.9960327148438,0.17435210943222046,995.9960327148438,0.8558805459390639
582,21.227222442626953,42.244441986083984,0.8212879150226526,994.5528564453125,0.1839415729045868,994.5528564453125,0.8212879150226526
583,21.216943740844727,42.96444320678711,0.8423897588742464,974.994140625,0.18717604875564575,974.994140625,0.8423897588742464
584,21.0847225189209,42.72805404663086,0.8505642016897293,999.442138671875,0.17964836955070496,999.442138671875,0.8505642016897293
585,20.860000610351562,43.83388900756836,0.8120971333031015,992.1600341796875,0.17223906517028809,992.1600341796875,0.8120971333031015
586,21.247220993041992,43.04249954223633,0.8594489017044868,1026.8861083984375,0.1755554974079132,1026.8861083984375,0.8594489017044868
587,21.012222290039062,43.4716682434082,0.8328897145074212,998.1285400390625,0.17580059170722961,998.1285400390625,0.8328897145074212
588,21.275833129882812,43.45249938964844,0.8316220857518222,1000.4974365234375,0.16606029868125916,1000.4974365234375,0.8316220857518222
589,21.108055114746094,43.17277526855469,0.8415278186607036,997.0245361328125,0.17759695649147034,997.0245361328125,0.8415278186607036
590,21.033056259155273,43.695552825927734,0.8409967853750391,1019.6515502929688,0.1762755811214447,1019.6515502929688,0.8409967853750391
591,21.035554885864258,43.54999923706055,0.8326176386135105,986.34130859375,0.17515835165977478,986.34130859375,0.8326176386135105
592,20.86111068725586,44.50861358642578,0.8176753840458246,986.498291015625,0.18551084399223328,986.498291015625,0.8176753840458246
593,21.158056259155273,43.75611114501953,0.846941464272486,1009.0986938476562,0.1650848090648651,1009.0986938476562,0.846941464272486
594,21.216388702392578,44.46500015258789,0.8327290312802051,1006.1611328125,0.17307904362678528,1006.1611328125,0.8327290312802051
595,21.067501068115234,44.33583450317383,0.8499020141922307,1016.9008178710938,0.16607168316841125,1016.9008178710938,0.8499020141922307
596,20.920833587646484,44.65888977050781,0.841009910779424,1008.1787719726562,0.1651802957057953,1008.1787719726562,0.841009910779424
597,21.206945419311523,44.776390075683594,0.859002476289026,1005.75634765625,0.17163938283920288,1005.75634765625,0.859002476289026
598,21.064722061157227,45.2127799987793,0.8203438065474211,993.4510498046875,0.17414483428001404,993.4510498046875,0.8203438065474211
599,20.77055549621582,45.826385498046875,0.8525209975885035,1008.7932739257812,0.166642963886261,1008.7932739257812,0.8525209975885035
600,20.974443435668945,45.77972412109375,0.8528074990460367,988.5575561523438,0.1748291552066803,988.5575561523438,0.8528074990460367
601,20.76333236694336,45.99416732788086,0.8373502871370648,1004.7147216796875,0.16471701860427856,1004.7147216796875,0.8373502871370648
602,21.0,45.690555572509766,0.8338145288066823,999.0985717773438,0.16245079040527344,999.0985717773438,0.8338145288066823
603,20.963054656982422,46.0452766418457,0.8296192078334286,1009.5704345703125,0.16234531998634338,1009.5704345703125,0.8296192078334286
604,20.858055114746094,45.717777252197266,0.8422841528615722,995.9058227539062,0.1722593605518341,995.9058227539062,0.8422841528615722
605,21.26999855041504,46.04194641113281,0.8494193275744777,1007.851318359375,0.16465172171592712,1007.851318359375,0.8494193275744777
606,20.977500915527344,46.03666687011719,0.8389780945652097,990.3405151367188,0.1686042845249176,990.3405151367188,0.8389780945652097
607,21.016666412353516,46.28305435180664,0.8606713679076944,1015.7000732421875,0.16677287220954895,1015.7000732421875,0.8606713679076944
608,20.670833587646484,47.36777877807617,0.8419286084495616,1010.2069702148438,0.1606064736843109,1010.2069702148438,0.8419286084495616
609,20.81277847290039,47.446109771728516,0.8575241457443786,989.1239013671875,0.18169176578521729,989.1239013671875,0.8575241457443786
610,20.938610076904297,47.35444641113281,0.8313948400986334,1018.3640747070312,0.16327396035194397,1018.3640747070312,0.8313948400986334
611,21.20111083984375,46.85916519165039,0.8457873266166283,1019.773681640625,0.16421657800674438,1019.773681640625,0.8457873266166283
612,21.08916664123535,47.133888244628906,0.8568460476861491,1024.5618896484375,0.16206035017967224,1024.5618896484375,0.8568460476861491
613,20.948055267333984,46.97944641113281,0.8562815907121266,998.25390625,0.1725405752658844,998.25390625,0.8562815907121266
614,20.976110458374023,47.24361038208008,0.8554822433376044,1003.2818603515625,0.16404277086257935,1003.2818603515625,0.8554822433376044
615,20.97333335876465,47.16222381591797,0.8389714848889226,989.929443359375,0.1683570146560669,989.929443359375,0.8389714848889226
616,20.892778396606445,47.09000015258789,0.8467326634099503,997.7607421875,0.16183534264564514,997.7607421875,0.8467326634099503
617,20.846389770507812,47.00944519042969,0.8617075720568459,1009.2063598632812,0.1710745096206665,1009.2063598632812,0.8617075720568459
618,20.939167022705078,47.040000915527344,0.8437171969617455,1007.1376342773438,0.16518360376358032,1007.1376342773438,0.8437171969617455
619,20.92361068725586,47.4738883972168,0.8372592291835262,997.3909912109375,0.1696036458015442,997.3909912109375,0.8372592291835262
620,20.746944427490234,47.024444580078125,0.8412269212295542,1008.7799072265625,0.16130444407463074,1008.7799072265625,0.8412269212295542
621,20.8075008392334,47.49833297729492,0.8594885749460494,997.442626953125,0.15237274765968323,997.442626953125,0.8594885749460494
622,20.628055572509766,47.62000274658203,0.8480053947426642,968.1306762695312,0.16816610097885132,968.1306762695312,0.8480053947426642
623,20.726388931274414,47.7863883972168,0.8481755806462467,1006.47509765625,0.177053302526474,1006.47509765625,0.8481755806462467
624,20.662221908569336,47.31999969482422,0.8467807944693614,989.3040771484375,0.1668967604637146,989.3040771484375,0.8467807944693614
625,20.641666412353516,47.71694564819336,0.8415767643233173,981.5545043945312,0.16063383221626282,981.5545043945312,0.8415767643233173
626,20.76500129699707,47.459999084472656,0.8454849285618016,982.515869140625,0.15916109085083008,982.515869140625,0.8454849285618016
627,20.573612213134766,47.0283317565918,0.8741760354298517,998.1405029296875,0.1591443121433258,998.1405029296875,0.8741760354298517
628,20.44527816772461,48.276390075683594,0.8411826227253928,984.4869995117188,0.1533738374710083,984.4869995117188,0.8411826227253928
629,20.560832977294922,48.29111099243164,0.8624959736450811,1004.3442993164062,0.15461009740829468,1004.3442993164062,0.8624959736450811
630,20.703332901000977,48.163055419921875,0.8828750653074622,1006.2282104492188,0.1571110188961029,1006.2282104492188,0.8828750653074622
631,20.313888549804688,47.758331298828125,0.8722602449077634,980.183837890625,0.14767736196517944,980.183837890625,0.8722602449077634
632,20.425554275512695,48.950557708740234,0.8518646945895536,989.7012939453125,0.1574382185935974,989.7012939453125,0.8518646945895536
633,20.378889083862305,48.79305648803711,0.8280923879965918,1014.9572143554688,0.1667133867740631,1014.9572143554688,0.8280923879965918
634,20.06138801574707,48.7158317565918,0.8463770370393161,973.1943969726562,0.15632793307304382,973.1943969726562,0.8463770370393161
635,20.422222137451172,48.75749969482422,0.8454119308770388,997.192138671875,0.15272635221481323,997.192138671875,0.8454119308770388
636,20.205276489257812,48.93083190917969,0.8645324922811732,974.7372436523438,0.16197362542152405,974.7372436523438,0.8645324922811732
637,20.24305534362793,49.516666412353516,0.8422014184511939,991.5759887695312,0.16733497381210327,991.5759887695312,0.8422014184511939
638,20.296388626098633,49.77583312988281,0.8586748089388355,995.5147705078125,0.15116479992866516,995.5147705078125,0.8586748089388355
639,20.31055450439453,49.47722244262695,0.8633711294624451,979.760009765625,0.16333520412445068,979.760009765625,0.8633711294624451
640,20.078887939453125,49.59166717529297,0.8607150591569643,984.9172973632812,0.16564464569091797,984.9172973632812,0.8607150591569643
641,20.47861099243164,49.60361099243164,0.8693507886323047,1008.0730590820312,0.1599731147289276,1008.0730590820312,0.8693507886323047
642,20.467777252197266,49.74055480957031,0.8510725844507819,1010.9495239257812,0.15729406476020813,1010.9495239257812,0.8510725844507819
643,20.2277774810791,49.905277252197266,0.8347494635821762,980.1045532226562,0.15788856148719788,980.1045532226562,0.8347494635821762
644,20.282777786254883,50.299442291259766,0.8421662808868213,990.67724609375,0.1533832848072052,990.67724609375,0.8421662808868213
645,20.38944435119629,51.099998474121094,0.8453936129847702,1000.7923583984375,0.15291467308998108,1000.7923583984375,0.8453936129847702
646,20.308055877685547,50.76861572265625,0.8321703353171355,980.2987060546875,0.16118958592414856,980.2987060546875,0.8321703353171355
647,20.395000457763672,50.42194747924805,0.8625672530452541,999.9385375976562,0.15578266978263855,999.9385375976562,0.8625672530452541
648,20.434444427490234,50.9747200012207,0.8417733113404795,1005.3823852539062,0.15404510498046875,1005.3823852539062,0.8417733113404795
649,20.322500228881836,50.31971740722656,0.8719576093039806,987.7640380859375,0.15209192037582397,987.7640380859375,0.8719576093039806
650,20.236665725708008,51.26000213623047,0.8565699240336845,1002.0777587890625,0.15278217196464539,1002.0777587890625,0.8565699240336845
651,20.265277862548828,52.14972686767578,0.864037351775537,1001.8155517578125,0.1502782106399536,1001.8155517578125,0.864037351775537
652,20.28444480895996,51.71416473388672,0.8495937221945888,986.6079711914062,0.1663292944431305,986.6079711914062,0.8495937221945888
653,20.066944122314453,51.26444625854492,0.8541239128606646,999.8214721679688,0.14845845103263855,999.8214721679688,0.8541239128606646
654,20.177776336669922,51.77888870239258,0.8599598971280717,1014.6644287109375,0.16104575991630554,1014.6644287109375,0.8599598971280717
655,20.10444450378418,51.823890686035156,0.8337859213397242,991.26318359375,0.16431596875190735,991.26318359375,0.8337859213397242
656,20.225000381469727,51.994998931884766,0.8504681069369745,996.68505859375,0.16231343150138855,996.68505859375,0.8504681069369745
657,20.288333892822266,51.79999923706055,0.8477575771616311,1013.29345703125,0.1617792546749115,1013.29345703125,0.8477575771616311
658,20.12583351135254,51.97666931152344,0.8396394851122759,1004.3720703125,0.1568114161491394,1004.3720703125,0.8396394851122759
659,20.149166107177734,52.353607177734375,0.8523812678557803,998.1282958984375,0.15745675563812256,998.1282958984375,0.8523812678557803
660,20.364444732666016,52.3599967956543,0.846185294859347,992.709716796875,0.16364729404449463,992.709716796875,0.846185294859347
661,20.199445724487305,52.9930534362793,0.8527114242707678,999.4212036132812,0.15901651978492737,999.4212036132812,0.8527114242707678
662,20.220277786254883,53.16166687011719,0.8429884106178533,1031.102294921875,0.15696129202842712,1031.102294921875,0.8429884106178533
663,20.198610305786133,53.26361083984375,0.8483499621871331,1003.6188354492188,0.16358917951583862,1003.6188354492188,0.8483499621871331
664,20.28499984741211,53.22888946533203,0.8559180772090957,1009.68798828125,0.1551932692527771,1009.68798828125,0.8559180772090957
665,20.197500228881836,53.39805603027344,0.8441719847393018,1027.9967041015625,0.16257131099700928,1027.9967041015625,0.8441719847393018
666,20.20305633544922,53.809165954589844,0.8410348121175356,1000.521240234375,0.16483521461486816,1000.521240234375,0.8410348121175356
667,20.300556182861328,53.508609771728516,0.8484165229294164,1016.427001953125,0.16031527519226074,1016.427001953125,0.8484165229294164
668,20.255834579467773,53.92000198364258,0.8641036099003356,1010.1141357421875,0.16162994503974915,1010.1141357421875,0.8641036099003356
669,20.165555953979492,54.2238883972168,0.8445207225566348,997.97119140625,0.16175779700279236,997.97119140625,0.8445207225566348
670,20.31861114501953,53.79417037963867,0.8538632705441814,1000.7191162109375,0.16104620695114136,1000.7191162109375,0.8538632705441814
671,20.101388931274414,54.78555679321289,0.8508367790694178,1023.1641235351562,0.1627432107925415,1023.1641235351562,0.8508367790694178
672,20.08305549621582,54.404998779296875,0.8585946365891738,990.6076049804688,0.16171640157699585,990.6076049804688,0.8585946365891738
673,20.33277702331543,54.40805435180664,0.8539010430395687,1017.2564086914062,0.16029739379882812,1017.2564086914062,0.8539010430395687
674,20.196388244628906,53.948055267333984,0.8463438987398978,1006.3195190429688,0.1614079475402832,1006.3195190429688,0.8463438987398978
675,20.046945571899414,54.57749938964844,0.8458808328491109,1014.138916015625,0.16866254806518555,1014.138916015625,0.8458808328491109
676,20.192777633666992,54.008888244628906,0.8451356983550673,1006.5269165039062,0.15964993834495544,1006.5269165039062,0.8451356983550673
677,20.16722297668457,54.90055847167969,0.8314865996957992,1020.7449340820312,0.1588013470172882,1020.7449340820312,0.8314865996957992
678,20.017499923706055,54.598331451416016,0.845201824865047,1006.322021484375,0.16011402010917664,1006.322021484375,0.845201824865047
679,19.7994441986084,53.97944641113281,0.844490906354878,995.105224609375,0.16023442149162292,995.105224609375,0.844490906354878
680,20.002500534057617,54.43583297729492,0.8345239699585527,1023.583740234375,0.15953707695007324,1023.583740234375,0.8345239699585527
681,20.074445724487305,54.91777801513672,0.8427674262895191,991.4740600585938,0.1612345576286316,991.4740600585938,0.8427674262895191
682,19.912221908569336,54.714447021484375,0.8506323247320147,1000.6482543945312,0.16657432913780212,1000.6482543945312,0.8506323247320147
683,20.114444732666016,54.60944366455078,0.8351358179645887,997.9733276367188,0.1655188500881195,997.9733276367188,0.8351358179645887
684,19.807777404785156,54.95805740356445,0.8456861323948879,1020.8487548828125,0.1637692153453827,1020.8487548828125,0.8456861323948879
685,19.88277816772461,55.00944137573242,0.8540527013566843,1009.3355102539062,0.15495923161506653,1009.3355102539062,0.8540527013566843
686,19.817222595214844,54.812503814697266,0.8405813532381419,1000.2821655273438,0.16219103336334229,1000.2821655273438,0.8405813532381419
687,19.93944549560547,54.34944534301758,0.8621195048574701,986.0865478515625,0.16983836889266968,986.0865478515625,0.8621195048574701
688,19.970556259155273,55.18860626220703,0.8595175801415836,999.5794677734375,0.15503481030464172,999.5794677734375,0.8595175801415836
689,19.671388626098633,55.11138916015625,0.8471831342984715,1010.1722412109375,0.16200944781303406,1010.1722412109375,0.8471831342984715
690,19.81999969482422,54.877777099609375,0.8241649187668911,1017.1192626953125,0.1604141891002655,1017.1192626953125,0.8241649187668911
691,19.7772216796875,54.91166687011719,0.8338918632852199,1012.5388793945312,0.15498816967010498,1012.5388793945312,0.8338918632852199
692,19.948333740234375,54.69305419921875,0.8325469004570338,1010.7898559570312,0.16149264574050903,1010.7898559570312,0.8325469004570338
693,19.582500457763672,55.121665954589844,0.8517806002473062,977.9732666015625,0.1591203510761261,977.9732666015625,0.8517806002473062
694,19.64611053466797,55.424720764160156,0.811907358197336,989.7257690429688,0.16465064883232117,989.7257690429688,0.811907358197336
695,19.7358341217041,54.34555435180664,0.8415352033691144,1006.4979248046875,0.16040828824043274,1006.4979248046875,0.8415352033691144
696,19.668609619140625,54.798336029052734,0.8495442065192654,1013.7993774414062,0.16131317615509033,1013.7993774414062,0.8495442065192654
697,19.452777862548828,55.535552978515625,0.8585210306214741,1008.1035766601562,0.15579378604888916,1008.1035766601562,0.8585210306214741
698,19.758056640625,54.9375,0.8533187170669585,1011.3516845703125,0.16136738657951355,1011.3516845703125,0.8533187170669585
699,19.819721221923828,55.303890228271484,0.846886053696839,983.771484375,0.16289028525352478,983.771484375,0.846886053696839
700,19.72222137451172,55.50749969482422,0.8459982655607158,1019.3609008789062,0.1614261269569397,1019.3609008789062,0.8459982655607158
701,19.650833129882812,55.29111099243164,0.844386317624253,1007.6266479492188,0.15527814626693726,1007.6266479492188,0.844386317624253
702,19.74305534362793,55.94499588012695,0.8450757482162795,1000.9244995117188,0.15925315022468567,1000.9244995117188,0.8450757482162795
703,19.856111526489258,55.53722381591797,0.8419549134228741,1005.5611572265625,0.163367360830307,1005.5611572265625,0.8419549134228741
704,20.00694465637207,55.94916915893555,0.8474584720555003,1007.8175659179688,0.16120868921279907,1007.8175659179688,0.8474584720555003
705,19.83222198486328,55.716941833496094,0.8344804849459456,1014.390625,0.16230648756027222,1014.390625,0.8344804849459456
706,19.953332901000977,55.23750305175781,0.8451873341150921,1011.251708984375,0.15501484274864197,1011.251708984375,0.8451873341150921
707,19.913055419921875,56.223331451416016,0.8490156830562665,999.7192993164062,0.16792792081832886,999.7192993164062,0.8490156830562665
708,20.039722442626953,55.53667068481445,0.8558180526237615,1009.6281127929688,0.16121378540992737,1009.6281127929688,0.8558180526237615
709,19.91694450378418,55.845279693603516,0.8445048743392711,996.19873046875,0.16011720895767212,996.19873046875,0.8445048743392711
710,19.982221603393555,56.360836029052734,0.8508430960240643,1012.4503784179688,0.16149365901947021,1012.4503784179688,0.8508430960240643
711,19.614999771118164,56.41722106933594,0.8422003993657308,997.1160888671875,0.16215896606445312,997.1160888671875,0.8422003993657308
712,19.998611450195312,55.725830078125,0.8385243267215046,987.6513671875,0.16106820106506348,987.6513671875,0.8385243267215046
713,19.779722213745117,56.56694030761719,0.852058223618484,998.1245727539062,0.16539812088012695,998.1245727539062,0.852058223618484
714,19.93805694580078,56.58805465698242,0.8329484022266718,999.6259155273438,0.16837915778160095,999.6259155273438,0.8329484022266718
715,19.838611602783203,56.040000915527344,0.8454394998986092,985.8580932617188,0.16056141257286072,985.8580932617188,0.8454394998986092
716,19.885555267333984,56.34166717529297,0.8337303257361486,992.83447265625,0.15559804439544678,992.83447265625,0.8337303257361486
717,19.933334350585938,56.65305709838867,0.8594004606724593,984.1771850585938,0.15606820583343506,984.1771850585938,0.8594004606724593
718,20.09694480895996,56.23999786376953,0.8479625298630253,1006.2467041015625,0.16307881474494934,1006.2467041015625,0.8479625298630253
719,19.99277687072754,56.09611129760742,0.8479018424257163,984.6283569335938,0.16221779584884644,984.6283569335938,0.8479018424257163
720,20.106111526489258,56.706947326660156,0.8471766167621391,991.535888671875,0.16305875778198242,991.535888671875,0.8471766167621391
721,19.995555877685547,56.35166931152344,0.8469656492831097,1009.2277221679688,0.16553810238838196,1009.2277221679688,0.8469656492831097
722,19.81861114501953,55.76082992553711,0.8543805628557515,994.6181030273438,0.15558305382728577,994.6181030273438,0.8543805628557515
723,19.925832748413086,56.178890228271484,0.8416378429392176,1002.544189453125,0.16169241070747375,1002.544189453125,0.8416378429392176
724,19.704999923706055,55.95194625854492,0.8466233477428996,1001.8153076171875,0.15920567512512207,1001.8153076171875,0.8466233477428996
725,19.686111450195312,55.82527542114258,0.8354396069230489,981.0865478515625,0.16657361388206482,981.0865478515625,0.8354396069230489
726,19.508609771728516,56.29138946533203,0.8315338556069325,991.5684204101562,0.16032078862190247,991.5684204101562,0.8315338556069325
727,19.72222137451172,56.1180534362793,0.8546015308649868,970.6995849609375,0.1584479808807373,970.6995849609375,0.8546015308649868
728,19.74138832092285,56.00555419921875,0.8283467905188397,976.9929809570312,0.15880078077316284,976.9929809570312,0.8283467905188397
729,19.608888626098633,55.92250061035156,0.8372343998086033,998.1981201171875,0.1625346839427948,998.1981201171875,0.8372343998086033
730,19.737499237060547,56.6936149597168,0.8479049306034567,997.4739379882812,0.15253961086273193,997.4739379882812,0.8479049306034567
731,19.86111068725586,56.14666748046875,0.8399783439145894,976.4972534179688,0.16223856806755066,976.4972534179688,0.8399783439145894
732,19.835556030273438,56.366111755371094,0.8435140781793968,1010.2197875976562,0.15976345539093018,1010.2197875976562,0.8435140781793968
733,19.684720993041992,56.26472091674805,0.8352431738219511,984.97119140625,0.1625693440437317,984.97119140625,0.8352431738219511
734,19.73638916015625,56.31916427612305,0.8407705812858137,1010.031005859375,0.1607014536857605,1010.031005859375,0.8407705812858137
735,19.83111000061035,56.06083297729492,0.8422399227712635,992.461181640625,0.1611657440662384,992.461181640625,0.8422399227712635
736,19.593332290649414,56.178611755371094,0.8366423324976994,984.8443603515625,0.16767951846122742,984.8443603515625,0.8366423324976994
737,19.734167098999023,56.52083206176758,0.8505408316590537,989.0953369140625,0.16451165080070496,989.0953369140625,0.8505408316590537
738,19.797222137451172,56.36750030517578,0.8412036974784157,989.1036987304688,0.16313335299491882,989.1036987304688,0.8412036974784157
739,20.223054885864258,57.076942443847656,0.8295013570239415,979.083740234375,0.16397666931152344,979.083740234375,0.8295013570239415
740,19.84694480895996,56.91972351074219,0.834445581902372,995.7577514648438,0.16749632358551025,995.7577514648438,0.834445581902372
741,19.795555114746094,56.951393127441406,0.8365963181441864,1001.2109375,0.1609736979007721,1001.2109375,0.8365963181441864
742,19.988056182861328,57.23472213745117,0.8276185407058521,1013.66162109375,0.16130781173706055,1013.66162109375,0.8276185407058521
743,20.259721755981445,57.04166793823242,0.8662767215458319,1013.6883544921875,0.16921454668045044,1013.6883544921875,0.8662767215458319
744,19.929166793823242,57.35194778442383,0.8317844724899943,994.4495239257812,0.16312992572784424,994.4495239257812,0.8317844724899943
745,19.935556411743164,57.045833587646484,0.8256611233485877,982.6431884765625,0.16707578301429749,982.6431884765625,0.8256611233485877
746,19.737499237060547,56.4708366394043,0.8462264113744655,1001.2509765625,0.15903478860855103,1001.2509765625,0.8462264113744655
747,20.036388397216797,57.56222152709961,0.8251324925175517,993.3846435546875,0.16381680965423584,993.3846435546875,0.8251324925175517
748,19.865833282470703,57.60527801513672,0.8315545243270757,981.2324829101562,0.16775965690612793,981.2324829101562,0.8315545243270757
749,20.289443969726562,57.86277770996094,0.8404238138412187,1014.55712890625,0.16489586234092712,1014.55712890625,0.8404238138412187
750,20.113887786865234,57.91722106933594,0.8376172345286546,1006.3334350585938,0.16397562623023987,1006.3334350585938,0.8376172345286546
751,20.087223052978516,57.26194381713867,0.8286037820656926,991.9976806640625,0.16821816563606262,991.9976806640625,0.8286037820656926
752,20.204444885253906,57.832496643066406,0.8549748939302465,998.388671875,0.16425105929374695,998.388671875,0.8549748939302465
753,19.908056259155273,57.70527648925781,0.8333724650601113,997.736083984375,0.1746738851070404,997.736083984375,0.8333724650601113
754,20.08888816833496,58.135276794433594,0.8266524806764127,987.763427734375,0.1550942361354828,987.763427734375,0.8266524806764127
755,20.012222290039062,58.17000198364258,0.8665704952871036,985.5169677734375,0.1630687713623047,985.5169677734375,0.8665704952871036
756,20.050556182861328,57.97610855102539,0.8526021926137008,977.2821044921875,0.15821972489356995,977.2821044921875,0.8526021926137008
757,20.017499923706055,58.30722427368164,0.8562885370258726,984.452392578125,0.16879165172576904,984.452392578125,0.8562885370258726
758,20.12555694580078,58.505279541015625,0.8607827624106459,995.9202270507812,0.1668841540813446,995.9202270507812,0.8607827624106459
759,19.779443740844727,58.3477783203125,0.8331857735789188,960.1205444335938,0.16442784667015076,960.1205444335938,0.8331857735789188
760,20.18194580078125,58.279998779296875,0.8385563407549581,990.777099609375,0.16626495122909546,990.777099609375,0.8385563407549581
761,20.878332138061523,58.36944580078125,0.8187185102111612,1020.2632446289062,0.1588135063648224,1020.2632446289062,0.8187185102111612
762,19.949167251586914,58.02361297607422,0.8401937047724624,993.7312622070312,0.15875697135925293,993.7312622070312,0.8401937047724624
763,19.779722213745117,58.29861068725586,0.8600444578365831,1019.7437133789062,0.1629105806350708,1019.7437133789062,0.8600444578365831
764,19.787778854370117,58.654998779296875,0.8366271293039865,993.3197021484375,0.15970399975776672,993.3197021484375,0.8366271293039865
765,19.983057022094727,58.367774963378906,0.8513093348643572,984.365966796875,0.16291525959968567,984.365966796875,0.8513093348643572
766,19.738332748413086,58.432220458984375,0.8197941379010942,989.4965209960938,0.16039445996284485,989.4965209960938,0.8197941379010942
767,19.942222595214844,58.17777633666992,0.8469044838928061,995.3807373046875,0.15849050879478455,995.3807373046875,0.8469044838928061
768,19.97194480895996,58.4444465637207,0.8508131005494223,980.3787841796875,0.15240532159805298,980.3787841796875,0.8508131005494223
769,19.913055419921875,58.910552978515625,0.8106599188150091,990.5612182617188,0.1592836081981659,990.5612182617188,0.8106599188150091
770,19.772777557373047,58.122222900390625,0.8149097828613081,1000.2040405273438,0.159041166305542,1000.2040405273438,0.8149097828613081
771,19.968055725097656,58.85778045654297,0.8450524070332506,983.2880859375,0.16451087594032288,983.2880859375,0.8450524070332506
772,19.858888626098633,58.809722900390625,0.82151598202795,988.0451049804688,0.16342875361442566,988.0451049804688,0.82151598202795
773,19.647499084472656,58.88888931274414,0.8446179882258349,977.961669921875,0.16584721207618713,977.961669921875,0.8446179882258349
774,19.67305564880371,58.55083465576172,0.828314121297843,982.11962890625,0.16489696502685547,982.11962890625,0.828314121297843
775,20.024999618530273,59.47444534301758,0.8148931792589081,982.4956665039062,0.16064170002937317,982.4956665039062,0.8148931792589081
776,19.769445419311523,59.059722900390625,0.8465383758687122,985.2208251953125,0.15248966217041016,985.2208251953125,0.8465383758687122
777,19.9858341217041,58.73833465576172,0.8453036411747435,982.7377319335938,0.15575915575027466,982.7377319335938,0.8453036411747435
778,20.08361053466797,59.36833572387695,0.8456816854588232,1001.0354614257812,0.15574896335601807,1001.0354614257812,0.8456816854588232
779,19.81222152709961,59.075557708740234,0.8461972359025605,978.20361328125,0.1558190882205963,978.20361328125,0.8461972359025605
780,19.945833206176758,59.26805877685547,0.8160473516829785,987.1851806640625,0.16317930817604065,987.1851806640625,0.8160473516829785
781,19.981945037841797,58.63249969482422,0.8146257712818922,987.544921875,0.16634118556976318,987.544921875,0.8146257712818922
782,19.98611068725586,59.49055480957031,0.822268284705008,988.879150390625,0.15915247797966003,988.879150390625,0.822268284705008
783,19.901111602783203,59.19166946411133,0.8474031453638671,996.3220825195312,0.16592490673065186,996.3220825195312,0.8474031453638671
784,19.95027732849121,59.43305587768555,0.812043065657998,989.0748901367188,0.15462800860404968,989.0748901367188,0.812043065657998
785,20.155277252197266,59.2872200012207,0.8279253941121119,994.8193969726562,0.15802979469299316,994.8193969726562,0.8279253941121119
786,20.3125,59.74749755859375,0.8332424719064776,993.919921875,0.16403308510780334,993.919921875,0.8332424719064776
787,20.161666870117188,59.1541633605957,0.8376049725305397,987.2716674804688,0.1599939465522766,987.2716674804688,0.8376049725305397
788,20.25749969482422,58.9547233581543,0.817883843153649,982.8257446289062,0.15438157320022583,982.8257446289062,0.817883843153649
789,20.224721908569336,59.23444747924805,0.8373900845249752,987.4112548828125,0.1637812852859497,987.4112548828125,0.8373900845249752
790,20.031944274902344,59.48861312866211,0.8509999583135275,973.4140625,0.16659536957740784,973.4140625,0.8509999583135275
791,20.179166793823242,59.06500244140625,0.8392388086216297,995.9693603515625,0.15523844957351685,995.9693603515625,0.8392388086216297
792,20.267776489257812,58.981388092041016,0.8278543947323328,976.7423095703125,0.1628483533859253,976.7423095703125,0.8278543947323328
793,20.02666664123535,58.90999984741211,0.8277390878670434,982.1119995117188,0.1592472791671753,982.1119995117188,0.8277390878670434
794,20.03472137451172,58.644168853759766,0.8253182103393336,984.4682006835938,0.16899347305297852,984.4682006835938,0.8253182103393336
795,20.141666412353516,58.7702751159668,0.830650399175402,997.4126586914062,0.15985620021820068,997.4126586914062,0.830650399175402
796,20.074722290039062,59.56166458129883,0.8190399460022446,986.8167114257812,0.1592700481414795,986.8167114257812,0.8190399460022446
797,20.03611183166504,58.83138656616211,0.8293841178261933,994.9424438476562,0.15523386001586914,994.9424438476562,0.8293841178261933
798,20.18083381652832,59.209442138671875,0.8045792422416472,997.40869140625,0.15118220448493958,997.40869140625,0.8045792422416472
799,19.7902774810791,59.08361053466797,0.8214522605877178,976.8573608398438,0.15654215216636658,976.8573608398438,0.8214522605877178
800,20.14875030517578,59.81416702270508,0.663805973657938,1006.6949462890625,0.1529151201248169,1006.6949462890625,0.663805973657938
801,20.11888885498047,59.45055389404297,0.81988245289879,1005.171875,0.15632548928260803,1005.171875,0.81988245289879
802,19.835556030273438,59.65027618408203,0.8136463872353423,969.1466674804688,0.16167524456977844,969.1466674804688,0.8136463872353423
803,20.072500228881836,58.976112365722656,0.8374642158861347,972.3639526367188,0.15922746062278748,972.3639526367188,0.8374642158861347
804,19.906387329101562,59.29472351074219,0.8137482460790664,980.845703125,0.15819516777992249,980.845703125,0.8137482460790664
805,20.087499618530273,59.46360778808594,0.7870476993897764,980.8400268554688,0.16091477870941162,980.8400268554688,0.7870476993897764
806,19.93055534362793,58.76472091674805,0.7973767421787576,991.5281372070312,0.1520373523235321,991.5281372070312,0.7973767421787576
807,19.89555549621582,59.19416427612305,0.8188301823138882,974.5042114257812,0.15478530526161194,974.5042114257812,0.8188301823138882
808,19.77138900756836,59.32278060913086,0.8170767106477151,978.1987915039062,0.15513679385185242,978.1987915039062,0.8170767106477151
809,20.003889083862305,59.37527847290039,0.8186017165548959,991.8563842773438,0.15638259053230286,991.8563842773438,0.8186017165548959
810,19.7369441986084,59.62666702270508,0.8206327159299862,991.6632690429688,0.15410056710243225,991.6632690429688,0.8206327159299862
811,19.753334045410156,59.33611297607422,0.7928095598746344,986.9130249023438,0.16023048758506775,986.9130249023438,0.7928095598746344
812,19.863056182861328,59.530555725097656,0.8282332352480166,983.2324829101562,0.1516585350036621,983.2324829101562,0.8282332352480166
813,20.00611114501953,58.686668395996094,0.8231626674459984,968.7886352539062,0.15250638127326965,968.7886352539062,0.8231626674459984
814,19.660554885864258,60.20166778564453,0.8363048442204465,974.9955444335938,0.14886212348937988,974.9955444335938,0.8363048442204465
815,20.179445266723633,59.36805725097656,0.8194253530551132,985.5563354492188,0.14523261785507202,985.5563354492188,0.8194253530551132
816,20.012222290039062,59.750831604003906,0.8258568358883709,1003.8322143554688,0.1499638557434082,1003.8322143554688,0.8258568358883709
817,19.608333587646484,59.9405517578125,0.8249804390793993,977.9842529296875,0.14923012256622314,977.9842529296875,0.8249804390793993
818,19.754444122314453,59.413330078125,0.8415954004418105,991.283203125,0.14543259143829346,991.283203125,0.8415954004418105
819,19.73722267150879,59.40250015258789,0.8288929786654355,1001.761962890625,0.1441574990749359,1001.761962890625,0.8288929786654355
820,19.6602783203125,59.67555618286133,0.8211996715860579,981.9086303710938,0.14945265650749207,981.9086303710938,0.8211996715860579
821,19.842222213745117,60.74333190917969,0.8096238980046822,990.13916015625,0.15083202719688416,990.13916015625,0.8096238980046822
822,19.76388931274414,59.616947174072266,0.8238231909092816,971.243896484375,0.14390212297439575,971.243896484375,0.8238231909092816
823,19.727222442626953,59.38666534423828,0.833066909810905,975.4324951171875,0.14470022916793823,975.4324951171875,0.833066909810905
824,19.991111755371094,59.685279846191406,0.8433502232817167,970.8757934570312,0.14528131484985352,970.8757934570312,0.8433502232817167
825,20.012222290039062,59.67277908325195,0.8233292457372284,990.5306396484375,0.14507368206977844,990.5306396484375,0.8233292457372284
826,19.704999923706055,60.311668395996094,0.8187326318262832,960.8049926757812,0.1572519838809967,960.8049926757812,0.8187326318262832
827,19.77138900756836,60.20166778564453,0.8226876788079404,973.395263671875,0.13666966557502747,973.395263671875,0.8226876788079404
828,19.86610984802246,60.67000198364258,0.8309396119187397,972.3621215820312,0.13881909847259521,972.3621215820312,0.8309396119187397
829,19.816110610961914,60.655277252197266,0.8509992639927084,988.078125,0.13867533206939697,988.078125,0.8509992639927084
830,19.7722225189209,60.078609466552734,0.8404929889251211,991.57470703125,0.12859240174293518,991.57470703125,0.8404929889251211
831,19.645000457763672,60.602779388427734,0.8476172754750172,971.6920776367188,0.1431947946548462,971.6920776367188,0.8476172754750172
832,19.66499900817871,61.311668395996094,0.8498289941176183,985.0558471679688,0.1369403600692749,985.0558471679688,0.8498289941176183
833,19.77750015258789,61.067779541015625,0.8178312325067406,977.0047607421875,0.13947132229804993,977.0047607421875,0.8178312325067406
834,19.783611297607422,60.78083419799805,0.8259137380944046,978.5087280273438,0.14011237025260925,978.5087280273438,0.8259137380944046
835,19.649999618530273,62.032501220703125,0.8209220494188505,985.5943603515625,0.14382070302963257,985.5943603515625,0.8209220494188505
836,19.774444580078125,61.72833251953125,0.8236959976111409,981.5464477539062,0.13924363255500793,981.5464477539062,0.8236959976111409
837,19.45694351196289,62.10388946533203,0.8445339020629218,989.849609375,0.12824267148971558,989.849609375,0.8445339020629218
838,19.632221221923828,62.02083206176758,0.826796693692111,975.10986328125,0.1415243148803711,975.10986328125,0.826796693692111
839,19.41666603088379,62.404441833496094,0.8357804283750907,987.5830688476562,0.13968053460121155,987.5830688476562,0.8357804283750907
840,19.60388946533203,62.304443359375,0.8123704260540923,997.7821655273438,0.13442867994308472,997.7821655273438,0.8123704260540923
841,19.588333129882812,63.68333053588867,0.8480121166479084,988.1630859375,0.14586496353149414,988.1630859375,0.8480121166479084
842,19.523889541625977,62.836666107177734,0.8205362437153051,984.0577392578125,0.1327405869960785,984.0577392578125,0.8205362437153051
843,19.450000762939453,63.643611907958984,0.8220652958667125,989.5618896484375,0.1418895125389099,989.5618896484375,0.8220652958667125
844,19.463054656982422,63.87944030761719,0.8339434201301978,997.8854370117188,0.1295815408229828,997.8854370117188,0.8339434201301978
845,19.36166763305664,63.684444427490234,0.8403815674083392,983.7742919921875,0.1304609477519989,983.7742919921875,0.8403815674083392
846,19.38111114501953,63.959999084472656,0.8512118347204535,996.0033569335938,0.13055384159088135,996.0033569335938,0.8512118347204535
847,19.192777633666992,64.30500030517578,0.8193376178376416,1004.1979370117188,0.1212674081325531,1004.1979370117188,0.8193376178376416
848,19.555278778076172,64.05388641357422,0.8472915381566639,997.4420776367188,0.12623870372772217,997.4420776367188,0.8472915381566639
849,19.09111213684082,64.06305694580078,0.849564758720077,999.8310546875,0.12657049298286438,999.8310546875,0.849564758720077
850,19.010276794433594,65.28138732910156,0.8338373211241994,985.4539794921875,0.12699267268180847,985.4539794921875,0.8338373211241994
851,19.262500762939453,64.33305358886719,0.8647834367259073,1001.6218872070312,0.12328913807868958,1001.6218872070312,0.8647834367259073
852,19.053054809570312,66.0905532836914,0.80825793208396,1002.9534301757812,0.11259657144546509,1002.9534301757812,0.80825793208396
853,19.195833206176758,65.82111358642578,0.8589086875547074,1032.525146484375,0.11490881443023682,1032.525146484375,0.8589086875547074
854,19.061389923095703,66.5199966430664,0.8477489282194017,1011.5799560546875,0.11468333005905151,1011.5799560546875,0.8477489282194017
855,19.170000076293945,66.60944366455078,0.8532931626712111,1008.7915649414062,0.09990108013153076,1008.7915649414062,0.8532931626712111
856,18.875276565551758,67.11833190917969,0.8260343711301844,1020.5868530273438,0.11159870028495789,1020.5868530273438,0.8260343711301844
857,19.099443435668945,67.42250061035156,0.8283648198749907,1030.537841796875,0.10230132937431335,1030.537841796875,0.8283648198749907
858,18.82722282409668,68.21388244628906,0.8280165411403968,1022.450439453125,0.11484947800636292,1022.450439453125,0.8280165411403968
859,18.80500030517578,69.61249542236328,0.8368861736580584,1021.5875854492188,0.11978769302368164,1021.5875854492188,0.8368861736580584
860,18.940555572509766,69.07777404785156,0.864794210128701,1048.031005859375,0.1076745092868805,1048.031005859375,0.864794210128701
861,18.60361099243164,68.72027587890625,0.8480449640499377,1035.8306884765625,0.11928984522819519,1035.8306884765625,0.8480449640499377
862,18.638334274291992,70.40332794189453,0.8671649933594943,1069.9857177734375,0.11246916651725769,1069.9857177734375,0.8671649933594943
863,18.628610610961914,71.01722717285156,0.817811408686681,1068.50048828125,0.11851915717124939,1068.50048828125,0.817811408686681
864,18.876667022705078,71.01583862304688,0.8302293958051059,1082.055908203125,0.12713027000427246,1082.055908203125,0.8302293958051059
865,18.778888702392578,72.00389099121094,0.8444235291428027,1063.8414306640625,0.12309032678604126,1063.8414306640625,0.8444235291428027
866,18.475833892822266,72.55805969238281,0.8371094825353019,1087.5701904296875,0.12372404336929321,1087.5701904296875,0.8371094825353019
867,18.68944549560547,72.84166717529297,0.8209112821233142,1069.5416259765625,0.1344587504863739,1069.5416259765625,0.8209112821233142
868,18.505834579467773,73.76139068603516,0.834068781228672,1089.677490234375,0.1460849940776825,1089.677490234375,0.834068781228672
869,18.91111183166504,73.24888610839844,0.8144432663000787,1097.818603515625,0.143070787191391,1097.818603515625,0.8144432663000787
870,18.746389389038086,73.45527648925781,0.8401344173494677,1100.4239501953125,0.12819290161132812,1100.4239501953125,0.8401344173494677
871,18.641944885253906,73.17111206054688,0.8252683772604568,1102.72119140625,0.13424021005630493,1102.72119140625,0.8252683772604568
872,18.660554885864258,73.86277770996094,0.8362513636451102,1112.950927734375,0.1392240822315216,1112.950927734375,0.8362513636451102
873,18.72166633605957,75.01750183105469,0.8387037232024482,1101.34716796875,0.15055888891220093,1101.34716796875,0.8387037232024482
874,18.74388885498047,75.07833099365234,0.8525322922588021,1124.4359130859375,0.14089453220367432,1124.4359130859375,0.8525322922588021
875,18.53611183166504,75.68916320800781,0.8447731713430602,1131.1689453125,0.1495133638381958,1131.1689453125,0.8447731713430602
876,18.557222366333008,76.30471801757812,0.8318950677377215,1115.8448486328125,0.1514534056186676,1115.8448486328125,0.8318950677377215
877,18.663610458374023,76.69277954101562,0.8397370198411703,1141.237548828125,0.1428024172782898,1141.237548828125,0.8397370198411703
878,18.46416664123535,76.44416809082031,0.8119276821993315,1136.916748046875,0.1481655240058899,1136.916748046875,0.8119276821993315
879,18.834444046020508,76.95639038085938,0.8383544709734452,1156.6644287109375,0.15115773677825928,1156.6644287109375,0.8383544709734452
880,18.6875,76.7013931274414,0.8116164788012321,1133.2333984375,0.15592724084854126,1133.2333984375,0.8116164788012321
881,18.597776412963867,77.7316665649414,0.8142966232406631,1151.84375,0.17371699213981628,1151.84375,0.8142966232406631
882,18.550556182861328,76.66583251953125,0.7830209649516697,1129.7237548828125,0.16827228665351868,1129.7237548828125,0.7830209649516697
883,18.853334426879883,77.09139251708984,0.8163863358522594,1148.2769775390625,0.16193825006484985,1148.2769775390625,0.8163863358522594
884,18.73527717590332,77.48527526855469,0.8162274152779516,1154.0933837890625,0.1709299385547638,1154.0933837890625,0.8162274152779516
885,18.62583351135254,78.13166046142578,0.8018179492012127,1173.21142578125,0.17172127962112427,1173.21142578125,0.8018179492012127
886,18.607500076293945,77.16972351074219,0.8010196105881895,1146.35009765625,0.15152615308761597,1146.35009765625,0.8010196105881895
887,18.968889236450195,77.12332916259766,0.8255409265123979,1163.7149658203125,0.16228699684143066,1163.7149658203125,0.8255409265123979
888,19.031944274902344,78.59361267089844,0.8000901027318982,1153.6072998046875,0.16087523102760315,1153.6072998046875,0.8000901027318982
889,18.928611755371094,78.16444396972656,0.7931638354142454,1132.461181640625,0.15692511200904846,1132.461181640625,0.7931638354142454
890,18.804445266723633,77.97250366210938,0.8049999204190346,1157.1044921875,0.16722029447555542,1157.1044921875,0.8049999204190346
891,19.082500457763672,78.1227798461914,0.7804478352823829,1157.63720703125,0.18025711178779602,1157.63720703125,0.7804478352823829
892,19.295000076293945,78.57860565185547,0.7984887828195557,1153.5557861328125,0.1818239986896515,1153.5557861328125,0.7984887828195557
893,19.232221603393555,78.6866683959961,0.7884166308433043,1166.744384765625,0.17496654391288757,1166.744384765625,0.7884166308433043
894,19.129444122314453,78.31444549560547,0.8000336904510802,1163.45361328125,0.1753050684928894,1163.45361328125,0.8000336904510802
895,19.435832977294922,78.64027404785156,0.8033190144064507,1152.5196533203125,0.16047251224517822,1152.5196533203125,0.8033190144064507
896,19.34000015258789,79.50944519042969,0.7839384337506162,1181.526611328125,0.16772791743278503,1181.526611328125,0.7839384337506162
897,19.18777847290039,78.45694732666016,0.8177728134397488,1175.551025390625,0.1566716730594635,1175.551025390625,0.8177728134397488
898,19.48638916015625,78.58361053466797,0.7951930901820816,1158.4697265625,0.18329037725925446,1158.4697265625,0.7951930901820816
899,19.381389617919922,79.8933334350586,0.7976753566201474,1160.4720458984375,0.1750921905040741,1160.4720458984375,0.7976753566201474
900,19.44222068786621,79.0744400024414,0.7677648575386622,1170.885009765625,0.1715880036354065,1170.885009765625,0.7677648575386622
901,19.411943435668945,79.37750244140625,0.7871362096493076,1149.862548828125,0.1699906587600708,1149.862548828125,0.7871362096493076
902,19.515277862548828,78.94833374023438,0.7860228174443074,1178.9281005859375,0.16436904668807983,1178.9281005859375,0.7860228174443074
903,19.528610229492188,79.29499816894531,0.7990974822058822,1160.482666015625,0.18191397190093994,1160.482666015625,0.7990974822058822
904,19.546390533447266,79.49527740478516,0.7945825254837564,1166.280517578125,0.1858280599117279,1166.280517578125,0.7945825254837564
905,19.762779235839844,79.67305755615234,0.8083673814352241,1169.9144287109375,0.181594580411911,1169.9144287109375,0.8083673814352241
906,19.49222183227539,79.02555847167969,0.7875001035074078,1158.6025390625,0.17132940888404846,1158.6025390625,0.7875001035074078
907,19.7097225189209,79.19499969482422,0.7847501594154082,1165.2803955078125,0.1684367060661316,1165.2803955078125,0.7847501594154082
908,19.608333587646484,79.5169448852539,0.800360345815543,1199.4476318359375,0.1697646975517273,1199.4476318359375,0.800360345815543
909,19.774444580078125,79.59944915771484,0.8084994807551913,1188.9287109375,0.158727765083313,1188.9287109375,0.8084994807551913
910,19.773332595825195,79.37944793701172,0.791432217184937,1169.1419677734375,0.17641551792621613,1169.1419677734375,0.791432217184937
911,19.711111068725586,79.34416198730469,0.7916469610352429,1165.112548828125,0.16421473026275635,1165.112548828125,0.7916469610352429
912,19.655832290649414,79.94972229003906,0.7873153039981975,1181.7589111328125,0.16697105765342712,1181.7589111328125,0.7873153039981975
913,19.80555534362793,80.2044448852539,0.7886427667746835,1165.840087890625,0.16952165961265564,1165.840087890625,0.7886427667746835
914,19.796945571899414,78.8741683959961,0.7846216705572757,1176.6663818359375,0.15662243962287903,1176.6663818359375,0.7846216705572757
915,19.607500076293945,79.84305572509766,0.7729924493137987,1184.4010009765625,0.16297638416290283,1184.4010009765625,0.7729924493137987
916,19.71666717529297,79.23027801513672,0.7713585323729,1176.60791015625,0.18171855807304382,1176.60791015625,0.7713585323729
917,19.878334045410156,79.08138275146484,0.7742220686465628,1174.261962890625,0.16361448168754578,1174.261962890625,0.7742220686465628
918,20.150833129882812,80.5352783203125,0.7900166365699521,1180.418212890625,0.16187632083892822,1180.418212890625,0.7900166365699521
919,19.808610916137695,80.32305908203125,0.7559850392933576,1162.1324462890625,0.17271414399147034,1162.1324462890625,0.7559850392933576
920,19.871110916137695,79.57860565185547,0.7754060976994642,1183.8157958984375,0.1596197485923767,1183.8157958984375,0.7754060976994642
921,20.024999618530273,79.7044448852539,0.7741420470815026,1186.9542236328125,0.16983124613761902,1186.9542236328125,0.7741420470815026
922,19.94999885559082,79.71166229248047,0.7693859056341443,1168.7628173828125,0.17781588435173035,1168.7628173828125,0.7693859056341443
923,19.896944046020508,80.06416320800781,0.7796118869041865,1169.3951416015625,0.1654001772403717,1169.3951416015625,0.7796118869041865
924,20.17972183227539,78.65250396728516,0.7780876593841899,1180.2147216796875,0.1727834790945053,1180.2147216796875,0.7780876593841899
925,20.249723434448242,79.04000091552734,0.7693918705745711,1185.553955078125,0.16363991796970367,1185.553955078125,0.7693918705745711
926,20.16611099243164,80.08860778808594,0.7804367388315709,1181.3038330078125,0.17164304852485657,1181.3038330078125,0.7804367388315709
927,20.312776565551758,79.31832885742188,0.7833510702664406,1169.5391845703125,0.1724577695131302,1169.5391845703125,0.7833510702664406
928,20.216665267944336,79.1016616821289,0.7956322460169274,1174.8177490234375,0.1594427525997162,1174.8177490234375,0.7956322460169274
929,20.018611907958984,79.70610809326172,0.7933489422768183,1191.2020263671875,0.1806311011314392,1191.2020263671875,0.7933489422768183
930,20.059444427490234,79.4397201538086,0.7970595080201455,1168.540771484375,0.1590113639831543,1168.540771484375,0.7970595080201455
931,20.086666107177734,79.46194458007812,0.8005365100576722,1174.37646484375,0.15978801250457764,1174.37646484375,0.8005365100576722
932,20.36333465576172,78.78055572509766,0.7713805815632844,1188.3392333984375,0.1697874367237091,1188.3392333984375,0.7713805815632844
933,20.296945571899414,80.04194641113281,0.7715411185259667,1163.93798828125,0.18386656045913696,1163.93798828125,0.7715411185259667
934,20.358888626098633,79.02055358886719,0.773924592231039,1183.0587158203125,0.16982609033584595,1183.0587158203125,0.773924592231039
935,20.16805648803711,79.56999969482422,0.7988420359427337,1177.3299560546875,0.15796080231666565,1177.3299560546875,0.7988420359427337
936,20.369165420532227,80.1147232055664,0.7751654345266705,1161.814697265625,0.17439711093902588,1161.814697265625,0.7751654345266705
937,20.424999237060547,78.91055297851562,0.7776174670016434,1173.966064453125,0.17776010930538177,1173.966064453125,0.7776174670016434
938,20.50777816772461,80.43694305419922,0.7869170770068763,1184.11376953125,0.16148465871810913,1184.11376953125,0.7869170770068763
939,20.241945266723633,79.16638946533203,0.8036320813357976,1160.4041748046875,0.17728687822818756,1160.4041748046875,0.8036320813357976
940,20.62611198425293,78.570556640625,0.7853043989029782,1178.3709716796875,0.15485885739326477,1178.3709716796875,0.7853043989029782
941,20.448333740234375,78.85749816894531,0.7829152337470497,1169.1978759765625,0.1606428027153015,1169.1978759765625,0.7829152337470497
942,20.357500076293945,79.06944274902344,0.7801818638654723,1177.8360595703125,0.1635829210281372,1177.8360595703125,0.7801818638654723
943,20.30638885498047,79.50999450683594,0.7698876267065013,1177.1134033203125,0.16484811902046204,1177.1134033203125,0.7698876267065013
944,20.57694435119629,78.78111267089844,0.7686937658856923,1179.623291015625,0.15687131881713867,1179.623291015625,0.7686937658856923
945,20.400833129882812,78.73944854736328,0.7809780907550232,1171.6973876953125,0.15826191008090973,1171.6973876953125,0.7809780907550232
946,20.184999465942383,79.06888580322266,0.7650017183653022,1161.98046875,0.16322851181030273,1161.98046875,0.7650017183653022
947,20.317222595214844,78.75555419921875,0.7659246872937829,1188.987060546875,0.15431761741638184,1188.987060546875,0.7659246872937829
948,20.320833206176758,79.5374984741211,0.7748196863063435,1156.547119140625,0.16794700920581818,1156.547119140625,0.7748196863063435
949,20.36222267150879,78.30194091796875,0.7868288401632334,1163.5377197265625,0.15551699697971344,1163.5377197265625,0.7868288401632334
950,20.259445190429688,78.29888916015625,0.7697347145350473,1158.0169677734375,0.17134404182434082,1158.0169677734375,0.7697347145350473
951,20.174165725708008,79.0050048828125,0.7705828261304528,1181.3482666015625,0.1518455296754837,1181.3482666015625,0.7705828261304528
952,20.36027717590332,78.96778106689453,0.764012865905963,1173.2645263671875,0.17979329824447632,1173.2645263671875,0.764012865905963
953,20.082500457763672,79.4302749633789,0.7578820759728131,1171.6085205078125,0.16930125653743744,1171.6085205078125,0.7578820759728131
954,20.09805679321289,78.72805786132812,0.7780573590017539,1159.4521484375,0.15903155505657196,1159.4521484375,0.7780573590017539
955,20.439167022705078,79.27888488769531,0.7910607936504955,1176.9691162109375,0.16224823892116547,1176.9691162109375,0.7910607936504955
956,20.32027816772461,79.58694458007812,0.7872035885829806,1172.637939453125,0.16317923367023468,1172.637939453125,0.7872035885829806
957,20.427778244018555,79.66500091552734,0.7868383992118388,1180.8663330078125,0.16510039567947388,1180.8663330078125,0.7868383992118388
958,20.415000915527344,79.4991683959961,0.7652198332837391,1184.3502197265625,0.15400105714797974,1184.3502197265625,0.7652198332837391
959,20.296388626098633,80.22083282470703,0.7931111396279701,1183.431884765625,0.16826076805591583,1183.431884765625,0.7931111396279701
960,20.183334350585938,80.49333190917969,0.7956271039336175,1166.8353271484375,0.17305675148963928,1166.8353271484375,0.7956271039336175
961,20.372499465942383,79.64694213867188,0.7612809855191921,1164.7030029296875,0.18168653547763824,1164.7030029296875,0.7612809855191921
962,20.551944732666016,78.20916748046875,0.772386738923889,1188.481689453125,0.1530240923166275,1188.481689453125,0.772386738923889
963,20.41666603088379,78.9080581665039,0.7946647487156295,1191.0577392578125,0.1583537459373474,1191.0577392578125,0.7946647487156295
964,20.363054275512695,80.54999542236328,0.7986875476683969,1193.7333984375,0.15193532407283783,1193.7333984375,0.7986875476683969
965,20.255556106567383,80.23388671875,0.7796733650504125,1188.1380615234375,0.17310525476932526,1188.1380615234375,0.7796733650504125
966,20.380277633666992,79.7602767944336,0.7803580645809527,1177.8834228515625,0.17544978857040405,1177.8834228515625,0.7803580645809527
967,20.572500228881836,80.12916564941406,0.7886616738335239,1194.14794921875,0.17034994065761566,1194.14794921875,0.7886616738335239
968,20.358888626098633,79.56388854980469,0.7750901668993211,1188.818603515625,0.17424935102462769,1188.818603515625,0.7750901668993211
969,20.532777786254883,79.07361602783203,0.8004338715719035,1175.314208984375,0.16195693612098694,1175.314208984375,0.8004338715719035
970,20.425554275512695,78.55805969238281,0.7740306716968398,1186.925537109375,0.16118018329143524,1186.925537109375,0.7740306716968398
971,20.59749984741211,79.43138885498047,0.8002488749472267,1185.6090087890625,0.1648225039243698,1185.6090087890625,0.8002488749472267
972,20.724721908569336,77.8963851928711,0.7804301494087136,1176.371826171875,0.1638617366552353,1176.371826171875,0.7804301494087136
973,20.512222290039062,78.02278137207031,0.7776781931325605,1179.3642578125,0.16476739943027496,1179.3642578125,0.7776781931325605
974,20.53333282470703,78.95083618164062,0.7753145649924894,1171.6209716796875,0.15716420114040375,1171.6209716796875,0.7753145649924894
975,20.51388931274414,78.06805419921875,0.7798384147733963,1182.93994140625,0.14550022780895233,1182.93994140625,0.7798384147733963
976,20.51972198486328,78.36194610595703,0.7929684190485631,1163.2554931640625,0.15576235949993134,1163.2554931640625,0.7929684190485631
977,20.52055549621582,78.12250518798828,0.7674097701853777,1175.7899169921875,0.17270837724208832,1175.7899169921875,0.7674097701853777
978,20.628612518310547,79.06610870361328,0.7872460319977093,1168.9293212890625,0.15691763162612915,1168.9293212890625,0.7872460319977093
979,20.549165725708008,77.33000183105469,0.759643890965484,1158.998046875,0.15055665373802185,1158.998046875,0.759643890965484
980,20.34055519104004,78.78416442871094,0.7718303347678063,1161.268798828125,0.15046139061450958,1161.268798828125,0.7718303347678063
981,20.4950008392334,78.5938949584961,0.7624799959236517,1163.6982421875,0.15605446696281433,1163.6982421875,0.7624799959236517
982,20.550277709960938,77.4316635131836,0.7834979570789309,1150.9002685546875,0.16775016486644745,1150.9002685546875,0.7834979570789309
983,20.668054580688477,78.37166595458984,0.7756893046724846,1159.0875244140625,0.15617935359477997,1159.0875244140625,0.7756893046724846
984,20.642778396606445,78.9447250366211,0.7853650384848367,1153.956787109375,0.1613158881664276,1153.956787109375,0.7853650384848367
985,20.709165573120117,77.79166412353516,0.7765879847073505,1177.32568359375,0.1409679353237152,1177.32568359375,0.7765879847073505
986,20.431943893432617,78.09305572509766,0.7818182154837265,1154.087646484375,0.15231069922447205,1154.087646484375,0.7818182154837265
987,20.66611099243164,78.29083251953125,0.7849472608909622,1167.5543212890625,0.14706455171108246,1167.5543212890625,0.7849472608909622
988,20.554723739624023,77.57417297363281,0.7694338657697232,1172.4830322265625,0.15052855014801025,1172.4830322265625,0.7694338657697232
989,20.404722213745117,78.01583099365234,0.7916233377882007,1166.7244873046875,0.15588097274303436,1166.7244873046875,0.7916233377882007
990,20.893333435058594,76.84111022949219,0.7872322157001681,1161.243408203125,0.14450989663600922,1161.243408203125,0.7872322157001681
991,20.82583236694336,77.18916320800781,0.8018686076845277,1165.132080078125,0.14401569962501526,1165.132080078125,0.8018686076845277
992,20.42277717590332,78.01277923583984,0.7801586166564138,1168.01025390625,0.154649555683136,1168.01025390625,0.7801586166564138
993,20.613889694213867,77.95305633544922,0.7954803570613282,1162.969482421875,0.1500602662563324,1162.969482421875,0.7954803570613282
994,20.851943969726562,78.16055297851562,0.8033648822465048,1148.2745361328125,0.1514761596918106,1148.2745361328125,0.8033648822465048
995,20.661388397216797,77.96722412109375,0.7723785970256838,1153.508544921875,0.15052573382854462,1153.508544921875,0.7723785970256838
996,20.703332901000977,77.63749694824219,0.7831280984509309,1165.0015869140625,0.14992491900920868,1165.0015869140625,0.7831280984509309
997,20.705554962158203,79.13667297363281,0.783925874084251,1179.7169189453125,0.149201437830925,1179.7169189453125,0.783925874084251
998,20.5352783203125,77.90333557128906,0.7749556429443187,1158.480224609375,0.14986655116081238,1158.480224609375,0.7749556429443187
999,20.78583335876465,78.01667022705078,0.7881684135317804,1182.235595703125,0.1447797566652298,1182.235595703125,0.7881684135317804
1000,20.72888946533203,77.7236099243164,0.7712943314205958,1157.2635498046875,0.16754022240638733,1157.2635498046875,0.7712943314205958
1001,20.79694366455078,78.1875,0.7835910382393283,1182.478271484375,0.1428847312927246,1182.478271484375,0.7835910382393283
1002,20.838890075683594,78.3405532836914,0.7851235189226959,1165.407958984375,0.14750029146671295,1165.407958984375,0.7851235189226959
1003,20.517499923706055,77.7469482421875,0.7741752901682797,1156.729736328125,0.15327511727809906,1156.729736328125,0.7741752901682797
1004,20.846389770507812,77.56194305419922,0.7805351320322418,1155.5545654296875,0.1436445415019989,1155.5545654296875,0.7805351320322418
1005,20.713333129882812,77.06583404541016,0.791322345036769,1160.2984619140625,0.14453011751174927,1160.2984619140625,0.791322345036769
1006,20.782501220703125,78.30777740478516,0.7834585672147792,1155.8551025390625,0.14927397668361664,1155.8551025390625,0.7834585672147792
1007,20.795278549194336,78.445556640625,0.7697937548376913,1171.49365234375,0.14829319715499878,1171.49365234375,0.7697937548376913
1008,20.94639015197754,79.08944702148438,0.7925160435485792,1176.5921630859375,0.1384904980659485,1176.5921630859375,0.7925160435485792
1009,20.706388473510742,77.8758316040039,0.7975278130467787,1180.859375,0.14189213514328003,1180.859375,0.7975278130467787
1010,20.738611221313477,77.30000305175781,0.802643269486336,1175.7264404296875,0.1244848370552063,1175.7264404296875,0.802643269486336
1011,20.920555114746094,77.67388916015625,0.7729809172503551,1152.686767578125,0.12836815416812897,1152.686767578125,0.7729809172503551
1012,20.6825008392334,76.72250366210938,0.7770332978033333,1149.4862060546875,0.14313015341758728,1149.4862060546875,0.7770332978033333
1013,20.55583381652832,77.2558364868164,0.7639211742320409,1169.9130859375,0.14565688371658325,1169.9130859375,0.7639211742320409
1014,20.621110916137695,77.76361083984375,0.768101222818751,1161.54150390625,0.14484469592571259,1161.54150390625,0.768101222818751
1015,20.893054962158203,77.78888702392578,0.7775613811784358,1146.947265625,0.1509389579296112,1146.947265625,0.7775613811784358
1016,20.6744441986084,77.87083435058594,0.7777878209115467,1175.12744140625,0.1441946029663086,1175.12744140625,0.7777878209115467
1017,20.642223358154297,78.74944305419922,0.787194873135872,1175.8780517578125,0.1552647203207016,1175.8780517578125,0.787194873135872
1018,20.657501220703125,76.88639068603516,0.7774270652130129,1160.6435546875,0.15550683438777924,1160.6435546875,0.7774270652130129
1019,20.579166412353516,78.1875,0.7886377833995457,1175.9503173828125,0.14281176030635834,1175.9503173828125,0.7886377833995457
1020,20.6472225189209,77.19583129882812,0.7811802587068486,1160.2794189453125,0.1465781331062317,1160.2794189453125,0.7811802587068486
1021,20.928054809570312,78.12694549560547,0.7940097274661175,1167.648681640625,0.1516861617565155,1167.648681640625,0.7940097274661175
1022,20.845277786254883,77.99472045898438,0.7687594832414941,1164.24072265625,0.13600358366966248,1164.24072265625,0.7687594832414941
1023,20.780832290649414,78.0955581665039,0.7734622211510689,1159.4979248046875,0.14385049045085907,1159.4979248046875,0.7734622211510689
1024,20.467777252197266,78.97611236572266,0.7693312959096412,1168.2333984375,0.14390414953231812,1168.2333984375,0.7693312959096412
1025,20.577777862548828,78.07638549804688,0.7913523944210228,1164.418212890625,0.13985835015773773,1164.418212890625,0.7913523944210228
1026,20.513334274291992,78.66500091552734,0.7687264182899687,1158.4591064453125,0.1624792218208313,1158.4591064453125,0.7687264182899687
1027,20.52027702331543,77.3647232055664,0.7864579088214727,1164.8280029296875,0.14551320672035217,1164.8280029296875,0.7864579088214727
1028,20.824167251586914,77.64666748046875,0.7741386700517798,1181.856201171875,0.15044009685516357,1181.856201171875,0.7741386700517798
1029,20.851667404174805,77.24221801757812,0.798516455994558,1169.1939697265625,0.13622243702411652,1169.1939697265625,0.798516455994558
1030,20.622499465942383,77.67111206054688,0.7932420667114768,1190.1143798828125,0.14248442649841309,1190.1143798828125,0.7932420667114768
1031,20.84722137451172,77.88694763183594,0.7763070168591483,1177.269287109375,0.14538682997226715,1177.269287109375,0.7763070168591483
1032,20.460554122924805,77.04444885253906,0.7868480764300461,1160.53515625,0.14508354663848877,1160.53515625,0.7868480764300461
1033,20.615278244018555,76.85221862792969,0.7628468161081742,1173.8699951171875,0.14962999522686005,1173.8699951171875,0.7628468161081742
1034,20.550832748413086,77.37055206298828,0.769251075343323,1184.6783447265625,0.14631883800029755,1184.6783447265625,0.769251075343323
1035,20.650833129882812,76.71916198730469,0.7776914923449912,1162.3826904296875,0.13790282607078552,1162.3826904296875,0.7776914923449912
1036,20.626388549804688,77.51361083984375,0.7622919631714693,1170.55712890625,0.1346256136894226,1170.55712890625,0.7622919631714693
1037,20.746110916137695,76.42082977294922,0.7850557912148384,1170.8992919921875,0.14257946610450745,1170.8992919921875,0.7850557912148384
1038,20.435277938842773,76.45305633544922,0.789264756840223,1156.622802734375,0.13150787353515625,1156.622802734375,0.789264756840223
1039,20.56277847290039,77.32194519042969,0.7754199885368747,1171.939453125,0.13825055956840515,1171.939453125,0.7754199885368747
1040,20.79138946533203,77.35444641113281,0.7903577357610181,1164.8837890625,0.1375022530555725,1164.8837890625,0.7903577357610181
1041,20.646944046020508,77.01249694824219,0.7788449878769745,1162.901611328125,0.1480080932378769,1162.901611328125,0.7788449878769745
1042,20.5494441986084,77.58000183105469,0.7807016304572763,1165.0008544921875,0.14139863848686218,1165.0008544921875,0.7807016304572763
1043,20.46444320678711,76.88999938964844,0.7887043996138743,1160.6400146484375,0.13674719631671906,1160.6400146484375,0.7887043996138743
1044,20.691389083862305,76.79888916015625,0.77244452556099,1156.6724853515625,0.14281973242759705,1156.6724853515625,0.77244452556099
1045,20.8527774810791,75.73527526855469,0.7862605960082669,1161.6553955078125,0.12874329090118408,1161.6553955078125,0.7862605960082669
1046,20.489723205566406,76.80027770996094,0.7721759336269625,1157.52978515625,0.13950560986995697,1157.52978515625,0.7721759336269625
1047,20.518054962158203,76.2044448852539,0.7587025006682184,1158.077880859375,0.14320886135101318,1158.077880859375,0.7587025006682184
1048,20.677223205566406,75.25138854980469,0.7737383907828949,1159.5858154296875,0.1396288424730301,1159.5858154296875,0.7737383907828949
1049,20.7630558013916,76.32971954345703,0.7809435589287654,1165.4366455078125,0.13026800751686096,1165.4366455078125,0.7809435589287654
1050,20.633333206176758,75.6905517578125,0.7871288995698762,1167.15869140625,0.12470042705535889,1167.15869140625,0.7871288995698762
1051,20.60333251953125,76.58306121826172,0.7589309695511641,1148.657470703125,0.13131718337535858,1148.657470703125,0.7589309695511641
1052,20.675277709960938,75.90194702148438,0.7748649247332681,1164.423828125,0.12137089669704437,1164.423828125,0.7748649247332681
1053,20.98611068725586,76.82389068603516,0.78369878631704,1168.5345458984375,0.1283775269985199,1168.5345458984375,0.78369878631704
1054,20.744722366333008,75.16722106933594,0.7754015514795429,1158.3001708984375,0.13483308255672455,1158.3001708984375,0.7754015514795429
1055,20.478334426879883,74.87638854980469,0.778783909528779,1172.9013671875,0.12352162599563599,1172.9013671875,0.778783909528779
1056,20.70083236694336,75.4677734375,0.7829886219611797,1158.4688720703125,0.13528701663017273,1158.4688720703125,0.7829886219611797
1057,20.817222595214844,76.64472198486328,0.7901229517506696,1150.1419677734375,0.13310456275939941,1150.1419677734375,0.7901229517506696
1058,20.75861167907715,75.36360931396484,0.7814101220741487,1159.79150390625,0.13513784110546112,1159.79150390625,0.7814101220741487
1059,20.562223434448242,75.2955551147461,0.7736701927359195,1146.367431640625,0.1363554745912552,1146.367431640625,0.7736701927359195
1060,20.36138916015625,76.18138885498047,0.7644818031675817,1158.2430419921875,0.14005771279335022,1158.2430419921875,0.7644818031675817
1061,20.579723358154297,74.70195007324219,0.785543767942994,1149.676025390625,0.13351252675056458,1149.676025390625,0.785543767942994
1062,20.236665725708008,74.98139190673828,0.7846686585669499,1196.081787109375,0.12733538448810577,1196.081787109375,0.7846686585669499
1063,20.64472198486328,76.18805694580078,0.7680291779636018,1161.27783203125,0.12421339750289917,1161.27783203125,0.7680291779636018
1064,20.739444732666016,75.91722106933594,0.8084421716310322,1169.71435546875,0.13490080833435059,1169.71435546875,0.8084421716310322
1065,21.040555953979492,75.00666046142578,0.7689974420948706,1157.3760986328125,0.12553265690803528,1157.3760986328125,0.7689974420948706
1066,20.5402774810791,76.9749984741211,0.7796586747403288,1159.389404296875,0.1414070427417755,1159.389404296875,0.7796586747403288
1067,20.878332138061523,75.84166717529297,0.6468594599509028,1171.9444580078125,0.13106101751327515,1171.9444580078125,0.6468594599509028
1068,21.102222442626953,74.71611022949219,0.7896892724404267,1166.361083984375,0.12784093618392944,1166.361083984375,0.7896892724404267
1069,20.7086124420166,77.15444946289062,0.7726708829821185,1155.5740966796875,0.1332898586988449,1155.5740966796875,0.7726708829821185
1070,20.68555450439453,75.5727767944336,0.7978303558717094,1151.8353271484375,0.13482573628425598,1151.8353271484375,0.7978303558717094
1071,20.82111167907715,75.7691650390625,0.7705113057580117,1156.7166748046875,0.12448497116565704,1156.7166748046875,0.7705113057580117
1072,20.935001373291016,75.4927749633789,0.7895535106268564,1152.2060546875,0.1361105591058731,1152.2060546875,0.7895535106268564
1073,20.85944366455078,75.1883316040039,0.7635492232092914,1157.4659423828125,0.13871294260025024,1157.4659423828125,0.7635492232092914
1074,20.109722137451172,75.64111328125,0.7852863480847759,1184.9583740234375,0.12427288293838501,1184.9583740234375,0.7852863480847759
1075,20.691389083862305,76.36666870117188,0.793271078016111,1157.0086669921875,0.12456099689006805,1157.0086669921875,0.793271078016111
1076,20.14611053466797,76.21888732910156,0.7841760632522253,1200.876708984375,0.12728695571422577,1200.876708984375,0.7841760632522253
1077,21.00055503845215,75.19750213623047,0.8026107757217319,1157.71435546875,0.12825314700603485,1157.71435546875,0.8026107757217319
1078,21.084999084472656,74.79694366455078,0.7712153038039329,1152.75634765625,0.136333629488945,1152.75634765625,0.7712153038039329
1079,21.077777862548828,75.53611755371094,0.7937160551800247,1156.1517333984375,0.12623821198940277,1156.1517333984375,0.7937160551800247
1080,20.65166664123535,74.8758316040039,0.7767809079434995,1156.4423828125,0.1323474496603012,1156.4423828125,0.7767809079434995
1081,20.796388626098633,77.65499877929688,0.8036161982905463,1158.1405029296875,0.13239280879497528,1158.1405029296875,0.8036161982905463
1082,21.024999618530273,75.63861083984375,0.759340524326948,1158.8857421875,0.13014085590839386,1158.8857421875,0.759340524326948
1083,21.037778854370117,74.23472595214844,0.7872237966797555,1164.9769287109375,0.12131950259208679,1164.9769287109375,0.7872237966797555
1084,20.774723052978516,75.97916412353516,0.7932610322300181,1149.6651611328125,0.1355169415473938,1149.6651611328125,0.7932610322300181
1085,20.885831832885742,76.02305603027344,0.7822608328611854,1165.7811279296875,0.1352965235710144,1165.7811279296875,0.7822608328611854
1086,21.176666259765625,74.73444366455078,0.7945328008583964,1173.3818359375,0.12347841262817383,1173.3818359375,0.7945328008583964
1087,20.718055725097656,76.34444427490234,0.7665359163225923,1163.56640625,0.132167786359787,1163.56640625,0.7665359163225923
1088,21.203332901000977,75.6722183227539,0.7884457609083018,1155.40185546875,0.1274661421775818,1155.40185546875,0.7884457609083018
1089,20.828332901000977,75.08444213867188,0.7771334232009843,1145.260498046875,0.12377455830574036,1145.260498046875,0.7771334232009843
1090,21.08194351196289,75.04804992675781,0.7813616530534883,1148.8267822265625,0.13035999238491058,1148.8267822265625,0.7813616530534883
1091,21.0222225189209,75.20944213867188,0.7791906219119921,1153.0142822265625,0.12485870718955994,1153.0142822265625,0.7791906219119921
1092,21.241666793823242,74.76638793945312,0.7936437777260446,1155.3406982421875,0.12357354164123535,1155.3406982421875,0.7936437777260446
1093,20.828611373901367,75.92305755615234,0.7843037241947224,1141.4249267578125,0.13188335299491882,1141.4249267578125,0.7843037241947224
1094,20.842777252197266,75.22027587890625,0.781521755661781,1148.0601806640625,0.13137228786945343,1148.0601806640625,0.781521755661781
1095,21.053054809570312,75.98416900634766,0.7944634907812524,1152.7352294921875,0.13054490089416504,1152.7352294921875,0.7944634907812524
1096,21.042499542236328,75.19999694824219,0.7908187312513852,1160.4781494140625,0.11232183873653412,1160.4781494140625,0.7908187312513852
1097,20.95111083984375,75.78777313232422,0.7892663838306543,1168.6162109375,0.12233704328536987,1168.6162109375,0.7892663838306543
1098,20.762222290039062,76.01277923583984,0.7896297532350953,1159.9134521484375,0.1239844262599945,1159.9134521484375,0.7896297532350953
1099,20.647777557373047,76.46944427490234,0.7739483819856753,1163.9537353515625,0.1310381293296814,1163.9537353515625,0.7739483819856753
1100,20.998056411743164,74.5330581665039,0.777545249786717,1148.6602783203125,0.13936902582645416,1148.6602783203125,0.777545249786717
1101,20.905277252197266,75.10832977294922,0.7919078816527765,1148.2169189453125,0.12654396891593933,1148.2169189453125,0.7919078816527765
1102,20.88250160217285,74.7249984741211,0.7705427227620365,1149.5875244140625,0.11836326122283936,1149.5875244140625,0.7705427227620365
1103,20.586666107177734,75.44305419921875,0.7783648156979597,1145.385986328125,0.1259709596633911,1145.385986328125,0.7783648156979597
1104,20.720277786254883,75.86000061035156,0.7962656851501966,1153.377197265625,0.12590263783931732,1153.377197265625,0.7962656851501966
1105,20.491666793823242,75.51222229003906,0.7727887490731118,1140.254150390625,0.1241547018289566,1140.254150390625,0.7727887490731118
1106,20.97222137451172,75.40361022949219,0.7713008439144439,1151.53564453125,0.11402732133865356,1151.53564453125,0.7713008439144439
1107,20.8527774810791,74.31861114501953,0.7648699062928309,1148.0794677734375,0.1244865357875824,1148.0794677734375,0.7648699062928309
1108,20.971111297607422,76.74139404296875,0.7785039537422656,1152.461669921875,0.1293409913778305,1152.461669921875,0.7785039537422656
1109,20.81305503845215,75.11277770996094,0.7619740318262928,1148.7982177734375,0.11963808536529541,1148.7982177734375,0.7619740318262928
1110,20.952220916748047,76.20638275146484,0.7723329467754105,1147.022705078125,0.12937432527542114,1147.022705078125,0.7723329467754105
1111,20.960832595825195,75.67250061035156,0.7931789632642132,1156.4652099609375,0.1283012330532074,1156.4652099609375,0.7931789632642132
1112,20.759443283081055,75.13166809082031,0.7947228987394306,1139.7799072265625,0.12550176680088043,1139.7799072265625,0.7947228987394306
1113,20.837221145629883,75.98194122314453,0.7995372389251828,1163.375732421875,0.13136808574199677,1163.375732421875,0.7995372389251828
1114,20.92333221435547,76.4052734375,0.7808591865895628,1165.3721923828125,0.12933674454689026,1165.3721923828125,0.7808591865895628
1115,21.05583381652832,74.95500183105469,0.7799058033561935,1158.499267578125,0.12056758999824524,1158.499267578125,0.7799058033561935
1116,21.294445037841797,74.86888885498047,0.7670081376764085,1155.8431396484375,0.124312624335289,1155.8431396484375,0.7670081376764085
1117,20.794443130493164,76.91888427734375,0.7756332383105786,1145.9852294921875,0.1436077207326889,1145.9852294921875,0.7756332383105786
1118,20.866111755371094,76.24417114257812,0.7732813938787967,1165.7515869140625,0.13053372502326965,1165.7515869140625,0.7732813938787967
1119,21.107221603393555,78.06527709960938,0.7729624345490731,1165.185546875,0.12547564506530762,1165.185546875,0.7729624345490731
1120,21.162221908569336,75.7522201538086,0.8007706907914727,1172.8597412109375,0.12360182404518127,1172.8597412109375,0.8007706907914727
1121,21.030555725097656,76.34916687011719,0.7978079992062885,1159.1876220703125,0.1109398603439331,1159.1876220703125,0.7978079992062885
1122,21.10444450378418,75.35138702392578,0.7865202880418881,1158.1182861328125,0.12273794412612915,1158.1182861328125,0.7865202880418881
1123,20.741111755371094,76.99610900878906,0.7679138413970512,1169.579345703125,0.13043512403964996,1169.579345703125,0.7679138413970512
1124,21.314998626708984,75.53944396972656,0.7810976006972272,1165.7628173828125,0.12504394352436066,1165.7628173828125,0.7810976006972272
1125,20.724166870117188,76.14833068847656,0.7774559798468444,1158.8880615234375,0.1356615126132965,1158.8880615234375,0.7774559798468444
1126,21.078889846801758,76.61083221435547,0.7726576935676447,1150.3475341796875,0.13973547518253326,1150.3475341796875,0.7726576935676447
1127,20.97916603088379,75.99944305419922,0.7963671027038471,1167.4705810546875,0.11756952106952667,1167.4705810546875,0.7963671027038471
1128,20.95916748046875,75.21749877929688,0.7644442621979946,1154.6634521484375,0.13149303197860718,1154.6634521484375,0.7644442621979946
1129,21.064722061157227,76.133056640625,0.7879894948587721,1176.494384765625,0.12356187403202057,1176.494384765625,0.7879894948587721
1130,21.101943969726562,75.51333618164062,0.768554141092941,1162.457275390625,0.13309726119041443,1162.457275390625,0.768554141092941
1131,21.07638931274414,75.1258316040039,0.7922763121577296,1160.7618408203125,0.11825308203697205,1160.7618408203125,0.7922763121577296
1132,21.3799991607666,73.9977798461914,0.7840448606543415,1157.6849365234375,0.11378540098667145,1157.6849365234375,0.7840448606543415
1133,21.113332748413086,76.24333190917969,0.7824710042106781,1163.5880126953125,0.13030020892620087,1163.5880126953125,0.7824710042106781
1134,21.058889389038086,75.41388702392578,0.7787555383409602,1142.0069580078125,0.12083882093429565,1142.0069580078125,0.7787555383409602
1135,21.191944122314453,75.37944030761719,0.7908696216883081,1148.28369140625,0.1212405115365982,1148.28369140625,0.7908696216883081
1136,21.127500534057617,74.95832824707031,0.7726227033624611,1150.2655029296875,0.11300845444202423,1150.2655029296875,0.7726227033624611
1137,21.15250015258789,75.070556640625,0.7954361042442128,1157.4315185546875,0.11726374924182892,1157.4315185546875,0.7954361042442128
1138,21.16638946533203,74.78194427490234,0.7754932316537311,1154.0242919921875,0.12517081201076508,1154.0242919921875,0.7754932316537311
1139,21.0847225189209,74.92666625976562,0.8054674559338092,1164.3741455078125,0.12545938789844513,1164.3741455078125,0.8054674559338092
1140,20.933332443237305,75.54472351074219,0.7902943585698234,1141.5654296875,0.12702050805091858,1141.5654296875,0.7902943585698234
1141,21.20805549621582,75.80000305175781,0.8018876965073831,1168.2294921875,0.11580134928226471,1168.2294921875,0.8018876965073831
1142,21.283056259155273,75.8647232055664,0.7946397720588232,1155.0120849609375,0.12124544382095337,1155.0120849609375,0.7946397720588232
1143,20.92277717590332,76.53888702392578,0.8022497868203186,1141.8128662109375,0.11730644106864929,1141.8128662109375,0.8022497868203186
1144,20.960277557373047,75.56527709960938,0.7950551984353714,1160.7528076171875,0.11865517497062683,1160.7528076171875,0.7950551984353714
1145,20.883333206176758,74.96360778808594,0.782660683610013,1155.4542236328125,0.11645624041557312,1155.4542236328125,0.782660683610013
1146,20.746665954589844,75.8941650390625,0.7852449402746733,1193.6192626953125,0.10986253619194031,1193.6192626953125,0.7852449402746733
1147,20.975000381469727,76.32777404785156,0.7751519753785037,1154.2425537109375,0.12250472605228424,1154.2425537109375,0.7751519753785037
1148,21.00611114501953,76.0552749633789,0.7892514264524527,1168.8179931640625,0.12347574532032013,1168.8179931640625,0.7892514264524527
1149,20.842222213745117,74.92472076416016,0.748059140122727,1146.2799072265625,0.12333983182907104,1146.2799072265625,0.748059140122727
1150,20.933610916137695,75.71833038330078,0.8015530856705874,1160.96728515625,0.11587990820407867,1160.96728515625,0.8015530856705874
1151,20.892499923706055,76.6611099243164,0.7832019155409113,1165.7647705078125,0.12344077229499817,1165.7647705078125,0.7832019155409113
1152,21.336387634277344,75.38333892822266,0.7946271498762487,1168.56591796875,0.11902737617492676,1168.56591796875,0.7946271498762487
1153,20.995555877685547,74.5361099243164,0.7776192394281944,1143.3795166015625,0.11674067378044128,1143.3795166015625,0.7776192394281944
1154,21.23555564880371,73.96028137207031,0.7936226252477239,1158.3289794921875,0.10677440464496613,1158.3289794921875,0.7936226252477239
1155,21.004444122314453,76.24972534179688,0.7843455269050065,1158.9271240234375,0.12832538783550262,1158.9271240234375,0.7843455269050065
1156,20.96500015258789,75.20972442626953,0.7811708092464841,1129.5692138671875,0.11647652089595795,1129.5692138671875,0.7811708092464841
1157,21.005001068115234,75.2588882446289,0.7834289196419078,1150.5416259765625,0.12334425747394562,1150.5416259765625,0.7834289196419078
1158,20.769166946411133,74.47472381591797,0.7719584848384263,1141.060302734375,0.11392930150032043,1141.060302734375,0.7719584848384263
1159,20.98027801513672,74.51194763183594,0.7864462891054048,1133.5587158203125,0.10902896523475647,1133.5587158203125,0.7864462891054048
1160,21.101388931274414,73.85166931152344,0.7850972578834743,1138.1312255859375,0.12320630252361298,1138.1312255859375,0.7850972578834743
1161,20.970277786254883,74.62694549560547,0.8004448859139053,1157.904052734375,0.12378469109535217,1157.904052734375,0.8004448859139053
1162,21.067501068115234,74.59527587890625,0.7971722290582743,1139.7537841796875,0.11186525225639343,1139.7537841796875,0.7971722290582743
1163,20.976667404174805,75.80638885498047,0.790877808021829,1163.0810546875,0.11158774793148041,1163.0810546875,0.790877808021829
1164,20.45111083984375,74.47166442871094,0.798908030400314,1177.9622802734375,0.11615703999996185,1177.9622802734375,0.798908030400314
1165,21.025833129882812,73.44999694824219,0.7960493210907471,1132.3941650390625,0.10604628920555115,1132.3941650390625,0.7960493210907471
1166,21.238889694213867,75.30333709716797,0.7773090735140065,1139.5084228515625,0.1150718629360199,1139.5084228515625,0.7773090735140065
1167,21.43805694580078,73.97833251953125,0.7874005410614253,1147.14697265625,0.11108441650867462,1147.14697265625,0.7874005410614253
1168,20.828889846801758,73.86639404296875,0.7751670226594045,1124.5260009765625,0.11765511333942413,1124.5260009765625,0.7751670226594045
1169,21.10444450378418,73.79000091552734,0.7826935316844925,1144.475830078125,0.11472758650779724,1144.475830078125,0.7826935316844925
1170,20.796388626098633,73.59388732910156,0.778276625598131,1124.822998046875,0.11876679956912994,1124.822998046875,0.778276625598131
1171,20.755277633666992,75.83361053466797,0.7623756765891948,1140.4940185546875,0.12430185079574585,1140.4940185546875,0.7623756765891948
1172,20.881389617919922,74.29944610595703,0.7909349935894527,1145.3770751953125,0.11682040989398956,1145.3770751953125,0.7909349935894527
1173,20.59972381591797,74.7219467163086,0.7753798618148444,1134.24365234375,0.12231600284576416,1134.24365234375,0.7753798618148444
1174,21.050556182861328,74.59194946289062,0.7868012518362173,1135.7548828125,0.11442986130714417,1135.7548828125,0.7868012518362173
1175,20.95138931274414,72.79000091552734,0.7809214971124867,1159.7783203125,0.10692454874515533,1159.7783203125,0.7809214971124867
1176,21.010000228881836,73.70083618164062,0.7887988177154708,1161.8131103515625,0.11189781129360199,1161.8131103515625,0.7887988177154708
1177,20.7852783203125,74.38777923583984,0.7978532479718765,1138.4769287109375,0.12334203720092773,1138.4769287109375,0.7978532479718765
1178,20.805831909179688,74.9486083984375,0.7856541769818014,1143.09716796875,0.11307670176029205,1143.09716796875,0.7856541769818014
1179,21.09055519104004,74.92472076416016,0.7776718697813811,1150.6104736328125,0.10932460427284241,1150.6104736328125,0.7776718697813811
1180,20.765277862548828,75.16000366210938,0.7785340397314505,1137.7508544921875,0.12448538839817047,1137.7508544921875,0.7785340397314505
1181,20.983055114746094,73.99028015136719,0.7792693871737635,1149.0889892578125,0.114286869764328,1149.0889892578125,0.7792693871737635
1182,20.863889694213867,74.65555572509766,0.7746158055077035,1154.1912841796875,0.11066479980945587,1154.1912841796875,0.7746158055077035
1183,20.793611526489258,73.8933334350586,0.7887088903760736,1143.3717041015625,0.11923032999038696,1143.3717041015625,0.7887088903760736
1184,20.935556411743164,73.76305389404297,0.7838618607051033,1140.2103271484375,0.10867111384868622,1140.2103271484375,0.7838618607051033
1185,21.011110305786133,75.28666687011719,0.7921351380630249,1145.69287109375,0.10679510235786438,1145.69287109375,0.7921351380630249
1186,20.961111068725586,76.04222106933594,0.7775948253585069,1135.1533203125,0.12281174957752228,1135.1533203125,0.7775948253585069
1187,21.17305564880371,73.09388732910156,0.7909106767509309,1145.3623046875,0.10864788293838501,1145.3623046875,0.7909106767509309
1188,20.814443588256836,74.77166748046875,0.8002672432418996,1155.830810546875,0.12017886340618134,1155.830810546875,0.8002672432418996
1189,20.75749969482422,75.38166809082031,0.7848236519798213,1145.6353759765625,0.11728540062904358,1145.6353759765625,0.7848236519798213
1190,20.614166259765625,75.56111145019531,0.7873157353038219,1140.7613525390625,0.1093965619802475,1140.7613525390625,0.7873157353038219
1191,20.997220993041992,73.94055938720703,0.7533955403405498,1144.6256103515625,0.12336501479148865,1144.6256103515625,0.7533955403405498
1192,21.189722061157227,72.65027618408203,0.7805315312827354,1136.517822265625,0.10428665578365326,1136.517822265625,0.7805315312827354
1193,20.880001068115234,74.19139099121094,0.788796023637423,1136.8653564453125,0.114686980843544,1136.8653564453125,0.788796023637423
1194,20.97916603088379,73.95388793945312,0.7863053201793605,1129.59375,0.11226335167884827,1129.59375,0.7863053201793605
1195,21.026945114135742,74.20639038085938,0.7863567826136677,1134.4725341796875,0.11841323971748352,1134.4725341796875,0.7863567826136677
1196,21.10638999938965,73.77611541748047,0.7967055263282568,1147.4349365234375,0.11352360248565674,1147.4349365234375,0.7967055263282568
1197,20.75666618347168,74.8455581665039,0.7982921117685259,1132.3052978515625,0.10968296229839325,1132.3052978515625,0.7982921117685259
1198,20.788055419921875,74.73139190673828,0.789346354773911,1136.190185546875,0.10933762788772583,1136.190185546875,0.789346354773911
1199,21.05555534362793,72.66583251953125,0.7702152062994334,1142.5252685546875,0.11258421838283539,1142.5252685546875,0.7702152062994334
1200,20.747222900390625,75.03778076171875,0.7832112717287899,1129.0894775390625,0.11609934270381927,1129.0894775390625,0.7832112717287899
1201,20.712223052978516,73.19611358642578,0.777867449400461,1139.69677734375,0.12005674839019775,1139.69677734375,0.777867449400461
1202,20.983333587646484,74.3852767944336,0.7976354320572343,1141.480224609375,0.10586045682430267,1141.480224609375,0.7976354320572343
1203,20.956111907958984,75.29277801513672,0.772198195655716,1138.584228515625,0.11039772629737854,1138.584228515625,0.772198195655716
1204,20.995277404785156,73.42971801757812,0.7856952337415339,1139.881591796875,0.11138550937175751,1139.881591796875,0.7856952337415339
1205,21.234722137451172,75.44750213623047,0.7752564868430596,1152.1871337890625,0.11293545365333557,1152.1871337890625,0.7752564868430596
1206,21.094167709350586,75.01388549804688,0.7946943038712155,1131.082763671875,0.11087988317012787,1131.082763671875,0.7946943038712155
1207,21.394166946411133,72.59222412109375,0.7632226856554942,1138.770263671875,0.11323519051074982,1138.770263671875,0.7632226856554942
1208,21.200279235839844,73.3869400024414,0.7774540441426951,1129.41845703125,0.10987856984138489,1129.41845703125,0.7774540441426951
1209,20.9697208404541,73.84750366210938,0.7751034960370013,1139.6346435546875,0.12163203954696655,1139.6346435546875,0.7751034960370013
1210,21.08305549621582,73.54166412353516,0.770981496915463,1136.154296875,0.10176393389701843,1136.154296875,0.770981496915463
1211,21.581666946411133,72.60582733154297,0.7557033553043927,1136.210205078125,0.10347966849803925,1136.210205078125,0.7557033553043927
1212,21.288333892822266,72.94305419921875,0.782694363832797,1131.0670166015625,0.10925072431564331,1131.0670166015625,0.782694363832797
1213,20.924720764160156,73.55916595458984,0.7824552930809159,1124.203857421875,0.1101972758769989,1124.203857421875,0.7824552930809159
1214,21.494443893432617,72.8183364868164,0.7422191808112844,1140.5831298828125,0.10314291715621948,1140.5831298828125,0.7422191808112844
1215,21.09694480895996,74.53166961669922,0.7675271128240033,1123.15185546875,0.11551322042942047,1123.15185546875,0.7675271128240033
1216,21.244722366333008,72.99610900878906,0.7721311049970256,1117.9716796875,0.10866770148277283,1117.9716796875,0.7721311049970256
1217,21.260555267333984,73.14250183105469,0.7621273871039784,1118.3812255859375,0.11727285385131836,1118.3812255859375,0.7621273871039784
1218,21.34722137451172,73.49055480957031,0.7660655265219691,1135.0811767578125,0.10399316251277924,1135.0811767578125,0.7660655265219691
1219,21.39638900756836,72.97999572753906,0.7728258206456879,1133.2178955078125,0.09875433146953583,1133.2178955078125,0.7728258206456879
1220,21.05583381652832,74.65499877929688,0.7559324828050942,1123.40234375,0.1193009614944458,1123.40234375,0.7559324828050942
1221,20.82027816772461,72.91222381591797,0.7645275943098941,1110.79931640625,0.11465710401535034,1110.79931640625,0.7645275943098941
1222,21.06833267211914,73.64805603027344,0.7768727432104504,1130.5723876953125,0.11347386240959167,1130.5723876953125,0.7768727432104504
1223,21.069721221923828,73.75944519042969,0.768571739797608,1124.068115234375,0.09563331305980682,1124.068115234375,0.768571739797608
1224,21.157499313354492,73.17971801757812,0.7572035910890689,1127.0731201171875,0.11170929670333862,1127.0731201171875,0.7572035910890689
1225,21.37416648864746,73.66889190673828,0.7720588838350053,1132.591796875,0.10260897874832153,1132.591796875,0.7720588838350053
1226,21.11055564880371,75.03138732910156,0.766931968127081,1140.468017578125,0.10193000733852386,1140.468017578125,0.766931968127081
1227,20.79833221435547,75.06944274902344,0.7576874281363493,1116.442138671875,0.11047035455703735,1116.442138671875,0.7576874281363493
1228,21.15166664123535,73.55138397216797,0.7570560089341114,1108.37158203125,0.11327721178531647,1108.37158203125,0.7570560089341114
1229,21.289167404174805,71.16749572753906,0.7929222185835997,1157.7449951171875,0.09755514562129974,1157.7449951171875,0.7929222185835997
1230,21.494722366333008,73.05889129638672,0.7801629745253063,1135.1673583984375,0.10651960968971252,1135.1673583984375,0.7801629745253063
1231,21.141666412353516,75.06195068359375,0.7984613832139867,1134.7591552734375,0.10521025955677032,1134.7591552734375,0.7984613832139867
1232,20.949722290039062,74.66472625732422,0.7807313941872887,1129.225830078125,0.11108790338039398,1129.225830078125,0.7807313941872887
1233,20.85944366455078,74.1280517578125,0.7831476792259257,1128.4449462890625,0.10763756930828094,1128.4449462890625,0.7831476792259257
1234,21.153888702392578,74.2683334350586,0.779629237290165,1139.06689453125,0.1035723090171814,1139.06689453125,0.779629237290165
1235,21.17472267150879,73.9030532836914,0.7493142042126202,1135.4188232421875,0.10073107481002808,1135.4188232421875,0.7493142042126202
1236,21.48611068725586,73.2763900756836,0.7862829104394752,1121.029296875,0.10095132887363434,1121.029296875,0.7862829104394752
1237,21.574722290039062,72.66638946533203,0.7797918875139559,1126.104736328125,0.10168129205703735,1126.104736328125,0.7797918875139559
1238,20.95888900756836,74.16889190673828,0.7818785934333203,1127.4127197265625,0.10218207538127899,1127.4127197265625,0.7818785934333203
1239,21.060832977294922,72.66806030273438,0.7993867610325585,1123.4736328125,0.11114133894443512,1123.4736328125,0.7993867610325585
1240,21.379722595214844,72.89860534667969,0.7738823897940184,1128.065185546875,0.09266433119773865,1128.065185546875,0.7738823897940184
1241,21.31333351135254,73.37110900878906,0.7569026546347707,1115.7498779296875,0.10199597477912903,1115.7498779296875,0.7569026546347707
1242,21.14555549621582,73.13861083984375,0.7710392992937483,1132.2164306640625,0.09859961271286011,1132.2164306640625,0.7710392992937483
1243,21.112777709960938,73.55889129638672,0.7867065586278086,1118.5416259765625,0.10167773067951202,1118.5416259765625,0.7867065586278086
1244,21.363056182861328,73.12972259521484,0.7920224051385815,1120.9061279296875,0.10861989855766296,1120.9061279296875,0.7920224051385815
1245,21.09027862548828,74.63639068603516,0.7775302583351896,1117.6043701171875,0.10850520431995392,1117.6043701171875,0.7775302583351896
1246,21.069721221923828,71.6866683959961,0.7960170704453142,1098.525146484375,0.09818339347839355,1098.525146484375,0.7960170704453142
1247,20.96416664123535,74.55750274658203,0.7768794831077763,1113.5543212890625,0.10126937925815582,1113.5543212890625,0.7768794831077763
1248,21.074167251586914,73.02777862548828,0.7918584167724143,1114.306396484375,0.10342678427696228,1114.306396484375,0.7918584167724143
1249,21.210832595825195,72.32499694824219,0.7785622060406931,1103.192626953125,0.10727931559085846,1103.192626953125,0.7785622060406931
1250,21.220556259155273,73.53694152832031,0.800014447890171,1107.1339111328125,0.10501503944396973,1107.1339111328125,0.800014447890171
1251,21.07027816772461,73.6594467163086,0.8005993736336997,1100.4111328125,0.10646027326583862,1100.4111328125,0.8005993736336997
1252,21.257221221923828,72.51444244384766,0.7793877714948154,1121.5343017578125,0.0948503166437149,1121.5343017578125,0.7793877714948154
1253,21.078889846801758,72.92610931396484,0.7799100453911589,1105.9747314453125,0.10798428952693939,1105.9747314453125,0.7799100453911589
1254,21.230833053588867,72.86305236816406,0.7781673142950782,1110.06591796875,0.1001518964767456,1110.06591796875,0.7781673142950782
1255,20.987777709960938,72.37860870361328,0.7594327695061883,1126.0762939453125,0.10015910863876343,1126.0762939453125,0.7594327695061883
1256,20.85361099243164,73.00333404541016,0.8020989317298105,1111.28369140625,0.1000579297542572,1111.28369140625,0.8020989317298105
1257,21.57611083984375,70.54083251953125,0.7567702811628336,1106.9007568359375,0.09130635857582092,1106.9007568359375,0.7567702811628336
1258,21.153610229492188,70.5844497680664,0.764664670503925,1102.42724609375,0.09534019231796265,1102.42724609375,0.764664670503925
1259,20.79166603088379,71.52555847167969,0.7558902395176739,1097.3155517578125,0.10325101017951965,1097.3155517578125,0.7558902395176739
1260,20.980833053588867,71.92083740234375,0.758327154894711,1100.6796875,0.09718774259090424,1100.6796875,0.758327154894711
1261,20.891389846801758,72.00555419921875,0.7795587067693242,1085.965576171875,0.10081247985363007,1085.965576171875,0.7795587067693242
1262,20.819721221923828,71.89666748046875,0.7485688040571679,1095.5369873046875,0.09728161990642548,1095.5369873046875,0.7485688040571679
1263,21.198888778686523,71.03638458251953,0.7327966424996734,1105.866943359375,0.10016253590583801,1105.866943359375,0.7327966424996734
1264,21.242778778076172,72.58583068847656,0.776503403610693,1117.7244873046875,0.09835979342460632,1117.7244873046875,0.776503403610693
1265,20.797222137451172,71.163330078125,0.7452843418027171,1096.0386962890625,0.10097163915634155,1096.0386962890625,0.7452843418027171
1266,20.895278930664062,70.92082977294922,0.7595943794153719,1119.307373046875,0.09991247951984406,1119.307373046875,0.7595943794153719
1267,20.984167098999023,71.60888671875,0.7578649866756738,1099.1876220703125,0.1062084287405014,1099.1876220703125,0.7578649866756738
1268,20.943889617919922,71.01055145263672,0.7525289350112498,1116.4786376953125,0.09531064331531525,1116.4786376953125,0.7525289350112498
1269,21.032501220703125,72.38694763183594,0.7518297090378003,1106.96728515625,0.10477231442928314,1106.96728515625,0.7518297090378003
1270,20.979721069335938,71.20333099365234,0.7443308246373838,1086.737548828125,0.09170851111412048,1086.737548828125,0.7443308246373838
1271,20.77861213684082,70.63666534423828,0.7517557712956724,1087.91748046875,0.09718950092792511,1087.91748046875,0.7517557712956724
1272,20.947221755981445,69.772216796875,0.7435870654055237,1090.9552001953125,0.09740780293941498,1090.9552001953125,0.7435870654055237
1273,20.884443283081055,71.3963851928711,0.7529778950986992,1088.0791015625,0.10071079432964325,1088.0791015625,0.7529778950986992
1274,20.975000381469727,72.06944274902344,0.7493899229900615,1100.728271484375,0.09651361405849457,1100.728271484375,0.7493899229900615
1275,20.84694480895996,72.73332977294922,0.7607114498329152,1107.923828125,0.097373828291893,1107.923828125,0.7607114498329152
1276,21.00083351135254,71.04138946533203,0.7771918903617887,1116.6883544921875,0.09538434445858002,1116.6883544921875,0.7771918903617887
1277,21.050277709960938,70.36888885498047,0.7851839197677699,1111.95703125,0.08843497931957245,1111.95703125,0.7851839197677699
1278,21.01333236694336,71.32444763183594,0.7588707834592294,1088.3507080078125,0.10186393558979034,1088.3507080078125,0.7588707834592294
1279,20.814443588256836,69.45777893066406,0.7666241169106788,1078.2835693359375,0.10131862759590149,1078.2835693359375,0.7666241169106788
1280,20.498611450195312,71.55528259277344,0.7703575371888423,1111.624755859375,0.09672459959983826,1111.624755859375,0.7703575371888423
1281,20.726943969726562,71.63471984863281,0.7764555892189373,1106.9608154296875,0.1010248214006424,1106.9608154296875,0.7764555892189373
1282,20.952220916748047,71.77388763427734,0.757288606156003,1085.096435546875,0.10145953297615051,1085.096435546875,0.757288606156003
1283,20.935277938842773,71.35417175292969,0.7736846664837753,1114.53271484375,0.10187429189682007,1114.53271484375,0.7736846664837753
1284,20.83944320678711,72.96749877929688,0.7809421090811881,1116.433837890625,0.10155493021011353,1116.433837890625,0.7809421090811881
1285,20.93166732788086,71.21417236328125,0.7460104940592539,1095.3135986328125,0.09973196685314178,1095.3135986328125,0.7460104940592539
1286,20.75777816772461,71.75194549560547,0.7799396842338616,1111.09619140625,0.09511789679527283,1111.09619140625,0.7799396842338616
1287,20.761112213134766,70.6611099243164,0.7613432253637441,1097.99609375,0.10672125220298767,1097.99609375,0.7613432253637441
1288,20.928611755371094,72.00611114501953,0.7716639863897599,1097.7806396484375,0.10199671983718872,1097.7806396484375,0.7716639863897599
1289,20.907777786254883,71.92166137695312,0.765458121240369,1096.8096923828125,0.10518346726894379,1096.8096923828125,0.765458121240369
1290,20.98583221435547,72.37999725341797,0.77229679595493,1098.2020263671875,0.0978585034608841,1098.2020263671875,0.77229679595493
1291,20.865833282470703,73.52111053466797,0.7636614310272669,1103.4271240234375,0.1017867922782898,1103.4271240234375,0.7636614310272669
1292,20.887500762939453,72.17027282714844,0.7778727248804049,1102.0770263671875,0.10340175032615662,1102.0770263671875,0.7778727248804049
1293,20.88083267211914,72.80611419677734,0.7586452198049969,1084.60400390625,0.10205365717411041,1084.60400390625,0.7586452198049969
1294,20.84111213684082,70.95027923583984,0.7622993658362442,1096.181396484375,0.0979899913072586,1096.181396484375,0.7622993658362442
1295,21.099166870117188,70.95500183105469,0.7673855377589164,1107.6705322265625,0.09582321345806122,1107.6705322265625,0.7673855377589164
1296,21.03444480895996,70.87694549560547,0.7775851951241275,1099.13916015625,0.092491015791893,1099.13916015625,0.7775851951241275
1297,20.990278244018555,71.67027282714844,0.7868013307637578,1119.73291015625,0.0931851863861084,1119.73291015625,0.7868013307637578
1298,20.06305694580078,71.49444580078125,0.7879374779456358,1159.1463623046875,0.10392390191555023,1159.1463623046875,0.7879374779456358
1299,20.5211124420166,71.41361236572266,0.7847423506378194,1099.4144287109375,0.09722864627838135,1099.4144287109375,0.7847423506378194
1300,21.239999771118164,70.36972045898438,0.7401661027332018,1093.608154296875,0.087633416056633,1093.608154296875,0.7401661027332018
1301,20.99388885498047,72.40916442871094,0.7627948546354018,1116.6812744140625,0.09740342199802399,1116.6812744140625,0.7627948546354018
1302,20.850278854370117,71.06527709960938,0.766797735873376,1094.459228515625,0.09944677352905273,1094.459228515625,0.766797735873376
1303,20.96500015258789,72.03194427490234,0.7735271384058471,1105.611328125,0.099558025598526,1105.611328125,0.7735271384058471
1304,21.008333206176758,70.8691635131836,0.7683226545282447,1103.4459228515625,0.09420278668403625,1103.4459228515625,0.7683226545282447
1305,20.859167098999023,71.17833709716797,0.7689569893628909,1094.5662841796875,0.10322020947933197,1094.5662841796875,0.7689569893628909
1306,20.635000228881836,72.58721923828125,0.741985520964094,1109.920166015625,0.10739873349666595,1109.920166015625,0.741985520964094
1307,20.705278396606445,72.40055847167969,0.7740671713395325,1091.7315673828125,0.09851489961147308,1091.7315673828125,0.7740671713395325
1308,20.60333251953125,72.63361358642578,0.7499528124080349,1099.1834716796875,0.09237296879291534,1099.1834716796875,0.7499528124080349
1309,21.029722213745117,72.61194610595703,0.7629864189785168,1093.861328125,0.08992920815944672,1093.861328125,0.7629864189785168
1310,21.033889770507812,72.12361145019531,0.7664060221033602,1092.0045166015625,0.08895905315876007,1092.0045166015625,0.7664060221033602
1311,21.06333351135254,72.7199935913086,0.7649231078756065,1096.09326171875,0.09327073395252228,1096.09326171875,0.7649231078756065
1312,21.31444549560547,71.18277740478516,0.7604210304651708,1098.2427978515625,0.10282208025455475,1098.2427978515625,0.7604210304651708
1313,20.886943817138672,72.43083190917969,0.7562317752265909,1099.004150390625,0.10390083491802216,1099.004150390625,0.7562317752265909
1314,20.77027702331543,71.8308334350586,0.7284848691720834,1091.6102294921875,0.0949714183807373,1091.6102294921875,0.7284848691720834
1315,20.920278549194336,70.54861450195312,0.7702102721852118,1091.03125,0.0970069169998169,1091.03125,0.7702102721852118
1316,20.988056182861328,72.1080551147461,0.7609652261817543,1101.140869140625,0.0972350537776947,1101.140869140625,0.7609652261817543
1317,20.843055725097656,70.97416687011719,0.7887398081691149,1100.989990234375,0.09751048684120178,1100.989990234375,0.7887398081691149
1318,20.72944450378418,72.8772201538086,0.7558117364273554,1089.5318603515625,0.10180738568305969,1089.5318603515625,0.7558117364273554
1319,20.83388900756836,71.6147232055664,0.7746903116778597,1107.17138671875,0.0913977175951004,1107.17138671875,0.7746903116778597
1320,20.994722366333008,72.52027893066406,0.7729316029377995,1101.4931640625,0.09510619938373566,1101.4931640625,0.7729316029377995
1321,20.886388778686523,70.96221923828125,0.7706065483961297,1089.5909423828125,0.09571069478988647,1089.5909423828125,0.7706065483961297
1322,20.7711124420166,70.41471862792969,0.7683618100685676,1116.505615234375,0.09341852366924286,1116.505615234375,0.7683618100685676
1323,20.733612060546875,71.52833557128906,0.7697721400451848,1101.680908203125,0.10623601078987122,1101.680908203125,0.7697721400451848
1324,20.745277404785156,73.2441635131836,0.7661317845869245,1085.072509765625,0.09778432548046112,1085.072509765625,0.7661317845869245
1325,21.09027862548828,71.4183349609375,0.7732884045251665,1098.6251220703125,0.09706470370292664,1098.6251220703125,0.7732884045251665
1326,20.641666412353516,71.6463851928711,0.7613180048536323,1085.511962890625,0.09974777698516846,1085.511962890625,0.7613180048536323
1327,20.551944732666016,72.70972442626953,0.7634227231256203,1091.1998291015625,0.10397744178771973,1091.1998291015625,0.7634227231256203
1328,20.768054962158203,70.97666931152344,0.7582679754008489,1092.200927734375,0.09566991031169891,1092.200927734375,0.7582679754008489
1329,21.2630558013916,71.05332946777344,0.7732114707601127,1109.3604736328125,0.0946471095085144,1109.3604736328125,0.7732114707601127
1330,20.956666946411133,72.67027282714844,0.7699817782741474,1102.70654296875,0.09932401776313782,1102.70654296875,0.7699817782741474
1331,20.72166633605957,72.29666900634766,0.7873247987869021,1107.0562744140625,0.09743404388427734,1107.0562744140625,0.7873247987869021
1332,21.198333740234375,71.0250015258789,0.7447452779251763,1103.6668701171875,0.08907303214073181,1103.6668701171875,0.7447452779251763
1333,20.545833587646484,73.40972137451172,0.7712278593188783,1095.780517578125,0.09867845475673676,1095.780517578125,0.7712278593188783
1334,21.082500457763672,71.67333221435547,0.6391058700460813,1108.545166015625,0.08439703285694122,1108.545166015625,0.6391058700460813
1335,21.071109771728516,70.51139068603516,0.7664511970860244,1101.9853515625,0.08984333276748657,1101.9853515625,0.7664511970860244
1336,20.649444580078125,73.96305847167969,0.7725056758353724,1094.642578125,0.0948813259601593,1094.642578125,0.7725056758353724
1337,20.663888931274414,71.50638580322266,0.7625804482916014,1090.1820068359375,0.09707136452198029,1090.1820068359375,0.7625804482916014
1338,20.885555267333984,72.47694396972656,0.7858575458375241,1097.1962890625,0.10073567926883698,1097.1962890625,0.7858575458375241
1339,21.0322208404541,71.9272232055664,0.7718784707723443,1091.42822265625,0.09932178258895874,1091.42822265625,0.7718784707723443
1340,20.748332977294922,71.43777465820312,0.7584129036340048,1096.6861572265625,0.10387863218784332,1096.6861572265625,0.7584129036340048
1341,20.954166412353516,71.84638977050781,0.7630082817798122,1092.58349609375,0.09827984869480133,1092.58349609375,0.7630082817798122
1342,20.606111526489258,72.98361206054688,0.7796164272984298,1099.0423583984375,0.09235484898090363,1099.0423583984375,0.7796164272984298
1343,20.77861213684082,72.30416870117188,0.76150175044932,1106.3861083984375,0.09253324568271637,1106.3861083984375,0.76150175044932
1344,21.072778701782227,71.04166412353516,0.766887363365863,1099.1279296875,0.09284162521362305,1099.1279296875,0.766887363365863
1345,20.920555114746094,70.54499816894531,0.7744359479631968,1083.5269775390625,0.09251394867897034,1083.5269775390625,0.7744359479631968
1346,20.91083335876465,70.9397201538086,0.7779781268064174,1088.1180419921875,0.08943113684654236,1088.1180419921875,0.7779781268064174
1347,20.663333892822266,70.28722381591797,0.7686317741136904,1085.9117431640625,0.10291138291358948,1085.9117431640625,0.7686317741136904
1348,20.47916603088379,73.84722137451172,0.7778121670593945,1098.2650146484375,0.09532411396503448,1098.2650146484375,0.7778121670593945
1349,20.878332138061523,71.46805572509766,0.746977231369029,1100.0975341796875,0.0992116779088974,1100.0975341796875,0.746977231369029
1350,21.177221298217773,69.41305541992188,0.7829992950704525,1099.493408203125,0.0918407291173935,1099.493408203125,0.7829992950704525
1351,20.655555725097656,71.60111236572266,0.7618592153367226,1086.760009765625,0.09607084095478058,1086.760009765625,0.7618592153367226
1352,20.60361099243164,71.98944854736328,0.7541449327142842,1104.6214599609375,0.0917821079492569,1104.6214599609375,0.7541449327142842
1353,21.13389015197754,69.81861114501953,0.7709450541064148,1103.8272705078125,0.09170994162559509,1103.8272705078125,0.7709450541064148
1354,20.559999465942383,71.85833740234375,0.7565763329897813,1097.1055908203125,0.10344290733337402,1097.1055908203125,0.7565763329897813
1355,21.13249969482422,70.37000274658203,0.7758474912714528,1085.4248046875,0.09336315095424652,1085.4248046875,0.7758474912714528
1356,20.552223205566406,70.54694366455078,0.7514101149415588,1083.740966796875,0.10092665255069733,1083.740966796875,0.7514101149415588
1357,20.800556182861328,70.8102798461914,0.7617003744026762,1089.9586181640625,0.0958416759967804,1089.9586181640625,0.7617003744026762
1358,20.70888900756836,70.74221801757812,0.7649406849132377,1092.9227294921875,0.08882062137126923,1092.9227294921875,0.7649406849132377
1359,21.106109619140625,69.77388763427734,0.7771830177059316,1087.361328125,0.09296171367168427,1087.361328125,0.7771830177059316
1360,20.656389236450195,71.47055053710938,0.7504857915051364,1082.741455078125,0.09337809681892395,1082.741455078125,0.7504857915051364
1361,20.730833053588867,70.81694793701172,0.7508145835070738,1086.1624755859375,0.09327560663223267,1086.1624755859375,0.7508145835070738
1362,20.796667098999023,71.82250213623047,0.7591365616776949,1091.5062255859375,0.09457960724830627,1091.5062255859375,0.7591365616776949
1363,21.06916618347168,70.66555786132812,0.7728659241628318,1097.233154296875,0.08461879193782806,1097.233154296875,0.7728659241628318
1364,20.881389617919922,71.79277801513672,0.76936577209209,1110.5445556640625,0.0902930349111557,1110.5445556640625,0.76936577209209
1365,20.60944366455078,72.08305358886719,0.7679746094567933,1099.862548828125,0.09248891472816467,1099.862548828125,0.7679746094567933
1366,20.613332748413086,72.37805938720703,0.7817504119939607,1101.5030517578125,0.10469590127468109,1101.5030517578125,0.7817504119939607
1367,20.906389236450195,70.67472076416016,0.7516268982417852,1093.509033203125,0.09318216145038605,1093.509033203125,0.7516268982417852
1368,20.876667022705078,71.1483383178711,0.7725335565114305,1087.271240234375,0.09509989619255066,1087.271240234375,0.7725335565114305
1369,20.996389389038086,70.79861450195312,0.745765866041891,1101.5478515625,0.0848211795091629,1101.5478515625,0.745765866041891
1370,20.949722290039062,71.69610595703125,0.7630224812444556,1092.5677490234375,0.0973549634218216,1092.5677490234375,0.7630224812444556
1371,20.737777709960938,72.48194122314453,0.7894989522759406,1094.3173828125,0.09016618132591248,1094.3173828125,0.7894989522759406
1372,20.670278549194336,72.23278045654297,0.7713716588186958,1084.6773681640625,0.09600502252578735,1084.6773681640625,0.7713716588186958
1373,20.81999969482422,72.05638885498047,0.7568494146114599,1094.7252197265625,0.09805029630661011,1094.7252197265625,0.7568494146114599
1374,20.956111907958984,70.804443359375,0.7622097506159509,1098.08447265625,0.0894419252872467,1098.08447265625,0.7622097506159509
1375,20.788331985473633,73.58583068847656,0.7575388495576206,1099.1915283203125,0.09594571590423584,1099.1915283203125,0.7575388495576206
1376,20.9869441986084,71.53916931152344,0.7420872854612076,1094.866943359375,0.0939323902130127,1094.866943359375,0.7420872854612076
1377,20.899444580078125,72.29166412353516,0.7604622633199843,1082.0322265625,0.0971117913722992,1082.0322265625,0.7604622633199843
1378,20.930831909179688,71.78417205810547,0.772434204065028,1102.2666015625,0.09083588421344757,1102.2666015625,0.772434204065028
1379,20.716943740844727,71.33277893066406,0.7734551378715845,1079.185546875,0.09862764179706573,1079.185546875,0.7734551378715845
1380,20.892221450805664,71.78221893310547,0.7697644472283276,1099.6075439453125,0.09474422037601471,1099.6075439453125,0.7697644472283276
1381,20.782222747802734,72.56111145019531,0.7594119194985061,1098.4908447265625,0.09477560222148895,1098.4908447265625,0.7594119194985061
1382,21.078889846801758,70.71556091308594,0.7724881431355733,1091.260986328125,0.0914962887763977,1091.260986328125,0.7724881431355733
1383,21.116945266723633,69.90472412109375,0.7528230797260429,1087.8367919921875,0.09264041483402252,1087.8367919921875,0.7528230797260429
1384,20.463333129882812,72.98444366455078,0.776001721939507,1072.6158447265625,0.09584954380989075,1072.6158447265625,0.776001721939507
1385,20.626943588256836,72.0736083984375,0.7783321882315282,1095.34423828125,0.09285448491573334,1095.34423828125,0.7783321882315282
1386,21.040000915527344,73.6852798461914,0.760851263519216,1096.333740234375,0.0887763500213623,1096.333740234375,0.760851263519216
1387,21.059999465942383,71.4205551147461,0.7786933778637809,1102.9337158203125,0.08918948471546173,1102.9337158203125,0.7786933778637809
1388,20.914722442626953,71.79166412353516,0.7886248861866817,1090.6385498046875,0.08886730670928955,1090.6385498046875,0.7886248861866817
1389,20.86888885498047,70.83499908447266,0.7849940755100429,1089.1851806640625,0.0901917815208435,1089.1851806640625,0.7849940755100429
1390,20.63361167907715,73.06416320800781,0.7707425816623039,1100.2877197265625,0.09797388315200806,1100.2877197265625,0.7707425816623039
1391,21.040555953979492,71.26667022705078,0.7772457480427908,1099.29150390625,0.09100137650966644,1099.29150390625,0.7772457480427908
1392,20.686389923095703,71.71360778808594,0.7555990996027968,1089.8206787109375,0.09261016547679901,1089.8206787109375,0.7555990996027968
1393,20.63222312927246,72.49166107177734,0.761870727355169,1082.1134033203125,0.09552891552448273,1082.1134033203125,0.761870727355169
1394,20.899721145629883,71.29833221435547,0.7772958849929338,1096.8028564453125,0.09864294528961182,1096.8028564453125,0.7772958849929338
1395,20.684444427490234,71.1691665649414,0.7630661726700751,1093.3646240234375,0.09355571866035461,1093.3646240234375,0.7630661726700751
1396,20.852222442626953,71.49833679199219,0.77927721362341,1105.0972900390625,0.0839623510837555,1105.0972900390625,0.77927721362341
1397,20.956666946411133,70.82083129882812,0.757729513526538,1094.2044677734375,0.09231792390346527,1094.2044677734375,0.757729513526538
1398,20.899166107177734,70.36499786376953,0.7713975793872812,1095.7601318359375,0.10426999628543854,1095.7601318359375,0.7713975793872812
1399,21.050277709960938,69.13916778564453,0.768301851179623,1074.7491455078125,0.0844174325466156,1074.7491455078125,0.768301851179623
1400,21.004167556762695,72.0977783203125,0.7758165702134785,1102.4146728515625,0.09166046977043152,1102.4146728515625,0.7758165702134785
1401,20.838333129882812,71.3197250366211,0.7635012936078812,1079.21923828125,0.09030742943286896,1079.21923828125,0.7635012936078812
1402,20.804443359375,71.08416748046875,0.7606315512208912,1083.77294921875,0.09127022325992584,1083.77294921875,0.7606315512208912
1403,20.851388931274414,70.86305236816406,0.750422981791322,1082.197998046875,0.09606719017028809,1082.197998046875,0.750422981791322
1404,21.140832901000977,70.79306030273438,0.787385902630021,1094.36083984375,0.08950386941432953,1094.36083984375,0.787385902630021
1405,20.73027801513672,71.32083129882812,0.731212777356527,1092.819580078125,0.09261702001094818,1092.819580078125,0.731212777356527
1406,20.968055725097656,71.12555694580078,0.7769164662801432,1100.1798095703125,0.08723239600658417,1100.1798095703125,0.7769164662801432
1407,20.75027847290039,72.03166198730469,0.7612607738653178,1075.2054443359375,0.0902429074048996,1075.2054443359375,0.7612607738653178
1408,20.947500228881836,71.75638580322266,0.7761770417798356,1102.8541259765625,0.08781455457210541,1102.8541259765625,0.7761770417798356
1409,21.227222442626953,72.11499786376953,0.78006518069835,1085.0833740234375,0.08664299547672272,1085.0833740234375,0.78006518069835
1410,20.657222747802734,72.51750183105469,0.7658947813237573,1071.104248046875,0.08818021416664124,1071.104248046875,0.7658947813237573
1411,20.959444046020508,71.49472045898438,0.78383935735132,1095.4635009765625,0.08286480605602264,1095.4635009765625,0.78383935735132
1412,21.023056030273438,70.86054992675781,0.7515629910502549,1093.6669921875,0.09342756867408752,1093.6669921875,0.7515629910502549
1413,20.83305549621582,72.30389404296875,0.778098505190142,1110.0482177734375,0.09182257950305939,1110.0482177734375,0.778098505190142
1414,20.915555953979492,72.45083618164062,0.7934634149081985,1087.8328857421875,0.09730984270572662,1087.8328857421875,0.7934634149081985
1415,20.807222366333008,72.31722259521484,0.7680810619021377,1102.5460205078125,0.08872076869010925,1102.5460205078125,0.7680810619021377
1416,20.61055564880371,71.56722259521484,0.7325019470280316,1078.3985595703125,0.08913770318031311,1078.3985595703125,0.7325019470280316
1417,20.914167404174805,72.1191635131836,0.7867818416574204,1094.8402099609375,0.09041564166545868,1094.8402099609375,0.7867818416574204
1418,20.519166946411133,73.39555358886719,0.7666480979405463,1106.0662841796875,0.09761922061443329,1106.0662841796875,0.7666480979405463
1419,20.858612060546875,72.34249877929688,0.7724316726542312,1103.6529541015625,0.08720505237579346,1103.6529541015625,0.7724316726542312
1420,20.515832901000977,71.40916442871094,0.7467698289135657,1088.70458984375,0.09096828103065491,1088.70458984375,0.7467698289135657
1421,20.845001220703125,70.64555358886719,0.7699252852932077,1101.025634765625,0.08679941296577454,1101.025634765625,0.7699252852932077
1422,20.54805564880371,73.6875,0.7662977849470403,1104.5760498046875,0.09735175967216492,1104.5760498046875,0.7662977849470403
1423,20.564167022705078,72.30833435058594,0.7399279454293298,1074.3609619140625,0.09852933883666992,1074.3609619140625,0.7399279454293298
1424,20.71666717529297,72.30777740478516,0.7652226745525474,1092.683349609375,0.08891969919204712,1092.683349609375,0.7652226745525474
1425,20.41083335876465,71.4677734375,0.7380073785112228,1086.85498046875,0.0930553525686264,1086.85498046875,0.7380073785112228
1426,20.72944450378418,71.54694366455078,0.758808126512134,1083.142333984375,0.09569528698921204,1083.142333984375,0.758808126512134
1427,20.579723358154297,71.01555633544922,0.7611875214225108,1083.014404296875,0.08866119384765625,1083.014404296875,0.7611875214225108
1428,20.39750099182129,72.34583282470703,0.769562325635407,1105.2742919921875,0.09184892475605011,1105.2742919921875,0.769562325635407
1429,20.868331909179688,71.5183334350586,0.7800131693541565,1085.0384521484375,0.09121248126029968,1085.0384521484375,0.7800131693541565
1430,20.71555519104004,73.66305541992188,0.7741801517300986,1113.219970703125,0.09111306071281433,1113.219970703125,0.7741801517300986
1431,20.704166412353516,72.24055480957031,0.7538253101678603,1099.0654296875,0.08241167664527893,1099.0654296875,0.7538253101678603
1432,20.49805450439453,71.39138793945312,0.7496742769590082,1090.7926025390625,0.0917448103427887,1090.7926025390625,0.7496742769590082
1433,20.544443130493164,73.12528228759766,0.7794711687306262,1102.2314453125,0.0925004631280899,1102.2314453125,0.7794711687306262
1434,21.096389770507812,71.48110961914062,0.7413647013012996,1098.7845458984375,0.08375871181488037,1098.7845458984375,0.7413647013012996
1435,20.518611907958984,71.19444274902344,0.7563110914857162,1079.33984375,0.08795157074928284,1079.33984375,0.7563110914857162
1436,20.5836124420166,71.16888427734375,0.7400119889865777,1095.0416259765625,0.0879756510257721,1095.0416259765625,0.7400119889865777
1437,20.64000129699707,70.70055389404297,0.7626477495701119,1074.9332275390625,0.09760241210460663,1074.9332275390625,0.7626477495701119
1438,20.56861114501953,73.07389068603516,0.7604435606010991,1092.6412353515625,0.09540338814258575,1092.6412353515625,0.7604435606010991
1439,20.588054656982422,71.14916229248047,0.7815309829524246,1085.2772216796875,0.0825289934873581,1085.2772216796875,0.7815309829524246
1440,20.415834426879883,71.38888549804688,0.7664498687731363,1081.2650146484375,0.08859087526798248,1081.2650146484375,0.7664498687731363
1441,20.63055419921875,71.76610565185547,0.7833941366475267,1077.882568359375,0.08924660086631775,1077.882568359375,0.7833941366475267
1442,20.87444496154785,69.44222259521484,0.7764185016317923,1100.41943359375,0.08492995798587799,1100.41943359375,0.7764185016317923
1443,20.825000762939453,70.22000122070312,0.7896217697217921,1102.6265869140625,0.08388921618461609,1102.6265869140625,0.7896217697217921
1444,20.543333053588867,70.633056640625,0.7992721206980902,1071.9434814453125,0.086361825466156,1071.9434814453125,0.7992721206980902
1445,20.66583251953125,71.6177749633789,0.7687893858915696,1085.9793701171875,0.08126387000083923,1085.9793701171875,0.7687893858915696
1446,20.900001525878906,71.6361083984375,0.7659839729164863,1096.0885009765625,0.09181241691112518,1096.0885009765625,0.7659839729164863
1447,20.55527687072754,71.75194549560547,0.772643830180562,1078.3016357421875,0.08800716698169708,1078.3016357421875,0.772643830180562
1448,20.886112213134766,70.85028076171875,0.7634185916368712,1088.5926513671875,0.08984115719795227,1088.5926513671875,0.7634185916368712
1449,20.69527816772461,70.96833801269531,0.7737470298235842,1092.6624755859375,0.08778619766235352,1092.6624755859375,0.7737470298235842
1450,20.686111450195312,70.69416809082031,0.7742718840284478,1076.9373779296875,0.09131918847560883,1076.9373779296875,0.7742718840284478
1451,21.016111373901367,70.54000091552734,0.7412306345081733,1081.7545166015625,0.08943802118301392,1081.7545166015625,0.7412306345081733
1452,20.795555114746094,72.10556030273438,0.7762942524208468,1079.01513671875,0.08463303744792938,1079.01513671875,0.7762942524208468
1453,20.580554962158203,73.61582946777344,0.7396706677567648,1079.685546875,0.09945215284824371,1079.685546875,0.7396706677567648
1454,20.925832748413086,69.68194580078125,0.7708179989974423,1083.3077392578125,0.08407515287399292,1083.3077392578125,0.7708179989974423
1455,20.53583335876465,71.3800048828125,0.7848748010395257,1091.2562255859375,0.09204789996147156,1091.2562255859375,0.7848748010395257
1456,20.62444305419922,72.34416961669922,0.7598207132422975,1081.654052734375,0.08963829278945923,1081.654052734375,0.7598207132422975
1457,20.699722290039062,73.17194366455078,0.7849402188481267,1084.372802734375,0.09037214517593384,1084.372802734375,0.7849402188481267
1458,20.845556259155273,71.13777923583984,0.7691393576184735,1082.5538330078125,0.08672808110713959,1082.5538330078125,0.7691393576184735
1459,20.870277404785156,69.69583892822266,0.7756668993724745,1077.5419921875,0.0866876095533371,1077.5419921875,0.7756668993724745
1460,20.740833282470703,71.18111419677734,0.7568208467643511,1075.905029296875,0.08425936102867126,1075.905029296875,0.7568208467643511
1461,20.869443893432617,70.90833282470703,0.7588851335829864,1072.778564453125,0.09134817123413086,1072.778564453125,0.7588851335829864
1462,20.92305564880371,71.29166412353516,0.7812832419717874,1074.69384765625,0.09360122680664062,1074.69384765625,0.7812832419717874
1463,21.101388931274414,70.8074951171875,0.784582683482618,1086.802734375,0.08472642302513123,1086.802734375,0.784582683482618
1464,20.787778854370117,72.15833282470703,0.7583370599291765,1074.7427978515625,0.08943833410739899,1074.7427978515625,0.7583370599291765
1465,20.908611297607422,72.33277893066406,0.7868872132155535,1076.97705078125,0.09228779375553131,1076.97705078125,0.7868872132155535
1466,21.00055503845215,69.36750030517578,0.7650731003495442,1080.5858154296875,0.08364294469356537,1080.5858154296875,0.7650731003495442
1467,20.593889236450195,72.45861053466797,0.7418176429957006,1073.2176513671875,0.09204046428203583,1073.2176513671875,0.7418176429957006
1468,20.75111198425293,70.27444458007812,0.7491239862625507,1080.3233642578125,0.08503848314285278,1080.3233642578125,0.7491239862625507
1469,20.9244441986084,71.84666442871094,0.7822091521079686,1086.8411865234375,0.0828782320022583,1086.8411865234375,0.7822091521079686
1470,20.774999618530273,72.78888702392578,0.7560721592239532,1079.4549560546875,0.09391634166240692,1079.4549560546875,0.7560721592239532
1471,20.704723358154297,70.804443359375,0.7581187734004117,1085.13134765625,0.0927397757768631,1085.13134765625,0.7581187734004117
1472,20.892499923706055,73.27055358886719,0.7710204647774005,1099.2681884765625,0.08676856756210327,1099.2681884765625,0.7710204647774005
1473,20.837221145629883,72.9427719116211,0.7965619819509038,1078.88232421875,0.08957523107528687,1078.88232421875,0.7965619819509038
1474,21.039722442626953,70.34916687011719,0.7622891765255395,1083.1258544921875,0.08729894459247589,1083.1258544921875,0.7622891765255395
1475,20.55555534362793,71.19305419921875,0.7839429424397425,1081.8720703125,0.08760780096054077,1081.8720703125,0.7839429424397425
1476,20.401945114135742,72.07389068603516,0.7798723939381859,1087.286376953125,0.0856134444475174,1087.286376953125,0.7798723939381859
1477,20.609167098999023,71.96582794189453,0.7738302293292736,1088.4464111328125,0.09169700741767883,1088.4464111328125,0.7738302293292736
1478,20.995277404785156,70.70777893066406,0.77420026943094,1096.104248046875,0.08563818037509918,1096.104248046875,0.77420026943094
1479,20.856943130493164,71.66194152832031,0.7730652163036174,1091.19775390625,0.09296561777591705,1091.19775390625,0.7730652163036174
1480,20.531944274902344,72.46805572509766,0.768186415481922,1079.5966796875,0.0857900083065033,1079.5966796875,0.768186415481922
1481,21.036943435668945,71.97222137451172,0.7622948504408347,1104.1619873046875,0.08841831982135773,1104.1619873046875,0.7622948504408347
1482,20.601112365722656,74.1080551147461,0.7627924324030138,1089.14404296875,0.0956733375787735,1089.14404296875,0.7627924324030138
1483,20.900554656982422,72.21888732910156,0.7739478435014535,1083.627197265625,0.08890333771705627,1083.627197265625,0.7739478435014535
1484,20.29972267150879,72.34111022949219,0.7283753936263524,1092.9129638671875,0.09606975317001343,1092.9129638671875,0.7283753936263524
1485,20.81166648864746,72.19027709960938,0.7665278002193298,1099.0626220703125,0.09156130254268646,1099.0626220703125,0.7665278002193298
1486,20.854721069335938,71.86222076416016,0.7994857766621284,1099.756103515625,0.08646172285079956,1099.756103515625,0.7994857766621284
1487,20.463054656982422,73.92250061035156,0.7676281650479317,1090.3270263671875,0.09337811172008514,1090.3270263671875,0.7676281650479317
1488,20.031944274902344,71.6191635131836,0.7678010758191471,1073.0091552734375,0.09823308885097504,1073.0091552734375,0.7678010758191471
1489,20.656665802001953,72.3125,0.7717331989097826,1095.729248046875,0.0836828351020813,1095.729248046875,0.7717331989097826
1490,20.61916732788086,72.95693969726562,0.7756967546111826,1089.3558349609375,0.08881159126758575,1089.3558349609375,0.7756967546111826
1491,20.705278396606445,71.49083709716797,0.755541961230884,1094.9832763671875,0.09132775664329529,1094.9832763671875,0.755541961230884
1492,20.766944885253906,72.41083526611328,0.754011307716915,1096.41748046875,0.09824256598949432,1096.41748046875,0.754011307716915
1493,20.37305450439453,73.4111099243164,0.7558950899288381,1101.8218994140625,0.09492194652557373,1101.8218994140625,0.7558950899288381
1494,20.294166564941406,73.54944610595703,0.7662875756703448,1078.357177734375,0.09244582056999207,1078.357177734375,0.7662875756703448
1495,20.64555549621582,71.50861358642578,0.7419678893337346,1064.710693359375,0.08844856917858124,1064.710693359375,0.7419678893337346
1496,21.134721755981445,68.71527862548828,0.7618741240048055,1088.759765625,0.08120299875736237,1088.759765625,0.7618741240048055
1497,20.963611602783203,70.8941650390625,0.7567750409230424,1093.23681640625,0.08870060741901398,1093.23681640625,0.7567750409230424
1498,20.59972381591797,72.96194458007812,0.7894480985699152,1090.243896484375,0.0852830708026886,1090.243896484375,0.7894480985699152
1499,20.425277709960938,72.14639282226562,0.768415469739917,1086.2562255859375,0.08261601626873016,1086.2562255859375,0.768415469739917
1500,20.447500228881836,72.21861267089844,0.7886031713039069,1084.904541015625,0.0898582935333252,1084.904541015625,0.7886031713039069
1501,20.560832977294922,71.80777740478516,0.767579715438393,1091.0655517578125,0.09415411949157715,1091.0655517578125,0.767579715438393
1502,20.580278396606445,71.3949966430664,0.7333228949656995,1089.3616943359375,0.09314116835594177,1089.3616943359375,0.7333228949656995
1503,20.802221298217773,70.97444152832031,0.7746333218289017,1076.932373046875,0.09016905725002289,1076.932373046875,0.7746333218289017
1504,21.039167404174805,70.15110778808594,0.7544397151204462,1083.5208740234375,0.08341307938098907,1083.5208740234375,0.7544397151204462
1505,20.663333892822266,71.88639068603516,0.7502188656010096,1087.9114990234375,0.08818329870700836,1087.9114990234375,0.7502188656010096
1506,20.594165802001953,70.37527465820312,0.7799846470483472,1078.341552734375,0.09132565557956696,1078.341552734375,0.7799846470483472
1507,20.913888931274414,70.31861114501953,0.7666069797927101,1085.490234375,0.08517858386039734,1085.490234375,0.7666069797927101
1508,20.692777633666992,71.20111083984375,0.7510317654755547,1075.0947265625,0.09255842864513397,1075.0947265625,0.7510317654755547
1509,20.86750030517578,70.75055694580078,0.7750943027146165,1090.0185546875,0.08601014316082001,1090.0185546875,0.7750943027146165
1510,20.832778930664062,71.25555419921875,0.7735459413900482,1081.803955078125,0.07943983376026154,1081.803955078125,0.7735459413900482
1511,20.748611450195312,70.9302749633789,0.7707788309998652,1080.9615478515625,0.08407028019428253,1080.9615478515625,0.7707788309998652
1512,20.412221908569336,72.91667175292969,0.7948485067787391,1087.3824462890625,0.08849325776100159,1087.3824462890625,0.7948485067787391
1513,20.605833053588867,69.80722045898438,0.7794967513120182,1057.6617431640625,0.08706283569335938,1057.6617431640625,0.7794967513120182
1514,20.400278091430664,73.08860778808594,0.7797125847143105,1072.4833984375,0.0902738869190216,1072.4833984375,0.7797125847143105
1515,20.726112365722656,70.98722839355469,0.7622435295127356,1080.8887939453125,0.08822448551654816,1080.8887939453125,0.7622435295127356
1516,20.492223739624023,71.10777282714844,0.7691626288183897,1066.0501708984375,0.08684079349040985,1066.0501708984375,0.7691626288183897
1517,20.87305450439453,72.33139038085938,0.7524537689504736,1074.7537841796875,0.0852501392364502,1074.7537841796875,0.7524537689504736
1518,20.448888778686523,72.5875015258789,0.7864252014108676,1066.5152587890625,0.08914953470230103,1066.5152587890625,0.7864252014108676
1519,20.891944885253906,71.56916809082031,0.7588185858375309,1083.12939453125,0.08132065832614899,1083.12939453125,0.7588185858375309
1520,20.66111183166504,72.14305114746094,0.7490842944165345,1081.33837890625,0.08332033455371857,1081.33837890625,0.7490842944165345
1521,20.511112213134766,72.22138977050781,0.7795802290772802,1079.210205078125,0.08521266281604767,1079.210205078125,0.7795802290772802
1522,20.509723663330078,71.96833801269531,0.7832046035018759,1095.6068115234375,0.0894060730934143,1095.6068115234375,0.7832046035018759
1523,20.670278549194336,72.7427749633789,0.7852683240805804,1087.7962646484375,0.08875252306461334,1087.7962646484375,0.7852683240805804
1524,21.102500915527344,70.09889221191406,0.7621820627814351,1082.379150390625,0.08562810719013214,1082.379150390625,0.7621820627814351
1525,20.662776947021484,70.53722381591797,0.7556056978636851,1081.0498046875,0.0808803141117096,1081.0498046875,0.7556056978636851
1526,20.634166717529297,71.45027160644531,0.7549877294883506,1073.6292724609375,0.08835327625274658,1073.6292724609375,0.7549877294883506
1527,20.56361198425293,72.03111267089844,0.7650361158582436,1075.3526611328125,0.08072708547115326,1075.3526611328125,0.7650361158582436
1528,20.663612365722656,72.6322250366211,0.7814943117526192,1062.351318359375,0.08279544115066528,1062.351318359375,0.7814943117526192
1529,20.497777938842773,72.22666931152344,0.7543059803985681,1074.2747802734375,0.08702871203422546,1074.2747802734375,0.7543059803985681
1530,20.64638900756836,71.23500061035156,0.7772147747015652,1084.6505126953125,0.08581408858299255,1084.6505126953125,0.7772147747015652
1531,20.9022216796875,72.8691635131836,0.7592191212568089,1101.8818359375,0.09350597858428955,1101.8818359375,0.7592191212568089
1532,20.536943435668945,71.42304992675781,0.7326041902816334,1071.925537109375,0.09023843705654144,1071.925537109375,0.7326041902816334
1533,20.709444046020508,71.05110931396484,0.7657633042839226,1093.79296875,0.08630736172199249,1093.79296875,0.7657633042839226
1534,20.551666259765625,71.83860778808594,0.7350396913064496,1074.0872802734375,0.08617697656154633,1074.0872802734375,0.7350396913064496
1535,20.872501373291016,71.445556640625,0.7433250052731015,1096.912109375,0.08133889734745026,1096.912109375,0.7433250052731015
1536,20.719444274902344,73.00111389160156,0.7569263905938689,1087.273681640625,0.09538048505783081,1087.273681640625,0.7569263905938689
1537,20.396665573120117,71.81083679199219,0.7535308018683369,1060.72216796875,0.09045723080635071,1060.72216796875,0.7535308018683369
1538,20.101945877075195,71.10610961914062,0.7317832301024483,1101.5281982421875,0.08895593881607056,1101.5281982421875,0.7317832301024483
1539,20.733888626098633,70.16722106933594,0.7398819109367116,1068.9608154296875,0.09081234037876129,1068.9608154296875,0.7398819109367116
1540,20.741943359375,71.60694885253906,0.7354099837723402,1071.12841796875,0.08753933012485504,1071.12841796875,0.7354099837723402
1541,20.88389015197754,72.67583465576172,0.7444791991335105,1077.578125,0.0831344723701477,1077.578125,0.7444791991335105
1542,20.79833221435547,73.07999420166016,0.7744326508614013,1090.3948974609375,0.08611580729484558,1090.3948974609375,0.7744326508614013
1543,21.079444885253906,70.91944122314453,0.738500011502,1091.7147216796875,0.08357779681682587,1091.7147216796875,0.738500011502
1544,20.82027816772461,70.27055358886719,0.756073529689693,1088.34814453125,0.07960492372512817,1088.34814453125,0.756073529689693
1545,20.949722290039062,71.27527618408203,0.740167956706397,1063.3980712890625,0.08833712339401245,1063.3980712890625,0.740167956706397
1546,20.671112060546875,69.70055389404297,0.7340742180860274,1054.97900390625,0.08897563815116882,1054.97900390625,0.7340742180860274
1547,20.475276947021484,71.92388916015625,0.7590462665329984,1085.33740234375,0.08718658983707428,1085.33740234375,0.7590462665329984
1548,20.707500457763672,71.9102783203125,0.7530505069185344,1086.1866455078125,0.08806537091732025,1086.1866455078125,0.7530505069185344
1549,20.452499389648438,72.25333404541016,0.7372996177892467,1056.0582275390625,0.08414816856384277,1056.0582275390625,0.7372996177892467
1550,20.733612060546875,71.6191635131836,0.740542763139102,1090.9078369140625,0.08535146713256836,1090.9078369140625,0.740542763139102
1551,20.4858341217041,73.11778259277344,0.7495817245185756,1088.15869140625,0.08673456311225891,1088.15869140625,0.7495817245185756
1552,20.65138816833496,71.34166717529297,0.7460736871506143,1076.6265869140625,0.08851811289787292,1076.6265869140625,0.7460736871506143
1553,20.5625,71.81805419921875,0.7624363283324669,1089.1796875,0.08554711937904358,1089.1796875,0.7624363283324669
1554,20.730554580688477,70.92139434814453,0.733284263180243,1071.6983642578125,0.08945627510547638,1071.6983642578125,0.733284263180243
1555,20.969444274902344,71.81027221679688,0.7539102448612119,1071.7957763671875,0.09689974784851074,1071.7957763671875,0.7539102448612119
1556,21.05555534362793,71.92749786376953,0.729090897417021,1075.5445556640625,0.08510737121105194,1075.5445556640625,0.729090897417021
1557,20.77166748046875,72.23694610595703,0.7576132739118506,1073.6761474609375,0.08775249123573303,1073.6761474609375,0.7576132739118506
1558,20.725276947021484,73.53028106689453,0.7431949203124556,1080.3558349609375,0.0906173586845398,1080.3558349609375,0.7431949203124556
1559,20.685001373291016,72.26972198486328,0.7617423124280573,1081.3916015625,0.087214395403862,1081.3916015625,0.7617423124280573
1560,20.40305519104004,72.6913833618164,0.7445397205256679,1060.943359375,0.08747567236423492,1060.943359375,0.7445397205256679
1561,20.570554733276367,70.67527770996094,0.7327454574561584,1066.1077880859375,0.09772062301635742,1066.1077880859375,0.7327454574561584
1562,20.958332061767578,70.82333374023438,0.7426919363640302,1085.26220703125,0.0788567066192627,1085.26220703125,0.7426919363640302
1563,20.875,70.44110870361328,0.768117830180294,1073.778076171875,0.08248044550418854,1073.778076171875,0.768117830180294
1564,20.829166412353516,71.20000457763672,0.7871462840559764,1092.5341796875,0.08557148277759552,1092.5341796875,0.7871462840559764
1565,20.843332290649414,71.1705551147461,0.7570162919409578,1079.1248779296875,0.08827784657478333,1079.1248779296875,0.7570162919409578
1566,20.468889236450195,71.13194274902344,0.7822342682469802,1067.0474853515625,0.08799977600574493,1067.0474853515625,0.7822342682469802
1567,21.46388816833496,70.16055297851562,0.7476449998465218,1074.0152587890625,0.08802546560764313,1074.0152587890625,0.7476449998465218
1568,20.961666107177734,71.8499984741211,0.7541591147597568,1098.6783447265625,0.08779044449329376,1098.6783447265625,0.7541591147597568
1569,20.746944427490234,70.47306060791016,0.7603622920595282,1072.53466796875,0.0827549397945404,1072.53466796875,0.7603622920595282
1570,20.858055114746094,71.32305145263672,0.7461967721104884,1082.369384765625,0.08693219721317291,1082.369384765625,0.7461967721104884
1571,20.900833129882812,69.79528045654297,0.7739059349731432,1076.1065673828125,0.07632927596569061,1076.1065673828125,0.7739059349731432
1572,20.6461124420166,70.32555389404297,0.7488958569076791,1069.083740234375,0.07987083494663239,1069.083740234375,0.7488958569076791
1573,20.77055549621582,71.33916473388672,0.7301761757477074,1075.7486572265625,0.08427852392196655,1075.7486572265625,0.7301761757477074
1574,20.692222595214844,71.19972229003906,0.7660378583223674,1059.1259765625,0.08701568841934204,1059.1259765625,0.7660378583223674
1575,20.491943359375,71.59527587890625,0.7542904793368296,1069.0341796875,0.08558706939220428,1069.0341796875,0.7542904793368296
1576,20.975555419921875,71.27610778808594,0.7405249953981193,1061.3336181640625,0.08087004721164703,1061.3336181640625,0.7405249953981193
1577,20.872220993041992,70.47638702392578,0.7417308785774466,1061.9481201171875,0.07985742390155792,1061.9481201171875,0.7417308785774466
1578,20.987220764160156,70.97471618652344,0.7551186503449903,1061.2864990234375,0.08529995381832123,1061.2864990234375,0.7551186503449903
1579,20.903888702392578,69.53194427490234,0.76262214330422,1063.8773193359375,0.08173961937427521,1063.8773193359375,0.76262214330422
1580,20.721111297607422,70.8419418334961,0.7390615705396546,1064.9005126953125,0.08326023817062378,1064.9005126953125,0.7390615705396546
1581,20.619722366333008,70.1852798461914,0.718706270254601,1057.5274658203125,0.08491550385951996,1057.5274658203125,0.718706270254601
1582,20.86250114440918,68.63861083984375,0.7620527636674637,1058.7926025390625,0.07844021916389465,1058.7926025390625,0.7620527636674637
1583,21.096389770507812,70.24333190917969,0.753044885405277,1063.896728515625,0.08312395215034485,1063.896728515625,0.753044885405277
1584,20.83500099182129,69.03055572509766,0.7673462803535684,1065.2218017578125,0.0746062695980072,1065.2218017578125,0.7673462803535684
1585,20.6875,71.13027954101562,0.7362490376993304,1055.0323486328125,0.08088524639606476,1055.0323486328125,0.7362490376993304
1586,20.871665954589844,69.37944030761719,0.7558376817844639,1074.8612060546875,0.07903236150741577,1074.8612060546875,0.7558376817844639
1587,21.120277404785156,70.67194366455078,0.7617340198532685,1067.779052734375,0.08380027115345001,1067.779052734375,0.7617340198532685
1588,20.815832138061523,69.13194274902344,0.7581839023508292,1057.8511962890625,0.08036719262599945,1057.8511962890625,0.7581839023508292
1589,20.925277709960938,68.56500244140625,0.7462254193698987,1061.87353515625,0.08102089166641235,1061.87353515625,0.7462254193698987
1590,20.92333221435547,69.77388763427734,0.7353693277276986,1067.271484375,0.08376997709274292,1067.271484375,0.7353693277276986
1591,20.957500457763672,71.80471801757812,0.7598124447277408,1055.4539794921875,0.08308973908424377,1055.4539794921875,0.7598124447277408
1592,21.06999969482422,70.05027770996094,0.744168896384203,1071.6666259765625,0.08331039547920227,1071.6666259765625,0.744168896384203
1593,20.72194480895996,70.43888854980469,0.7601994766531814,1055.3712158203125,0.08148419857025146,1055.3712158203125,0.7601994766531814
1594,20.579166412353516,71.53278350830078,0.7417613632363598,1058.1048583984375,0.08789747953414917,1058.1048583984375,0.7417613632363598
1595,20.61777687072754,69.7125015258789,0.7498368553021693,1060.6607666015625,0.0823868066072464,1060.6607666015625,0.7498368553021693
1596,21.005001068115234,69.43055725097656,0.7572656426812399,1079.64453125,0.07680599391460419,1079.64453125,0.7572656426812399
1597,21.108055114746094,71.24944305419922,0.7662011042778689,1078.1275634765625,0.08286051452159882,1078.1275634765625,0.7662011042778689
1598,20.765554428100586,71.20777893066406,0.7932833437218396,1076.92822265625,0.0787489265203476,1076.92822265625,0.7932833437218396
1599,21.163888931274414,69.76249694824219,0.740465902162856,1074.6070556640625,0.08200705051422119,1074.6070556640625,0.740465902162856
1600,20.64555549621582,72.36833190917969,0.7702856168703627,1069.33642578125,0.0881597101688385,1069.33642578125,0.7702856168703627
1601,21.068750381469727,70.50208282470703,0.6351687127638814,1083.7144775390625,0.07734380662441254,1083.7144775390625,0.6351687127638814
1602,21.239444732666016,69.16082763671875,0.7543173514213051,1073.477294921875,0.08173154294490814,1073.477294921875,0.7543173514213051
1603,20.782222747802734,73.28111267089844,0.7518237279937443,1072.44873046875,0.08098073303699493,1072.44873046875,0.7518237279937443
1604,20.824167251586914,70.32638549804688,0.7674097343164364,1062.802490234375,0.08662602305412292,1062.802490234375,0.7674097343164364
1605,21.119443893432617,71.71333312988281,0.7545925346945329,1073.782958984375,0.08134548366069794,1073.782958984375,0.7545925346945329
1606,20.967500686645508,71.02083587646484,0.7567074910215881,1059.3060302734375,0.080777108669281,1059.3060302734375,0.7567074910215881
1607,20.81916618347168,70.6875,0.7485299117394552,1069.487060546875,0.08894915878772736,1069.487060546875,0.7485299117394552
1608,21.121667861938477,71.01222229003906,0.7555414138945274,1068.2740478515625,0.08018845319747925,1068.2740478515625,0.7555414138945274
1609,20.86250114440918,72.61528015136719,0.7686288139684436,1082.0501708984375,0.08105643093585968,1082.0501708984375,0.7686288139684436
1610,21.123056411743164,71.81639099121094,0.7465078774544163,1085.00732421875,0.08034135401248932,1085.00732421875,0.7465078774544163
1611,21.184444427490234,70.39777374267578,0.7494598714354002,1075.6240234375,0.086337149143219,1075.6240234375,0.7494598714354002
1612,21.026111602783203,70.31666564941406,0.758760410283158,1065.0687255859375,0.08311684429645538,1065.0687255859375,0.758760410283158
1613,21.07805633544922,70.55638885498047,0.7733116480705031,1067.9049072265625,0.08023445308208466,1067.9049072265625,0.7733116480705031
1614,20.68805503845215,70.00305938720703,0.7656516866345531,1064.05322265625,0.08523282408714294,1064.05322265625,0.7656516866345531
1615,20.637222290039062,74.20194244384766,0.7888981272541963,1081.7672119140625,0.08391590416431427,1081.7672119140625,0.7888981272541963
1616,20.857221603393555,71.4558334350586,0.7219687783604813,1080.6123046875,0.08614170551300049,1080.6123046875,0.7219687783604813
1617,21.158889770507812,69.14722442626953,0.7730852715832848,1078.9434814453125,0.07409007847309113,1078.9434814453125,0.7730852715832848
1618,20.753612518310547,71.90499877929688,0.7636327943760116,1070.0970458984375,0.0822267234325409,1070.0970458984375,0.7636327943760116
1619,20.816389083862305,72.52972412109375,0.7394912283237954,1090.397705078125,0.08462363481521606,1090.397705078125,0.7394912283237954
1620,21.304166793823242,70.34083557128906,0.768850124496042,1085.7869873046875,0.07945063710212708,1085.7869873046875,0.768850124496042
1621,20.61777687072754,72.7652816772461,0.7374994466533225,1086.0054931640625,0.0927419364452362,1086.0054931640625,0.7374994466533225
1622,21.058610916137695,70.87055206298828,0.753564555711992,1072.9935302734375,0.08039045333862305,1072.9935302734375,0.753564555711992
1623,21.218889236450195,71.31500244140625,0.7560731115583508,1082.4859619140625,0.0870620459318161,1082.4859619140625,0.7560731115583508
1624,20.732778549194336,71.95833587646484,0.7505503059264954,1080.541748046875,0.08565890789031982,1080.541748046875,0.7505503059264954
1625,20.855833053588867,71.70527648925781,0.7692482396432282,1081.1962890625,0.07769590616226196,1081.1962890625,0.7692482396432282
1626,20.756389617919922,71.14083099365234,0.7660251951212829,1102.1292724609375,0.08114346861839294,1102.1292724609375,0.7660251951212829
1627,20.723888397216797,72.0199966430664,0.7700957056469215,1065.69677734375,0.08116821944713593,1065.69677734375,0.7700957056469215
1628,20.746665954589844,71.85055541992188,0.7509262276245086,1078.2568359375,0.07959161698818207,1078.2568359375,0.7509262276245086
1629,20.9505558013916,72.3727798461914,0.7514226443592151,1076.6873779296875,0.08013999462127686,1076.6873779296875,0.7514226443592151
1630,21.185277938842773,71.6016616821289,0.761010927060352,1081.8763427734375,0.0805792361497879,1081.8763427734375,0.761010927060352
1631,21.008333206176758,72.98277282714844,0.7490521787469118,1104.5,0.07492345571517944,1104.5,0.7490521787469118
1632,20.741666793823242,73.16471862792969,0.7619997165369093,1090.022216796875,0.07771444320678711,1090.022216796875,0.7619997165369093
1633,20.513334274291992,72.9697265625,0.7606123315791113,1090.0189208984375,0.08118720352649689,1090.0189208984375,0.7606123315791113
1634,20.983055114746094,71.2300033569336,0.7606806250645819,1077.1270751953125,0.083998903632164,1077.1270751953125,0.7606806250645819
1635,20.913610458374023,72.13722229003906,0.7551618212756319,1079.7479248046875,0.08438573777675629,1079.7479248046875,0.7551618212756319
1636,20.903610229492188,71.5574951171875,0.7418067540179076,1089.3980712890625,0.07668012380599976,1089.3980712890625,0.7418067540179076
1637,20.968055725097656,72.35083770751953,0.745843504283829,1076.081787109375,0.08486822247505188,1076.081787109375,0.745843504283829
1638,20.601943969726562,73.27833557128906,0.774054997667154,1101.9144287109375,0.08185730874538422,1101.9144287109375,0.774054997667154
1639,20.682222366333008,72.9911117553711,0.756613756242172,1074.7191162109375,0.08844023942947388,1074.7191162109375,0.756613756242172
1640,21.107500076293945,72.50333404541016,0.7468273123238178,1081.7105712890625,0.07811741530895233,1081.7105712890625,0.7468273123238178
1641,21.133609771728516,70.96694946289062,0.7539402181847417,1076.67431640625,0.08179731667041779,1076.67431640625,0.7539402181847417
1642,21.002500534057617,74.20166778564453,0.7641063325455391,1080.7569580078125,0.0833771824836731,1080.7569580078125,0.7641063325455391
1643,21.068056106567383,71.9183349609375,0.7514336878308688,1075.49658203125,0.07915480434894562,1075.49658203125,0.7514336878308688
1644,21.024444580078125,72.40666961669922,0.7667055491173925,1064.740234375,0.08242443203926086,1064.740234375,0.7667055491173925
1645,21.18055534362793,71.98139190673828,0.7567125221691586,1082.2017822265625,0.08005373179912567,1082.2017822265625,0.7567125221691586
1646,20.786943435668945,71.7397232055664,0.772971676619595,1068.2967529296875,0.0786859393119812,1068.2967529296875,0.772971676619595
1647,21.302778244018555,71.61582946777344,0.7764200906178764,1090.33837890625,0.08054737746715546,1090.33837890625,0.7764200906178764
1648,20.989999771118164,72.7713851928711,0.792783013890157,1073.2552490234375,0.07907649874687195,1073.2552490234375,0.792783013890157
1649,21.183610916137695,70.61805725097656,0.7676888033141769,1076.0736083984375,0.08164630830287933,1076.0736083984375,0.7676888033141769
1650,21.008333206176758,70.04611206054688,0.7566429707458551,1071.728271484375,0.07670964300632477,1071.728271484375,0.7566429707458551
1651,20.537500381469727,73.38972473144531,0.7682738477241833,1054.9949951171875,0.08538387715816498,1054.9949951171875,0.7682738477241833
1652,20.831666946411133,72.57500457763672,0.7640194258977833,1086.5201416015625,0.08626262843608856,1086.5201416015625,0.7640194258977833
1653,21.155832290649414,74.00472259521484,0.7461219124135503,1079.4893798828125,0.07470975816249847,1079.4893798828125,0.7461219124135503
1654,21.00472068786621,71.40055084228516,0.7693171828318788,1086.4610595703125,0.07577691972255707,1086.4610595703125,0.7693171828318788
1655,21.002779006958008,71.98999786376953,0.7973464968736692,1077.8084716796875,0.07844279706478119,1077.8084716796875,0.7973464968736692
1656,21.064167022705078,70.88999938964844,0.7884818746068276,1071.97802734375,0.07943844795227051,1071.97802734375,0.7884818746068276
1657,20.592777252197266,73.37305450439453,0.7902700992076519,1087.479248046875,0.0820869654417038,1087.479248046875,0.7902700992076519
1658,21.213056564331055,71.21444702148438,0.7806769309672463,1084.8465576171875,0.08525791764259338,1084.8465576171875,0.7806769309672463
1659,20.36222267150879,71.87027740478516,0.7634882707387831,1070.5928955078125,0.0834805965423584,1070.5928955078125,0.7634882707387831
1660,20.706111907958984,72.11027526855469,0.7607611581176864,1066.8228759765625,0.08460831642150879,1066.8228759765625,0.7607611581176864
1661,20.862220764160156,71.2813949584961,0.7965504227636584,1078.4190673828125,0.07798293232917786,1078.4190673828125,0.7965504227636584
1662,20.352222442626953,70.74555969238281,0.7670392137469391,1089.8592529296875,0.07811963558197021,1089.8592529296875,0.7670392137469391
1663,20.797500610351562,71.413330078125,0.7861234415315668,1085.5311279296875,0.07467126846313477,1085.5311279296875,0.7861234415315668
1664,20.907777786254883,70.37972259521484,0.7612992476497045,1078.5799560546875,0.07711189985275269,1078.5799560546875,0.7612992476497045
1665,20.856943130493164,69.99666595458984,0.7764966642773327,1081.4449462890625,0.07467858493328094,1081.4449462890625,0.7764966642773327
1666,20.862220764160156,68.76222229003906,0.7617039270067315,1059.404296875,0.07545149326324463,1059.404296875,0.7617039270067315
1667,21.01333236694336,71.64666748046875,0.7647794775773383,1085.974609375,0.07456797361373901,1085.974609375,0.7647794775773383
1668,20.857778549194336,70.60028076171875,0.7637624900717986,1062.773681640625,0.07635737955570221,1062.773681640625,0.7637624900717986
1669,20.912221908569336,70.46583557128906,0.7695724222664229,1059.17236328125,0.07782202959060669,1059.17236328125,0.7695724222664229
1670,21.010833740234375,70.46083068847656,0.7425229273961977,1063.3297119140625,0.07780013978481293,1063.3297119140625,0.7425229273961977
1671,21.301944732666016,69.97888946533203,0.7700644877735511,1072.544189453125,0.07010936737060547,1072.544189453125,0.7700644877735511
1672,20.744443893432617,70.99360656738281,0.7659752539986326,1079.1094970703125,0.08002598583698273,1079.1094970703125,0.7659752539986326
1673,21.060556411743164,70.32861328125,0.7854812939808009,1076.9625244140625,0.07916787266731262,1076.9625244140625,0.7854812939808009
1674,20.496944427490234,71.69444274902344,0.7483762269395304,1060.5548095703125,0.07510359585285187,1060.5548095703125,0.7483762269395304
1675,20.955554962158203,71.01139068603516,0.7844047619281636,1080.1732177734375,0.07763594388961792,1080.1732177734375,0.7844047619281636
1676,20.997501373291016,71.57861328125,0.765720086268455,1064.5994873046875,0.07807876169681549,1064.5994873046875,0.765720086268455
1677,20.830278396606445,71.97555541992188,0.7752443252733195,1056.976318359375,0.08210629224777222,1056.976318359375,0.7752443252733195
1678,20.7630558013916,70.37055206298828,0.761996789769432,1070.81201171875,0.0711684376001358,1070.81201171875,0.761996789769432
1679,20.884443283081055,69.77027893066406,0.763709605441949,1067.408203125,0.0814904272556305,1067.408203125,0.763709605441949
1680,20.86138916015625,71.54360961914062,0.7524026321654657,1084.1036376953125,0.0789153128862381,1084.1036376953125,0.7524026321654657
1681,20.86916732788086,71.87471771240234,0.7725163753066548,1069.4635009765625,0.08050109446048737,1069.4635009765625,0.7725163753066548
1682,20.486665725708008,71.36083221435547,0.7541886959878807,1084.93017578125,0.07904107868671417,1084.93017578125,0.7541886959878807
1683,20.524444580078125,70.95500183105469,0.7528793693110198,1049.6903076171875,0.08318844437599182,1049.6903076171875,0.7528793693110198
1684,20.863332748413086,71.39722442626953,0.7882090111425837,1076.430419921875,0.07765305042266846,1076.430419921875,0.7882090111425837
1685,20.810832977294922,72.71166229248047,0.7783464569983874,1086.2069091796875,0.07992860674858093,1086.2069091796875,0.7783464569983874
1686,21.00139045715332,71.20610809326172,0.7616646832597118,1078.1778564453125,0.0803489089012146,1078.1778564453125,0.7616646832597118
1687,20.75111198425293,70.3358383178711,0.7576218478464649,1057.3660888671875,0.0777614414691925,1057.3660888671875,0.7576218478464649
1688,20.93055534362793,69.55000305175781,0.773897563783502,1076.5821533203125,0.07171273231506348,1076.5821533203125,0.773897563783502
1689,20.501667022705078,72.64443969726562,0.7695279862133666,1079.330810546875,0.08138087391853333,1079.330810546875,0.7695279862133666
1690,20.623889923095703,71.69361114501953,0.7757041573085669,1051.8394775390625,0.08837443590164185,1051.8394775390625,0.7757041573085669
1691,20.897777557373047,71.35722351074219,0.7619159178657227,1065.990478515625,0.07990111410617828,1065.990478515625,0.7619159178657227
1692,20.848888397216797,70.61666870117188,0.7771556679768998,1058.7427978515625,0.0805840790271759,1058.7427978515625,0.7771556679768998
1693,20.25749969482422,70.45916748046875,0.7895927512679317,1092.376953125,0.06779919564723969,1092.376953125,0.7895927512679317
1694,20.587223052978516,69.92499542236328,0.7672491009617368,1050.436767578125,0.08224914968013763,1050.436767578125,0.7672491009617368
1695,20.52666664123535,71.56111145019531,0.796681711271419,1080.739501953125,0.07731631398200989,1080.739501953125,0.796681711271419
1696,20.852222442626953,70.39805603027344,0.7887642931494807,1057.8226318359375,0.07543677091598511,1057.8226318359375,0.7887642931494807
1697,21.0575008392334,72.28639221191406,0.7938287878636436,1082.64599609375,0.07678607106208801,1082.64599609375,0.7938287878636436
1698,20.811389923095703,71.07583618164062,0.7958395143217654,1069.4638671875,0.07755327224731445,1069.4638671875,0.7958395143217654
1699,20.5222225189209,70.16999816894531,0.8049904202932614,1059.8282470703125,0.07608138024806976,1059.8282470703125,0.8049904202932614
1700,20.70722198486328,72.18555450439453,0.7753331257688909,1062.934814453125,0.07587768137454987,1062.934814453125,0.7753331257688909
1701,21.141111373901367,70.58055114746094,0.7909940357860561,1068.1011962890625,0.07837243378162384,1068.1011962890625,0.7909940357860561
1702,21.065555572509766,70.35111236572266,0.7629412992293512,1055.298583984375,0.07685236632823944,1055.298583984375,0.7629412992293512
1703,20.73138999938965,70.23500061035156,0.7858473742434895,1061.3594970703125,0.07526430487632751,1061.3594970703125,0.7858473742434895
1704,20.782777786254883,69.60750579833984,0.7727625720622594,1044.0531005859375,0.07855410873889923,1044.0531005859375,0.7727625720622594
1705,20.789722442626953,71.81694793701172,0.7783969490045836,1061.3961181640625,0.07866230607032776,1061.3961181640625,0.7783969490045836
1706,20.864999771118164,70.42082977294922,0.7948279983037023,1053.86083984375,0.0714331865310669,1053.86083984375,0.7948279983037023
1707,20.63944435119629,70.35055541992188,0.7760388761761521,1050.3017578125,0.07333345711231232,1050.3017578125,0.7760388761761521
1708,20.824722290039062,71.33055114746094,0.7964620406496994,1060.2530517578125,0.07833528518676758,1060.2530517578125,0.7964620406496994
1709,21.134166717529297,68.43388366699219,0.7898232633091617,1068.57373046875,0.07616482675075531,1068.57373046875,0.7898232633091617
1710,21.0,69.62055206298828,0.8002879317458733,1076.662109375,0.07658426463603973,1076.662109375,0.8002879317458733
1711,20.751943588256836,70.09916687011719,0.8030535652466502,1048.8338623046875,0.08025871217250824,1048.8338623046875,0.8030535652466502
1712,21.047500610351562,70.29138946533203,0.7931286261458659,1051.9583740234375,0.07035940885543823,1051.9583740234375,0.7931286261458659
1713,21.10555648803711,70.61528015136719,0.7671187576991871,1066.2806396484375,0.07177984714508057,1066.2806396484375,0.7671187576991871
1714,20.95111083984375,70.87361145019531,0.7738918648998574,1052.47216796875,0.07781507074832916,1052.47216796875,0.7738918648998574
1715,20.967777252197266,70.1449966430664,0.7689789436359787,1056.6207275390625,0.08125841617584229,1056.6207275390625,0.7689789436359787
1716,20.86250114440918,70.44166564941406,0.7921113087502683,1066.3519287109375,0.0738915205001831,1066.3519287109375,0.7921113087502683
1717,20.63249969482422,70.32416534423828,0.7715600398329038,1053.9276123046875,0.07953481376171112,1053.9276123046875,0.7715600398329038
1718,21.1380558013916,69.23249816894531,0.7679846243639141,1044.4822998046875,0.07262980937957764,1044.4822998046875,0.7679846243639141
1719,20.892499923706055,70.77888488769531,0.7882236941464758,1046.7052001953125,0.07775254547595978,1046.7052001953125,0.7882236941464758
1720,20.611112594604492,72.92527770996094,0.7748487063900413,1050.9766845703125,0.08282044529914856,1050.9766845703125,0.7748487063900413
1721,20.994443893432617,68.93777465820312,0.7648066965997289,1053.84375,0.07481323182582855,1053.84375,0.7648066965997289
1722,20.898332595825195,69.85916137695312,0.7869417946178613,1058.9891357421875,0.0719197690486908,1058.9891357421875,0.7869417946178613
1723,20.6602783203125,71.53972625732422,0.7897434094152047,1054.4542236328125,0.07838079333305359,1054.4542236328125,0.7897434094152047
1724,20.33888816833496,72.48583221435547,0.7937304829109932,1076.8189697265625,0.07114976644515991,1076.8189697265625,0.7937304829109932
1725,20.778888702392578,70.36416625976562,0.7824339995829613,1046.4140625,0.0806819349527359,1046.4140625,0.7824339995829613
1726,20.80611228942871,68.83583068847656,0.7803573821085685,1047.1707763671875,0.07233159244060516,1047.1707763671875,0.7803573821085685
1727,20.79805564880371,70.44972229003906,0.7873667596580403,1042.320556640625,0.07355646789073944,1042.320556640625,0.7873667596580403
1728,20.939443588256836,70.12139129638672,0.7873101113672467,1041.6783447265625,0.07831402122974396,1041.6783447265625,0.7873101113672467
1729,21.108890533447266,70.45194244384766,0.776891992320677,1047.6451416015625,0.07345050573348999,1047.6451416015625,0.776891992320677
1730,20.589723587036133,69.89694213867188,0.7875275413917666,1074.4443359375,0.07804018259048462,1074.4443359375,0.7875275413917666
1731,20.768888473510742,71.34749603271484,0.7689006528792948,1044.7490234375,0.07568833231925964,1044.7490234375,0.7689006528792948
1732,20.70777702331543,71.91944885253906,0.7941099350980783,1050.7381591796875,0.07873000204563141,1050.7381591796875,0.7941099350980783
1733,20.876943588256836,68.75971984863281,0.7848564119542782,1053.9464111328125,0.07057438790798187,1053.9464111328125,0.7848564119542782
1734,20.474721908569336,71.76889038085938,0.7804274589261275,1043.0286865234375,0.08341647684574127,1043.0286865234375,0.7804274589261275
1735,20.61027717590332,69.9477767944336,0.7832600905777021,1060.35693359375,0.08056327700614929,1060.35693359375,0.7832600905777021
1736,20.963611602783203,71.15416717529297,0.7772299071041011,1059.7376708984375,0.07133881747722626,1059.7376708984375,0.7772299071041011
1737,20.699722290039062,72.05027770996094,0.7742365618265312,1047.374267578125,0.07574301958084106,1047.374267578125,0.7742365618265312
1738,20.725276947021484,70.00111389160156,0.7626537215565363,1050.1888427734375,0.07911646366119385,1050.1888427734375,0.7626537215565363
1739,20.7772216796875,72.33027648925781,0.7671902321428719,1071.945556640625,0.07613486051559448,1071.945556640625,0.7671902321428719
1740,20.683332443237305,72.10277557373047,0.7900361581720037,1049.4903564453125,0.07141195237636566,1049.4903564453125,0.7900361581720037
1741,20.810277938842773,69.82638549804688,0.7916465712257681,1058.5531005859375,0.07724851369857788,1058.5531005859375,0.7916465712257681
1742,20.593610763549805,70.72944641113281,0.7915899608697384,1051.6632080078125,0.08017663657665253,1051.6632080078125,0.7915899608697384
1743,20.601943969726562,71.32972717285156,0.7886080246272807,1059.5167236328125,0.07478049397468567,1059.5167236328125,0.7886080246272807
1744,20.35444450378418,71.57305145263672,0.7831373944717164,1068.8870849609375,0.07871268689632416,1068.8870849609375,0.7831373944717164
1745,21.196109771728516,69.43028259277344,0.7822866141773783,1061.4329833984375,0.0758594274520874,1061.4329833984375,0.7822866141773783
1746,20.79888916015625,70.69249725341797,0.7908890057449784,1057.680908203125,0.0759786069393158,1057.680908203125,0.7908890057449784
1747,20.570833206176758,71.58389282226562,0.7887462784664482,1044.7381591796875,0.07396900653839111,1044.7381591796875,0.7887462784664482
1748,21.07694435119629,70.99805450439453,0.7741187315947574,1068.3021240234375,0.0868268758058548,1068.3021240234375,0.7741187315947574
1749,20.62555503845215,72.8308334350586,0.7835386054881013,1053.4989013671875,0.07728812098503113,1053.4989013671875,0.7835386054881013
1750,20.82111167907715,70.81639099121094,0.8114737865459283,1040.2381591796875,0.07586774230003357,1040.2381591796875,0.8114737865459283
1751,20.51444435119629,71.125,0.7664313524880493,1042.9488525390625,0.07828807830810547,1042.9488525390625,0.7664313524880493
1752,20.9777774810791,70.51249694824219,0.7870936349257596,1064.26708984375,0.0798635184764862,1064.26708984375,0.7870936349257596
1753,20.735000610351562,70.70916748046875,0.780396653166836,1062.2320556640625,0.06986787915229797,1062.2320556640625,0.780396653166836
1754,20.46000099182129,72.915283203125,0.7695812183799404,1054.6392822265625,0.07920554280281067,1054.6392822265625,0.7695812183799404
1755,20.28472328186035,70.74417114257812,0.7744348630134853,1039.5765380859375,0.08024536073207855,1039.5765380859375,0.7744348630134853
1756,20.731943130493164,70.94110870361328,0.7783294574179155,1056.0096435546875,0.07779461145401001,1056.0096435546875,0.7783294574179155
1757,20.677223205566406,72.12610626220703,0.7882077710967954,1053.0809326171875,0.07764789462089539,1053.0809326171875,0.7882077710967954
1758,20.77027702331543,70.23916625976562,0.7753023160017427,1064.3243408203125,0.07521174848079681,1064.3243408203125,0.7753023160017427
1759,20.746944427490234,71.64111328125,0.7983047162409931,1062.931884765625,0.07823115587234497,1062.931884765625,0.7983047162409931
1760,20.718612670898438,72.10472106933594,0.7780972610147279,1060.35302734375,0.07943694293498993,1060.35302734375,0.7780972610147279
1761,20.225000381469727,72.47416687011719,0.7651704351333225,1041.9765625,0.07931292057037354,1041.9765625,0.7651704351333225
1762,20.66638946533203,70.54499816894531,0.7532655711693486,1030.7479248046875,0.08208778500556946,1030.7479248046875,0.7532655711693486
1763,21.11750030517578,67.5727767944336,0.7714994558321516,1048.3548583984375,0.07132226228713989,1048.3548583984375,0.7714994558321516
1764,21.038610458374023,69.76361083984375,0.798285703340039,1050.1767578125,0.07257625460624695,1050.1767578125,0.798285703340039
1765,20.754165649414062,71.66610717773438,0.8155402311222069,1053.2625732421875,0.07009187340736389,1053.2625732421875,0.8155402311222069
1766,20.70694351196289,70.50167083740234,0.7715965917181418,1046.3603515625,0.07611311972141266,1046.3603515625,0.7715965917181418
1767,20.508054733276367,71.01416778564453,0.7861338791627376,1047.7652587890625,0.0760982483625412,1047.7652587890625,0.7861338791627376
1768,20.828054428100586,70.55110931396484,0.7790152380008514,1048.0338134765625,0.07798570394515991,1048.0338134765625,0.7790152380008514
1769,21.073610305786133,70.0522232055664,0.7747390125682014,1043.9598388671875,0.07400481402873993,1043.9598388671875,0.7747390125682014
1770,21.070833206176758,70.27444458007812,0.7980686913492843,1036.5133056640625,0.0719069391489029,1036.5133056640625,0.7980686913492843
1771,21.204166412353516,68.81221771240234,0.7766981340794661,1041.010009765625,0.06964172422885895,1041.010009765625,0.7766981340794661
1772,21.0402774810791,71.00611114501953,0.7642648233439526,1052.0208740234375,0.07341431081295013,1052.0208740234375,0.7642648233439526
1773,21.197778701782227,69.63555908203125,0.8025504462517421,1051.58447265625,0.07732534408569336,1051.58447265625,0.8025504462517421
1774,21.18166732788086,69.7388916015625,0.7664495980292714,1047.50927734375,0.0681343674659729,1047.50927734375,0.7664495980292714
1775,20.85944366455078,70.50138854980469,0.769488965870436,1037.87548828125,0.07932157814502716,1037.87548828125,0.769488965870436
1776,21.134166717529297,69.54110717773438,0.7876254618374149,1049.3966064453125,0.06801536679267883,1049.3966064453125,0.7876254618374149
1777,20.761943817138672,70.6441650390625,0.7812959280125162,1045.29833984375,0.07424430549144745,1045.29833984375,0.7812959280125162
1778,21.113611221313477,69.86861419677734,0.802031123418375,1043.25830078125,0.07137219607830048,1043.25830078125,0.802031123418375
1779,20.758054733276367,72.12667083740234,0.7959350498843829,1045.9443359375,0.07131393253803253,1045.9443359375,0.7959350498843829
1780,20.572776794433594,69.3183364868164,0.7875346182477987,1027.7396240234375,0.07690007984638214,1027.7396240234375,0.7875346182477987
1781,20.629722595214844,72.34249877929688,0.8088770154726267,1038.6778564453125,0.07643379271030426,1038.6778564453125,0.8088770154726267
1782,21.117778778076172,69.61083221435547,0.791894206197671,1044.3167724609375,0.0729188621044159,1044.3167724609375,0.791894206197671
1783,20.8397216796875,69.66638946533203,0.8011648532118779,1035.115234375,0.07389876246452332,1035.115234375,0.8011648532118779
1784,21.156944274902344,71.43305206298828,0.7946436185737433,1039.060302734375,0.07561565935611725,1039.060302734375,0.7946436185737433
1785,20.60444450378418,71.35527801513672,0.8180662609934324,1029.6883544921875,0.0766984075307846,1029.6883544921875,0.8180662609934324
1786,21.266944885253906,70.14389038085938,0.7992886357644908,1042.209716796875,0.06881923973560333,1042.209716796875,0.7992886357644908
1787,20.90333366394043,70.81555938720703,0.807239453117691,1041.603515625,0.07688920199871063,1041.603515625,0.807239453117691
1788,20.62583351135254,70.66471862792969,0.8083146224444413,1046.34521484375,0.07098685204982758,1046.34521484375,0.8083146224444413
1789,20.703889846801758,70.79389190673828,0.7908517231629739,1058.7943115234375,0.08040276169776917,1058.7943115234375,0.7908517231629739
1790,20.83500099182129,71.59749603271484,0.8257970473041908,1057.119873046875,0.0698760598897934,1057.119873046875,0.8257970473041908
1791,21.114166259765625,68.97083282470703,0.81771172889503,1044.4144287109375,0.06907472014427185,1044.4144287109375,0.81771172889503
1792,20.71000099182129,69.55500030517578,0.7875558827259787,1052.724365234375,0.07323373854160309,1052.724365234375,0.7875558827259787
1793,20.72861099243164,70.34000396728516,0.7856636058964224,1041.93798828125,0.07439951598644257,1041.93798828125,0.7856636058964224
1794,20.656665802001953,70.74833679199219,0.7942879239174718,1041.9254150390625,0.07487571239471436,1041.9254150390625,0.7942879239174718
1795,20.43111228942871,72.0133285522461,0.8066585220833437,1040.7586669921875,0.08252871036529541,1040.7586669921875,0.8066585220833437
1796,20.464723587036133,71.4527816772461,0.8010453011463479,1047.73681640625,0.075449138879776,1047.73681640625,0.8010453011463479
1797,20.968055725097656,70.29499816894531,0.7592330991828304,1061.09375,0.07347364723682404,1061.09375,0.7592330991828304
1798,21.128055572509766,71.50861358642578,0.7743744847615398,1074.440673828125,0.07203274965286255,1074.440673828125,0.7743744847615398
1799,20.531944274902344,70.09111022949219,0.7804939930610868,1037.7435302734375,0.07828749716281891,1037.7435302734375,0.7804939930610868
1800,20.739999771118164,69.72249603271484,0.7782501877080205,1060.095947265625,0.06927581131458282,1060.095947265625,0.7782501877080205
1801,20.60333251953125,70.83722686767578,0.7836999491461218,1040.65869140625,0.07764503359794617,1040.65869140625,0.7836999491461218
1802,20.806943893432617,69.83055114746094,0.7799985923169778,1063.2042236328125,0.07396076619625092,1063.2042236328125,0.7799985923169778
1803,20.5,72.37194061279297,0.7791162813964086,1055.39892578125,0.0816749632358551,1055.39892578125,0.7791162813964086
1804,20.42388916015625,71.04833221435547,0.7954912923588201,1035.388427734375,0.0745493620634079,1035.388427734375,0.7954912923588201
1805,20.322776794433594,70.33222198486328,0.804521718491704,1044.33642578125,0.08202394843101501,1044.33642578125,0.804521718491704
1806,20.468610763549805,69.09249877929688,0.772579362607607,1034.419677734375,0.07717147469520569,1034.419677734375,0.772579362607607
1807,20.561111450195312,70.37445068359375,0.7731231130703763,1040.892578125,0.0809636265039444,1040.892578125,0.7731231130703763
1808,20.81361198425293,71.51166534423828,0.7749598076209397,1050.5191650390625,0.07496979832649231,1050.5191650390625,0.7749598076209397
1809,20.56805419921875,71.90916442871094,0.8009555005946027,1069.2088623046875,0.06802497804164886,1069.2088623046875,0.8009555005946027
1810,20.837778091430664,69.53750610351562,0.7809888585959569,1060.8780517578125,0.06861115992069244,1060.8780517578125,0.7809888585959569
1811,20.898332595825195,69.02583312988281,0.7818023285691603,1058.828125,0.06871101260185242,1058.828125,0.7818023285691603
1812,20.656944274902344,70.34278106689453,0.773819840218309,1044.1085205078125,0.07385097444057465,1044.1085205078125,0.773819840218309
1813,20.484722137451172,69.4786148071289,0.7941346534329272,1036.3792724609375,0.07612240314483643,1036.3792724609375,0.7941346534329272
1814,20.533611297607422,71.27000427246094,0.7765118014977836,1059.0870361328125,0.07003235816955566,1059.0870361328125,0.7765118014977836
1815,20.703054428100586,71.22027587890625,0.796592855580888,1059.158203125,0.07238829135894775,1059.158203125,0.796592855580888
1816,20.559165954589844,71.71194458007812,0.7799712516692243,1037.6365966796875,0.07517781853675842,1037.6365966796875,0.7799712516692243
1817,20.68555450439453,70.7491683959961,0.7898098849365414,1062.924072265625,0.0723423957824707,1062.924072265625,0.7898098849365414
1818,20.580278396606445,72.14749908447266,0.7754044198953389,1065.7503662109375,0.0772465169429779,1065.7503662109375,0.7754044198953389
1819,20.448055267333984,71.00444793701172,0.780343546486979,1055.46240234375,0.07368452847003937,1055.46240234375,0.780343546486979
1820,20.59000015258789,71.49944305419922,0.7885851848975951,1070.7330322265625,0.07583282887935638,1070.7330322265625,0.7885851848975951
1821,20.60388946533203,70.46083068847656,0.7680428604538415,1051.2918701171875,0.0791364461183548,1051.2918701171875,0.7680428604538415
1822,21.01361083984375,70.8780517578125,0.7822582060604171,1047.5787353515625,0.07180346548557281,1047.5787353515625,0.7822582060604171
1823,20.863332748413086,71.23888397216797,0.7694580026241811,1050.01513671875,0.07133668661117554,1050.01513671875,0.7694580026241811
1824,20.161388397216797,72.09222412109375,0.8042031144549147,1084.6158447265625,0.08062000572681427,1084.6158447265625,0.8042031144549147
1825,20.983888626098633,73.08416748046875,0.7842025799285338,1055.710205078125,0.07343141734600067,1055.710205078125,0.7842025799285338
1826,20.733612060546875,71.6875,0.7946017558096304,1060.4354248046875,0.07682587206363678,1060.4354248046875,0.7946017558096304
1827,20.601388931274414,72.07305145263672,0.7835576406873515,1038.06689453125,0.07938896119594574,1038.06689453125,0.7835576406873515
1828,20.65833282470703,70.57389068603516,0.7714520703713352,1048.147705078125,0.07993119955062866,1048.147705078125,0.7714520703713352
1829,20.96000099182129,70.695556640625,0.7739330058417484,1067.1365966796875,0.07547669112682343,1067.1365966796875,0.7739330058417484
1830,20.886943817138672,70.19833374023438,0.7688954179028686,1052.9619140625,0.07159677147865295,1052.9619140625,0.7688954179028686
1831,20.905277252197266,70.82749938964844,0.7872724853442103,1067.0457763671875,0.07167670130729675,1067.0457763671875,0.7872724853442103
1832,21.323055267333984,69.98139190673828,0.7736332093632128,1054.3065185546875,0.07391779124736786,1054.3065185546875,0.7736332093632128
1833,20.755001068115234,70.85111236572266,0.7829870516681734,1046.965087890625,0.07291287183761597,1046.965087890625,0.7829870516681734
1834,21.193056106567383,70.01222229003906,0.7872696875572044,1042.945556640625,0.07691726088523865,1042.945556640625,0.7872696875572044
1835,21.022777557373047,71.49888610839844,0.770366062799061,1068.441650390625,0.07050532102584839,1068.441650390625,0.770366062799061
1836,20.873889923095703,70.25749969482422,0.7910790481747909,1050.2413330078125,0.07126371562480927,1050.2413330078125,0.7910790481747909
1837,20.938610076904297,70.97888946533203,0.8063033487675404,1058.382568359375,0.07181230187416077,1058.382568359375,0.8063033487675404
1838,21.0,69.69444274902344,0.7886618683999953,1055.282958984375,0.07192045450210571,1055.282958984375,0.7886618683999953
1839,20.72055435180664,70.45471954345703,0.7907746886292419,1050.164794921875,0.07483699917793274,1050.164794921875,0.7907746886292419
1840,20.70805549621582,71.09083557128906,0.800457353582447,1051.4677734375,0.07692034542560577,1051.4677734375,0.800457353582447
1841,20.804166793823242,71.24361419677734,0.7829939255708693,1041.975830078125,0.07943856716156006,1041.975830078125,0.7829939255708693
1842,20.345834732055664,72.44277954101562,0.796722653408914,1057.886962890625,0.07659965753555298,1057.886962890625,0.796722653408914
1843,20.9022216796875,70.82805633544922,0.7928852325807529,1043.8397216796875,0.07256224751472473,1043.8397216796875,0.7928852325807529
1844,20.993610382080078,70.10221862792969,0.8139434122599133,1043.6171875,0.07253468036651611,1043.6171875,0.8139434122599133
1845,21.125,70.83222198486328,0.777699990923258,1039.9114990234375,0.0731135755777359,1039.9114990234375,0.777699990923258
1846,20.920555114746094,69.97750091552734,0.7891562617814026,1046.543212890625,0.06547161936759949,1046.543212890625,0.7891562617814026
1847,20.84583282470703,71.1058349609375,0.8074323128691672,1047.8145751953125,0.07327187061309814,1047.8145751953125,0.8074323128691672
1848,20.43666648864746,70.74388885498047,0.7801408045183666,1042.12744140625,0.07364915311336517,1042.12744140625,0.7801408045183666
1849,20.63888931274414,69.24166870117188,0.7855880459615409,1042.7681884765625,0.0658888965845108,1042.7681884765625,0.7855880459615409
1850,21.081666946411133,70.33638763427734,0.7714359788644498,1043.4178466796875,0.07232555747032166,1043.4178466796875,0.7714359788644498
1851,20.66638946533203,69.79750061035156,0.8241829459491781,1051.0067138671875,0.07363598048686981,1051.0067138671875,0.8241829459491781
1852,20.58222198486328,72.01667022705078,0.7879274846275641,1045.18701171875,0.07875744998455048,1045.18701171875,0.7879274846275641
1853,20.79250144958496,69.81694793701172,0.8101634126363131,1059.4322509765625,0.06755146384239197,1059.4322509765625,0.8101634126363131
1854,20.755001068115234,71.12861633300781,0.8100958928927129,1057.21533203125,0.07206958532333374,1057.21533203125,0.8100958928927129
1855,20.497499465942383,69.39971923828125,0.7973319210895676,1040.2254638671875,0.0729590356349945,1040.2254638671875,0.7973319210895676
1856,20.933610916137695,68.94249725341797,0.8122684333834047,1048.102783203125,0.06916078925132751,1048.102783203125,0.8122684333834047
1857,20.873332977294922,69.68055725097656,0.8073825848485531,1047.0587158203125,0.07266132533550262,1047.0587158203125,0.8073825848485531
1858,20.88389015197754,71.91500091552734,0.8048887825389117,1040.686279296875,0.07347443699836731,1040.686279296875,0.8048887825389117
1859,20.629722595214844,70.2933349609375,0.8040074364968605,1056.052001953125,0.07505971193313599,1056.052001953125,0.8040074364968605
1860,20.66583251953125,70.27583312988281,0.7894821356982892,1038.2318115234375,0.07268910109996796,1038.2318115234375,0.7894821356982892
1861,20.51972198486328,71.74610900878906,0.8051540671509538,1038.5064697265625,0.07835440337657928,1038.5064697265625,0.8051540671509538
1862,20.531389236450195,69.84111022949219,0.8015377004042812,1048.4461669921875,0.07135848701000214,1048.4461669921875,0.8015377004042812
1863,20.768054962158203,69.35832977294922,0.8087438137041709,1065.7149658203125,0.0690612941980362,1065.7149658203125,0.8087438137041709
1864,20.656389236450195,70.75833129882812,0.8108540486188043,1056.1976318359375,0.0734843760728836,1056.1976318359375,0.8108540486188043
1865,20.432777404785156,71.31055450439453,0.8221975945094621,1059.8671875,0.06770998239517212,1059.8671875,0.8221975945094621
1866,20.628612518310547,69.80611419677734,0.8096135438298409,1060.0849609375,0.070815309882164,1060.0849609375,0.8096135438298409
1867,20.633054733276367,72.03721618652344,0.8202086532571973,1051.0054931640625,0.07024019956588745,1051.0054931640625,0.8202086532571973
1868,20.542499542236328,70.63375091552734,0.6668288359623193,1073.92529296875,0.07450558245182037,1073.92529296875,0.6668288359623193
1869,20.966110229492188,68.8175048828125,0.7997377189673904,1051.4603271484375,0.06854993104934692,1051.4603271484375,0.7997377189673904
1870,20.692777633666992,72.96749877929688,0.7934716214380165,1053.5819091796875,0.07300169765949249,1053.5819091796875,0.7934716214380165
1871,20.646944046020508,69.8727798461914,0.802535791608504,1039.8353271484375,0.06831139326095581,1039.8353271484375,0.802535791608504
1872,20.683610916137695,71.49805450439453,0.8124699117395286,1053.18505859375,0.07203979790210724,1053.18505859375,0.8124699117395286
1873,20.782501220703125,70.73416900634766,0.8054221944819875,1038.7127685546875,0.07253344357013702,1038.7127685546875,0.8054221944819875
1874,20.530277252197266,70.29638671875,0.7966698701857997,1049.211669921875,0.0735873430967331,1049.211669921875,0.7966698701857997
1875,20.95861053466797,70.17916107177734,0.7933116201009202,1038.5616455078125,0.07031773030757904,1038.5616455078125,0.7933116201009202
1876,20.468055725097656,72.1786117553711,0.8102260857547632,1057.5621337890625,0.06737495958805084,1057.5621337890625,0.8102260857547632
1877,20.800277709960938,71.225830078125,0.8025714062687745,1059.7100830078125,0.07422764599323273,1059.7100830078125,0.8025714062687745
1878,20.761667251586914,69.76139068603516,0.8177152141461655,1053.6514892578125,0.07312935590744019,1053.6514892578125,0.8177152141461655
1879,20.50027847290039,70.51944732666016,0.8075948984771418,1047.9986572265625,0.07120102643966675,1047.9986572265625,0.8075948984771418
1880,20.75055503845215,70.30972290039062,0.8183224602232868,1051.1033935546875,0.06947755813598633,1051.1033935546875,0.8183224602232868
1881,20.53499984741211,69.37555694580078,0.8001245944174276,1038.701904296875,0.07253366708755493,1038.701904296875,0.8001245944174276
1882,20.321388244628906,73.725830078125,0.8234046288315183,1062.5933837890625,0.07704903185367584,1062.5933837890625,0.8234046288315183
1883,20.663333892822266,70.7491683959961,0.7956729615815509,1056.8319091796875,0.07586315274238586,1056.8319091796875,0.7956729615815509
1884,20.98750114440918,68.19444274902344,0.8037334003070823,1052.3603515625,0.06573082506656647,1052.3603515625,0.8037334003070823
1885,20.636112213134766,71.07166290283203,0.8184570085595848,1048.992919921875,0.07352106273174286,1048.992919921875,0.8184570085595848
1886,20.59833335876465,71.3213882446289,0.8016201082154676,1057.150634765625,0.07291321456432343,1057.150634765625,0.8016201082154676
1887,20.871665954589844,68.93804931640625,0.8018286584116202,1057.6268310546875,0.06852228939533234,1057.6268310546875,0.8018286584116202
1888,20.776390075683594,71.35499572753906,0.8178500686067156,1069.6357421875,0.07824330031871796,1069.6357421875,0.8178500686067156
1889,20.625,69.26555633544922,0.815206398748337,1040.1763916015625,0.06921438872814178,1040.1763916015625,0.815206398748337
1890,20.432777404785156,69.75055694580078,0.8154700723436915,1036.572509765625,0.07194791734218597,1036.572509765625,0.8154700723436915
1891,20.49388885498047,70.94361114501953,0.8255068332391595,1046.51611328125,0.07116539776325226,1046.51611328125,0.8255068332391595
1892,20.64638900756836,70.40638732910156,0.8105545206214927,1047.4271240234375,0.0706556886434555,1047.4271240234375,0.8105545206214927
1893,20.863611221313477,69.73139190673828,0.8048154767185567,1056.20654296875,0.07284413278102875,1056.20654296875,0.8048154767185567
1894,20.600555419921875,70.43111419677734,0.8048968039332058,1031.12548828125,0.07328525185585022,1031.12548828125,0.8048968039332058
1895,20.605554580688477,70.73555755615234,0.8066366948843078,1045.7723388671875,0.07112342119216919,1045.7723388671875,0.8066366948843078
1896,20.995555877685547,70.62305450439453,0.7918568468775131,1034.88134765625,0.0713053047657013,1034.88134765625,0.7918568468775131
1897,20.773611068725586,70.14083099365234,0.814140261238076,1046.6156005859375,0.07090802490711212,1046.6156005859375,0.814140261238076
1898,20.695833206176758,71.61721801757812,0.8097328807202624,1070.9755859375,0.06525647640228271,1070.9755859375,0.8097328807202624
1899,20.094999313354492,71.61638641357422,0.8214007908794383,1081.71142578125,0.06861825287342072,1081.71142578125,0.8214007908794383
1900,20.642499923706055,71.02000427246094,0.8326092696049215,1057.181884765625,0.07545539736747742,1057.181884765625,0.8326092696049215
1901,20.751667022705078,69.79110717773438,0.7983759900178667,1042.368408203125,0.06953224539756775,1042.368408203125,0.7983759900178667
1902,20.593889236450195,70.87972259521484,0.8099670896037208,1048.2572021484375,0.06993655860424042,1048.2572021484375,0.8099670896037208
1903,20.78333282470703,70.11583709716797,0.8002275248798957,1053.20458984375,0.07289193570613861,1053.20458984375,0.8002275248798957
1904,20.1119441986084,70.68555450439453,0.7948785748012506,1069.9364013671875,0.07059073448181152,1069.9364013671875,0.7948785748012506
1905,20.61916732788086,71.70861053466797,0.8261045643427061,1048.4837646484375,0.06568960845470428,1048.4837646484375,0.8261045643427061
1906,20.59972381591797,71.5697250366211,0.8184454998419891,1042.2435302734375,0.07543604075908661,1042.2435302734375,0.8184454998419891
1907,20.921667098999023,70.49972534179688,0.8205542932430219,1046.3465576171875,0.06992127001285553,1046.3465576171875,0.8205542932430219
1908,20.70250129699707,69.95027923583984,0.806860483686888,1047.0174560546875,0.07326929271221161,1047.0174560546875,0.806860483686888
1909,20.63249969482422,72.69111633300781,0.8117659790664862,1046.8206787109375,0.0693473368883133,1046.8206787109375,0.8117659790664862
1910,20.755277633666992,70.52610778808594,0.8041106303104151,1042.7615966796875,0.0730103999376297,1042.7615966796875,0.8041106303104151
1911,20.73027801513672,71.13722229003906,0.8024842441455061,1033.3682861328125,0.07132761180400848,1033.3682861328125,0.8024842441455061
1912,20.628055572509766,70.8838882446289,0.8182790267069135,1048.6744384765625,0.07083164155483246,1048.6744384765625,0.8182790267069135
1913,20.331945419311523,70.66388702392578,0.8168147195652327,1041.0072021484375,0.07686030864715576,1041.0072021484375,0.8168147195652327
1914,20.646665573120117,70.40193939208984,0.8216811351875575,1047.2288818359375,0.06726071238517761,1047.2288818359375,0.8216811351875575
1915,20.77166748046875,71.66527557373047,0.8055584308146675,1039.5166015625,0.0767039805650711,1039.5166015625,0.8055584308146675
1916,21.029443740844727,69.70638275146484,0.7994440408772858,1043.0789794921875,0.07339949905872345,1043.0789794921875,0.7994440408772858
1917,20.880556106567383,68.98027801513672,0.7839721839936181,1038.1822509765625,0.07122199237346649,1038.1822509765625,0.7839721839936181
1918,20.216388702392578,72.94444274902344,0.8095932020141288,1033.1859130859375,0.07394589483737946,1033.1859130859375,0.8095932020141288
1919,20.675832748413086,71.7772216796875,0.809667494565379,1055.7066650390625,0.07255451381206512,1055.7066650390625,0.809667494565379
1920,21.109722137451172,72.93472290039062,0.7875481620908636,1043.063232421875,0.0745956152677536,1043.063232421875,0.7875481620908636
1921,21.15277862548828,70.79389190673828,0.8200834868299625,1057.766845703125,0.06955859065055847,1057.766845703125,0.8200834868299625
1922,20.8347225189209,71.52249908447266,0.8174891864214926,1052.270263671875,0.0705919861793518,1052.270263671875,0.8174891864214926
1923,20.813888549804688,70.5663833618164,0.7849532561097309,1046.969970703125,0.06836353242397308,1046.969970703125,0.7849532561097309
1924,20.662776947021484,73.4013900756836,0.8050672479167222,1064.76123046875,0.07292269170284271,1064.76123046875,0.8050672479167222
1925,20.81916618347168,71.17027282714844,0.8072922968424668,1057.5245361328125,0.06988024711608887,1057.5245361328125,0.8072922968424668
1926,20.373611450195312,71.82417297363281,0.8131357994206534,1045.1158447265625,0.07050979137420654,1045.1158447265625,0.8131357994206534
1927,20.571388244628906,71.602783203125,0.7956262664327185,1042.023681640625,0.07342202961444855,1042.023681640625,0.7956262664327185
1928,20.90333366394043,71.10139465332031,0.8047635892956441,1055.018798828125,0.0675823837518692,1055.018798828125,0.8047635892956441
1929,20.78333282470703,70.33000183105469,0.812142400796382,1044.3406982421875,0.06962968409061432,1044.3406982421875,0.812142400796382
1930,20.84111213684082,71.38555908203125,0.8280304595844658,1063.91943359375,0.06889857351779938,1063.91943359375,0.8280304595844658
1931,20.938610076904297,70.1905517578125,0.7960784900610243,1047.49560546875,0.06639239192008972,1047.49560546875,0.7960784900610243
1932,21.023611068725586,69.91527557373047,0.8120539546516227,1056.613525390625,0.07039929926395416,1056.613525390625,0.8120539546516227
1933,20.72888946533203,68.883056640625,0.8128975193129158,1038.483154296875,0.06653475761413574,1038.483154296875,0.8128975193129158
1934,21.03472137451172,71.54389190673828,0.8140703661962834,1063.7080078125,0.07161976397037506,1063.7080078125,0.8140703661962834
1935,20.938610076904297,70.36138916015625,0.7970650726877728,1039.8291015625,0.06270010769367218,1039.8291015625,0.7970650726877728
1936,20.686389923095703,70.70500183105469,0.8078206353125272,1039.099853515625,0.07069145143032074,1039.099853515625,0.8078206353125272
1937,20.87611198425293,70.5183334350586,0.7977134258556551,1039.0699462890625,0.0716836005449295,1039.0699462890625,0.7977134258556551
1938,21.318056106567383,69.85333251953125,0.8398704872923021,1051.08740234375,0.06994307041168213,1051.08740234375,0.8398704872923021
1939,20.514999389648438,71.17527770996094,0.8109045781916704,1052.583984375,0.07232138514518738,1052.583984375,0.8109045781916704
1940,20.948333740234375,69.95499420166016,0.8413517279266796,1046.933349609375,0.07161042094230652,1046.933349609375,0.8413517279266796
1941,20.59000015258789,71.78639221191406,0.7941483291794729,1036.5556640625,0.06618469953536987,1036.5556640625,0.7941483291794729
1942,20.894166946411133,70.87444305419922,0.8253715023925372,1051.5179443359375,0.06821899116039276,1051.5179443359375,0.8253715023925372
1943,20.914722442626953,71.79888916015625,0.8098433893398898,1045.0712890625,0.06937065720558167,1045.0712890625,0.8098433893398898
1944,20.698055267333984,71.84888458251953,0.8489713070621057,1042.064697265625,0.0777454525232315,1042.064697265625,0.8489713070621057
1945,21.02250099182129,70.34166717529297,0.8296744423978715,1047.8345947265625,0.06878480315208435,1047.8345947265625,0.8296744423978715
1946,21.00889015197754,69.2994384765625,0.829501035777533,1037.716064453125,0.06888480484485626,1037.716064453125,0.829501035777533
1947,21.02250099182129,71.36861419677734,0.8310140056855757,1060.3936767578125,0.07003560662269592,1060.3936767578125,0.8310140056855757
1948,21.088890075683594,71.11499786376953,0.8282759702009418,1039.418701171875,0.07026021182537079,1039.418701171875,0.8282759702009418
1949,20.673612594604492,70.84583282470703,0.837460780735382,1056.568603515625,0.06996822357177734,1056.568603515625,0.837460780735382
1950,20.755277633666992,70.28028106689453,0.7971846969517078,1028.1990966796875,0.06997092068195343,1028.1990966796875,0.7971846969517078
1951,20.7227783203125,70.74166870117188,0.8469599340970443,1050.4195556640625,0.0700606107711792,1050.4195556640625,0.8469599340970443
1952,20.88389015197754,71.41166687011719,0.8510561650187678,1055.118896484375,0.0762065052986145,1055.118896484375,0.8510561650187678
1953,20.936389923095703,70.45055389404297,0.8316701057127237,1048.9798583984375,0.06734219193458557,1048.9798583984375,0.8316701057127237
1954,20.80611228942871,69.44194793701172,0.8293574242429252,1027.42041015625,0.06932774186134338,1027.42041015625,0.8293574242429252
1955,20.885000228881836,69.100830078125,0.8503853511225665,1050.9405517578125,0.06381620466709137,1050.9405517578125,0.8503853511225665
1956,20.6119441986084,71.82749938964844,0.8397055534822595,1048.7513427734375,0.07000568509101868,1048.7513427734375,0.8397055534822595
1957,20.4375,71.3197250366211,0.827749755029774,1024.27734375,0.07310676574707031,1024.27734375,0.827749755029774
1958,20.6744441986084,70.53694915771484,0.8147167408793097,1036.4638671875,0.07164846360683441,1036.4638671875,0.8147167408793097
1959,20.643054962158203,69.71527862548828,0.8005405362012284,1032.0118408203125,0.06991218030452728,1032.0118408203125,0.8005405362012284
1960,20.70694351196289,69.790283203125,0.8333075689455117,1029.482421875,0.06769122183322906,1029.482421875,0.8333075689455117
1961,20.3972225189209,69.6227798461914,0.8254671870983126,1022.3299560546875,0.07831023633480072,1022.3299560546875,0.8254671870983126
1962,20.46000099182129,71.40193939208984,0.8415469979496797,1051.3829345703125,0.06913606822490692,1051.3829345703125,0.8415469979496797
1963,20.754165649414062,69.68000030517578,0.818587007296051,1031.1666259765625,0.07405322790145874,1031.1666259765625,0.818587007296051
1964,20.91888999938965,71.75499725341797,0.8423863872991644,1059.5115966796875,0.06665825843811035,1059.5115966796875,0.8423863872991644
1965,20.62444305419922,70.50971984863281,0.8330265282651318,1045.043212890625,0.07259070873260498,1045.043212890625,0.8330265282651318
1966,20.46500015258789,69.9969482421875,0.8356629081713682,1044.7525634765625,0.07254579663276672,1044.7525634765625,0.8356629081713682
1967,20.42361068725586,71.7508316040039,0.813591578422308,1038.146240234375,0.06696629524230957,1038.146240234375,0.813591578422308
1968,20.88888931274414,70.02833557128906,0.8293200409171397,1036.27978515625,0.06704558432102203,1036.27978515625,0.8293200409171397
1969,20.6472225189209,69.56111145019531,0.8123466550277432,1027.8258056640625,0.07146701216697693,1027.8258056640625,0.8123466550277432
1970,20.573055267333984,69.56277465820312,0.821864261561269,1038.8028564453125,0.07377541065216064,1038.8028564453125,0.821864261561269
1971,20.400278091430664,68.87638854980469,0.835588870123429,1017.5237426757812,0.07348419725894928,1017.5237426757812,0.835588870123429
1972,20.544166564941406,70.64861297607422,0.8083626898022129,1030.6029052734375,0.07206442952156067,1030.6029052734375,0.8083626898022129
1973,20.532222747802734,69.69694519042969,0.828281490033652,1033.0654296875,0.06483370065689087,1033.0654296875,0.828281490033652
1974,20.45027732849121,69.69916534423828,0.8362489856129234,1029.00927734375,0.07284602522850037,1029.00927734375,0.8362489856129234
1975,20.452499389648438,71.0405502319336,0.8361090481101929,1036.6641845703125,0.07387779653072357,1036.6641845703125,0.8361090481101929
1976,20.811111450195312,68.06305694580078,0.8173356116034506,1048.0345458984375,0.07120965421199799,1048.0345458984375,0.8173356116034506
1977,20.808889389038086,69.00833129882812,0.8301461959140296,1055.18017578125,0.06566552817821503,1055.18017578125,0.8301461959140296
1978,20.537500381469727,69.66166687011719,0.8403539888378501,1030.5855712890625,0.06815493106842041,1030.5855712890625,0.8403539888378501
1979,20.782501220703125,69.88194274902344,0.8257587669867488,1031.4022216796875,0.06305989623069763,1031.4022216796875,0.8257587669867488
1980,20.850831985473633,70.14055633544922,0.8160399226286131,1045.96728515625,0.06643430888652802,1045.96728515625,0.8160399226286131
1981,20.614442825317383,70.6463851928711,0.7993790197281636,1034.2535400390625,0.06689146161079407,1034.2535400390625,0.7993790197281636
1982,20.434444427490234,70.03805541992188,0.8071910346820775,1055.96337890625,0.06729409098625183,1055.96337890625,0.8071910346820775
1983,20.572500228881836,70.15777587890625,0.8140193279852384,1043.8463134765625,0.07108290493488312,1043.8463134765625,0.8140193279852384
1984,20.37583351135254,70.26472473144531,0.8294212008923367,1038.85009765625,0.07427455484867096,1038.85009765625,0.8294212008923367
1985,21.01444435119629,69.20111083984375,0.7973908203449112,1029.5927734375,0.0694182813167572,1029.5927734375,0.7973908203449112
1986,20.93777847290039,70.86027526855469,0.8077753071937153,1032.133056640625,0.07083256542682648,1032.133056640625,0.8077753071937153
1987,20.532222747802734,73.19583129882812,0.7950043687557553,1038.4970703125,0.0753922164440155,1038.4970703125,0.7950043687557553
1988,20.776390075683594,69.3308334350586,0.8096210086593683,1036.5960693359375,0.06466829776763916,1036.5960693359375,0.8096210086593683
1989,21.066389083862305,69.87555694580078,0.833662520839231,1044.275634765625,0.06535342335700989,1044.275634765625,0.833662520839231
1990,20.656665802001953,71.53916931152344,0.8022988118473788,1037.6573486328125,0.07396131753921509,1037.6573486328125,0.8022988118473788
1991,20.762500762939453,72.81610870361328,0.8051944263060353,1042.0631103515625,0.0694148987531662,1042.0631103515625,0.8051944263060353
1992,20.785554885864258,70.51277923583984,0.8055345471814899,1031.918701171875,0.06761696934700012,1031.918701171875,0.8055345471814899
1993,20.704999923706055,69.35527801513672,0.8119888638844321,1039.0870361328125,0.06925463676452637,1039.0870361328125,0.8119888638844321
1994,20.66583251953125,70.60360717773438,0.7940682619163808,1026.4566650390625,0.071913942694664,1026.4566650390625,0.7940682619163808
1995,20.66722297668457,70.1736068725586,0.8125100058255728,1028.8643798828125,0.06993858516216278,1028.8643798828125,0.8125100058255728
1996,20.895832061767578,70.53277587890625,0.8181833365963069,1032.83154296875,0.07024599611759186,1032.83154296875,0.8181833365963069
1997,20.818056106567383,69.79833221435547,0.8115623380559123,1041.2320556640625,0.06791853904724121,1041.2320556640625,0.8115623380559123
1998,20.864999771118164,70.99583435058594,0.8002158212898229,1029.93408203125,0.07074883580207825,1029.93408203125,0.8002158212898229
1999,20.66583251953125,71.97027587890625,0.8169677213204535,1033.6297607421875,0.0711296945810318,1033.6297607421875,0.8169677213204535
2000,20.91083335876465,68.22500610351562,0.804799555906214,1037.616455078125,0.06787817180156708,1037.616455078125,0.804799555906214
2001,20.726112365722656,71.42194366455078,0.7977687281085402,1022.8233032226562,0.07220524549484253,1022.8233032226562,0.7977687281085402
2002,20.753612518310547,69.86750030517578,0.7846719673320117,1042.890869140625,0.06786170601844788,1042.890869140625,0.7846719673320117
2003,21.467222213745117,70.61833190917969,0.7965560245562096,1046.7872314453125,0.06510873138904572,1046.7872314453125,0.7965560245562096
2004,20.964445114135742,71.48361206054688,0.7846789399403626,1024.1259765625,0.06710982322692871,1024.1259765625,0.7846789399403626
2005,20.81305503845215,69.39472198486328,0.7952042000317315,1027.179931640625,0.0718713104724884,1027.179931640625,0.7952042000317315
2006,21.217222213745117,71.9477767944336,0.781724187429103,1048.82275390625,0.06708519160747528,1048.82275390625,0.781724187429103
2007,20.9647216796875,71.58528137207031,0.8239569423553723,1034.2669677734375,0.07227908074855804,1034.2669677734375,0.8239569423553723
2008,20.881389617919922,69.62638854980469,0.8070152604539766,1042.1126708984375,0.0684356689453125,1042.1126708984375,0.8070152604539766
2009,20.67277717590332,70.1994400024414,0.8121557448711743,1028.893798828125,0.06541700661182404,1028.893798828125,0.8121557448711743
2010,20.828332901000977,70.86054992675781,0.8172292790554576,1043.0819091796875,0.06694206595420837,1043.0819091796875,0.8172292790554576
2011,20.651111602783203,71.06361389160156,0.8316524287023568,1032.8638916015625,0.07052074372768402,1032.8638916015625,0.8316524287023568
2012,21.1299991607666,68.54611206054688,0.7959331461931967,1036.4490966796875,0.06805296242237091,1036.4490966796875,0.7959331461931967
2013,20.803890228271484,70.05332946777344,0.8120997973404015,1039.1561279296875,0.0683942586183548,1039.1561279296875,0.8120997973404015
2014,20.762500762939453,71.00416564941406,0.8219330238972221,1024.06591796875,0.06955267488956451,1024.06591796875,0.8219330238972221
2015,21.016666412353516,70.46028137207031,0.8007315105015322,1043.921630859375,0.0671917200088501,1043.921630859375,0.8007315105015322
2016,20.79777717590332,72.1925048828125,0.8093688165893438,1034.587646484375,0.07320255041122437,1034.587646484375,0.8093688165893438
2017,21.101388931274414,70.25193786621094,0.8239242676750484,1023.01953125,0.0681348443031311,1023.01953125,0.8239242676750484
2018,20.897220611572266,70.60360717773438,0.7970462163039147,1021.0420532226562,0.07206670939922333,1021.0420532226562,0.7970462163039147
2019,21.053333282470703,69.6994400024414,0.8054637393726605,1044.1846923828125,0.06968702375888824,1044.1846923828125,0.8054637393726605
2020,20.795278549194336,70.2469482421875,0.8104534123104794,1042.908447265625,0.06701736152172089,1042.908447265625,0.8104534123104794
2021,20.504165649414062,72.60694885253906,0.7935206698873479,1038.0966796875,0.07637958228588104,1038.0966796875,0.7935206698873479
2022,20.316665649414062,70.40666961669922,0.818070443206095,1023.0758056640625,0.07577534019947052,1023.0758056640625,0.818070443206095
2023,20.905277252197266,70.6755599975586,0.8024932668892011,1039.381591796875,0.06464160978794098,1039.381591796875,0.8024932668892011
2024,20.74944305419922,71.88999938964844,0.8003315142638381,1032.573974609375,0.06833696365356445,1032.573974609375,0.8003315142638381
2025,20.739723205566406,69.9447250366211,0.7756995132617186,1045.9022216796875,0.07074816524982452,1045.9022216796875,0.7756995132617186
2026,20.313888549804688,71.3838882446289,0.8111345911210506,1059.7264404296875,0.06916241347789764,1059.7264404296875,0.8111345911210506
2027,20.73527717590332,71.9977798461914,0.787670265544455,1042.5218505859375,0.0715232789516449,1042.5218505859375,0.787670265544455
2028,20.455833435058594,72.39083099365234,0.8098454681807642,1031.025390625,0.06624361872673035,1031.025390625,0.8098454681807642
2029,20.554723739624023,70.69944763183594,0.8039700187996415,1020.0812377929688,0.06929124891757965,1020.0812377929688,0.8039700187996415
2030,20.820554733276367,67.66944885253906,0.8062050336563822,1037.5706787109375,0.06791988015174866,1037.5706787109375,0.8062050336563822
2031,20.88194465637207,70.12694549560547,0.8125382955786852,1038.597900390625,0.06819483637809753,1038.597900390625,0.8125382955786852
2032,20.45694351196289,72.18582916259766,0.8377691883216521,1052.3302001953125,0.06711289286613464,1052.3302001953125,0.8377691883216521
2033,20.69472312927246,70.69694519042969,0.8008444934881399,1039.1610107421875,0.06410448253154755,1039.1610107421875,0.8008444934881399
2034,20.376667022705078,71.79528045654297,0.7954974333331711,1045.531982421875,0.07199741899967194,1045.531982421875,0.7954974333331711
2035,20.672500610351562,71.2780532836914,0.8204925180304828,1041.9144287109375,0.0679779052734375,1041.9144287109375,0.8204925180304828
2036,20.66083335876465,70.79916381835938,0.7931751874054987,1033.2210693359375,0.06577149033546448,1033.2210693359375,0.7931751874054987
2037,20.85944366455078,71.274169921875,0.7973993646666369,1034.7586669921875,0.06585700809955597,1034.7586669921875,0.7973993646666369
2038,20.9152774810791,69.81360626220703,0.7998571635194065,1033.1146240234375,0.06927807629108429,1033.1146240234375,0.7998571635194065
2039,20.678333282470703,71.8580551147461,0.7959132765193727,1047.0404052734375,0.07149678468704224,1047.0404052734375,0.7959132765193727
2040,20.45777702331543,70.6705551147461,0.8171244071614752,1043.9365234375,0.0693783164024353,1043.9365234375,0.8171244071614752
2041,20.738054275512695,70.75944519042969,0.7803681933953064,1045.4986572265625,0.0655086487531662,1045.4986572265625,0.7803681933953064
2042,20.510833740234375,71.616943359375,0.7909454499380578,1036.095947265625,0.07458607852458954,1036.095947265625,0.7909454499380578
2043,20.960277557373047,70.81722259521484,0.8244183834056029,1046.4483642578125,0.0674637109041214,1046.4483642578125,0.8244183834056029
2044,20.489166259765625,71.96138763427734,0.8037380637570481,1043.996337890625,0.06888753175735474,1043.996337890625,0.8037380637570481
2045,20.884443283081055,70.94805908203125,0.8067271536137888,1040.295166015625,0.06843164563179016,1040.295166015625,0.8067271536137888
2046,20.546388626098633,73.45194244384766,0.7920281795175275,1046.638427734375,0.07422234117984772,1046.638427734375,0.7920281795175275
2047,20.554443359375,70.58361053466797,0.8016105479394683,1029.3427734375,0.07281018793582916,1029.3427734375,0.8016105479394683
2048,20.924720764160156,73.54222106933594,0.8164982375031622,1051.389404296875,0.07576298713684082,1051.389404296875,0.8164982375031622
2049,20.79861068725586,70.7397232055664,0.8078217149948195,1037.6270751953125,0.07241871953010559,1037.6270751953125,0.8078217149948195
2050,20.700000762939453,70.92638397216797,0.828301903962985,1038.753173828125,0.07430845499038696,1038.753173828125,0.828301903962985
2051,20.89638900756836,72.820556640625,0.8110460993684089,1034.27685546875,0.06780470907688141,1034.27685546875,0.8110460993684089
2052,20.434722900390625,72.75055694580078,0.8232302005230733,1033.1051025390625,0.07203568518161774,1033.1051025390625,0.8232302005230733
2053,20.960556030273438,71.54944610595703,0.8034080230688536,1037.2943115234375,0.06655752658843994,1037.2943115234375,0.8034080230688536
2054,20.628334045410156,72.0138931274414,0.8098758960034638,1037.325927734375,0.07307425141334534,1037.325927734375,0.8098758960034638
2055,20.461111068725586,71.73278045654297,0.8410661510175446,1042.1702880859375,0.06919850409030914,1042.1702880859375,0.8410661510175446
2056,20.73555564880371,71.92250061035156,0.8220874338275677,1052.8355712890625,0.06881344318389893,1052.8355712890625,0.8220874338275677
2057,20.801944732666016,72.68250274658203,0.8230685808511843,1050.5821533203125,0.06691345572471619,1050.5821533203125,0.8230685808511843
2058,21.080833435058594,69.89722442626953,0.8178325517157463,1040.6287841796875,0.06907795369625092,1040.6287841796875,0.8178325517157463
2059,20.389999389648438,70.57444763183594,0.8195918307498049,1046.375732421875,0.06736412644386292,1046.375732421875,0.8195918307498049
2060,20.588611602783203,71.24417114257812,0.8238125108371256,1037.0904541015625,0.07242251932621002,1037.0904541015625,0.8238125108371256
2061,20.294166564941406,71.43499755859375,0.833904946476383,1035.5159912109375,0.07066485285758972,1035.5159912109375,0.833904946476383
2062,20.40277671813965,72.62916564941406,0.8340325892485183,1030.8544921875,0.07006508111953735,1030.8544921875,0.8340325892485183
2063,20.34749984741211,71.95111083984375,0.8356800819061221,1038.8497314453125,0.06613871455192566,1038.8497314453125,0.8356800819061221
2064,20.552499771118164,70.89555358886719,0.8053617474546818,1035.35791015625,0.06937967240810394,1035.35791015625,0.8053617474546818
2065,20.95916748046875,71.86360931396484,0.8065716876782077,1057.8427734375,0.07185587286949158,1057.8427734375,0.8065716876782077
2066,20.606943130493164,70.29750061035156,0.8256761667253913,1025.3135986328125,0.06997375190258026,1025.3135986328125,0.8256761667253913
2067,20.824722290039062,69.9544448852539,0.8182999945276682,1044.429443359375,0.06636619567871094,1044.429443359375,0.8182999945276682
2068,20.691665649414062,71.225830078125,0.7891181296200618,1025.79345703125,0.06632964313030243,1025.79345703125,0.7891181296200618
2069,20.64444351196289,69.72055053710938,0.8307524152702507,1046.819580078125,0.06842851638793945,1046.819580078125,0.8307524152702507
2070,20.530834197998047,72.55972290039062,0.8182101400939804,1037.3128662109375,0.07485008239746094,1037.3128662109375,0.8182101400939804
2071,20.358333587646484,71.09361267089844,0.8436038089381135,1021.0859375,0.07035256922245026,1021.0859375,0.8436038089381135
2072,20.343889236450195,70.20916748046875,0.8141059492465239,1030.651611328125,0.07272715866565704,1030.651611328125,0.8141059492465239
2073,20.43027687072754,68.95694732666016,0.8371300884891935,1016.0064697265625,0.06893929839134216,1016.0064697265625,0.8371300884891935
2074,20.51388931274414,70.15333557128906,0.82108857049917,1022.6231689453125,0.07205335795879364,1022.6231689453125,0.82108857049917
2075,20.65916633605957,71.58805847167969,0.8180433865015424,1033.5960693359375,0.06798109412193298,1033.5960693359375,0.8180433865015424
2076,20.518054962158203,71.3074951171875,0.8231208182197949,1043.2967529296875,0.06425869464874268,1043.2967529296875,0.8231208182197949
2077,20.824722290039062,68.85916900634766,0.8040846044590365,1040.2054443359375,0.06843769550323486,1040.2054443359375,0.8040846044590365
2078,20.761388778686523,68.4161148071289,0.8159424731830311,1035.7418212890625,0.06711512804031372,1035.7418212890625,0.8159424731830311
2079,20.664167404174805,69.80972290039062,0.8119535858916114,1023.9464111328125,0.06727556884288788,1023.9464111328125,0.8119535858916114
2080,20.094722747802734,68.9191665649414,0.819003698849752,1011.755615234375,0.07089720666408539,1011.755615234375,0.819003698849752
2081,20.288333892822266,70.78805541992188,0.8394878488825752,1037.9732666015625,0.06710198521614075,1037.9732666015625,0.8394878488825752
2082,20.454166412353516,70.57250213623047,0.817872967352518,1036.763916015625,0.07245160639286041,1036.763916015625,0.817872967352518
2083,20.543611526489258,71.17111206054688,0.8147857953897206,1019.859619140625,0.07151918113231659,1019.859619140625,0.8147857953897206
2084,20.57722282409668,69.86888885498047,0.8254282455928659,1039.7841796875,0.06699182093143463,1039.7841796875,0.8254282455928659
2085,20.58916664123535,71.2347183227539,0.8083978785297702,1038.0772705078125,0.06532008945941925,1038.0772705078125,0.8083978785297702
2086,20.158334732055664,70.39666748046875,0.8050950193473203,1030.2393798828125,0.06933115422725677,1030.2393798828125,0.8050950193473203
2087,20.32111167907715,70.50749969482422,0.8172129683298799,1042.9727783203125,0.06667675077915192,1042.9727783203125,0.8172129683298799
2088,20.29194450378418,69.73916625976562,0.7959793590255928,1025.2852783203125,0.07338103652000427,1025.2852783203125,0.7959793590255928
2089,20.70888900756836,69.85889434814453,0.8184082383676307,1024.97509765625,0.06567591428756714,1024.97509765625,0.8184082383676307
2090,20.63888931274414,70.32221984863281,0.8060312571451618,1027.05126953125,0.06572981178760529,1027.05126953125,0.8060312571451618
2091,20.440555572509766,71.0441665649414,0.8158560045263041,1037.086181640625,0.07121165096759796,1037.086181640625,0.8158560045263041
2092,20.64444351196289,72.43194580078125,0.8138356169038511,1037.2733154296875,0.06997929513454437,1037.2733154296875,0.8138356169038511
2093,20.399166107177734,70.9344482421875,0.8012749869362007,1041.2581787109375,0.07129158079624176,1041.2581787109375,0.8012749869362007
2094,20.255556106567383,71.26055145263672,0.8106114817510178,1017.0460205078125,0.06991121172904968,1017.0460205078125,0.8106114817510178
2095,20.414443969726562,69.96833038330078,0.7955387969813807,1029.2724609375,0.0668385773897171,1029.2724609375,0.7955387969813807
2096,20.75666618347168,70.23750305175781,0.8109329603867714,1047.2542724609375,0.06805819272994995,1047.2542724609375,0.8109329603867714
2097,20.697221755981445,69.66305541992188,0.8030499309665244,1035.4622802734375,0.06117361783981323,1035.4622802734375,0.8030499309665244
2098,20.73000144958496,70.16194152832031,0.8170317941392412,1046.46728515625,0.06510715186595917,1046.46728515625,0.8170317941392412
2099,21.099721908569336,69.60166931152344,0.8013176535007788,1032.0504150390625,0.07237239181995392,1032.0504150390625,0.8013176535007788
2100,20.48611068725586,70.49472045898438,0.8064425096969636,1029.5682373046875,0.06651529669761658,1029.5682373046875,0.8064425096969636
2101,20.86805534362793,69.83000183105469,0.8007225596017644,1025.0626220703125,0.06739340722560883,1025.0626220703125,0.8007225596017644
2102,21.00472068786621,71.82749938964844,0.8019334903093807,1058.6251220703125,0.06869921088218689,1058.6251220703125,0.8019334903093807
2103,20.740554809570312,70.36111450195312,0.8234969132699614,1037.17041015625,0.0642998069524765,1037.17041015625,0.8234969132699614
2104,20.602500915527344,71.04000091552734,0.8072500666432938,1040.9583740234375,0.06634551286697388,1040.9583740234375,0.8072500666432938
2105,21.216388702392578,70.06722259521484,0.8036105674416578,1045.580810546875,0.06378798186779022,1045.580810546875,0.8036105674416578
2106,20.701112747192383,70.97000122070312,0.8018224916443839,1037.087646484375,0.06598058342933655,1037.087646484375,0.8018224916443839
2107,20.76277732849121,71.80083465576172,0.8179706546876216,1041.79541015625,0.06700882315635681,1041.79541015625,0.8179706546876216
2108,20.69499969482422,71.80000305175781,0.8042696825999234,1031.283447265625,0.07348798215389252,1031.283447265625,0.8042696825999234
2109,20.34861183166504,73.15472412109375,0.8002371306549236,1046.1402587890625,0.0705227255821228,1046.1402587890625,0.8002371306549236
2110,20.868331909179688,71.7602767944336,0.8162374526526446,1033.22607421875,0.06447765231132507,1033.22607421875,0.8162374526526446
2111,20.948333740234375,71.08528137207031,0.8565901372442846,1035.50048828125,0.06381121277809143,1035.50048828125,0.8565901372442846
2112,21.073610305786133,71.96111297607422,0.8028353377303122,1032.00634765625,0.06670354306697845,1032.00634765625,0.8028353377303122
2113,20.748889923095703,71.09305572509766,0.8138245034166242,1038.080810546875,0.0714506208896637,1038.080810546875,0.8138245034166242
2114,20.6461124420166,72.01277923583984,0.8395023921323548,1038.4656982421875,0.07129938900470734,1038.4656982421875,0.8395023921323548
2115,20.553611755371094,71.62777709960938,0.8143109482393558,1035.2054443359375,0.06802007555961609,1035.2054443359375,0.8143109482393558
2116,20.74250030517578,70.06694793701172,0.8244112482764084,1036.793701171875,0.06281547248363495,1036.793701171875,0.8244112482764084
2117,20.880277633666992,71.19916534423828,0.8048720708918776,1034.790283203125,0.06618116796016693,1034.790283203125,0.8048720708918776
2118,20.76972198486328,70.67194366455078,0.8257338113923708,1042.3671875,0.0708538293838501,1042.3671875,0.8257338113923708
2119,20.621389389038086,72.54277801513672,0.8037379457886769,1039.94970703125,0.07165604829788208,1039.94970703125,0.8037379457886769
2120,20.753332138061523,70.51611328125,0.8242427113811,1046.9459228515625,0.06262639164924622,1046.9459228515625,0.8242427113811
2121,20.74388885498047,72.086669921875,0.8163864294207812,1047.031494140625,0.07093116641044617,1047.031494140625,0.8163864294207812
2122,20.47194480895996,70.3316650390625,0.8216219298004781,1030.670654296875,0.06542281806468964,1030.670654296875,0.8216219298004781
2123,20.738054275512695,69.83722686767578,0.8096069011457356,1034.6773681640625,0.06158381700515747,1034.6773681640625,0.8096069011457356
2124,20.921388626098633,70.60221862792969,0.8130101544825896,1039.156005859375,0.06628704071044922,1039.156005859375,0.8130101544825896
2125,20.959720611572266,72.97972106933594,0.8076767380002394,1034.5611572265625,0.06861071288585663,1034.5611572265625,0.8076767380002394
2126,20.74944305419922,71.4544448852539,0.8082807158057361,1047.9591064453125,0.06585246324539185,1047.9591064453125,0.8082807158057361
2127,20.604999542236328,71.58389282226562,0.8211658526962736,1031.354736328125,0.07190506160259247,1031.354736328125,0.8211658526962736
2128,20.556665420532227,72.47138977050781,0.8183187563813885,1028.826171875,0.06836189329624176,1028.826171875,0.8183187563813885
2129,20.58944320678711,70.3580551147461,0.8083534758902066,1038.0643310546875,0.06933543086051941,1038.0643310546875,0.8083534758902066
2130,20.975278854370117,70.008056640625,0.7992770918106582,1051.5113525390625,0.06556282937526703,1051.5113525390625,0.7992770918106582
2131,20.976110458374023,71.37916564941406,0.8013659758751699,1039.0008544921875,0.06808513402938843,1039.0008544921875,0.8013659758751699
2132,20.7227783203125,71.83999633789062,0.8313693027395153,1049.3765869140625,0.06385351717472076,1049.3765869140625,0.8313693027395153
2133,21.03499984741211,70.62471771240234,0.7882153392328006,1045.447509765625,0.07307496666908264,1045.447509765625,0.7882153392328006
2134,20.76361083984375,72.25777435302734,0.8039564586492352,1036.7320556640625,0.07009805738925934,1036.7320556640625,0.8039564586492352
2135,20.796249389648438,71.15291595458984,0.6560648868482631,1059.5252685546875,0.06981424987316132,1059.5252685546875,0.6560648868482631
2136,21.202220916748047,69.03333282470703,0.8138911298052989,1040.4366455078125,0.0616283118724823,1040.4366455078125,0.8138911298052989
2137,20.732778549194336,73.47333526611328,0.788474570223506,1043.233154296875,0.0670093446969986,1043.233154296875,0.788474570223506
2138,20.831388473510742,70.19694519042969,0.8114959050172694,1027.986572265625,0.06845897436141968,1027.986572265625,0.8114959050172694
2139,20.849443435668945,72.11055755615234,0.8189562622778177,1038.845947265625,0.07088072597980499,1038.845947265625,0.8189562622778177
2140,20.897777557373047,71.02278137207031,0.8069137582617019,1025.768310546875,0.06671124696731567,1025.768310546875,0.8069137582617019
2141,20.54083251953125,70.42250061035156,0.800279628649101,1032.1407470703125,0.06881718337535858,1032.1407470703125,0.800279628649101
2142,21.103055953979492,70.6419448852539,0.7890320006499811,1026.4776611328125,0.06344844400882721,1026.4776611328125,0.7890320006499811
2143,20.66611099243164,72.4880599975586,0.8146867376191049,1045.43896484375,0.06612108647823334,1045.43896484375,0.8146867376191049
2144,20.81916618347168,71.73694610595703,0.8160186947684672,1050.3480224609375,0.07321411371231079,1050.3480224609375,0.8160186947684672
2145,20.80666732788086,70.20388793945312,0.8027491420917879,1039.72412109375,0.06523366272449493,1039.72412109375,0.8027491420917879
2146,20.721111297607422,71.07749938964844,0.79275166290594,1032.2430419921875,0.061916425824165344,1032.2430419921875,0.79275166290594
2147,20.855554580688477,70.5647201538086,0.8277435607222274,1035.1798095703125,0.06306938827037811,1035.1798095703125,0.8277435607222274
2148,20.88111114501953,69.4052734375,0.8108388054165883,1035.51611328125,0.06618699431419373,1035.51611328125,0.8108388054165883
2149,20.46416664123535,74.09249877929688,0.830853551144373,1048.6949462890625,0.06684249639511108,1048.6949462890625,0.830853551144373
2150,20.808055877685547,71.06000518798828,0.7888003442708165,1035.421875,0.06823548674583435,1035.421875,0.7888003442708165
2151,21.066389083862305,68.12944030761719,0.8322926413202686,1035.0394287109375,0.06186892092227936,1035.0394287109375,0.8322926413202686
2152,20.73638916015625,71.46722412109375,0.7953891174070054,1032.483642578125,0.065548375248909,1032.483642578125,0.7953891174070054
2153,20.7722225189209,71.5250015258789,0.8217779213635366,1040.475341796875,0.06982459127902985,1040.475341796875,0.8217779213635366
2154,21.042499542236328,69.38472747802734,0.8291313585605996,1044.7662353515625,0.0647670179605484,1044.7662353515625,0.8291313585605996
2155,20.670278549194336,71.48749542236328,0.8191951487263722,1048.081298828125,0.0665615051984787,1048.081298828125,0.8191951487263722
2156,21.033056259155273,69.65833282470703,0.8101146609380014,1026.30517578125,0.06606970727443695,1026.30517578125,0.8101146609380014
2157,20.779722213745117,69.82916259765625,0.7906491038070316,1020.109375,0.06635771691799164,1020.109375,0.7906491038070316
2158,20.502500534057617,71.00555419921875,0.8332183608823228,1032.9549560546875,0.0691458135843277,1032.9549560546875,0.8332183608823228
2159,20.746110916137695,70.80416870117188,0.8289555350840794,1033.58740234375,0.06296172738075256,1033.58740234375,0.8289555350840794
2160,20.9516658782959,69.7027816772461,0.8251574979618853,1035.170166015625,0.06569957733154297,1035.170166015625,0.8251574979618853
2161,20.734722137451172,70.5102767944336,0.8230465526811593,1023.0165405273438,0.06739784777164459,1023.0165405273438,0.8230465526811593
2162,20.712778091430664,70.68193817138672,0.8126876232050375,1029.8482666015625,0.06882500648498535,1029.8482666015625,0.8126876232050375
2163,21.14666748046875,70.6963882446289,0.816672419448631,1025.2669677734375,0.06639489531517029,1025.2669677734375,0.816672419448631
2164,20.9777774810791,70.28138732910156,0.8305096809991109,1030.018798828125,0.06320881843566895,1030.018798828125,0.8305096809991109
2165,20.805831909179688,71.53333282470703,0.8161773805969097,1052.7158203125,0.0672217309474945,1052.7158203125,0.8161773805969097
2166,20.919721603393555,71.81610870361328,0.813590473930693,1038.949462890625,0.06639936566352844,1038.949462890625,0.813590473930693
2167,20.781944274902344,70.90555572509766,0.8241613884029617,1040.8985595703125,0.06884074211120605,1040.8985595703125,0.8241613884029617
2168,20.820833206176758,70.02999877929688,0.8208322898094444,1027.95654296875,0.06513607501983643,1027.95654296875,0.8208322898094444
2169,20.69472312927246,71.25055694580078,0.8065669025923689,1037.71826171875,0.06854233145713806,1037.71826171875,0.8065669025923689
2170,20.865278244018555,70.39971923828125,0.7875806634830281,1040.4588623046875,0.06575833261013031,1040.4588623046875,0.7875806634830281
2171,20.512222290039062,71.10556030273438,0.8007279578004258,1026.06787109375,0.06851649284362793,1026.06787109375,0.8007279578004258
2172,20.57611083984375,72.06083679199219,0.8380010835287193,1040.2701416015625,0.06682634353637695,1040.2701416015625,0.8380010835287193
2173,20.490278244018555,72.16972351074219,0.826417817400808,1033.1357421875,0.06268467009067535,1033.1357421875,0.826417817400808
2174,20.717500686645508,70.90583801269531,0.8344488364305996,1036.1558837890625,0.06002393364906311,1036.1558837890625,0.8344488364305996
2175,20.646665573120117,70.66777801513672,0.8258723748750668,1038.0076904296875,0.06890790164470673,1038.0076904296875,0.8258723748750668
2176,20.72361183166504,73.37889099121094,0.8104749217128548,1036.5091552734375,0.06940345466136932,1036.5091552734375,0.8104749217128548
2177,20.578611373901367,70.93333435058594,0.8072913114592788,1034.2852783203125,0.06223367154598236,1034.2852783203125,0.8072913114592788
2178,20.649444580078125,71.36722564697266,0.811687499688081,1029.4368896484375,0.06798984110355377,1029.4368896484375,0.811687499688081
2179,20.734722137451172,71.44583129882812,0.8130249844653733,1038.3411865234375,0.06202152371406555,1038.3411865234375,0.8130249844653733
2180,20.440000534057617,71.18888854980469,0.825807811544911,1029.57861328125,0.0652700811624527,1029.57861328125,0.825807811544911
2181,20.56805419921875,70.76416778564453,0.82295293540222,1040.2384033203125,0.06926307082176208,1040.2384033203125,0.82295293540222
2182,20.82027816772461,72.1352767944336,0.8202109018725671,1033.6177978515625,0.06531554460525513,1033.6177978515625,0.8202109018725671
2183,20.921112060546875,70.33694458007812,0.815031440737208,1029.9649658203125,0.06441470980644226,1029.9649658203125,0.815031440737208
2184,20.868331909179688,69.30833435058594,0.8090904108370311,1029.80859375,0.06799876689910889,1029.80859375,0.8090904108370311
2185,20.25749969482422,73.2955551147461,0.8125105733756649,1022.4202270507812,0.07278423011302948,1022.4202270507812,0.8125105733756649
2186,20.589723587036133,72.36805725097656,0.833720936320398,1049.1097412109375,0.06620809435844421,1049.1097412109375,0.833720936320398
2187,20.89666748046875,73.31138610839844,0.8086248271646446,1037.5516357421875,0.06495612859725952,1037.5516357421875,0.8086248271646446
2188,20.921388626098633,71.32638549804688,0.8440200795787487,1048.6109619140625,0.0652012974023819,1048.6109619140625,0.8440200795787487
2189,20.746944427490234,71.94667053222656,0.8405593270004417,1044.3914794921875,0.06281977891921997,1044.3914794921875,0.8405593270004417
2190,20.634166717529297,70.8638916015625,0.8353319076059944,1034.2093505859375,0.059614941477775574,1034.2093505859375,0.8353319076059944
2191,20.400278091430664,74.07305908203125,0.8045524553729344,1052.99462890625,0.06650112569332123,1052.99462890625,0.8045524553729344
2192,20.86250114440918,72.16305541992188,0.843091202130183,1050.1898193359375,0.06569091975688934,1050.1898193359375,0.843091202130183
2193,20.3799991607666,72.3699951171875,0.8159706623541347,1036.1041259765625,0.06861279904842377,1036.1041259765625,0.8159706623541347
2194,20.69416618347168,72.32221984863281,0.7977444228146714,1030.599365234375,0.06521517038345337,1030.599365234375,0.7977444228146714
2195,20.845001220703125,71.80111694335938,0.8084978839766149,1042.8468017578125,0.0702018290758133,1042.8468017578125,0.8084978839766149
2196,20.767778396606445,71.33749389648438,0.8070620624483045,1034.094970703125,0.06715446710586548,1034.094970703125,0.8070620624483045
2197,20.724721908569336,72.14582824707031,0.8332856621265177,1052.5125732421875,0.06459753215312958,1052.5125732421875,0.8332856621265177
2198,20.900833129882812,70.81278228759766,0.8094388418403167,1040.71337890625,0.06918583810329437,1040.71337890625,0.8094388418403167
2199,20.745277404785156,70.52222442626953,0.8206938407864061,1042.6776123046875,0.06454749405384064,1042.6776123046875,0.8206938407864061
2200,20.808055877685547,69.44000244140625,0.8071997250161893,1032.6663818359375,0.061661288142204285,1032.6663818359375,0.8071997250161893
2201,20.968889236450195,72.32805633544922,0.823042444122992,1052.0478515625,0.060052961111068726,1052.0478515625,0.823042444122992
2202,20.84722137451172,71.13916778564453,0.806054169823351,1026.6937255859375,0.060964614152908325,1026.6937255859375,0.806054169823351
2203,20.732500076293945,71.3013916015625,0.8216081548302213,1027.9005126953125,0.06683863699436188,1027.9005126953125,0.8216081548302213
2204,20.733888626098633,70.9302749633789,0.8060254209882717,1025.35302734375,0.07015621662139893,1025.35302734375,0.8060254209882717
2205,20.99222183227539,70.4786148071289,0.8110738481808915,1042.1849365234375,0.06162731349468231,1042.1849365234375,0.8110738481808915
2206,20.509723663330078,71.87833404541016,0.8210067240447625,1044.3785400390625,0.06885325908660889,1044.3785400390625,0.8210067240447625
2207,21.03333282470703,70.71444702148438,0.827107196891899,1035.99462890625,0.06515398621559143,1035.99462890625,0.827107196891899
2208,20.43805503845215,72.21111297607422,0.8256360272145747,1024.65771484375,0.07133752107620239,1024.65771484375,0.8256360272145747
2209,20.86888885498047,71.44694519042969,0.8336961475899374,1039.8570556640625,0.060441821813583374,1039.8570556640625,0.8336961475899374
2210,20.925832748413086,72.2330551147461,0.818943209926865,1032.3388671875,0.0685933530330658,1032.3388671875,0.818943209926865
2211,20.645000457763672,72.28111267089844,0.8292221485437553,1026.8885498046875,0.06582097709178925,1026.8885498046875,0.8292221485437553
2212,21.03472137451172,70.64472198486328,0.8110765259710893,1037.6209716796875,0.05902981758117676,1037.6209716796875,0.8110765259710893
2213,20.957778930664062,69.85360717773438,0.8008558148083179,1028.6041259765625,0.06357510387897491,1028.6041259765625,0.8008558148083179
2214,20.811111450195312,71.85417175292969,0.8338123825732172,1049.85888671875,0.06378187239170074,1049.85888671875,0.8338123825732172
2215,21.086944580078125,71.64055633544922,0.8273085186194824,1025.61376953125,0.066330686211586,1025.61376953125,0.8273085186194824
2216,20.697778701782227,71.2347183227539,0.8298224454213954,1043.8182373046875,0.06383153796195984,1043.8182373046875,0.8298224454213954
2217,20.76972198486328,70.73805236816406,0.7985920288310375,1018.0281982421875,0.0701206624507904,1018.0281982421875,0.7985920288310375
2218,20.788055419921875,71.24639129638672,0.8479454803629642,1039.644775390625,0.06789593398571014,1039.644775390625,0.8479454803629642
2219,20.91583251953125,71.91722106933594,0.8409404610881422,1048.4398193359375,0.06176382303237915,1048.4398193359375,0.8409404610881422
2220,20.677499771118164,71.08361053466797,0.8297087080799255,1043.943115234375,0.061774834990501404,1043.943115234375,0.8297087080799255
2221,20.843610763549805,70.054443359375,0.8392409833389163,1015.3255615234375,0.06414088606834412,1015.3255615234375,0.8392409833389163
2222,20.809722900390625,69.68333435058594,0.8412892065408675,1040.5059814453125,0.0595720112323761,1040.5059814453125,0.8412892065408675
2223,20.768054962158203,72.33833312988281,0.8179344387396826,1036.7220458984375,0.06785790622234344,1036.7220458984375,0.8179344387396826
2224,20.400554656982422,71.99861145019531,0.8245693518382772,1014.8157348632812,0.0690915584564209,1014.8157348632812,0.8245693518382772
2225,20.830278396606445,71.14527893066406,0.8296465769413921,1026.9666748046875,0.0664641261100769,1026.9666748046875,0.8296465769413921
2226,20.59583282470703,70.51249694824219,0.8304762591720458,1026.2760009765625,0.0685354620218277,1026.2760009765625,0.8304762591720458
2227,20.83500099182129,70.5986099243164,0.83422258576535,1023.85498046875,0.06165227293968201,1023.85498046875,0.83422258576535
2228,20.42194366455078,70.5455551147461,0.8358583650111565,1013.1491088867188,0.07107436656951904,1013.1491088867188,0.8358583650111565
2229,20.45222282409668,72.28166198730469,0.8409919586996768,1045.9158935546875,0.06586410105228424,1045.9158935546875,0.8409919586996768
2230,20.58305549621582,70.6241683959961,0.8398757253807445,1027.755126953125,0.06757059693336487,1027.755126953125,0.8398757253807445
2231,21.038610458374023,72.77250671386719,0.830460986933154,1054.220458984375,0.06299896538257599,1054.220458984375,0.830460986933154
2232,20.77055549621582,71.69999694824219,0.8327427922065529,1035.459228515625,0.06424841284751892,1035.459228515625,0.8327427922065529
2233,20.39472198486328,71.31805419921875,0.8418732272630232,1035.88916015625,0.0672033280134201,1035.88916015625,0.8418732272630232
2234,20.50555419921875,73.07666778564453,0.8301101873460539,1037.37939453125,0.062159523367881775,1037.37939453125,0.8301101873460539
2235,20.925832748413086,71.38361358642578,0.8169291220083205,1034.660888671875,0.06334029138088226,1034.660888671875,0.8169291220083205
2236,20.226665496826172,70.89527893066406,0.8103096977846507,1045.296875,0.062327831983566284,1045.296875,0.8103096977846507
2237,20.739166259765625,71.06916809082031,0.8185270946533733,1035.3623046875,0.06762021780014038,1035.3623046875,0.8185270946533733
2238,20.40305519104004,70.1772232055664,0.7976928588616252,1019.2546997070312,0.06717322766780853,1019.2546997070312,0.7976928588616252
2239,20.674165725708008,71.991943359375,0.8173061143024005,1031.1781005859375,0.06330342590808868,1031.1781005859375,0.8173061143024005
2240,20.573888778686523,71.41388702392578,0.822214985813679,1032.7025146484375,0.060323670506477356,1032.7025146484375,0.822214985813679
2241,20.56333351135254,71.17444610595703,0.80954464589875,1028.130615234375,0.06395828723907471,1028.130615234375,0.80954464589875
2242,20.387222290039062,72.62250518798828,0.8227746619929766,1036.3411865234375,0.06615887582302094,1036.3411865234375,0.8227746619929766
2243,20.760555267333984,69.75416564941406,0.8213532415308902,1050.7900390625,0.05897502601146698,1050.7900390625,0.8213532415308902
2244,20.70027732849121,70.54611206054688,0.8146928498354266,1050.2781982421875,0.060671523213386536,1050.2781982421875,0.8146928498354266
2245,20.591943740844727,70.85000610351562,0.8379068868640251,1029.4202880859375,0.06659577786922455,1029.4202880859375,0.8379068868640251
2246,20.919166564941406,71.24500274658203,0.8291165415339066,1037.960693359375,0.05976004898548126,1037.960693359375,0.8291165415339066
2247,20.79777717590332,71.48666381835938,0.8153515138912945,1037.7283935546875,0.06071360409259796,1037.7283935546875,0.8153515138912945
2248,20.634443283081055,71.76944732666016,0.807953458571232,1028.570556640625,0.06491398811340332,1028.570556640625,0.807953458571232
2249,20.905832290649414,71.67250061035156,0.8268825859843507,1036.1771240234375,0.06303240358829498,1036.1771240234375,0.8268825859843507
2250,20.523054122924805,71.22250366210938,0.8293845710023889,1041.5015869140625,0.06573714315891266,1041.5015869140625,0.8293845710023889
2251,20.234722137451172,71.44444274902344,0.8214148181760723,1033.1566162109375,0.07077890634536743,1033.1566162109375,0.8214148181760723
2252,20.82111167907715,70.47055053710938,0.8115215442761302,1027.4434814453125,0.06517256796360016,1027.4434814453125,0.8115215442761302
2253,20.73750114440918,71.86860656738281,0.8407758935677894,1029.5115966796875,0.05967523157596588,1029.5115966796875,0.8407758935677894
2254,20.467777252197266,74.20027923583984,0.8240525693707591,1036.491455078125,0.06877829134464264,1036.491455078125,0.8240525693707591
2255,20.56333351135254,70.1772232055664,0.8117688428031188,1029.4703369140625,0.06093323230743408,1029.4703369140625,0.8117688428031188
2256,20.845001220703125,70.66139221191406,0.8123138290671968,1038.3916015625,0.061040639877319336,1038.3916015625,0.8123138290671968
2257,20.566665649414062,72.0133285522461,0.8301208397604053,1034.7412109375,0.06345191597938538,1034.7412109375,0.8301208397604053
2258,20.648611068725586,73.6441650390625,0.8370139268891217,1035.80126953125,0.06432589888572693,1035.80126953125,0.8370139268891217
2259,20.72083282470703,71.30194091796875,0.8220722011045809,1025.587646484375,0.06291629374027252,1025.587646484375,0.8220722011045809
2260,20.535554885864258,70.39888763427734,0.8148615614660691,1038.563720703125,0.06205137073993683,1038.563720703125,0.8148615614660691
2261,20.36861228942871,71.30610656738281,0.8177927382272473,1023.4620361328125,0.06786178052425385,1023.4620361328125,0.8177927382272473
2262,20.613889694213867,70.84000396728516,0.8365324485238451,1022.73486328125,0.06763476133346558,1022.73486328125,0.8365324485238451
2263,20.781389236450195,71.3772201538086,0.8221692183161584,1029.045654296875,0.06310489773750305,1029.045654296875,0.8221692183161584
2264,20.636943817138672,70.4241714477539,0.8383560940727487,1036.7413330078125,0.05824625492095947,1036.7413330078125,0.8383560940727487
2265,20.45777702331543,71.53333282470703,0.8313824086420882,1022.2516479492188,0.06326332688331604,1022.2516479492188,0.8313824086420882
2266,20.45027732849121,72.48111724853516,0.8409444887662646,1024.779541015625,0.06420567631721497,1024.779541015625,0.8409444887662646
2267,20.723054885864258,68.79444885253906,0.8035918060097471,1030.459716796875,0.06614506244659424,1030.459716796875,0.8035918060097471
2268,20.462499618530273,71.61833190917969,0.8092726848675904,1012.8434448242188,0.06654568016529083,1012.8434448242188,0.8092726848675904
2269,20.48750114440918,70.33139038085938,0.8233260679038754,1036.7691650390625,0.06558504700660706,1036.7691650390625,0.8233260679038754
2270,20.7641658782959,70.89166259765625,0.8226217022497275,1028.9324951171875,0.062305331230163574,1028.9324951171875,0.8226217022497275
2271,20.84666633605957,71.60778045654297,0.8111800856272084,1023.9754638671875,0.06214055418968201,1023.9754638671875,0.8111800856272084
2272,20.502222061157227,69.69083404541016,0.8311560024215121,1015.1729125976562,0.06848801672458649,1015.1729125976562,0.8311560024215121
2273,20.973054885864258,72.25527954101562,0.7986666416697215,1038.8812255859375,0.06704434752464294,1038.8812255859375,0.7986666416697215
2274,20.70083236694336,71.85055541992188,0.8443639263501799,1027.5252685546875,0.06339865922927856,1027.5252685546875,0.8443639263501799
2275,20.70194435119629,70.1875,0.8278277356310142,1033.1944580078125,0.0630568265914917,1033.1944580078125,0.8278277356310142
2276,20.545833587646484,70.71527862548828,0.8401663159238363,1021.7686157226562,0.06781072914600372,1021.7686157226562,0.8401663159238363
2277,20.661388397216797,71.429443359375,0.8343483144930999,1034.8868408203125,0.06215466558933258,1034.8868408203125,0.8343483144930999
2278,20.52694320678711,71.67222595214844,0.8315221377777486,1028.751708984375,0.06976760923862457,1028.751708984375,0.8315221377777486
2279,21.014999389648438,69.12055969238281,0.8202689948811461,1033.435546875,0.063784658908844,1033.435546875,0.8202689948811461
2280,20.70777702331543,70.68250274658203,0.8335556734590586,1033.2276611328125,0.06430394947528839,1033.2276611328125,0.8335556734590586
2281,20.558889389038086,71.46638488769531,0.8235824673648293,1021.8264770507812,0.06037694215774536,1021.8264770507812,0.8235824673648293
2282,20.768333435058594,71.20944213867188,0.8348952507740692,1041.03076171875,0.06469540297985077,1041.03076171875,0.8348952507740692
2283,20.44361114501953,72.68000030517578,0.8241890823517037,1025.717529296875,0.06611283123493195,1025.717529296875,0.8241890823517037
2284,20.640277862548828,71.06861114501953,0.8411796737762877,1018.4266357421875,0.06523716449737549,1018.4266357421875,0.8411796737762877
2285,20.58222198486328,71.27388763427734,0.8155707628841636,1014.3456420898438,0.06289322674274445,1014.3456420898438,0.8155707628841636
2286,20.575000762939453,70.38360595703125,0.8329053707787399,1039.9998779296875,0.06157319247722626,1039.9998779296875,0.8329053707787399
2287,20.608333587646484,70.78417205810547,0.8428209164060738,1039.4193115234375,0.06100042164325714,1039.4193115234375,0.8428209164060738
2288,20.238887786865234,73.20861053466797,0.8062538190585761,1031.516845703125,0.06795743107795715,1031.516845703125,0.8062538190585761
2289,20.13972282409668,70.74417114257812,0.8378791594032308,1022.7320556640625,0.06459209322929382,1022.7320556640625,0.8378791594032308
2290,20.46555519104004,71.10360717773438,0.8477606585890607,1034.5693359375,0.06259769201278687,1034.5693359375,0.8477606585890607
2291,20.373334884643555,72.26555633544922,0.8506907094275293,1023.7947998046875,0.06310401856899261,1023.7947998046875,0.8506907094275293
2292,20.41555404663086,70.49916076660156,0.8354112747372939,1041.89453125,0.06459835171699524,1041.89453125,0.8354112747372939
2293,20.477222442626953,71.72972106933594,0.8532146227094486,1035.6800537109375,0.06400343775749207,1035.6800537109375,0.8532146227094486
2294,20.461389541625977,72.33444213867188,0.8272988540099561,1038.508544921875,0.06663143634796143,1038.508544921875,0.8272988540099561
2295,20.19416618347168,72.47138977050781,0.8281594814054992,1027.4937744140625,0.06625005602836609,1027.4937744140625,0.8281594814054992
2296,20.233612060546875,71.20166778564453,0.8403241232957193,1020.3610229492188,0.06519995629787445,1020.3610229492188,0.8403241232957193
2297,20.547222137451172,68.25167083740234,0.8221606388518814,1036.047119140625,0.062074705958366394,1036.047119140625,0.8221606388518814
2298,20.65916633605957,70.77027893066406,0.8378329909009934,1037.5465087890625,0.058932214975357056,1037.5465087890625,0.8378329909009934
2299,20.295833587646484,72.57305145263672,0.861743084929578,1050.7095947265625,0.06327305734157562,1050.7095947265625,0.861743084929578
2300,20.429443359375,70.84000396728516,0.8483860948337087,1035.0909423828125,0.05979922413825989,1035.0909423828125,0.8483860948337087
2301,20.174165725708008,72.08833312988281,0.8473400970339118,1037.01025390625,0.06777572631835938,1037.01025390625,0.8473400970339118
2302,20.408334732055664,71.51055145263672,0.8402797550833246,1032.476806640625,0.06128513813018799,1032.476806640625,0.8402797550833246
2303,20.502222061157227,71.10000610351562,0.8452227580514631,1028.302001953125,0.06094363331794739,1028.302001953125,0.8452227580514631
2304,20.621944427490234,71.4405517578125,0.8205473119956428,1028.442626953125,0.0617927610874176,1028.442626953125,0.8205473119956428
2305,20.6825008392334,70.12694549560547,0.8311281022157486,1027.3876953125,0.06581619381904602,1027.3876953125,0.8311281022157486
2306,20.47194480895996,71.79972076416016,0.8352877579510962,1036.699462890625,0.06250901520252228,1036.699462890625,0.8352877579510962
2307,20.356388092041016,70.91000366210938,0.8457705243017944,1034.9248046875,0.06287933886051178,1034.9248046875,0.8457705243017944
2308,20.67277717590332,70.97193908691406,0.8199663023299664,1038.408203125,0.06156536936759949,1038.408203125,0.8199663023299664
2309,20.452499389648438,71.47055053710938,0.8139095382291359,1021.826416015625,0.0661400556564331,1021.826416015625,0.8139095382291359
2310,20.811389923095703,70.78083038330078,0.8316884804490191,1039.6339111328125,0.06201954185962677,1039.6339111328125,0.8316884804490191
2311,20.31138801574707,71.94999694824219,0.8294097067195727,1033.50634765625,0.06383651494979858,1033.50634765625,0.8294097067195727
2312,20.633333206176758,70.88194274902344,0.8496354838120178,1033.5457763671875,0.05971789360046387,1033.5457763671875,0.8496354838120178
2313,20.3558349609375,73.10416412353516,0.8405811020934739,1038.19091796875,0.06010951101779938,1038.19091796875,0.8405811020934739
2314,20.31361198425293,70.77888488769531,0.8308857462333121,1016.9454956054688,0.06633153557777405,1016.9454956054688,0.8308857462333121
2315,20.254444122314453,73.57749938964844,0.83992026496667,1033.447509765625,0.06313319504261017,1033.447509765625,0.83992026496667
2316,20.480554580688477,70.39444732666016,0.8315996608818202,1026.7413330078125,0.06474928557872772,1026.7413330078125,0.8315996608818202
2317,20.459165573120117,70.95027923583984,0.835321733718285,1031.1552734375,0.06161592900753021,1031.1552734375,0.835321733718285
2318,20.822778701782227,72.60416412353516,0.8342124502106328,1031.1217041015625,0.06011500954627991,1031.1217041015625,0.8342124502106328
2319,20.442222595214844,72.66471862792969,0.8514790207277099,1026.5330810546875,0.06472183763980865,1026.5330810546875,0.8514790207277099
2320,20.968889236450195,71.79472351074219,0.8213196179071502,1033.646484375,0.059186533093452454,1033.646484375,0.8213196179071502
2321,20.785554885864258,71.8125,0.8185784082463843,1028.2884521484375,0.06282272934913635,1028.2884521484375,0.8185784082463843
2322,20.39083480834961,71.3963851928711,0.844161261597018,1031.3837890625,0.06802916526794434,1031.3837890625,0.844161261597018
2323,20.672222137451172,71.63944244384766,0.8329392804005646,1040.3087158203125,0.05877065658569336,1040.3087158203125,0.8329392804005646
2324,20.711111068725586,72.63944244384766,0.8569384727955425,1042.102783203125,0.06049935519695282,1042.102783203125,0.8569384727955425
2325,20.953611373901367,70.32666778564453,0.824503082138511,1037.212158203125,0.05861184000968933,1037.212158203125,0.824503082138511
2326,20.41666603088379,71.02194213867188,0.8190189634925855,1036.8175048828125,0.06139172613620758,1036.8175048828125,0.8190189634925855
2327,20.56861114501953,71.35944366455078,0.8219723039413296,1029.8460693359375,0.06189832091331482,1029.8460693359375,0.8219723039413296
2328,20.380834579467773,71.83499908447266,0.8380358890488174,1027.591796875,0.06092754006385803,1027.591796875,0.8380358890488174
2329,20.330833435058594,73.06277465820312,0.8393040093447922,1028.433837890625,0.06623825430870056,1028.433837890625,0.8393040093447922
2330,20.420276641845703,72.10443878173828,0.8401757269598205,1027.322998046875,0.06488503515720367,1027.322998046875,0.8401757269598205
2331,20.407222747802734,71.13999938964844,0.8263361334471163,1024.5950927734375,0.059541359543800354,1024.5950927734375,0.8263361334471163
2332,20.698333740234375,71.93695068359375,0.8280559689081843,1054.79052734375,0.06488187611103058,1054.79052734375,0.8280559689081843
2333,20.6119441986084,70.51222229003906,0.8322932459231552,1021.8157348632812,0.0649072527885437,1021.8157348632812,0.8322932459231552
2334,20.693889617919922,70.41527557373047,0.8214444321574059,1036.66455078125,0.06180600821971893,1036.66455078125,0.8214444321574059
2335,20.64555549621582,71.7380599975586,0.8104665259655295,1018.6126098632812,0.06481063365936279,1018.6126098632812,0.8104665259655295
2336,20.914722442626953,70.10138702392578,0.8337289809916555,1037.626220703125,0.06485588848590851,1037.626220703125,0.8337289809916555
2337,20.724443435668945,73.39500427246094,0.8243834205793609,1031.759521484375,0.06622003018856049,1031.759521484375,0.8243834205793609
2338,20.46611213684082,71.78333282470703,0.8417405901673921,1022.4553833007812,0.06427136063575745,1022.4553833007812,0.8417405901673921
2339,20.30638885498047,70.90888977050781,0.830669287699157,1021.5072021484375,0.0630488246679306,1021.5072021484375,0.830669287699157
2340,20.490554809570312,70.03499603271484,0.8489623245682525,1017.07470703125,0.0625147670507431,1017.07470703125,0.8489623245682525
2341,20.698055267333984,70.86805725097656,0.8147376710380997,1012.1403198242188,0.06283365190029144,1012.1403198242188,0.8147376710380997
2342,20.779443740844727,72.4044418334961,0.8000704366361293,1025.625244140625,0.06135763227939606,1025.625244140625,0.8000704366361293
2343,20.683332443237305,72.1513900756836,0.8425094345274722,1032.875,0.06331363320350647,1032.875,0.8425094345274722
2344,20.829166412353516,69.78111267089844,0.8117360008943535,1034.1986083984375,0.058865636587142944,1034.1986083984375,0.8117360008943535
2345,21.35249900817871,69.5824966430664,0.8234809879058195,1042.496337890625,0.05948902666568756,1042.496337890625,0.8234809879058195
2346,20.74388885498047,70.80194091796875,0.8210023043582442,1018.8507080078125,0.06019330024719238,1018.8507080078125,0.8210023043582442
2347,20.42888832092285,70.17111206054688,0.835785200426337,1012.20849609375,0.06521223485469818,1012.20849609375,0.835785200426337
2348,20.431665420532227,71.89582824707031,0.847717206905105,1030.5716552734375,0.06381772458553314,1030.5716552734375,0.847717206905105
2349,20.87555503845215,71.71583557128906,0.8216267607280461,1028.50537109375,0.060473740100860596,1028.50537109375,0.8216267607280461
2350,20.452777862548828,72.2874984741211,0.822815757059721,1017.0099487304688,0.06549432873725891,1017.0099487304688,0.822815757059721
2351,20.697500228881836,70.84416961669922,0.8415174851676019,1031.6015625,0.0623943954706192,1031.6015625,0.8415174851676019
2352,20.481388092041016,72.42916870117188,0.8255977682056828,1031.2852783203125,0.06381820142269135,1031.2852783203125,0.8255977682056828
2353,20.241666793823242,71.73583221435547,0.8262043373359582,1025.568359375,0.06554695963859558,1025.568359375,0.8262043373359582
2354,20.4777774810791,71.79000091552734,0.8151551612325272,1042.9952392578125,0.060832783579826355,1042.9952392578125,0.8151551612325272
2355,20.399166107177734,70.94667053222656,0.8212653103931652,1021.3030395507812,0.0632719099521637,1021.3030395507812,0.8212653103931652
2356,20.852222442626953,71.0955581665039,0.8278237871382441,1024.0570068359375,0.062030091881752014,1024.0570068359375,0.8278237871382441
2357,20.786943435668945,71.40416717529297,0.8090175254389218,1025.47021484375,0.05658590793609619,1025.47021484375,0.8090175254389218
2358,20.496110916137695,72.10083770751953,0.8306686040140634,1029.495361328125,0.0686904788017273,1029.495361328125,0.8306686040140634
2359,20.609722137451172,73.2638931274414,0.8199385090617166,1030.2177734375,0.06466777622699738,1030.2177734375,0.8199385090617166
2360,20.342777252197266,71.91944885253906,0.8368414379073204,1038.186279296875,0.06518293917179108,1038.186279296875,0.8368414379073204
2361,20.405000686645508,72.19499969482422,0.817701637998532,1015.272705078125,0.06547492742538452,1015.272705078125,0.817701637998532
2362,20.176387786865234,70.97555541992188,0.8176819677922038,1023.2531127929688,0.06672626733779907,1023.2531127929688,0.8176819677922038
2363,20.486665725708008,70.9830551147461,0.8100181366770217,1041.6241455078125,0.056837305426597595,1041.6241455078125,0.8100181366770217
2364,20.73138999938965,70.55638885498047,0.8286165756127968,1031.6634521484375,0.0582609623670578,1031.6634521484375,0.8286165756127968
2365,20.705554962158203,71.01250457763672,0.8355405415913479,1039.5760498046875,0.05716484785079956,1039.5760498046875,0.8355405415913479
2366,21.41611099243164,70.44194030761719,0.8256391629288093,1046.352294921875,0.05961412191390991,1046.352294921875,0.8256391629288093
2367,20.52138900756836,71.31222534179688,0.8265397189159162,1020.34228515625,0.0625387579202652,1020.34228515625,0.8265397189159162
2368,20.805831909179688,70.5088882446289,0.8238532518427717,1020.2080688476562,0.06280852854251862,1020.2080688476562,0.8238532518427717
2369,20.718889236450195,72.56694793701172,0.8068628654614767,1045.31201171875,0.06417673826217651,1045.31201171875,0.8068628654614767
2370,20.48833465576172,71.20722198486328,0.8252428450599958,1029.0345458984375,0.05890539288520813,1029.0345458984375,0.8252428450599958
2371,20.628334045410156,71.49833679199219,0.821549033016344,1029.9974365234375,0.0607869029045105,1029.9974365234375,0.821549033016344
2372,20.606111526489258,70.48833465576172,0.8424242039788679,1032.71875,0.06097094714641571,1032.71875,0.8424242039788679
2373,20.4727783203125,71.4588851928711,0.8270695734235851,1027.2969970703125,0.06088028848171234,1027.2969970703125,0.8270695734235851
2374,20.58916664123535,71.9272232055664,0.8327285528472678,1036.388427734375,0.06418131291866302,1036.388427734375,0.8327285528472678
2375,20.415000915527344,71.87027740478516,0.8254955501495093,1021.5234985351562,0.06521521508693695,1021.5234985351562,0.8254955501495093
2376,20.210834503173828,73.37667083740234,0.8370547353144147,1030.9306640625,0.06874202191829681,1030.9306640625,0.8370547353144147
2377,20.683889389038086,71.95305633544922,0.8180035191964155,1029.568603515625,0.05917954444885254,1029.568603515625,0.8180035191964155
2378,20.600000381469727,71.2347183227539,0.8440765926178155,1025.1383056640625,0.05995894968509674,1025.1383056640625,0.8440765926178155
2379,20.908056259155273,72.32611083984375,0.8109564478146892,1018.2000732421875,0.06367681920528412,1018.2000732421875,0.8109564478146892
2380,20.63194465637207,71.53194427490234,0.8154076270730859,1022.330078125,0.05697977542877197,1022.330078125,0.8154076270730859
2381,20.63944435119629,72.36277770996094,0.835896648847301,1028.2584228515625,0.06680206954479218,1028.2584228515625,0.835896648847301
2382,20.330554962158203,71.90916442871094,0.8207454066480341,1024.7459716796875,0.06651011109352112,1024.7459716796875,0.8207454066480341
2383,20.635000228881836,70.46277618408203,0.832750057760161,1028.5751953125,0.05841439962387085,1028.5751953125,0.832750057760161
2384,21.102222442626953,71.68277740478516,0.8266606838096614,1026.169921875,0.06098659336566925,1026.169921875,0.8266606838096614
2385,20.546667098999023,71.02972412109375,0.8377469130923088,1032.2252197265625,0.05754055082798004,1032.2252197265625,0.8377469130923088
2386,20.56361198425293,72.82555389404297,0.8327308453384545,1028.630859375,0.06502333283424377,1028.630859375,0.8327308453384545
2387,20.455554962158203,70.85139465332031,0.8479007919953928,1039.7384033203125,0.058373793959617615,1039.7384033203125,0.8479007919953928
2388,20.469722747802734,72.43860626220703,0.8276602461463736,1036.8665771484375,0.06403987109661102,1036.8665771484375,0.8276602461463736
2389,20.329166412353516,70.91416931152344,0.8355477391451878,1025.4749755859375,0.06193295121192932,1025.4749755859375,0.8355477391451878
2390,20.606666564941406,70.19889068603516,0.8156936958926212,1026.5057373046875,0.059542641043663025,1026.5057373046875,0.8156936958926212
2391,20.668054580688477,71.26944732666016,0.8187364653097232,1032.3961181640625,0.06246531009674072,1032.3961181640625,0.8187364653097232
2392,20.68000030517578,73.10832977294922,0.8376386404215159,1028.2393798828125,0.06489451229572296,1028.2393798828125,0.8376386404215159
2393,20.503055572509766,71.76583099365234,0.8193747125752204,1037.2015380859375,0.05954088270664215,1037.2015380859375,0.8193747125752204
2394,20.36138916015625,72.02527618408203,0.8241471501530512,1023.5205688476562,0.060317158699035645,1023.5205688476562,0.8241471501530512
2395,20.419445037841797,72.64749908447266,0.8153510830227123,1018.8935546875,0.06962163746356964,1018.8935546875,0.8153510830227123
2396,20.41083335876465,70.80583190917969,0.823724022362765,1027.94970703125,0.059973642230033875,1027.94970703125,0.823724022362765
2397,20.7630558013916,70.31722259521484,0.8451612229400127,1036.92529296875,0.06163693964481354,1036.92529296875,0.8451612229400127
2398,20.677499771118164,71.65166473388672,0.821639335837502,1033.768310546875,0.061419904232025146,1033.768310546875,0.821639335837502
2399,20.482500076293945,72.35083770751953,0.8472374920294595,1037.4783935546875,0.05874393880367279,1037.4783935546875,0.8472374920294595
2400,20.608055114746094,71.17694854736328,0.8283642264919127,1035.8309326171875,0.06290172040462494,1035.8309326171875,0.8283642264919127
2401,20.578332901000977,72.65888977050781,0.8363279684173464,1032.3729248046875,0.05957874655723572,1032.3729248046875,0.8363279684173464
2402,20.56333351135254,71.71749877929688,0.6634503735617021,1057.17529296875,0.058628857135772705,1057.17529296875,0.6634503735617021
2403,20.915000915527344,69.88638305664062,0.8152223089878536,1034.145263671875,0.05914340913295746,1034.145263671875,0.8152223089878536
2404,20.710556030273438,74.00194549560547,0.8090555445364696,1048.2999267578125,0.06499707698822021,1048.2999267578125,0.8090555445364696
2405,20.386112213134766,71.11360931396484,0.8245249867397045,1024.8431396484375,0.06418152153491974,1024.8431396484375,0.8245249867397045
2406,20.623889923095703,73.15083312988281,0.8420175830989959,1039.60791015625,0.06237530708312988,1039.60791015625,0.8420175830989959
2407,20.61777687072754,71.93944549560547,0.8341658880830992,1026.393310546875,0.060991257429122925,1026.393310546875,0.8341658880830992
2408,20.310834884643555,71.334716796875,0.8010141028868306,1030.9918212890625,0.06258563697338104,1030.9918212890625,0.8010141028868306
2409,20.74222183227539,71.60333251953125,0.8151448292220497,1020.6021728515625,0.060508787631988525,1020.6021728515625,0.8151448292220497
2410,20.446388244628906,73.57305145263672,0.8326753592206559,1045.8687744140625,0.05804085731506348,1045.8687744140625,0.8326753592206559
2411,20.47249984741211,72.7691650390625,0.8244394586723665,1048.1199951171875,0.0631243884563446,1048.1199951171875,0.8244394586723665
2412,20.388334274291992,71.30833435058594,0.8409735727245242,1038.291015625,0.05999140441417694,1038.291015625,0.8409735727245242
2413,20.336389541625977,72.34444427490234,0.8280985586146966,1034.7125244140625,0.0605979859828949,1034.7125244140625,0.8280985586146966
2414,20.569442749023438,71.86582946777344,0.8281172939616143,1039.061279296875,0.056331172585487366,1039.061279296875,0.8281172939616143
2415,20.502777099609375,70.93638610839844,0.8269847590924402,1025.311279296875,0.06295660138130188,1025.311279296875,0.8269847590924402
2416,20.36888885498047,75.1675033569336,0.8362750418105138,1047.34423828125,0.06096988916397095,1047.34423828125,0.8362750418105138
2417,20.411388397216797,72.38916778564453,0.8220096242803333,1038.150634765625,0.06532648205757141,1038.150634765625,0.8220096242803333
2418,20.77666664123535,69.65638732910156,0.8393441649473035,1034.8321533203125,0.0555332750082016,1034.8321533203125,0.8393441649473035
2419,20.310834884643555,72.7652816772461,0.8440310882419648,1032.611328125,0.06170031428337097,1032.611328125,0.8440310882419648
2420,20.440834045410156,73.18860626220703,0.838733464705608,1043.2711181640625,0.06203275918960571,1043.2711181640625,0.838733464705608
2421,20.66583251953125,71.06749725341797,0.8502386473299246,1046.7669677734375,0.06048929691314697,1046.7669677734375,0.8502386473299246
2422,20.421388626098633,72.945556640625,0.8427218361518929,1054.768310546875,0.06528531014919281,1054.768310546875,0.8427218361518929
2423,20.608055114746094,71.2588882446289,0.8508890463319879,1031.0643310546875,0.06069420278072357,1031.0643310546875,0.8508890463319879
2424,20.540000915527344,71.31861114501953,0.8346135665351796,1023.971923828125,0.0646953135728836,1023.971923828125,0.8346135665351796
2425,20.38055419921875,72.82027435302734,0.8465602762647333,1039.786376953125,0.06078764796257019,1039.786376953125,0.8465602762647333
2426,20.58333396911621,72.5,0.839291709524825,1041.44189453125,0.05864962935447693,1041.44189453125,0.839291709524825
2427,20.717500686645508,71.30777740478516,0.8584978305023951,1036.58056640625,0.058111026883125305,1036.58056640625,0.8584978305023951
2428,20.55638885498047,72.04972839355469,0.847197983242166,1026.575439453125,0.06455264985561371,1026.575439453125,0.847197983242166
2429,20.344722747802734,71.97083282470703,0.8389466203815588,1042.94921875,0.0622270405292511,1042.94921875,0.8389466203815588
2430,20.868610382080078,72.10639190673828,0.8228658370060745,1028.81591796875,0.0634763240814209,1028.81591796875,0.8228658370060745
2431,20.605554580688477,71.72805786132812,0.8473597504351895,1032.210693359375,0.059126779437065125,1032.210693359375,0.8473597504351895
2432,20.78305435180664,72.93555450439453,0.8402696248458201,1052.6549072265625,0.06079256534576416,1052.6549072265625,0.8402696248458201
2433,20.630001068115234,73.11555480957031,0.8437150445070549,1045.83154296875,0.06158347427845001,1045.83154296875,0.8437150445070549
2434,20.551389694213867,72.179443359375,0.8599221231883689,1043.5045166015625,0.06036214530467987,1043.5045166015625,0.8599221231883689
2435,20.503055572509766,71.46417236328125,0.8332504993326506,1028.7877197265625,0.05799219012260437,1028.7877197265625,0.8332504993326506
2436,20.51361083984375,72.4749984741211,0.8452936178527846,1039.115234375,0.05884349346160889,1039.115234375,0.8452936178527846
2437,20.445554733276367,71.59083557128906,0.8342970705515542,1043.328369140625,0.061167389154434204,1043.328369140625,0.8342970705515542
2438,20.525278091430664,72.35527801513672,0.8374164881110026,1026.0848388671875,0.06062474846839905,1026.0848388671875,0.8374164881110026
2439,20.413888931274414,73.18277740478516,0.8730006181128488,1045.2232666015625,0.05991064012050629,1045.2232666015625,0.8730006181128488
2440,20.35444450378418,73.37361145019531,0.8543609187093049,1036.0274658203125,0.06193636357784271,1036.0274658203125,0.8543609187093049
2441,20.615554809570312,72.19528198242188,0.8282197307338107,1040.1943359375,0.058781400322914124,1040.1943359375,0.8282197307338107
2442,20.34749984741211,71.98555755615234,0.8253718172478457,1036.2940673828125,0.05992044508457184,1036.2940673828125,0.8253718172478457
2443,20.616111755371094,74.41222381591797,0.8408968127044498,1040.131103515625,0.058336690068244934,1040.131103515625,0.8408968127044498
2444,20.558055877685547,72.00582885742188,0.8201339585166657,1037.9910888671875,0.05971892178058624,1037.9910888671875,0.8201339585166657
2445,20.531389236450195,72.65111541748047,0.8302930722354442,1035.88525390625,0.06224735081195831,1035.88525390625,0.8302930722354442
2446,20.32027816772461,72.45305633544922,0.8365070352566671,1038.540771484375,0.05440722405910492,1038.540771484375,0.8365070352566671
2447,20.408611297607422,72.1624984741211,0.8416291318877254,1035.6048583984375,0.06177164614200592,1035.6048583984375,0.8416291318877254
2448,20.494443893432617,71.85222625732422,0.8507050010001114,1044.018310546875,0.05999135971069336,1044.018310546875,0.8507050010001114
2449,20.579999923706055,73.07361602783203,0.8370919225355302,1035.70458984375,0.060210466384887695,1035.70458984375,0.8370919225355302
2450,20.795278549194336,71.33805847167969,0.8423507117651912,1032.1512451171875,0.06146852672100067,1032.1512451171875,0.8423507117651912
2451,20.400278091430664,70.4463882446289,0.8197967999117145,1033.785400390625,0.0606488436460495,1033.785400390625,0.8197967999117145
2452,20.252777099609375,74.0344467163086,0.838765510992992,1026.115234375,0.06464342772960663,1026.115234375,0.838765510992992
2453,20.315555572509766,73.27027893066406,0.8465922697498371,1046.67529296875,0.05805414915084839,1046.67529296875,0.8465922697498371
2454,20.578611373901367,74.22027587890625,0.8178792147717496,1043.016845703125,0.058798521757125854,1043.016845703125,0.8178792147717496
2455,20.441110610961914,72.19721984863281,0.8582220745360046,1052.837890625,0.05851593613624573,1052.837890625,0.8582220745360046
2456,20.421112060546875,72.6191635131836,0.8442371975571222,1045.845703125,0.06017430126667023,1045.845703125,0.8442371975571222
2457,20.345277786254883,71.52527618408203,0.8385047937739336,1038.32421875,0.058371275663375854,1038.32421875,0.8385047937739336
2458,20.123611450195312,74.74666595458984,0.8451010320844914,1055.780029296875,0.06197956204414368,1055.780029296875,0.8451010320844914
2459,20.5625,73.05472564697266,0.8421575942573506,1048.1448974609375,0.06131194531917572,1048.1448974609375,0.8421575942573506
2460,19.93805694580078,73.04972076416016,0.8377095215906482,1036.960693359375,0.06373409926891327,1036.960693359375,0.8377095215906482
2461,20.204444885253906,72.96222686767578,0.828739532470993,1036.8896484375,0.06133343279361725,1036.8896484375,0.828739532470993
2462,20.640832901000977,72.70277404785156,0.8416775794404936,1049.135986328125,0.05850228667259216,1049.135986328125,0.8416775794404936
2463,20.51388931274414,72.32695007324219,0.8346583602008623,1041.7650146484375,0.05944383144378662,1041.7650146484375,0.8346583602008623
2464,20.699443817138672,73.09806060791016,0.8460698006070644,1059.89990234375,0.05882829427719116,1059.89990234375,0.8460698006070644
2465,20.5141658782959,71.54083251953125,0.8430531928567557,1047.225341796875,0.05570018291473389,1047.225341796875,0.8430531928567557
2466,20.453887939453125,71.47472381591797,0.8429999890833444,1050.558837890625,0.05991630256175995,1050.558837890625,0.8429999890833444
2467,20.420555114746094,70.4405517578125,0.8378616622395558,1037.78955078125,0.06008467078208923,1037.78955078125,0.8378616622395558
2468,20.578332901000977,72.91860961914062,0.8272862993252719,1060.8243408203125,0.05712763965129852,1060.8243408203125,0.8272862993252719
2469,20.71527862548828,71.77194213867188,0.8398379934666604,1037.35546875,0.06019215285778046,1037.35546875,0.8398379934666604
2470,20.439722061157227,72.19416809082031,0.8350467892852833,1036.8021240234375,0.06459216773509979,1036.8021240234375,0.8350467892852833
2471,20.556665420532227,71.97166442871094,0.8382864452619119,1029.238037109375,0.05967731773853302,1029.238037109375,0.8382864452619119
2472,20.899721145629883,71.5374984741211,0.849432475372018,1046.6197509765625,0.05722403526306152,1046.6197509765625,0.849432475372018
2473,20.227222442626953,73.02528381347656,0.8326694655325539,1045.392333984375,0.06345506012439728,1045.392333984375,0.8326694655325539
2474,20.895832061767578,71.625,0.8335410575413198,1038.8355712890625,0.057039543986320496,1038.8355712890625,0.8335410575413198
2475,20.35527801513672,73.0655517578125,0.816157561059393,1029.4813232421875,0.06270526349544525,1029.4813232421875,0.816157561059393
2476,20.782222747802734,72.5250015258789,0.8259500435401352,1041.7425537109375,0.057516008615493774,1041.7425537109375,0.8259500435401352
2477,20.742778778076172,73.42305755615234,0.8359412718104487,1036.9039306640625,0.06329602003097534,1036.9039306640625,0.8359412718104487
2478,20.54166603088379,73.29110717773438,0.8518222885802307,1032.7069091796875,0.06183899939060211,1032.7069091796875,0.8518222885802307
2479,20.767221450805664,71.5808334350586,0.8511654510964272,1036.4534912109375,0.055643096566200256,1036.4534912109375,0.8511654510964272
2480,20.872501373291016,70.93555450439453,0.8303710685766321,1032.631591796875,0.060130953788757324,1032.631591796875,0.8303710685766321
2481,20.67305564880371,73.21277618408203,0.8536889541398923,1056.6212158203125,0.05815818905830383,1056.6212158203125,0.8536889541398923
2482,21.371387481689453,73.1683349609375,0.8349319113698538,1047.7852783203125,0.061164841055870056,1047.7852783203125,0.8349319113698538
2483,20.414443969726562,72.48416900634766,0.8448723644594187,1053.8277587890625,0.057799533009529114,1053.8277587890625,0.8448723644594187
2484,20.734167098999023,71.95361328125,0.8344430584969784,1024.6568603515625,0.060399532318115234,1024.6568603515625,0.8344430584969784
2485,20.531110763549805,72.64305114746094,0.8540775817232423,1043.78857421875,0.06360410153865814,1043.78857421875,0.8540775817232423
2486,20.906110763549805,73.58055877685547,0.853830864232423,1059.825439453125,0.06151564419269562,1059.825439453125,0.853830864232423
2487,20.71416664123535,72.5977783203125,0.838816605540432,1056.196533203125,0.059037402272224426,1056.196533203125,0.838816605540432
2488,20.59000015258789,71.52861022949219,0.8548537818474706,1022.0673828125,0.057925745844841,1022.0673828125,0.8548537818474706
2489,20.754165649414062,71.29166412353516,0.8511971182593072,1050.1817626953125,0.05478917062282562,1050.1817626953125,0.8511971182593072
2490,20.689167022705078,73.7380599975586,0.8286990741709435,1045.6182861328125,0.05857175588607788,1045.6182861328125,0.8286990741709435
2491,20.31444549560547,73.33721923828125,0.8116326375874366,1021.3804931640625,0.06328897178173065,1021.3804931640625,0.8116326375874366
2492,20.67194366455078,72.6977767944336,0.8270708821268189,1033.29345703125,0.0575895756483078,1033.29345703125,0.8270708821268189
2493,20.558334350585938,71.84916687011719,0.8230206357416032,1031.5745849609375,0.05844695866107941,1031.5745849609375,0.8230206357416032
2494,20.655832290649414,71.82638549804688,0.823228991220821,1032.2322998046875,0.058686211705207825,1032.2322998046875,0.823228991220821
2495,20.24944496154785,71.7861099243164,0.8380724212977643,1019.470703125,0.061302125453948975,1019.470703125,0.8380724212977643
2496,20.487777709960938,73.35222625732422,0.8407368867783142,1052.0819091796875,0.06412042677402496,1052.0819091796875,0.8407368867783142
2497,20.562223434448242,71.80610656738281,0.8395137166621145,1029.978515625,0.06084923446178436,1029.978515625,0.8395137166621145
2498,19.12472152709961,73.81111145019531,0.8045068578165662,1179.138671875,0.058406442403793335,1179.138671875,0.8045068578165662
2499,20.623332977294922,72.70916748046875,0.8499298790111534,1041.346923828125,0.06402844190597534,1041.346923828125,0.8499298790111534
2500,20.255556106567383,72.22750091552734,0.8549689296821081,1037.576416015625,0.05920477211475372,1037.576416015625,0.8549689296821081
2501,20.370555877685547,73.649169921875,0.8362791590812,1036.68896484375,0.06003810465335846,1036.68896484375,0.8362791590812
2502,20.979999542236328,72.36000061035156,0.8428519724324501,1035.31201171875,0.06092587113380432,1035.31201171875,0.8428519724324501
2503,20.420000076293945,71.8933334350586,0.82686487513377,1027.4627685546875,0.059487760066986084,1027.4627685546875,0.82686487513377
2504,20.512500762939453,71.73027801513672,0.8558527779976522,1036.467041015625,0.060662463307380676,1036.467041015625,0.8558527779976522
2505,20.349166870117188,70.97944641113281,0.824296016589821,1014.9790649414062,0.060454607009887695,1014.9790649414062,0.824296016589821
2506,20.76444435119629,72.53999328613281,0.8438357965970686,1021.024169921875,0.06027853488922119,1021.024169921875,0.8438357965970686
2507,20.59555435180664,71.9183349609375,0.8575919660257006,1031.8299560546875,0.05939313769340515,1031.8299560546875,0.8575919660257006
2508,20.453054428100586,71.78443908691406,0.8499578627649862,1025.9913330078125,0.06169004738330841,1025.9913330078125,0.8499578627649862
2509,20.239444732666016,73.31806182861328,0.8432437481892436,1037.43115234375,0.06287750601768494,1037.43115234375,0.8432437481892436
2510,20.70250129699707,70.61332702636719,0.8287062229053057,1046.5526123046875,0.05624477565288544,1046.5526123046875,0.8287062229053057
2511,20.739166259765625,71.43389129638672,0.8487008084251731,1048.004638671875,0.057113587856292725,1048.004638671875,0.8487008084251731
2512,20.77777862548828,71.74833679199219,0.8447230775507617,1036.0010986328125,0.061167165637016296,1036.0010986328125,0.8447230775507617
2513,21.072778701782227,72.1338882446289,0.84258925014627,1036.1822509765625,0.057251229882240295,1036.1822509765625,0.84258925014627
2514,20.84749984741211,72.18444061279297,0.8477798822674849,1034.926025390625,0.0585159957408905,1034.926025390625,0.8477798822674849
2515,20.72944450378418,72.37694549560547,0.8255564144212314,1029.7269287109375,0.06361722946166992,1029.7269287109375,0.8255564144212314
2516,20.954166412353516,72.63888549804688,0.8234572029149587,1038.0841064453125,0.057112857699394226,1038.0841064453125,0.8234572029149587
2517,20.953611373901367,72.28305053710938,0.7932200799026319,1047.3134765625,0.06038457155227661,1047.3134765625,0.7932200799026319
2518,20.34666633605957,72.4927749633789,0.8058869945949096,1033.8560791015625,0.062083885073661804,1033.8560791015625,0.8058869945949096
2519,20.93000030517578,71.55027770996094,0.8445794627553869,1034.8251953125,0.06232963502407074,1034.8251953125,0.8445794627553869
2520,20.77861213684082,72.89055633544922,0.8402438003876188,1035.4273681640625,0.05714845657348633,1035.4273681640625,0.8402438003876188
2521,20.672500610351562,75.13611602783203,0.8262011065934891,1035.9420166015625,0.067265585064888,1035.9420166015625,0.8262011065934891
2522,20.611112594604492,71.55888366699219,0.8380325762744798,1034.509033203125,0.060686543583869934,1034.509033203125,0.8380325762744798
2523,20.964445114135742,71.77749633789062,0.8350116685248353,1038.5146484375,0.05855420231819153,1038.5146484375,0.8350116685248353
2524,20.69527816772461,73.31777954101562,0.840606202370067,1035.1859130859375,0.06563501060009003,1035.1859130859375,0.840606202370067
2525,20.259166717529297,74.77416229248047,0.8282870638608917,1046.84716796875,0.058571577072143555,1046.84716796875,0.8282870638608917
2526,20.400833129882812,72.86972045898438,0.8357325525140286,1029.17919921875,0.06110760569572449,1029.17919921875,0.8357325525140286
2527,20.427499771118164,71.8530502319336,0.8331860314182513,1044.92041015625,0.06064943969249725,1044.92041015625,0.8331860314182513
2528,20.220834732055664,72.67333221435547,0.835195444467107,1029.4847412109375,0.06614235043525696,1029.4847412109375,0.835195444467107
2529,20.327777862548828,72.67333221435547,0.8218752953676559,1048.781982421875,0.06425994634628296,1048.781982421875,0.8218752953676559
2530,20.636943817138672,72.97833251953125,0.8010518858005476,1037.2425537109375,0.05781391263008118,1037.2425537109375,0.8010518858005476
2531,20.850000381469727,71.89944458007812,0.8251277766114422,1053.630615234375,0.05671526491641998,1053.630615234375,0.8251277766114422
2532,20.50083351135254,73.1763916015625,0.8387964214560522,1035.2354736328125,0.0591072142124176,1035.2354736328125,0.8387964214560522
2533,20.4325008392334,73.92250061035156,0.837124984773744,1030.52392578125,0.05860418081283569,1030.52392578125,0.837124984773744
2534,20.543611526489258,70.58389282226562,0.827796099967056,1037.1260986328125,0.05918240547180176,1037.1260986328125,0.827796099967056
2535,20.3075008392334,73.20500183105469,0.8087733031392237,1019.9108276367188,0.06161747872829437,1019.9108276367188,0.8087733031392237
2536,20.370555877685547,71.86027526855469,0.8328133923931722,1044.953125,0.05918891727924347,1044.953125,0.8328133923931722
2537,20.544166564941406,72.39999389648438,0.8387874617073118,1051.4205322265625,0.056942522525787354,1051.4205322265625,0.8387874617073118
2538,20.561111450195312,73.10694122314453,0.8305471404767669,1027.781982421875,0.05978754162788391,1027.781982421875,0.8305471404767669
2539,20.27194595336914,71.24000549316406,0.8064355120959619,1023.978271484375,0.059061408042907715,1023.978271484375,0.8064355120959619
2540,20.8619441986084,73.82472229003906,0.8041048472699859,1040.537841796875,0.05757078528404236,1040.537841796875,0.8041048472699859
2541,20.634443283081055,73.17971801757812,0.8372410127058264,1036.443603515625,0.060257092118263245,1036.443603515625,0.8372410127058264
2542,20.567222595214844,71.46221923828125,0.8203033082646946,1043.678466796875,0.05454537272453308,1043.678466796875,0.8203033082646946
2543,20.34194564819336,72.13194274902344,0.8276467201709529,1033.8662109375,0.058123886585235596,1033.8662109375,0.8276467201709529
2544,20.454166412353516,73.02333068847656,0.8344022431601126,1045.4227294921875,0.06076645851135254,1045.4227294921875,0.8344022431601126
2545,20.4102783203125,73.25833129882812,0.8093384474899296,1032.8211669921875,0.06201373040676117,1032.8211669921875,0.8093384474899296
2546,20.837221145629883,70.96417236328125,0.8088924504547785,1038.3218994140625,0.05801941454410553,1038.3218994140625,0.8088924504547785
2547,20.58916664123535,72.38249969482422,0.8280825901688759,1040.4976806640625,0.059034138917922974,1040.4976806640625,0.8280825901688759
2548,20.427223205566406,72.83999633789062,0.8440541222049303,1030.45556640625,0.05777958035469055,1030.45556640625,0.8440541222049303
2549,20.5836124420166,72.95972442626953,0.824745693834238,1046.3026123046875,0.06005376577377319,1046.3026123046875,0.824745693834238
2550,20.32416534423828,74.20277404785156,0.8440892530536195,1029.0924072265625,0.06218111515045166,1029.0924072265625,0.8440892530536195
2551,20.724721908569336,72.70471954345703,0.8264558791657126,1024.5604248046875,0.06061588227748871,1024.5604248046875,0.8264558791657126
2552,20.456666946411133,72.88500213623047,0.810498635330827,1022.7439575195312,0.05898791551589966,1022.7439575195312,0.810498635330827
2553,20.504722595214844,71.93638610839844,0.8075239474981876,1041.2930908203125,0.06510141491889954,1041.2930908203125,0.8075239474981876
2554,20.460834503173828,72.17833709716797,0.8316723073234564,1042.6695556640625,0.05647699534893036,1042.6695556640625,0.8316723073234564
2555,20.219165802001953,74.37916564941406,0.8014169690035089,1032.9814453125,0.06340202689170837,1032.9814453125,0.8014169690035089
2556,20.09722328186035,71.90721893310547,0.8054241188161746,1027.336181640625,0.058363258838653564,1027.336181640625,0.8054241188161746
2557,20.356945037841797,72.61111450195312,0.8314629047935722,1058.350830078125,0.0576903373003006,1058.350830078125,0.8314629047935722
2558,20.31194496154785,73.56388854980469,0.8263014483189173,1024.4111328125,0.05701379477977753,1024.4111328125,0.8263014483189173
2559,20.281389236450195,72.00194549560547,0.8293603605944289,1043.98046875,0.06023643910884857,1043.98046875,0.8293603605944289
2560,20.18805503845215,73.1080551147461,0.846601398611296,1051.585205078125,0.06209675967693329,1051.585205078125,0.846601398611296
2561,20.565000534057617,73.74722290039062,0.809145258217217,1036.4097900390625,0.06034398078918457,1036.4097900390625,0.809145258217217
2562,20.190834045410156,73.82666778564453,0.8239312519243535,1029.363525390625,0.058847248554229736,1029.363525390625,0.8239312519243535
2563,20.258888244628906,72.63111114501953,0.8140355941160398,1025.6607666015625,0.06125690042972565,1025.6607666015625,0.8140355941160398
2564,20.613332748413086,70.25444793701172,0.8194888007547668,1042.7984619140625,0.056750088930130005,1042.7984619140625,0.8194888007547668
2565,20.8075008392334,72.63500213623047,0.8408127099518294,1039.52685546875,0.05889351665973663,1039.52685546875,0.8408127099518294
2566,20.16083335876465,73.97639465332031,0.8431072556872229,1050.9990234375,0.05478207767009735,1050.9990234375,0.8431072556872229
2567,20.552499771118164,72.21888732910156,0.8422731427828429,1038.920654296875,0.05432577431201935,1038.920654296875,0.8422731427828429
2568,20.2277774810791,73.43888854980469,0.8267794663845336,1042.0711669921875,0.057239025831222534,1042.0711669921875,0.8267794663845336
2569,20.23555564880371,72.94667053222656,0.8278438751480186,1052.193115234375,0.06528393924236298,1052.193115234375,0.8278438751480186
2570,20.51972198486328,72.69111633300781,0.8359591962029641,1030.4500732421875,0.060963720083236694,1030.4500732421875,0.8359591962029641
2571,20.670833587646484,73.07194519042969,0.8359444925545523,1034.5137939453125,0.06185297667980194,1034.5137939453125,0.8359444925545523
2572,20.809722900390625,71.8808364868164,0.8229370296388793,1033.976806640625,0.060365840792655945,1033.976806640625,0.8229370296388793
2573,20.611112594604492,73.13861083984375,0.8435751949234319,1039.6783447265625,0.06164531409740448,1039.6783447265625,0.8435751949234319
2574,20.454166412353516,72.55166625976562,0.8297117635720024,1033.1689453125,0.06146208941936493,1033.1689453125,0.8297117635720024
2575,20.87416648864746,72.6211166381836,0.8172715328855447,1046.1202392578125,0.057787537574768066,1046.1202392578125,0.8172715328855447
2576,20.601388931274414,73.09972381591797,0.8104189669097651,1027.89990234375,0.0640387088060379,1027.89990234375,0.8104189669097651
2577,21.13833236694336,72.53860473632812,0.8239775981928356,1048.6405029296875,0.055560290813446045,1048.6405029296875,0.8239775981928356
2578,20.531389236450195,73.64500427246094,0.8280962466318447,1041.202392578125,0.057135894894599915,1041.202392578125,0.8280962466318447
2579,20.78333282470703,72.86166381835938,0.8508964026469742,1043.3076171875,0.05594781041145325,1043.3076171875,0.8508964026469742
2580,20.49916648864746,74.80416870117188,0.8272588453199039,1046.793701171875,0.05670517683029175,1046.793701171875,0.8272588453199039
2581,20.420000076293945,72.3941650390625,0.833744478029628,1023.0233154296875,0.05944053828716278,1023.0233154296875,0.833744478029628
2582,20.483888626098633,75.05278015136719,0.8315511840787301,1039.8438720703125,0.06108495593070984,1039.8438720703125,0.8315511840787301
2583,20.572223663330078,71.88333129882812,0.8163311108417343,1032.9835205078125,0.06240151822566986,1032.9835205078125,0.8163311108417343
2584,20.593055725097656,72.695556640625,0.8470089817463975,1039.7196044921875,0.05872996151447296,1039.7196044921875,0.8470089817463975
2585,20.97888946533203,74.2852783203125,0.8149037430689292,1038.6405029296875,0.05661135911941528,1038.6405029296875,0.8149037430689292
2586,20.405277252197266,74.11917114257812,0.8385780536647974,1033.089599609375,0.0676429271697998,1033.089599609375,0.8385780536647974
2587,20.926666259765625,73.20639038085938,0.8186672186295552,1039.6837158203125,0.05865839123725891,1039.6837158203125,0.8186672186295552
2588,20.853055953979492,73.2125015258789,0.8353976454154418,1036.3831787109375,0.06020590662956238,1036.3831787109375,0.8353976454154418
2589,20.495834350585938,72.72721862792969,0.8347747799250876,1037.5125732421875,0.05395042896270752,1037.5125732421875,0.8347747799250876
2590,20.795833587646484,72.80999755859375,0.8284830580996174,1042.919921875,0.05795697867870331,1042.919921875,0.8284830580996174
2591,20.786943435668945,74.00416564941406,0.8491479629154749,1042.2274169921875,0.05824600160121918,1042.2274169921875,0.8491479629154749
2592,21.037778854370117,71.91139221191406,0.8174981986715125,1046.162841796875,0.06067782640457153,1046.162841796875,0.8174981986715125
2593,20.43027687072754,72.50194549560547,0.8213905216381294,1043.57666015625,0.05745968222618103,1043.57666015625,0.8213905216381294
2594,20.552223205566406,72.59528350830078,0.8166096790311012,1036.549560546875,0.057323336601257324,1036.549560546875,0.8166096790311012
2595,20.448055267333984,72.84667205810547,0.8254236446817447,1033.6279296875,0.05541864037513733,1033.6279296875,0.8254236446817447
2596,20.22249984741211,74.23277282714844,0.8371883654974974,1032.9302978515625,0.06054243445396423,1032.9302978515625,0.8371883654974974
2597,20.40277671813965,73.07166290283203,0.8357256570764573,1035.43310546875,0.05524389445781708,1035.43310546875,0.8357256570764573
2598,20.316665649414062,72.16194152832031,0.7933937769799156,1027.7227783203125,0.05939415097236633,1027.7227783203125,0.7933937769799156
2599,20.54194450378418,73.0758285522461,0.8144571961366955,1056.8985595703125,0.0588579922914505,1056.8985595703125,0.8144571961366955
2600,20.461944580078125,71.10305786132812,0.7963306970810018,1027.251953125,0.06009744107723236,1027.251953125,0.7963306970810018
2601,20.658889770507812,71.17139434814453,0.8163229333577864,1036.6624755859375,0.055781289935112,1036.6624755859375,0.8163229333577864
2602,20.669443130493164,72.40583038330078,0.7982928191444147,1021.3934326171875,0.057303205132484436,1021.3934326171875,0.7982928191444147
2603,20.515554428100586,70.76222229003906,0.8401484753652826,1035.441162109375,0.05671623349189758,1035.441162109375,0.8401484753652826
2604,20.446945190429688,74.16666412353516,0.8187912089220806,1037.5963134765625,0.06158842146396637,1037.5963134765625,0.8187912089220806
2605,20.35944366455078,72.32389068603516,0.8258745454384437,1019.5443115234375,0.06041383743286133,1019.5443115234375,0.8258745454384437
2606,20.61638832092285,71.4544448852539,0.8172834847039004,1034.40234375,0.05696898698806763,1034.40234375,0.8172834847039004
2607,20.40333366394043,70.45694732666016,0.8186956738236879,1016.0908203125,0.058019086718559265,1016.0908203125,0.8186956738236879
2608,20.558610916137695,71.3133316040039,0.8091978761895455,1015.9263916015625,0.06337954103946686,1015.9263916015625,0.8091978761895455
2609,20.744443893432617,72.50833129882812,0.8174760764798891,1026.7149658203125,0.05713804066181183,1026.7149658203125,0.8174760764798891
2610,20.339445114135742,72.163330078125,0.8286858701234681,1032.5921630859375,0.05607689917087555,1032.5921630859375,0.8286858701234681
2611,20.63861083984375,69.80638885498047,0.7965298445920701,1033.63818359375,0.052871525287628174,1033.63818359375,0.7965298445920701
2612,20.483612060546875,69.6338882446289,0.8199155611881874,1023.4678955078125,0.05978403985500336,1023.4678955078125,0.8199155611881874
2613,20.628055572509766,70.84305572509766,0.8237496153920165,1019.8048706054688,0.05900388956069946,1019.8048706054688,0.8237496153920165
2614,19.97944450378418,69.98500061035156,0.818917711954442,1009.2691040039062,0.05687248706817627,1009.2691040039062,0.818917711954442
2615,20.234445571899414,71.83694458007812,0.83352123792302,1027.2027587890625,0.057192206382751465,1027.2027587890625,0.83352123792302
2616,20.496389389038086,71.44888305664062,0.8049427217806756,1028.680419921875,0.06128780543804169,1028.680419921875,0.8049427217806756
2617,20.420276641845703,72.32111358642578,0.8174135808211656,1018.3286743164062,0.060579776763916016,1018.3286743164062,0.8174135808211656
2618,20.433889389038086,70.71194458007812,0.8353093544261614,1029.972900390625,0.056286633014678955,1029.972900390625,0.8353093544261614
2619,20.31805419921875,72.29999542236328,0.8055767655614894,1032.1402587890625,0.06167997419834137,1032.1402587890625,0.8055767655614894
2620,20.06888771057129,71.76471710205078,0.8098943949962691,1023.2942504882812,0.0620061457157135,1023.2942504882812,0.8098943949962691
2621,20.26277732849121,71.62749481201172,0.8350407133093066,1044.8372802734375,0.06009763479232788,1044.8372802734375,0.8350407133093066
2622,19.60638999938965,70.97833251953125,0.8204132817325303,1049.7176513671875,0.06180085241794586,1049.7176513671875,0.8204132817325303
2623,20.66666603088379,71.10111236572266,0.8210314969108855,1021.5521850585938,0.05556271970272064,1021.5521850585938,0.8210314969108855
2624,20.57722282409668,71.6227798461914,0.8004980420389992,1024.9873046875,0.059565722942352295,1024.9873046875,0.8004980420389992
2625,20.46583366394043,72.32721710205078,0.8259256256363341,1036.8778076171875,0.05966241657733917,1036.8778076171875,0.8259256256363341
2626,20.51388931274414,73.5199966430664,0.8219985934680498,1032.053955078125,0.05832241475582123,1032.053955078125,0.8219985934680498
2627,20.212778091430664,72.33000183105469,0.8228725156408838,1034.733154296875,0.05986498296260834,1034.733154296875,0.8228725156408838
2628,20.11888885498047,72.21582794189453,0.8271607512098944,1011.1712036132812,0.06012478470802307,1011.1712036132812,0.8271607512098944
2629,20.190555572509766,71.24500274658203,0.8228017982000277,1019.5134887695312,0.06071385741233826,1019.5134887695312,0.8228017982000277
2630,20.414443969726562,71.44694519042969,0.8360478679930028,1043.5413818359375,0.05524718761444092,1043.5413818359375,0.8360478679930028
2631,20.564167022705078,70.80416870117188,0.8188558253432838,1028.6759033203125,0.0545528382062912,1028.6759033203125,0.8188558253432838
2632,20.585832595825195,71.31722259521484,0.8407221089308746,1034.4156494140625,0.0531000941991806,1034.4156494140625,0.8407221089308746
2633,20.724721908569336,70.76750183105469,0.8340936389826245,1030.2752685546875,0.05991724133491516,1030.2752685546875,0.8340936389826245
2634,20.36833381652832,71.60527801513672,0.8253702052758303,1019.5634155273438,0.05619724094867706,1019.5634155273438,0.8253702052758303
2635,20.446388244628906,70.96305847167969,0.853076044387276,1020.1251220703125,0.05649285018444061,1020.1251220703125,0.853076044387276
2636,20.51277732849121,73.15472412109375,0.8305991472554919,1046.2449951171875,0.06115718185901642,1046.2449951171875,0.8305991472554919
2637,20.25694465637207,71.50166320800781,0.8260100043362487,1034.6070556640625,0.056253865361213684,1034.6070556640625,0.8260100043362487
2638,20.43833351135254,71.92833709716797,0.8213870138283503,1029.15673828125,0.060043394565582275,1029.15673828125,0.8213870138283503
2639,20.396665573120117,70.90777587890625,0.8348879591950706,1034.0849609375,0.05606319010257721,1034.0849609375,0.8348879591950706
2640,20.155277252197266,72.14778137207031,0.8393055240235912,1030.98876953125,0.05734281241893768,1030.98876953125,0.8393055240235912
2641,20.407777786254883,72.27749633789062,0.8413908961088853,1034.8665771484375,0.0592980682849884,1034.8665771484375,0.8413908961088853
2642,20.26472282409668,72.50277709960938,0.8555735276675915,1028.4447021484375,0.058294206857681274,1028.4447021484375,0.8555735276675915
2643,19.925832748413086,73.8902816772461,0.8456074449485399,1035.514404296875,0.06298170983791351,1035.514404296875,0.8456074449485399
2644,20.57638931274414,72.60472106933594,0.8267803203795926,1032.445556640625,0.05853694677352905,1032.445556640625,0.8267803203795926
2645,20.460277557373047,71.77666473388672,0.8602768383480438,1033.308837890625,0.05511561036109924,1033.308837890625,0.8602768383480438
2646,20.693889617919922,73.24666595458984,0.8351565890062045,1024.6190185546875,0.06062564253807068,1024.6190185546875,0.8351565890062045
2647,20.370555877685547,72.32333374023438,0.8407474617829191,1025.503662109375,0.06143762171268463,1025.503662109375,0.8407474617829191
2648,20.469165802001953,73.30750274658203,0.8312546283721802,1030.497802734375,0.06245996057987213,1030.497802734375,0.8312546283721802
2649,20.08777618408203,72.75194549560547,0.8477930690485143,1029.2900390625,0.06060607731342316,1029.2900390625,0.8477930690485143
2650,20.508888244628906,71.49805450439453,0.8343221699178062,1031.74560546875,0.059493109583854675,1031.74560546875,0.8343221699178062
2651,20.82527732849121,72.76277160644531,0.8295536869930693,1033.0379638671875,0.05773448944091797,1033.0379638671875,0.8295536869930693
2652,20.370277404785156,71.99555969238281,0.8446746582616416,1040.0927734375,0.059254929423332214,1040.0927734375,0.8446746582616416
2653,20.429443359375,73.48444366455078,0.8420930402269875,1031.20263671875,0.06148730218410492,1031.20263671875,0.8420930402269875
2654,20.455278396606445,71.77139282226562,0.8425013965344182,1043.916748046875,0.05702662467956543,1043.916748046875,0.8425013965344182
2655,20.4950008392334,73.87361145019531,0.8467208363180008,1040.778076171875,0.06245318055152893,1040.778076171875,0.8467208363180008
2656,20.23833465576172,72.28166198730469,0.830205243989016,1027.421875,0.05583783984184265,1027.421875,0.830205243989016
2657,20.6200008392334,71.58361053466797,0.8486324739988926,1034.012451171875,0.05856664478778839,1034.012451171875,0.8486324739988926
2658,20.790000915527344,72.48944854736328,0.8460899574086655,1036.388671875,0.05763830244541168,1036.388671875,0.8460899574086655
2659,20.70027732849121,74.18639373779297,0.8451594676507315,1037.7052001953125,0.060378894209861755,1037.7052001953125,0.8451594676507315
2660,20.399166107177734,73.2699966430664,0.8494076218745316,1042.966064453125,0.06252868473529816,1042.966064453125,0.8494076218745316
2661,20.417499542236328,73.40194702148438,0.8199841635790992,1037.137939453125,0.06266005337238312,1037.137939453125,0.8199841635790992
2662,20.36722183227539,73.71833038330078,0.8335072021631552,1023.6303100585938,0.05868317186832428,1023.6303100585938,0.8335072021631552
2663,20.181110382080078,72.09666442871094,0.8494671645948226,1036.7109375,0.05933825671672821,1036.7109375,0.8494671645948226
2664,20.63277816772461,71.70805358886719,0.8415640656149619,1046.918212890625,0.05603843927383423,1046.918212890625,0.8415640656149619
2665,20.5836124420166,72.75416564941406,0.8300777440211384,1038.6007080078125,0.06100022792816162,1038.6007080078125,0.8300777440211384
2666,20.4858341217041,73.5986099243164,0.8585661727163397,1045.3409423828125,0.05462008714675903,1045.3409423828125,0.8585661727163397
2667,20.54166603088379,72.5602798461914,0.835398082078522,1043.8624267578125,0.06304316222667694,1043.8624267578125,0.835398082078522
2668,20.50027847290039,73.44027709960938,0.8502926258162505,1037.84716796875,0.05578811466693878,1037.84716796875,0.8502926258162505
2669,20.525833129882812,73.03416442871094,0.6710081024217655,1063.4320068359375,0.058753639459609985,1063.4320068359375,0.6710081024217655
